0.407865994598023,0.3065961716453,0.630999528980579
0.406904786025387,0.306637297772251,0.630982801496669
0.404986478694319,0.306719583161186,0.630955879858511
0.402119468326758,0.306843116443104,0.630931683598598
0.398316745793608,0.307008099192298,0.630929218583377
0.393596258405221,0.307214957334664,0.630973117318641
0.387981217037765,0.307464518242741,0.631093018136442
0.381500242602842,0.307758239303456,0.631322795594222
0.374187279110305,0.308098428126274,0.631699672373372
0.366081267311732,0.308488338366613,0.632263257550368
0.357225650125581,0.308931980026368,0.633054558561037
0.348607578861404,0.309376254074292,0.634000697724307
0.340258806429761,0.309819460818132,0.635082945116571
0.332208318089553,0.310258931351886,0.636280849200746
0.324482990591187,0.310690814957685,0.637572524657593
0.317107909742519,0.311110153506901,0.638934941219827
0.310106299797843,0.311511205220588,0.640344275112574
0.303499105362614,0.311887957732142,0.641776363412789
0.2973043328799,0.312234755357788,0.643207269616246
0.291536309553887,0.312546947282991,0.64461393111208
0.286205051887556,0.312821443632861,0.645974822161589
0.281315944258598,0.313057058765823,0.647270538109373
0.276869892665645,0.313254543641203,0.648484199724931
0.272864027267965,0.31341627094365,0.649601601092127
0.269292889621756,0.313545626446961,0.650611080753383
0.266149893619508,0.313646245869916,0.651503169734621
0.263428754880559,0.313721279810286,0.652270132773755
0.261124586891453,0.313772849856134,0.652905543309739
0.259234465124949,0.313801787499793,0.653404008283829
0.257757416689006,0.313807658854601,0.65376109864913
0.256693936770042,0.313789006871136,0.653973473456097
0.25604521866725,0.3137437089755,0.654039134337834
0.255812305860949,0.313669347023288,0.653957723161874
0.255995345153216,0.313563506295163,0.65373077841848
0.256593066905729,0.31342394650896,0.653361886277252
0.2576025594211,0.313248612533994,0.652856691591826
0.259019357809061,0.313035473728111,0.652222762543076
0.260837836914037,0.312782200888776,0.651469325739251
0.263051865374229,0.312485714897181,0.650606909947562
0.265655622783216,0.312141674677767,0.649646960351856
0.268644411614077,0.311744011320294,0.648601504859541
0.272015239937661,0.311284647717627,0.647482957011317
0.27576694945115,0.310753549094986,0.646304115210711
0.279899744064119,0.310139210430056,0.645078363723046
0.284414136209517,0.309429597481368,0.643820009758005
0.289309521505061,0.308613437930276,0.642544630383772
0.294582731681903,0.307681649765188,0.641269283785085
0.300226926324345,0.306628633136683,0.640012475947136
0.306231056368396,0.305453162634883,0.638793851958851
0.312579930832965,0.304158697429341,0.637633664987091
0.319254739218502,0.302753058639142,0.636552130156642
0.326233790637159,0.301247572191019,0.635568779697163
0.333493233230789,0.299655896060719,0.634701907164001
0.341007576926184,0.297992806032207,0.633968141724959
0.348749918386027,0.296273194466719,0.63338214669055
0.356691839755402,0.294511460733573,0.632956400840174
0.364803025105704,0.292721368564083,0.632701002137107
0.373050718678641,0.290916336015982,0.632623434767218
0.381399232206035,0.28911002003878,0.632728265147555
0.389809765824504,0.287316973473156,0.63301677964244
0.398240789672954,0.285553113312828,0.633486634753443
0.406649101889679,0.283835777329512,0.634131634382419
0.414991448088248,0.28218327426342,0.634941748236296
0.423226350881973,0.280614014734646,0.635903426888605
0.43131568706727,0.279145464992816,0.637000174044578
0.439225635676438,0.277793213248445,0.638213254455147
0.446926857596697,0.2765703663652,0.639522389800267
0.454394019514678,0.275487350298131,0.640906330561819
0.461604930708707,0.274552053067483,0.642343260688125
0.468539586762541,0.273770171824423,0.643811056551884
0.475179349077515,0.273145612813804,0.645287460232425
0.481506393004071,0.272680823715262,0.646750237060847
0.487503473002023,0.272376986693313,0.648177377261586
0.493153995718189,0.272234050415007,0.649547381340026
0.498442357548945,0.272250622515239,0.650839645088864
0.503354480357139,0.27242377854993,0.65203493513406
0.507878457490141,0.272748868273776,0.653115920613869
0.512005198903477,0.273219412097903,0.6540677027324
0.515728944304629,0.273827174672381,0.654878266102389
0.519047510308031,0.274562473308088,0.65553877158545
0.521962166917263,0.275414725875286,0.656043627248255
0.524477108405038,0.27637317492057,0.656390314720171
0.52659858289759,0.277427662602149,0.656579004656209
0.528333842738661,0.278569299815143,0.656612048802027
0.529690132734261,0.279790889775049,0.656493464856144
0.530673920853821,0.281087027597825,0.656228521402594
0.531290500322443,0.282453879568451,0.65582348758342
0.531543987079954,0.283888717958805,0.655285555133104
0.531437641951043,0.285389328526001,0.654622890775453
0.530974388055484,0.286953414784522,0.653844748669471
0.530157375947816,0.288578105895376,0.652961568205207
0.52899046141395,0.290259647799333,0.651984996290263
0.527478490825994,0.291993330122741,0.650927797591291
0.525627328317337,0.293773677194388,0.649803644839536
0.523443606403688,0.29559490669579,0.648626810486522
0.520934239999302,0.297451627644181,0.64741180810006
0.518105813912996,0.299339706469836,0.646173053227462
0.514964027442878,0.301257179738183,0.644924622848542
0.511513432960982,0.303205050582462,0.643680181791375
0.507757703244878,0.305187799313001,0.642453107649585
0.503700574444397,0.307213490660791,0.641256785764906
0.49934743986986,0.309293470240957,0.640104979967258
0.494707365992624,0.311441770240403,0.639012141355574
0.489795149356784,0.313674417684873,0.637993520898456
0.484632992599891,0.316008796621416,0.637065004396729
0.479251442782787,0.318463053260189,0.636242665882104
0.473689340262765,0.321055320968504,0.635542101968831
0.467992614193874,0.323802407589212,0.634977642191067
0.462211850459597,0.326717668354225,0.634561531970127
0.456398745614233,0.329808149642415,0.634303176407971
0.450601916389461,0.333071618343466,0.634208530553286
0.444862952466434,0.336494461740098,0.634279717425231
0.439213776312823,0.340051306733728,0.634514924091456
0.433676046787592,0.343706548435534,0.634908559828872
0.428262605563404,0.347417219350892,0.635451589743255
0.422980245873735,0.351136271138399,0.636131929969466
0.417832772509416,0.354815510863944,0.636934824726372
0.412823480202819,0.35840786554946,0.637843193377832
0.407956596963052,0.36186900422916,0.638837990686238
0.403237675277047,0.365158476777651,0.639898635028374
0.398673218912676,0.36824048541058,0.641003527865385
0.394269957012625,0.371084316138666,0.642130638220812
0.390034137990617,0.373664416236167,0.643258089285804
0.385971074689595,0.375960128625207,0.644364678789041
0.382085007571482,0.377955150678025,0.64543028802918
0.378379226680744,0.37963682989942,0.646436169987905
0.374856331174518,0.38099542059776,0.647365137590749
0.371518499719812,0.382023406438384,0.648201689654831
0.368367672859772,0.382714959307867,0.648932114147909
0.365405588002623,0.383065569712322,0.649544600512373
0.362633646289258,0.38307185592392,0.650029380025202
0.360052624213141,0.38273153924413,0.650378898792264
0.357662272322339,0.382043557801838,0.650588013413811
0.355460869128241,0.381008278662217,0.650654185890024
0.353444819439919,0.379627754914544,0.650577642859082
0.351608395653572,0.377905963584912,0.650361458063856
0.349943710212706,0.375848956847915,0.650011519465496
0.348440968931258,0.373464868705819,0.649536356511894
0.347088989176102,0.370763749292783,0.648946829201974
0.345875888482018,0.36775724322927,0.648255711899172
0.344789785657615,0.364458175778542,0.647477230844373
0.343819335568411,0.360880141715332,0.646626623538875
0.342953952903465,0.357037192972869,0.645719775731799
0.342183657457264,0.352943690854377,0.644772962347345
0.341498563774148,0.348614340281726,0.643802684732556
0.340888111539673,0.344064375689037,0.64282557055343
0.340340174064549,0.339309835557814,0.641858291604852
0.339840192246258,0.334367851072871,0.640917458767207
0.339370473467443,0.329256881729317,0.640019467479915
0.338909784557352,0.323996850488627,0.639180284937831
0.338433366831704,0.318609155562493,0.638415186030006
0.337913512611903,0.313116556478423,0.637738454877466
0.337320854945648,0.30754293956876,0.637163071344935
0.336626500097981,0.30191295645938,0.636700399284981
0.335805014201394,0.296251507258595,0.636359891576254
0.334838005173407,0.290583042615331,0.636148832634069
0.3337176505901,0.284930733137679,0.636072150575833
0.332449209230346,0.279315703033282,0.636132334001178
0.331051611643954,0.273756645509315,0.636329465656789
0.329555778175983,0.268270075841039,0.636661342454936
0.328001111791322,0.262871198036935,0.637123621149576
0.32643119268325,0.257575036816308,0.637709939506463
0.324889773061151,0.252397355581337,0.638412005374731
0.323417809911415,0.247355019394624,0.63921968565924
0.322051768391475,0.242465744426478,0.640121138203635
0.320823028787777,0.237747421099438,0.64110301282576
0.319758032665114,0.233217309774151,0.642150719645603
0.318878781177539,0.228891392522136,0.643248738712468
0.318203375379896,0.224784077972099,0.644380931954978
0.317746399202076,0.220908346955393,0.645530817807534
0.317519055367528,0.217276317116074,0.646681779463026
0.317529062793324,0.21390009990766,0.647817197944774
0.317780410924017,0.210792730119932,0.648920527684263
0.318273137054301,0.207968887987692,0.649975357912383
0.319003328353124,0.205445142813654,0.650965517037925
0.319963522406697,0.203239553514637,0.65187526917749
0.321143572057629,0.201370655304465,0.652689620127255
0.322531874646126,0.199856074340552,0.653394706283817
0.324116712384816,0.19871114386586,0.653978205427424
0.325887390342514,0.197947878522143,0.654429699995077
0.327834924554673,0.197574513920598,0.654740942652764
0.329952187030708,0.197595619978372,0.654906006985925
0.33223357466508,0.198012643811187,0.654921334976406
0.334674372590232,0.198824671263883,0.654785708763204
0.337270011447242,0.200029207146312,0.654500176435537
0.340015391810137,0.201622826687763,0.654067955656926
0.342904400727271,0.203601608247905,0.653494331045468
0.345929697395384,0.205961303085028,0.652786554534583
0.349082805858231,0.208697229238393,0.651953753183782
0.35235451853461,0.21180389992318,0.651006845234311
0.355735573742506,0.215274424499391,0.64995846067043
0.359217516963303,0.219099758783848,0.648822856100514
0.362793588388822,0.223267933703276,0.647615805525368
0.366459418330378,0.22776344392303,0.646354441085245
0.370213293484946,0.232567003336612,0.645057016256672
0.374055820265847,0.23765583382551,0.643742574735832
0.377988968387123,0.243004525529564,0.642430533452709
0.382014683711921,0.248586315328782,0.641140220582571
0.386133419996874,0.254374456805685,0.63989043214566
0.390342967789713,0.26034329669659,0.638699067738853
0.394637841038034,0.266468772532145,0.637582875284649
0.399009285774616,0.272728254307008,0.636557292736795
0.403445796783298,0.279099865798586,0.635636343646716
0.407933928092205,0.28556155178054,0.634832536386817
0.412459166986963,0.292090181245568,0.634156731385708
0.417006680689578,0.298660921790104,0.633617965568703
0.421561808198499,0.305247030748144,0.633223246957058
0.426110238629982,0.31182011631464,0.632977348608321
0.430637887095529,0.318350836822009,0.632882638271956
0.435130550644842,0.324809924926756,0.632938979037072
0.439573495547806,0.331169343605696,0.633143727768728
0.443951174505288,0.33740331672931,0.633491842876929
0.448247265591687,0.343488963436792,0.633976092514626
0.452445133611778,0.349406342397581,0.634587332858897
0.456528643252061,0.355137888262289,0.635314810657842
0.46048306569385,0.36066744350963,0.636146441786444
0.464295723220432,0.365979247781711,0.637069031034575
0.467956088114264,0.371057250952472,0.638068423385294
0.471455270675968,0.375884961250366,0.639129603433714
0.474785075260718,0.380445816749077,0.640236776523148
0.477936940318831,0.384723895434633,0.641373467100307
0.480901057569425,0.388704720632588,0.642522658712329
0.483665836341029,0.392375961912668,0.643666983250579
0.486217734993496,0.395727918404221,0.644788952046437
0.488541391357245,0.398753747447323,0.645871212730139
0.490619964771085,0.401449442970775,0.646896814235641
0.492435630839971,0.403813579870477,0.647849466546701
0.49397021149571,0.405846840607267,0.64871378925215
0.495205949967519,0.407551346484051,0.649475551342371
0.496126435804487,0.408929839125104,0.650121910947437
0.496717644184128,0.409984800343369,0.650641665244108
0.49696898259587,0.4107176521472,0.651025515276705
0.496874158387466,0.411128220960896,0.651266337445466
0.496431632856205,0.411214648981151,0.651359436209512
0.495644457518665,0.410973860892152,0.65130273792718
0.494519422859282,0.41040254688731,0.65109688349515
0.49306565800562,0.409498450177311,0.650745192653926
0.491293013501912,0.408261633757415,0.650253502766085
0.489210635528513,0.406695410949326,0.649629915790712
0.486826056941303,0.404806753298035,0.648884503887668
0.484144939535098,0.402606167708697,0.648029020547523
0.481171401654728,0.400107178197425,0.647076645296213
0.477908734250247,0.39732561119916,0.646041767078432
0.474360268274359,0.394278872491696,0.644939793847659
0.470530182801162,0.390985350654666,0.643786967491019
0.466424101486545,0.387464021452254,0.642600164277033
0.462049388135824,0.383734277861544,0.641396668654881
0.457415110621609,0.379815974975421,0.640193919327095
0.452531696431432,0.375729648740121,0.639009237369136
0.447410359065835,0.3714968343769,0.637859554594602
0.44206243260208,0.36714037165394,0.6367611642533
0.436498801508007,0.362684550302624,0.635729514274245
0.430729629782912,0.358154946360553,0.634779055287123
0.424764552358734,0.353577853161398,0.633923142761598
0.418613377116174,0.348979328469046,0.633173977238648
0.412287184475117,0.344384023108317,0.632542553852462
0.405799562769689,0.339814057691642,0.632038587783223
0.399167650263587,0.335288214401993,0.63167039041335
0.392412702334856,0.330821611210209,0.631444691216319
0.385560042251835,0.326425883446367,0.631366425341682
0.378638424227454,0.32210977761756,0.631438525371727
0.371678974870488,0.317879995921518,0.631661759709739
0.364713948541047,0.313742112233517,0.632034649058492
0.357775532663755,0.309701393223888,0.632553472634742
0.350894892567025,0.305763387564406,0.633212355203459
0.344101578021147,0.301934185421835,0.634003410615265
0.337423342369104,0.298220298386734,0.634916910074351
0.330886354634563,0.294628168283026,0.635941444688077
0.324515713560515,0.291163383643386,0.637064062004394
0.318336102955487,0.287829761519192,0.63827037415464
0.312372375857507,0.284628523895986,0.639544657049435
0.306649849535999,0.281557830849069,0.640869977961739
0.301194160891812,0.278612888539174,0.642228392575786
0.296030670421648,0.275786709630771,0.643601235799435
0.291183565684185,0.273071396594394,0.644969497664313
0.286674925611144,0.270459628660552,0.646314242511694
0.282524008384193,0.267945956838632,0.647617014530199
0.278746923954647,0.265527589574959,0.648860182471253
0.275356709118304,0.263204538923494,0.650027202595947
0.272363708081123,0.260979196907618,0.651102805952329
0.269776109387448,0.25885554289354,0.652073132728998
0.267600494315565,0.256838219671966,0.652925840688779
0.265842286282204,0.254931681713765,0.653650210501887
0.264506031188985,0.253139554202738,0.654237263158501
0.263595472217066,0.251464277621246,0.654679896666173
0.263113408110827,0.24990706434957,0.654973041482139
0.263061346765109,0.248468157292448,0.655113825959698
0.263438991563102,0.247147350425698,0.655101733841289
0.264243631745562,0.245944694471728,0.654938725754037
0.265469549252946,0.244861266845207,0.654629287663374
0.267107590422974,0.243899842417483,0.654180366439889
0.269145063214263,0.243065281564022,0.653601161107876
0.271566081682172,0.242364481142771,0.652902762985095
0.274352376370654,0.241805827542239,0.652097676307201
0.27748443996056,0.241398231279196,0.651199291146586
0.280942741241151,0.241149956737224,0.650221402491747
0.284708689794781,0.241067525171108,0.649177857330363
0.288765102624608,0.24115493185888,0.64808236731981
0.293096082393687,0.241413303248233,0.646948467762283
0.297686388751041,0.241840986435231,0.645789559988904
0.30252050210446,0.242433965778198,0.6446189588776
0.307581618521332,0.243186460957112,0.643449879144874
0.312850791067704,0.244091567119493,0.642295322081287
0.318306378093266,0.245141827616558,0.641167856346959
0.323923897907442,0.246329664033751,0.640079314198409
0.329676331359725,0.247647617745457,0.639040444774952
0.33553485640778,0.249088383523273,0.63806057778264
0.34146993448314,0.250644645382152,0.637147353357495
0.347452596261546,0.252308764902593,0.6363065655248
0.353455707034292,0.254072423241492,0.635542146404179
0.359454957869854,0.255926367960531,0.634856287994677
0.36542936327922,0.257860437878406,0.634249665218491
0.371361168930567,0.259864000358397,0.63372170010386
0.37723526217678,0.261926819179715,0.633270804805871
0.383038360144763,0.264040201887645,0.632894564866085
0.388758329501903,0.266198123651679,0.63258986398096
0.394383913810245,0.268397971903312,0.632352986913606
0.399904941704423,0.270640640481294,0.632179748757608
0.405312867663873,0.272929890102334,0.632065681367275
0.410601364446671,0.275271101665899,0.632006272956339
0.415766687660364,0.277669702589844,0.631997223901198
0.420807641496974,0.280129607121037,0.632034665709475
0.425725126662689,0.282651984739892,0.632115295549874
0.430521387723507,0.28523458343034,0.632236401105488
0.435199162423672,0.287871714831455,0.632395780714757
0.439760957466659,0.290554876176353,0.632591592206502
0.444208634241563,0.293273853437143,0.632822182383948
0.448543391912975,0.296018037384924,0.633085951851934
0.452766101965094,0.29877761479988,0.633381294186707
0.456877811755121,0.30154430443253,0.633706616957265
0.460880145487359,0.3043114176447,0.63406041448136
0.464775339742985,0.307073228685782,0.634441333902902
0.468565775304057,0.309823877195971,0.634848172176268
0.472253066179593,0.312556195254271,0.635279766832088
0.475836950288986,0.315260869810143,0.635734787505227
0.479314306912133,0.317926211012866,0.636211476968907
0.482678574922963,0.320538573275933,0.636707410896839
0.485919704327909,0.323083274667431,0.637219338777737
0.489024616281974,0.325545752126954,0.63774314196317
0.491978033259053,0.327912684050566,0.638273912418904
0.494763493245441,0.330172873198731,0.638806128877873
0.497364368801047,0.332317767096681,0.63933389115783
0.499764749489752,0.334341569068697,0.639851168485928
0.501950092190093,0.336240949603856,0.640352021067165
0.503907585560546,0.338014408794677,0.640830762925237
0.505626210065809,0.339661376596053,0.641282046443222
0.507096507775448,0.341181177155156,0.641700864413455
0.508310112814632,0.342572025976934,0.642082483392236
0.509259136084994,0.34383026048476,0.642422341034742
0.509935539524195,0.344950000486697,0.642715955405836
0.510330658592475,0.345923370425703,0.642958899160104
0.510435015425103,0.346741285765744,0.643146879494694
0.51023849833487,0.347394644223904,0.6432759350777
0.509730880147474,0.347875633202343,0.643342722396382
0.508902547008379,0.348178829601556,0.643344832082008
0.507745254469617,0.348301845434986,0.643281065286851
0.506252739647156,0.348245423483184,0.643151614932985
0.504421083952506,0.348013043050787,0.642958127911342
0.502248805119917,0.347610200969806,0.642703657219164
0.499736726956789,0.34704356922798,0.642392535745216
0.496887713778297,0.346320212444762,0.642030211531189
0.493706364974998,0.34544700317511,0.641623080100324
0.490198753310201,0.344430322913429,0.641178337827051
0.486372268527184,0.343276091534418,0.640703865991193
0.482235601136629,0.341990126006543,0.640208141084749
0.477798871383816,0.340578783093182,0.639700155008172
0.473073874893641,0.339049784181159,0.639189320719734
0.468074381119278,0.337413056140479,0.638685337068789
0.462816391045491,0.33568136827522,0.638197993658096
0.457318250128425,0.333870534944417,0.637736913665162
0.451600535628433,0.331999020949472,0.637311256209307
0.445685698969602,0.330086941262383,0.636929421050004
0.439597526803205,0.328154645327217,0.636598805441296
0.433360553086949,0.326221230658858,0.636325649196987
0.426999572568799,0.324303357553311,0.63611497426639
0.42053936285837,0.322414619815877,0.63597059418734
0.414004640280625,0.320565529499833,0.635895151669519
0.407420192585736,0.318763992938913,0.635890145053679
0.400811078658366,0.317016055930263,0.635955921744993
0.394202769492559,0.315326686299384,0.636091639360843
0.38762111825447,0.313700411780513,0.63629521528075
0.381092079318265,0.312141702346372,0.636563298353073
0.374641141068814,0.310655053792705,0.636891301204787
0.368292495052645,0.30924478511606,0.637273527038091
0.362068035430008,0.307914608547016,0.637703409716899
0.355986360805604,0.306667072363594,0.63817385994467
0.350062014436762,0.305503011552587,0.638677676407356
0.344305213626777,0.304421159086819,0.639207947910849
0.338722249297266,0.303418053294773,0.639758355463988
0.333316573085328,0.302488311727543,0.640323296401541
0.328090374966528,0.301625237861983,0.640897799555251
0.323046279187741,0.30082162058696,0.641477266465323
0.318188740228932,0.300070527137052,0.642057129653774
0.31352482928876,0.299365906968692,0.642632539380666
0.309064307907026,0.298702905165351,0.643198168825565
0.304819089244669,0.298077886290549,0.643748179620087
0.300802313819001,0.297488249816843,0.64427633883844
0.297027296585893,0.296932155351493,0.644776242589051
0.293506563419465,0.296408272904786,0.645241585723942
0.290251128236654,0.295915645172699,0.645666418289166
0.287270097717029,0.295453709503169,0.646045340504884
0.284570640925903,0.295022485159825,0.646373603911226
0.2821583235062,0.294622889557442,0.646647104269187
0.280037770231943,0.294257106401479,0.646862271552255
0.278213575514242,0.293928892687979,0.647015884107765
0.276691326557755,0.293643689563691,0.647104856207849
0.275478548449321,0.293408408864644,0.647126065831276
0.27458534928268,0.293230817428015,0.647076294137195
0.274024566997763,0.293118537757146,0.64695233114318
0.273811316271583,0.2930778050038,0.646751261133282
0.273961987668218,0.293112220331202,0.646470886179757
0.274492908243614,0.293221768854995,0.646110198152533
0.275418965208762,0.29340230432623,0.645669790898815
0.276752482335013,0.293645568160092,0.645152123825025
0.27850253501685,0.293939666521843,0.644561595716904
0.28067474649057,0.29426983159346,0.643904441355619
0.283271480869561,0.294619264890945,0.643188503337768
0.286292270171499,0.294969889927094,0.642422948475671
0.289734285249985,0.295302900295777,0.641617994066083
0.293592670562086,0.29559905193366,0.640784691394765
0.297860594128311,0.295838702129014,0.639934789358338
0.302528910097588,0.296001642734441,0.639080674517263
0.307585395385883,0.296066817264439,0.638235357687597
0.313013614280474,0.296012055614715,0.63741245372485
0.31879158973489,0.295814000125831,0.636626085812204
0.324890598452712,0.29544841158863,0.635890647486665
0.331274501101115,0.294891001850973,0.635220384634609
0.337899984932923,0.294118819679307,0.634628816731773
0.344717876772969,0.293112038387762,0.63412808381929
0.351675328333373,0.291855831931588,0.633728347678319
0.358718354525802,0.290341972726541,0.633437361603367
0.365794108950684,0.288569876215935,0.633260255599151
0.372852463233587,0.286546997846955,0.633199502643119
0.379846791373856,0.284288653257653,0.633254983765611
0.38673415240826,0.281817412226826,0.633424073978864
0.393475197010577,0.279162212163319,0.633701712055873
0.400034100337251,0.276357291284185,0.634080465187889
0.406378716572945,0.273440996592527,0.634550632419976
0.412481029504376,0.270454495650135,0.635100440851317
0.41831787072229,0.267440414472916,0.635716378212013
0.423871793559253,0.264441432217648,0.636383679827425
0.429131918094296,0.261498883969417,0.637086951977647
0.434094503672882,0.258651453579885,0.637810872753104
0.438762985448241,0.255934071340249,0.638540875071433
0.443147269188595,0.253377149208703,0.639263698950357
0.447262237678127,0.251006267611682,0.639967716037657
0.451125656101734,0.248842359132494,0.640642983432896
0.454755883108855,0.246902328004056,0.641281061010097
0.45816988733394,0.245199939747174,0.64187469506578
0.461381977754851,0.243746760181315,0.642417499934659
0.464403423981928,0.242552940401357,0.642903748204594
0.467242883121751,0.241627719452103,0.64332832506743
0.469907369238285,0.240979609499963,0.643686841654949
0.4724034403775,0.240616302868086,0.64397585848257
0.474738313957095,0.240544380091466,0.644193151328281
0.476920704723205,0.240768906580584,0.644337954016575
0.478961268303871,0.241292996095091,0.644411126780981
0.480872607896604,0.242117404500468,0.644415217616534
0.482668860924712,0.243240205571696,0.644354402793748
0.484364936692927,0.24465659281345,0.644234310492156
0.485975534172776,0.246358843939053,0.644061748589717
0.487514130049443,0.248336470553305,0.643844374040275
0.488992172654471,0.250576547770264,0.64359035469551
0.490418713012166,0.253064175416461,0.643308079563868
0.491800616125078,0.255782973687429,0.643005963735425
0.493143320665673,0.258715484499974,0.642692366237642
0.494451905778795,0.261843362384005,0.6423755985955
0.49573207551712,0.265147307746619,0.642063964465124
0.496990667686966,0.268606801209433,0.641765754671775
0.498235445397008,0.272199793091723,0.641489136542666
0.499474164649263,0.275902540307164,0.641241914849556
0.500713125958156,0.279689746573717,0.641031186074433
0.501955537977057,0.283535070381622,0.640862940277954
0.503200030119262,0.287411957849506,0.640741676835356
0.504439577337868,0.291294671284983,0.64067009310415
0.50566098881729,0.295159339364674,0.640648886357619
0.506845003175576,0.298984854562665,0.640676687768062
0.5079669515006,0.302753478697879,0.640750129525146
0.508997905729698,0.306451073698819,0.640864035612147
0.509906218278428,0.310066937698676,0.64101172305936
0.510659362305979,0.31359328664821,0.641185400298896
0.511225976526855,0.317024474694365,0.641376647186123
0.511577982827984,0.320356090550085,0.641576952075668
0.511692572934918,0.323584095536372,0.64177826272681
0.511553772660043,0.326704167569085,0.641973483376912
0.511153241314864,0.329711368184329,0.642156831446722
0.510490019099357,0.332600155762791,0.64232397093942
0.509569142024888,0.335364655734783,0.642471879425881
0.508399367596547,0.337999018838521,0.642598478401343
0.506990561604002,0.340497693602372,0.642702135115477
0.505351418469579,0.342855508621681,0.642781187085498
0.503488044820438,0.345067559522307,0.642833623335172
0.501403606066443,0.347128971350851,0.64285698964636
0.499098893878084,0.349034634237674,0.642848506143218
0.496573461772843,0.35077899841688,0.642805329871693
0.493826931991137,0.352355989033267,0.642724876146782
0.490860147922454,0.353759080206202,0.642605122887481
0.487675958151156,0.354981555965449,0.642444846524356
0.484279519931372,0.356016976291788,0.642243763678027
0.480678086886396,0.356859848651053,0.642002573656888
0.476880308760886,0.357506468832891,0.641722912094368
0.472895139755312,0.357955834934774,0.641407237236787
0.468730538275806,0.358210462338654,0.641058678818588
0.464392234155073,0.35827686128656,0.640680884601773
0.459882899611674,0.358165427729013,0.6402778991967
0.455202028844858,0.357889591048291,0.639854100905061
0.450346669213847,0.357464271886594,0.63941420455438
0.445312883626147,0.356903965966465,0.63896331601805
0.44009757014373,0.356220954158808,0.63850700573244
0.434700151848705,0.355424126412838,0.63805136235975
0.429123733654652,0.354518691628502,0.637602995944159
0.423375542351011,0.353506745100559,0.637168977555223
0.417466700864512,0.352388431058804,0.636756721016298
0.411411544187574,0.351163351158455,0.636373824987748
0.40522673824005,0.349831915093651,0.63602789765606
0.398930440248805,0.34839643818768,0.635726382257302
0.392541680031458,0.346861896717204,0.635476392289447
0.38608007430399,0.345236318825752,0.635284553683176
0.379565921473259,0.343530812440806,0.635156840585663
0.373020659550215,0.341759227419971,0.635098384991095
0.366467597223724,0.339937442312694,0.635113241563529
0.359932745474238,0.338082282401722,0.635204100647107
0.353445497037787,0.336210132502211,0.635371965643075
0.347038856721775,0.334335403631017,0.635615841949707
0.340748963746708,0.332469116494519,0.635932512756116
0.334613801615327,0.330617919415712,0.636316485609081
0.328671242487642,0.328783805884381,0.636760168466409
0.322956828848833,0.326964623548842,0.637254275269861
0.317501825249871,0.325155231627437,0.637788390837736
0.312331996764458,0.323348975679929,0.638351577023681
0.307467324371708,0.321539093511652,0.638932900075557
0.302922578866272,0.319719751083875,0.639521799952873
0.29870847216209,0.317886568797325,0.640108281429005
0.294833040375137,0.316036656152068,0.640682957138322
0.29130296169709,0.314168276709428,0.641236999774893
0.288124611970229,0.312280307157591,0.641762064841557
0.285304759226189,0.310371650846626,0.642250235036327
0.282850866911187,0.308440740365158,0.642694021818436
0.28077100964641,0.306485232845073,0.643086444823007
0.279073416292886,0.304501973419392,0.643421197139436
0.277765660253633,0.302487275439224,0.643692892421768
0.276853535651108,0.300437532582505,0.643897375202375
0.276339706314172,0.298350126758426,0.644032056263712
0.27622229892078,0.296224519254359,0.644096211493906
0.276493720415383,0.294063317412449,0.644091161917961
0.277140067434952,0.291873027898437,0.644020248317543
0.278141485011581,0.289664199622899,0.643888542207729
0.279473647780168,0.287450782898306,0.643702302861454
0.281110183206112,0.285248785042932,0.643468279607278
0.283025475248835,0.283074582585218,0.643193025421146
0.285197102639974,0.280943395016503,0.642882387637694
0.287607308217617,0.278868341501891,0.642541269220227
0.290243279446158,0.276860248611412,0.642173651597217
0.293096418381919,0.27492810802825,0.641782792977309
0.296161009763686,0.273079919854797,0.641371492108967
0.299432722470097,0.271323622585986,0.640942328528641
0.302907275280545,0.269667858626881,0.640497831448636
0.306579456849333,0.268122398120474,0.640040569046479
0.310442572583828,0.266698111980427,0.639573177474077
0.314488316898837,0.265406443729345,0.63909836231721
0.318707030256116,0.264258393106582,0.638618906025927
0.323088276504024,0.263263110090791,0.638137705332002
0.327621647762293,0.262426313385783,0.637657845321375
0.332297660229722,0.261748873967358,0.637182695647801
0.33710855123499,0.261225987986892,0.636715996013004
0.342048754554169,0.260847325334391,0.636261890992844
0.3471148611491,0.260598323571835,0.635824884558559
0.352304993948597,0.260462434353253,0.635409710193817
0.35761771275205,0.260423770895994,0.635021141724416
0.363050734475354,0.260469443545528,0.6346637882456
0.368599812957553,0.260591000293241,0.63434191641317
0.374258042391386,0.260784729452111,0.63405932870491
0.380015682286479,0.261050945517954,0.633819306931479
0.38586043758568,0.261392612455701,0.633624614220871
0.391778026626434,0.261813718817635,0.633477538617681
0.397752843836881,0.262317754853313,0.633379956450205
0.403768551345218,0.262906529201499,0.633333391990747
0.409808484844437,0.263579458546412,0.633339050529782
0.415855814220029,0.264333390914563,0.633397804590886
0.421893451555053,0.265162977787076,0.633510118307585
0.427903749671945,0.266061572125657,0.633675904340176
0.433868086243067,0.267022575090956,0.633894322597007
0.43976647854037,0.268041067260581,0.634163550684723
0.445577407406417,0.269115444161169,0.634480579402372
0.451278020131871,0.270248666677068,0.634841104464346
0.456844805160037,0.27144870366008,0.635239584978482
0.462254685571636,0.272727863204235,0.635669508068259
0.467486308095745,0.274101004224222,0.636123837732645
0.472521193845608,0.275583003931063,0.63659555598137
0.477344438242806,0.277186145196115,0.637078161593156
0.481944800979815,0.278918114755907,0.637566003539619
0.486314232182377,0.280781052947521,0.63805438769975
0.490447037303355,0.282771716043857,0.638539473522929
0.494338938104246,0.284882495112944,0.639018034925581
0.497986253487364,0.287102887232381,0.63948717979975
0.501385348218173,0.289421025976467,0.639944110485928
0.504532420456958,0.29182497557295,0.64038597926439
0.507423637796522,0.294303606230072,0.640809861977412
0.510055583976839,0.296846959466198,0.641212845693583
0.51242593317662,0.299446078570586,0.641592203165935
0.514534216266562,0.302092337964416,0.641945606054301
0.516382485801119,0.304776377949451,0.642271311173623
0.517975643118483,0.307486847923721,0.64256824498737
0.519321198235011,0.31020926381044,0.642835921290847
0.520428329270205,0.312925342467359,0.643074164426774
0.521306301425268,0.31561311987166,0.643282673337927
0.521962541215828,0.318247958535583,0.643460529116228
0.522400827795004,0.320804258886376,0.643605786097974
0.522620055490136,0.323257447753573,0.643715268521726
0.522613830241869,0.325585755268523,0.64378462745379
0.522370890449748,0.327771430238649,0.643808632213984
0.521876127586148,0.329801284423645,0.643781615771313
0.521111902280142,0.331666667331898,0.643697980812178
0.520059394635729,0.333363080604427,0.643552692718119
0.518699831294417,0.334889646606294,0.643341717261075
0.517015535150076,0.336248591781998,0.643062387879357
0.514990812683149,0.337444834622977,0.642713702515582
0.512612720513538,0.338485706094647,0.642296553066872
0.509871742641786,0.339380784753684,0.641813884899229
0.506762376307207,0.340141798822968,0.641270774766677
0.503283581833022,0.340782529712381,0.640674408075157
0.499439016938429,0.3413186446972,0.640033935834571
0.495236965907291,0.34176739216127,0.639360201452346
0.490689903548523,0.342147114084374,0.638665348233023
0.485813704931557,0.342476567252123,0.637962345064119
0.480626607068091,0.342774091318787,0.637264490347223
0.47514811263838,0.343056706851355,0.636584961690487
0.46939805887555,0.343339256023491,0.635936465107145
0.463396036941233,0.343633703530446,0.635331006282515
0.457161249229721,0.343948693538282,0.634779770005095
0.450712772820491,0.344289416473009,0.634293066494876
0.444070101722614,0.34465778844276,0.633880294046132
0.43725379744235,0.345052898050817,0.633549876090528
0.430286089230385,0.345471639384916,0.633309150314848
0.423191313428798,0.345909430159482,0.633164208520774
0.415996138716851,0.346360909293688,0.633119701551622
0.408729568818661,0.346820514740603,0.633178631388348
0.401422736015932,0.347282856445041,0.63334215393048
0.394108499228393,0.347742819899289,0.633609414468935
0.386820849813112,0.348195365489753,0.633977436635452
0.379594120930051,0.348635032238359,0.634441086016295
0.372462006684795,0.349055214913804,0.634993130459127
0.36545643442802,0.349447356844785,0.635624416892836
0.358606396110173,0.349800270314501,0.63632417483925
0.351936914972381,0.350099830560115,0.637080436927668
0.345468368291053,0.350329250273275,0.63788053845295
0.339216365882626,0.350470008055097,0.638711629827341
0.333192276437996,0.35050330097317,0.639561121163152
0.327404322051185,0.35041169690018,0.640416988925996
0.321858993686529,0.350180574601719,0.641267911650955
0.31656245525423,0.34979901006705,0.64210325160729
0.311521638722952,0.349259960519234,0.642912940693624
0.306744859305485,0.348559815731457,0.643687345941036
0.302241930791342,0.347697538606574,0.64441718080536
0.298023875206736,0.346673668106839,0.64509350298593
0.294102372521501,0.345489426684873,0.645707811063711
0.290489093794843,0.344146102720071,0.646252229772881
0.287195028858928,0.34264480156617,0.646719760127275
0.284229882820429,0.340986589756699,0.647104563124983
0.28160158728496,0.339172997480009,0.647402241616727
0.279315958489949,0.337206784939275,0.647610081109398
0.277376530620935,0.335092816209647,0.647727207864957
0.275784589430992,0.332838827878233,0.647754625381433
0.274539416958927,0.330455853162925,0.647695103856814
0.273638724561983,0.327958097119441,0.647552924831297
0.273079201080351,0.325362174043191,0.64733352102351
0.272857053342603,0.32268579526149,0.647043086071393
0.272968394799364,0.319946169937094,0.64668824248182
0.273409364315573,0.317158473348433,0.646275837780574
0.274175925876358,0.314334702591411,0.645812894506066
0.275263382058185,0.311483101669025,0.645306689410842
0.276665695002822,0.308608167407998,0.644764902404139
0.278374730166092,0.305711114908592,0.644195766367711
0.280379524903624,0.302790620451549,0.643608161222888
0.282665654461892,0.299843665999154,0.643011618361434
0.285214740775979,0.296866356670683,0.642416224223138
0.288004135964103,0.293854642989343,0.6418324284583
0.291006813569613,0.290804933315265,0.641270771862945
0.294191510268917,0.287714618261879,0.640741554111549
0.297523167537242,0.284582544802334,0.640254464175748
0.300963714188033,0.281409474762309,0.639818199241977
0.304473198245175,0.278198545403256,0.639440101019582
0.308011221088782,0.274955726059228,0.639125839673791
0.311538562217145,0.271690242277305,0.638879172404674
0.315018832177697,0.268414923270633,0.63870179450083
0.318419976271428,0.265146421434185,0.638593287183363
0.3217154796972,0.26190525239155,0.638551153609546
0.324885183639453,0.258715609344268,0.638570927357967
0.327915686827792,0.255604918686632,0.638646338816681
0.330800356881241,0.252603129305834,0.638769531510817
0.333539003043561,0.249741766118393,0.638931326793499
0.336137273375631,0.247052821336664,0.639121536490985
0.338605846092404,0.244567590583953,0.639329317873229
0.34095949280351,0.242315572923773,0.639543556433459
0.343216099561819,0.240323540029977,0.639753253843947
0.345395734336222,0.238614845635259,0.639947894643986
0.347519841680703,0.237209002848699,0.640117767110577
0.349610624813099,0.236121514650902,0.640254220772002
0.351690643102211,0.235363909368565,0.640349853348877
0.353782612743621,0.234943911986936,0.640398631260757
0.355909356334007,0.234865675151231,0.640395957767285
0.358093811788016,0.235130000528544,0.640338708949814
0.360358992945972,0.235734500390762,0.640225258169126
0.362727802515351,0.236673677313603,0.640055503587366
0.365222636072931,0.237938930850717,0.639830901891647
0.36786477635586,0.239518525693458,0.63955449789468
0.370673641750346,0.241397568853268,0.639230928950578
0.373665998635157,0.24355804030291,0.638866379414943
0.376855257119767,0.245978904896796,0.638468465357045
0.380250942134526,0.248636311282442,0.638046041352303
0.383858380446462,0.25150386477779,0.637608934926001
0.387678590103103,0.254552951963277,0.637167625294969
0.391708319841623,0.257753096234607,0.636732888611279
0.395940170409787,0.261072332999264,0.636315431740046
0.40036273597452,0.26447760558908,0.635925532583141
0.404960725210557,0.267935193907582,0.635572699567375
0.409715049609003,0.271411193301302,0.635265358471832
0.414602894057799,0.274872059243102,0.635010572462088
0.419597806085844,0.278285223354958,0.634813801281577
0.424669851560438,0.281619769571069,0.634678707240501
0.429785883605348,0.284847139051424,0.634607017642252
0.434909957830851,0.287941813909893,0.634598454068061
0.440003902846465,0.29088191841876,0.634650737363442
0.445028025642515,0.293649676695642,0.634759672803527
0.449941903819841,0.296231679607054,0.634919313345269
0.454705198035099,0.298618938558228,0.635122191545753
0.459278413441621,0.300806734297861,0.635359604474887
0.463623549473337,0.302794297367822,0.635621932373954
0.467704600113068,0.304584376545115,0.635898971718843
0.471487895751965,0.306182758425269,0.63618026648894
0.474942306019572,0.307597794649723,0.636455426708952
0.47803934460868,0.308839975894392,0.636714429128131
0.480753228464526,0.309921568385892,0.636947899669367
0.483060943730448,0.310856304926847,0.637147379897915
0.484942360473662,0.31165910343975,0.637305579711604
0.486380420464675,0.312345776209543,0.637416615977682
0.487361400806941,0.312932695069912,0.637476232701997
0.487875235424014,0.31343639216747,0.637481993691459
0.487915859989214,0.313873099852108,0.637433434736066
0.487481535628252,0.314258260321267,0.637332159918344
0.486575101897702,0.314606057096409,0.637181866085963
0.485204107443947,0.314929027904338,0.636988280837925
0.483380766262922,0.315237808125652,0.636759002998065
0.481121691855386,0.315541028534106,0.636503241536841
0.478447379428673,0.315845359641697,0.636231460399956
0.47538144475009,0.316155668513071,0.635954952035817
0.471949684377102,0.31647524031414,0.635685377695347
0.468179077383269,0.31680601799462,0.635434321345933
0.464096877438119,0.317148826120629,0.635212900894844
0.459729928746646,0.317503563477877,0.635031464958603
0.45510428377121,0.317869368600936,0.63489938123456
0.450245127589882,0.318244778962221,0.634824902022429
0.445176950296454,0.318627914955105,0.634815080143315
0.439923871793549,0.319016720977149,0.634875706442623
0.434510014192607,0.31940928531508,0.635011246349157
0.428959827062902,0.319804237278412,0.635224764099282
0.423298289887016,0.320201186706798,0.635517836063134
0.41755093896862,0.320601135087151,0.635890466748177
0.4117436933735,0.321006761595694,0.636341030279477
0.405902489277221,0.321422486002649,0.63686626383663
0.400052773486162,0.321854243248512,0.637461335096593
0.394218946075397,0.322308968578973,0.638119992489452
0.388423863814884,0.322793868342992,0.638834788001612
0.382688507208437,0.323315611452029,0.639597343899259
0.377031873280301,0.323879596696177,0.640398624508365
0.37147109755153,0.324489425805016,0.641229176185728
0.366021754074062,0.325146654738341,0.64207931144624
0.360698250446718,0.325850829372251,0.642939231029303
0.355514231955433,0.326599757163497,0.643799093640186
0.350482929640792,0.327389934373068,0.644649052515241
0.345617418462061,0.328217039574749,0.645479279858856
0.340930781914803,0.329076412687968,0.646279996129571
0.336436199824878,0.329963456597653,0.647041514497727
0.332146984516725,0.330873918798589,0.647754304163899
0.328076587746427,0.331804029071303,0.648409071845275
0.324238590837869,0.332750484616235,0.648996858967511
0.320646676727299,0.333710286979828,0.649509152914432
0.317314569962651,0.334680447591101,0.649938012642896
0.314255921550551,0.33565759177379,0.650276211105518
0.311484115097055,0.336637506622208,0.650517396967131
0.309011978700597,0.337614692922213,0.650656275856665
0.306851405906812,0.338581993123929,0.650688805742703
0.305012915321609,0.339530370261116,0.650612393116115
0.303505206119959,0.340448901434669,0.650426068680418
0.302334786475988,0.341325020709763,0.650130616377697
0.301505754166072,0.342145001487347,0.649728630930249
0.301019787314455,0.342894615788009,0.649224488135455
0.300876360366111,0.343559861960493,0.648624227510743
0.30107314774058,0.344127629647784,0.647935363930718
0.30160653230752,0.34458618272426,0.64716665791922
0.302472112938945,0.344925386535434,0.646327878944224
0.303665110506109,0.345136670903674,0.64542959167208
0.305180598321654,0.345212783758485,0.644482984656391
0.307013518555378,0.345147433144675,0.643499748631115
0.309158479035566,0.344934928552368,0.642492000726044
0.311609351091587,0.344569916591592,0.641472242303974
0.314358711827508,0.34404726753524,0.640453330872696
0.317397200336503,0.343362116091038,0.63944843968918
0.320712890054019,0.34251000063649,0.638470973351156
0.324290812317387,0.341486992103793,0.637534407749552
0.328112779901659,0.340289675700715,0.636652033882986
0.332157627305696,0.338914869865496,0.635836610745287
0.336401890077455,0.337359055266114,0.635099968982886
0.34082080447865,0.335617634813217,0.634452640333411
0.345389379058178,0.333684307259555,0.633903598607091
0.350083246115716,0.331550935811256,0.633460173390393
0.354879084356615,0.329208255671368,0.633128142476155
0.359754583122032,0.326647557127156,0.632911945083855
0.364688101676671,0.323863137831568,0.632814912594841
0.369658266536205,0.320854956303233,0.632839406735222
0.374643703490382,0.317630720380405,0.632986791429963
0.379622961678189,0.314206762876177,0.633257229620866
0.384574555094983,0.310607476330977,0.633649360787405
0.389477004513294,0.306863575985037,0.634159949821551
0.394308813736576,0.303009761733042,0.634783593873871
0.399048397404696,0.299082346434314,0.635512544712988
0.403674032289549,0.295117209928539,0.636336672244213
0.408163911297296,0.291148203333704,0.637243573596788
0.412496354117774,0.287205981923251,0.638218821934293
0.416650191340133,0.283317203857033,0.639246343164893
0.42060530123983,0.279504055322911,0.640308900727765
0.424343243948904,0.275784099958332,0.641388656513921
0.427847909099629,0.272170467274977,0.642467762140628
0.431106076020121,0.268672378057591,0.643528924558775
0.434107787413137,0.265295959889316,0.644555889003462
0.436846462343336,0.262045251453731,0.645533793801281
0.439318719595357,0.258923252737879,0.646449374431038
0.441523936772414,0.255932867633579,0.647291022668224
0.443463618240441,0.253077611225048,0.648048732345947
0.445140673267487,0.250362007479949,0.648713979234337
0.44655870779438,0.247791667075286,0.649279585069969
0.447721413226808,0.245373091766065,0.649739606378692
0.448632101427834,0.243113288180521,0.650089271754541
0.449293401161363,0.241019289546487,0.650324973046236
0.449707102706556,0.239097681030611,0.650444300144593
0.44987412263433,0.23735421156145,0.650446099509064
0.449794558176063,0.235793559316196,0.650330533000855
0.449467807501163,0.234419303069463,0.650099115210872
0.448892745942807,0.233234136407192,0.649754713451768
0.448067961818568,0.232240341589232,0.649301503133189
0.446992065238139,0.23144050790608,0.6487448815585
0.445664083935066,0.230838429059333,0.64809135434174
0.444083946744966,0.230440046717543,0.647348418496296
0.44225302701419,0.230254236544486,0.646524472149817
0.440174679817787,0.230293190408722,0.645628778736137
0.437854672660028,0.23057217721815,0.644671499882695
0.435301401771662,0.2311085946503,0.643663786598835
0.432525823231645,0.231920437601005,0.642617889829091
0.429541107432098,0.233024523859824,0.641547232285057
0.426362114183556,0.234434919630651,0.640466385904185
0.423004836897602,0.236161926420907,0.639390925612493
0.419485948304417,0.238211756015034,0.638337169241098
0.415822509189684,0.240586746726806,0.637321847410216
0.412031822686433,0.243285795182879,0.63636176054313
0.408131382589432,0.246304676904344,0.635473467209524
0.404138897440623,0.249636098289638,0.634673015068524
0.400072439770334,0.253269551646883,0.633975690195136
0.395950794356436,0.257191171606736,0.633395743175871
0.391794001425171,0.261383732050731,0.632946060322674
0.387623937733168,0.265826765227451,0.632637776232636
0.383464655109321,0.270496701561933,0.632479852958362
0.379342199009358,0.275366993741906,0.632478672939105
0.375283779445727,0.280408318958457,0.632637706775592
0.371316404139461,0.285589016870716,0.632957318418168
0.367465302811023,0.29087585959444,0.633434750895008
0.36375256665747,0.296235106554042,0.634064295199648
0.360196350406026,0.301633662973175,0.634837598807411
0.356810778854391,0.307040107899591,0.635744040447612
0.353606471673251,0.312425401079518,0.636771096589138
0.350591448836282,0.317763183563702,0.637904648361611
0.347772143668291,0.32302970264722,0.639129210769352
0.345154307735927,0.328203476410318,0.640428095053776
0.342743688902991,0.333264849094636,0.641783532738404
0.340546453317472,0.338195579927445,0.643176796010161
0.338569379055296,0.342978570702967,0.644588347046641
0.336819870345828,0.34759778875263,0.645998042605175
0.335305836651572,0.352038393924632,0.647385412063067
0.334035464235856,0.356287036638534,0.648730017758795
0.33301689198956,0.360332260725056,0.650011895220315
0.332257796967038,0.364164920996034,0.651212057020939
0.331764902634803,0.367778514148115,0.652313028039206
0.331543443104752,0.371169327149829,0.653299364489439
0.331596643399374,0.374336332974859,0.654158098720485
0.331925297986252,0.377280808230239,0.654879051721495
0.332527535685756,0.380005705038594,0.655454969308441
0.333398839024422,0.38251486433507,0.655881465387388
0.334532340484714,0.384812196968958,0.656156791369052
0.335919358250638,0.386900970248188,0.656281484776121
0.337550076723193,0.388783314480268,0.656257971840221
0.339414244702032,0.390460014886159,0.656090200644111
0.341501765516686,0.391930592918012,0.655783363509409
0.343803088030941,0.393193621686383,0.655343734908496
0.346309359818302,0.394247180425627,0.654778616548939
0.349012355325771,0.395089335349785,0.654096353947319
0.351904229775541,0.395718538134901,0.653306374601015
0.354977167976517,0.396133853089765,0.652419198169583
0.35822300044261,0.396334953247028,0.651446380226509
0.361632852985257,0.396321862968902,0.650400369757494
0.365196886017514,0.396094471308935,0.649294283037321
0.368904168860543,0.395651896579753,0.648141619526496
0.372742719507529,0.394991844448705,0.646955965977871
0.376699719318012,0.394110151960691,0.64575074726198
0.38076188054099,0.393000723300433,0.644539080830597
0.38491590617166,0.39165601183358,0.643333770834364
0.389148947603734,0.390068079367344,0.642147438767574
0.393448953303239,0.388230097664108,0.640992740823821
0.397804824910351,0.386138014706325,0.63988258650022
0.402206353816842,0.383792057684586,0.638830265759885
0.406643980662927,0.381197813100673,0.637849418127453
0.411108473048878,0.378366777881939,0.63695382486338
0.415590631624979,0.375316442153929,0.636157053798021
0.42008110778699,0.372070077478665,0.635472017126944
0.424570358681169,0.368656429645012,0.634910507732629
0.429048693905882,0.365109451355093,0.634482762751836
0.433506299150537,0.361468074694764,0.634197074074864
0.437933072282047,0.357775844859147,0.634059436454345
0.442318104217456,0.354080066383944,0.634073207369382
0.446648719342397,0.350430043012549,0.634238759937413
0.450909184466084,0.346874145819242,0.634553146169018
0.455079457492327,0.343455891042403,0.6350098419936
0.459134524587936,0.340209822232465,0.635598685016413
0.463044781613382,0.337158402295322,0.636306101025389
0.466777520757522,0.334310951308772,0.637115635677895
0.470299110671672,0.331664910202425,0.638008705313623
0.473577216981015,0.329208825841047,0.638965419403752
0.476582514501639,0.326925973184262,0.639965336805444
0.479289649262924,0.324797623944547,0.640988076150288
0.481677497893107,0.322805410677936,0.642013763899808
0.483728925755288,0.320932689548907,0.643023344242674
0.485430269904846,0.319165085104537,0.643998789971507
0.486770728214717,0.31749049111408,0.644923252148673
0.487741774464285,0.315898773533367,0.645781178587207
0.488336667427575,0.314381349642837,0.646558422608084
0.488550086718017,0.312930747280986,0.647242356172609
0.488377906967146,0.311540197830057,0.64782199548143
0.487817109715093,0.310203287699449,0.648288141924753
0.486865824608122,0.308913680226109,0.648633536320524
0.485523484555417,0.307664916555322,0.648853019281005
0.48379107121871,0.306450304345046,0.648943685248348
0.481671417031303,0.305262902539861,0.64890501269647
0.479169518725054,0.304095605922403,0.648738949116209
0.47629280823005,0.302941323188596,0.648449928238109
0.473051323716532,0.301793227491101,0.648044799929219
0.469457731298617,0.300645041632058,0.647532661449504
0.465527169284589,0.299491306389726,0.64692459191994
0.461276920357062,0.298327575711509,0.646233307572762
0.456725955857882,0.297150491059787,0.645472769511923
0.451894428772534,0.295957709375655,0.644657783486908
0.446803206113555,0.294747689966277,0.643803629269137
0.441473520865981,0.293519376238409,0.642925745774831
0.43592679116439,0.292271829390024,0.64203948095276
0.430184610595089,0.291003877197895,0.6411598985498
0.424268872008537,0.289713831422975,0.640301622444697
0.418201959711988,0.288399305938884,0.639478696186265
0.412006936820793,0.287057140389553,0.638704440170518
0.405707665931943,0.285683407105506,0.637991298787804
0.399328827670601,0.284273458193023,0.637350680932783
0.392895836115051,0.282821961808684,0.636792805828536
0.386434682927052,0.281322889184998,0.636326569366734
0.379971761879858,0.279769452880914,0.635959443155378
0.373533721120465,0.278154060216899,0.635697410460813
0.367147356643086,0.2764684163276,0.635544933918978
0.360839505644003,0.274703951491588,0.63550494423619
0.354636849876221,0.272852710366116,0.635578840739594
0.348565535258187,0.27090869909413,0.635766502724576
0.342650580281068,0.268869470566639,0.63606631880658
0.336915164690173,0.266737540526627,0.636475242013073
0.331379994057985,0.264521194043428,0.636988868748546
0.326062947853108,0.262234418204574,0.637601526946172
0.320979116411628,0.25989600279833,0.638306353859508
0.316141176371237,0.257528118241648,0.639095352040332
0.311559940286484,0.255154778387329,0.6399594272624
0.307244899192744,0.252800517023199,0.640888423742376
0.303204640330915,0.250489439475671,0.641871173782376
0.299447110296378,0.248244654557894,0.642895572536466
0.295979758930345,0.246087998842739,0.643948679902385
0.292809624463753,0.24403993616659,0.645016845601398
0.289943412831051,0.242119527579645,0.646085852235404
0.287387599519765,0.240344397663637,0.647141073576795
0.285148554449715,0.238730658036196,0.648167649308474
0.28323266783902,0.237292781724456,0.649150680456055
0.281646441676609,0.236043449830495,0.650075450214677
0.280396508956924,0.234993411879666,0.650927672099062
0.279489551375525,0.234151410105118,0.651693761801237
0.278932104100774,0.233524212723575,0.652361122353876
0.278730260369383,0.233116782207473,0.65291842605077
0.278889312715089,0.232932575729151,0.653355873225288
0.279413384590618,0.232973944844042,0.653665408727852
0.280305109655025,0.233242579394486,0.653840882074258
0.281565403948192,0.233739932882614,0.653878145689372
0.283193352214388,0.234467573674665,0.653775095258456
0.28518620161339,0.235427423068972,0.653531664458492
0.287539432641847,0.236621859669389,0.653149791321054
0.290246863912229,0.238053683071269,0.65263337440345
0.293300746373487,0.239725936400538,0.651988233832059
0.296691811909105,0.241641588961458,0.651222085747768
0.300409257406517,0.24380308225017,0.650344529621437
0.304440665366308,0.246211751394425,0.649367036989466
0.308771882773773,0.248867154338689,0.648302918756214
0.313386898317456,0.251766373489516,0.647167238628651
0.318267770120725,0.254903392810988,0.645976636222295
0.3233946569888,0.258268682923651,0.644749029365184
0.328745990866037,0.261849126657077,0.643503184388963
0.334298795482056,0.265628369332175,0.642258174422007
0.340029112350139,0.2695875801761,0.641032780463153
0.345912456003715,0.273706490477365,0.639844913865858
0.351924205146589,0.277964480379508,0.638711138299878
0.358039856476066,0.282341466086568,0.637646341328488
0.364235117647542,0.286818405523398,0.63666356171187
0.37048587388615,0.291377362610493,0.635773938006269
0.376768105026897,0.296001195503076,0.634986722939399
0.383057842445537,0.300673019540856,0.634309310716929
0.389331238674775,0.305375626068913,0.633747244293984
0.395564786110819,0.310091022764192,0.633304195565081
0.401735676678129,0.314800218194073,0.632981933698297
0.40782225107098,0.31948331881813,0.632780309852003
0.413804451247115,0.324119948892593,0.632697288443115
0.419664169579052,0.328689945742618,0.632729046826824
0.425385389086221,0.33317422706717,0.632870149247448
0.430954037310528,0.337555679784589,0.633113781353388
0.436357532868531,0.341819893124612,0.633452013895476
0.441584080878215,0.345955566372478,0.633876054443736
0.446621852488671,0.349954473219988,0.634376448683419
0.45145823799547,0.353810956391285,0.634943208928425
0.456079367830506,0.357521037034712,0.635565872447574
0.460470041457787,0.361081319699696,0.636233517184563
0.464614104020493,0.364487922277906,0.636934777766977
0.468495197858539,0.367735644619812,0.6376579045292
0.472097728986319,0.370817517368411,0.63839089339553
0.475407853444011,0.373724771938121,0.639121691566041
0.478414308862067,0.376447177523624,0.639838461861507
0.481108976204615,0.378973626907571,0.640529874158863
0.483487130064918,0.381292829045744,0.641185388194204
0.485547400344011,0.383393977612679,0.641795496708057
0.487291510576516,0.385267297676071,0.642351907849163
0.488723875925502,0.386904413633633,0.642847657171137
0.489851141203465,0.388298520316259,0.643277149714298
0.490681723399782,0.389444370558629,0.643636140241082
0.491225401533295,0.390338115658556,0.643921664603215
0.491492974146303,0.390977050017067,0.644131937683706
0.491495985925906,0.391359319504177,0.644266234114052
0.491246511493864,0.391483653994963,0.644324767128181
0.490756978340334,0.391349178025292,0.644308578773966
0.490040011832991,0.390955338250438,0.64421945103156
0.489108292633059,0.390301963910895,0.644059842524444
0.487974427450309,0.389389449772973,0.643832849846123
0.486650843869354,0.388219025997665,0.6435421870791
0.485149725086409,0.386793063070174,0.64319217316201
0.483482997982476,0.385115356597255,0.642787715240855
0.481662378285064,0.383191347154399,0.642334277368275
0.479699462303531,0.381028250515583,0.641837827346892
0.477605839595258,0.378635096427273,0.641304758902028
0.475393188490625,0.376022692430731,0.64074179039182
0.47307330935096,0.373203538496807,0.640155844096756
0.470658050242042,0.370191716601139,0.639553911522823
0.46815908811703,0.367002768996381,0.638942910674969
0.465587547191643,0.36365356347348,0.638329541608041
0.462953466500661,0.360162128843423,0.637720147450591
0.46026516971298,0.356547434601414,0.637120589624862
0.457528636541043,0.352829090728778,0.636536147678753
0.454747013464313,0.349026959581032,0.635971454733461
0.4519204133468,0.345160700291861,0.635430477539086
0.449046119650895,0.341249299162324,0.634916544450203
0.446119227849436,0.337310663126427,0.634432415753289
0.443133640942159,0.333361353955975,0.633980381094259
0.440083230269898,0.329416512024234,0.633562362146025
0.436962922096231,0.325489968303387,0.633179998460055
0.433769497854227,0.321594491336805,0.632834701354289
0.430501988694956,0.317742082898474,0.632527672070421
0.427161660685238,0.313944232462786,0.632259891640461
0.423751684956643,0.310212063700995,0.632032097030305
0.420276639723489,0.306556343617792,0.631844759354105
0.416741997147148,0.302987363597452,0.631698076091234
0.413153719619532,0.299514732452903,0.631591982439755
0.409518043725749,0.296147140763639,0.631526179618923
0.405841479112381,0.292892162947537,0.631500171980049
0.402131001835777,0.289756159338471,0.631513301404557
0.398394381956868,0.286744325623231,0.631564767263906
0.394640556545988,0.283860911880434,0.631653623301883
0.390879945630962,0.281109600039721,0.631778748737779
0.387124613925958,0.278493991438806,0.631938798551242
0.383388207555879,0.276018123182995,0.632132145430253
0.379685640093336,0.273686913026229,0.632356830927256
0.376032557617887,0.271506435898919,0.632610543913501
0.372444664593543,0.269483963720725,0.632890639564893
0.368937026483736,0.267627748236266,0.63319420279834
0.365523470809649,0.265946581145914,0.633518149019195
0.362216184231597,0.264449210782749,0.633859345759684
0.35902555709779,0.263143717385188,0.634214734203414
0.355960272929656,0.262036945285563,0.634581430837293
0.353027593128724,0.261134064763773,0.634956795607535
0.350233756821911,0.260438299592477,0.635338461588539
0.347584405211328,0.259950820048101,0.635724329604391
0.345084946235772,0.259670774002661,0.636112537426041
0.342740793049531,0.25959541442752,0.636501416159568
0.34055743331459,0.259720279719535,0.636889446288708
0.338540312305531,0.260039390566194,0.637275223173647
0.336694540373556,0.260545439424966,0.637657437485445
0.335024464568648,0.261229962048471,0.638034870912613
0.333533174371275,0.262083491467391,0.63840640234139
0.332222038551475,0.263095701078305,0.638771015506452
0.331090386018369,0.264255544147891,0.639127796874419
0.330135436822579,0.265551392965637,0.639475913316559
0.329352551026951,0.266971174779594,0.639814563499131
0.328735793345246,0.268502497010288,0.640142904322408
0.328278726260426,0.270132753618122,0.640459962185358
0.32797527390062,0.271849208478283,0.640764545259019
0.327820473616354,0.273639058361936,0.641055174631618
0.327810964838404,0.275489485033741,0.641330048385791
0.327945141848229,0.277387711352365,0.641587045068717
0.328222985895218,0.279321079529163,0.641823764879649
0.328645660296749,0.281277170865318,0.64203760113419
0.329214983156155,0.283243984797881,0.642225832394449
0.329932888272241,0.285210189520087,0.642385726463235
0.33080095878873,0.287165445178235,0.642514649663583
0.331820084975605,0.289100783096324,0.642610176769339
0.33299026722404,0.291009002114548,0.642670197562943
0.33431056228241,0.29288502017188,0.642693014907368
0.335779153653694,0.29472610302325,0.642677427348285
0.337393514652877,0.296531891742948,0.642622787812749
0.339150622370127,0.298304172996142,0.642529030573909
0.341047175998212,0.300046383629237,0.642396662112092
0.343079774981297,0.301762902489502,0.6422267172986
0.345245023231161,0.303458239866858,0.642020689071729
0.347539543522635,0.305136266475584,0.641780445032894
0.349959906417605,0.306799616189056,0.64150814610204
0.352502494022407,0.308449352406414,0.641206180093564
0.3551633268826,0.310084923821617,0.640877117561723
0.357937881285879,0.311704373752451,0.640523690674317
0.360820917155741,0.313304724831584,0.640148790072898
0.363806327579759,0.314882443784839,0.639755470935988
0.366887013330666,0.316433895610296,0.639346958141201
0.37005478177906,0.317955714331374,0.638926641153599
0.373300269932555,0.319445040405663,0.638498051500614
0.376612895554265,0.320899597559446,0.638064818898159
0.379980846626682,0.322317602076567,0.637630605827782
0.383391127328332,0.323697516975971,0.637199024560479
0.386829683104987,0.325037682220419,0.636773544769089
0.390281627761313,0.326335872321732,0.636357403714036
0.393731587379781,0.327588852400323,0.635953533613385
0.397164157974095,0.328792018899961,0.635564521152813
0.400564446922334,0.329939214942865,0.635192611053824
0.403918637399706,0.331022795476775,0.634839758617971
0.40721448946711,0.332033979976974,0.634507725828952
0.410441682404438,0.332963473931788,0.634198204132094
0.41359191880001,0.333802277389253,0.63391293793211
0.416658752249522,0.334542548780303,0.633653819743097
0.419637157166287,0.335178373435164,0.633422932752971
0.422522913598194,0.335706307300232,0.633222528433348
0.425311914893664,0.336125621411381,0.633054942104657
0.427999512807636,0.336438243778044,0.632922463259422
0.430579996227923,0.336648460934741,0.632827186089046
0.433046267934742,0.336762485118731,0.632770867507093
0.435389752325389,0.336788007852669,0.632754815831089
0.43760054486149,0.336733847972616,0.63277982535795
0.439667802365809,0.336609767414191,0.632846162662269
0.441580365924558,0.33642647743906,0.632953601205598
0.443327594362905,0.336195797661816,0.633101492678938
0.444900355741132,0.335930868960101,0.633288857026115
0.446292073797663,0.335646273972328,0.633514469253834
0.447499666610695,0.335357906553258,0.633776921433419
0.448524174212898,0.335082474532276,0.634074644255014
0.449370887580578,0.334836622563146,0.634405884152148
0.450048885912299,0.334635797142877,0.634768646448914
0.450570044396971,0.334493088318915,0.635160626528408
0.450947728684967,0.334418314742539,0.63557915418259
0.451195472534096,0.334417550102483,0.636021169654452
0.451325907189394,0.334493153121101,0.636483237357198
0.451350099852897,0.334644225092819,0.636961591341127
0.451277325053482,0.334867332067428,0.63745219999294
0.451115191410339,0.335157309519962,0.637950836969644
0.450869999567146,0.335507999230121,0.638453148810518
0.45054720700093,0.335912822943472,0.63895471420075
0.450151900378375,0.336365152679938,0.639451093561242
0.449689206462842,0.336858482023017,0.63993786991068
0.449164597501106,0.337386433712601,0.640410683016423
0.448584064790903,0.337942657474801,0.640865259256425
0.447954148289502,0.338520679747785,0.64129743973061
0.447281825220661,0.339113764587321,0.641703209065526
0.446574278835433,0.339714833245014,0.642078726982207
0.445838587758521,0.34031647055738,0.642420363840898
0.445081391496969,0.340911023085388,0.642724740123352
0.444308592831722,0.341490772036099,0.642988768356211
0.443525149956208,0.342048148380705,0.643209694850225
0.442734991907764,0.342575951262438,0.643385138071741
0.441941065780787,0.343067533994702,0.643513120772184
0.441145500532254,0.3435169322961,0.643592093872456
0.440349855069179,0.343918923610637,0.643620951500411
0.439555411596249,0.344269020371287,0.643599037596736
0.438763475259561,0.344563411756869,0.643526145393882
0.437975648048166,0.34479887555511,0.643402511038361
0.437194053107537,0.344972685410704,0.64322880352118
0.43642149293266,0.345082537433853,0.643006113095143
0.435661529627095,0.345126514907756,0.642735940322142
0.434918477988727,0.345103101598046,0.642420187567443
0.434197302484046,0.345011242556116,0.642061154349403
0.433503411487598,0.344850439773047,0.641661537239465
0.432842347041661,0.344620857659974,0.641224433911876
0.432219379073798,0.344323403518303,0.64075334929164
0.431639029940475,0.343959743415102,0.640252199786711
0.431104576739637,0.343532217442739,0.63972530977219
0.430617600185399,0.343043632584424,0.639177393510345
0.430177661988517,0.342496936384785,0.638613516348618
0.429782188465842,0.341894806498397,0.638039031861303
0.42942661012034,0.341239221743501,0.637459496352874
0.42910475640573,0.340531098809669,0.636880567655393
0.428809443571919,0.339770076149463,0.63630789950436
0.428533141328051,0.338954500351145,0.635747044071046
0.428268580888773,0.338081627374686,0.635203372636712
0.428009182369564,0.337148005512237,0.6346820187289
0.427749227694598,0.336149973159599,0.634187841408091
0.427483768807296,0.335084189763778,0.63372540113557
0.427208320729873,0.333948120072807,0.633298938275195
0.426918431984026,0.332740401351565,0.632912345071823
0.42660924668493,0.331461033971731,0.632569125353013
0.426275173480938,0.330111348444341,0.632272341389582
0.425909758241871,0.328693727730052,0.632024553394308
0.425505819713457,0.327211109374629,0.631827762776997
0.425055854040102,0.325666357310709,0.63168337370443
0.424552650602305,0.324061654703212,0.631592186642186
0.423990002911013,0.322398096931492,0.63155443129684
0.42336336160288,0.320675630989932,0.63156983574731
0.422670278736546,0.318893393352636,0.63163771707315
0.421910539664555,0.317050373177479,0.631757071218173
0.421085959125912,0.315146222378435,0.631926639779282
0.420199904038097,0.313181993126752,0.632144939191443
0.419256665524729,0.311160620215005,0.632410250085667
0.418260818489884,0.309087057115447,0.632720576351252
0.41721668087599,0.306968077369292,0.633073590502169
0.416127934816634,0.304811829456574,0.633466582882121
0.414997420115774,0.302627266941567,0.633896428232648
0.413827072367305,0.30042357088532,0.634359576743821
0.412617959290992,0.298209653684637,0.634852070399384
0.411370367512519,0.295993798567826,0.635369580822182
0.410083902321761,0.293783457559101,0.635907462482859
0.408757578685557,0.291585207125705,0.63646081484672
0.407389897901667,0.289404844729534,0.63702454817222
0.40597891735313,0.287247598831698,0.637593449540244
0.404522328807629,0.285118417205759,0.638162247636768
0.40301756269566,0.28302229248703,0.638725676359158
0.401461931801478,0.280964579997972,0.639278538164276
0.39985281877223,0.278951262399848,0.6398157681205
0.398187899744252,0.276989121037092,0.640332498910367
0.396465383913276,0.275085784161056,0.640824125873009
0.3946842394273,0.27324964020856,0.641286369871056
0.392844372219643,0.271489623974225,0.641715334861836
0.390946728036233,0.269814902753905,0.642107556842825
0.388993298566954,0.268234503163437,0.642460041502679
0.386987028068143,0.266756924215742,0.642770289371577
0.384931633601784,0.265389777919321,0.643036309064455
0.382831366697621,0.264139487057116,0.643256620995353
0.380690754367077,0.263011055233728,0.643430255113923
0.378514362238379,0.262007911255277,0.643556746497952
0.376306622698608,0.261131821887199,0.643636131974747
0.374071767135484,0.260382866090657,0.64366894923218
0.371813894204793,0.259759469175547,0.643656237482814
0.36953719458169,0.259258504810692,0.6435995358132
0.367246335639675,0.258875482433337,0.643500872514016
0.364946983454614,0.258604842074675,0.643362736330908
0.362646406669229,0.258440372924755,0.643188020186463
0.360354068341526,0.258375751803256,0.642979930204386
0.358082079173928,0.258405163498188,0.642741858865924
0.355845373866321,0.258523923536752,0.642477230532898
0.353661499146757,0.258728990092573,0.642189338390379
0.351549975980636,0.259019244761759,0.641881200061903
0.34953130766207,0.259395456193672,0.64155546004367
0.347625813747027,0.259859913992929,0.641214357941862
0.345852529926695,0.260415808630426,0.640859764329919
0.344228394126683,0.261066502131987,0.64049326725789
0.342767846914996,0.261814853737089,0.640116280384311
0.341482848608836,0.262662734267593,0.639730142518578
0.340383207264739,0.263610799107236,0.639336187470943
0.339477052527875,0.264658521187031,0.638935777235672
0.338771285455881,0.265804431841175,0.638530304978364
0.338271870227975,0.267046485830041,0.638121183144132
0.337983891485647,0.268382454515084,0.637709834789859
0.337911366189876,0.269810252485354,0.637297703308296
0.338056861850963,0.271328114482982,0.636886288332488
0.338421026886487,0.27293456192128,0.63647720552423
0.339002174978022,0.274628134053946,0.636072257500963
0.33979607267614,0.276406908035816,0.635673495241515
0.340796048509404,0.278267887906619,0.635283246944324
0.341993471618919,0.280206389838977,0.634904096430246
0.34337855284602,0.282215570853377,0.634538805263647
0.344941329702214,0.284286227155374,0.634190188313448
0.346672641120684,0.286406927981434,0.633860966023173
0.348564898759509,0.288564470140308,0.633553623233745
0.350612517171083,0.290744565246808,0.633270301872019
0.352811953009872,0.292932629502838,0.63301274473624
0.35516139274418,0.295114543793401,0.632782294103942
0.357660193673346,0.297277283011292,0.632579936530877
0.360308212839028,0.29940936171814,0.632406377183962
0.363105154699991,0.301501091501752,0.632262124441715
0.36605004144796,0.303544681838535,0.632147567611248
0.369140871541732,0.305534235790747,0.632063035811353
0.372374491802508,0.307465694634491,0.632008832548952
0.375746671726497,0.309336774679186,0.631985246757594
0.37925233797178,0.311146919558604,0.631992546001118
0.382885903491768,0.312897267309856,0.632030960506728
0.386641611143383,0.314590609445807,0.632100667344369
0.390513807997439,0.316231305134145,0.632201782395924
0.394497078062261,0.317825112939017,0.632334364067515
0.398586186922516,0.319378917198885,0.632498427825077
0.402775831586512,0.320900353558017,0.632693965706831
0.407060233492488,0.322397369537072,0.632920961490897
0.411432650809158,0.323877780027487,0.633179391412707
0.415884905921884,0.325348884557877,0.633469202754006
0.42040701833555,0.326817199074793,0.63379026768155
0.424987004991734,0.328288325918816,0.634142315720778
0.42961086867467,0.329766948888605,0.634524853313442
0.43426275596055,0.331256908955057,0.634937081441254
0.438925240111823,0.332761296584177,0.635377821942775
0.443579676443524,0.334282492365046,0.63584546056639
0.448206585577936,0.335822098453622,0.636337911238142
0.452786036511806,0.33738072751508,0.636852602642718
0.457298018163571,0.338957651094193,0.637386485703821
0.461722798390972,0.340550352258045,0.637936059050286
0.466041269949403,0.342154071612918,0.638497408820039
0.470235274332071,0.343761470210741,0.639066258953866
0.474287881514482,0.345362542077407,0.639638028312563
0.478183593678569,0.346944878511304,0.640207891500294
0.481908441363535,0.348494311737807,0.640770841119049
0.485449954954579,0.349995862677894,0.64132175009929
0.488797020017345,0.351434822349497,0.641855433444387
0.491939652861574,0.352797749976006,0.642366709172816
0.494868751488255,0.354073195832418,0.642850458579467
0.497575879649045,0.355252042346768,0.643301686434651
0.500053128347011,0.356327465355804,0.643715582368533
0.502293075927092,0.357294607169002,0.644087585031522
0.504288843260997,0.358150099892627,0.644413450248232
0.506034220982576,0.358891580016738,0.644689323214461
0.507523833326851,0.359517306894534,0.644911812898533
0.508753298001276,0.360025955665736,0.645078064751451
0.5097193410214,0.360416611447009,0.645185825806868
0.51041982917699,0.360688952805728,0.645233494905343
0.510853689131819,0.360843579292802,0.64522015015049
0.511020693529836,0.360882410673955,0.645145546632059
0.510921111462778,0.360809065048107,0.645010080213526
0.51055524448909,0.360629113351678,0.644814718252497
0.509922897464701,0.360350114441497,0.644560905039586
0.509022860095622,0.359981363445876,0.644250457226672
0.507852491496303,0.359533336916582,0.643885470277532
0.506407496970538,0.359016883404029,0.643468258330175
0.504681959366427,0.358442270723836,0.643001345083139
0.50266864159037,0.357818241504534,0.642487512971864
0.500359524200572,0.357151231851251,0.641929904653545
0.497746498935656,0.356444872914076,0.641332158944754
0.494822117712117,0.355699834372541,0.640698556435765
0.491580300215777,0.354914002405981,0.64003414946713
0.48801692652516,0.354082930918629,0.639344856082437
0.484130273976623,0.353200473442864,0.638637505434819
0.479921289921939,0.35225949467218,0.637919830231556
0.475393717811318,0.351252569139719,0.637200408234608
0.470554110602615,0.350172592430858,0.636488558726483
0.46541177328816,0.34901325124519,0.63579420125833
0.459978676544884,0.347769319172098,0.635127683449268
0.454269377420777,0.346436764610914,0.634499582908189
0.448300971047094,0.345012677007159,0.633920486387247
0.44209308008613,0.343495039021431,0.633400748037926
0.435667867147709,0.341882395581344,0.632950229092691
0.429050033165646,0.340173493376192,0.632578024173742
0.422266747983823,0.338366980101225,0.632292184743929
0.415347456101742,0.336461252971692,0.632099456709687
0.408323517515151,0.334454523299613,0.632005054249193
0.401227680928236,0.332345117390894,0.632012492294298
0.394093434196234,0.330131973605888,0.632123493582412
0.386954316196039,0.32781524061073,0.632337973648097
0.379843287184721,0.325396853244883,0.632654092827335
0.372792233967738,0.322880970545033,0.633068354148868
0.365831640584528,0.320274199521255,0.633575724039741
0.358990404120302,0.31758558002124,0.634169759246143
0.352295737661555,0.314826350567727,0.634842734753295
0.34577308877988,0.312009540599797,0.635585778797912
0.339446012550893,0.309149440808707,0.636389028206759
0.333335966706842,0.306260998317175,0.63724181816516
0.327462034703901,0.303359177801833,0.638132914895087
0.321840621464707,0.300458330880448,0.639050788852653
0.316485197663488,0.297571625420047,0.639983912348955
0.311406182191638,0.294710598044008,0.640921052659204
0.306611041401695,0.291884896176712,0.641851524137283
0.302104644163667,0.289102259705385,0.642765364960218
0.297889851394404,0.286368753034381,0.643653417418644
0.293968254480649,0.283689204182849,0.644507312669816
0.290340933167458,0.281067757622817,0.645319384314406
0.287009097162011,0.278508421769284,0.646082551560877
0.283974511229852,0.276015502225488,0.646790215663652
0.281239663105775,0.273593849949228,0.647436203375038
0.278807697308411,0.27124890509519,0.64801477263336
0.276682183811481,0.268986562209386,0.648520676465742
0.274866810459066,0.266812910358146,0.64894926675848
0.273365083800156,0.264733911175587,0.649296612829549
0.272180102674479,0.262755073786859,0.649559610284216
0.27131444083043,0.260881174787336,0.649736061529506
0.27077014599228,0.259116059137318,0.649824718012051
0.270548836419772,0.257462546017694,0.649825283731605
0.270651854162054,0.255922452054633,0.649738388201896
0.271080419008154,0.254496731455085,0.649565543323539
0.271835720202986,0.253185717029254,0.649309101661728
0.272918886515352,0.251989428119077,0.648972232640405
0.274330792005963,0.250907893824533,0.648558927596058
0.276071682193373,0.249941428148398,0.648074035665297
0.278140641525154,0.249090792963772,0.64752332122896
0.280534958809365,0.248357199752965,0.646913523291827
0.283249475441146,0.247742131790818,0.646252390185425
0.286276012679659,0.24724700856152,0.645548662096012
0.289602966261424,0.246872753740965,0.644811979663761
0.293215130443357,0.246619355240359,0.644052708384738
0.297093776642989,0.246485512659108,0.643281682858875
0.301216974172239,0.246468452639455,0.642509888430824
0.305560110388303,0.246563960980245,0.641748107486059
0.310096550017753,0.246766641358905,0.641006561826457
0.31479836815396,0.247070373445511,0.640294581246378
0.319637094776008,0.247468914695709,0.639620322989684
0.324584415831372,0.247956572989032,0.638990559040244
0.329612784116246,0.248528871552724,0.638410539790089
0.334695902644427,0.249183131868141,0.637883934662805
0.339809056025335,0.249918911895641,0.637412843656894
0.344929284369916,0.250738253630642,0.63699786917843
0.350035419111282,0.251645713032105,0.636638235620984
0.355108026613653,0.252648165311835,0.636331945046207
0.360129325281743,0.253754399320266,0.63607596028548
0.365083145631087,0.254974536707214,0.635866410160196
0.369954984492558,0.256319333855793,0.635698813242894
0.37473216604739,0.257799443097934,0.635568315306478
0.379404075220988,0.259424717590229,0.635469931611448
0.38396239090117,0.261203635707073,0.635398780455013
0.388401233490457,0.263142895890839,0.635350291648569
0.392717159108533,0.26524719893159,0.635320374666809
0.396908973475981,0.267519203048217,0.635305536124471
0.400977385421806,0.269959617132057,0.635302943322866
0.404924556571337,0.272567391758734,0.635310437648396
0.408753621001357,0.275339972335161,0.635326506953059
0.412468246393667,0.278273587323564,0.635350229109669
0.416072292241779,0.281363550960198,0.635381199955641
0.419569598164399,0.284604561229595,0.635419458365746
0.422963911890283,0.28799097033134,0.635465419602617
0.426258945117386,0.291516999156615,0.635519825463384
0.429458527417386,0.295176863675743,0.635583715911104
0.432566815145179,0.298964783248544,0.635658422013884
0.43558850419959,0.30287485261916,0.63574557430674
0.438528995574039,0.306900779469189,0.635847115530145
0.441394471112153,0.31103551535391,0.635965303274017
0.444191853669451,0.315270832546305,0.636102687814296
0.446928647805402,0.319596915150655,0.636262053945239
0.449612679014672,0.324002034207439,0.636446322281271
0.452251765787877,0.32847236229889,0.636658413612004
0.454853365719669,0.332991957304767,0.636901087233268
0.457424233775268,0.337542914784033,0.637176768835042
0.45997012009212,0.342105661613552,0.637487384558599
0.462495520523495,0.346659345317823,0.637834215430273
0.465003479765324,0.35118226586517,0.638217781577386
0.467495437490524,0.355652298574416,0.63863775985975
0.469971103733495,0.360047265682069,0.639092933111802
0.472428351092358,0.364345227465624,0.639581165179654
0.474863117220832,0.368524679637888,0.640099394020245
0.477269320438538,0.372564660629025,0.640643635714492
0.47963880248236,0.376444788993219,0.641208995371464
0.481961322828669,0.380145265211903,0.641789686024679
0.484224635664157,0.383646880706687,0.642379062639339
0.486414679182512,0.386931076155622,0.642969683235929
0.488515894877487,0.389980079304472,0.643553410723944
0.490511671761572,0.392777130286628,0.644121565562753
0.492384881787784,0.395306775395899,0.644665130755341
0.494118447505029,0.397555187129997,0.645174999205995
0.495695870462868,0.399510456942817,0.645642242902817
0.497101655341704,0.401162811783014,0.646058377765769
0.498321588477499,0.402504723451665,0.646415599295038
0.49934286273262,0.40353090418182,0.646706971724206
0.500154072844795,0.40423820425882,0.646926564248679
0.50074512798439,0.404625442233633,0.647069538464324
0.501107137742702,0.404693203806639,0.647132198728008
0.501232324507099,0.404443642857572,0.647112020359945
0.501114002485969,0.403880310298407,0.647007669555693
0.500746644844464,0.403008025826182,0.646819024340246
0.500126038822668,0.4018327965109,0.64654719921842
0.499249506406766,0.400361775456548,0.646194568639231
0.498116147814874,0.39860324471894,0.645764777589393
0.496727050042001,0.396566600306004,0.645262723214333
0.495085397702135,0.394262315114592,0.644694491082784
0.493196432730034,0.391701859403595,0.644067234651697
0.491067235275405,0.388897568511008,0.643388996490487
0.488706336712185,0.385862462186618,0.642668482624033
0.486123217327189,0.382610035068628,0.641914813009697
0.483327772457294,0.379154048127081,0.64113727739328
0.480329839990843,0.375508351915211,0.640345123961412
0.477138865808211,0.371686763473467,0.639547398929898
0.473763748085583,0.367703002836623,0.638752841969056
0.470212859542977,0.363570678261407,0.637969829939083
0.466494211256309,0.359303296713729,0.637206353374764
0.462615700891771,0.354914271326341,0.636470008005442
0.458585383361638,0.350416900706244,0.635767986454653
0.454411709638656,0.34582430456466,0.635107061079774
0.450103694733765,0.341149313641258,0.634493555433281
0.445670993807068,0.336404326347909,0.633933307233598
0.44112388310831,0.331601157240918,0.633431629004582
0.436473158183253,0.326750910543931,0.632993273315945
0.431729974525738,0.321863913061794,0.632622408057445
0.42690566468083,0.316949733544614,0.632322604086006
0.422011569347661,0.312017300239035,0.632096833856221
0.417058917097241,0.30707510783841,0.631947476374482
0.412058777603986,0.302131484306698,0.631876321967542
0.407022098057266,0.297194872893356,0.631884570478743
0.401959814903056,0.292274079689693,0.631972818571853
0.396883017546109,0.287378444079128,0.632141035178066
0.391803131005361,0.282517905985584,0.632388527763997
0.386732082840854,0.277702966171738,0.632713904859867
0.381682425295575,0.272944557158488,0.63311504149409
0.37666739384919,0.268253858849602,0.63358905355046
0.371700894645865,0.263642101516087,0.634132284994501
0.366797422540751,0.259120399002581,0.634740309163152
0.361971917412662,0.25469964790001,0.635407942758244
0.357239569155447,0.250390515542876,0.636129269598682
0.352615582928613,0.246203522820358,0.63689767101534
0.348114917628245,0.242149208598245,0.637705861097821
0.343752013441216,0.2382383431807,0.638545927498876
0.339540528862873,0.234482141807953,0.639409381470582
0.335493112102301,0.230892419748097,0.64028722329533
0.331621233854037,0.227481632873819,0.641170030159592
0.327935104780647,0.224262764512955,0.642048072004223
0.324443690309635,0.221249050199281,0.642911456719643
0.321154818453141,0.218453570099968,0.643750300068975
0.318075357385171,0.215888773058105,0.644554909728235
0.31521142445691,0.213566014603306,0.645315968980425
0.312568582101889,0.211495186842745,0.646024705522148
0.310151980713476,0.209684492688711,0.64667303464411
0.307966421823984,0.208140379525793,0.647253672422226
0.306016332610669,0.206867610924251,0.647760221131597
0.304305659900926,0.205869428939729,0.648187233855358
0.302837705638595,0.205147748766021,0.648530266866529
0.301614934935425,0.204703330520403,0.64878592686669
0.300638792237664,0.204535887321339,0.648951916089707
0.299909562526599,0.204644108365086,0.649027073016297
0.299426310651376,0.205025597333607,0.649011401523085
0.299186923538135,0.205676746328918,0.648906078019783
0.299188266300556,0.206592581206414,0.64871342556863
0.299426446431483,0.207766624737404,0.64843684613336
0.299897161446963,0.209190825853665,0.648080707315134
0.300596087599236,0.210855593911258,0.647650187625006
0.301519254872579,0.212749956749719,0.647151092887068
0.302663351878791,0.214861835542254,0.646589662948685
0.304025914428765,0.217178403965029,0.645972390589675
0.305605372725605,0.219686482420102,0.645305871921102
0.307400958250783,0.222372913993591,0.644596700544883
0.309412494890583,0.225224877324737,0.643851408636203
0.311640114327012,0.228230109168619,0.6430764494526
0.314083940524204,0.231377029985221,0.642278209764834
0.316743782768697,0.234654783935035,0.641463038332155
0.319618865942088,0.238053216089725,0.640637277402887
0.322707613041383,0.241562814463206,0.639807287306733
0.326007483481766,0.245174642652128,0.63897945812081
0.329514862565225,0.248880282893274,0.638160206106046
0.333224993538408,0.252671801214316,0.63735595544829
0.33713194327916,0.256541737857022,0.636573107589978
0.341228594494086,0.260483118476862,0.635818001223177
0.3455066600646,0.264489475632435,0.635096866067145
0.349956717299052,0.268554866197003,0.634415773184773
0.354568260719291,0.272673869057065,0.63378058396971
0.359329770989859,0.276841548892839,0.633196899224858
0.36422879526368,0.281053375986171,0.632670008968554
0.369252031376682,0.285305098279801,0.632204842793874
0.374385406469456,0.289592569313823,0.63180591981217
0.37961414104346,0.293911542727518,0.631477296567537
0.384922793031141,0.298257449278952,0.6312225110031
0.390295283085745,0.302625174783315,0.631044520804627
0.395714910790616,0.307008856797155,0.630945635401456
0.401164380032037,0.311401715044183,0.630927442596947
0.40662585808258,0.315795926825636,0.630990733102845
0.412081095040497,0.320182555433016,0.631135428858769
0.417511626647732,0.324551537768474,0.631360523472081
0.42289907341984,0.328891736909115,0.631664044824967
0.428225532565955,0.333191065119322,0.632043050187342
0.433474037685068,0.337436680968542,0.632493662380483
0.438629037719125,0.341615258849315,0.633011151205757
0.443676826314898,0.345713319343587,0.633590057568655
0.4486058425336,0.349717595438444,0.634224349439723
0.453406770863256,0.3536153959053,0.634907590965352
0.45807239671556,0.357394918506633,0.635633101319806
0.462597220371191,0.361045467513843,0.636394080695989
0.466976886462915,0.364557544951397,0.637183688073523
0.471207530445448,0.367922810654725,0.637995067564088
0.475285161962918,0.371133935175349,0.638821333467855
0.479205190325991,0.374184392065995,0.639655534166016
0.482962155307357,0.377068244943395,0.640490618452307
0.48654967267168,0.3797799781334,0.641319424316077
0.489960556032061,0.382314401628495,0.6421347015746
0.493187047119944,0.384666638517752,0.642929169469121
0.496221078988935,0.386832182518639,0.643695601504248
0.499054507478909,0.388806998844059,0.644426924368023
0.50167926844149,0.390587634765405,0.64511631632954
0.504087444253286,0.392171306260971,0.645757292580918
0.506271247919928,0.393555932445436,0.646343769612686
0.508222952051565,0.39474009978401,0.646870106680296
0.509934802194154,0.395722950138554,0.647331128426037
0.511398957142483,0.396504001088961,0.6477221376629
0.512607493650772,0.397082920304679,0.648038930121281
0.513552500055999,0.3974592862943,0.648277822937633
0.514226265094224,0.3976323729617,0.648435705622669
0.514621548303081,0.397600993489563,0.648510116749483
0.514731901115594,0.397363430055853,0.648499342877128
0.514551996493893,0.39691746124327,0.648402529796608
0.514077923080234,0.396260482749723,0.648219791969374
0.51330740787298,0.395389703200724,0.647952305181061
0.512239947900652,0.394302389105726,0.647602370264207
0.510876846982334,0.39299612889622,0.64717343979181
0.509221166595246,0.391469086733448,0.646670104299525
0.507277608217847,0.389720221335216,0.646098038901542
0.505052354464121,0.387749456513765,0.645463916241489
0.502552900493936,0.385557801292408,0.644775294720433
0.499787906414255,0.383147426515935,0.644040491686058
0.496767094149016,0.38052170993355,0.643268449511693
0.493501204516128,0.377685264226322,0.642468599880178
0.49000201822111,0.374643961248704,0.641650727887551
0.486282431985184,0.371404962036861,0.640824834200933
0.482356566621544,0.367976756341024,0.640000990830342
0.478239871374477,0.364369208320374,0.639189185201025
0.473949179824935,0.360593598413726,0.638399148580853
0.469502671554322,0.35666264655783,0.637640168755359
0.464919703709168,0.352590500580626,0.636920892547728
0.460220498799397,0.348392676861361,0.636249129922008
0.455425705932164,0.344085947736349,0.635631675850711
0.450555884440573,0.339688179773853,0.635074166957363
0.445630980774752,0.335218135441549,0.634580986268648
0.44066987310953,0.330695254494811,0.634155222148763
0.435690041645443,0.326139429026598,0.633798679140534
0.430707391776127,0.321570778356727,0.633511931862606
0.42573622339225,0.317009420223506,0.633294410306051
0.420789313188228,0.312475227275949,0.633144505998853
0.415878064119127,0.307987556279344,0.633059692162812
0.411012677264518,0.303564943546512,0.633036654988542
0.406202312160964,0.299224773437329,0.633071435561717
0.401455216573844,0.294982944744429,0.63315958172096
0.396778820913382,0.290853577690177,0.633296306307563
0.392179803170515,0.286848815911623,0.633476644013145
0.387664136316168,0.282978776859326,0.6336955951872
0.38323713161487,0.279251686165397,0.633948243553713
0.378903489286986,0.275674197623141,0.634229837178314
0.374667362695538,0.272251857925899,0.634535828366225
0.370532436906825,0.268989637801123,0.634861876672551
0.36650201737409,0.265892432033397,0.635203827157943
0.362579122379527,0.262965438109329,0.63555768045473
0.358766574072031,0.260214354302883,0.635919570616449
0.355067086802356,0.257645381618501,0.636285761583534
0.351483356233678,0.255265055719694,0.636652665504259
0.348018156410348,0.253079963758391,0.637016878714438
0.34467445312314,0.251096412616837,0.637375225954136
0.341455539967188,0.249320111574683,0.637724801316437
0.338365198456525,0.24775591904416,0.63806299543728
0.335407876043891,0.246407685389125,0.638387501849379
0.332588866760298,0.245278205882173,0.6386963003384
0.329914469911137,0.244369281086534,0.638987620684223
0.327392094713106,0.243681867901877,0.639259895328037
0.325030276009479,0.243216291825608,0.639511713480548
0.322838570618262,0.24297248165888,0.639741790844151
0.320827317309652,0.242950182689907,0.639948967692032
0.31900726504791,0.243149105617348,0.640132243162387
0.317389099852482,0.243568977523228,0.640290845889201
0.315982923823165,0.244209477886803,0.640424332123969
0.314797753477775,0.245070064298723,0.640532694663317
0.31384110395206,0.246149714469344,0.640616461508787
0.31311871057016,0.24744662790933,0.640676763672175
0.312634414152313,0.24895793819196,0.640715356833489
0.312390208038659,0.250679483382323,0.640734590186111
0.312386419925511,0.252605669289977,0.640737325458276
0.312621984984691,0.254729441218724,0.640726817397336
0.313094760075123,0.257042359194593,0.640706572213626
0.313801830989883,0.259534753474675,0.640680201880842
0.314739773554006,0.262195923475944,0.640651289968159
0.315904841146331,0.265014337613994,0.640623279771662
0.317293064194356,0.267977791984514,0.640599389201214
0.318900259417186,0.27107349406776,0.640582550431535
0.320721956992547,0.274288051885174,0.640575367045188
0.322753264313529,0.277607369859703,0.640580078067566
0.32498869295498,0.281016476119799,0.640598518016755
0.327421982932617,0.284499330312234,0.640632064986001
0.330045961991263,0.288038679250293,0.640681574876552
0.332852475818378,0.291616032945896,0.640747307924548
0.335832414801544,0.295211819015479,0.640828861504785
0.338975844454592,0.298805737917075,0.640925127814087
0.342272222970773,0.302377291986458,0.641034294001245
0.34571066729537,0.305906413211549,0.641153895008518
0.349280216411638,0.309374085889417,0.641280917866131
0.35297004168037,0.312762861999165,0.64141194458851
0.356769568240449,0.316057197841616,0.641543313276304
0.360668492658673,0.319243587163833,0.641671275701178
0.364656702626823,0.322310511414077,0.641792133969781
0.368724119158915,0.325248258850228,0.641902346302111
0.372860489079285,0.328048676636217,0.641998599749916
0.377055157281234,0.330704914688683,0.642077853416052
0.381296847554761,0.333211205886684,0.642137359327935
0.385573479565877,0.335562707703274,0.642174669207544
0.389872048352836,0.337755411999865,0.642187635049976
0.394178589894026,0.339786114857921,0.642174410270518
0.398478249715403,0.341652428357199,0.642133456619912
0.40275545969327,0.343352811437916,0.642063560140266
0.406994211850825,0.344886597424835,0.641963857190108
0.411178399886325,0.346254000356233,0.641833868993823
0.41529218546279,0.347456090419408,0.641673540848932
0.419320340039314,0.348494737254903,0.641483280174471
0.423248517727038,0.349372527810805,0.641263986868586
0.427063428379945,0.350092670546163,0.641017070001123
0.430752898856603,0.350658899447987,0.640744446561037
0.434305829004052,0.351075389838372,0.640448520362261
0.437712063237758,0.351346694176499,0.640132141655171
0.440962206586216,0.351477701327619,0.639798550018889
0.444047415921941,0.351473618477443,0.639451304522889
0.446959194281674,0.351339972015552,0.63909420591857
0.449689210665625,0.351082623015531,0.638731215900355
0.452229161222951,0.350707794708061,0.638366378419776
0.454570681311335,0.350222113385051,0.63800374769368
0.456705311977056,0.349632669861898,0.637647326866907
0.458624518920712,0.34894711479911,0.637301020136769
0.460319756979862,0.348173806138434,0.636968599425246
0.46178256886474,0.34732202831441,0.636653684440823
0.46300470453724,0.346402298158479,0.636359732590771
0.463978249221068,0.345426758926424,0.636090033397897
0.464695755820227,0.344409639853808,0.635847701767746
0.465150392966687,0.343367724384649,0.635635666474549
0.465336141088374,0.342320729257602,0.635456654650135
0.465248088688521,0.341291457394178,0.635313178660169
0.464882886610238,0.340305564142727,0.635207535839105
0.464239394314821,0.339390787771567,0.635141830655416
0.463319490956657,0.338575560115972,0.635118020626089
0.462128935633325,0.337887040147528,0.635137972789419
0.460678080471749,0.337348784513646,0.63520350261009
0.458982215979089,0.336978432713584,0.635316360639578
0.457061393419575,0.336785865815553,0.635478140715231
0.454939710750591,0.33677223826632,0.635690105975119
0.452644204454416,0.33693008520042,0.635952955985001
0.45020358417149,0.337244447415222,0.636266577406378
0.447647041756807,0.337694738264767,0.636629824574955
0.445003280387826,0.338256973605163,0.637040366605583
0.442299798415297,0.338906002248262,0.637494621479077
0.439562379788582,0.339617462625923,0.637987782113449
0.436814712684366,0.340369294525782,0.638513927844697
0.434078075355674,0.341142719642037,0.639066206574409
0.431371071191601,0.341922668160031,0.639637066547921
0.428709438187799,0.342697683293809,0.64021851188922
0.426105981834127,0.343459391375011,0.640802353856558
0.423570675844745,0.344201677999198,0.641380432100993
0.421110945632865,0.344919745531604,0.641944787721386
0.418732108569514,0.345609228310381,0.642487781193537
0.416437910003527,0.346265505130475,0.643002160148247
0.414231077545647,0.346883285419346,0.643481090963051
0.412113821538049,0.347456476866559,0.643918172083456
0.410088231495106,0.347978287681671,0.644307445705296
0.408156546729184,0.348441486621517,0.644643419500029
0.406321305272967,0.348838738288918,0.644921103657176
0.404585393101021,0.349162942880087,0.64513606264058
0.40295202418881,0.349407529385842,0.64528447683751
0.401424682228532,0.349566671965391,0.645363207324563
0.40000704941017,0.349635416697001,0.64536985692482
0.398702940507637,0.349609716657024,0.645302821589093
0.397516251183565,0.349486381193867,0.645161328201367
0.396450922132904,0.349262948973265,0.644945457001689
0.395510913751635,0.348937496126299,0.644656149003695
0.394700181389175,0.348508393766225,0.644295200713738
0.394022638468844,0.347974031962817,0.643865249861229
0.393482094449191,0.347332531012869,0.64336975652572
0.393082157030478,0.346581464255677,0.642812983741069
0.392826092858398,0.345717618528755,0.642199980491814
0.392716647998228,0.344736816695094,0.641536567942542
0.392755837361148,0.343633820222653,0.640829327179943
0.392944719273809,0.342402318327426,0.640085584263628
0.393283175463067,0.341034995279474,0.639313386655206
0.393769716009716,0.33952365299158,0.638521464848167
0.394401322798306,0.33785935756337,0.637719174606753
0.395173334945838,0.336032582537813,0.636916418551851
0.39607936913611,0.334033343840156,0.636123550194091
0.397111261934531,0.331851363862292,0.635351267599546
0.398259025625863,0.329476359340541,0.634610505826177
0.399510826809331,0.3268986002142,0.633912334992327
0.400853023838074,0.324109896207169,0.633267862583106
0.402270319741737,0.321105083812471,0.632688124643848
0.403746076917502,0.317883879138672,0.632183935591651
0.405262782119169,0.31445268051808,0.631765660703335
0.406802564452036,0.310825705858719,0.631442890192169
0.408347618104334,0.307024922389542,0.631224030938567
0.409880426471119,0.303078619766318,0.63111587569639
0.411383813077618,0.299019000781037,0.631123233766522
0.41284096175123,0.294879510504758,0.63124869501245
0.414235558742715,0.290692616712686,0.631492557121711
0.415552108285565,0.286488455648051,0.631852897637468
0.416776343627578,0.282294374737018,0.632325740383091
0.417895588841104,0.278135123142926,0.632905260227731
0.418898952956935,0.274033337648644,0.633583986141129
0.419777322689579,0.270010019262617,0.634352987717287
0.420523205583993,0.266084821023624,0.635202052314161
0.421130521870494,0.262276098569604,0.636119871252126
0.421594442088312,0.258600770474778,0.637094252881708
0.421911332169669,0.255074084241297,0.638112370813113
0.422078818569271,0.251709393616227,0.63916104199015
0.422095940328922,0.248518036456946,0.640227016306377
0.42196332372251,0.245509370616561,0.641297250924195
0.421683303955679,0.242690986038872,0.642359140906507
0.42125992850606,0.240069070860129,0.643400684065492
0.420698804826038,0.237648874865382,0.644410570770097
0.4200067933947,0.235435192109424,0.645378205418641
0.419191585103234,0.233432781991945,0.646293680641772
0.418261228259047,0.231646663771073,0.647147733782829
0.417223678729302,0.230082249547997,0.64793171546397
0.416086436441264,0.228745314983621,0.648637592808565
0.41485630818345,0.227641835929804,0.64925799819364
0.413539308728256,0.226777736542927,0.649786322047862
0.412140687486302,0.226158598688548,0.650216838403099
0.41066505091676,0.22578937602502,0.650544846325887
0.409116542825519,0.225674144054956,0.650766808904346
0.407499044289371,0.225815903760423,0.650880473391416
0.405816359608159,0.226216444831791,0.650884959918063
0.404072362035984,0.226876266255958,0.650780810824276
0.402271081374049,0.227794547033488,0.650569997411413
0.400416723815087,0.228969157826757,0.650255885122533
0.398513622610936,0.230396704313478,0.649843161619506
0.396566126361766,0.232072594855219,0.649337734447531
0.394578440414041,0.233991125871327,0.648746606856016
0.392554446855204,0.236145575853309,0.648077742282828
0.390497536902388,0.238528296098592,0.647339928557331
0.388410495223495,0.241130783706191,0.646542651467738
0.386295475438199,0.243943721861199,0.645695983619927
0.384154097581625,0.246956973178931,0.644810489556781
0.381987680132898,0.25015951778924,0.643897141566738
0.379797593586368,0.253539337208773,0.642967234771474
0.377585694925474,0.257083257712733,0.642032286331643
0.375354780887898,0.260776779231066,0.641103903903429
0.373108989922708,0.264603924804052,0.640193613218448
0.370854091545939,0.268547148669153,0.639312642953325
0.368597624820582,0.272587336848487,0.638471674824036
0.366348877521701,0.276703923148307,0.637680575476747
0.364118725400642,0.280875126649396,0.636948132247091
0.361919370253191,0.285078295227987,0.63628181612745
0.359764023841808,0.28929031469187,0.635687592251668
0.357666583782346,0.293488017875645,0.635169791375518
0.355641341167922,0.297648508677117,0.634731046220564
0.353702752046277,0.301749312583181,0.63437228569808
0.351865298325653,0.305768289112259,0.634092770377132
0.350143458277219,0.309683299690334,0.633890147336736
0.348551799821654,0.313471711035836,0.633760504980796
0.347105196936027,0.317109905740822,0.633698419966429
0.345819146936922,0.320573031256303,0.633697007015146
0.344710133928161,0.323835210208748,0.633748001813476
0.34379594809802,0.326870344401691,0.633841918807535
0.343095845640932,0.329653491106041,0.633968322124518
0.342630436496237,0.332162622090487,0.634116227075828
0.34242122693472,0.334380452501162,0.634274616972616
0.342489816179378,0.33629599249106,0.634433026370441
0.342856828664255,0.337905539493506,0.634582119559145
0.343540726288743,0.339212965195929,0.634714189893337
0.344556666085931,0.340229306681598,0.634823521311306
0.345915544986828,0.340971794923503,0.634906580939097
0.347623320483834,0.341462516967974,0.634962040951775
0.349680637640977,0.341726910510055,0.634990650688048
0.352082748358649,0.341792251371942,0.634994992763234
0.354819686200922,0.341686241943507,0.634979160357854
0.357876656756397,0.341435762689648,0.63494839020147
0.361234610600107,0.341065819704861,0.634908680588905
0.364870973484912,0.340598709576484,0.634866418602706
0.368760509266195,0.340053422653111,0.634828036588056
0.372876282145769,0.339445308560228,0.634799714614504
0.377190667928074,0.338786025188623,0.634787142195051
0.38167634474722,0.338083778967029,0.63479534791569
0.386307179889514,0.337343839099364,0.634828599394502
0.391058928064185,0.336569275651866,0.634890368574036
0.395909671858677,0.335761838863298,0.634983350001806
0.400839966057171,0.334922873963703,0.635109514171229
0.405832688007627,0.334054159246252,0.635270175643926
0.410872637287859,0.333158567730982,0.635466057180907
0.415945960408009,0.332240481749529,0.635697336075528
0.421039493949843,0.331305928423624,0.635963665945759
0.426140120296591,0.330362443975067,0.636264174637081
0.431234216017202,0.32941870874671,0.636597444965415
0.43630724886781,0.328484018132153,0.636961488666711
0.441343551107134,0.327567665949688,0.637353724746636
0.446326269575442,0.326678317646436,0.637770971668741
0.451237470467974,0.325823444154429,0.638209459233783
0.456058360554561,0.325008876737003,0.638664861426003
0.460769576833137,0.324238531251381,0.639132346841368
0.465351492173857,0.323514337691392,0.639606639284589
0.469784484520792,0.322836396184501,0.64008207843369
0.474049121070028,0.322203360762546,0.640552669623383
0.478126217750057,0.321613023416455,0.641012113479039
0.481996750451815,0.321063031196377,0.641453810897483
0.4856416199414,0.320551621164989,0.641870846935059
0.489041307195481,0.320078212319372,0.642255967842613
0.492175494612093,0.319643669481791,0.642601576377427
0.495022759057827,0.319250075489895,0.642899777299663
0.497560449607805,0.318899931207984,0.643142502715331
0.499764834794448,0.318594840695334,0.643321732871213
0.501611545206921,0.318333890786502,0.643429805113647
0.503076268068158,0.318112039130481,0.643459780734209
0.504135599463558,0.317918833983761,0.643405826753831
0.504767945916866,0.31773769975005,0.643263572620698
0.504954389072708,0.317545879450161,0.64303041721774
0.504679467857409,0.317314992160488,0.642705780468931
0.503931871231875,0.317012083867055,0.642291307411222
0.502705057214947,0.316601032121081,0.641791036180197
0.500997814606087,0.31604418815906,0.641211534838533
0.498814764092422,0.315304174858736,0.64056199829467
0.496166759786737,0.314345780662499,0.639854279899442
0.493071109777061,0.313137885671237,0.639102818002512
0.489551498663811,0.311655325958221,0.638324411931578
0.485637487153863,0.309880555958385,0.637537810964528
0.481363505973356,0.307804927066634,0.636763107552732
0.476767363548916,0.305429391316849,0.636020968777238
0.471888427690772,0.302764487090232,0.635331784294423
0.466765764361346,0.299829573118364,0.634714835458655
0.46143655569621,0.296651418630069,0.634187584685688
0.455935045274561,0.293262379138181,0.633765148094851
0.450292102531063,0.289698442971869,0.633459965327403
0.444535333052713,0.285997409372122,0.633281639633943
0.438689552969567,0.282197376353753,0.63323690147646
0.432777418446554,0.278335614452954,0.633329649687386
0.426820038553367,0.274447815293308,0.633561037123129
0.420837466410962,0.270567649386455,0.633929583271712
0.414849028515541,0.266726546882482,0.634431308370621
0.408873498993422,0.262953619184916,0.635059890260372
0.402929150988349,0.259275656858657,0.635806847088844
0.397033725713546,0.25571716042169,0.636661747783408
0.39120435728271,0.252300379576189,0.637612449583859
0.385457483823622,0.249045350623597,0.638645359106361
0.379808766306087,0.245969930970899,0.639745711097396
0.374273028062077,0.243089834590451,0.640897857554082
0.368864221041928,0.240418674234508,0.642085559282373
0.363595419628577,0.237968016217581,0.64329227214493
0.35847883921959,0.23574745260062,0.64450142102382
0.353525874443574,0.233764694048305,0.64569665575413
0.348747150655162,0.232025684962887,0.646862084742903
0.344152581965177,0.230534740618824,0.647982483589026
0.339751429500294,0.229294704070384,0.649043477580768
0.335552354873099,0.228307118651778,0.650031698292886
0.331563465727549,0.227572409793868,0.650934915612509
0.327792352805217,0.227090068230564,0.651742147128166
0.3242461208089,0.226858825623873,0.652443746931745
0.320931417772113,0.226876813404498,0.653031475643397
0.317854469673593,0.227141697073097,0.653498552686667
0.31502112673355,0.227650780289887,0.65383969146572
0.312436927067844,0.228401076890153,0.654051117385755
0.310107178839058,0.22938935273895,0.654130569178431
0.308037056917826,0.230612143090987,0.654077284821453
0.306231703341745,0.232065753775031,0.653891974992909
0.304696314397087,0.233746255448893,0.653576788917555
0.303436192436595,0.235649479024214,0.653135279047987
0.302456740080064,0.237771017200516,0.652572371291616
0.301763377477135,0.240106232630292,0.651894346369774
0.301361373263081,0.242650268440304,0.651108834259525
0.301255592510265,0.245398053452685,0.650224818707752
0.301450179014093,0.248344293529786,0.649252643256351
0.301948200553258,0.251483442936933,0.648204005678267
0.302751290930065,0.254809655202081,0.647091925684461
0.303859320025733,0.258316720573048,0.645930671986734
0.305270113307365,0.261998004995336,0.644735639175688
0.3069792281871,0.265846411914507,0.643523171223718
0.308979779662111,0.269854391511963,0.642310335364593
0.311262295588122,0.274014021670524,0.641114656025884
0.313814574853172,0.278317180578718,0.639953822518766
0.316621520864119,0.282755822172414,0.638845385931532
0.319664928654045,0.287322351642983,0.637806460275307
0.322923217326953,0.292010076888859,0.636853440757954
0.32637112261272,0.296813679961848,0.636001748300913
0.329979400600129,0.301729607866779,0.635265603873621
0.333714645740507,0.306756227268304,0.634657828507123
0.337539390097703,0.311893538921525,0.634189654917206
0.341412705383788,0.317142242342766,0.633870526426574
0.345291528713086,0.322502034478138,0.633707853651803
0.349132816317488,0.327969257528217,0.633706707724115
0.352896367049211,0.333534341398236,0.633869457111469
0.356547818575041,0.33917975499883,0.634195398328433
0.360061088653815,0.344879173580542,0.634680467318382
0.363419603168196,0.350598201352838,0.635317121083843
0.366616041361252,0.356296432135884,0.636094439426619
0.369650829586957,0.361930206744661,0.636998435327022
0.372529952494811,0.367455341749179,0.638012513728968
0.375262694653734,0.372829317186445,0.639118002573343
0.377859745132634,0.378012725773162,0.640294693047233
0.380331850151473,0.382970033868762,0.641521351335169
0.382689004751742,0.387669825041886,0.642776186958003
0.384940072783871,0.392084714759089,0.644037276883066
0.387092698584974,0.396191089534981,0.645282950490315
0.389153389768108,0.39996877530651,0.646492141239337
0.391127681073499,0.403400697762287,0.647644709320815
0.393020318969716,0.406472567538972,0.648721737401681
0.394835430010454,0.409172604683208,0.649705799670538
0.396576652339999,0.411491305614872,0.650581202757659
0.398247220971408,0.413421249826946,0.651334196036176
0.39985000541379,0.414956940077835,0.651953148122933
0.401387504404375,0.416094667614158,0.652428686065571
0.40286180778693,0.416832392676574,0.652753793848796
0.404274540194961,0.41716963036474,0.652923867655091
0.40562680470311,0.417107332645872,0.652936726661477
0.406919146340309,0.416647759576257,0.652792580189061
0.408151554364548,0.415794336091855,0.652493954292417
0.409323518122962,0.414551495567882,0.652045583446845
0.410434144155943,0.412924516597393,0.651454275082792
0.411482333012243,0.410919363480977,0.650728755782179
0.412467005080194,0.408542543427551,0.649879507851279
0.413387357885093,0.405800992588107,0.648918603340368
0.41424313504805,0.402701999518636,0.647859540059408
0.415034890389595,0.399253168909251,0.646717081233224
0.415764238864035,0.395462422292694,0.645507098006441
0.416434096771222,0.391338028565066,0.644246412839832
0.417048922827527,0.38688865675271,0.642952641881026
0.41761497402088,0.382123447619434,0.641644035340135
0.418140579873233,0.377052108767391,0.640339315854316
