0,0,0,0,0,0,0
0.166917823475629,0.000168659384268821,0.000762262198057435,0.0437456814776818,0.000112111633828129,-0.000825101404689089,-0.000993098756159597
0.333382962956401,0.000538483923893052,0.00149613651100619,0.0874025541669063,0.00021380953282445,-0.00165912797846005,-0.00196198837865899
0.498951223585397,0.00131552230565252,0.00217385911739789,0.13089590539488,0.000293662436044602,-0.00250911133853492,-0.00288197479660048
0.663191788225953,0.00271361643639753,0.00276927082749018,0.174174467494458,0.000338590311117969,-0.00337832669558998,-0.00372761473739599
0.825685365469132,0.0049535157964426,0.00325937330249492,0.217210801482503,0.000333978598345239,-0.00426458149528087,-0.0044728684385289
0.986013673934531,0.0082567230648198,0.00362642432666184,0.259989954483066,0.00026480645956219,-0.0051589208287415,-0.00509180368426133
1.14374061151615,0.0128331360508904,0.00386021895568533,0.302486433011158,0.00011785377556749,-0.0060451401030857,-0.00555987220802054
1.29838873265639,0.0188620807310605,0.00395994142911652,0.344633546120142,-0.000115278151251922,-0.00690050468284254,-0.00585562162556135
1.4494176842855,0.0264666961517011,0.00393488245785311,0.38629302797406,-0.000435012095400564,-0.0076978888940186,-0.00596254807345016
1.59621292500253,0.0356817609852437,0.00380349031164816,0.427234696174702,-0.000831525405401673,-0.00840917196536141,-0.00587070952908709
1.57167252022573,0.0424704091331387,0.00348207149113363,0.422810565250191,-0.00129351854253445,-0.00810314847154149,-0.00469467854852739
1.54219451813915,0.0491161324263452,0.00322676601550944,0.41664174052168,-0.00175640280251944,-0.00767870958198287,-0.00341937982086944
1.50778702114453,0.0554572927264073,0.00304135828343133,0.40861201990761,-0.00220962688596147,-0.00715994987408494,-0.00208284962243522
1.46855287322512,0.0613792125679712,0.00292548461338232,0.398717609797551,-0.00265074259667866,-0.00657344271892139,-0.000720701378289165
1.42466088872217,0.0667964326997548,0.0028774570913141,0.387031564150153,-0.00308246342104743,-0.00594590391442253,0.00063371031423826
1.37631178739239,0.0716278452706249,0.00289560807026183,0.373660097150449,-0.00350903347575971,-0.00530284222880754,0.00194880145803341
1.32370553904927,0.0757712779854112,0.00297812640651747,0.358699322509985,-0.00393273511247124,-0.00466773318652165,0.00319423715665364
1.26701511002078,0.079084587575097,0.00312184614148861,0.342199048944123,-0.00435112392019243,-0.00406121907236641,0.00434060365540682
1.2063708061902,0.081379692306416,0.00332076330030246,0.324139421539051,-0.00475542709641033,-0.00349999756665333,0.0053594552145811
1.14185873695266,0.0824338349641658,0.00356514896607204,0.304425606043583,-0.00513044850196775,-0.00299534994618963,0.00622387259586407
1.07353550972876,0.082018442961978,0.00384193882590111,0.282904030520416,-0.00545617926001104,-0.00255160130496745,0.00690959334248181
1.00145800526533,0.0799405044876111,0.00413659655534097,0.259399684786243,-0.00571100331482706,-0.00216508240299149,0.00739663602985339
0.92572245049778,0.0760858800384913,0.00443598907541862,0.233767784544124,-0.00587590910845833,-0.00182422892256861,0.00767114861785574
0.846502225790794,0.0704510129783488,0.00473125536675838,0.205946680555211,-0.00593864276043511,-0.00151120169354164,0.00772703018176652
0.764072234066969,0.0631516236820139,0.00501952632429803,0.175995986267795,-0.005896563051678,-0.00120488673459216,0.00756682084039454
0.678810832952164,0.0544043482745921,0.0053037960513996,0.144107294850577,-0.00575729599218567,-0.00088457233536532,0.00720150821363084
0.591177910796994,0.0444868152498799,0.00559104114837941,0.110584145511608,-0.00553705411676634,-0.000533315559160665,0.00664922989712394
0.501675973759594,0.0336885366670208,0.00588938398471095,0.0757986746458209,-0.00525730101816444,-0.000140169505734734,0.00593320498486826
0.410805367723124,0.0222661498974624,0.00620534243633505,0.040139149164962,-0.00494088526418653,0.00029906610994508,0.00507942201076359
0.319024115602652,0.0104123342431897,0.00654194798433052,0.00396295401793443,-0.00460869228792875,0.000782366436745011,0.00411458150584468
0.226719703067115,-0.00175796582268185,0.00689803871661375,-0.0324346058852618,-0.00427743475534837,0.00130274216447964,0.00306461770584749
0.134198542756321,-0.0142051801377749,0.00726859204754,-0.068830809335558,-0.00395873495341504,0.00184965005702086,0.00195394586842353
0.0416995690291079,-0.026950035745508,0.00764582937985474,-0.105065763432802,-0.00365938041797342,0.00241014587535159,0.000805482548519163
-0.0505706954228272,-0.0400506413455925,0.00802087717233563,-0.141019630765172,-0.00338250825523516,0.00296968721834978,-0.000358681921038546
-0.142401095892252,-0.0535769143253033,0.00838564198206317,-0.176587372732747,-0.00312932854562336,0.00351274088642305,-0.00151633853606933
-0.233552793487158,-0.0675849676085808,0.00873431561602558,-0.211655235361436,-0.00290094456187456,0.00402337631895384,-0.00264431566897602
-0.323746221629758,-0.0820919095969348,0.00906403665850761,-0.246077594694808,-0.00269998725535501,0.00448600842861969,-0.00371785552161576
-0.412651051538298,-0.0970527087589198,0.00937454585117463,-0.27965581628116,-0.00253187243935135,0.00488647951149168,-0.00471027305320423
-0.499879841855663,-0.112343327892279,0.00966684372254282,-0.312124630796177,-0.00240540413882509,0.00521359669692981,-0.00559306023542254
-0.584990499607011,-0.12775596161963,0.00994106857796896,-0.34315257550121,-0.00233236491313417,0.00546102299386611,-0.0063366442054319
-0.667502218148946,-0.143011856146612,0.0101941525740108,-0.372361476897846,-0.00232580131322286,0.00562912574314165,-0.00691194155599106
-0.746926220078242,-0.157793573888364,0.0104181661727519,-0.399365589432941,-0.0023970144761399,0.00572613836115783,-0.00729267006945441
-0.82280712918919,-0.171791284204302,0.0106003444118562,-0.42382379400775,-0.00255179173878181,0.0057679545382226,-0.00745810183430841
-0.894765268653731,-0.184749202868084,0.0107253329686528,-0.445490834077466,-0.00278699588660379,0.00577618836711389,-0.00739566724123426
-0.962527639857417,-0.196494335495509,0.0107792103244441,-0.464250437295024,-0.00308888480714506,0.00577474307573316,-0.0071027121857823
-1.02593813039913,-0.206934811332519,0.0107537489120143,-0.480117865322556,-0.00343423391761965,0.00578575502311036,-0.00658689631272933
-1.08494464635206,-0.216029469402678,0.0106489715505533,-0.493210960880222,-0.00379433975225819,0.00582601248515727,-0.00586516070199128
-1.13956847483773,-0.223744930756117,0.0104727176543894,-0.503700884308957,-0.00414082608925148,0.00590466237123832,-0.00496166775275844
-1.18986563421392,-0.230021485539325,0.0102373746558345,-0.511759940662262,-0.00445138737434152,0.00602241733115905,-0.00390538291148993
-1.23589059838668,-0.234761404593568,0.00995522059190109,-0.51752207042762,-0.00471364859105075,0.00617196101319702,-0.00272793189263414
-1.27767066248413,-0.237839523152235,0.00963420487226034,-0.521064591595965,-0.00492612835342434,0.00633905507275469,-0.0014621156216731
-1.31519570921631,-0.239126188728228,0.00927544405243355,-0.522412309926908,-0.00509637713285024,0.00650394854660903,-0.00014116888919808
-1.34842426669773,-0.238511648951609,0.0088728194303703,-0.521560131830766,-0.00523717342898642,0.00664291877352597,0.00120136545882459
-1.37730318010735,-0.235925938817935,0.0084144341801302,-0.518507983705005,-0.00536194439438341,0.00672999973952885,0.00253137898582146
-1.40179561225821,-0.231353724719111,0.00788550624581891,-0.5133008325188,-0.00548045479006256,0.00673910706710668,0.00381382422112039
-1.42191025879719,-0.224845729857492,0.00727233573487339,-0.506065436360994,-0.00559556080479706,0.0066467936252931,0.0050125117975419
-1.43772361454589,-0.216527066453875,0.00656697924372959,-0.49703390539825,-0.00570164264405167,0.00643570823433614,0.00609038638788165
-1.44938696986632,-0.206599810007721,0.00577200167731702,-0.486543372138364,-0.00578519176475185,0.00609845067050241,0.00701058487942097
-1.45711167384923,-0.195334909822048,0.00490422182104368,-0.47500352679075,-0.00582775790603619,0.00564098897775022,0.00773847859810122
-1.46113163667596,-0.183049246176846,0.00399604213824867,-0.462831869938132,-0.00581088950882214,0.00508436822043679,0.00824463260001051
-1.46165094937446,-0.170068281579251,0.00309319325269809,-0.450369803802431,-0.00572188364168924,0.00446346555766921,0.00850819014226111
-1.4587933179847,-0.156681831356842,0.00224876008754599,-0.437805482280943,-0.00555849676479899,0.0038223121271327,0.00851978228577307
-1.45257282855386,-0.143105942029382,0.00151487072470413,-0.425132573775,-0.00533081863755831,0.00320684200842374,0.00828296851938328
-1.44289833762497,-0.129463235080357,0.000934543032910531,-0.41216217567021,-0.00505950653104421,0.00265714061464911,0.00781362602713844
-1.42960908156516,-0.115787129911401,0.000536195005121309,-0.398582856154151,-0.00477108142552859,0.00220149861712151,0.00713746255250999
-1.41252639461746,-0.102045196837726,0.000331997666955063,-0.384044822102473,-0.00449206322317988,0.00185373874152638,0.0062864906846965
-1.39150228705401,-0.0881710453324319,0.000319690020968989,-0.368238901400118,-0.00424387164350725,0.00161382557241752,0.00529549419014168
-1.36645152959241,-0.0740935773345037,0.000486297661992626,-0.350949797954093,-0.00403969994315856,0.00147069998626247,0.00419924884473416
-1.33736366267266,-0.0597566265342726,0.000812002182570945,-0.332077247817466,-0.00388362747896652,0.00140593346781116,0.00303080014378798
-1.30429916643076,-0.0451270463190272,0.00127290656447288,-0.311629893529323,-0.00377155497587116,0.00139709244563644,0.00182072159529813
-1.26737697736194,-0.0301929305360707,0.00184222021399357,-0.289701446400565,-0.00369328570594464,0.00142025107363625,0.000597084645736591
-1.22675914106877,-0.0149553016463582,0.00249010203421472,-0.266438213304632,-0.00363512570032748,0.00145158523863267,-0.000614165960572128
-1.18263489967058,0.000583102207540629,0.00318289169208756,-0.2420042840721,-0.00358255086377312,0.00146828971342828,-0.00178869106813443
-1.1352034318026,0.0164285470425334,0.00388269049625263,-0.216548148451772,-0.00352265066905002,0.00144918307528456,-0.00290327523930533
-1.08465376142908,0.0326034411930755,0.00454822822534248,-0.190173544749464,-0.00344614955992098,0.00137534975949517,-0.003935498290307
-1.03114268950934,0.049147207831067,0.00513767687055251,-0.16291793505698,-0.0033488340088688,0.00123106229149003,-0.00486362657402634
-0.974776023939138,0.0661090941241788,0.00561355757112054,-0.134743151037813,-0.00323221569867901,0.0010050590751202,-0.00566677460470601
-0.91560218530783,0.0835329061007631,0.00594917964358555,-0.105542868775696,-0.00310328914060328,0.000692044604957776,-0.00632539440111277
-0.853626263379813,0.10143632149373,0.00613527414706347,-0.0751690840569825,-0.00297333380818986,0.0002940614147044,-0.00682213877942781
-0.788845381167868,0.119790164911274,0.00618488665994959,-0.0434745010343806,-0.00285588522352318,-0.000178774616857293,-0.00714306481542515
-0.721295498867819,0.138504391645405,0.0061345271019553,-0.010361447065346,-0.00276423278222539,-0.000708678773625675,-0.0072789842052979
-0.65109289827835,0.157426362487249,0.00604033397713426,0.0241760820903613,-0.00270901395558816,-0.00127199758864804,-0.00722660929435646
-0.578455279605713,0.176353322729265,0.00596952445523313,0.0600296908374269,-0.00269653661032572,-0.00184221390844787,-0.00698911303938133
-0.503696692510966,0.195056328663435,0.00598907553992636,0.0969794961098472,-0.00272828277742849,-0.00239351816502421,-0.00657588284178626
-0.427200836482935,0.213309217659398,0.00615456856673652,0.134720453519495,-0.00280166676600192,-0.0029040983344365,-0.00600152463810008
-0.349383737377801,0.230915193189324,0.00650193054249054,0.172902744311594,-0.00291171512624372,-0.00335844081809177,-0.00528441776940735
-0.270657550818061,0.24772528955868,0.00704361344785964,0.211174042458615,-0.00305309573238138,-0.00374832349359559,-0.00444521742006985
-0.191403998542109,0.263646229229076,0.00776926131981717,0.249213250789308,-0.00322192530373807,-0.00407260204625175,-0.00350564126309359
-0.111961281702164,0.278638311513893,0.00864980371122991,0.286749766025088,-0.0034169649150201,-0.00433615871315529,-0.00248772824272014
-0.032624407071748,0.292705871566927,0.00964348184065231,0.323567038372409,-0.00364004487390591,-0.00454844140463913,-0.00141360358714475
0.0463434600986459,0.305883265184298,0.0107024556497346,0.359492474082598,-0.0038957441931131,-0.00472192028055091,-0.00030567299391302
0.12469179153413,0.318218832428524,0.0117790552600484,0.394377334441133,-0.00419045559737774,-0.00487062001173388,0.000812890793732122
0.20215885941995,0.329758565465976,0.0128311362558695,0.428070788180526,-0.00453101796144235,-0.00500872649779604,0.00191753302438234
0.278446526393841,0.340530881515507,0.0138262068420201,0.46039253809136,-0.00492313884635639,-0.00514916592441663,0.00298175435421744
0.353197458401168,0.350534331360919,0.0147439974300164,0.491109101351112,-0.00536989365432331,-0.0053020402955778,0.00397680154381402
0.425979578149181,0.359731097326797,0.0155770474269067,0.519919789675873,-0.00587067126041802,-0.0054728919373803,0.00487183331494003
0.496283320227813,0.368050139395024,0.0163288876487979,0.546458875507948,-0.00642098515833599,-0.00566095716056505,0.0056347796982898
0.563536335988604,0.375403767480498,0.0170097075666535,0.570318876410419,-0.00701348518692508,-0.00585780997900401,0.00623404030402132
0.627136363128038,0.381719136280576,0.01763009910911,0.591095021094439,-0.00764019115022567,-0.00604697588435027,0.00664098223838737
0.686495979573678,0.38698134339979,0.0181943793689014,0.608443017912539,-0.00829542801273245,-0.00620504963417002,0.00683290881137488
0.741085553281894,0.391278813261807,0.0186956458788018,0.622134333853194,-0.00897836368955258,-0.00630447149160215,0.00679587888986722
0.790457845357087,0.394837298521621,0.0191146024178944,0.632090493132109,-0.00969377814562226,-0.00631749602821993,0.0065266440497946
0.834243604676726,0.398028605402639,0.0194231773133512,0.638384112349684,-0.0104500029867861,-0.00622035618377371,0.00603317211707008
0.872121395095781,0.401343878779144,0.0195924733013565,0.641207601930926,-0.0112538285142841,-0.00599654921416589,0.00533368708034059
0.903780664473904,0.405326411572767,0.0196033160523013,0.640823470749903,-0.0121032511932668,-0.00563864340702175,0.00445463271676634
0.928906695723797,0.410463839876679,0.0194569380268244,0.63751548587456,-0.0129799032180489,-0.00514872918313442,0.0034282055164434
0.947213965322823,0.417047030060714,0.0191829483573165,0.631555351497235,-0.0138437504234592,-0.00453814669974925,0.00229002710695002
0.95853824333819,0.425018560997469,0.0188414969948436,0.62318901138963,-0.0146330247119204,-0.00382710296476021,0.00107726323825755
0.962968718549885,0.433857308997135,0.0185169501556393,0.612636922903045,-0.0152717898244457,-0.00304427512864294,-0.000172759757611092
0.960968684987303,0.442561692906953,0.0183025454528309,0.600099175135763,-0.0156851951103475,-0.00222584667125586,-0.00142351419958597
0.95341822147587,0.449776209899566,0.0182795771253414,0.585760277468459,-0.0158185325687392,-0.00141316615506099,-0.0026398740638546
0.941536959619133,0.454044655696391,0.0184984278756717,0.569795299264827,-0.0156529799929228,-0.000648678284663283,-0.00378840177882329
0.926704748431638,0.454102980353388,0.0189687175181234,0.552381433962711,-0.0152114606046955,2.92971452245082e-05,-0.00483741837287775
0.910251543347105,0.449101487214431,0.0196611530104766,0.533713700028736,-0.0145527556657031,0.000591677787062178,-0.00575710118366132
0.893293573693058,0.438689542803506,0.0205179102697293,0.514015360253472,-0.0137574246384453,0.00102238990541068,-0.00651995199608444
0.876652651944753,0.42296731646169,0.0214658952578469,0.493531254648635,-0.012911424287562,0.00132009427554914,-0.00710189509080888
0.860848426733143,0.402356641161751,0.0224287182536178,0.472499177249921,-0.0120921051399475,0.00149767743732348,-0.00748398624105421
0.846131723340302,0.377450088529512,0.0233360141992816,0.451106538060244,-0.0113587624870019,0.00157962236867251,-0.00765436145269476
0.832532360432574,0.348879960528378,0.0241303173512596,0.429449118730298,-0.0107481213898221,0.00159764596220049,-0.00760981089659282
0.819909662944141,0.317227567741391,0.0247716660701718,0.407509816174898,-0.010274333704151,0.00158537838604123,-0.0073563799296142
0.80800372501785,0.28297699910112,0.0252395874142107,0.385167185755915,-0.00993263255916281,0.00157320235980124,-0.00690870347092498
0.796486779994143,0.246506960718923,0.0255321114722462,0.362230932495999,-0.00970533637543693,0.00158436727624018,-0.00628822803740971
0.785011304558542,0.208108203532076,0.0256621117091176,0.338491377695632,-0.00956857960084859,0.00163304357947375,-0.00552083215696299
0.773249756545455,0.168012415270951,0.0256520193033727,0.313767004537423,-0.00949825566100865,0.00172431089233856,-0.00463445548155112
0.760922028956758,0.126420782482798,0.0255283034028962,0.287938207240829,-0.00947419450698402,0.00185553163548968,-0.00365719978034273
0.747809618758157,0.0835250105282371,0.0253169363444798,0.26096246365006,-0.00948228585356688,0.00201835973574003,-0.00261610735601447
0.733758158184345,0.0395182400384956,0.0250405829191962,0.232872281259418,-0.00951479958935927,0.00220074756083157,-0.00153659491160466
0.718671290129258,-0.00540337915071639,0.0247177317923119,0.203760538309129,-0.00956941619773656,0.00238858557805215,-0.000442391335977363
0.702498879000843,-0.0510459665374604,0.0243635757310243,0.17375847337534,-0.00964750306190455,0.00256688363680094,0.000644208791026358
0.685221946188344,-0.0972269196041836,0.0239921744125012,0.1430108428402,-0.00975207467430611,0.00272059635027636,0.00170194517337204
0.66683613197714,-0.143784402682065,0.0236192592441169,0.111651830589687,-0.00988576040728626,0.00283528897388797,0.00271017737959615
0.647335620344709,-0.190584137049786,0.0232649325700625,0.0797848534065369,-0.0100490334547829,0.00289784889093724,0.00364855707416096
0.626700233019869,-0.237520736216288,0.0229554625800177,0.0474693629913984,-0.010238936017024,0.0028973893158741,0.00449687462087017
0.60488933895416,-0.284511930157982,0.0227234190212278,0.0147175836902979,-0.0104485407422292,0.00282638300893128,0.00523517004871598
0.581846087113587,-0.33148598968157,0.0226055898016674,-0.0184969236307145,-0.0106673544642741,0.0026819043843609,0.00584419356839651
0.557513399746579,-0.378364677939264,0.0226385513029685,-0.0522191003994246,-0.0108827453908683,0.00246670354420609,0.00630626214212566
0.531859257700335,-0.425045935750331,0.022852439298045,-0.0864840281218948,-0.0110822237675417,0.00218971583333803,0.00660645326337296
0.504905160408349,-0.471390639438955,0.0232642598204602,-0.12128646794167,-0.0112561130564618,0.00186563951841325,0.00673394253436717
0.476749869822565,-0.51721715531218,0.0238726513511115,-0.156556044007181,-0.011399914318126,0.00151341378538386,0.00668317823423449
0.447581744458493,-0.56230532292919,0.0246559174237598,-0.192144894056323,-0.0115156687180106,0.00115377177807732,0.00645458049222094
0.417676702252895,-0.606408851020981,0.0255742479219321,-0.227831174062757,-0.0116118916295142,0.000806365056883999,0.00605457335515093
0.387383555116302,-0.649272551265364,0.0265756437093117,-0.263336875196852,-0.0117020989099959,0.000487099352589801,0.00549496151515403
0.35710223123775,-0.690649428663236,0.0276038250186866,-0.29835409382228,-0.0118023642046447,0.000206213949863671,0.00479185427417929
0.327261848296058,-0.730312941547703,0.0286059193571536,-0.332572013933728,-0.0119285539429117,-3.26499009536401e-05,0.00396443483663789
0.298304543458555,-0.768061487565738,0.0295381176082285,-0.365697903533151,-0.0120938336574488,-0.000232456728768674,0.00303385096521844
0.270678136487298,-0.803714277801309,0.0303684238360098,-0.397468377132646,-0.0123068043186361,-0.000402124915067888,0.00202239921113759
0.244837351223597,-0.837099454102754,0.0310766288392997,-0.427650576991869,-0.0125703473713979,-0.000555516699645215,0.000953051277808134
0.22125012786245,-0.868036123248398,0.0316523667705862,-0.456035627383095,-0.0128810348080151,-0.000710278146721139,-0.000150726798038186
0.20040264826218,-0.89631213994398,0.0320924646505543,-0.482428315241354,-0.0132288432480522,-0.000886579477335705,-0.0012649641905089
0.182793967132599,-0.921659765517513,0.0323988155006376,-0.506637628914637,-0.0135969161227103,-0.00110565134270841,-0.00236509087881063
0.168908858786117,-0.943732392154586,0.0325777400834508,-0.528472643640664,-0.0139612650139521,-0.00138791504888194,-0.00342583432546923
0.159157422546316,-0.962087961640943,0.03264123497936,-0.547747209457343,-0.0142906287074721,-0.00175051248324271,-0.00442112547996086
0.153775756120966,-0.976188284260922,0.0326096232071523,-0.564294677611545,-0.0145472067258281,-0.00220420063478672,-0.00532398420300205
0.152697552846959,-0.985426046333988,0.0325141098349141,-0.577990341855267,-0.0146894402582179,-0.00274991169721088,-0.00610638001872527
0.155431095622334,-0.989188990481507,0.0323971448394026,-0.588775339168469,-0.0146779018235576,-0.00337574365320316,-0.00673923803993932
0.160997641052217,-0.986959359319056,0.0323089634925624,-0.59667342297549,-0.0144840791330557,-0.00405554542972042,-0.00719305754556632
0.167983665341846,-0.978427194022214,0.0323002702460504,-0.60179315674492,-0.0140995614205774,-0.00475027013253215,-0.00743977741599579
0.174718331826551,-0.963578874214723,0.0324128059571719,-0.604312525059918,-0.0135414467665863,-0.00541262494899996,-0.00745616735853693
0.179528171290483,-0.94272227391834,0.0326703914079543,-0.60444852499052,-0.0128507026439082,-0.00599434592257269,-0.00722808597511471
0.180985325080417,-0.916432317690572,0.0330729481865588,-0.602418782897975,-0.0120837453898867,-0.00645423431471422,-0.00675405306352148
0.178077316027934,-0.885433856437215,0.0335955639730195,-0.598404785328375,-0.0113010011764915,-0.00676462637564359,-0.0060465835272393
0.170268988457152,-0.850463075575336,0.0341937405365477,-0.592526213411339,-0.0105570101426232,-0.0069145746361176,-0.00513075271484905
0.157468836738961,-0.812151730150544,0.0348140522139446,-0.584832344358067,-0.00989472094170465,-0.00690937062643752,-0.00404073267955178
0.139934275873371,-0.770962400436545,0.0354072161142899,-0.575310755755127,-0.00934401170426804,-0.00676735631947486,-0.00281569704989189
0.118153236192914,-0.727179682312942,0.0359394957988752,-0.563908670310522,-0.00892288028794102,-0.00651559149144144,-0.00149632949761169
0.0927303109853017,-0.680944399318539,0.0363990411386011,-0.550560478634267,-0.00863950079137353,-0.00618574509619785,-0.00012256256091677
0.0642927113851963,-0.632311232124097,0.0367955094459169,-0.535216050434753,-0.00849389186037639,-0.00581091173906538,0.00126741826484822
0.0334204159981078,-0.58131234911404,0.0371530663342706,-0.517866423739415,-0.00847866806442003,-0.00542336798658386,0.00263722121098356
0.000598886411473661,-0.528015242924886,0.0374981468049808,-0.498564695114438,-0.00857893606592877,-0.00505285138340349,0.00395178125783281
-0.033808582875986,-0.472567651725546,0.0378443115724678,-0.477439875157444,-0.00877179950580265,-0.00472483555823735,0.00517680792708097
-0.069570192616219,-0.415224548519838,0.0381774671659205,-0.454700576387993,-0.00902618528822681,-0.00445844637829389,0.00627853035227239
-0.106575737410607,-0.35635268149478,0.038445631550448,-0.430624899164656,-0.00930379407690732,-0.00426404315451508,0.0072240643112455
-0.144806025650423,-0.296409254646173,0.0385577582552572,-0.405534153556824,-0.00956182345500857,-0.00414096702294509,0.00798262347372721
-0.184282979385369,-0.235895313819555,0.0383949085810501,-0.379752042176465,-0.0097576122958086,-0.00407635354925034,0.00852759110455349
-0.225008023793577,-0.175291785320053,0.037833570951757,-0.353557019292531,-0.00985454069305005,-0.00404596542813103,0.00883914048087048
-0.266903482746184,-0.114994267420106,0.0367757654123496,-0.327140873109559,-0.009827691117024,-0.00401752716701295,0.00890673715233696
-0.309774769811355,-0.0552664529562392,0.0351762022946449,-0.300587227875708,-0.00966744561804887,-0.00395611476476377,0.00873068584775449
-0.353306145382649,0.00377276068043642,0.0330563562782503,-0.27387757325797,-0.00937973467677597,-0.00383021974599244,0.00832209055226732
-0.397090593325442,0.0621258329893579,0.0305000925631289,-0.246921977791748,-0.00898289748778493,-0.00361674264765967,0.00770114974789509
-0.44068152729325,0.119867600825007,0.0276330607725972,-0.219602766890709,-0.00850238065898062,-0.00330365618840147,0.00689431552161013
-0.483648052580028,0.177088483886824,0.0245939856921548,-0.191816860347932,-0.00796507500827453,-0.00289007012613078,0.00593117274237304
-0.525618245864557,0.233846489645621,0.0215074116581012,-0.163506181165466,-0.00739481142696306,-0.00238434651205485,0.00484180754263641
-0.566303370619324,0.290137509909141,0.0184646791537841,-0.134672234714516,-0.00680976832666232,-0.00180135394198746,0.00365508748008964
-0.605504022541719,0.345886140579707,0.015515678090576,-0.105376358091816,-0.00622178536221877,-0.0011598377256522,0.00239790913545766
-0.643103275836643,0.400954504344378,0.0126705520302317,-0.0757296316022964,-0.00563714828953506,-0.00048047260431847,0.00109522999948755
-0.679051968274132,0.455164129960021,0.00990886851644114,-0.0458764756486086,-0.00505830197834947,0.000215251501122114,-0.000229379967287422
-0.713348523242034,0.508325115479418,0.00719358619823107,-0.015974964433714,-0.00448604363764294,0.000905483199716482,-0.00155290806503816
-0.746012900694259,0.560266381963824,0.00448758113653128,0.0138238242105387,-0.0039218933812584,0.00156815021063486,-0.00285196468765275
-0.777053721692602,0.610860886416067,0.00177081149639297,0.0433950875321854,-0.00337043009459362,0.0021811976332989,-0.00410186629038457
-0.806430192984133,0.660041058293102,-0.000943953154842416,0.0726554514109539,-0.00284137680279806,0.0027233352344312,-0.00527586056627169
-0.834015616503298,0.707801584292319,-0.00359969668983948,0.10157098697017,-0.00235108726826086,0.00317560875449457,-0.00634468717870163
-0.859573480120053,0.754188531104255,-0.00609170712444215,0.130155311744655,-0.00192291394106312,0.00352390144110932,-0.00727676527407093
-0.8827579341706,0.799274510526138,-0.00827584810908167,0.158455808756993,-0.00158584587620885,0.00376207584980794,-0.00803932834085633
-0.903146108524057,0.843120775485317,-0.00999033696598963,0.186527830042899,-0.00137100935610899,0.0038949478944062,-0.00860068989590301
-0.920300397078882,0.885730772081177,-0.0110883846259207,0.214400182017025,-0.00130625678042592,0.00393986949445633,-0.00893347722506783
-0.933846895370272,0.92700575523281,-0.0114733957170071,0.242039791945166,-0.00141001137135066,0.00392573578035133,-0.00901820333880445
-0.943546688754648,0.966717748431832,-0.0111247837436924,0.269326839723211,-0.00168630827242553,0.00388896051557148,-0.00884619795960854
-0.949335945894488,1.00451309355152,-0.0101042032605425,0.296050517047737,-0.00212295514587612,0.00386718421931956,-0.00842096299461079
-0.951321160888986,1.03994921288427,-0.00853947924616251,0.321928682315735,-0.00269368132796621,0.00389253252767777,-0.007757534394297
-0.949733074496323,1.07255341954199,-0.00659276947443026,0.346645121415611,-0.00336354628835586,0.00398644344225612,-0.00688017237107246
-0.944857322342016,1.10188409335639,-0.00442506002850524,0.369891488219091,-0.00409567249985226,0.00415730099997985,-0.00581924423433
-0.936965026016581,1.127576253441,-0.00216838568506094,0.391401015331794,-0.00485718699109859,0.00440088811095804,-0.00460825394919032
-0.926262444500567,1.14936309844385,8.80398206216512e-05,0.410966821944403,-0.00562298620127349,0.00470273159387453,-0.00328167702832072
-0.9128698999214,1.16707529399707,0.00229752391998162,0.428444817505143,-0.006376970098101,0.00504113599345747,-0.00187382946064072
-0.896831494800224,1.18062529890786,0.00444508438949921,0.443745988273909,-0.00711116845984979,0.0053899973790209,-0.00041865277192649
-0.878150795469343,1.18998343963696,0.00653114978391446,0.456823830995911,-0.0078235069938198,0.00572102716011746,0.00104988936853639
-0.85684403896379,1.19514869783196,0.00855448174967692,0.467660986701916,-0.00851494333323895,0.00600550944968704,0.00249716033983672
-0.833000561402621,1.19611423674851,0.0104981602369452,0.476256733986847,-0.00918655539756704,0.00621601132734913,0.00388728642256228
-0.806838896288283,1.19282852105512,0.0123216598449339,0.482615599796681,-0.00983704562271861,0.00632851387911599,0.00518298811731409
-0.778745344002596,1.18515759487586,0.0139612329681561,0.486737457589219,-0.0104610736830465,0.00632522000884704,0.00634608548068234
-0.749280359548037,1.17286037928671,0.0153394977009138,0.488610720698134,-0.011048780548079,0.00619783970935268,0.00733889567582208
-0.71913930458195,1.15559217614797,0.0163828389256294,0.488211419077546,-0.0115866984354515,0.00595056170189106,0.00812658213375685
-0.689061886884131,1.1329475376903,0.0170421884605196,0.48551076470258,-0.0120598870317487,0.00560146372869998,0.00868021033149856
-0.659700728039878,1.10454080956882,0.0173102725784003,0.480491352230808,-0.0124546884983913,0.00518117532990726,0.0089798789025767
-0.631479666566643,1.07010576331254,0.0172284481335191,0.473167966436236,-0.0127612194070837,0.00472841599638852,0.00901704260793829
-0.604485488508455,1.02958413603961,0.0168797947418081,0.463605264488954,-0.0129748631674008,0.0042833277819726,0.00879527028155715
-0.57843211907063,0.983174577053546,0.0163708189320662,0.451924363457715,-0.0130965417968112,0.00388056194128898,0.00832921807186386
-0.552712876712906,0.9313277801752,0.0158087433179723,0.438294747487853,-0.0131320466229023,0.0035441691871297,0.00764225016664641
-0.526525421950486,0.874692334841278,0.0152823345991089,0.422914888744517,-0.0130908421286474,0.00328544658042221,0.00676350720201782
-0.499030548928641,0.814029823671419,0.0148515628555369,0.405990137773398,-0.0129845656470666,0.0031036403479103,0.00572515002280453
-0.469499445868377,0.750123009555036,0.0145471560877999,0.3877166529898,-0.0128252775452024,0.00298851242542892,0.00456017450504534
-0.437414413043008,0.68369828764536,0.0143775797002014,0.368275783641875,-0.0126236006695059,0.00292354349258702,0.00330088454648077
-0.402507905409681,0.615375640453094,0.0143392968549184,0.347837583690316,-0.0123871117682933,0.00288881560369342,0.00197796303255991
-0.364744649453429,0.545649938853888,0.0144263321212838,0.326568439746215,-0.0121194574955031,0.00286308473858045,0.000620061652819368
-0.324264321223296,0.474899958667665,0.0146364523393654,0.304637332279595,-0.0118205478737559,0.00282498468483869,-0.000746152743430358
-0.281305957365935,0.403417820825565,0.0149728588094722,0.282217105869841,-0.0114879170607318,0.00275360123460661,-0.00209556017770595
-0.236132303886387,0.331451076738998,0.0154415929158782,0.259479634305339,-0.0111190765371029,0.00262881278937243,-0.00340386338300132
-0.188966473189015,0.259249888765454,0.0160457362692809,0.236585399340698,-0.0107144710043643,0.00243182759910702,-0.00464671842169928
-0.139948065360221,0.187111495401722,0.0167780658795506,0.213669276917912,-0.0102804832460533,0.00214628509878857,-0.00579895234572203
-0.0891123715649946,0.115412433530128,0.0176142662476563,0.190824621473045,-0.00983175730504874,0.00176011061148295,-0.00683411875499873
-0.0363947855170958,0.0446183171740159,0.0185090988300396,0.168088657908369,-0.00939199402473146,0.00126802660907083,-0.0077246770559183
0.0183384773528596,-0.0247366798628344,0.0193978215978551,0.145433213237904,-0.00899243908336088,0.000674238553914523,-0.00844302492750005
0.0752351216068976,-0.0921015418002544,0.0202042041461835,0.12276545651651,-0.0086677164488324,-5.57352537253523e-06,-0.00896345924380144
0.134385327297986,-0.156981706704989,0.0208544356759283,0.0999421748066931,-0.00844952472573679,-0.000744016878356478,-0.00926485879367011
0.195751441996932,-0.219013933008978,0.0212934872713768,0.0767974011774501,-0.00835978202764203,-0.00150430215929296,-0.0093335237503152
0.259121755308658,-0.278017985459069,0.021498426640433,0.0531780480457569,-0.0084055118114775,-0.00224510176456826,-0.00916534978851041
0.324106993864349,-0.334005731704302,0.0214834264009267,0.0289782308350568,-0.00857748122332162,-0.0029268507605423,-0.00876658075366234
0.390182600285924,-0.387142889973973,0.0212942849094589,0.0041627984988177,-0.00885322295191751,-0.00351765083738731,-0.00815284023476339
0.456760907477875,-0.437674998005435,0.0209946024441097,-0.0212253677126766,-0.0092032830506454,-0.00399707099988656,-0.00734677371093659
0.523265948724847,-0.48583930022027,0.0206488972972773,-0.0470736413622796,-0.00959839825145587,-0.00435707694583613,-0.00637509435184019
0.589187038129124,-0.531784841944436,0.0203082599414907,-0.0732181246913337,-0.0100153751297066,-0.00460047905708556,-0.00526590565517412
0.654101991674301,-0.575517817400391,0.0200021514999602,-0.0994656827685338,-0.0104404266062039,-0.00473803359425177,-0.00404691689270529
0.717676564665293,-0.616881863422172,0.019737208377564,-0.125614947527145,-0.0108698436346431,-0.00478542191153296,-0.00274475068181751
0.77965322956855,-0.655574904335176,0.0195018023744475,-0.151474547891831,-0.0113085460908448,-0.00476092947365123,-0.00138516523208344
0.839837589477291,-0.69119623976417,0.0192741272042815,-0.176878034401431,-0.011767165325213,-0.0046840850155116,6.18027013804145e-06
0.898081191377511,-0.723312560769811,0.0190315229864791,-0.201694177299407,-0.012258129509097,-0.00457507116247616,0.001402771997654
0.954254258115617,-0.751531863415611,0.0187591140055843,-0.22583010374984,-0.0127910771165632,-0.00445447855464742,0.00277632755918791
1.00820452033167,-0.775578111663419,0.0184561896083739,-0.249224648929733,-0.0133679892206534,-0.0043429052007603,0.00409605892027095
1.05970667256871,-0.795362228466712,0.0181389503949742,-0.271830758133848,-0.013978726935968,-0.00425994225373546,0.00532826971807418
1.10841616159715,-0.811042357217958,0.0178384544849938,-0.293588521780181,-0.014598078022938,-0.00422224089266419,0.00643654283991224
1.15384662581459,-0.823058468221931,0.017593247597885,-0.314394117760841,-0.015185733723562,-0.00424068025923716,0.00738285311750762
1.19538862262355,-0.83211953718991,0.0174377125383409,-0.334074223530177,-0.0156903665106351,-0.00431718095758403,0.00812983340009655
1.23237605472884,-0.839124349285705,0.017389260644893,-0.352377592045479,-0.0160580013231318,-0.00444225716985227,0.00864414872218563
1.2641874911298,-0.845017255993577,0.017439283876932,-0.368993110777559,-0.016242972761524,-0.00459464675364578,0.00890040482088477
1.29035108317569,-0.850611904653391,0.0175523748959329,-0.383593954464286,-0.0162180830538744,-0.00474390001558016,0.00888461384922191
1.31061575183608,-0.856440841807949,0.0176751354359551,-0.395894438146919,-0.015980219380282,-0.00485567604361008,0.00859617611265935
1.32496426865222,-0.862685861710688,0.0177512570371779,-0.405697977499843,-0.0155493770888021,-0.00489825791987107,0.00804778595385793
1.33356928869525,-0.869209954492725,0.0177364632005747,-0.412918051093756,-0.0149618992430059,-0.00484824506034442,0.00726340768557426
1.33671559971344,-0.875667049915895,0.0176074281224122,-0.41756740863986,-0.0142609832153952,-0.00469385142612199,0.00627507468185641
1.33471910168477,-0.881638080752879,0.0173623259313128,-0.419724880623996,-0.0134879053851637,-0.00443536115230793,0.00511945878034056
1.32786536091207,-0.886743506187635,0.0170146748499671,-0.419495809704003,-0.0126762099186362,-0.00408336128318313,0.00383496416357224
1.31637678918882,-0.89070476160629,0.0165844148862191,-0.416980097681994,-0.0118494338140772,-0.00365589285194135,0.00245973769469311
1.30040643525556,-0.893352697000593,0.0160901866667663,-0.412255421631483,-0.0110217557587611,-0.00317557881588553,0.00103065615059479
1.28005136580505,-0.894597517243652,0.0155454026409045,-0.405376970238364,-0.0102005249142237,-0.00266733736010733,-0.000416866271049821
1.25537831591621,-0.8943796720764,0.0149590189849118,-0.396391162767237,-0.00938970776577592,-0.00215676660950974,-0.0018485153478071
1.22645560579557,-0.892618611923312,0.0143405468964412,-0.385358865446514,-0.00859353183259091,-0.00166889690923884,-0.00323046393127182
1.19338601266256,-0.88917154234272,0.0137078525876099,-0.372382417690058,-0.00781977144774441,-0.00122684067797429,-0.00452882000956886
1.15633485540189,-0.883810508543316,0.0130955108562633,-0.357629599853893,-0.00708214979888665,-0.000849944067589691,-0.00570943902289849
1.11554672490245,-0.876223725562829,0.0125608360413091,-0.341346723726179,-0.00640129183386681,-0.000551337643590347,-0.00673837722817748
1.07134474697632,-0.866044589780842,0.0121844876318332,-0.323853512150892,-0.00580370841008879,-0.000335232596989249,-0.00758318721776242
1.02410938249537,-0.852907063759232,0.0120632932873036,-0.305515820338637,-0.00531859263793445,-0.000194773136412885,-0.0082150842471284
0.974239714501132,-0.836518104436366,0.0122951124677637,-0.286699065466288,-0.00497283832193344,-0.000111496400681598,-0.00861171895958432
0.922107031091158,-0.816728587632871,0.012958901366397,-0.267713662402184,-0.00478548821201431,-5.72141544028734e-05,-0.00875994454065763
0.868014783031633,-0.79357935741705,0.0140961896489704,-0.248769531878175,-0.0047633622148017,1.65143978771924e-06,-0.0086577490635224
0.812177334620225,-0.767304078298472,0.0157008638034331,-0.22995535983796,-0.00489943860216869,9.82694726381736e-05,-0.00831464161477056
0.7547225362281,-0.738285766571596,0.0177213672666042,-0.211249121786925,-0.00517457637426979,0.000259813483628427,-0.00775026990551919
0.69571405041383,-0.706981798140908,0.0200743754507282,-0.192554185376547,-0.00556186237201903,0.000503654132047356,-0.00699167594107796
0.635183507363431,-0.673842656110575,0.0226645921699588,-0.173746911334799,-0.00603198548975498,0.000836075463474194,-0.00607001559822741
0.57316219021421,-0.639247930793527,0.0254038969741945,-0.15472078232611,-0.00655799614632793,0.00125324655576227,-0.00501758620507824
0.509705375993889,-0.603472435785306,0.0282247736044646,-0.135417120811421,-0.00711842872978295,0.00174352462303116,-0.00386570434654722
0.444906659931336,-0.566683251872534,0.031086081719663,-0.115839132750839,-0.00769855303822697,0.00229006418714653,-0.00264358633516831
0.378902293924364,-0.52896039508688,0.0339719269386519,-0.0960508438925107,-0.00829007582287265,0.00287300750697325,-0.00137809262033949
0.311866559705626,-0.490330987735133,0.03688574385502,-0.0761644941558966,-0.00888981866422529,0.00347096035774398,-9.406641133921e-05
0.24399924284265,-0.45080760195539,0.0398418455014707,-0.0563199247526542,-0.00949784771244641,0.00406181440048293,0.00118500851547684
0.17550650336447,-0.410423695623469,0.0428561883377058,-0.0366588357935362,-0.0101153806423598,0.00462318904180853,0.00243624649977401
0.106577709633674,-0.369261417298506,0.0459375397520139,-0.017296641824996,-0.0107426728226383,0.00513284626238215,0.0036366379984621
0.0373632298130229,-0.327469647692038,0.0490799072604828,0.00170456343302046,-0.0113770559493281,0.00556941576050912,0.00476245783012441
-0.0320395033458353,-0.285271870279355,0.0522572513323845,0.0203569513948993,-0.0120113951803729,0.00591369828636386,0.00578890170626831
-0.101584391026055,-0.242964226040434,0.0554217835524102,0.0387557320354966,-0.0126333809080292,0.00615065855445775,0.00669011147468842
-0.171256079945581,-0.200902838178562,0.058507165433767,0.0570699880524365,-0.0132261508170431,0.00627196860540105,0.0074398179428839
-0.241032786663228,-0.1594775829142,0.0614371374877789,0.0755122185647744,-0.0137705820931793,0.00627856671331593,0.00801278855591603
-0.310840813273066,-0.119071433463706,0.0641383492284445,0.094288525838708,-0.0142491183196996,0.00618234241747574,0.00838704548282476
-0.380512784878176,-0.0800109898634674,0.0665541575252577,0.113538848746787,-0.0146503263127794,0.00600597369566949,0.00854647103659664
-0.449762592458169,-0.0425214470785418,0.0686550462589932,0.133283628412718,-0.0149728327047779,0.00578036152635333,0.00848312060317775
-0.518186712485051,-0.00670177817385016,0.0704420764381758,0.153394990803079,-0.0152272476838895,0.00553995787332349,0.00819852180015128
-0.585293679982555,0.0274700064544165,0.0719423861405813,0.173603771249645,-0.0154353091355253,0.00531715469016425,0.00770354114810391
-0.650553741016367,0.0601033872566871,0.0731989100746328,0.193540685788484,-0.0156265074766692,0.00513727794696956,0.0070169134118778
-0.713453980714473,0.0913461507419673,0.07425843104461,0.212797664174319,-0.0158333211613613,0.005015393453252,0.00616297160346506
-0.773543590873978,0.121335864938785,0.0751619091320927,0.230990179065609,-0.0160864664045077,0.0049553283270847,0.00516926477576576
-0.830458827528295,0.150164921638289,0.0759392977778471,0.247804551792292,-0.0164112363553661,0.00495053291967215,0.00406460502912386
-0.883924755709876,0.177865043057927,0.0766090372529116,0.263022114743079,-0.016825408361117,0.00498600689277935,0.00287780918789547
-0.933738017904065,0.204410970069596,0.0771810681444122,0.276520017474872,-0.0173386837291757,0.00504053753192021,0.00163715392621171
-0.979739591081347,0.229739756793885,0.0776617238804358,0.288253463198071,-0.0179533541710683,0.00508878568380859,0.00037040760037446
-1.02178762197485,0.253781141512867,0.0780588978227852,0.298225691296491,-0.0186658274667819,0.00510310209171273,-0.000894777409346136
-1.05973805331185,0.27649416179446,0.0783860705225808,0.306451242107326,-0.0194686745753247,0.00505522369103878,-0.00213035788650559
-1.09343631213639,0.297904285440956,0.0786640071353023,0.312916837124963,-0.0203528774199859,0.00491811970903535,-0.00330751712368035
-1.12271939456466,0.318133893195432,0.0789193376006375,0.317544343606117,-0.0213099255904545,0.00466821760917196,-0.00439660861621843
-1.14742543569749,0.33741791348072,0.0791799291203013,0.320162163324189,-0.022333346577263,0.00428804939588772,-0.00536757760118967
-1.16740778928695,0.356097295074087,0.0794679698317136,0.320493965493361,-0.0234192358927154,0.00376906076131377,-0.00619095579606533
-1.18255175226145,0.374586966661618,0.0797927397646642,0.318174433613833,-0.0245654699288704,0.00311400251180767,-0.00683945234204957
-1.19279319913443,0.393322051233989,0.0801456771283927,0.312797809082346,-0.0257695972390595,0.00233811587870867,-0.00729004405453964
-1.19813880389502,0.412694524045166,0.0805000477174254,0.303995346326542,-0.0270258825111077,0.0014683959977318,-0.00752628113742324
-1.19868687883271,0.432998201578365,0.0808160732899418,0.291524883124222,-0.0283224500572646,0.000540664164462578,-0.00754031376167866
-1.19464637294783,0.454398466440725,0.0810501962042824,0.275346144787816,-0.0296396681958146,-0.00040510246060217,-0.00733403901330023
-1.18635009423444,0.476933226079786,0.0811653286859726,0.2556563475642,-0.0309506228887077,-0.00133007387243316,-0.00691891250865878
-1.1742574014133,0.500537771798164,0.0811385400719558,0.232873934886101,-0.032223788346014,-0.00220117317472553,-0.00631437936990309
-1.15894221269246,0.525076812550887,0.0809639463618673,0.207577482884493,-0.0334271635653003,-0.00299401861649032,-0.00554536707936794
-1.14106463418819,0.550367727408855,0.0806507518316243,0.180421524543586,-0.0345326484584622,-0.00369394444385929,-0.00463957386870892
-1.12132815442259,0.576188165028072,0.0802181558927874,0.152054611323692,-0.035519485767574,-0.00429547727251359,-0.0036252374114688
-1.10042812523339,0.602271435520435,0.0796894356094896,0.123058509860485,-0.0363760642187351,-0.00480092445993938,-0.00252976687166445
-1.0789994405876,0.628298377005835,0.0790870498623022,0.0939168944357039,-0.0370999410662671,-0.00521866162263085,-0.00137927228956523
-1.05757120722088,0.653893305745714,0.0784297048203862,0.0650127257530812,-0.0376963494063232,-0.00556146364458808,-0.000198789059200825
-1.03653406074886,0.678627090575584,0.077731523447614,0.0366479524006131,-0.0381756377159299,-0.00584497535126197,0.000987090342956359
-1.01612253188286,0.702025925787109,0.0770029915094038,0.0090767573730106,-0.0385501114209968,-0.00608624526248744,0.0021534506805635
-0.996411805544602,0.723582365510577,0.0762531738786743,-0.0174571364406691,-0.0388307264942639,-0.00630216684646615,0.00327438278544721
-0.977326062861899,0.742766074741045,0.0754926459306337,-0.0426887110385105,-0.0390241024374476,-0.00650768905154139,0.00432260578496757
-0.958654749285493,0.75903476422177,0.0747365301610787,-0.0663147462412844,-0.0391303906975049,-0.00671378099072399,0.00526957302633463
-0.940073598322823,0.771849312344717,0.0740069213328454,-0.0879994659955183,-0.0391425863765922,-0.00692536292195424,0.00608623428897399
-0.92116866816265,0.780698942293423,0.0733338910342327,-0.107406197197952,-0.0390477665745251,-0.00713969182388625,0.00674454861280692
-0.901463290300161,0.785140391819252,0.0727543571507024,-0.124250866909009,-0.0388303425692153,-0.00734587541430096,0.00721966217273797
-0.880448770408243,0.784848652015382,0.0723085684800165,-0.138363661885323,-0.0384767318851294,-0.00752609549170124,0.00749240296562784
-0.857618988931749,0.779668238589437,0.072034778668424,-0.149738234372824,-0.0379801436015648,-0.00765864554308708,0.00755150898991935
-0.832506819631606,0.769648232502765,0.0719635537736402,-0.158548819827349,-0.0373438734618973,-0.00772216923458031,0.00739496238392959
-0.804717663844598,0.755046252084077,0.0721135501730189,-0.165126378551922,-0.0365819381432411,-0.00769991126344976,0.00703003882735318
-0.773954218002253,0.736296479879588,0.0724901813026839,-0.169900739544815,-0.0357169030166809,-0.00758273918086952,0.00647210993638752
-0.740027883010518,0.713949655020159,0.0730875241351145,-0.173328033953649,-0.0347758112993754,-0.00737021695672199,0.00574262716878594
-0.70285550405721,0.688601653452883,0.0738926646777508,-0.175825242482301,-0.033785647883577,-0.00706978312879775,0.00486687609889857
-0.662443903201627,0.660828445766509,0.0748909918510102,-0.177726930397827,-0.0327696239433407,-0.00669468053634494,0.0038719988218419
-0.61886725975655,0.631140087657236,0.0760708839349248,-0.179268636603011,-0.0317450073361607,-0.00626147537012468,0.00278555972269973
-0.572243232865361,0.599958981253213,0.0774266245688434,-0.18059259752115,-0.0307226328150733,-0.00578784377589611,0.00163471625863608
-0.522712943247109,0.567621231761804,0.0789589324947338,-0.181767170691747,-0.0297078338031643,-0.00529098441929022,0.000445921011421427
-0.470428295807401,0.534395981523517,0.080672986816584,-0.182811149524058,-0.0287023790864694,-0.004786706660574,-0.000754977421708428
-0.415548230437503,0.500515822796205,0.0825742103136547,-0.183716370190051,-0.0277069846778352,-0.00428903042146643,-0.00194238321167502
-0.358243755596121,0.466210887749043,0.0846623965215713,-0.184464923933691,-0.0267240001975338,-0.00381003021895741,-0.00309050459811069
-0.298710072905188,0.431739160742194,0.0869251191589233,-0.185039857170631,-0.0257598689583237,-0.00335964626895141,-0.00417296964161563
-0.237182595674025,0.39740568177841,0.0893317770356262,-0.185430024325125,-0.0248269132898598,-0.00294525336125927,-0.00516268315072546
-0.173952267956276,0.363564158118697,0.0918300304847136,-0.185630711982483,-0.023943948078928,-0.00257091525150255,-0.00603210893173873
-0.109374529673566,0.330596910438332,0.0943465099601517,-0.185641812849706,-0.023135263339801,-0.00223644445145338,-0.00675413446518045
-0.0438663311563485,0.298873911493638,0.0967931703079465,-0.185464894152819,-0.0224277558882415,-0.00193659408896058,-0.00730357950969687
0.0221123524809905,0.268698612180421,0.0990792626236178,-0.185099821612929,-0.0218464875041129,-0.00166084366859223,-0.00765922820769867
0.0880916498389181,0.240255101075522,0.101126787009463,-0.184541171691376,-0.0214096062333106,-0.00139419288346321,-0.00780603074887543
0.15363298676699,0.213574095169485,0.102885308225307,-0.18377482740107,-0.0211240882962497,-0.00111908609450377,-0.00773693905539962
0.218367328122334,0.188531157622789,0.104341380767262,-0.182775729284394,-0.0209837638998541,-0.000818136910045717,-0.00745384152326273
0.28201915490942,0.164879751836926,0.105519270477157,-0.181507973716181,-0.0209704076114465,-0.000476938702532197,-0.00696729926323264
0.344409582276815,0.142309227799559,0.106472722711011,-0.179927736811281,-0.0210575683716405,-8.61742216209705e-05,-0.00629517166993666
0.405439554329442,0.120509962941549,0.107270652652541,-0.17798805128752,-0.0212158558436386,0.000357466493137886,-0.00546055819205104
0.465060520280701,0.0992280562890686,0.107981307914637,-0.175643321148727,-0.0214180669216109,0.000851564715639254,-0.00448961862846528
0.523242613571974,0.078298571945184,0.108659184061879,-0.172851518045249,-0.0216428797662032,0.00138905005696001,-0.00340974510807424
0.579948924470992,0.0576547910092637,0.109337382512921,-0.169573261832145,-0.0218765359809295,0.00195952944096119,-0.00224834386595246
0.635120815207911,0.0373173104956021,0.110026244729002,-0.165768711669387,-0.0221125788621112,0.0025504229420881,-0.00103226874068841
0.688675443313034,0.0173696286898762,0.110717707236988,-0.161394530102901,-0.0223500956092748,0.00314769719217018,0.00021219716540198
0.740513870108981,-0.00207322984423834,0.111394071124236,-0.156403693864105,-0.0225910230390365,0.00373623457743034,0.00145898216331606
0.790536509624463,-0.0208978848519896,0.112039555060591,-0.150750614487683,-0.0228370439039881,0.00430006161272762,0.0026816758661531
0.838661684124968,-0.0390237010173286,0.112652745910224,-0.144402983565098,-0.0230865518382934,0.0048227540337657,0.00385297466386209
0.884842379013586,-0.0564284005443136,0.113257673717872,-0.137360035112597,-0.0233321749439797,0.00528832958196488,0.00494431265979261
0.929075839145916,-0.0731643605886966,0.113910742130365,-0.129674478529926,-0.0235594106259145,0.00568282039520556,0.00592587938969464
0.97140104975741,-0.0893611815031017,0.11470052048932,-0.121472452666545,-0.0237469512792564,0.00599647684293868,0.00676722857988137
1.01188111845111,-0.105210561544382,0.115738053336653,-0.112963345356043,-0.0238691210149872,0.00622621638698175,0.00743863855593856
1.05057173387642,-0.12093230253435,0.117137456846151,-0.104430957891802,-0.0239003687886302,0.00637759224523283,0.00791324671991706
1.08748259425101,-0.1367258648718,0.118990108001152,-0.0962012174044804,-0.0238209901699971,0.00646540099646381,0.00816972668811928
1.12254352460542,-0.152718759192393,0.121339452255799,-0.0885899013521933,-0.0236224636434859,0.0065122724097021,0.00819496753150803
1.15558780720987,-0.168927488184173,0.124165119250458,-0.0818437937218541,-0.0233104980593944,0.00654523382140322,0.00798601626425118
1.18636000170067,-0.185244747349769,0.127382738671382,-0.0760944886846846,-0.0229044843184367,0.00659106409594573,0.00755064258202225
1.21454609219706,-0.201457485138845,0.130859982950941,-0.0713408361895004,-0.0224333898443512,0.00667178492784948,0.00690631703287623
1.23981537317439,-0.217288618061624,0.134442998049667,-0.0674645946839464,-0.021929519597828,0.00680153671405445,0.00607795758725869
1.26186070216403,-0.232447349038679,0.137984104519882,-0.0642708751136993,-0.0214222155149445,0.00698542561617711,0.00509517788091966
1.28042729963851,-0.246672872204589,0.14136279418984,-0.0615376385173724,-0.0209332399701214,0.00722013610220833,0.00398978481575743
1.29532667250414,-0.259762154925308,0.144496015049039,-0.0590591897805105,-0.0204746741521537,0.0074956033126772,0.00279399652393771
1.30643721385552,-0.271579879266046,0.147337816585508,-0.0566744184600864,-0.0200492492459351,0.00779697407277682,0.00153949712381599
1.31369459739951,-0.28205378736392,0.149870876385691,-0.0542770227373754,-0.0196524784946329,0.00810632776753935,0.000257185641149179
1.31707408636159,-0.291160582501128,0.152093106037492,-0.0518093783793239,-0.0192758000426956,0.00840396758410217,-0.00102263424972426
1.3165656726286,-0.298907222652999,0.154002271536723,-0.0492437797007598,-0.0189100165630611,0.00866937827771233,-0.00226987777997087
1.3121436457249,-0.305311493782469,0.155581265240216,-0.0465555616772116,-0.018548457302873,0.00888211852555917,-0.00345432872921254
1.30373546937504,-0.310385238308216,0.156786779647414,-0.0436932900850512,-0.0181893950828111,0.00902296513173363,-0.00454549865829256
1.29119926055977,-0.314123626731118,0.1575444634137,-0.040552266838782,-0.0178373109335262,0.00907554828122026,-0.00551288058594927
1.27432174659632,-0.316503670563469,0.157753496955423,-0.0369585909320082,-0.0175026688488311,0.00902850111515987,-0.00632678622793318
1.25284624036628,-0.317493780816936,0.157302081322226,-0.0326706992144957,-0.017200043076725,0.00887780938946769,-0.00695989741792399
1.22653097649743,-0.3170729197854,0.156092125178395,-0.027402226355033,-0.0169448062544116,0.00862868292774322,-0.00738947480174222
1.19522456701732,-0.315253578813674,0.154067190799075,-0.0208637339863526,-0.0167491090794012,0.00829608550581139,-0.00759985799776404
1.15893391456609,-0.312099725970511,0.151234633701669,-0.0128131709143482,-0.0166183385605853,0.00790327583518359,-0.00758459721031771
1.11785853354011,-0.307731606959057,0.14767335317481,-0.00309983371256174,-0.0165492943691059,0.00747836800239654,-0.00734749393265607
1.07237681820587,-0.302314412745662,0.143523455710859,0.00831214532815333,-0.0165307787759428,0.0070497248778368,-0.00690212417283688
1.02298889338225,-0.296034753541756,0.13896120447403,0.0213469526664261,-0.0165463589289863,0.00664147508263826,-0.00626995613942017
0.970236692263325,-0.289073561518331,0.134167936480378,0.0358428828115736,-0.0165782511766447,0.00627030306780768,-0.00547765368629601
0.91462686986996,-0.281584170780888,0.129302493499166,0.0515896628534427,-0.0166110283517066,0.00594403896506433,-0.00455432633238571
0.856576162268763,-0.2736808750754,0.124483568338681,0.0683649464097006,-0.0166341907547639,0.00566188680301332,-0.00352932789258197
0.796387448431771,-0.265438909009374,0.119783735477674,0.0859610597589521,-0.0166432473278286,0.00541572098078662,-0.00243088527855577
0.734254277977843,-0.256903662935176,0.11523324710182,0.104198197199293,-0.0166394642644844,0.00519183231681529,-0.00128554389721723
0.670285637263889,-0.248105691925732,0.110829995617581,0.122924515407082,-0.0166286878713346,0.00497269524930717,-0.000118242564603489
0.60454123757223,-0.239078115303264,0.106552062124647,0.142005998195747,-0.0166196634350829,0.00473858619347238,0.00104722367198359
0.537069221192984,-0.229873547944076,0.102370182920549,0.161309860657497,-0.0166221762829143,0.00446909517846766,0.00218757628393311
0.467940895331592,-0.220578156994098,0.0982585176612578,0.180685439258502,-0.016645245467551,0.00414468989622611,0.00327944424000774
0.397279438374685,-0.211320616935247,0.0942028808302269,0.199946672688743,-0.0166955629744344,0.00374850319560562,0.00429892476137203
0.325280466654013,-0.202273715423615,0.0902059646131409,0.218860614456366,-0.0167763874357246,0.00326842094580379,0.00522145420461707
0.252221991883477,-0.193646576641838,0.0862891589237095,0.237146560505965,-0.0168871278457802,0.00269935403583713,0.00602212477612361
0.17846062309777,-0.185666539810658,0.0824906311415197,0.254489490662044,-0.0170238236228948,0.00204531872750588,0.00667655351593366
0.104411385183689,-0.178552128823366,0.0788596557749329,0.27056871971224,-0.0171805801227711,0.00132070949551802,0.00716232013201425
0.0305115167327648,-0.172482062428825,0.0754479340777032,0.285097756212027,-0.0173517392656328,0.000550071908971374,0.00746082539391167
-0.0428260124537747,-0.167568568942222,0.0722996591784409,0.297865778583072,-0.0175342358156751,-0.000234085162490417,0.00755922215262998
-0.115258058595086,-0.163844181472426,0.0694428298360955,0.308767767525982,-0.0177293816445266,-0.00099533665504669,0.00745193635311385
-0.186542691618298,-0.161268090325931,0.0668841969631521,0.317812096392116,-0.0179434059019544,-0.00169845331219649,0.00714133594147679
-0.256546874896375,-0.159751689819936,0.0646090647613085,0.325101718015463,-0.0181864892130415,-0.0023143233086475,0.00663735097584664
-0.325229197944344,-0.159196241743586,0.0625854467085516,0.33079469163016,-0.0184705786731579,-0.00282348550461464,0.00595619239118254
-0.392605019625617,-0.159532120623014,0.0607706991299535,0.33505673316943,-0.0188066755947229,-0.00321762823342319,0.00511858370210858
-0.458705980447559,-0.160750232788493,0.0591183544655713,0.338019639355578,-0.0192023672024071,-0.003499134753081,0.00414798998431024
-0.523545079904653,-0.162920425629741,0.0575834491462317,0.339755533787272,-0.0196601601200035,-0.00367929199287838,0.00306921574649227
-0.587094108086094,-0.166196220633973,0.0561256781214124,0.340271012912132,-0.0201768405816268,-0.00377594478097313,0.00190755126167697
-0.649275055914864,-0.170807949224163,0.0547106627555666,0.339520413388391,-0.0207438069506315,-0.00381122495559458,0.00068847846173723
-0.709963234257648,-0.177046798140355,0.0533101831787867,0.337434750828702,-0.0213481706624724,-0.00380967818074611,-0.000562153256348914
-0.768997820913354,-0.185241039428458,0.0519023597816942,0.333961891116964,-0.0219743867768376,-0.00379680225330678,-0.00181761413455994
-0.826195105770881,-0.195724002663676,0.0504725587856478,0.329112918042609,-0.0226061950070804,-0.00379778479016761,-0.00304959762452305
-0.881360181715678,-0.208792388431882,0.0490153331712916,0.32300820578283,-0.0232286635050727,-0.00383611777281085,-0.00422752718972884
-0.93429373300144,-0.22465449733631,0.0475370629140263,0.315913861372501,-0.023830091124199,-0.00393178612641137,-0.00531811762351158
-0.984791812240704,-0.243371759460653,0.0460582443199452,0.308255789203015,-0.0244034391968223,-0.00409889720726937,-0.0062855276535971
-1.03263805386243,-0.264803435007277,0.0446138345052247,0.300597170978589,-0.0249468730050181,-0.00434295091929893,-0.00709248961179818
-1.07758990367397,-0.288571222570229,0.0432500949217158,0.293569733681754,-0.0254629991486573,-0.0046584018426925,-0.00770270624320207
-1.119363055282,-0.314062689762884,0.0420173759615729,0.287762944739905,-0.0259566186595938,-0.0050275588153482,-0.00808445639052194
-1.15762072247984,-0.340484312694892,0.040960164738815,0.283596010692576,-0.0264313452583725,-0.00542188999623806,-0.00821477376347023
-1.19197520091173,-0.366955923567687,0.0401075676309955,0.281214547295779,-0.026886114211538,-0.00580618156839744,-0.00808303106383803
-1.22200691614942,-0.392617708336603,0.0394678206868627,0.280452618719817,-0.0273130155818214,-0.00614484221810488,-0.00769270310261079
-1.24730092632228,-0.416713361102707,0.0390287383815699,0.280876450088794,-0.0276976017537946,-0.00640857762699169,-0.00706070075340231
-1.26749483467508,-0.438625912316855,0.0387631822857979,0.281891314327267,-0.0280218375917422,-0.0065794196612033,-0.00621464299480045
-1.28232818454251,-0.457867616192862,0.0386365787228514,0.282869699586916,-0.0282687240940155,-0.0066528708391206,-0.00518914427365815
-1.29168265759176,-0.474045029138202,0.0386134012282823,0.283258790184583,-0.0284269879069975,-0.00663716379382161,-0.00402226870907158
-1.29560396904369,-0.486824451279101,0.038660956047879,0.282642827881772,-0.0284943402357485,-0.00655057095676824,-0.00275288173897185
-1.29429932717505,-0.495913511640008,0.0387505357999364,0.280756854737935,-0.0284784373794457,-0.00641795566891389,-0.00141910585171097
-1.28810832756249,-0.501061190102197,0.0388570995378459,0.277462428638395,-0.0283954154630135,-0.00626745708065,-5.77331454354559e-05
-1.27745049238475,-0.50206915948962,0.0389588908366859,0.272701211235674,-0.0282664580608748,-0.00612769343833334,0.00129569527242995
-1.26275845214474,-0.498804737521083,0.039038053334449,0.266441841641545,-0.0281132104151279,-0.00602543554764461,0.0026064567985382
-1.24441049076525,-0.491208358852117,0.0390826500874799,0.258632919436675,-0.0279530245925378,-0.0059834817197481,0.00384017282536102
-1.22267810344971,-0.479292974281437,0.0390897279117127,0.249172267484102,-0.0277950682014634,-0.00601848676125061,0.00496260902383941
-1.19770267263554,-0.463136622784158,0.0390683304881836,0.237900103487273,-0.0276382736682273,-0.00613873542920684,0.0059400594438829
-1.16950993858141,-0.442871436365717,0.0390408540088112,0.224620052285195,-0.0274718712826669,-0.00634222476893657,0.00674054833506679
-1.13806193390137,-0.418672645205139,0.0390411874973554,0.209145699698735,-0.0272787231071481,-0.00661576768531415,0.00733588824725631
-1.10333440070874,-0.390750129689585,0.0391089728826328,0.191361716344708,-0.0270408248687465,-0.00693591067965407,0.00770431210296853
-1.06539706295528,-0.359343322481973,0.0392809753732374,0.171280644413816,-0.0267454113226847,-0.00727207103740279,0.00783304803521407
-1.02447013399141,-0.324718451059349,0.0395822420390696,0.149074589964678,-0.0263895995967491,-0.00759148596629624,0.00772002732644399
-0.980937441663466,-0.287165987298565,0.0400203365634672,0.125068867580405,-0.0259818993575411,-0.00786472345298917,0.00737408768875416
-0.935313014469152,-0.24699630580381,0.0405848395452695,0.0996995992826281,-0.0255401630115124,-0.00807017312412213,0.00681354035179987
-0.888175494928264,-0.204532754411415,0.0412520228488368,0.0734511888713272,-0.0250869746161033,-0.00819636524026753,0.00606354927748777
-0.840094101724134,-0.160102805975755,0.0419925168488838,0.0467948105049486,-0.0246442843107812,-0.00824188353297905,0.00515310675550176
-0.791567924771271,-0.114028862573734,0.0427790051770222,0.020144276148038,-0.0242289799931757,-0.00821348539615191,0.00411235393650873
-0.742990988634679,-0.0666202532876002,0.0435915881815092,-0.00616429635970013,-0.0238503570837981,-0.00812342573893846,0.00297070304303576
-0.69464539141631,-0.0181672924474769,0.044419744628533,-0.031871630384978,-0.0235096445852265,-0.00798687732276813,0.00175588246613645
-0.64671830658002,0.0310624888513759,0.0452610084728813,-0.0567807693312471,-0.0232012322800916,-0.0078199743144251,0.000493791070957121
-0.599336361609323,0.0808261869159635,0.0461171811186395,-0.0807372526463051,-0.0229150749978954,-0.0076386144806787,-0.000791057677947264
-0.552611243603832,0.13090541996414,0.0469891559663632,-0.103610808119488,-0.0226397936389922,-0.0074578685008045,-0.00207473896885094
-0.506691200607279,0.181103380472103,0.047871471827757,-0.125283025933462,-0.0223660818244147,-0.00729168897640163,-0.00333298877800889
-0.461812759717601,0.23123703931251,0.0487477375244141,-0.145643176087942,-0.0220900410143478,-0.00715256616963145,-0.00454035559281042
-0.41834481330937,0.281121784662211,0.0495881413259198,-0.164592302659558,-0.0218159611740963,-0.00705082316460789,-0.00566965113841056
-0.376813779805621,0.330546371950061,0.0503502549025184,-0.182053955226252,-0.0215578776161505,-0.00699338105277159,-0.00669193704657208
-0.337895881120681,0.37923881448461,0.0509840018618484,-0.19798847294789,-0.0213391014597395,-0.00698206467796113,-0.00757727232893933
-0.302364054528044,0.426828844238989,0.0514407210596764,-0.212406886405244,-0.0211890539008559,-0.00701183843701079,-0.00829634563671392
-0.270985983880491,0.472818301400243,0.051684720511553,-0.225380563250959,-0.0211373359950801,-0.00706965532897591,-0.00882288375831643
-0.244386311850699,0.516573908590424,0.051704116407321,-0.237043698618044,-0.0212060226362642,-0.00713467851845708,-0.00913640051064789
-0.222904336862878,0.557353668901064,0.0515170741620165,-0.247587165472938,-0.0214022681305464,-0.00718031856947629,-0.00922458153035638
-0.206487811852294,0.594367820187326,0.0511706526053539,-0.257243541650682,-0.0217137430988924,-0.00717785470807699,-0.00908459290444134
-0.194655778653315,0.626862168043296,0.0507321329041761,-0.266264300324253,-0.0221086902253923,-0.0071007033876416,-0.00872293704716312
-0.18654081877752,0.654203051764881,0.0502756465131221,-0.274891706910395,-0.0225407276311217,-0.00692809586096342,-0.00815400495216553
-0.180995564472783,0.67594395621465,0.0498684850576357,-0.283330004776711,-0.0229568468909693,-0.00664721629919113,-0.00739789338206209
-0.176732492212052,0.691862566457234,0.0495610235123236,-0.291722081282619,-0.0233062299434508,-0.00625352498285693,-0.00647816351780323
-0.172464452795676,0.701967587667586,0.0493822947352148,-0.300137440338636,-0.0235477490361448,-0.00574963485786599,-0.00542002744545112
-0.167021951796694,0.706481257330045,0.0493410894722639,-0.308574396997432,-0.0236548757565514,-0.0051434369630877,-0.00424913888021399
-0.159434652117315,0.705804918793274,0.0494309321684779,-0.316975039152723,-0.0236176246061931,-0.00444615848768296,-0.00299092215305328
-0.148973952067629,0.700474018420162,0.0496367022826866,-0.325247700930262,-0.0234417788233771,-0.00367083454891978,-0.00167028595508874
-0.135159528979095,0.691108755945613,0.0499408689613108,-0.333290129400756,-0.0231459852788501,-0.0028314339411337,-0.00031160765348833
-0.117736051534017,0.678367580057167,0.0503278823019269,-0.341007282604065,-0.0227574465932781,-0.00194266470498552,0.00106105453451921
-0.0966278168060061,0.662910789967935,0.0507858723324426,-0.348319743592302,-0.0223069442318764,-0.00102030105803988,0.00242353633107852
-0.0718796053672454,0.645378817006915,0.0513052973237514,-0.355160873023845,-0.021823833068955,-8.17158381726929e-05,0.00375097598862058
-0.0435923425530121,0.626384741925422,0.0518746500946769,-0.361462729891292,-0.0213315233721151,0.000853807576736301,0.00501716669867603
-0.0118627378546968,0.606515070899363,0.0524739526960293,-0.367132792460062,-0.0208438826831984,0.00176543675390774,0.00619402699694456
0.0232630411273578,0.586328943618457,0.0530676347379976,-0.372026073943084,-0.0203629878637641,0.0026321783548234,0.00725141495909226
0.0618111503878402,0.566345596743604,0.0535993384556896,-0.375920335819543,-0.0198787058310478,0.00343538413582208,0.00815754370535882
0.103868297656738,0.54701407894201,0.0539917443448977,-0.378504817623453,-0.0193705606040246,0.00416204391068571,0.00888024288041752
0.149532843711626,0.528667598162971,0.0541539697202254,-0.379393239358955,-0.0188120766528718,0.00480804258096634,0.00938920103543
0.198835796252439,0.511475065418041,0.0539969347208027,-0.37816737218406,-0.0181771539173422,0.0053802070652283,0.00965906505001561
0.251652645027799,0.495409472346914,0.0534535703683729,-0.374447062791155,-0.0174471372413221,0.00589603782081766,0.00967288001278008
0.307637645704817,0.480251371172391,0.0524973677057366,-0.367969107978785,-0.0166165382014165,0.00638067865898505,0.00942498130378584
0.366210468431286,0.465634134607554,0.0511518257966165,-0.358648370660619,-0.0156954408767302,0.00686175994541772,0.00892236900259705
0.426607037192775,0.451120739604666,0.0494862597908899,-0.346597827228934,-0.0147077185261117,0.00736370132520065,0.00818399330196297
0.487979573666453,0.436289114033038,0.0475990671048095,-0.332100396591716,-0.0136858287147698,0.00790327007449398,0.0072381357322037
0.549511240999192,0.420801782669314,0.0455946462071115,-0.315545153392585,-0.0126641915916848,0.00848750235977537,0.00611875905793828
0.610509536896028,0.404444818613013,0.0435618383541911,-0.29735193976219,-0.0116733271728176,0.00911397349715309,0.00486192511582993
0.670457294052815,0.387133845508233,0.0415597660443805,-0.277906789029933,-0.0107361539026867,0.00977254242136833,0.0035031063432146
0.729019032416408,0.368894009241535,0.0396133026669649,-0.257520516721852,-0.00986678648425327,0.0104474687933406,0.00207572020544338
0.786013249116708,0.349823994895764,0.0377173809905971,-0.236412164265074,-0.00907140294118264,0.0111191113942733,0.000610799196945925
0.841365095550165,0.33005290131618,0.0358479053574961,-0.214712573939034,-0.00835046292755755,0.0117649383242793,-0.000862502489543881
0.8950515828533,0.309696085421229,0.0339768546905243,-0.192481775473402,-0.00770161262244528,0.0123600448343527,-0.00231590977715102
0.94704728719456,0.288814246545581,0.0320893891487699,-0.169735150472602,-0.00712277162663224,0.012877669212601,-0.00372085249811367
0.997275435270021,0.267379977921321,0.0302006542321243,-0.146475173113901,-0.00661498807120303,0.0132903038256471,-0.00504740787600973
1.04556856514176,0.245257652135769,0.0283692287092203,-0.12272630275581,-0.00618460777968236,0.013571917255252,-0.00626365539607769
1.09164432061899,0.222204569156165,0.0267030849513113,-0.0985695600991134,-0.0058441817966934,0.0137015062695043,-0.00733576268399279
1.13510368711645,0.197901491499426,0.0253534560531302,-0.0741707176227663,-0.00561148932631795,0.0136676562526543,-0.00822911096416172
1.17545854197974,0.172016209511612,0.0244935044800896,-0.0497934194168324,-0.00550629886173934,0.0134730744667627,-0.00891063869398181
1.21218999574473,0.144292937360004,0.0242831749644543,-0.0257885969615037,-0.00554518032648442,0.0131374416121949,-0.00935225228714668
1.24482800342183,0.114645526691022,0.0248284018846251,-0.00255683709822566,-0.00573567860625756,0.0126968701256717,-0.00953464992331684
1.27303074887159,0.0832221422915018,0.0261483849548686,0.0195092854983658,-0.00607195011340664,0.0121991504712635,-0.00945046682658698
1.29663656066186,0.0504127286636506,0.0281645429227411,0.0400854458513668,-0.00653379089274797,0.011695641920498,-0.00910561851033362
1.31566933046864,0.0167918115829022,0.0307166447722841,0.0589575841848439,-0.00708971502920165,0.0112322284587061,-0.00851830124035486
1.33029657615754,-0.0169835951993396,0.0335999068433969,0.0760323547304484,-0.00770295870861244,0.0108421573572645,-0.00771601753035663
1.34075768213907,-0.0502845479057839,0.0366086346989758,0.0913165354136147,-0.00833816936510486,0.0105425388263165,-0.00673168914029358
1.34728808588174,-0.0825958385426249,0.0395719525709696,0.104877635677932,-0.00896666792007102,0.0103345793360247,-0.00560002081157875
1.3500615662205,-0.11356051521315,0.0423736014840034,0.116801804488827,-0.00956920715050504,0.0102063229902792,-0.00435487598553053
1.34916272011986,-0.142985379693406,0.0449555035529945,0.127161745115103,-0.0101362837442943,0.01013630676838,-0.00302788441178395
1.34459136398827,-0.170820200431179,0.0473097121330294,0.136000904131822,-0.0106667291686573,0.010096912679602,-0.00164811123404457
1.33629309628139,-0.197124796258005,0.0494645588296949,0.143334464368348,-0.0111654241327626,0.0100568509876565,-0.000242453960080704
1.32420602193128,-0.222033749209418,0.0514695132857343,0.149164114292679,-0.0116407710098391,0.00998277643741497,0.00116356672341765
1.3083118363645,-0.245722482060771,0.0533811908962833,0.153501873244183,-0.0121022717111709,0.00984039385321418,0.00254488630316419
1.28867971437443,-0.268373788918771,0.0552512660970161,0.156397518216751,-0.0125583579436011,0.00959557070458214,0.00387603488398093
1.26549322149473,-0.290142158992776,0.0571162620646455,0.157963616153747,-0.0130145611509788,0.00921599127818574,0.005130481228323
1.23905347043141,-0.311114865962057,0.0589892906452748,0.158391570475032,-0.0134721717233175,0.00867377152273602,0.00628033315644054
1.20975508864795,-0.331273276604105,0.060854483920623,0.157951777959426,-0.0139276460094061,0.00794916265471179,0.00729658033432533
1.1780355806953,-0.350463611983104,0.0626655890202219,0.156972114696129,-0.0143730712660637,0.00703496963962842,0.00815007852601001
1.14430385475888,-0.368390441767024,0.0643503373767861,0.155793048221037,-0.014797875999031,0.0059406619328335,0.00881338517067706
1.10886082815837,-0.384644751003325,0.0658212116502068,0.154705496780744,-0.0151916196909888,0.00469462578442767,0.00926331010607205
1.07183230801153,-0.3987690580066,0.0669911041960701,0.153887169357842,-0.0155471960039084,0.003343024352242,0.00948368977427942
1.03313687288141,-0.410346967473407,0.0677899947655562,0.153359152542595,-0.0158633993320037,0.00194459904540321,0.00946761521885147
0.992504212534322,-0.419091506545616,0.0681777126176762,0.152981068030038,-0.0161458476768655,0.000562260431294258,0.00921837634583915
0.949542950394187,-0.42490464432188,0.0681491434701632,0.152489440276414,-0.0164058273867938,-0.000746305836074967,0.00874880155293219
0.903839199228678,-0.427892003583152,0.0677313491117059,0.15156691441571,-0.01665745615582,-0.00193640998237827,0.00807926267384452
0.855057523096639,-0.428334815493653,0.0669751006498089,0.149919507227357,-0.016914172431776,-0.00298072117093178,0.00723502719190155
0.803018350377722,-0.426634836179873,0.0659446128914604,0.147339954005614,-0.0171856416173967,-0.003869872606587,0.00624367288659346
0.747736250019698,-0.423251257361597,0.0647085536876863,0.143744301804878,-0.0174757767861507,-0.00461015865283591,0.00513301976613449
0.689416023241197,-0.418643697305751,0.0633337215588331,0.139179554940895,-0.0177820175372718,-0.00521967698985741,0.00392972506436852
0.628413996477879,-0.41322788310371,0.0618813057525485,0.133807558082804,-0.0180955903894518,-0.00572414255260589,0.00265850527208443
0.565179681984004,-0.407345740727736,0.0604050262891291,0.127873409063822,-0.01840234997957,-0.00615317646207864,0.0013419225372048
0.500196784375469,-0.401250479900939,0.0589505929588441,0.121666506929045,-0.0186839529412177,-0.00653744187477565,7.05332000961083e-07
0.433939967645551,-0.395107880339551,0.0575562861120061,0.115480089391677,-0.0189193946537462,-0.00690667972536584,-0.00134544392524627
0.366853802620126,-0.389014255605832,0.0562544985953631,0.10957188249832,-0.0190871260598834,-0.00728847882355715,-0.00267669982411944
0.299346200675112,-0.383027491287519,0.0550735503384868,0.104125623430503,-0.0191678743932418,-0.00770744421456872,-0.00397187772948124
0.231779622149502,-0.377202070677858,0.0540384252119745,0.0992127480441113,-0.0191479446629272,-0.00818430922271627,-0.00520737772953883
0.164446848200984,-0.371616357612108,0.0531690287173608,0.0947568202217601,-0.0190224141328601,-0.00873454115756992,-0.00635649089987559
0.0975321375657067,-0.366382810167063,0.0524754824396646,0.0905094649734497,-0.0187974648896635,-0.00936619118023229,-0.00738919339133943
0.0310736083031518,-0.361637415937636,0.0519515203338326,0.086052442809035,-0.0184911299044522,-0.0100771498496862,-0.00827263382497174
-0.0350500802067667,-0.357510249118445,0.0515685224719505,0.0808415232329351,-0.0181318420045995,-0.0108525265805717,-0.00897266192391169
-0.101089663246504,-0.354083749358541,0.0512734464549552,0.0742995142768152,-0.0177544210996539,-0.0116633986147115,-0.00945670706330272
-0.167347663404512,-0.351350108479564,0.0509933304462313,0.0659465762265787,-0.017393759442988,-0.0124683327526285,-0.00969787845500492
-0.234071066581521,-0.349182938559263,0.0506467907605501,0.0555317959659322,-0.0170775345832577,-0.0132184520041019,-0.00967939157937597
-0.301350796642286,-0.347337267693971,0.0501596399703764,0.0431164583910535,-0.0168202977045009,-0.013865341776566,-0.00939781766900144
-0.369066288803493,-0.345482514701737,0.0494792499338276,0.0290718648098499,-0.0166213081697216,-0.0143694828918249,-0.00886381495738629
-0.436893601789199,-0.343258850209384,0.0485825329645631,0.0139910907880273,-0.0164670633024706,-0.01470635107419,-0.00810003962516249
-0.504366301788257,-0.340337416026707,0.0474754674696305,-0.0014482637386776,-0.0163373718570156,-0.0148683840058556,-0.00713718095855887
-0.570959480741454,-0.336465865111474,0.0461858298077845,-0.0166189728231056,-0.0162124647836709,-0.014862949476172,-0.00600966646696633
-0.636167642537312,-0.331490128273519,0.0447528678432753,-0.0310384860243861,-0.0160787491506189,-0.0147079281123844,-0.00475229331925922
-0.699560057824261,-0.32535340284401,0.043217443563083,-0.0444095087904954,-0.0159319253228688,-0.0144268525907575,-0.00339830056095741
-0.760810573045679,-0.318078542085999,0.0416146636360679,-0.0566137629553322,-0.0157773668708834,-0.0140449728727439,-0.00197876033693146
-0.819706093767725,-0.309740093425927,0.0399694784038823,-0.0676741006072099,-0.0156283364262107,-0.013586783831635,-0.000522881060270688
-0.876139386048142,-0.300430122433028,0.038294845617851,-0.0776993732333561,-0.0155027574900138,-0.0130749090399667,0.000941182741058756
-0.930090637200873,-0.290220445996848,0.0365918704637289,-0.0868222738436096,-0.0154191314730389,-0.012529895822373,0.00238530431636956
-0.981600744483287,-0.279124239463183,0.0348515779082401,-0.0951370154313547,-0.0153920334825143,-0.0119703607940422,0.00378034105733531
-1.03073849184112,-0.26706223409108,0.0330583342772324,-0.102643089718367,-0.0154276039060021,-0.0114129346281494,0.00509526090918323
-1.07756376985517,-0.253842023429821,0.0311951273148266,-0.109203446185549,-0.0155196396878142,-0.0108715591798308,0.00629669092647432
-1.12209001509906,-0.239161533181295,0.0292506904673534,-0.114528579997471,-0.0156472260938613,-0.0103559295647078,0.00734922889532666
-1.16425120802368,-0.222646527934501,0.0272276630626349,-0.118198899924168,-0.0157751144371404,-0.0098692940918449,0.00821687598621227
-1.20388140607667,-0.203924087180709,0.0251497586342693,-0.119732157983008,-0.0158578582889466,-0.00940636843090872,0.00886576991181247
-1.2407158660321,-0.182719093914154,0.0230649449496048,-0.118688379777726,-0.0158477239315217,-0.0089525307516091,0.00926795492891844
-1.27441933675295,-0.158944855999426,0.0210419830403228,-0.114785499220644,-0.0157047034778533,-0.00848534672384679,0.00940533571916634
-1.30463805253805,-0.132753175037684,0.0191599470955169,-0.107986088453944,-0.015405452663962,-0.00797861678372552,0.00927257760586263
-1.33106105662124,-0.104521616640123,0.0174936963867564,-0.0985211752223082,-0.0149478597194237,-0.00740788296989895,0.00887790415321022
-1.353470840185,-0.0747819215885347,0.0161005085923772,-0.0868420050128313,-0.0143496710567736,-0.00675548948494427,0.00824151860265019
-1.37176781059478,-0.0441174570744384,0.0150125001735366,-0.0735205483195387,-0.0136421821248653,-0.00601348705988459,0.00739229138566407
-1.38596484912231,-0.0130651249225639,0.0142364751475799,-0.0591364089309462,-0.0128618029139961,-0.00518375317524099,0.00636386227958736
-1.39615968747506,0.0179526909867456,0.0137595770203847,-0.0441845572529991,-0.0120424459246493,-0.00427590763306198,0.00519121326333167
-1.40249813835156,0.048657652157991,0.0135574062579659,-0.0290221303287676,-0.0112105590866937,-0.00330425901616484,0.00390830602030888
-1.40514012498547,0.0789116810359067,0.0136014393509086,-0.0138555009173998,-0.010383237873966,-0.00228497761423249,0.00254689894329359
-1.40423605197898,0.108690999284741,0.0138638351857638,0.00124148584155839,-0.00956891735377324,-0.0012342270489012,0.00113636286907382
-1.39991651723555,0.138048619302197,0.0143190893003266,0.0162898826604483,-0.00876981713114614,-0.000167445629483589,-0.000295788458360477
-1.39229494707635,0.1670724395575,0.0149429858553447,0.0313583582625732,-0.00798538204666663,0.00090044744913361,-0.00172293147765627
-1.38148034853739,0.195842561523701,0.0157098412418505,0.0465127117498867,-0.00721615175204639,0.00195438807993223,-0.00311817359596805
-1.36759543558977,0.224389529491617,0.0165892819359245,0.0617664660822087,-0.00646760539048337,0.00297860806257812,-0.00445322801374421
-1.35079368671526,0.252655535129586,0.0175438909775852,0.0770368547244124,-0.00575347755742643,0.00395672079282264,-0.00569756158708448
-1.33126798808388,0.280463106574613,0.0185290018185017,0.0921126377138443,-0.00509784876821645,0.00487284477606103,-0.00681809174408586
-1.30924442280195,0.307499407693137,0.0194955787098208,0.106643104147074,-0.00453510797114661,0.00571385361829143,-0.00777974088023998
-1.28495876508692,0.333326822292376,0.020396316638585,0.120158774866083,-0.00410691195212692,0.00647237115273644,-0.00854712307035607
-1.25862029257301,0.357428663051946,0.0211938031711214,0.132130343294573,-0.00385581911710479,0.00714959319296266,-0.00908745162158974
-1.2303752699228,0.379289700721544,0.0218682119230069,0.142061052826112,-0.00381647874463891,0.00775667618632711,-0.00937436253581964
-1.20028628060176,0.398495582100862,0.0224213926176136,0.149591261497026,-0.00400675672269178,0.00831363586562769,-0.00939183283745503
-1.16833896747943,0.414820366389584,0.0228751728676799,0.154581026694502,-0.00442205090397602,0.00884559361790713,-0.00913701321361995
-1.13447551595626,0.42826876278438,0.0232640720868978,0.157138269425918,-0.00503534279427886,0.00937744150206634,-0.00862093514269336
-1.09864135161012,0.439055286359779,0.0236251075438329,0.157580144969753,-0.00580324153879213,0.0099287949347353,-0.00786677845036473
-1.06082670550528,0.447529273261705,0.0239883473520323,0.156343511602394,-0.0066757027857842,0.0105108774150284,-0.0069063326942199
-1.0210901453098,0.454075882160508,0.0243708926905309,0.153879405336985,-0.00760587678214282,0.0111259003512349,-0.00577588012988173
-0.979561414851698,0.459026982702983,0.024775057016481,0.150566218224656,-0.00855719724535499,0.0117683406620204,-0.00451267277576115
-0.936428696585474,0.462604035123504,0.0251900041853079,0.146661298638448,-0.0095065372606624,0.0124269597771513,-0.00315265471260514
-0.891917255616986,0.464898430109588,0.0255955951219549,0.142292955702042,-0.0104438082629361,0.0130865547446055,-0.00172949871720011
-0.846264099769037,0.465882851710901,0.025967422270708,0.137483360368783,-0.0113691224928725,0.013728958194542,-0.000274663647719971
-0.799689817053145,0.465442865872748,0.0262824363439376,0.132189317387031,-0.0122886581679286,0.01433333863188,0.00118192945539095
-0.752366704207323,0.463419041174871,0.0265248130433544,0.126349415629591,-0.0132100637559256,0.0148762133532463,0.00261096070649018
-0.704382878499211,0.459652997622305,0.02669164282854,0.119928976217102,-0.0141379681717501,0.0153317556350741,0.00398278929176831
-0.655705243974196,0.454033090467204,0.0267976928446014,0.11295620441734,-0.0150700955608285,0.0156729857770671,0.00526676668910114
-0.606149434417535,0.446535753706402,0.0268780426718065,0.105543552357269,-0.0159946137875869,0.0158742855711859,0.00643100004561416
-0.555370287551354,0.437256824630087,0.0269870957045208,0.0978884765753078,-0.0168895289394894,0.0159153252334869,0.00744280556093359
-0.502888508524022,0.426424664654303,0.0271926848482573,0.0902493929869759,-0.0177249151651096,0.0157859101122832,0.00827008798581799
-0.448163374796762,0.414386057544892,0.0275650785946437,0.0828975417169678,-0.0184682511088848,0.0154905338454896,0.00888375239576941
-0.390705144271446,0.401559900310192,0.0281626695722125,0.076053951334393,-0.0190920203222393,0.0150508883536864,0.00926091932681647
-0.330198662140588,0.388364216065898,0.0290182774068802,0.0698297089938135,-0.0195813942161443,0.0145047218262854,0.00938823325337859
-0.266594710692001,0.375135910396076,0.0301309173786196,0.064191221006024,-0.0199391292509859,0.0139005569354413,0.00926420666934095
-0.200131792209093,0.362071215642232,0.0314663949279854,0.0589649911082363,-0.0201855686193776,0.0132895099562618,0.00889967577121454
-0.131279362869245,0.349209656285083,0.0329665538092459,0.0538803683115882,-0.0203536898614651,0.0127167620644826,0.00831612603963613
-0.060627431446274,0.336466518099333,0.0345635098028837,0.0486329534420448,-0.0204812478977412,0.0122152399867153,0.00754249180475566
0.0112344976161536,0.323698998265109,0.0361938567416931,0.0429453643016513,-0.0206029143170524,0.0118028300184405,0.00661150479559616
0.0838116446555855,0.310780986525302,0.0378090176570246,0.0366076440896712,-0.0207446425451527,0.011482892524362,0.00555655472015618
0.156753545885377,0.297663644137368,0.0393802794714148,0.0294908350449139,-0.0209210622595399,0.0112468483055319,0.0044095546445608
0.229860154856376,0.284408537612336,0.0408990174975702,0.0215370112996282,-0.0211354767499445,0.0110774340132649,0.00319984453478907
0.303055371491952,0.271190458840823,0.0423735217183725,0.0127340902272272,-0.0213814723770307,0.0109516093786963,0.00195392658376952
0.376340392126927,0.258274509424594,0.0438239078155969,0.0030846096121821,-0.0216452048888655,0.0108426676586836,0.000695790887683807
0.449737703194891,0.245975619282766,0.045276310013442,-0.0074236629445334,-0.0219078128593047,0.0107216001513128,-0.000552370028158083
0.523235615519304,0.234608852183386,0.046757179913178,-0.0188393468206479,-0.0221478105074386,0.010558083380731,-0.00176925232998866
0.596742440062458,0.224436866365431,0.0482880872070833,-0.0312570184190084,-0.0223435008983676,0.0103215587237827,-0.00293357058766478
0.670057038383426,0.215619344477742,0.0498810669330333,-0.0448116424667748,-0.0224754015196079,0.00998279882333029,-0.0040234777553955
0.742858755420561,0.208169932648899,0.0515344922741494,-0.0596560471026884,-0.0225284983584522,0.00951616325468661,-0.00501647839193519
0.814716298509228,0.201928703206475,0.0532297538833637,-0.0759220762013993,-0.0224939764812895,0.00890247794243566,-0.00588992830026838
0.88511295072233,0.19655974150303,0.0549295279791759,-0.0936703173315208,-0.0223700112017006,0.0081321568221043,-0.00662207715391571
0.953483772317198,0.191581051635269,0.056578726668253,-0.112838560053621,-0.0221612894439867,0.00720787727939591,-0.00719347713042788
1.01925874779641,0.186426505712131,0.0581090119867267,-0.13320302053321,-0.0218772009069485,0.00614595549329737,-0.00758848072539934
1.08190415046337,0.180528881331733,0.0594468677044593,-0.154365984843517,-0.0215290370541322,0.00497568535470829,-0.00779651530700643
1.14095432126405,0.173404047786841,0.0605239426546412,-0.175777531876698,-0.0211269295603152,0.00373636529209564,-0.007812874897877
1.19602833489971,0.164714122154637,0.0612872750136827,-0.196788985799754,-0.0206774400829695,0.00247241234666286,-0.0076388987060777
1.24683053961099,0.154293997399845,0.0617067016023618,-0.216725922709911,-0.0201825493033608,0.00122757358102372,-0.00728156552394876
1.2931391467014,0.14213826860043,0.0617774991730144,-0.234963320120585,-0.0196403250092211,3.95081891456466e-05,-0.00675266471009557
1.33479066807497,0.128358239593113,0.0615177884437992,-0.250986715658766,-0.0190469823381625,-0.0010641820057683,-0.00606776679250622
1.37166831097572,0.113125927461192,0.0609617815052733,-0.264429566726981,-0.0183996312185849,-0.00206792704965379,-0.00524520265663579
1.40369923717149,0.096621920929582,0.0601509473200796,-0.275084876199297,-0.0176988823843807,-0.00296822242546319,-0.00430519428225516
1.43086022597829,0.0789985095590321,0.0591253556020876,-0.282895279299536,-0.0169506385201717,-0.0037722041278885,-0.0032692005294776
1.45318649407383,0.0603624162419681,0.057917014190545,-0.287928721601539,-0.016166710425181,-0.00449540019830183,-0.00215948340725099
1.47077625726899,0.0407757890783267,0.0565463004584228,-0.290346894991531,-0.015364222380697,-0.00515920996861394,-0.000998875185209131
1.48378504762253,0.0202711041166917,0.0550219341925433,-0.290372021915874,-0.0145640108602627,-0.00578845396890404,0.000189275098304039
1.49240763698472,-0.00112513082346271,0.0533444677373427,-0.288255545299751,-0.0137883416301664,-0.00640911238666386,0.00138099892691814
1.49684984426854,-0.0233646660122601,0.0515129223212381,-0.284250546240275,-0.0130582972689134,-0.00704619807706595,0.00255149149727545
1.49729560023124,-0.04635030468703,0.049533802594939,-0.278588557113454,-0.0123911718597738,-0.00772162575405699,0.00367486249268148
1.49387608374951,-0.0699139832575413,0.0474311358798321,-0.271461052404296,-0.011798208715502,-0.00845196083576186,0.0047239864272689
1.48664741571313,-0.0938055611585471,0.0452553788945569,-0.263006170369254,-0.0112830469902305,-0.00924606592673129,0.00567062952625192
1.47558232161585,-0.117697893612438,0.0430882681304234,-0.2533019574751,-0.0108412741639175,-0.0101028992683519,0.00648604932268581
1.46057942234195,-0.141212155827995,0.0410404955870989,-0.242368016924697,-0.010461425391171,-0.0110099982601124,0.00714222906326771
1.44149117582708,-0.163962982519005,0.0392401716018497,-0.23017713775747,-0.01012752922009,-0.0119433743475046,0.00761378851031782
1.4181672362717,-0.185615973198486,0.0378127711112661,-0.21667668757506,-0.00982283910286713,-0.0128694702998727,0.00788038966561916
1.3905047785062,-0.205942931144227,0.036857066550936,-0.201816555483176,-0.00953384185476169,-0.0137493538402904,0.00792918013203877
1.35849285055147,-0.2248571409079,0.0364245680496097,-0.185577470403727,-0.00925329370690607,-0.0145445140510986,0.0077566246699764
1.32223766879882,-0.242415669328551,0.0365099852367475,-0.167992516511324,-0.00898121235287457,-0.0152228586740763,0.00736913372401397
1.28196115066451,-0.258787322874804,0.0370563791249102,-0.14915660153499,-0.00872348582734974,-0.015763263231952,0.00678225115961045
1.23797430741009,-0.274197707184243,0.0379728095152895,-0.129222801472212,-0.00848869616450152,-0.0161575254666091,0.00601865527622937
1.19063540882113,-0.28886980710207,0.0391577240835966,-0.108388666867791,-0.00828437665763576,-0.0164095649465163,0.00510558831582132
1.14030622018646,-0.302976873546193,0.040520350946337,-0.0868777299926707,-0.00811394047764253,-0.0165326213269675,0.00407239276425086
1.08731736678441,-0.316616937110825,0.0419946629626158,-0.0649210400081213,-0.00797505595384361,-0.0165456230191247,0.00294863481264098
1.03194832162153,-0.329810057447853,0.0435440563516279,-0.0427414791316536,-0.00785964963445633,-0.0164697753795115,0.00176300145838319
0.974421954431831,-0.342513872638734,0.045157833368301,-0.0205413079767165,-0.00775529157916632,-0.0163259854071056,0.000542915627467112
0.91490992483315,-0.354651327390664,0.0468419696820495,0.00150812355594967,-0.00764751945707426,-0.0161332822623258,-0.000685313228173451
0.853544207483459,-0.366143875102432,0.0486070580070103,0.0232757288606501,-0.00752267558803563,-0.015908054069588,-0.00189602632746031
0.790430806045139,-0.376945037245352,0.0504558716747292,0.0446795646428099,-0.00737088099907016,-0.0156637569382183,-0.0030636517116618
0.725663905138111,-0.387068988621214,0.0523727761066583,0.0656938776273619,-0.00718879552123419,-0.0154107480793206,-0.00416223475657468
0.659340394120939,-0.396609022153045,0.0543169975139443,0.0863512743422385,-0.00698177862403339,-0.0151559778409902,-0.00516525858717468
0.591575676927535,-0.405740678601185,0.0562215923443206,0.106735889559192,-0.00676498332558126,-0.0149024498645593,-0.00604595050277577
0.522520960251882,-0.414705510471999,0.0579993745560042,0.126964131801381,-0.00656289104271804,-0.0146485736229476,-0.00677823495905505
0.452380117132243,-0.423774962767808,0.0595556780036202,0.147152751208822,-0.00640695710987135,-0.0143877402438289,-0.0073383701173278
0.381421832435925,-0.43319988650316,0.0608056572807595,0.16737925261907,-0.00633147962382139,-0.0141085529201248,-0.00770707646844834
0.309981842357809,-0.443157911266567,0.0616915939886038,0.187644922553581,-0.00636846014070456,-0.013796031385912,-0.00787169972313528
0.238452183230847,-0.453714584199964,0.0621947182389775,0.207852592103727,-0.00654279550037551,-0.0134337649228337,-0.00782779915250472
0.167259077029893,-0.464811399117193,0.0623374410713867,0.227807408739722,-0.00686922767108263,-0.0130065495696812,-0.00757965825175186
0.0968359487499298,-0.476284711073894,0.0621753503578963,0.247240566353959,-0.00735190305551512,-0.0125027685386846,-0.00713957150933598
0.0276000985606617,-0.487908517575242,0.0617821132270141,0.26584770381058,-0.00798640780740226,-0.011915845628693,-0.00652618472977486
-0.0400604361827357,-0.499446875750588,0.0612325646547374,0.283330019640979,-0.00876328361887344,-0.0112444783626385,-0.00576242828719837
-0.105787832727078,-0.510701087811541,0.0605889578276283,0.299428145841334,-0.00967169627569857,-0.0104918129922944,-0.00487358400732389
-0.169245717415277,-0.521541255688556,0.0598933181431631,0.313944008803901,-0.0107021538056508,-0.00966402655084648,-0.00388583729227652
-0.23010571170546,-0.531917836545155,0.0591664318758383,0.326750849221684,-0.0118476880077719,-0.0087688414654973,-0.00282542873501108
-0.28803469654768,-0.541853525412184,0.0584122118046891,0.337794192954473,-0.0131034235816932,-0.00781436606919233,-0.00171833686309605
-0.342687159757345,-0.551418325596237,0.0576253259912791,0.347086751881315,-0.01446480696329,-0.00680844100070821,-0.000590326353129067
-0.39370546430276,-0.560691635024956,0.0567998467130352,0.354698933573938,-0.0159249477474029,-0.00575846775234545,0.000532835784578371
-0.440729393720643,-0.56971576146919,0.0559369353554961,0.36074504470675,-0.0174716108710718,-0.00467155052224533,0.00162518932806884
-0.483415000881969,-0.578446449435524,0.0550499997733314,0.365364394912227,-0.0190844549630731,-0.00355471331343319,0.00266058557611475
-0.521461416963915,-0.586707842459056,0.054166282632112,0.368696937736349,-0.0207331535242855,-0.00241496261650487,0.0036130182383963
-0.554642740852392,-0.594161014672902,0.0533245210308865,0.370854988098622,-0.0223770134349398,-0.00125904968388235,0.004457347316617
-0.582840668931438,-0.600295345888295,0.0525691936824338,0.371895460610265,-0.0239665436611969,-9.29312115457695e-05,0.00517039260747029
-0.606072635231029,-0.604449090854969,0.0519427971076952,0.371799626151253,-0.0254470738129042,0.00107890676880177,0.00573226920707275
-0.624510674415447,-0.605859505716848,0.0514782553300818,0.370467941382352,-0.0267640254023494,0.00225397413218339,0.00612774962113246
-0.638487977204947,-0.603735343466205,0.0511935828609621,0.367734668325526,-0.0278689424502568,0.00343185335160395,0.00634739934236882
-0.648492618392923,-0.597338563803216,0.0510901630917744,0.363401158784935,-0.0287250980912522,0.0046136611039215,0.00638826426813756
-0.655149852445689,-0.586060090412071,0.0511547226933962,0.357279945910897,-0.0293115417209308,0.00580095826948542,0.00625397826826439
-0.659194995006668,-0.569477032204959,0.0513638568801286,0.34923741407752,-0.0296248350908799,0.00699439554079698,0.00595427817712599
-0.661438555145197,-0.547384376960099,0.0516893322157684,0.339223115526743,-0.0296783026817353,0.00819248831932074,0.00550402911499183
-0.662725073392971,-0.519800322544523,0.0521025581931357,0.327278738162332,-0.0294991912320258,0.00939085283665462,0.00492195072212792
-0.663887839265245,-0.486949190968343,0.0525773493613574,0.313526903325318,-0.02912452461262,0.0105820447270089,0.00422927615771847
-0.665703017249532,-0.44922847847173,0.0530909490486233,0.298146118390279,-0.0285965688393574,0.0117559234977242,0.00344855961663602
-0.668847662383502,-0.407167201179654,0.0536238746149987,0.281341076512702,-0.0279587037241762,0.0129003226380859,0.00260277984019667
-0.673865824039276,-0.361381905818082,0.0541593296427522,0.263316791542108,-0.0272522224779911,0.0140017817948703,0.00171479126825748
-0.68114547048714,-0.312535189344063,0.0546827877890053,0.244262052129532,-0.0265142639314506,0.0150461749015313,0.000807084251543849
-0.690907103905462,-0.261299861603188,0.0551820580908239,0.224344086970095,-0.0257768162529084,0.0160191888958201,-9.82447710830489e-05
-0.703203511219435,-0.208330366983224,0.0556478381214745,0.203713351744554,-0.0250665587367273,0.0169067132788867,-0.000979437263601074
-0.717929557012635,-0.154242008360335,0.0560745313496408,0.182515425714827,-0.0244052314484028,0.0176952564005714,-0.00181505250460969
-0.734841041387309,-0.0995979063886636,0.0564609675627493,0.160906004020861,-0.0238102175269595,0.0183724980301179,-0.00258408723231347
-0.753581911901751,-0.0449033904910517,0.0568106294599948,0.139064651265038,-0.02329507013782,0.0189280275171518,-0.00326631185210592
-0.773718923081536,0.00939260792176871,0.0571310641282814,0.117203220383312,-0.0228698030344034,0.0193542216731047,-0.00384286368539526
-0.794781715879866,0.062889922045791,0.0574323467607547,0.095565707475455,-0.022540880296686,0.019647112260455,-0.00429708745317776
-0.816304465584913,0.115224739781851,0.0577247571795944,0.0744180116202445,-0.022310977030283,0.0198070185486264,-0.00461554806402332
-0.837863295046257,0.166054912566102,0.0580161445411318,0.0540285283242763,-0.0221787023871844,0.0198387093084404,-0.00478907022433321
-0.859102856021774,0.215046418382995,0.0583096768922738,0.0346432566062556,-0.0221385377423189,0.0197509366611305,-0.0048136074882452
-0.879746687575566,0.261864656116066,0.058602656091933,0.0164611428700268,-0.0221812022662605,0.0195553355516971,-0.00469073905436233
-0.899589508957776,0.306173327434824,0.0588867901429429,-0.000384270281891377,-0.0222945208403062,0.0192648607736591,-0.00442765464775722
-0.918474259977977,0.347641644016796,0.059149837975446,-0.0158326029413257,-0.0224646837734381,0.0188920629895556,-0.00403660381282012
-0.936260706835789,0.38595820764046,0.0593780955456231,-0.0298927857069148,-0.0226776418763243,0.0184475362280939,-0.00353391475532937
-0.952794050526659,0.420848115166415,0.0595589727565201,-0.0426299491336469,-0.0229203370797571,0.0179387958703786,-0.00293877819455603
-0.967880976038802,0.452089373338283,0.0596830039986786,-0.0541475235162994,-0.0231815418078,0.0173697169770392,-0.00227201383856888
-0.981277674951755,0.479525523906873,0.0597449422919334,-0.0645693069491251,-0.0234522194682916,0.0167405349230776,-0.00155499380142564
-0.992691115995741,0.503072928867403,0.0597439437663931,-0.0740250610919401,-0.0237254608645432,0.01604832750512,-0.000808818210932007
-1.00179212337599,0.522722607908563,0.0596830947726289,-0.0826413431764784,-0.0239961434032206,0.0152878629799566,-5.3756712136341e-05
-1.00823704219618,0.538537332470011,0.0595686117121273,-0.0905375629587571,-0.0242604864569945,0.0144526951627037,0.000691090492390547
-1.01169372330165,0.550644761288585,0.0594089803994578,-0.0978260919927687,-0.024515647291686,0.0135363913003289,0.00140798797409351
-1.01186696188297,0.559227032359693,0.0592141694923417,-0.10461471796406,-0.024759440199091,0.0125337767168831,0.00208069354061234
-1.00851863370385,0.564507023390514,0.0589949417855447,-0.111009723393399,-0.0249901977179082,0.0114420756766104,0.00269457682678509
-1.0014785983857,0.566731744799829,0.0587622314752107,-0.117118195177953,-0.0252067409860947,0.0102618252293036,0.00323675582301324
-0.990644336301371,0.566154200168612,0.0585265737399692,-0.123048711348437,-0.0254084014834005,0.0089974507695197,0.00369625123368511
-0.975969775324124,0.563016062859268,0.0582976224587993,-0.128910160167885,-0.025595032872819,0.00765742043412228,0.00406413931237737
-0.957446281077884,0.557534133522833,0.0580838338900468,-0.134809006994361,-0.0257669639348475,0.00625394115220597,0.00433367576167496
-0.935080660820796,0.549893341469042,0.0578924012297374,-0.14084573280534,-0.0259248653586005,0.00480221777088032,0.00450036527936713
-0.908875600088051,0.540247870483674,0.0577294828145546,-0.147111330732898,-0.0260695249889702,0.00331935777515838,0.00456195956834274
-0.878817138854164,0.528730185747562,0.0576006955683091,-0.153684643100938,-0.0262015456950983,0.00182305663965587,0.00451837770084851
-0.844871915562309,0.515465914500901,0.0575117749096934,-0.160630996970337,-0.0263209956012543,0.000330230515599397,0.0043715542016713
-0.806994480150465,0.500591234154021,0.0574692536339392,-0.168002142375916,-0.026427048202969,-0.00114423510691275,0.00412523002245912
-0.76514274591378,0.484269035629926,0.0574810016303802,-0.175837053531922,-0.0265176508025858,-0.002588479866072,0.00378470892512179
-0.719298131976657,0.466700649829719,0.0575564916802092,-0.184162835565565,-0.0265892540052793,-0.00399431455931497,0.00335660611302225
-0.669486495486125,0.448131125958697,0.0577067089518391,-0.192994883717871,-0.0266366289867773,-0.00535748430868849,0.00284861792844876
-0.615796397051691,0.428847463349348,0.057943684610898,-0.202335578633532,-0.0266527947146473,-0.00667756586697674,0.00226934108308973
-0.55839227480483,0.409170465299024,0.0582797010525774,-0.212171154768407,-0.0266290786872693,-0.00795755224621395,0.0016281675968851
-0.497521171962557,0.389441724487475,0.058726277791992,-0.222466876398063,-0.0265553387758504,-0.00920319493171682,0.00093527644937014
-0.433512418547408,0.370007649324313,0.0592931047870867,-0.233161232154447,-0.0264203767539493,-0.0104221731939676,0.000201733922607839
-0.366769976983444,0.351202519340839,0.059987143071528,-0.24416043350454,-0.0262125687477503,-0.0116231459174948,-0.000560299584189477
-0.297757249491841,0.333332511012073,0.0608121566512312,-0.255334983820482,-0.0259207183384563,-0.0128147204480993,-0.00133727852284017
-0.226974498694304,0.316662589477838,0.0617689588025252,-0.266520352485815,-0.0255351029311965,-0.0140043537601832,-0.00211394459193824
-0.154930127372886,0.301408034185009,0.0628566125748037,-0.277523661671767,-0.0250486362167777,-0.0151971937426158,-0.00287303872155634
-0.0821090677917035,0.287731869981873,0.0640746638838758,-0.288137541172478,-0.0244580172834629,-0.0163948827092755,-0.00359515530602048
-0.00894405335168735,0.27574834218701,0.0654261693141897,-0.29816078274028,-0.0237646975596573,-0.0175943910965302,-0.0042588575686109
0.0642025913869376,0.265530775378272,0.0669208259690392,-0.307423176447023,-0.0229754867289999,-0.0187870269431228,-0.00484116848074608
0.137039378978885,0.257120257812122,0.0685770534103483,-0.31580942155832,-0.0221026526326196,-0.0199578592931715,-0.00531851633136314
0.209324851846323,0.250530685436076,0.0704216766966327,-0.323275244362518,-0.0211634498429465,-0.0210858577040964,-0.00566814155547315
0.280829043675406,0.245746868203059,0.0724862102172283,-0.329849075053841,-0.0201791229290767,-0.0221450217888287,-0.00586986458417178
0.351288418381329,0.242715823620156,0.0747997741679167,-0.335615727694403,-0.0191735437740237,-0.0231066008811914,-0.00590799213034516
0.420370088777665,0.241335692049028,0.0773801352482536,-0.340684165785568,-0.0181717191742881,-0.023942192416919,-0.00577304094593822
0.487659347990619,0.241449381061413,0.0802255771433661,-0.345147584509091,-0.0171984100754844,-0.0246271607152899,-0.0054629349519004
0.552676273983007,0.242849044555693,0.0833105196947956,-0.349047726490039,-0.0162770294549501,-0.0251436099137468,-0.00498342091690982
0.614916082082156,0.245292869966416,0.0865866913325121,-0.352354342840993,-0.0154288567841801,-0.0254822126737076,-0.00434763637726351
0.673899551518195,0.2485298551037,0.0899896659177303,-0.354965314219064,-0.0146724794423607,-0.0256425381719917,-0.0035749813236589
0.729217954921142,0.252324478387356,0.0934486661370956,-0.356725858735971,-0.0140232977345763,-0.0256319769162598,-0.00268959988961503
0.780561319991759,0.256473191043284,0.0968965799718138,-0.357459856819251,-0.0134929359152158,-0.025463717980569,-0.00171881343514118
0.827726132762557,0.260807895655745,0.100277368596491,-0.357004383674422,-0.0130884714546057,-0.025154363451167,-0.000691767683612232
0.870605097949988,0.265186107924045,0.103549123208624,-0.355239734071214,-0.0128115001517674,-0.0247216779268447,0.000361582648060669
0.909165173122718,0.269471453566727,0.106682371712539,-0.352109825469822,-0.0126571660597736,-0.0241827663806174,0.00141116977659011
0.943420786659637,0.27351065491745,0.10965442775203,-0.347630333191012,-0.0126133860053549,-0.0235527682472635,0.00242731223669562
0.973408034320892,0.277114120577791,0.112441455416589,-0.341883650473291,-0.0126605710230977,-0.0228440239345084,0.00338119251000809
0.999163849032134,0.280046750273449,0.115010469719873,-0.335001109908273,-0.0127721596931072,-0.0220656310980674,0.00424548134257791
1.02071251485098,0.282033574409745,0.117313676356383,-0.327134635096022,-0.0129161910922578,-0.0212233425691971,0.00499521174843737
1.03806059677342,0.282781267922494,0.11928722368804,-0.318422421127735,-0.0130579304552163,-0.0203198131746609,0.00560889024119756
1.05120036667404,0.282011920743538,0.120855471640131,-0.308955814833113,-0.0131632504783943,-0.019355225169797,0.00606969813964895
1.06012080039903,0.279501089939298,0.121940348706524,-0.298755792149701,-0.0132021726356177,-0.0183282748499553,0.00636653517275323
1.06482384256829,0.27510997468072,0.122473682752814,-0.287765819004984,-0.013151832017213,-0.0172373937485884,0.00649464337946326
1.06534202994689,0.268802858144921,0.122409225764343,-0.275863296249664,-0.0129982432017593,-0.0160819654348603,0.00645563779344258
1.06175213883341,0.260645363461327,0.121730976157885,-0.262885873270277,-0.0127365793991649,-0.0148632516275061,0.0062569225655001
1.05417929306386,0.250784703771141,0.120455440404987,-0.248664409245854,-0.0123700850604248,-0.0135848011547804,0.00591061870149326
1.04278759643643,0.239417682122367,0.118627246525139,-0.233053255445485,-0.0119080541115905,-0.0122522646047983,0.00543221869268361
1.02775750421016,0.226754518508954,0.116309432668102,-0.215951146663193,-0.011363439677654,-0.0108727260376322,0.00483920625887298
1.00925631556779,0.212986654899247,0.11357123786407,-0.197310820190784,-0.0107506323135036,-0.00945382124083829,0.00414985617617429
0.987414353407388,0.198265123299404,0.110476953423439,-0.177140145623473,-0.010083814596688,-0.00800297553549992,0.00338237543022182
0.962321916236635,0.182693288704244,0.107079114020105,-0.155499809620763,-0.00937611730169982,-0.0065270211283969,0.00255445970102077
0.93405589916808,0.166333767584672,0.103417799943104,-0.132501156564089,-0.00863957479456765,-0.00503224511261606,0.00168321372967283
0.902728775257981,0.149224664412303,0.0995252882529524,-0.108303581929183,-0.0078856323966133,-0.00352466962011556,0.000785260243849093
0.868533844330648,0.13139699708197,0.095432753060238,-0.0831072966608453,-0.00712579037375188,-0.00201024733949292,-0.000123172767320024
0.831755676841838,0.112886189140488,0.0911749688292847,-0.0571382241123231,-0.00637201312313137,-0.000494797601835553,-0.00102628138653689
0.792734815757552,0.0937363267185566,0.0867911087987186,-0.0306273506001898,-0.00563681013335038,0.00101618701924214,-0.00190873817979994
0.751808120421755,0.07400204090418,0.0823232059573325,-0.00379152035235837,-0.00493319226667823,0.002517577889654,-0.00275560363171972
0.709261167765139,0.0537536965720126,0.0778154344044854,0.0231788448854189,-0.00427475052117852,0.00400438253575067,-0.00355206476814175
0.665313708201094,0.0330864946923481,0.0733156653806335,0.0501254220820537,-0.00367587901543003,0.00547144032000304,-0.00428315332498385
0.620132204724689,0.0121291278274016,0.0688779562489045,0.0769251969367333,-0.00315192222549628,0.00691334757391277,-0.00493364138862132
0.573850514557482,-0.00895358128571815,0.0645634063630752,0.103493900258276,-0.00271897715426079,0.00832474709857299,-0.0054882096639832
0.5265848298265,-0.0299670313821076,0.0604377405615128,0.129788850122146,-0.00239319313611683,0.00970090184061581,-0.00593187126196656
0.478439938443891,-0.0507021044034816,0.056565639844606,0.155808107552281,-0.00218956332044901,0.0110383442262082,-0.0062505872340059
0.429510930807509,-0.0709569688658809,0.0530031517860097,0.181582992794369,-0.00212033153235267,0.0123353815449225,-0.00643201255908982
0.379885783812651,-0.0905615564471011,0.0497901499913818,0.207162853872846,-0.00219324807814824,0.0135922908336278,-0.00646631547729887
0.329652010615878,-0.109399890599935,0.0469448472365018,0.232593538999093,-0.00240999917006477,0.014811115914845,-0.0063469957173614
0.278907408096198,-0.127425264302196,0.044461915039273,0.257893467379326,-0.00276517770756238,0.0159950718354582,-0.00607159791664647
0.227772339470476,-0.144664306451387,0.0423148827600995,0.283032647901552,-0.00324611186361073,0.0171476527480433,-0.00564219958062548
0.176399865187908,-0.161208408220281,0.040462351589912,0.307919787809453,-0.00383370031692769,0.0182716067681185,-0.00506557461560743
0.124980498346139,-0.177194272512705,0.0388564668720251,0.332400627113063,-0.00450415313157738,0.0193679585126115,-0.00435300053991457
0.073739980497218,-0.192778386286464,0.0374514308950977,0.356267583204022,-0.00523129497828962,0.0204352184127335,-0.0035197700195445
0.0229303494151799,-0.208111845075808,0.0362098645173823,0.379277995046473,-0.00598895226630578,0.0214688369243456,-0.00258454511861954
-0.027184113968557,-0.223321668789073,0.035105519204132,0.401176828546993,-0.00675296846134592,0.022460883942115,-0.00156872007982154
-0.0763440174223839,-0.238502933213199,0.0341219215159384,0.421719966781622,-0.00750254863862165,0.023399904003345,-0.000495926181410187
-0.124313199984605,-0.25372356631764,0.033247621306417,0.440695496374657,-0.00822084992097973,0.0242709315867313,0.000608263801616203
-0.170896633336499,-0.269041311117831,0.0324695494443549,0.457941718862553,-0.00889493358847772,0.0250557352482763,0.00171646565528764
-0.215956010926396,-0.284530376610423,0.0317664708522996,0.473361111624873,-0.00951533270712171,0.0257334530639452,0.00279956815227987
-0.259420361341052,-0.300313459924014,0.0311046430250753,0.486928884989159,-0.0100755513187378,0.026281831373829,0.00382695913808784
-0.301288014539516,-0.316592857691978,0.0304375330901979,0.498693610682091,-0.0105717904749249,0.0266792305330567,0.00476711807795668
-0.341615864253866,-0.333672473406258,0.0297106958779882,0.508766700590583,-0.0110030754857617,0.0269073735769481,0.0055887841119639
-0.380493207781837,-0.351961671013632,0.028871570169875,0.517298668719703,-0.0113717233335037,0.026954490854508,0.00626280308887727
-0.418001234284139,-0.371953654191528,0.0278821561690459,0.524443956182243,-0.0116837720900631,0.0268181464121103,0.00676453603348774
-0.454164898141272,-0.394176301060618,0.0267309221159492,0.530321881703501,-0.0119487264756872,0.0265068162583328,0.00707641041984501
-0.488908971151655,-0.419120857461832,0.0254398450451302,0.53498596627437,-0.0121779716875068,0.0260394457018087,0.00718994701725555
-0.522031140292249,-0.447159810290311,0.0240639040160131,0.538413471864426,-0.0123816483644953,0.0254428117990266,0.00710658409473965
-0.553200569950686,-0.478466131806927,0.0226831501844771,0.540519770343391,-0.0125646181501523,0.0247473280606611,0.00683694378056947
-0.581982704569697,-0.51294289085638,0.0213900561943862,0.54119115882526,-0.0127230248888146,0.0239825056455155,0.00639872532612382
-0.60788484708877,-0.550170951553016,0.0202756818049151,0.540321415499366,-0.0128433272723448,0.0231732870026006,0.00581388576569004
-0.630414665278928,-0.589387811606304,0.0194172819089023,0.537836986754219,-0.0129050887045472,0.0223379306845396,0.00510593946729245
-0.649143166652837,-0.629517726862091,0.0188687407303306,0.533703329873392,-0.0128872153793948,0.0214874125079472,0.00429802830953714
-0.663761691096761,-0.669268682626539,0.0186548331048847,0.527915766153907,-0.0127753946830676,0.0206258249722589,0.00341201687930585
-0.674120134112863,-0.70728749396148,0.01877042161534,0.520485524888334,-0.0125674678441055,0.0197511891315471,0.00246845424730351
-0.68023604981488,-0.742332342159714,0.0191850082368981,0.511431359274292,-0.0122743583272956,0.0188563430355531,0.00148699350726158
-0.682273697854971,-0.773408128794023,0.0198512393951158,0.500780555692956,-0.0119165584769432,0.017929879353006,0.000486851512403492
-0.680503147658002,-0.799827648920118,0.0207142911635941,0.488575857799922,-0.0115183486445303,0.0169572598545848,-0.000512937048638702
-0.675254500827698,-0.821197275497347,0.0217189660982542,0.474881663035585,-0.0111024603822364,0.0159222068030813,-0.00149351369781846
-0.666879016277098,-0.837354156671311,0.0228128428756493,0.45978441691045,-0.0106868683268331,0.0148083645709566,-0.0024363639929024
-0.655721680146069,-0.848289346567608,0.023945780390082,0.443385714924512,-0.0102839233929012,0.0136011361573867,-0.00332357321675618
-0.642103897432784,-0.854082268221669,0.0250674155958228,0.425789602820269,-0.00990107912402051,0.0122895525817763,-0.00413812602193511
-0.626312678790489,-0.854857827621946,0.026124686551569,0.40708703213544,-0.00954223579833602,0.0108680028070737,-0.00486424580570303
-0.608593221903031,-0.850766268457325,0.0270610731276886,0.387340755732043,-0.00920896809061051,0.00933761927199037,-0.00548778070121905
-0.589143430026318,-0.841979598859647,0.0278184932567441,0.366573689160173,-0.0089012816599372,0.00770709007274102,-0.00599662637249782
-0.568110270494587,-0.828696003026424,0.0283418512561479,0.344763095605532,-0.00861786498054979,0.0059926840044397,-0.00638114409082535
-0.545588384610658,-0.811143622936283,0.0285852971905478,0.321841883297637,-0.00835599946053923,0.00421736067910727,-0.00663450204583028
-0.521621195063585,-0.78957685580432,0.0285185541368009,0.297706976364675,-0.00811136666060013,0.00240900267846095,-0.00675285570305908
-0.496204629693142,-0.764261999855664,0.0281314615017679,0.272233579978897,-0.00787797644903727,0.000598015794766836,-0.00673530518673633
-0.469294373584484,-0.735454885203703,0.0274353302086973,0.245293814741616,-0.00764837625339533,-0.00118528239261184,-0.00658363266646534
-0.440819566088492,-0.703380222443936,0.0264607236383132,0.216778836815846,-0.00741423236492948,-0.00291302730978258,-0.00630191973723065
-0.410708000778138,-0.668228157520288,0.0252524802869119,0.186624386420196,-0.0071673259122087,-0.00456163406563623,-0.00589623305262961
-0.378926931859576,-0.630182618610858,0.0238635954841632,0.154838624252451,-0.00690095706698592,-0.00611313070030607,-0.00537456978921374
-0.345535220360263,-0.589481833549098,0.0223494730366244,0.121526104670029,-0.00661162419503373,-0.00755634176635403,-0.00474709000928878
-0.310725091279639,-0.546480461631835,0.0207629015556165,0.0868939814283207,-0.00630055290991801,-0.00888815885542134,-0.00402632068289768
-0.274815358944548,-0.501650245891173,0.0191486828081034,0.0512250193502125,-0.00597429996526499,-0.0101143409908332,-0.00322672730750874
-0.23817374760155,-0.455471038614192,0.0175369173682905,0.0148213900899196,-0.00564376896866134,-0.0112483780951573,-0.00236336159044987
-0.201111370693221,-0.408268246709163,0.0159372227627737,-0.0220431270239193,-0.0053221293016242,-0.0123077405276713,-0.00145039974686361
-0.163837990640414,-0.360142967924325,0.0143388848331719,-0.059126198443925,-0.00502328963519797,-0.0133096618960653,-0.000500933022470189
-0.126500744720166,-0.31104967219754,0.0127183817006359,-0.0961911330196,-0.0047617262502496,-0.0142693932015609,0.000471924215264644
-0.0892402277181516,-0.260920168019327,0.011050005829663,-0.132993166305819,-0.00455264074781843,-0.0152007882622618,0.00145381647018793
-0.0522125350612914,-0.209738792004322,0.00931544010386423,-0.169287432327242,-0.00441130761765864,-0.0161170108967794,0.00242849915458284
-0.0155815639714823,-0.157566195453387,0.00751137263812418,-0.204844192257542,-0.00435149024935143,-0.0170301672643032,0.00337755773373247
0.0204973860228188,-0.104543975994644,0.00565530546792337,-0.239461127529488,-0.00438331880995773,-0.0179499881490984,0.00428020978943512
0.055891158480175,-0.050898215075727,0.00378892428130942,-0.272971413338353,-0.00451103623787318,-0.0188820027971852,0.00511318205978749
0.0904962249182616,0.0030573710597528,0.0019775607360309,-0.305248738988443,-0.00473103011608417,-0.0198255661148971,0.00585084506498777
0.124239405754693,0.0569259887787003,0.000304194240816052,-0.336209275170255,-0.00503068610295495,-0.0207721181371061,0.00646585243680388
0.157071253858647,0.110248609657259,-0.00114260949857594,-0.365809208628917,-0.00538867529854339,-0.0217041930227366,0.00693049803701586
0.188951864642446,0.162546053576088,-0.00228539285458405,-0.39403624877975,-0.00577712099969408,-0.0225957875973009,0.00721885016771894
0.219830313915456,0.213379319289551,-0.00307513264729343,-0.420894735950434,-0.00616555114244079,-0.0234145475220487,0.00730943976172971
0.249621256679791,0.262415159399631,-0.00350345340661928,-0.44638625214231,-0.0065257328442297,-0.0241257291532252,0.00718795695925511
0.27818435483146,0.30947689008572,-0.00360465355248009,-0.470489758547019,-0.00683581103350399,-0.024697174459872,0.00684923894200792
0.305312858814459,0.354561656195949,-0.00344600142518381,-0.493146133474788,-0.00708215340271039,-0.0251039936156641,0.0062979873586666
0.330736140516406,0.397815376871879,-0.00310954539880506,-0.514250849641403,-0.00725813503773076,-0.025331669794057,0.00554810836908441
0.354137982992402,0.439470043767627,-0.00267199330493846,-0.533656255820994,-0.00736041813943552,-0.0253769365961673,0.00462107187170989
0.375189189394237,0.479758286105065,-0.00218935229413818,-0.551182831608349,-0.00738442644921863,-0.0252466417580891,0.00354394887687209
0.393590067239122,0.518825348918807,-0.00169047529497361,-0.566637886040377,-0.00732118212281801,-0.024955405170956,0.00234770889603595
0.40911491643002,0.556661511190871,-0.00118016831800383,-0.5798401449021,-0.00715729370305873,-0.0245229556431714,0.00106606185461043
0.421647093727074,0.59307900156595,-0.000649416058321123,-0.59064849446233,-0.00687867870731209,-0.0239717047957907,-0.000265187938096363
0.431192630730955,0.627750204496789,-8.81187437843487e-05,-0.598991908708033,-0.00647685293497186,-0.0233246943361871,-0.00160850516163809
0.437866506093573,0.660302127504123,0.000505000203367813,-0.604895392929509,-0.00595516444524003,-0.0226038020647713,-0.00292497994949251
0.441856963115035,0.690433699310543,0.00111930373223866,-0.608494852495573,-0.00533228541218119,-0.0218280890777754,-0.00417490828755429
0.443381345756322,0.718008531912823,0.00173678196329351,-0.610033384801775,-0.0046417557339329,-0.021012301544706,-0.00531877420899567
0.4426455583734,0.743088422729032,0.00234171585882536,-0.609833536457273,-0.00392816817464132,-0.0201656736092011,-0.00631876877661583
0.439812114923148,0.76590114150096,0.00293116914020442,-0.608245264954729,-0.0032414154205246,-0.0192912752306526,-0.00714087960321541
0.434977367626878,0.786760432519685,0.00352209123542652,-0.605577723994283,-0.00263028668972549,-0.0183861992359877,-0.00775736248929794
0.428159715395539,0.805967673195227,0.00415217237117023,-0.602031929643651,-0.00213641481706697,-0.017442800934211,-0.00814912347554228
0.41930290254621,0.823725099016865,0.00487371786765663,-0.597655455922757,-0.00178953094352187,-0.0164509210323051,-0.00830738002897503
0.408296761228462,0.840083233118711,0.00574224461985135,-0.592334956659075,-0.00160490353770405,-0.0154006316604443,-0.00823409715015265
0.395011757493963,0.854932333711634,0.00680343839717329,-0.585828661732278,-0.00158338835144346,-0.0142847853044536,-0.00794108092834558
0.379337864616179,0.868033169736763,0.00808264220435412,-0.577826382546137,-0.00171378924347137,-0.0131007000011758,-0.00744803858057569
0.361216935062919,0.879071760650031,0.00957988841099547,-0.56801692343565,-0.00197662062202858,-0.0118506487725426,-0.00678015116264471
0.340661449904366,0.887719447898405,0.0112712563905917,-0.556144704776418,-0.00234816532810106,-0.0105412390818078,-0.00596568823917286
0.317758439792935,0.893683286437008,0.0131151231503018,-0.542045481771614,-0.00280393263126461,-0.00918207430197707,-0.00503401910110201
0.292662066532403,0.896738803474709,0.0150605672320749,-0.525659840003884,-0.00332103401477928,-0.0077841976031166,-0.00401417403841529
0.265580126925054,0.896743936867745,0.017055077044163,-0.507028936206826,-0.00387939336846511,-0.00635874881935054,-0.00293395653630171
0.236758975121736,0.893637378052053,0.0190495307619244,-0.486278931578678,-0.00446197364304081,-0.00491609216259854,-0.00181951794900057
0.206469392666315,0.88742624880943,0.0209996249900471,-0.463599770403889,-0.00505431576212683,-0.00346547744487102,-0.00069526676742435
0.174994028878801,0.878167838943267,0.0228640665788213,-0.439221987211769,-0.00564368895007173,-0.00201513919082585,0.000416021451815841
0.142615849248195,0.865949049607797,0.0246006581922306,-0.413393322225689,-0.00621810155016453,-0.000572644817885297,0.00149301311780035
0.109606711575909,0.850866044216668,0.0261618507264403,-0.386355773068189,-0.00676536325723582,0.000854721932446354,0.00251563852617997
0.076215581740377,0.833005727546408,0.0274914336379905,-0.358323452763926,-0.00727234618513347,0.00225972403504766,0.00346498961360036
0.0426567882121143,0.812430144858873,0.0285238107715831,-0.329462135932869,-0.00772456524701706,0.00363518823736213,0.00432332391810905
0.00909983504122084,0.789164608464915,0.0291867616060007,-0.29987232041977,-0.00810617553923089,0.00497428480754014,0.00507417445795686
-0.0243366695010334,0.763190393499572,0.0294077482414406,-0.269578644769031,-0.00840045053573568,0.00627097735346775,0.00570254212340186
-0.0575839318106309,0.734443793426919,0.0291228580265173,-0.238529306778489,-0.00859075493796062,0.0075204791178886,0.00619514307164079
-0.0906125105611112,0.702825278577217,0.0282866234211148,-0.20660917356796,-0.00866197819324045,0.0087195580929468,0.00654071411588894
-0.123413111743254,0.668225074023151,0.026880650082836,-0.173668894129431,-0.00860232844706128,0.00986662603938023,0.00673043346519765
-0.155973917651363,0.630570438468967,0.0249190308632757,-0.139568272531006,-0.00840534955398208,0.0109617363820604,0.00675856674182665
-0.188264020214673,0.58989051161805,0.0224489842456864,-0.104224998397839,-0.00807185536331109,0.0120067137654179,0.00662337147983166
-0.220231527618197,0.546375347269067,0.0195456524253167,-0.0676522487715418,-0.00761123811041647,0.0130054934292326,0.00632803844609584
-0.251814773561391,0.500389869128017,0.0163007975974621,-0.0299683494748318,-0.00704140633982798,0.0139642848206973,0.00588112874814326
-0.282952184261999,0.452416743925234,0.0128072504188351,0.00862508366665028,-0.00638692251302874,0.0148908429555456,0.00529599595560354
-0.313575348953282,0.402948398253212,0.00914356474428562,0.0478804427862962,-0.00567578032790646,0.0157925104501169,0.00458927049818602
-0.343586935693235,0.352388138822381,0.00536403182831314,0.0875341593361001,-0.00493604276496487,0.0166736957924388,0.0037791737063915
-0.372842758993046,0.301009948792926,0.00149679939903435,0.12732033705777,-0.00419346727076165,0.017534039436547,0.00288447056465371
-0.401154879147869,0.248978218881483,-0.00245090169342424,0.166975598963066,-0.003470421284216,0.0183680048749692,0.00192426154391197
-0.428315091052577,0.196395357602453,-0.00648328555593764,0.206245142111728,-0.00278573604585294,0.0191656504472125,0.000918278264769116
-0.454125654532804,0.143347929547121,-0.0106048804671752,0.244891835882752,-0.0021550513694189,0.0199138653985576,-0.000112705241067378
-0.478424562884101,0.0899406876672669,-0.014809436588104,0.282703995149553,-0.00159138166841529,0.0205975490292826,-0.0011465298088561
-0.501099268815693,0.0363205289676904,-0.0190701843980927,0.319497398886157,-0.00110574604890632,0.0212006247553987,-0.00215941946875589
-0.522088118358594,-0.0173053154505059,-0.0233329264863056,0.355110050970807,-0.000707690697630139,0.0217070565028987,-0.00312589870869446
-0.541371180173835,-0.070655752060643,-0.0275137810425898,0.389391055874105,-0.000405474874606524,0.0221020986711893,-0.00401895726169719
-0.558952596074631,-0.12336979675914,-0.0315034239739545,0.422186712183704,-0.000205673584826527,0.0223739141906206,-0.00481061233137197
-0.574837289510722,-0.175013500166417,-0.0351789309625613,0.453327975720336,-0.000112037541705791,0.0225154626660744,-0.00547301261263394
-0.589005910320302,-0.225104535911127,-0.0384224644349194,0.482623585757893,-0.000123673360423153,0.0225262945586979,-0.00598013736458257
-0.601393367303765,-0.273154722975608,-0.0411432883736718,0.509862148736658,-0.000232941868456239,0.022413660774976,-0.00630996105361336
-0.611877021279225,-0.318723195917391,-0.0432970040991697,0.534823991193244,-0.000423790752317276,0.0221923295306721,-0.0064467270577726
-0.620279279009309,-0.361465568944999,-0.0448951989067379,0.557299992188939,-0.000671330607869974,0.0218827905833555,-0.00638281025273035
-0.626385740720743,-0.401162010089114,-0.0460011566092103,0.577111529029916,-0.000943172037503287,0.0215080716630596,-0.00611967222487924
-0.629975350586249,-0.437712559067805,-0.0467123407782652,0.594124943899939,-0.00120242642859147,0.021089935615939,-0.00566766222346053
-0.630855564749482,-0.47109943636655,-0.0471355137567841,0.608256414284614,-0.00141164442028522,0.0206454644888428,-0.0050447855076915
-0.628894982114172,-0.501327442869461,-0.0473627624610402,0.619467495062349,-0.00153668326392644,0.0201848350338245,-0.0042748549755991
-0.62404800835694,-0.528359158582515,-0.0474553548543605,0.627755542535856,-0.00154969937864105,0.0197105987321594,-0.003385527852758
-0.616369069738606,-0.552060188757425,-0.0474385870206334,0.633144895822517,-0.00143100032808597,0.0192182889790789,-0.00240661656223928
-0.606015666361315,-0.572164379569266,-0.0473069324502312,0.635683883783377,-0.00117006202110002,0.0186979028944799,-0.00136886319070203
-0.593239217979096,-0.588264362318776,-0.0470364732449739,0.63545039142825,-0.000766373537037354,0.0181357753516939,-0.000303187286917397
-0.578360716024019,-0.599831905168725,-0.0466009703052469,0.632565831331134,-0.000230780217629209,0.017516476488549,0.000759703187562543
-0.561726563193687,-0.606275045143471,-0.045988220978012,0.627214261621466,0.000412412587268765,0.0168245017276252,0.00178952633511577
-0.543641715604928,-0.607040787451241,-0.0452135825591587,0.619659882085766,0.00112316195276398,0.0160456255361559,0.00275672134050438
-0.524285582397498,-0.601765928053183,-0.0443272763552788,0.610252489875914,0.00184495383160977,0.0151678744029012,0.00363312546924332
-0.503631527787214,-0.590457272262506,-0.0434119375165172,0.599408926330157,0.0025081332383047,0.0141821972192972,0.00439328643661363
-0.481405820525937,-0.573648463147953,-0.0425683733513164,0.587563220742903,0.00303920795896816,0.0130830681542698,0.00501641452541212
-0.457120777566992,-0.552455225579059,-0.0418917834043485,0.575091736313177,0.00337527192127921,0.0118693144532119,0.0054885242826846
-0.430188032094306,-0.528467529663486,-0.0414463469527039,0.562237196100456,0.00347883183771398,0.0105452426212564,0.00580390772954808
-0.400073167556842,-0.503487222652535,-0.0412487410737927,0.549063468006433,0.0033464231945108,0.00912168076846843,0.00596513489942676
-0.366426893451506,-0.479202825156424,-0.0412673813353565,0.535461019156998,0.00300687839187957,0.0076162329572477,0.00598143170319763
-0.329144280508126,-0.456924535692703,-0.041436015160001,0.521197580442553,0.00251057633753868,0.00605221878597952,0.00586610341060264
-0.288347459359498,-0.437458912222791,-0.0416738978703423,0.505988908372783,0.00191520830741024,0.00445636478324668,0.00563401938149711
-0.244322484963478,-0.421125436834149,-0.0419041247514936,0.489562979301847,0.00127380136570559,0.00285586793739883,0.00529987829935573
-0.197447971071368,-0.407862942947711,-0.0420654025880599,0.471702925445518,0.000627944205568467,0.00127561281092904,0.00487740605116405
-0.148139237345472,-0.397364028512046,-0.0421167939644373,0.452267371051812,6.09319036070461e-06,-0.000263889228669827,0.00437923735780685
-0.0968143364585495,-0.389194859629173,-0.0420373635349838,0.431194050441125,-0.000574795285928657,-0.00174762200204027,0.0038171334226958
-0.0438776635349346,-0.38288261189657,-0.0418231087157973,0.408493684571663,-0.00110622103282492,-0.00316631857205676,0.00320228045460836
0.0102862803106199,-0.377969954263298,-0.0414829998757007,0.384239164742298,-0.0015850251662609,-0.00451606796443715,0.00254554640821346
0.0653151866795558,-0.37404365767676,-0.0410352030212596,0.358552831745753,-0.00201087483586345,-0.00579752547959679,0.00185766711509725
0.120871031081032,-0.370745758371685,-0.0405039644035123,0.331593047959939,-0.00238454020731668,-0.0070149372617371,0.00114937593231542
0.176643461639416,-0.367774266676181,-0.0399172604262686,0.303540465459483,-0.00270690219603934,-0.00817512153510686,0.000431500601774141
0.232354449701501,-0.36487833431175,-0.0393051014016801,0.274584136010476,-0.0029785333613626,-0.00928647996961297,-0.000284954526055711
0.287763203773234,-0.361851007129863,-0.0386982646979848,0.244907672275118,-0.00319968256833338,-0.0103580570722244,-0.000988732192716144
0.342669786019867,-0.358521475947256,-0.0381271927690785,0.214675971516195,-0.00337051591669823,-0.0113986308126174,-0.00166825210172364
0.396915661311394,-0.35474805166144,-0.0376208133528379,0.184023465750677,-0.003491495063119,-0.0124158079997679,-0.00231155601187607
0.450379676484443,-0.350412825104872,-0.0372051246980439,0.153045362792043,-0.00356379880064353,-0.0134151164991602,-0.00290628790866752
0.502968906335754,-0.345418945377396,-0.0369015338179456,0.121793672078736,-0.0035897124418255,-0.0143991332630241,-0.00343974355444589
0.554605444379847,-0.339691390618745,-0.0367251184080216,0.0902796659822286,-0.00357292319019823,-0.0153667541168847,-0.00389903959354512
0.605212024321182,-0.333181578894396,-0.0366831456424014,0.0584835210985104,-0.00351866913846928,-0.01631277211802,-0.0042714597430345
0.654700305403103,-0.325874938776904,-0.0367742557932602,0.026370281341701,-0.00343369820198306,-0.0172279472375951,-0.00454501850500403
0.702964901517424,-0.317798956467947,-0.0369886590252117,-0.00609048731897033,-0.00332600994031774,-0.0180996895745384,-0.00470923108925878
0.749883744534135,-0.30902804803447,-0.0373094871411713,-0.0389051889422374,-0.00320438705943702,-0.0189133369756675,-0.00475600049316535
0.795322531069078,-0.299681924962108,-0.0377151479426859,-0.0720407260697625,-0.00307777585425997,-0.0196538336475442,-0.00468046314868419
0.839139340792225,-0.289916212519595,-0.0381822234211589,-0.105415812280946,-0.00295462712869605,-0.0203074757364025,-0.00448161335332483
0.881185708667166,-0.27990681519638,-0.038688263176785,-0.138899973824259,-0.00284232928971768,-0.0208633574370702,-0.00416257337915311
0.921301999318221,-0.269832204338212,-0.0392137663154921,-0.172319063089131,-0.00274683346510316,-0.0213142145974838,-0.00373047572285087
0.959307495725174,-0.259858535267666,-0.0397428842473123,-0.205464737495096,-0.0026724941115697,-0.0216565571456843,-0.00319603635081194
0.994988425019612,-0.250132034843534,-0.0402627542481996,-0.238105050878705,-0.00262206353924626,-0.0218901932844668,-0.00257297520787778
1.02808924591743,-0.240781127992874,-0.0407618157274351,-0.269994301839842,-0.00259672315193365,-0.0220174235547099,-0.0018774497539973
1.05831262088579,-0.231928236640766,-0.0412277677124685,-0.300881866935104,-0.00259603256438432,-0.022042234382517,-0.00112760778363523
1.08533048252582,-0.223708598606773,-0.0416458955863583,-0.330520793720563,-0.00261773143444153,-0.0219697270795676,-0.000343267941724705
1.10880344598105,-0.216291442817776,-0.0419983606413455,-0.358676739353326,-0.00265742527839173,-0.0218058368252548,0.000454350336101542
1.12840130423828,-0.209897802807847,-0.0422648249123711,-0.385136755799691,-0.00270830537167703,-0.0215572286038732,0.00124296362173232
1.14381620242758,-0.204809123966307,-0.0424245646672772,-0.409716489105757,-0.00276116569594556,-0.0212311813303353,0.00199972696724336
1.15476340199862,-0.201361348609247,-0.0424600134523362,-0.432264505506507,-0.00280504503510787,-0.0208353050265643,0.00270194783381727
1.16097065460467,-0.199920052108024,-0.0423613919300266,-0.452663620378396,-0.00282877960034671,-0.020377030709933,0.00332799203409545
1.16216341830493,-0.200833676926105,-0.0421316821301767,-0.470830453611506,-0.00282353555200717,-0.019862909538415,0.00385829784881347
1.15805694027148,-0.204364792147912,-0.0417907498150064,-0.486714917542179,-0.00278597017636098,-0.0192978196245682,0.00427635847033136
1.14836595652226,-0.210604719002966,-0.0413770975254078,-0.50030036785447,-0.00272111694890409,-0.0186842049506896,0.0045695015469484
1.13283810252314,-0.219385409025047,-0.0409458155033975,-0.511603193794029,-0.0026436426465508,-0.0180214934271566,0.00472931717866466
1.11130838754867,-0.230212489770243,-0.0405620118327488,-0.520669008597289,-0.00257616647242633,-0.0173058811768201,0.00475168186275116
1.0837612463119,-0.242249553282704,-0.0402903855568556,-0.527562986818148,-0.00254418473926505,-0.016530703882638,0.00463647121265743
1.05037805560751,-0.254377959881278,-0.040183315681225,-0.532354887601359,-0.00256870801298053,-0.015687558706031,0.00438716814938803
1.01154768605315,-0.265333894756038,-0.040271073438084,-0.535103375412931,-0.00265922268931964,-0.0147681166771441,0.00401056544647586
0.967829450635604,-0.273891971429206,-0.0405575808799941,-0.535846312125388,-0.00280992908900194,-0.0137662313510328,0.00351661871981373
0.919877613987644,-0.279041077551876,-0.0410232155377849,-0.534601540527471,-0.00300086006037548,-0.012679716205135,0.00291832987527824
0.868352944300902,-0.280100542256404,-0.0416333799740701,-0.531377442827154,-0.00320318878935399,-0.0115112370320501,0.00223147190216596
0.813849427737636,-0.276752344126456,-0.0423495113060916,-0.526187970008822,-0.00338630388190134,-0.0102681333214236,0.00147405144950567
0.756853237927616,-0.268999359995519,-0.0431389330292658,-0.519065850385254,-0.00352403907180461,-0.00896140570487145,0.000665562669980177
0.697735563279215,-0.257080894387323,-0.043981193466523,-0.510070152030273,-0.00359852570104338,-0.00760433760196803,-0.000173807358276933
0.636770092470634,-0.241378650591777,-0.0448702217884553,-0.499287793887931,-0.00360149613610225,-0.00621118739049824,-0.00102385945269399
0.574162877464117,-0.222335636333927,-0.0458128647666468,-0.486830789333425,-0.00353372839413708,-0.0047961953401828,-0.00186486019301534
0.510084550378638,-0.200397339684618,-0.0468248879766551,-0.472831408189918,-0.00340352395938236,-0.00337294250064962,-0.00267781516038854
0.444698649770261,-0.175975047949835,-0.0479255426010037,-0.457436646873119,-0.00322489572391026,-0.00195396509707492,-0.00344459679726355
0.378182963313091,-0.149426788814067,-0.0491316458888098,-0.440802431855381,-0.00301581488734096,-0.000550488041457655,-0.00414800995590366
0.310742635714801,-0.121050644036803,-0.0504520009165187,-0.423087356853037,-0.00279660608101892,0.000827829408434249,-0.004771873273952
0.242614839012884,-0.0910863002219557,-0.0518829502806101,-0.404445755846382,-0.002588445077129,0.00217317732052625,-0.00530117420071556
0.174065479587856,-0.05972220101669,-0.0534058453340758,-0.385020320447202,-0.00241188733566132,0.00347988027153756,-0.00572232966284863
0.105379132640943,-0.0271067850693783,-0.0549871081399435,-0.364935074082819,-0.00228540150061309,0.00474460577611492,-0.00602355829036196
0.0368441682709369,0.00663729816737046,-0.0565812584854358,-0.344289974898164,-0.00222396179237809,0.00596640090990206,-0.00619534432554698
-0.031264258074654,0.041397359862578,-0.0581367380608171,-0.323158507335181,-0.00223783364491852,0.00714648358802738,-0.00623094685967342
-0.0987002601232251,0.0770551968224439,-0.0596036710763689,-0.301589252413335,-0.00233173767590951,0.00828776899614458,-0.00612688253283469
-0.165259344885635,0.113474398425962,-0.0609420626460636,-0.279611660083255,-0.0025045728447805,0.00939418177269526,-0.00588329232133366
-0.230784401993993,0.150492715512236,-0.0621286184468625,-0.257245245600151,-0.00274980785491654,0.0104698651213483,-0.00550410403006532
-0.29516465173451,0.187920792417048,-0.0631605837480392,-0.234510531138165,-0.00305652192362668,0.0115184238382688,-0.00499693125242728
-0.358328119890153,0.225546972615603,-0.0640557431973856,-0.211439521420347,-0.00341092944208248,0.0125423144827296,-0.00437270463704097
-0.420229361557783,0.263146264938716,-0.0648487408749092,-0.188083522307116,-0.00379810931195851,0.013542428981669,-0.00364509635360267
-0.480834643909993,0.300490572510521,-0.0655847839964245,-0.164516696569606,-0.00420362005611536,0.0145178367762513,-0.00282985087701306
-0.54010672097611,0.337357403850779,-0.0663122744070851,-0.140834723235228,-0.00461472678215935,0.0154655958914549,-0.00194415696090792
-0.597991163730802,0.373535536646712,-0.0670758819007766,-0.117148916148727,-0.00502107290392065,0.0163805454008805,-0.00100618045825141
-0.654406443991748,0.408828096238129,-0.067911174509768,-0.0935768061218764,-0.00541475825350452,0.0172550561771414,-3.48303464386362e-05
-0.709240545652877,0.443055457237401,-0.0688413794361553,-0.0702302973102443,-0.00578989880510013,0.0180788170944198,0.000950238406427033
-0.762356828045019,0.476061195040413,-0.0698763303271866,-0.0472022057899711,-0.00614182018773346,0.0188388192532637,0.00192845632490063
-0.813610018774847,0.50772314197838,-0.0710132491047367,-0.0245518250494939,-0.00646607658692003,0.019519725071463,0.0028781363865117
-0.862869281769878,0.537968418613488,-0.0722387541220532,-0.00229076264452378,-0.00675750317041473,0.0201047548397724,0.00377639345660243
-0.910040910338474,0.566787452296665,-0.0735314387949262,0.0196281566033086,-0.00700952289369695,0.0205771159502229,0.00459932998757959
-0.955081056176478,0.594239569712309,-0.0748645467540634,0.0413143116874882,-0.00721393905814894,0.0209218792641773,0.00532259294267693
-0.99799101369882,0.620443449975501,-0.0762085961442131,0.0629297358912826,-0.00736142185559717,0.021128092657682,0.00592235778326069
-1.03879364504583,0.645549825360743,-0.0775340725929559,0.0846631297476825,-0.00744278474345255,0.0211908065736643,0.00637673145120345
-1.0774967809674,0.669699900164186,-0.0788142837495746,0.106688754557821,-0.00745090818470917,0.0211125707020177,0.00666746403788074
-1.1140547395894,0.692978898749052,-0.0800281209318247,0.129118036811434,-0.00738285382378009,0.0209039137640308,0.00678171631393598
-1.14834024470053,0.715377570176469,-0.081162045239949,0.151957032437506,-0.00724147709464523,0.020582448462424,0.00671350528552737
-1.18013555891453,0.736773487357983,-0.0822104868477282,0.175083594799877,-0.0070358760545306,0.0201705951039294,0.00646444291701183
-1.20914542346825,0.756938533398873,-0.0831742588403955,0.198252621647375,-0.00678037431127146,0.0196923796304939,0.00604355587438521
-1.23502800777495,0.775571049355707,-0.0840573530367448,0.22112821554978,-0.00649226983484577,0.0191700902211848,0.00546626534729444
-1.25743597029815,0.79234422590772,-0.084863137777687,0.243332798934975,-0.00618900319485608,0.0186215828593309,0.00475285816001025
-1.27605812244358,0.806958748633707,-0.0855910904981393,0.264499219463646,-0.0058855021684191,0.0180587163876695,0.00392685787414643
-1.29065232641416,0.819187796337174,-0.0862347626609953,0.284313351505412,-0.00559226026337698,0.0174869694868719,0.00301360257213056
-1.30106141299085,0.828904991203308,-0.086781024154976,0.30253937897418,-0.00531437852808963,0.0169059652604192,0.0020391592963159
-1.30720641838544,0.836089609094815,-0.0872101710217659,0.31902509694772,-0.00505151958958873,0.0163105128092356,0.00102956748028465
-1.30905629453472,0.84080791401621,-0.0874964358718992,0.333688818500847,-0.00479857142600676,0.0156918504567439,1.03496500383869e-05
-1.3065802654443,0.843174570084924,-0.0876087701395937,0.346492703731983,-0.00454678468719537,0.0150389470582394,-0.000993771623530904
-1.29969627911891,0.843302867891279,-0.0875122298412831,0.357409743694385,-0.00428518039502875,0.0143398809731802,-0.00195900882677408
-1.28823340322117,0.841255569975256,-0.0871705760534535,0.366393047531948,-0.00400207398589476,0.0135833910453206,-0.00286257946490048
-1.27192496546221,0.837008419997178,-0.0865505693607062,0.373355996441523,-0.00368659435001298,0.0127606463540293,-0.00368283364617298
-1.25044156223814,0.830435226265573,-0.085627826893144,0.378169668477351,-0.00333008023504215,0.011867123145178,-0.00439957884445257
-1.22346048096069,0.821317686907529,-0.0843932248547461,0.380679681179003,-0.00292722197851343,0.0109042750625512,-0.00499469849678798
-1.19075474751028,0.809376441138165,-0.0828580814598729,0.380739017730802,-0.002476811388604,0.00988053934621888,-0.00545305292900898
-1.15227639598233,0.794314397557376,-0.0810562115586726,0.378248152854818,-0.00198199553001403,0.00881123986930383,-0.00576351410464644
-1.10820870921498,0.775860879795114,-0.079041633465038,0.373190844434125,-0.00145000940814624,0.00771717041337431,-0.00591988260904989
-1.05897194884821,0.753806407006965,-0.0768820587018939,0.365654859155851,-0.000891465974686362,0.00662201411848742,-0.00592142267808887
-1.00518268077907,0.728022324860387,-0.0746497281686924,0.355831680134305,-0.000319365863105097,0.00554912822994543,-0.00577284382971564
-0.947581551813423,0.698465180054051,-0.0724120088920694,0.343996128157142,0.000251982876367138,0.00451842682386622,-0.00548371742813005
-0.886952223872732,0.66517044671796,-0.0702240752911535,0.330472984655643,0.000807978842529183,0.00354403445370636,-0.00506747245700447
-0.824052400942865,0.628242011204995,-0.0681250775436593,0.31560058169516,0.00133458790969864,0.00263309693846754,-0.00454020105128063
-0.759569152866146,0.58784265793886,-0.0661379750170315,0.299700327485309,0.00181902761666226,0.00178576774903517,-0.00391950011701182
-0.694099852162369,0.544187614118327,-0.0642722006420179,0.283057344523498,0.00225028689328755,0.000996095155512005,-0.00322350292268919
-0.628152119136927,0.497540123719877,-0.0625278451975975,0.265913050203569,0.00261949634544304,0.00025340655669466,-0.00247016363706762
-0.562153221333169,0.448206368529915,-0.0609000855119326,0.248467298386222,0.002920154049893,-0.000456184110791877,-0.00167678785102238
-0.496460844151825,0.39652731194061,-0.0593829321869593,0.230886331886071,0.0031482061724525,-0.00114839643605335,-0.000859769231180106
-0.431370870376459,0.342866658143225,-0.0579718105575513,0.213312972849192,0.00330198969385976,-0.0018396371224645,-3.44894861704045e-05
-0.367121534958418,0.287596070345109,-0.0566648499283747,0.195876434083775,0.00338206284267235,-0.00254607659008031,0.000784651241252494
-0.303895911806142,0.231080375554775,-0.0554629985932632,0.178700260828427,0.00339096874674761,-0.00328286822314855,0.00158409753229262
-0.241825643800749,0.173666134041614,-0.0543692066268522,0.161907761718742,0.00333298874183626,-0.00406340631426657,0.00235091971100431
-0.180998422768119,0.115676586339205,-0.053386973440937,0.145624765566789,0.00321393720153729,-0.00489853351136851,0.00307254738272922
-0.121470401571725,0.0574146890125196,-0.0525185914465804,0.129979725645837,0.00304102821130518,-0.00579565477853389,0.0037365077860709
-0.0632827536538981,-0.000826225991634663,-0.0517634279405876,0.115101145978142,0.00282280707941818,-0.00675778522359138,0.004330239775175
-0.00647959574016371,-0.0587471762335342,-0.0511165866475708,0.101112273532753,0.00256909596289449,-0.00778264414670542,0.00484106443596016
0.0488769923023602,-0.116028894373554,-0.0505682562238797,0.0881231699418005,0.00229086742685185,-0.00886198930107573,0.00525638524117726
0.102699457025208,-0.172324145700472,-0.0501039581309596,0.0762207668955451,0.00199995100138853,-0.009981434466321,0.00556415631398249
0.15487813049172,-0.227262384781186,-0.0497057613791611,0.0654583292690049,0.00170851229520168,-0.0111209798655857,0.00575359912292059
0.205296161125908,-0.280469102197986,-0.0493543314649341,0.0558465626922054,0.00142832154344494,-0.0122563852890072,0.00581607743955146
0.253853245083965,-0.331597583982863,-0.0490314358170451,0.0473489163670306,0.00116992595580561,-0.0133613284072806,0.00574597646072443
0.300492030236865,-0.380365837218214,-0.048722311128637,0.0398831031712033,0.000941918419865397,-0.0144100554788248,0.0055413999782607
0.345218969317004,-0.426587920563939,-0.0484172107734652,0.0333294718873862,0.000750512126946437,-0.0153800280999858,0.0052045214697922
0.388111748343447,-0.470188815766312,-0.0481116112780611,0.0275450632838335,0.000599565660023895,-0.0162540014475383,0.00474151107995898
0.429309035203852,-0.511196571318917,-0.0478050039034143,0.0223806371092702,0.000491070738954544,-0.0170211128522113,0.00416209301959345
0.468984382205657,-0.549713591305943,-0.0474987504703377,0.0176971733992053,0.00042596229993578,-0.0176768794139286,0.00347890878404722
0.507312058464404,-0.585876969800381,-0.0471938572594586,0.0133784942444939,0.000404997790845305,-0.0182223522081185,0.00270690580271716
0.544435028095072,-0.619821167050229,-0.0468894833042065,0.00933751144048824,0.000429420506288714,-0.0186628661040699,0.00186291176392782
0.580442926446499,-0.651653388390715,-0.0465825998579947,0.00551485348440315,0.000501174633846941,-0.0190067819304744,0.000965434489040582
0.615362480425845,-0.681445020917886,-0.0462687187300616,0.00186998438690849,0.000622549623106317,-0.019264416239953,3.46202290376558e-05
0.649157783570252,-0.709235682741054,-0.0459432735690526,-0.00163375377516705,0.000795261817726156,-0.0194471417804143,-0.000907743511548511
0.681735785397007,-0.735043059322243,-0.0456031692709342,-0.0050475241793969,0.00101910675360947,-0.0195665289188957,-0.00183828807685765
0.712953382330058,-0.758871971540003,-0.0452481137029999,-0.00845508941583691,0.00129042674112632,-0.0196333973067422,-0.00273227242023098
0.742625302781037,-0.780718785304255,-0.0448814926380823,-0.0119861158304843,0.0016007318799199,-0.019656728160863,-0.00356401589982366
0.770534611848651,-0.800570536058404,-0.0445106547701401,-0.0158200032457337,0.00193587395020954,-0.0196425078625972,-0.00430762993080886
0.796448617722572,-0.818400764421248,-0.0441465312428917,-0.0201765022807952,0.0022761644718116,-0.0195927010878983,-0.00493810630363322
0.820141532487458,-0.834165425741272,-0.0438025741358917,-0.0252919997006566,0.00259769685076282,-0.0195046425706194,-0.00543275719994898
0.841421984596311,-0.847802093210479,-0.043493097296963,-0.0313845115740353,0.00287484927421345,-0.0193711631369201,-0.00577288176641236
0.860159399911091,-0.859234062831249,-0.0432312762945705,-0.038615167712931,0.00308354693987248,-0.0191816186649766,-0.00594539596205441
0.876301480614071,-0.868378739900502,-0.0430272254336619,-0.0470568225876567,0.00320451369002802,-0.0189237502962757,-0.00594407329554269
0.889876566184234,-0.875157794658536,-0.0428866396539795,-0.0566794963805411,0.00322563545078275,-0.01858599423604,-0.0057700833934337
0.90097971635912,-0.879506004369876,-0.0428103715917749,-0.0673571859913341,0.00314281170696227,-0.0181596635676996,-0.00543169213679667
0.909747148143169,-0.881376518999695,-0.0427950354747102,-0.0788934210223745,0.0029591911130526,-0.017640461533571,-0.00494322721149728
0.916327411422708,-0.880741807347549,-0.0428344047028494,-0.0910572453340629,0.00268322486574831,-0.0170290021215663,-0.0043235983668031
0.920857447073137,-0.877590866462652,-0.0429211755165009,-0.103619432259144,0.0023262633917299,-0.0163303710791453,-0.00359471846423805
0.923448670517497,-0.871923868142111,-0.0430486488703156,-0.116380730511805,0.00190039958142107,-0.0155530035069356,-0.00278010278635486
0.92418426286361,-0.863745473954995,-0.0432120215794259,-0.129187913654849,0.00141701054018694,-0.0147072706117987,-0.00190379617278073
0.923125847383642,-0.853058017640446,-0.0434091709925441,-0.141937313780344,0.000886139737620157,-0.0138041303856523,-0.000989656234269169
0.920326217501388,-0.839855859775419,-0.0436409731919874,-0.154568134931553,0.000316617540553379,-0.0128540736208631,-6.09403640518298e-05
0.915844555052695,-0.824122532781147,-0.043911270929916,-0.167048995593319,-0.000283314362942483,-0.0118664556339459,0.000859893455861143
0.909760873235891,-0.805832439628473,-0.0442265980501812,-0.179361252442121,-0.00090514705803634,-0.0108491881802152,0.00175127109538984
0.902186868512393,-0.784958615111478,-0.0445957061314153,-0.191482264400393,-0.00153927118457679,-0.00980869631766149,0.00259256452112938
0.89327072595823,-0.761487046571186,-0.0450288628504547,-0.203371221704662,-0.00217437801787511,-0.00875002086641217,0.003364209466049
0.883193980242219,-0.735436362155807,-0.0455368482548239,-0.214959630860904,-0.00279725332129492,-0.00767696233943967,0.00404793368682212
0.872159567274699,-0.706879632000559,-0.0461295978557214,-0.226147949073654,-0.00339305779721118,-0.0065922036035811,0.00462712053141044
0.860371861072706,-0.675963254523205,-0.0468145413454487,-0.236809063806033,-0.00394610595513449,-0.00549739986823279,0.0050872955832509
0.848011628586262,-0.642917296237408,-0.0475948419086712,-0.246798250744593,-0.00444105694671215,-0.0043932684374646,0.00541668644996602
0.835210781346664,-0.608052801353906,-0.0484678908750839,-0.255967993225988,-0.00486433150056045,-0.0032797305406831,0.00560677597118568
0.822032739390618,-0.571744510792241,-0.0494244791491495,-0.264184888277871,-0.00520549650589871,-0.00215614625025632,0.00565275591155988
0.808463517444129,-0.534401330207832,-0.0504489933230492,-0.271345191697118,-0.00545834275674801,-0.00102164660040564,0.00555379653490082
0.794416222731401,-0.496430362143401,-0.0515207675089353,-0.277385692187631,-0.00562143709626319,0.000124477872384234,0.00531307610575884
0.779748272247176,-0.458202081290959,-0.0526164306647014,-0.282287661792621,-0.00569804795292035,0.00128240314599936,0.00493755716088663
0.76428739540397,-0.420023605448735,-0.0537128254383738,-0.286073336767974,-0.00569548814537929,0.00245148333978792,0.00443754275445266
0.747860524011875,-0.38212439502124,-0.0547899344940518,-0.288796220792736,-0.0056240459062405,0.00363008787136367,0.00382608481329299
0.730319493285971,-0.344655209926798,-0.055833269620753,-0.290527874001705,-0.00549574761303286,0.00481555641189073,0.00311833866804781
0.711558895171031,-0.307698070409915,-0.0568353270202522,-0.291344376073838,-0.00532319998622899,0.00600422195064875,0.00233095825675979
0.691523758832977,-0.27128321098359,-0.0577959177095363,-0.291315318392087,-0.00511870686347402,0.0071914351080903,0.00148160742735823
0.670207017886061,-0.235408712434661,-0.058721360070588,-0.29049722019641,-0.00489377104925701,0.0083715374229552,0.000588630326323079
0.647638488050298,-0.200059325325196,-0.0596226376966269,-0.288932118092591,-0.00465900298740565,0.00953777239140926,-0.000329112602248744
0.623867984252755,-0.16522224944732,-0.0605126715492392,-0.286651009790213,-0.00442438118550843,0.0106821753936351,-0.0012522706617927
0.598945552933707,-0.130898809318802,-0.0614028825479633,-0.283681047551154,-0.00419975067322705,0.0117955310585094,-0.00216094619528969
0.572901750760615,-0.0971116929048537,-0.0622992737495437,-0.280054808073804,-0.00399540129916907,0.0128675120914183,-0.00303463077224857
0.545730930764058,-0.0639077338371029,-0.0631984036402446,-0.275819624974433,-0.00382253588930857,0.0138871071162189,-0.0038522231679246
0.517380522170041,-0.0313562291563931,-0.0640838495721632,-0.271044752941975,-0.00369342215162406,0.014843397529849,-0.00459222344406655
0.487749296451656,0.000457177224604831,-0.0649240340804746,-0.265824178121034,-0.00362103826920327,0.015726657344918,-0.00523319119468094
0.456697033260408,0.0314407117087072,-0.0656724573031287,-0.260273298452263,-0.00361809253898824,0.0165296351010199,-0.00575453005740197
0.424066491951145,0.0615097013880985,-0.0662712629103451,-0.25451873863794,-0.00369544172846872,0.0172487646897771,-0.00613760607157161
0.389715747693067,0.0906006524612225,-0.0666584625648333,-0.248682215964292,-0.00386014111211873,0.0178849827461713,-0.00636711946006367
0.353555347837889,0.118683026627962,-0.0667780576385763,-0.242861433705391,-0.00411357573328485,0.0184438552570246,-0.00643254161610794
0.315581615525733,0.145765356142833,-0.0665910164361611,-0.237112678320235,-0.00445024365853469,0.0189348574160223,-0.00632933837261766
0.275896673295721,0.171893425007128,-0.0660842017445651,-0.231440194043004,-0.00485768474318782,0.0193698823288963,-0.00605968126487248
0.234708595235709,0.197140502596489,-0.0652745041524211,-0.225795833339214,-0.00531774605310774,0.0197612879045964,-0.0056324385225794
0.192310952393899,0.221592076017942,-0.0642067689521688,-0.22008920639828,-0.00580894938298104,0.0201199161851248,-0.00506242176473894
0.149047459365694,0.24532887957164,-0.0629460635375758,-0.214204919571128,-0.00630936953480011,0.0204534720369552,-0.00436906863304253
0.105271521569055,0.268411499850619,-0.0615664588073425,-0.208021147840065,-0.00679930666714062,0.0207654563730375,-0.00357487402836519
0.0613108008399859,0.29086784424565,-0.0601390869494126,-0.201423732880442,-0.00726317294263656,0.0210546215348548,-0.00270389671424351
0.017444158667967,0.312682615684557,-0.0587217650184561,-0.194312061253394,-0.00769031232780963,0.021314771892511,-0.00178058534846101
-0.0261056225241998,0.333787355571597,-0.057351543631728,-0.186596348557029,-0.00807479749553077,0.0215347575481604,-0.000829049347123066
-0.0691640169926337,0.354052048255838,-0.0560408762808853,-0.178189711764434,-0.00841451648446325,0.0216987291361891,0.000127214918635568
-0.111587257616208,0.373285378236111,-0.05477810853718,-0.16900174672067,-0.00871005992830437,0.0217871002344369,0.00106525449449664
-0.15324684358452,0.391256691788102,-0.0535330845308808,-0.158940817487821,-0.00896398594864362,0.02177890254601,0.00196252730866517
-0.194030849437438,0.407746791923707,-0.0522672984607513,-0.147925953921442,-0.00918076899136247,0.0216556680486548,0.00279712356054839
-0.23386494868918,0.422607009166326,-0.0509445267886358,-0.135897029360873,-0.00936701847413318,0.0214053387754754,0.00354857687203701
-0.272729629011499,0.435779603603464,-0.0495359781210804,-0.122808294320392,-0.00953100203752553,0.0210236044718139,0.00419891104931435
-0.310643124256145,0.447257360009134,-0.0480187994237323,-0.108608546978704,-0.0096811536967857,0.0205119424695837,0.00473325304027336
-0.347614452437784,0.457023069368812,-0.0463739481146021,-0.0932310198483948,-0.0098245650028342,0.0198748874755225,0.00513991138816029
-0.383603509614625,0.46502563937347,-0.0445889332136718,-0.0766075956792967,-0.00996659521315064,0.0191191903083424,0.00541046383228338
-0.418513908438352,0.47120380200766,-0.0426641899213014,-0.0586982289226917,-0.0101116055317184,0.0182547784996338,0.00554020003260094
-0.452213405889085,0.475527381142024,-0.0406179872152269,-0.0395165840239981,-0.010263990667431,0.0172957118024151,0.0055286793437108
-0.484563138151974,0.478025576576301,-0.0384863602753944,-0.019140173033342,-0.010428781147738,0.0162598507035321,0.00537997070075884
-0.515441680843853,0.478791104890671,-0.0363179176195959,0.00229606226924731,-0.0106115910369222,0.0151671874618401,0.00510235601872887
-0.54475888251561,0.477964516894073,-0.0341655649955811,0.0246174250184312,-0.0108180599904594,0.0140375051976174,0.00470755922540466
-0.572460189132184,0.475708893306896,-0.0320777525468046,0.0476312699277683,-0.0110530765043222,0.012888120828328,0.00420972024618539
-0.598524306195948,0.47218437569247,-0.0300913272778435,0.0711467799648213,-0.0113200432982642,0.0117322240340728,0.00362435315670411
-0.622957271029059,0.467528667682544,-0.0282271199220858,0.0949887802221752,-0.0116203514548235,0.0105780153333747,0.0029674676203019
-0.645785450492598,0.461846106258451,-0.0264884833816877,0.119004086453998,-0.0119531282053338,0.00942860579261743,0.00225494750384005
-0.667049179621594,0.455205271508108,-0.0248623866251243,0.143060826535375,-0.0123152465257456,0.008282510195762,0.00150220543490507
-0.686798001149633,0.44764369411463,-0.0233224132259433,0.167042359507377,-0.0127015441812655,0.00713453291744047,0.000724081475891435
-0.705087681550125,0.439177689255113,-0.0218330280242198,0.19083789583757,-0.0131051879896445,0.00597687303766826,-6.50732843590445e-05
-0.721978516998008,0.429815385748504,-0.0203546248665341,0.214331937479691,-0.0135181266261073,0.00480032887282125,-0.000851197238059345
-0.737533982475684,0.419571281768536,-0.0188490205731702,0.237394477273827,-0.0139315909262095,0.00359553475111455,-0.00162027165874311
-0.751818601028537,0.408480757161282,-0.0172851005570683,0.259873695115475,-0.0143366144141928,0.00235419501447953,-0.00235809116633205
-0.764893897943832,0.396613125341794,-0.0156442748205398,0.281592692503936,-0.0147245535257124,0.00107029065388657,-0.00305010985285066
-0.776811890772917,0.384081436219771,-0.0139251717826501,0.302351575542538,-0.015087585608762,-0.00025878946586213,-0.00368141478813252
-0.787606236820191,0.371047212351936,-0.0121468037401199,0.321935709226177,-0.0154191543482266,-0.00163127889462562,-0.0042368699594866
-0.797282186671275,0.357718322361333,-0.0103493026146218,0.340130104247021,-0.0157143225228745,-0.00304036035410996,-0.00470145917637964
-0.805807439783174,0.344338805360285,-0.00859144731403715,0.356738580782452,-0.0159699873813251,-0.0044739574288913,-0.00506083280351184
-0.813106651835637,0.331170798250639,-0.00694467602006029,0.371604806346564,-0.0161849236352132,-0.00591515273014948,-0.00530202909612356
-0.819062231751884,0.318470629414445,-0.0054840785876813,0.384630966212795,-0.0163596458061473,-0.00734332492179921,-0.00541429944601346
-0.823523046583418,0.306463154157036,-0.00427779708845646,0.395789380534113,-0.0164961243645627,-0.00873596275253125,-0.00538992856736484
-0.826320780634222,0.295319656797627,-0.00337696929549665,0.405123339212596,-0.0165974353653463,-0.0100709432218035,-0.00522492067458919
-0.82729145113654,0.285144432308076,-0.00280848080547651,0.412735819056253,-0.0166674496932333,-0.0113289134036799,-0.00491943425535904
-0.826298068421543,0.27597298050376,-0.00257212551715003,0.41876793344543,-0.0167106663937621,-0.0124953498199873,-0.00447789747806116
-0.823249598795073,0.267781940329654,-0.00264264609570906,0.42337176166211,-0.0167322381726764,-0.0135619381303101,-0.00390880615273564
-0.818112705159153,0.260507346030964,-0.00297572708523444,0.426683649988705,-0.0167381722021374,-0.0145270783316429,-0.00322427772443094
-0.810914361101704,0.254066219508247,-0.0035161657995444,0.428803642374902,-0.0167356049459196,-0.0153955309541086,-0.00243948061465819
-0.801735705477542,0.248376144144074,-0.00420616652053736,0.429784898964622,-0.0167329975965423,-0.0161773855138983,-0.00157206416176563
-0.79069908567841,0.243368742710845,-0.00499209400413028,0.429634595716144,-0.016740079801377,-0.0168866065034503,-0.000641686918191245
-0.777951009096769,0.238994853494925,-0.00582874788275079,0.428325694043235,-0.0167673886508924,-0.0175393893190726,0.000330306869045928
-0.763643795831826,0.235220987286214,-0.00668097240940074,0.425817489598228,-0.0168253025740885,-0.0181524732270333,0.00132106434496515
-0.747918502065442,0.232017981499668,-0.00752298610732393,0.422081869391323,-0.0169225552332305,-0.01874146090238,0.00230630207404696
-0.730891504458712,0.229343721698769,-0.00833614931248052,0.417131337305892,-0.0170643390171201,-0.0193191301800464,0.00326037055974199
-0.712647083041317,0.2271227390852,-0.00910603682999367,0.411043824039942,-0.0172502768667325,-0.0198937268085542,0.00415642427783581
-0.693238080946595,0.225226743357959,-0.00981971837141436,0.403978190457862,-0.0174727366725181,-0.0204673126513095,0.00496684416539863
-0.672695707777491,0.22346163614966,-0.0104640831940926,0.396173903818109,-0.0177161165734562,-0.0210344018095775,0.00566406816842781
-0.651047419861522,0.221567442556192,-0.0110258099087546,0.387929872361455,-0.0179577172627971,-0.0215812939665396,0.00622194450478415
-0.628338885215257,0.21923638770373,-0.0114930970219923,0.379561991929961,-0.0181705063104072,-0.0220866008521135,0.00661759755222541
-0.604653568067997,0.216149761352097,-0.0118585793257087,0.371346355375821,-0.0183274486613766,-0.0225233226149361,0.00683358583472791
-0.580123079673318,0.212026832903014,-0.0121222312053234,0.363462624259279,-0.0184063384937482,-0.022862400547857,0.00685990609906627
-0.554924106111247,0.206672278874249,-0.0122929035186336,0.355955280958263,-0.0183936404578792,-0.0230770777589149,0.00669529479684367
-0.529262508678782,0.200006909921751,-0.0123876718750126,0.348725920975998,-0.0182860900086216,-0.0231469546680349,0.00634741242639221
-0.503349806085098,0.192072106908466,-0.0124291558526915,0.341558613194161,-0.0180896813888833,-0.0230606445999353,0.00583184426861777
-0.477379243287402,0.18300858070958,-0.012441817423602,0.334168420435541,-0.0178167042073601,-0.0228164493257183,0.00517023401225095
-0.451507370136581,0.173019126315624,-0.0124484849156892,0.326256761107372,-0.0174821002086871,-0.0224211931457658,0.00438808144594671
-0.425843788076106,0.162328566873799,-0.0124679534090839,0.317558614037952,-0.0171003620039646,-0.0218878901729943,0.00351270588115331
-0.400448519578084,0.151151749125617,-0.0125138460586839,0.307873025546055,-0.0166836815459989,-0.0212330719043908,0.00257168143966778
-0.375334633827152,0.139675009353246,-0.0125943902163185,0.297075535081708,-0.016241456076317,-0.0204744260095758,0.00159182487244244
-0.350473596742089,0.128051188862323,-0.0127125690034631,0.28511600818571,-0.0157808491161895,-0.0196290846927811,0.000598656126809348
-0.325801602818877,0.116404780556105,-0.0128662214159482,0.272007156644507,-0.0153079450191689,-0.0187126115897308,-0.000383822282761737
-0.301226291876653,0.104842429199534,-0.013047944013685,0.25780865390012,-0.0148290603848948,-0.0177385544889567,-0.00133318936244093
-0.276634148882829,0.0934641782917531,-0.0132449443345252,0.242610373132595,-0.0143518784658573,-0.0167183588195302,-0.00222864893090828
-0.251899320028066,0.082371884112747,-0.0134392024631211,0.226516861011616,-0.0138861866306039,-0.0156614492157073,-0.00305114651397793
-0.226894408072687,0.0716725981686239,-0.0136083436222909,0.209634136677668,-0.0134440947253792,-0.0145753460886657,-0.00378360740648045
-0.201503142104596,0.0614762143061252,-0.0137274886569437,0.192059388212972,-0.0130396991159201,-0.0134657629471151,-0.00441129478494579
-0.17563370444075,0.0518880704653724,-0.0137720488202081,0.173874003107647,-0.0126882432863453,-0.0123366934609111,-0.00492224138382158
-0.149230753052864,0.04299844067683,-0.0137210845933358,0.155140181208043,-0.0124049081304349,-0.0111905486910361,-0.00530767222849206
-0.122283402816945,0.0348714855802046,-0.0135605332111777,0.135901302087136,-0.0122034410601607,-0.0100283869489152,-0.0055623230928732
-0.0948269942609386,0.0275363315467279,-0.0132855292582109,0.116185615027786,-0.0120948607777147,-0.0088502543036392,-0.00568456830043716
-0.066937530137127,0.0209822980246674,-0.0129011891091805,0.0960121403827267,-0.0120864425324753,-0.00765558648008398,-0.00567629966096731
-0.0387193339846773,0.0151591705075891,-0.0124215639912662,0.0753969269867149,-0.01218106756143,-0.00644355891769362,-0.00554252196612247
-0.0102884912493097,0.00998219476254807,-0.0118668165607246,0.0543575252982273,-0.0123767975870372,-0.00521322967004756,-0.00529062570458627
0.018242367683861,0.00534066417091636,-0.0112589138624797,0.0329147694060684,-0.0126662299221523,-0.00396336321161564,-0.00492927543434868
0.0467672527631598,0.00110927505272704,-0.0106165979445744,0.0110965005083592,-0.0130352410539395,-0.00269219371295501,-0.00446704313410531
0.0751697208507874,-0.00283754255233928,-0.0099524075383787,-0.0110434675942981,-0.0134628976354821,-0.00139831253569406,-0.00391194110946113
0.103319567955438,-0.00661190244716677,-0.00927620506560206,-0.0333968563267626,-0.0139278457851104,-8.33040041940816e-05,-0.00327372165629332
0.131132913439962,-0.010309920464573,-0.00860051274712693,-0.0558162425616569,-0.014417881480253,0.00124767517365776,-0.00256630663362652
0.158611761413895,-0.0140170007277199,-0.00793712157622201,-0.0781609417941471,-0.0149284265528565,0.00258897730128902,-0.00180572712710685
0.185803501744708,-0.0178090203430698,-0.0072919009201128,-0.100302330670436,-0.0154548365338441,0.00393601685599302,-0.00100739259143647
0.212757083282752,-0.021753323346113,-0.00666532369530806,-0.122107705898412,-0.0159896214951382,0.00528458247381731,-0.000185858173201657
0.239505729678997,-0.0259139218492646,-0.00605581499293357,-0.143434171654701,-0.016523141800027,0.00663004444754288,0.000644453663065002
0.266059846743176,-0.0303595664816347,-0.00546309359079354,-0.164132237117903,-0.0170445934175207,0.00796697447126846,0.0014686872085098
0.292399771655423,-0.0351724764786499,-0.00489076467839477,-0.184053728450289,-0.0175425448765474,0.00928901088971532,0.00227125252798537
0.318466960674795,-0.0404559015859385,-0.00434792904808736,-0.20306194642377,-0.0180052036984822,0.0105888800817925,0.0030357163313916
0.344155241956186,-0.0463388202013249,-0.00384956313215628,-0.221043385838941,-0.0184206551749538,0.0118585767326064,0.00374485848132898
0.369305004883594,-0.0529761359709704,-0.00341541810125339,-0.237919951605077,-0.0187772406393674,0.0130897284546614,0.00438090914779835
0.393703244848861,-0.0605430787184994,-0.00306738681722778,-0.253659835433937,-0.0190641547500148,0.0142741303176939,0.00492599244986483
0.417092444057386,-0.0692232810382117,-0.00282557627787197,-0.268284370729543,-0.0192722672004899,0.0154043918753731,0.00536279254502558
0.439190059206702,-0.0791912303853635,-0.00270372800592116,-0.281868049057316,-0.019395090732432,0.0164745875089417,0.00567542944170138
0.459718123410693,-0.0905913308359925,-0.00270498561530531,-0.294529714311755,-0.019429739394796,0.0174807708570877,0.0058504875203858
0.478439286617158,-0.103517239057645,-0.0028191593213184,-0.306414885472521,-0.0193776677026568,0.0184212181721932,0.00587808680478287
0.495192442190514,-0.117995887195133,-0.00302242678893376,-0.317671759105718,-0.0192449775071141,0.0192963100181518,0.00575284139704712
0.509919418570642,-0.133980150578573,-0.00327980270113341,-0.328425819193772,-0.0190421438879679,0.0201080399007908,0.00547453561094706
0.522675275248795,-0.151352276070625,-0.00354986530573898,-0.338759015194427,-0.0187831340023577,0.0208592260070723,0.00504838517733728
0.533618779617991,-0.1699373731536,-0.00379048009668003,-0.348698544738974,-0.0184840397366618,0.0215525676725291,0.00448483826034084
0.542985276639474,-0.18952339500438,-0.00396395777502251,-0.358217607376653,-0.0181614631157025,0.0221897053495348,0.00379897940838228
0.551049160196243,-0.20988215505149,-0.00404038585176119,-0.367247179028399,-0.0178309461107009,0.0227704134039678,0.00300968552085524
0.558085528393922,-0.230785718745828,-0.00399864739013049,-0.375695163380135,-0.0175057166890168,0.0232920031792781,0.00213871289931174
0.564339711391851,-0.252014051398368,-0.00382554056342447,-0.383467996646338,-0.0171959518615091,0.023748971663869,0.00120986426547115
0.570010065605105,-0.273352600008605,-0.00351407569141153,-0.390489932780169,-0.0169086614360605,0.0241329200337892,0.000248315585879048
0.575245057354577,-0.294581862004021,-0.00306222590528877,-0.396716349022671,-0.0166481810061242,0.0244327779250171,-0.000719892639706846
0.580152174385246,-0.315463826415187,-0.00247311910248106,-0.402138852359407,-0.0164171289492943,0.0246353944443658,-0.001668258085179
0.584813830159865,-0.335731960422988,-0.00175698997661294,-0.406781433796604,-0.0162175366941346,0.0247265567530681,-0.0025702094861116
0.589304835178065,-0.355091143336619,-0.000934368603107174,-0.410688268498859,-0.016051750828263,0.0246924572250081,-0.00339960068626902
0.593706541518845,-0.373231803013599,-3.92035276177236e-05,-0.413905056511541,-0.0159227022573949,0.0245215353315297,-0.00413140679312132
0.598114004802576,-0.389858180265728,0.000879821830229738,-0.416457256899076,-0.015833285651408,0.0242064781726785,-0.00474268378276291
0.602634143884672,-0.404726099753527,0.00176139010570627,-0.418329737106279,-0.015784910451182,0.023746009159458,-0.00521377570510167
0.607374939337293,-0.417681165239226,0.002537819778061,-0.419453086139642,-0.0157756549507049,0.0231460002419604,-0.00552964601879527
0.612428111171039,-0.428686401442169,0.00314480240372688,-0.41970119980213,-0.0157987295779444,0.0224194868753546,-0.00568109889239895
0.617849955812458,-0.437830084460698,0.00353235241602531,-0.418902386029382,-0.0158419612386339,0.021585393990104,-0.00566559940507656
0.623646036394715,-0.445309946359933,0.00367381401560182,-0.416862454638899,-0.0158886903248891,0.0206661432267884,-0.00548744892807027
0.62976442866268,-0.45139725168084,0.00357010824188312,-0.413394454604731,-0.0159199486696464,0.0196846609667853,-0.00515722785891619
0.63609932208217,-0.456390230638584,0.00324794424525066,-0.408347620283415,-0.0159173126601862,0.0186614731152412,-0.00469061923718526
0.642503308253461,-0.460568486009151,0.00275273976496252,-0.401628754066948,-0.0158656302110317,0.0176124842951536,-0.00410688007232395
0.648804229976311,-0.464157837829389,0.00213854650611188,-0.393212258947117,-0.0157549588698633,0.0165477624936199,-0.00342727018068413
0.654821899578834,-0.467310362178824,0.00145777864582314,-0.383138798173486,-0.0155813996133255,0.0154713365226581,-0.00267368629182281
0.660381122171453,-0.470099577079588,0.000753043698765033,-0.371505489060835,-0.0153468736205242,0.014381793381764,-0.00186763592513702
0.665319343673861,-0.472527506132812,5.2344292116497e-05,-0.358451767048192,-0.0150581282147039,0.013273381461494,-0.00102957769988009
0.669489041190384,-0.474539180922593,-0.000632124006435292,-0.34414471416891,-0.0147253383174105,0.0121373569399443,-0.000178582987810066
0.672756149461759,-0.476040507160746,-0.00130209375005928,-0.328766358824481,-0.0143606288305192,0.0109633946761235,0.000667759778829854
0.674996304873641,-0.476916522397415,-0.00196914586058037,-0.312503952261266,-0.0139767447048954,0.00974096995066198,0.00149328367200677
0.676090681593717,-0.477048263665692,-0.00264938766814932,-0.295543031516307,-0.0135859916813515,0.00846067461149389,0.00228310290234825
0.675922860273487,-0.476327325408066,-0.00335777557984609,-0.278062381118744,-0.0131994890657844,0.00711545087787787,0.00302345856683933
0.674377715366723,-0.474667642797464,-0.00410285693819307,-0.260229835029225,-0.0128267249829709,0.00570171414690818,0.00370160033349437
0.671342811761107,-0.472014152742775,-0.00488260295492025,-0.242198098077849,-0.0124753789014356,0.00422030453874114,0.00430573809251202
0.666712273763177,-0.468347915878651,-0.00568190372028269,-0.224100246120901,-0.0121513651167384,0.00267717093889192,0.00482508159467078
0.660392602596562,-0.463687255082251,-0.00647215441968901,-0.206045145599233,-0.0118590456639615,0.00108366830107602,0.00524997039017151
0.652309431038287,-0.458084576343635,-0.00721313277182685,-0.188113524276193,-0.0116015542075416,-0.000543646695542665,0.00557208113638676
0.6424138834048,-0.451618926641741,-0.00785703580430294,-0.170355724345495,-0.0113811645765899,-0.0021837939995751,0.00578468581603248
0.6306870384651,-0.444384897310816,-0.00835414573497147,-0.1527921359111,-0.0111996300341399,-0.00381271489818382,0.00588292325101788
0.617141181317224,-0.43647914665159,-0.0086592236004607,-0.135416961336264,-0.0110584202485629,-0.00540507048421686,0.00586404026107933
0.601816995648771,-0.427986324053501,-0.0087375044646046,-0.118205331134933,-0.0109587959194496,-0.00693627802603734,0.00572755953087174
0.584776651989053,-0.418966269771007,-0.00856922053223947,-0.101123081129513,-0.0109016872098276,-0.00838450039241824,0.00547534104500917
0.566093565228714,-0.40944436177409,-0.00815184389994194,-0.0841378756327937,-0.0108873851391311,-0.00973229479839754,0.00511152301733539
0.545840535107111,-0.39940595987759,-0.00749984182838057,-0.0672300945693013,-0.01091509147574,-0.0109676918769654,0.00464235306559313
0.524078487640238,-0.388795433240844,-0.00664226551719086,-0.0504019559175398,-0.0109824124517219,-0.0120845952326417,0.00407594582350903
0.500848364351853,-0.377519606207868,-0.00561897363348747,-0.0336837415936926,-0.0110849029507449,-0.0130825381911949,0.00342202185871268
0.476168758839883,-0.36545536443437,-0.00447648806314247,-0.0171364719897852,-0.0112157790148837,-0.0139659690356323,0.00269168861242232
0.450041745887576,-0.352461516211878,-0.00326438748684665,-0.00085068047915905,-0.0113659203014799,-0.0147433308759658,0.00189731203897701
0.422468742035968,-0.338395480578499,-0.00203281798744082,0.0150591238691656,-0.011524282991487,-0.0154262389923491,0.00105249405557702
0.393476162069693,-0.323134916260274,-0.000831249897491033,0.0304651090429916,-0.0116788159683127,-0.0160290067898724,0.000172114653740756
0.363145086313961,-0.306601021551866,0.000291832243499776,0.0452428143021648,-0.0118178452083292,-0.0165685480305523,-0.000727666134518797
0.331629574272291,-0.288772768051904,0.00128889969722351,0.0592931990300839,-0.0119315680421029,-0.0170641815739692,-0.00162955521863022
0.29914360627992,-0.269676268613674,0.00211357617087268,0.0725649279295928,-0.0120129212574163,-0.0175362974444336,-0.00251536454694024
0.265916536492484,-0.249347959657374,0.00272141295072961,0.0850683115782401,-0.0120573442213002,-0.018003187664425,-0.00336602316111715
0.232155580804564,-0.227803733426277,0.00307168622668774,0.0968781026897896,-0.0120622466105708,-0.0184772387196715,-0.00416118612224892
0.198051698855283,-0.205049271464133,0.00313091161511005,0.108132718631583,-0.0120276301161842,-0.0189628740446118,-0.00487892553782488
0.163809602491332,-0.181120870972375,0.00287820806549256,0.119033897035745,-0.0119578039961531,-0.0194568114896777,-0.00549619478112764
0.129657874291123,-0.156117329449858,0.0023111118324512,0.12983794414174,-0.0118626227864965,-0.0199491603097802,-0.00599014230028552
0.0958254802716958,-0.130203406510157,0.00144967237908626,0.140828841816216,-0.0117571430313471,-0.0204243422852984,-0.00633989641492401
0.0625006893566643,-0.103589977098513,0.000336864575960496,0.152274307296572,-0.0116597695893908,-0.0208621350172074,-0.00652847524901875
0.0297934455826949,-0.0765025353251171,-0.000965730408173231,0.164375924447669,-0.011589577571566,-0.0212394451960224,-0.0065445476436985
-0.00228413931952406,-0.0491480464587108,-0.00238658683385379,0.177228613007476,-0.0115636337992127,-0.021532940782607,-0.00638373289060146
-0.0338129697514964,-0.0216881973535152,-0.00385524600689985,0.190802529988312,-0.0115950487072546,-0.0217220811922335,-0.00604913682959228
-0.0649401791894621,0.00577504410164833,-0.00531265490094439,0.204952953710282,-0.0116922014109862,-0.0217917735205562,-0.00555098561205306
-0.0958396488301173,0.0331991397343827,-0.00671797698673803,0.219453910860107,-0.0118591481907022,-0.0217339685660618,-0.00490548076613996
-0.126672045712076,0.0605877247661792,-0.00805033504723654,0.234043837397304,-0.0120968162570325,-0.02154789769744,-0.00413321715543805
-0.157554807872355,0.0879693031314251,-0.00930568792448708,0.248469523816934,-0.012404376734208,-0.0212391069695665,-0.00325757094739236
-0.188547687498296,0.115373818965158,-0.0104903792578116,0.262517797564947,-0.0127802407381687,-0.0208177520641182,-0.00230337569428727
-0.219654312807989,0.142812100084283,-0.0116134157026024,0.276030090491442,-0.0132223476061421,-0.0202966848083771,-0.00129603697776624
-0.250836606393917,0.170261348780968,-0.0126793488582088,0.288900298666993,-0.0137276838194243,-0.0196897377659447,-0.000261075956226823
-0.282037197716335,0.19765817665292,-0.0136831201953072,0.30105969876862,-0.0142911945575687,-0.0190104113523745,0.000776013471059633
-0.313204562423467,0.224899612662654,-0.0146076928455324,0.312454141581631,-0.0149043988389616,-0.0182709821368072,0.00178975756437771
-0.344315748799567,0.251851949012724,-0.0154248484885826,0.323019082430023,-0.0155541063614171,-0.0174819348302455,0.00275471717311455
-0.375391879665666,0.278366798556843,-0.0160991103622036,0.332657942022804,-0.0162216704543808,-0.0166515879986024,0.00364567771193225
-0.406502297754132,0.304302828538212,-0.0165942476965568,0.341228945014774,-0.0168831787535366,-0.0157858206633272,0.00443813006646808
-0.437754810564839,0.329550159841384,-0.0168811924336609,0.348544651126969,-0.0175108463157635,-0.0148878910694682,0.00510909359036826
-0.469272337090347,0.354052709459536,-0.0169455971072169,0.354386287233669,-0.0180756076692907,-0.0139584275555416,0.0056382411260017
-0.501160049725183,0.377822674212591,-0.0167929883607644,0.358531488613917,-0.0185505363197291,-0.0129957151932698,0.00600918056211799
-0.53347069916434,0.400942001475328,-0.0164498396616018,0.360789881597199,-0.0189143719501029,-0.011996364911154,0.00621066067544301
-0.566177456859095,0.423548539786926,-0.015959969334304,0.361037631239852,-0.0191542734625832,-0.0109563322146128,0.00623744096141801
-0.599162108039051,0.445808951295993,-0.0153771337753421,0.359241443257861,-0.0192670649785913,-0.00987210388201042,0.00609062079869614
-0.632221963778018,0.467884599372017,-0.0147558990380297,0.355465325777128,-0.0192586803514938,-0.00874177388475792,0.00577735066703048
-0.665093190719103,0.489898584092335,-0.0141432769993802,0.349858744636381,-0.0191420609015132,-0.00756574472365211,0.00531000019637049
-0.697483742361463,0.511911061068851,-0.0135730738945369,0.342630379370844,-0.0189341837512741,-0.00634691555797757,0.00470497716864927
-0.729107321839895,0.533906674960239,-0.0130637731271664,0.334015233015802,-0.0186530381460304,-0.00509039182325434,0.00398144076796124
-0.759710994752457,0.555794107073826,-0.0126196323901194,0.324243371255181,-0.0183152255425946,-0.00380289313709805,0.00316012924682459
-0.789092066878523,0.577414923712066,-0.0122339519953183,0.313516550432093,-0.0179345562889167,-0.00249209438729175,0.00226245116116978
-0.817103174460891,0.598557833422253,-0.0118932909424737,0.301995844129106,-0.0175217021700669,-0.00116610415315392,0.00130990399048916
-0.843647070121527,0.61897489339106,-0.0115816310612778,0.289800435064084,-0.0170847398381409,0.000166805318936648,0.00032380977568102
-0.868663892799344,0.63839744937541,-0.0112838801524546,0.277015734655974,-0.0166303109333463,0.0014982108987663,-0.000674694043967163
-0.892113976082183,0.656550955916985,-0.0109884651039759,0.263708001516429,-0.0161651022694729,0.00281938272762933,-0.0016644992320125
-0.913958954675221,0.673168828574251,-0.0106889948248241,0.249942319484508,-0.015697365574015,0.00412110950300719,-0.00262430991200002
-0.934143558471781,0.688005898008278,-0.010385058920075,0.235800757463919,-0.0152382118878023,0.00539367396175909,-0.00353247052985908
-0.952580338381483,0.700851811495827,-0.010082215583297,0.221397515827177,-0.0148024165799627,0.00662712107462543,-0.00436694278153211
-0.969139681975987,0.711543935304006,-0.00979118019193289,0.206887879683761,-0.0144084719893767,0.00781188774294837,-0.00510552774910326
-0.98364758410419,0.719978159095572,-0.00952622500460349,0.192468109588683,-0.0140776650062723,0.00893974736604548,-0.00572640987120768
-0.995893265101953,0.726114908806078,-0.00930289103786983,0.1783644085553,-0.0138320845957396,0.0100048861399905,-0.00620905854580164
-1.00564737666686,0.729977255537378,-0.00913530104228122,0.164811116642016,-0.0136917071519301,0.011004812325488,-0.00653545324389627
-1.01268903660093,0.73163891637359,-0.009033584975945,0.152021196607243,-0.0136710355158547,0.0119407625228315,-0.00669150209770479
-1.01683677381616,0.731202405170388,-0.0090020603092454,0.140155108684511,-0.0137760674295343,0.0128173574009409,-0.00666842508887889
-1.01797601030424,0.728771048228227,-0.00903871773097657,0.129295989215066,-0.0140024730485157,0.0136414730249153,-0.00646381497788695
-1.01607541248191,0.724421436520962,-0.00913620744485791,0.119438308820099,-0.0143356352716073,0.0144205583115706,-0.0060821164153739
-1.01118727967558,0.718183583787556,-0.00928402381078322,0.110493580740978,-0.0147526740387489,0.0151608229611124,-0.00553439187833359
-1.00343225992127,0.710033922592823,-0.00947118189507363,0.102311416656803,-0.0152259459020528,0.015865742994472,-0.00483743313467048
-0.992973796986777,0.699902272539719,-0.00968856741586454,0.0947095601887643,-0.0157270734563564,0.0165351752379419,-0.00401244874431603
-0.979990453323216,0.687690082926775,-0.00993034622967452,0.08750446684862,-0.0162305004670008,0.0171651312891077,-0.00308363803153128
-0.964653656307474,0.673295237271993,-0.0101941912031596,0.0805350746844782,-0.016715857751782,0.0177480641794196,-0.00207692787609175
-0.947115207059322,0.656638729445161,-0.0104804263156226,0.0736755888335107,-0.0171688695132758,0.0182734463910278,-0.00101903549503577
-0.927504958167954,0.637689743221524,-0.0107903902427326,0.0668367365391052,-0.0175809278506897,0.0187284666256801,6.3110811223873e-05
-0.905935990639542,0.616486876008148,-0.0111243931205083,0.0599577711445145,-0.0179477101041425,0.0190987873567209,0.00114266351613136
-0.882513184308822,0.593153729272692,-0.0114796543100472,0.0529930779756118,-0.0182673150139537,0.0193694181610418,0.00219298862750563
-0.8573411103953,0.567906724345929,-0.01184862649419,0.0458977304184426,-0.0185384035290698,0.019525818824791,0.003187788026738
-0.830528310508186,0.541052380846685,-0.0122181386351339,0.0386161120037568,-0.0187587945079936,0.0195553265583251,0.00410135602630771
-0.802186561225341,0.512971125205386,-0.0125697695537529,0.0310769231598476,-0.0189248832589881,0.0194488939319778,0.0049090914723401
-0.772425358197168,0.484085935907189,-0.0128817100945107,0.0231964889741178,-0.0190320923422902,0.0192029485022199,0.00558833696590971
-0.741343166779709,0.454817229778857,-0.0131320248528195,0.0148901964058828,-0.0190763010044145,0.0188209915657769,0.00611952918768871
-0.709017958764275,0.425530136431821,-0.0133027290338024,0.00608936995561853,-0.0190558682600439,0.0183144371631433,0.00648752255087159
-0.675499979596563,0.396485035252323,-0.0133836368291309,-0.00324128328048885,-0.018973582259225,0.0177022525811225,0.00668282793501266
-0.640809431758444,0.367804345451525,-0.0133747861456839,-0.0130912643450056,-0.0188377982958065,0.0170092399991798,0.00670245287618149
-0.604940762996039,0.339465923204072,-0.0132865866222904,-0.0234010911387231,-0.01866226679961,0.0162632161814807,0.00655009401466441
-0.567873501903296,0.311326062491253,-0.0131375919409114,-0.0340693154476528,-0.0184646242227755,0.0154917112614371,0.00623560950464864
-0.52958781774906,0.283166120183502,-0.012950619564945,-0.0449672639991397,-0.0182640045790139,0.0147189411450502,0.00577391090962735
-0.490081651847087,0.25475027572641,-0.0127484272878458,-0.0559569095470857,-0.018078493084953,0.0139636531608193,0.00518355482642034
-0.449386041646835,0.225880247170073,-0.012550132788014,-0.0669073106499345,-0.0179231006511426,0.0132381149105662,0.00448533041798997
-0.407575208209761,0.196435775150811,-0.0123691150754635,-0.0777065670383024,-0.0178086632833846,0.01254816014886,0.00370104192660567
-0.364767866138818,0.166394257939563,-0.0122125451985502,-0.0882680709548999,-0.017741697390791,0.011893954925385,0.00285254673834395
-0.321114478385367,0.135826897841711,-0.0120821347959783,-0.0985304657511918,-0.0177248361558311,0.011270985134014,0.0019609903546428
-0.276763197239929,0.10487170390515,-0.0119752490531269,-0.108449206808892,-0.017757033644739,0.0106706599299745,0.001046149373002
-0.231803593967002,0.0736901724743153,-0.0118853935570071,-0.117975187721254,-0.0178325300968897,0.0100800307661029,0.00012595135214019
-0.186219081586809,0.0424300812117064,-0.0118020398333165,-0.127021640780853,-0.0179388580593714,0.00948111372577049,-0.000783421042102856
-0.139912353903576,0.0112227278604172,-0.0117119827509886,-0.135443996141955,-0.0180574024534146,0.00885206043814641,-0.00166657419619372
-0.0928014287837619,-0.0198008068418437,-0.0116038938826179,-0.143063173127553,-0.0181693809586135,0.0081713522987468,-0.00250801183696565
-0.0448752755127845,-0.0505253200132261,-0.011472592136103,-0.149709912397766,-0.0182623896758084,0.00742175202043841,-0.00329238741025823
0.00383116496380324,-0.080895571970076,-0.0113192680747642,-0.155245199650294,-0.0183317476547047,0.00659128621801181,-0.00400528907053825
0.0532742728290217,-0.110947225242542,-0.0111489842476651,-0.159559631866512,-0.0183782759413897,0.00567281682761416,-0.00463367076792683
0.103410624131571,-0.140810690836984,-0.0109679138308467,-0.162574868915065,-0.018405969717425,0.0046640232560872,-0.0051660063922446
0.154185248931897,-0.170694572532824,-0.0107811021686095,-0.164253711530953,-0.0184204757277019,0.00356788266252332,-0.00559247085283749
0.205514682274748,-0.200855508262589,-0.0105907719439864,-0.1646134673091,-0.0184280186844572,0.00239308654551998,-0.00590521390031825
0.257273649617075,-0.231559245054298,-0.0103952393100761,-0.163735757259262,-0.0184344709236243,0.0011539493551334,-0.00609864722429629
0.309289158840341,-0.263038764351911,-0.0101885960750014,-0.161768065258059,-0.0184445305839575,-0.000130388911557391,-0.00616964694106423
0.361343076567177,-0.295456338873715,-0.00996124366700334,-0.158915121345591,-0.0184611247163931,-0.00143744288752877,-0.00611761635880265
0.413182286736987,-0.328876263859883,-0.00970118246000003,-0.155420996809553,-0.0184851651125933,-0.00274335011827197,-0.0059444020886398
0.464534192092184,-0.363252855182321,-0.00939577694020905,-0.151545059614709,-0.0185157214219613,-0.00402502491012213,-0.00565409912430286
0.51512458574234,-0.398434970105614,-0.00903360533707177,-0.147536179684905,-0.0185505750001798,-0.00526217127676012,-0.00525279910596213
0.564694987034152,-0.43418492135985,-0.00860600402262642,-0.143609638975716,-0.0185870292599957,-0.00643888237309207,-0.00474833373205719
0.613017147245857,-0.470207111012992,-0.0081080200289687,-0.13993021201679,-0.0186228007396298,-0.0075446586437597,-0.00415004858245234
0.659903301010686,-0.506180511740074,-0.00753865039629566,-0.136603297878744,-0.0186568115869746,-0.00857479568634162,-0.00346862382205731
0.705211523014872,-0.541789211962044,-0.00690042284368318,-0.133674298798625,-0.0186897387359144,-0.00953019289275294,-0.00271594513930104
0.748846131162784,-0.576746326014866,-0.00619851625833027,-0.131135087164856,-0.0187242318927055,-0.0104166965459052,-0.00190502364075966
0.790753395034861,-0.610808182816617,-0.00543970529597344,-0.128935598549495,-0.0187647710094469,-0.0112441112038689,-0.00104996361052466
0.830912986369647,-0.643777492381233,-0.00463143511682688,-0.126998370244594,-0.0188171825189345,-0.0120249984858196,-0.000165976998618229
0.869325743873462,-0.675495868311507,-0.00378129679587689,-0.125234061646689,-0.0188878671578236,-0.0127733469491643,0.000730561591114906
0.905998568280907,-0.705827566416423,-0.00289709360728721,-0.123556410585395,-0.0189828155853189,-0.0135031586574467,0.00162203768107562
0.940927644142855,-0.734637543577269,-0.0019875713351855,-0.121895441800883,-0.0191065084414497,-0.0142269739640142,0.0024895340698527
0.974081793203002,-0.761768037637546,-0.00106373506616058,-0.120207896604932,-0.0192608243840841,-0.0149543614222245,0.0033128403884981
1.00538847788179,-0.787018739285646,-0.0001404932467834,-0.118483772228818,-0.0194441126503389,-0.0156904421787619,0.00407061292808021
1.03472552133686,-0.810135987806088,0.000761823201328536,-0.116747705880878,-0.0196506142185895,-0.0164345939520832,0.00474077340413327
1.06192172666064,-0.830815882922792,0.0016166688223782,-0.115054045677944,-0.0198704171246462,-0.0171795700616083,0.00530122707740908
1.08676857137833,-0.84872401195528,0.00239183557796435,-0.113475138033272,-0.0200900736626724,-0.0179113288098993,0.00573094059816192
1.10904294035736,-0.863530556982307,0.00305174505184528,-0.11208382173056,-0.0202938769653846,-0.0186098446729319,0.00601134053709487
1.12853760560568,-0.874954438328351,0.0035613872411637,-0.110933078409879,-0.0204656065457594,-0.0192510181470229,0.00612788277498123
1.1450929587689,-0.882805714813423,0.00389116753801866,-0.110037478388849,-0.0205903719110108,-0.0198095213505629,0.00607153522445148
1.15862194770447,-0.887014134538981,0.0040213996557976,-0.109361468802273,-0.0206561045513986,-0.020262097126599,0.00583986680452028
1.16912146421837,-0.887635053422942,0.00394509233398264,-0.108818058823768,-0.0206543398791676,-0.0205906163654552,0.00543748984792465
1.17666734416956,-0.884831070096941,0.00366815586906033,-0.108278422095385,-0.0205801747670966,-0.0207842167154505,0.00487575902052832
1.18139508903337,-0.878835647043711,0.00320702043808116,-0.107589693888018,-0.0204315771500553,-0.0208401128823768,0.00417182726336542
1.18347208750856,-0.869910045637195,0.00258450456392679,-0.106596281335379,-0.0202084240387521,-0.020763064325396,0.00334731173249638
1.18306830449557,-0.858305381901128,0.00182522695117491,-0.105160060829166,-0.0199116785970922,-0.0205638347200265,0.00242687336289718
1.18033115543769,-0.844238136657488,0.000951794097167179,-0.103176468712728,-0.0195430016432631,-0.0202571482823323,0.00143696145014215
1.17536785105077,-0.827882313730597,-1.74431549410434e-05,-0.100585573009495,-0.0191049084067536,-0.019859620938112,0.000404862528800655
1.1682361741234,-0.80937676920805,-0.00106883840895791,-0.0973786712508517,-0.0186014060236638,-0.0193879865307075,-0.000641928339829634
1.15894315969223,-0.788843101386085,-0.00219236773013922,-0.0936012881055757,-0.018038920294582,-0.0188577457277197,-0.00167609206989315
1.14745056271647,-0.766407959139913,-0.00337959691776669,-0.0893527892079139,-0.0174272442382782,-0.0182822145436327,-0.00267076228321818
1.1336859325259,-0.742223314319862,-0.00462141400016277,-0.0847817729804056,-0.0167802063713396,-0.0176718783056697,-0.00359984918791261
1.11755819144809,-0.716478964312288,-0.00590622584359727,-0.0800757287971297,-0.0161157671542135,-0.0170339693240705,-0.00443854463597119
1.09897629819426,-0.689403191043598,-0.00721916983510316,-0.0754438178289123,-0.0154553238676372,-0.0163722537647666,-0.00516408205714665
1.0778689076443,-0.661250288877836,-0.0085426268861068,-0.0710933268440631,-0.0148221592872042,-0.0156870917194564,-0.00575673043742095
1.05420203265559,-0.632277210192464,-0.00985797151416945,-0.0672029368154036,-0.0142391965834526,-0.0149758689586981,-0.00620089245812308
1.02799123284224,-0.60271500310067,-0.0111481336169691,-0.0638982982002673,-0.0137264629885695,-0.0142338539849227,-0.00648609098502478
0.999305345627786,-0.572742635259454,-0.0124002881703407,-0.0612360924561911,-0.0132988160959145,-0.0134554136991859,-0.00660760755193882
0.968260546837694,-0.542470234258401,-0.0136079352065439,-0.0592009830213895,-0.0129644607483739,-0.0126353807520333,-0.00656660282048777
0.935005935586503,-0.511935708144242,-0.014771830051061,-0.0577161643941745,-0.0127245731800667,-0.0117702798145947,-0.00636967983926023
0.89970425352863,-0.481114567087174,-0.0158995404866741,-0.0566641313849875,-0.012574018489186,-0.0108591430134608,-0.00602799399976341
0.862512045556782,-0.449939080636064,-0.017003830946998,-0.0559119058799647,-0.0125028729344157,-0.0099037632476275,-0.00555610369856546
0.823563314737915,-0.418321263134961,-0.0181003176076913,-0.0553347044804771,-0.0124983002619572,-0.00890840246204074,-0.00497077823184229
0.782959221720496,-0.386174281443858,-0.0192049990861768,-0.0548337489206591,-0.012546358884894,-0.00787910234908487,-0.0042899364560779
0.740764559118223,-0.353428734115429,-0.0203321839714694,-0.0543464109938784,-0.0126334357752347,-0.00682282529250577,-0.00353182174574683
0.697010531790818,-0.320042149495728,-0.0214932134288116,-0.053848976088528,-0.0127471821525613,-0.005746641832591,-0.00271444913001104
0.651702705411289,-0.286001776249388,-0.0226961591383981,-0.053353539148826,-0.0128769650348349,-0.00465712023007344,-0.00185530761602146
0.604832562164434,-0.251321803835476,-0.0239464752544912,-0.0529009453542526,-0.0130139344759088,-0.00355999584311395,-0.000971266621125651
0.556391421965441,-0.216036464616477,-0.0252484262165408,-0.052551391544371,-0.0131508369361214,-0.00246010762921959,-7.86176338113492e-05
0.506385233291689,-0.180190478185254,-0.0266069919997243,-0.0523738839839834,-0.0132816923849217,-0.00136153569503573,0.000806822944264757
0.454848783547447,-0.143828142677874,-0.0280298814778383,-0.0524353135915792,-0.0134014243734393,-0.00026783854714857,0.00166961871384781
0.401857411471316,-0.106982219637942,-0.0295292281275392,-0.0527896691004959,-0.0135054928244448,0.000817716983817192,0.00249468103724146
0.347533957306909,-0.0696638771788445,-0.0311225060731889,-0.0534678835622938,-0.0135895425521183,0.00189201855687215,0.00326732947761926
0.292048359535452,-0.0318553135290694,-0.0328321647425328,-0.0544688813078486,-0.0136490352176641,0.00295210182206215,0.00397343550219017
0.235608565779942,0.0064924767355443,-0.0346835091309925,-0.0557524376273606,-0.0136787978407572,0.00399523602956319,0.00459958778490708
0.178444804066109,0.0454527502257861,-0.0367005046796688,-0.0572346663347096,-0.0136724448806254,0.0050189863136342,0.00513318147083626
0.120795284518296,0.0851026509808297,-0.0388998102162352,-0.0587872243916447,-0.0136217894117262,0.00602111398794922,0.00556237132184183
0.0629040389865518,0.12548864245924,-0.0412844447520692,-0.0602423367044666,-0.013516671691748,0.00699931230583408,0.00587600202502311
0.00503378783242456,0.166586642796327,-0.0438396326962403,-0.0614063419877038,-0.0133458214793723,0.00795102896634656,0.00606383720051887
-0.0525200405061922,0.208275551160644,-0.0465332779084089,-0.0620828839547205,-0.0130990269675171,0.00887374304477506,0.00611738348201832
-0.109436376711586,0.250341032427411,-0.0493215167708623,-0.0621022811158252,-0.0127700199048587,0.00976578177833655,0.00603120857429248
-0.165405174279263,0.292510483093082,-0.052157240683904,-0.0613490012802231,-0.0123588527552307,0.0106272776299261,0.00580421225236059
-0.220178131899541,0.334502390361679,-0.0549982194501831,-0.0597783570157405,-0.0118727078773337,0.0114606383020955,0.00544024795078901
-0.273605450002549,0.376066935748383,-0.057812064107443,-0.0574173344065671,-0.0113248532862298,0.0122701161646705,0.00494784128418775
-0.325637698891699,0.41700171761151,-0.0605769747882455,-0.0543504113353217,-0.0107322568713582,0.0130605075772052,0.00433920561406399
-0.37629136041824,0.457141528230756,-0.0632791845255092,-0.0506963078119264,-0.0101128201256519,0.0138354277623332,0.00362904305862948
-0.425595878969354,0.496335392133139,-0.0659093208736883,-0.0465835626645878,-0.00948315806760767,0.0145958004087876,0.00283361196491059
-0.473547531388927,0.534428278253265,-0.0684597541197952,-0.0421311432986491,-0.0088574117625037,0.0153390614427425,0.00197027749440424
-0.520087801286499,0.571257012414054,-0.0709235937960435,-0.0374367731599654,-0.00824704705971942,0.0160591953100161,0.00105745139547948
-0.565108746150118,0.606657520025419,-0.0732945145390217,-0.0325727592922933,-0.00766128359072401,0.0167473613095835,0.000114679496071121
-0.608476077893074,0.640473279389761,-0.0755660727864304,-0.0275878780050512,-0.00710778423670498,0.0173927400744202,-0.000837316811402101
-0.650057629972589,0.672556178006833,-0.0777297088376412,-0.022513788131053,-0.0065933701873017,0.0179833457248486,-0.0017767158698393
-0.689748317046746,0.702757410540129,-0.079771604766741,-0.0173745315818933,-0.0061246398337342,0.0185067615747262,-0.00268078208268974
-0.727487559301573,0.730912483572066,-0.0816693766222042,-0.0121974799634092,-0.00570839667583598,0.0189509134238721,-0.00352615976801252
-0.763268459182655,0.75682818192186,-0.083389991830588,-0.00702365877710647,-0.00535176789845146,0.0193050304467177,-0.00428931616886639
-0.797139077051717,0.780279770956771,-0.0848902676446908,-0.00191498642505087,-0.00506188378060805,0.0195608562586181,-0.00494721317025387
-0.829195810633117,0.80102400191255,-0.0861208155589206,0.0030440524785048,-0.00484504275065225,0.0197140004424421,-0.00547827997742929
-0.859568545286591,0.818828326728662,-0.0870333695069444,0.00775205520244284,-0.00470543044552942,0.0197651325179506,-0.0058636898155031
-0.888398012684216,0.833510365084862,-0.0875902228295707,0.0121037445617719,-0.00464366461305705,0.0197206052919811,-0.00608882298736455
-0.915808015069965,0.844976364702837,-0.0877734014448239,0.0160080782368351,-0.0046556140695898,0.0195921387881581,-0.00614466965858239
-0.941877907885044,0.853245760055486,-0.0875907751449185,0.0194068369379865,-0.00473197309258954,0.0193954261212026,-0.00602885482186034
-0.966622315382603,0.858452597616566,-0.0870769732170187,0.0222882204728472,-0.00485889278502608,0.0191478674498175,-0.00574601179131224
-0.989983943342359,0.860822450121692,-0.0862886040561573,0.0246912749754473,-0.00501962419778582,0.0188659388154821,-0.00530739134803106
-1.01184141022104,0.860631768222513,-0.0852951616147846,0.0267000966131585,-0.00519677266633439,0.0185628056284155,-0.00472980416567174
-1.03202914419542,0.858161593660644,-0.0841682580020062,0.0284302575741437,-0.00537457352785445,0.0182466578004227,-0.00403415872222739
-1.05036279381376,0.853657248147164,-0.0829719383549756,0.0300121442773153,-0.00554064875740865,0.0179199632043283,-0.00324391014976585
-1.0666628392798,0.847301340377887,-0.0817559835562932,0.0315760957786418,-0.00568693190464376,0.0175795622640476,-0.00238368037462069
-1.0807709359229,0.83920199527481,-0.0805528742704388,0.0332427260271392,-0.00580972306710689,0.0172173687055533,-0.00147819691212971
-1.0925568132063,0.829394184987505,-0.0793780683553479,0.0351195974038347,-0.00590904563310106,0.0168214248837466,-0.000551583737778327
-1.10191669784357,0.81785027252248,-0.0782327018011635,0.0373034089448183,-0.00598757723585286,0.0163771352760631,0.000373045438131329
-1.10876627225054,0.804495963732895,-0.0771077280191254,0.0398855542098455,-0.00604943326916853,0.0158686000390618,0.00127378662997336
-1.11303196527488,0.789228905252047,-0.0759886742698025,0.0429583577380661,-0.00609903243397501,0.0152800399070481,0.00213004734645121
-1.11464392572273,0.771938125719647,-0.0748604014505495,0.0466193739179049,-0.00614020461407568,0.014597315269034,0.0029226524111156
-1.11353293631793,0.752523050981041,-0.0737113975342273,0.0509716894922148,-0.0061756323408291,0.0138094989984845,0.00363403061539571
-1.10963216166191,0.730910843983731,-0.072537192356895,0.0561191257491031,-0.00620665327985116,0.0129103836502826,0.00424852089481474
-1.102883278957,0.707070546483279,-0.0713425047709499,0.0621565082524887,-0.00623339160638969,0.0118997219666385,0.00475279035543777
-1.09324546666715,0.681022318412875,-0.0701418077570129,0.0691565825119525,-0.00625513231797907,0.0107839551608097,0.00513631010212005
-1.08070504129835,0.652840277718153,-0.0689581807380163,0.0771563634391423,-0.00627081165892298,0.00957620920405242,0.00539179978044762
-1.06528339708119,0.622648217854281,-0.0678206114040806,0.0861462841300247,-0.00627948051791276,0.00829544792857231,0.00551553978064909
-1.04704129892377,0.590608669506187,-0.0667602310408564,0.0960651218617028,-0.00628061400234527,0.0069648410423283,0.00550746747258782
-1.02607854149648,0.55690710290555,-0.0658062060503645,0.106802329778984,-0.00627418842457678,0.0056095838588368,0.00537101796497505
-1.00252917714539,0.521734022311823,-0.0649820578228663,0.118207499608323,-0.00626051241915732,0.00425452944721994,0.00511272674834153
-0.976553626346451,0.485267973349426,-0.064303022125889,0.130104898024129,-0.00623986148151877,0.00292201982165951,0.00474166249074952
-0.948329689210436,0.447661999246964,-0.0637747530649173,0.142309963284613,-0.00621200675509521,0.00163022723435519,0.00426878755098255
-0.91804460262665,0.409035069352837,-0.0633933430021908,0.15464457365776,-0.00617574133478069,0.000392175200083498,0.00370634554057499
-0.885889895916925,0.369468866153212,-0.0631463794779335,0.16694864316364,-0.006128494443083,-0.000784544610289386,0.00306735436037909
-0.852060081349422,0.329009422662914,-0.06301464953899,0.179086741421871,-0.00606609672438806,-0.00189746291448345,0.00236525051853709
-0.816755401410234,0.287672654645295,-0.0629741249593314,0.190949537732769,-0.00598273091166565,-0.00294849662732218,0.0016136973161338
-0.780188094229495,0.24545283347254,-0.0629979700492983,0.202450662869589,-0.00587107969973469,-0.00394295873688359,0.000826542818921938
-0.742590980537847,0.20233334918108,-0.0630584458811606,0.213520003354524,-0.00572266942052959,-0.00488845532246625,1.78957723245814e-05
-0.704226687508892,0.158299533499256,-0.0631286966207961,0.224094608323369,-0.00552840204570407,-0.00579376237215056,-0.000797722268450002
-0.665395365586191,0.113353575460481,-0.0631844573115673,0.2341084434299,-0.00527926257356013,-0.00666772917758408,-0.00160519576935539
-0.626438452922804,0.0675315090033489,-0.063205716488695,0.243482339767039,-0.00496717793241009,-0.00751822572041808,-0.00238865619488714
-0.58773586190474,0.0209216958501309,-0.0631782973999849,0.252115688708309,-0.00458598061669058,-0.0083511458164987,-0.00313140138107219
-0.549694224536158,-0.0263168194678198,-0.063095217954733,0.259881692246765,-0.00413239423275244,-0.00916949833989382,-0.00381595546233324
-0.512724721643244,-0.0739390873968194,-0.0629575776935728,0.266628064887904,-0.00360691282057141,-0.0099726604493929,-0.00442433446107991
-0.477210899734726,-0.121606387956951,-0.0627746575739561,0.272184730751684,-0.00301440596475223,-0.0107559172453059,-0.00493857446975977
-0.443469658098207,-0.168890255782446,-0.0625629504670962,0.276378951043349,-0.00236427053186106,-0.011510447602048,-0.00534154872109631
-0.411711796323525,-0.215291507266452,-0.0623440125235015,0.279056415597652,-0.00166999566994056,-0.012223905961258,-0.00561803923974691
-0.382010847945258,-0.260273884999136,-0.0621413207584858,0.280104499931125,-0.000948125621464901,-0.0128816667417146,-0.00575594357826123
-0.354288886001974,-0.303307102151989,-0.0619766647188201,0.279472079013022,-0.000216776955517836,-0.0134686411917687,-0.00574741503779597
-0.328324514433624,-0.343909854124866,-0.0618668363930815,0.277180095546341,0.000505970470514053,-0.0139713872399946,-0.0055896983686466
-0.30378213277436,-0.381682231491004,-0.0618213925168217,0.273319219463384,0.0012034221704416,-0.0143800968498423,-0.00528546918940131
-0.280255157510281,-0.416320213734932,-0.0618420018036107,0.268034860182832,0.00186105566664561,-0.0146900422879665,-0.00484261103755539
-0.257312210397181,-0.447611514104315,-0.0619234638858819,0.26150388539569,0.00246665795474476,-0.0149022145811734,-0.00427351893051928
-0.234535874228519,-0.475418892482944,-0.0620560743866135,0.253909778422315,0.00300997162737902,-0.0150231289041973,-0.00359413076231667
-0.211547558195735,-0.499660776844211,-0.0622287377164357,0.245422621542789,0.00348216753383402,-0.0150639851605861,-0.00282291026283246
-0.188016822340971,-0.52029789410289,-0.0624321010525797,0.236187597213782,0.00387547436057134,-0.0150394615366507,-0.00197994353062013
-0.163657051668784,-0.5373293886623,-0.0626609381388203,0.226322064243444,0.0041831778384868,-0.0149663675664065,-0.0010862168439679
-0.138211246557614,-0.550795680820899,-0.0629150614475032,0.215918440297348,0.00440003037712727,-0.0148622619527057,-0.00016307774660518
-0.111432838471826,-0.560781974397574,-0.0631983003241756,0.205049340945749,0.00452297373569423,-0.0147440537810831,0.000768129144253963
-0.0830677374038926,-0.567418558174328,-0.0635156815443451,0.193772915636993,0.00455202783581872,-0.0146266269967901,0.00168624363246944
-0.0528444553622579,-0.570879887604746,-0.0638696918009879,0.182138553538866,0.00449121802309134,-0.0145216155263705,0.00257029975398206
-0.0204776347791088,-0.57138819928475,-0.0642569434031147,0.170194008526167,0.00434942233947466,-0.0144365020447376,0.00339945356712426
0.0143136852723675,-0.569224214474454,-0.0646663317579792,0.157993502441807,0.00414095619717644,-0.0143741407959272,0.00415300344635263
0.0517762954719735,-0.564739603195782,-0.0650790820408693,0.145604059380452,0.00388561351783898,-0.0143326800477721,0.00481068699357632
0.0920878585676444,-0.558360399137323,-0.0654704737523834,0.133106543472009,0.00360786551054918,-0.0143058037432523,0.0053533537527258
0.13532430559494,-0.550572268714219,-0.0658127999964475,0.120589480629538,0.0033350648009764,-0.0142832631726861,0.00576398383010762
0.18143705646139,-0.541886058482753,-0.0660790902919733,0.108136675595008,0.00309479548945947,-0.0142517469687974,0.00602890420877946
0.230246218544984,-0.532790695371578,-0.066247033944511,0.0958122970730712,0.00291184263727982,-0.0141961395616262,0.00613897279133935
0.281452820952902,-0.523706128654617,-0.0663023629937727,0.0836483791215988,0.0028054805107965,-0.0141011128289133,0.00609047097433686
0.334668344785548,-0.514949363611482,-0.0662408785457817,0.0716390842981653,0.00278776906061209,-0.013952835531242,0.0058854870208843
0.389454798395356,-0.506722061453094,-0.0660685398343061,0.0597438296104311,0.00286326840770212,-0.0137404747268542,0.00553169002196665
0.445365589585276,-0.499120847724873,-0.0657995620312107,0.0478983563057685,0.00303013356853276,-0.0134571803133501,0.00504155405196999
0.501977978612275,-0.492164701999914,-0.0654530678287734,0.0360302891255311,0.00328213387889732,-0.0131003928650175,0.0044312319895616
0.558911608292047,-0.48583013928143,-0.0650492252321907,0.0240746395908525,0.00361092847650305,-0.012671520395657,0.00371934207284404
0.615832617488927,-0.480085055213089,-0.0646058400128053,0.0119852565026268,0.00400797379703311,-0.0121751934295813,0.00292590275203704
0.672447021965547,-0.474914976903866,-0.0641361131521906,-0.000260139132415689,0.0044656654018648,-0.0116183687448096,0.00207156096541046
0.728488970030057,-0.470339004003355,-0.0636478713639066,-0.012661818143888,0.00497759276630531,-0.0110095058757117,0.00117715053221606
0.783709135034979,-0.466415560954713,-0.0631442089499515,-0.0252057524907088,0.00553800926499479,-0.010357933026673,0.000263529664883977
0.837866544246618,-0.463239559579352,-0.0626252161690222,-0.0378751226005477,0.00614075086780626,-0.00967340155018112,-0.000648404754649904
0.89072475418981,-0.460933037337867,-0.0620903396915811,-0.0506630258452467,0.00677789064533979,-0.00896574389244243,-0.00153764488337879
0.942051191125795,-0.459631206845988,-0.0615408743292427,-0.0635835402614837,0.00743842465350783,-0.00824451486694176,-0.00238305372372585
0.991617318848522,-0.459465698939132,-0.0609820955514841,-0.076678313416767,0.00810727430044064,-0.00751851496688862,-0.0031634937155181
1.03919718143565,-0.460546810290985,-0.0604245867558623,-0.0900162555304087,0.0087648641837916,-0.00679515771137962,-0.00385816794357341
1.08456270523172,-0.462946784797749,-0.0598844100560811,-0.103684926315186,0.00938747586858631,-0.00607973436072693,-0.00444720451178429
1.12747558955988,-0.466686327466389,-0.0593819447777589,-0.117773926552416,0.00994846312702641,-0.00537472211011659,-0.00491246801369913
1.16767729633892,-0.471726368273582,-0.0589394965243356,-0.132352847290195,0.0104202355651308,-0.00467934164134585,-0.00523852616008225
1.20487986943733,-0.477966194941899,-0.0585781141502342,-0.1474484527913,0.0107767041686241,-0.00398956083782713,-0.00541364552950896
1.23876095171662,-0.485247614770539,-0.0583143518173984,-0.163026882984049,0.0109957105896024,-0.00329865038814216,-0.00543065943212506
1.26896604989689,-0.493363167817713,-0.0581578205275855,-0.178985980082684,0.0110609199745169,-0.00259824369295523,-0.00528756130636332
1.295120155288,-0.502065496895932,-0.0581102013921198,-0.19516032592369,0.0109627971903768,-0.00187969714676412,-0.00498773321266977
1.3168493133315,-0.511075368516504,-0.0581659613945178,-0.211338044720921,0.0106985715000486,-0.00113545486243449,-0.00453980099127642
1.33381073826092,-0.520087498596791,-0.0583144865494141,-0.22728523475797,0.0102714079442564,-0.000360134646236752,-0.00395718218111009
1.34572764662682,-0.528775412807755,-0.0585429450749915,-0.242772171921831,0.00968920943118941,0.000448841171126076,-0.00325743258023412
1.35242221310021,-0.536797724649461,-0.0588390543674866,-0.257595482964605,0.00896349368721183,0.00129109806832037,-0.00246149607155569
1.35383812818094,-0.54380771873322,-0.0591930787867429,-0.271591932077058,0.00810864643355163,0.00216354347541952,-0.00159293730387031
1.35004447532258,-0.549466108662307,-0.0595987271725933,-0.284641577694003,0.00714163644346293,0.00306081272973907,-0.00067720942810878
1.34121617277434,-0.553454432862607,-0.0600530057609997,-0.296660289039826,0.00608208967549563,0.00397576025757077,0.000259010087948516
1.32759292619877,-0.555485248607067,-0.0605553899884052,-0.307583721653119,0.00495251506780121,0.00489989198854986,0.00118839972409716
1.30942625062666,-0.555305893348467,-0.0611068160821554,-0.317346651640584,0.00377844941514686,0.00582372836226365,0.00208350315379616
1.28692952826428,-0.552694963684855,-0.0617089376590075,-0.325862839670523,0.00258830668151012,0.00673717377063594,0.00291722325767991
1.26024637417553,-0.5474536524303,-0.0623638712918336,-0.333010948064068,0.00141274798645816,0.00763000811902896,0.00366339694431431
1.22944743590169,-0.539396496456192,-0.0630743802352202,-0.338631224498389,0.000283438756112247,0.00849258324957165,0.00429755555359502
1.1945565200904,-0.52834679301431,-0.063844228947748,-0.342535494614313,-0.000768840640166813,0.0093167022699313,0.00479793041390715
1.15559727118731,-0.514140730959665,-0.0646784004910379,-0.344529772164437,-0.00171659222588731,0.0100965243663955,0.00514666589708673
1.11264475698381,-0.496641282854728,-0.0655830070291843,-0.344445088795804,-0.00253815085020594,0.0108292374500206,0.00533108299217452
1.06586484175574,-0.475759018045846,-0.0665649560200868,-0.342169099747923,-0.00321985782998055,0.0115152395777542,0.00534474432863231
1.01552863635976,-0.451473589058731,-0.0676316059637608,-0.337669906837526,-0.00375730175418918,0.0121576875410187,0.00518805444153786
0.961998116425169,-0.423848354972456,-0.0687906471254383,-0.331005270618778,-0.00415525339029525,0.0127614655655659,0.00486821036168473
0.9056887537034,-0.393032320330213,-0.0700502695343419,-0.322314688675831,-0.00442627064531623,0.0133318095870806,0.00439847731552196
0.847021954956386,-0.359247763424985,-0.0714194454205888,-0.311797115164857,-0.00458832430418502,0.0138729093532708,0.00379694197376899
0.786381835770523,-0.322766701101799,-0.0729079982139269,-0.299681180292237,-0.0046620353721404,0.0143867734033745,0.0030850183653116
0.724087554691881,-0.283882569350528,-0.0745261405340244,-0.286196107972625,-0.00466813495010304,0.0148725215963425,0.00228600452527359
0.660386132233304,-0.242883980560835,-0.076283304585521,-0.271549975565034,-0.00462558557353302,0.0153261368658902,0.00142391539307709
0.595464433616453,-0.200035629862086,-0.0781862946296532,-0.255918779691117,-0.00455054571902948,0.0157406225278729,0.000522695576964201
0.52947456884509,-0.155568598928535,-0.0802369720732728,-0.239446436264789,-0.0044561242726112,0.0161064861309725,-0.000394203491593921
0.462565089125929,-0.109679831910405,-0.0824298231967668,-0.222253461525697,-0.00435271992889453,0.0164124881016273,-0.00130397859587582
0.394910460882466,-0.0625390628162258,-0.0847498573468149,-0.204450896694122,-0.00424867660823209,0.0166466190909549,-0.00218449403001921
0.326732669806067,-0.0143009547688054,-0.0871713654783107,-0.186155833495478,-0.00415098680828206,0.0167972801807243,-0.0030142968011944
0.258310679784013,0.0348798409016322,-0.0896581075843503,-0.167505197652969,-0.00406581388838205,0.0168546192329777,-0.00377273839089587
0.189975550710611,0.0848330699613026,-0.0921654302687709,-0.148664948551763,-0.0039986690618377,0.016811923151455,-0.00444028186257222
0.122091305012216,0.135359367250899,-0.0946445537144282,-0.129832497700023,-0.00395416918669194,0.0166668902625518,-0.00499903163543623
0.0550242341959578,0.186221813280621,-0.0970487561713816,-0.111231098531919,-0.00393541794474705,0.016422535320953,-0.00543346845916818
-0.010893838043372,0.237145247751132,-0.0993404919877517,-0.0930964260782071,-0.00394318217708338,0.0160874539670775,-0.00573130474017723
-0.0754004207311289,0.287824659998332,-0.10149782338241,-0.0756574801341946,-0.00397513951828208,0.0156752345876261,-0.00588430883403
-0.138326518915918,0.337941491618488,-0.103518294153369,-0.0591158478185869,-0.00402550323267439,0.015202974381266,-0.00588891070716919
-0.199602929008243,0.387183873570854,-0.105418786093625,-0.043628356952852,-0.0040852490849301,0.014689092647572,-0.00574642400832448
-0.259245879298516,0.435265184536584,-0.107231016138348,-0.0292975550811846,-0.00414299285161222,0.0141508560897013,-0.00546281108317039
-0.317325200966624,0.481936061262076,-0.108993744043807,-0.0161721742664077,-0.00418636376267566,0.0136021328066567,-0.00504804679045466
-0.373923622700678,0.526988168178551,-0.110743869516607,-0.00425664562467848,-0.00420357767308713,0.0130518231136776,-0.00451524706241166
-0.429098508710058,0.570252072155914,-0.112508890196536,0.0064739027517992,-0.00418488558449068,0.0125032030131838,-0.00387976594275009
-0.482856174561342,0.611593963197941,-0.114302525218808,0.0160578826905812,-0.00412364441956024,0.0119541480686398,-0.00315841665317586
-0.535144145726889,0.650915169642108,-0.116124035628457,0.0245348595826981,-0.00401687352247085,0.0113979891845434,-0.00236887676183739
-0.585860087707172,0.688154822344662,-0.117960461774558,0.0319389241469753,-0.00386527057762431,0.0108246546790923,-0.00152925484091259
-0.634870317678762,0.723292037961357,-0.119790204894388,0.0382981543361745,-0.00367274490203154,0.0102217910249147,-0.000657768802324355
-0.682028422293693,0.756342476904583,-0.12158639330474,0.0436389429343459,-0.00344558784468366,0.00957569491287289,0.000227488411845605
-0.727186426162434,0.787346047977028,-0.123319139690315,0.047993242899014,-0.00319144074758563,0.00887206204886669,0.00110868325302321
-0.770196207018068,0.816346947825739,-0.124956748811183,0.0514067561222625,-0.00291823642304713,0.0080966972829778,0.00196825664161008
-0.810904720589507,0.843371567144178,-0.12646668758684,0.0539463505828389,-0.00263327454857535,0.00723638431938876,0.00278883790004343
-0.849150270262527,0.868411763873464,-0.127817351362227,0.055705159826221,-0.00234254977224907,0.00628006429704308,0.00355313744858018
-0.884766777962499,0.891419506235421,-0.128981254751819,0.0568038008341885,-0.00205039751642832,0.00522033623792992,0.00424394502673936
-0.917599060291985,0.91231470058361,-0.129939445645537,0.0573862041913607,-0.00175947118782704,0.00405511384358671,0.00484435933492977
-0.947526304313719,0.931002965942629,-0.130686051852113,0.0576091237936086,-0.00147102127328658,0.00278911185958491,0.00533831690976944
-0.974486393168233,0.947396831621895,-0.131231402500867,0.0576257949863839,-0.00118540959740573,0.00143475569194667,0.00571139309521258
-0.99849216607346,0.961433222203321,-0.131602314456605,0.0575662252258367,-0.000902754992425462,1.21492056336453e-05,0.0059517507751781
-1.01963289087422,0.973082290206634,-0.131838908781348,0.0575184958976623,-0.000623574202870215,-0.00145209207505043,0.0060510501238287
-1.03805880715497,0.982346107201312,-0.131988384411096,0.0575162185415051,-0.000349267466118043,-0.00292707077278308,0.00600512652204051
-1.05395159339256,0.989248877777523,-0.132097101538337,0.057536256729979,-8.23184204208133e-05,-0.00438055123707182,0.00581429663570288
-1.06748740284956,0.993822367147905,-0.132202789018297,0.0575081472951016,0.000173861776536253,-0.00578207525630333,0.00548324839971213
-1.07880059219268,0.996090780774185,-0.132328543864841,0.057333313493538,0.000415429713235641,-0.00710567695730935,0.00502057602780359
-1.08795576156966,0.9960590325665,-0.132479709334384,0.0569095011976608,0.000638842750256615,-0.00833176654064105,0.00443810162661258
-1.09493360693152,0.993707320024412,-0.132643949792031,0.0561548121609422,0.000841671626800712,-0.00944800723888654,0.00375015307933652
-1.09963316102954,0.98899341568007,-0.13279416132775,0.0550263597609155,0.00102331898267453,-0.0104492711847872,0.00297293988440671
-1.10188977617628,0.981862078021588,-0.132893397947947,0.0535303098418041,0.00118549002001398,-0.0113369318625607,0.00212410278191285
-1.10150504669907,0.972258672989413,-0.132900754468591,0.0517220599439839,0.00133230097032701,-0.0121177894089506,0.00122244013845604
-1.09828246856735,0.960142293062485,-0.132777106332989,0.0496969987660507,0.00146995677302016,-0.0128028503996187,0.000287763358698708
-1.09206161925979,0.945493241556842,-0.132489737898954,0.04757353238956,0.00160597772454363,-0.0134060564447898,-0.000659182510073321
-1.08274448230372,0.928311326015316,-0.13201519380013,0.0454709976107197,0.00174801033451237,-0.0139429435023495,-0.00159678594498753
-1.07031011369515,0.90860481135608,-0.131340138315389,0.0434858704205241,0.00190232639023248,-0.014429163835377,-0.0025026609393452
-1.05481721252148,0.886373998169699,-0.130460508540079,0.0416703535288922,0.00207219728752078,-0.0148788313951548,-0.00335380248197098
-1.03639702823945,0.86159660997631,-0.129379656534468,0.0400178444980839,0.00225641905781148,-0.015302750081804,-0.00412687138539843
-1.01524008121089,0.834222734497798,-0.128106319816089,0.0384596028265713,0.00244833290972841,-0.0157067217105158,-0.00479871120310965
-0.991579243980047,0.804184228761735,-0.126653075937055,0.0368756727143663,0.00263569484779432,-0.0160902625656937,-0.00534720905262543
-0.965669888549088,0.771417878576,-0.125035500987548,0.0351203614200545,0.00280164496582731,-0.0164461239688262,-0.00575255310349294
-0.937766962707027,0.735895422801063,-0.123271790215107,0.0330584313296357,0.00292678291803354,-0.0167609486455847,-0.00599880005595645
-0.908100340354871,0.697649844382659,-0.121382372815596,0.0306037748753828,0.00299201014549827,-0.017017164366138,-0.00607548888441757
-0.876852868186328,0.656788259007788,-0.119389177502849,0.0277498161632353,0.00298148337622365,-0.0171958581136713,-0.00597891468591284
-0.844147477035275,0.613487003936857,-0.117314544715804,0.0245822137138925,0.00288491218745331,-0.0172800209413134,-0.00571269810767736
-0.810048137232141,0.567971445724214,-0.11518006826476,0.0212698598162702,0.00269862620462593,-0.0172573826614767,-0.00528746972680811
-0.774574544366095,0.52048815231944,-0.113005702066942,0.0180374467761885,0.00242526628265821,-0.0171221738534666,-0.0047197554893002
-0.737725033062149,0.471278351209373,-0.110809305254669,0.0151285247859696,0.00207240965895434,-0.0168755113839415,-0.00403037006909669
-0.699499502724422,0.420559390914184,-0.108606591257754,0.0127696142185727,0.00165071290333893,-0.0165245276487151,-0.00324270846049221
-0.659915373945655,0.368517266354709,-0.106411363907172,0.0111436016092268,0.00117216952956844,-0.0160806730461797,-0.00238126780163298
-0.619013425141956,0.315309965920456,-0.104235981278296,0.0103762691395796,0.000648895755037141,-0.0155577265367161,-0.00147059076067866
-0.576854452770612,0.261079231521053,-0.102092094163543,0.0105356037433847,9.26059476502317e-05,-0.0149699729623251,-0.000534669667903993
-0.533510166280356,0.205967043768968,-0.0999917225086249,0.0116408228527505,-0.000485278102585664,-0.0143308272141758,0.000403268793181634
-0.489052144928201,0.15013237741294,-0.0979486004515422,0.0136770358412067,-0.00107307891666825,-0.0136519889586547,0.00132074955008592
-0.443541670331817,0.0937634474814022,-0.0959794657156601,0.0166116341749968,-0.00165813425343195,-0.0129430540968038,0.0021959804601994
-0.397022157847422,0.0370812495126018,-0.0941047577552552,0.0204092150965717,-0.00222615325946337,-0.0122114257495173,0.00300788536883547
-0.349515423220503,-0.0196680526073648,-0.0923481619372476,0.025042643575913,-0.00276089357018513,-0.0114623616106927,0.00373634552508246
-0.30102308500108,-0.0762315327886082,-0.0907346778173172,0.0304986163990974,-0.00324433256839061,-0.0106990493238814,0.00436268745794711
-0.251534360525418,-0.132375131772918,-0.0892873660919083,0.0367769151804477,-0.00365740999600304,-0.00992268560754741,0.00487038252605311
-0.20104055636993,-0.187910334579573,-0.0880234578319761,0.0438835626285279,-0.00398129152955864,-0.00913260705342791,0.0052458592690677
-0.149554646362434,-0.242714688410456,-0.0869508779579564,0.0518193151214908,-0.00419896224082758,-0.0083265516597746,0.0054792872039985
-0.0971321272361502,-0.29674007629362,-0.0860662413250756,0.0605660740999482,-0.00429684378476129,-0.007501106746287,0.00556518051991033
-0.0438880597798263,-0.350005817259761,-0.0853549956719561,0.070074462385744,-0.0042660881851501,-0.00665233592141735,0.00550269919209853
0.0099943520204808,-0.402577874221155,-0.0847937295570658,0.0802556224061863,-0.00410326383623713,-0.00577650472552349,0.00529558772713044
0.0642660709832918,-0.454539190694591,-0.0843540050662381,0.0909791825538066,-0.00381030447929524,-0.00487077776952316,0.00495177033178127
0.118624728709541,-0.505958192652583,-0.0840066998226738,0.102077647803855,-0.00339378677799583,-0.00393376339097336,0.00448269284815587
0.172733953842682,-0.556862155150083,-0.0837258351007855,0.113355777268408,-0.00286376395834272,-0.00296582876042674,0.00390254302252861
0.226244889559557,-0.607220076009794,-0.0834912020889402,0.124602417625241,-0.00223246142571297,-0.00196917854936541,0.00322748539779734
0.278815637626462,-0.656936871165014,-0.0832895504924905,0.135602031141252,-0.00151312171507628,-0.000947749603569675,0.0024750177723884
0.330125835589617,-0.705858177568031,-0.0831144909829857,0.146143711039777,-0.000719197308752846,9.29980045296992e-05,0.00166350776868174
0.379885287692923,-0.753783315542684,-0.0829654664530218,0.156026465068017,0.00013602634604872,0.00114632168787007,0.00081191659398773
0.42783683729549,-0.800483033595277,-0.0828461647396518,0.165060591145063,0.00103940092617697,0.00220443086917924,-6.03243723249353e-05
0.473754269411316,-0.845718339494081,-0.0827626557589963,0.173065833567719,0.00197757700181544,0.00325871861578206,-0.000933343491056178
0.517436181759882,-0.889256810160695,-0.0827214304603775,0.179867630757621,0.00293649991993902,0.00430002593172171,-0.00178683389895598
0.558696902899929,-0.93088323872377,-0.0827274658565626,0.185293184565507,0.00390090390762586,0.00531898669923318,-0.00260010122061187
0.597356085092446,-0.970402476029165,-0.0827824670766137,0.189169329180738,0.00485397721872489,0.00630648941435888,-0.00335221626715054
0.633229544934031,-1.00763376014006,-0.0828835014506209,0.191324139331309,0.00577736682645595,0.00725425540610723,-0.00402232848853105
0.666124979562755,-1.04239775402439,-0.0830222981323986,0.191593738945235,0.00665166213853881,0.00815547784650576,-0.00459018514803996
0.695846613057776,-1.07449958925438,-0.0831854688187269,0.189834675438468,0.00745742515799887,0.00900540508557606,-0.00503687875143336
0.722211789910552,-1.1037128898391,-0.0833557644242095,0.185940529914557,0.00817670794075337,0.00980170834395422,-0.00534580350135348
0.745079712732341,-1.12977057522839,-0.0835142430121452,0.179859553832442,0.00879483292120598,0.0105444768449974,-0.00550374143143813
0.764388277418287,-1.15236750029314,-0.0836429471313187,0.171608761559426,0.00930205866616128,0.0112357514708433,-0.00550193421410284
0.780190789782692,-1.17117749729928,-0.0837274960170926,0.16127988366516,0.00969468902443157,0.0118786330790045,-0.00533695420674471
0.792682167899435,-1.18588339215143,-0.0837589814133444,0.149034285671776,0.00997526693784524,0.0124761384586768,-0.00501119472687175
0.802205589587732,-1.19621433939645,-0.0837347467984254,0.135087030136214,0.0101517248452561,0.0130300623630922,-0.0045328660152757
0.80923529632113,-1.2019818847123,-0.0836579435022335,0.11968357947706,0.010235661955749,0.0135400907079725,-0.00391549273535232
0.814337716887815,-1.20310604041577,-0.0835360711257201,0.103074903859407,0.0102401656132111,0.0140033040947559,-0.00317702340628553
0.818118658938775,-1.19962567580901,-0.0833789148827105,0.0854971284472935,0.0101776953722158,0.0144140700354246,-0.00233874089169667
0.821167095930299,-1.19169265070907,-0.0831963583280206,0.0671603389209369,0.0100584845774994,0.0147642215074901,-0.00142418194818217
0.824005408787315,-1.17955409404898,-0.0829964937164582,0.0482484556115796,0.0098897341449608,0.0150434014277046,-0.000458232435739901
0.827052803289529,-1.16353017979692,-0.0827843382146632,0.028929149661736,0.00967565720912666,0.0152395124576056,0.000533516709620766
0.830604519871999,-1.14399461284649,-0.0825613303096964,0.0093703425932352,0.00941824398363349,0.0153393037112615,0.00152516212842714
0.834825832243074,-1.12136220222888,-0.082325652082961,-0.0102417277110748,0.00911848270119534,0.0153291973916575,0.0024907209734872
0.839757467393933,-1.09608360461696,-0.0820732999883343,-0.0296884873974267,0.00877769699445055,0.0151964692146016,0.00340434828399611
0.845328283672296,-1.06864335266618,-0.0817997196645632,-0.048714255429428,0.00839864125479642,0.0149308325204694,0.00424069572239731
0.851371426596034,-1.03955480918517,-0.0815017123195509,-0.0670343801518558,0.00798603804036507,0.0145263399366805,0.00497553682543476
0.8576414621172,-1.00934584824129,-0.0811792365333398,-0.0843571212236194,0.00754636141697874,0.013983339761828,0.00558670724894721
0.863831488141543,-0.978531920259369,-0.0808366838879805,-0.10041619156466,0.00708686778648534,0.0133100604089652,0.00605529552292879
0.869590337065347,-0.947578036967447,-0.0804832410947391,-0.115006723703327,0.00661411601946011,0.0125233246211402,0.00636689675490411
0.874540252844457,-0.916856455649592,-0.0801321055153326,-0.128014693219667,0.00613242084244526,0.0116479911698723,0.00651265571389933
0.87829472428326,-0.886610072816729,-0.0797985857689145,-0.139430268881998,0.00564274958729762,0.0107150025230621,0.00648982778615087
0.880474990014641,-0.856930986330047,-0.0794974238664921,-0.14933979504316,0.00514245004895525,0.00975830304207148,0.00630169709070864
0.880723006247125,-0.82775939594729,-0.0792399054252923,-0.157897776794523,0.00462592640923512,0.008811226153143,0.00595687395335565
0.878709051951301,-0.798902003188403,-0.0790313815979928,-0.165286427998547,0.00408607954602807,0.00790308124420066,0.0054681669452928
0.874133819639544,-0.770064340043623,-0.0788697124389342,-0.171673410699816,0.00351612362969253,0.00705655606187848,0.0048513130196251
0.866727034393691,-0.740889701481834,-0.0787449191976141,-0.177177511769889,0.00291134118288434,0.00628626228783951,0.00412382851840608
0.856246361916794,-0.710998435143411,-0.0786400964647325,-0.181848374880679,0.00227042032179006,0.00559842963713642,0.00330414619890367
0.842480658142037,-0.680023586417624,-0.0785334281650031,-0.185662073799383,0.00159616139991255,0.00499151493558505,0.00241108337743744
0.825260009191168,-0.647640519149311,-0.0784009624455955,-0.188530828695259,0.000895481546989741,0.00445738861661011,0.00146358761290767
0.804471760085332,-0.613588315409448,-0.0782196028176686,-0.190323053423651,0.000178754160536945,0.00398278004665636,0.000480651318921399
0.780077754902496,-0.577679893556118,-0.0779695676436494,-0.190888929288238,-0.000541401095362319,0.00355075786138188,-0.000518718732404059
0.752125034289088,-0.539797351700238,-0.0776354434105265,-0.190086467405941,-0.00125169634695955,0.00314214075406157,-0.00151555010093123
0.720742581136147,-0.499871003817762,-0.0772050987140631,-0.187803575290134,-0.00193987948200734,0.00273684113504557,-0.00249097332390513
0.686121866073896,-0.457845900867285,-0.0766663200451607,-0.183973285592012,-0.00259628494959936,0.00231521857672515,-0.0034262484717441
0.648488367669888,-0.413647330962893,-0.0760021372382902,-0.17858215655039,-0.00321497596826909,0.00185955227498536,-0.00430268609800594
0.608079449372533,-0.367162102475241,-0.0751869988499518,-0.171674692671079,-0.00379432467706301,0.00135571135375789,-0.00510149725708591
0.565143047597517,-0.318249386334354,-0.0741863724551564,-0.163357102230721,-0.00433701274277139,0.000794982049634767,-0.00580376288704294
0.519958017215485,-0.26678177386697,-0.0729612166386845,-0.153800282210735,-0.00484951431245635,0.000175805337404445,-0.00639079092639835
0.47285967811362,-0.212701592053712,-0.0714764935510523,-0.14323696320984,-0.00534111146922351,-0.00049502594892827,-0.00684501668331141
0.424248012740963,-0.156070372454689,-0.0697109229955258,-0.131946453835948,-0.00582247571205697,-0.00120222522640714,-0.00715134722421834
0.374566670291175,-0.097094351399184,-0.0676647485547734,-0.120224972263707,-0.00630394088859336,-0.00192327578935902,-0.00729863398609625
0.324258558537633,-0.0361196812282216,-0.065363248313184,-0.108347135884101,-0.00679377424802599,-0.00263109464539304,-0.00728089883026811
0.273715257623205,0.0263995989048789,-0.062855180007573,-0.0965294741526691,-0.00729687426066559,-0.00329767380501432,-0.00709801783519682
0.223237803916711,0.0899520094625516,-0.0602066475221557,-0.0849067284334098,-0.00781425557794472,-0.00389795382228741,-0.00675570946907877
0.173019258129524,0.154025378272828,-0.0574918744029296,-0.0735268981889603,-0.00834343177612529,-0.00441309052497672,-0.00626483860734728
0.123150508546273,0.21815674296458,-0.0547829549640931,-0.062364338968282,-0.00887950053390012,-0.00483246204120649,-0.00564020580251523
0.0736441984289603,0.281964225137018,-0.0521407122347925,-0.0513449295452111,-0.00941652863698403,-0.00515415802199732,-0.00489910759086034
0.0244689968057573,0.345155088131985,-0.0496083668698084,-0.0403753187027433,-0.00994881996982124,-0.00538413430796935,-0.00405999726223293
-0.0244135861969704,0.407512126785771,-0.0472089756346581,-0.0293693329580345,-0.0104718084817028,-0.00553453378841137,-0.00314152609642873
-0.0730170746375174,0.468868131883535,-0.0449467394637584,-0.0182671284207816,-0.0109825314070017,-0.00562176405286912,-0.00216210631182928
-0.121309198581232,0.529081641434088,-0.0428114122494644,-0.00704498811578438,-0.0114797732914518,-0.0056647900439895,-0.00113995252449689
-0.169207117623548,0.588022972358531,-0.0407844624006211,0.00428473379701267,-0.0119639474227257,-0.00568382746761884,-9.34124965566835e-05
-0.216589123575777,0.64557129081923,-0.0388454963066519,0.0156826593869536,-0.0124366999883524,-0.00569937667267562,0.000958628435482526
-0.263318395301148,0.70161646743673,-0.0369778538559436,0.0270982473131542,-0.0129001815490778,-0.00573140210392367,0.0019964087533902
-0.309271453461968,0.756058124416789,-0.0351728341832396,0.0384892216345294,-0.0133559877842885,-0.0057984485117704,0.00299906630876236
-0.354363841228243,0.808797763105395,-0.0334323802913516,0.0498407079233562,-0.0138038894751039,-0.00591654129909608,0.00394454218546085
-0.398567144493328,0.859724866392579,-0.0317701028236043,0.0611800160669586,-0.014240592952271,-0.00609781126555853,0.00480965575176797
-0.441913158513109,0.908701440626513,-0.0302104240459641,0.0725829806190176,-0.0146588505382381,-0.00634890624343178,0.00557044815211314
-0.484483005096408,0.955551529488898,-0.0287855803320792,0.0841684935851018,-0.0150472694498373,-0.00666942177637087,0.0062029179497239
-0.526381157144036,1.00006131338285,-0.0275304805005342,0.0960795558382563,-0.0153910813986176,-0.00705075089680331,0.00668423684194052
-0.567697750081178,1.04199249951738,-0.0264760181107272,0.108452512869779,-0.0156739219295042,-0.00747585406687692,0.00699441268493933
-0.608466704660043,1.08110706781404,-0.0256421972262957,0.121380511697423,-0.0158803369334108,-0.00792037311041899,0.00711818539318755
-0.648630572454117,1.11719704194304,-0.0250329306335466,0.134880918127631,-0.0159984010304635,-0.00835520298565679,0.00704677407504656
-0.688023225673568,1.15011089090046,-0.0246341632352773,0.148877074977742,-0.0160216770139072,-0.00875016235629967,0.00677904316380653
-0.726377091603119,1.17976963251189,-0.0244159634854006,0.163201002437745,-0.0159499028174282,-0.00907797636763916,0.00632178239388252
-0.763353742226782,1.20616992115495,-0.0243378443864617,0.177616593425708,-0.0157882316446561,-0.00931763649724392,0.00568906005682472
-0.79858872830474,1.22937577032536,-0.0243555369007216,0.191855838214763,-0.015545361386895,-0.00945642239221032,0.00490088181243436
-0.831737256476412,1.24950287215125,-0.0244272393331965,0.205656909240893,-0.0152312250739035,-0.00949033680693559,0.00398154207684602
-0.862508184577912,1.26669935502746,-0.0245179684849725,0.21879370085805,-0.0148549576422498,-0.00942317762197422,0.00295805047812974
-0.890678601656616,1.28112532405755,-0.0246015906058039,0.231090369793044,-0.0144236602433228,-0.00926475609473072,0.00185889876468318
-0.916087502103221,1.29293225621736,-0.0246609238903296,0.24241930311792,-0.0139421980353093,-0.00902881372192769,0.000713282243694856
-0.938612659350694,1.30224317853654,-0.0246867166897747,0.252685036916332,-0.0134140125638263,-0.00873105437202646,-0.000449242464122954
-0.95813847638769,1.30913512280484,-0.0246763026480847,0.261799294628562,-0.0128427435145983,-0.00838749670664988,-0.00159878103481476
-0.974524238486877,1.31362610894366,-0.0246324564773416,0.269653716664021,-0.0122343172604403,-0.00801315730809842,-0.00270499536698229
-0.987581985740987,1.31566916208802,-0.0245625931030913,0.276097382216577,-0.0115990355784896,-0.00762095684799571,-0.00373710342845182
-0.997071452758446,1.31515542714839,-0.0244781208943587,0.280925986611653,-0.0109530879054381,-0.00722073133787455,-0.00466423280268592
-1.00271619265713,1.31192723937068,-0.024393587278367,0.283888123764816,-0.0103188721601327,-0.00681832849170189,-0.00545633147682371
-1.00424018130732,1.30580023045179,-0.0243253049609397,0.284710891882931,-0.00972364618131121,-0.006414936787103,-0.00608571595792781
-1.00141817789679,1.29659118598396,-0.0242894009396943,0.283141716419258,-0.00919642488533562,-0.00600694238520828,-0.00652913193120859
-0.994127376157698,1.28414595358822,-0.0242995780156344,0.278996950569381,-0.00876364848508687,-0.00558662048140929,-0.00676996224887968
-0.982385007731237,1.26836033557583,-0.0243651383784043,0.27220319018527,-0.00844474632693652,-0.0051437675032054,-0.00680004347877626
-0.966358924688706,1.24918769151073,-0.0244898279517861,0.262817476784899,-0.00824896145397555,-0.00466801807534088,-0.00662056137820906
-0.946346348836198,1.22663065255896,-0.0246717978997027,0.251018961443076,-0.00817445204999831,-0.00415125729376527,-0.00624173377901777
-0.922726867107335,1.20071966457131,-0.0249045866196016,0.237074733330794,-0.00820985418151335,-0.00358945045226504,-0.0056813685098476
-0.895904449870466,1.17148580916771,-0.025178717722504,0.221291408640197,-0.00833760458932962,-0.00298344237383366,-0.00496272235183695
-0.866255884807178,1.13893741275429,-0.0254834219438839,0.203967518840222,-0.00853783284729336,-0.0023386908469653,-0.00411222902187983
-0.83409897988953,1.10304851889456,-0.0258081039658932,0.185358976766275,-0.0087916999550379,-0.00166425682980425,-0.00315757804608274
-0.799685954060507,1.06376330773861,-0.0261433728492125,0.16566352626043,-0.00908351070160959,-0.000971516672361147,-0.00212640164830294
-0.763219092241946,1.0210153725585,-0.0264816146461285,0.145023573680483,-0.00940144561943485,-0.000272983026639651,-0.00104558997264945
-0.724879857686419,0.974756271583255,-0.026817159358502,0.123542532940052,-0.0097371209792012,0.000418572934825966,5.89033484134312e-05
-0.684860356552184,0.92498530805312,-0.0271460988759169,0.101308310998813,-0.0100843385441611,0.00109069764126461,0.00116195849801583
-0.643387154943095,0.871772755899522,-0.0274657992639845,0.0784180844027817,-0.0104373989607555,0.00173165275489524,0.00223906090695681
-0.600731111742554,0.815271715999204,-0.0277741720309349,0.0549999398495404,-0.0107893248486159,0.00233079991934043,0.00326606688998966
-0.557201712018344,0.755718100465671,-0.0280688329883219,0.0312282761371693,-0.0111303340906559,0.00287912346030191,0.00421904985028798
-0.513128539457502,0.69342183174575,-0.0283463742436637,0.00733051241057704,-0.0114469333677253,0.00336996135944004,0.0050743143430994
-0.468835400477361,0.628753376173814,-0.0286020060168296,-0.0164171116151947,-0.0117219971707413,0.00379992531904719,0.00580869547661642
-0.424612990569882,0.562127579207834,-0.0288297713692566,-0.0397063724677012,-0.0119360932491405,0.00416983566137211,0.00640026211260438
-0.380695279092542,0.493983464442593,-0.0290233476562794,-0.0622262865419743,-0.0120700315369306,0.00448536613163504,0.00682947172253501
-0.337243861675781,0.424757568615888,-0.0291772187043355,-0.0837006632796832,-0.0121081914306689,0.00475703733618237,0.00708066683023252
-0.294343687956264,0.354851348371537,-0.029287845495485,-0.10392551339452,-0.0120417784817588,0.00499930352047385,0.00714361602794456
-0.252012303115876,0.284598937030883,-0.0293544895594559,-0.122795476785978,-0.0118710176261582,0.00522875715345816,0.00701469597532055
-0.210221680454047,0.214245474500335,-0.029379538346455,-0.140310570674635,-0.0116055579795838,0.00546181465773526,0.00669736993718548
-0.168927946968716,0.143944536336336,-0.0293684033528602,-0.156560921100807,-0.0112629626206469,0.00571246549434001,0.00620183123665163
-0.128101034482698,0.0737761761616866,-0.0293291861764223,-0.171694862901456,-0.0108657984327751,0.00599062979892801,0.00554394149607728
-0.0877457655958006,0.00377868830342495,-0.0292722406601826,-0.185880713333033,-0.0104382008291007,0.00630140508205447,0.00474376387431595
-0.0479086523613467,-0.066017407747247,-0.0292095689906974,-0.199272421559326,-0.0100027476288342,0.00664513244228492,0.00382401512826743
-0.00866943120416692,-0.13556248556706,-0.0291538104602944,-0.211985138657907,-0.0095781606576354,0.00701795264806893,0.00280868236259867
0.0298778157848122,-0.204770666249502,-0.0291166246485409,-0.224081754300656,-0.00917801471915953,0.00741245129206676,0.0017219744734235
0.0676457060687127,-0.27350859139846,-0.0291066029724281,-0.235569184398542,-0.00881044457789987,0.007818106943734,0.000587752607897917
0.104569431857384,-0.341587177073163,-0.0291273139781085,-0.2464044179496,-0.00847879562242122,0.0082215180598835,-0.000570473656044
0.140615184049834,-0.408759994218757,-0.0291762678070761,-0.256511941562214,-0.0081831174897659,0.00860662373778164,-0.00172905094323556
0.175783421337805,-0.474736201078394,-0.0292452804993549,-0.265812593943356,-0.00792227109779263,0.00895523215083968,-0.00286344307076628
0.210109478487761,-0.539211698415276,-0.0293221954152789,-0.274259288179559,-0.0076962587748268,0.00924811216986695,-0.00394758674598025
0.243660939692761,-0.601912850836216,-0.0293935933497397,-0.281870817758294,-0.007508279362043,0.00946677492940065,-0.0049536268265484
0.276528765264483,-0.662639884313163,-0.0294480470720529,-0.288753365967158,-0.00736596565051794,0.00959591458896467,-0.00585222048924421
0.308809587454136,-0.7212953414233,-0.0294794446637239,-0.295100526403994,-0.0072812886278668,0.00962626125514509,-0.00661352993335056
0.340579700547939,-0.777886459737548,-0.0294897900563569,-0.301166561658557,-0.00726878830099532,0.00955731083662829,-0.00720895195447008
0.371865563869567,-0.832497520605141,-0.0294907491557245,-0.30721445725071,-0.00734220317649507,0.00939911980475854,-0.00761348671435886
0.402619210270916,-0.885237724728821,-0.0295032606703408,-0.31344944184564,-0.00751019707821997,0.00917228682204395,-0.0078084040101965
0.432707574150218,-0.936179159711235,-0.0295549389641115,-0.319956763060956,-0.0077724759865672,0.00890558678563572,-0.00778361072444358
0.461921037583374,-0.985303883345774,-0.0296757181510493,-0.326664542890454,-0.00811775113207628,0.00863148247309226,-0.00753903907079661
0.489999357081071,-1.03247575803803,-0.0298928912148729,-0.333345113075943,-0.00852447293834189,0.00838059387558835,-0.00708460163193925
0.516666192108321,-1.07744235368169,-0.0302269625834789,-0.339653759312282,-0.00896420619785438,0.00817665593206434,-0.0064387406073716
0.541661015109377,-1.11986103619207,-0.0306893827173801,-0.345190181996875,-0.00940651762589124,0.00803325030430377,-0.00562608321450281
0.564760644191614,-1.15933767133216,-0.0312824701534518,-0.349562585460083,-0.00982384979069646,0.00795282373691712,-0.00467493680122815
0.585789492076474,-1.19546817786794,-0.0320010610354663,-0.352438485599184,-0.0101951662480366,0.00792768570083912,-0.00361523965289068
0.604623143945602,-1.22787818776719,-0.0328349476486041,-0.35357514250482,-0.0105078305686371,0.00794220919948509,-0.00247725486677185
0.621190862852819,-1.25625866969773,-0.0337710370817003,-0.352829900962515,-0.0107577897075921,0.00797542723068241,-0.00129096011482694
0.635479198030818,-1.28039331065554,-0.0347942989390396,-0.350153807030542,-0.0109484433447624,0.0080034626858059,-8.58896247318826e-05
0.647534066193405,-1.30016974830803,-0.0358869131677558,-0.345571834026587,-0.0110886335689134,0.00800154565860211,0.00110884023404197
0.657456181871635,-1.31556684021269,-0.0370255730550753,-0.339152777880398,-0.0111901460950906,0.0079456356357262,0.00226450307364879
0.665386139724049,-1.32661651366335,-0.0381776124787185,-0.330973069122728,-0.0112650967660191,0.00781383266855457,0.00335281416500717
0.671479948053584,-1.33334951074532,-0.0392973879144074,-0.321081168721764,-0.0113236085904073,0.00758781915658595,0.00434610714261938
0.67588062166934,-1.33574386598729,-0.0403248878422431,-0.309471138425769,-0.011372206528952,0.00725450299113737,0.00521771762848263
0.678693952690349,-1.33369766027021,-0.0411885146356933,-0.296073613672004,-0.0114132910306458,0.00680782514565158,0.00594270615976868
0.679975590347832,-1.32704081228783,-0.0418130814619321,-0.280768824411872,-0.0114458449156397,0.00625039599709222,0.00649903125411238
0.679732616860046,-1.31558601980334,-0.0421322627424619,-0.263419923513814,-0.0114671914380266,0.00559436490516916,0.00686913767687358
0.677937795949367,-1.29920234357088,-0.0421025454403589,-0.243917688708958,-0.0114752520939295,0.00486089088402752,0.00704168954818347
0.674550723792231,-1.27788410006647,-0.0417142061456163,-0.222222760483866,-0.0114705201806156,0.00407789117736398,0.00701297762026733
0.669538756980651,-1.25178871605866,-0.0409950880177281,-0.198391834783894,-0.0114570284671199,0.00327632920406171,0.00678751228492501
0.662891845328921,-1.22122974334526,-0.0400052478535717,-0.172580164457912,-0.0114419643284837,0.0024858793538899,0.00637753416127248
0.654628425797919,-1.18662903496876,-0.0388238785414577,-0.145021738128287,-0.0114341049912957,0.00173105098050221,0.00580153759403525
0.644792825520765,-1.14844652519231,-0.0375326324940087,-0.115996205621053,-0.011441651968518,0.00102863104391746,0.00508222132923257
0.633447493266099,-1.10711115674994,-0.0362001825504646,-0.0857945613527136,-0.0114701628276867,0.000386780494011278,0.00424440377436588
0.620664440058781,-1.06297235389323,-0.0348717410364122,-0.0546934087489108,-0.0115211211362457,-0.000194424529257891,0.00331334881644544
0.606519461867053,-1.01628160545868,-0.0335651623212646,-0.0229423844697568,-0.0115913962912376,-0.000721520129683142,0.0023137270904105
0.591090732873049,-0.967203144294731,-0.0322733148915574,0.00923590843613258,-0.0116735748856548,-0.00120581730134033,0.00126921456210496
0.574460550085633,-0.915845192286396,-0.0309713006990036,0.041637494527014,-0.0117569779933635,-0.00166160109545296,0.000202578514362585
0.556717214818935,-0.862300194290977,-0.0296267462280963,0.0740651542618005,-0.0118291192141662,-0.00210455149350547,-0.00086395248922361
0.537953743730443,-0.806683482368289,-0.0282114715972635,0.106317419413643,-0.0118773667305888,-0.00255038208347749,-0.00190822260398078
0.518261367610077,-0.749163070329307,-0.0267129676103009,0.138181487738838,-0.0118906025817106,-0.00301358407705992,-0.0029077331890227
0.497718016855638,-0.689976822880207,-0.0251440592628799,0.169431966058684,-0.011860691275835,-0.00350614550266726,-0.00383939246683885
0.476374365630318,-0.629435692443232,-0.0235489236353255,0.199836496984139,-0.0117835655474327,-0.00403618182188622,-0.00467953537544636
0.454241830614512,-0.56791295551914,-0.0220035168078987,0.229168429744499,-0.0116597242386837,-0.00460654884975606,-0.00540431821360101
0.431287582971369,-0.505820193212935,-0.0206088647063184,0.257225293781156,-0.011493954018979,-0.00521367914462574,-0.00599057069609152
0.407440745163655,-0.443572426257101,-0.0194769741837635,0.283849815303741,-0.0112941853696329,-0.00584702707476572,-0.00641711288492432
0.382611245978796,-0.381547767092055,-0.0187113318598859,0.308948133879069,-0.0110696018034362,-0.00648953420189369,-0.0066664071552156
0.356718686526384,-0.320050216445613,-0.0183864028649017,0.332498907983459,-0.0108284000311081,-0.00711935343793207,-0.00672625239298834
0.329724485367641,-0.259285680546698,-0.0185319352631294,0.354548393177286,-0.0105758244667602,-0.0077127001389878,-0.00659112276755102
0.301658505375711,-0.199358828036361,-0.0191270314435628,0.375190535978337,-0.0103131141135785,-0.00824726919937019,-0.00626279184536771
0.272632798261313,-0.140292138588891,-0.0201057929071486,0.394536269802138,-0.0100377329543829,-0.00870539792120559,-0.00575008269022174
0.242839558949794,-0.0820610431452871,-0.021372282683649,0.412680016475082,-0.00974480307350422,-0.00907622864826112,-0.00506785959387341
0.21253570492227,-0.0246341567867713,-0.0228196250633731,0.429672030175232,-0.0094292460391529,-0.00935650076970199,-0.00423559023490996
0.182020196292994,0.0319926689459194,-0.024347537330933,0.445502674591286,-0.00908795343197155,-0.00955006898178701,-0.00327586674148294
0.151611105394611,0.0877761124623849,-0.0258742310360185,0.46010067561159,-0.00872138906423465,-0.00966657362257978,-0.00221318871190441
0.121628032864679,0.142621511822696,-0.0273411948121259,0.473343877539809,-0.00833426917917617,-0.00971977371104002,-0.00107315938067019
0.0923830411421957,0.196393640316268,-0.0287116351673536,0.485079113023025,-0.00793522968211536,-0.00972593142781017,0.000117893592775209
0.064181001037662,0.248937933226733,-0.0299646997709008,0.49514748568896,-0.00753558757992468,-0.00970242003323557,0.00133295105363075
0.0373284930383441,0.300106995694058,-0.0310880549643827,0.503411798868194,-0.00714743230227327,-0.00966651763861388,0.00254411281127298
0.0121489230878125,0.349786891912305,-0.032071253240012,0.509783224124078,-0.00678139154511336,-0.00963421355069845,0.00372233340319164
-0.0110003848976062,0.397917325767043,-0.0329018904822315,0.514244051006135,-0.00644455379455229,-0.00961882658955211,0.00483725370725372
-0.0317162872790556,0.444499258587826,-0.0335658992695616,0.51686252186489,-0.00613918573129467,-0.00962933479302013,0.00585732270414685
-0.0495540264804209,0.489583601000237,-0.0340523412014772,0.517795084761965,-0.00586294103989123,-0.00966854445110982,0.00675040611066395
-0.0640609824001802,0.53323707941264,-0.034361601149196,0.517272058676661,-0.00561099893917397,-0.00973153137179562,0.00748501947035701
-0.0748503315019818,0.575487927800427,-0.0345140892284203,0.515565607203234,-0.00537981868895006,-0.00980502479230375,0.00803217412350334
-0.0817116254368073,0.616264418494207,-0.0345551724150971,0.512943856420367,-0.00517110978998171,-0.00986836583249314,0.00836761570844689
-0.0847322532004775,0.655348806021717,-0.0345523227405845,0.509620085867418,-0.00499388289028299,-0.00989622913191044,0.00847406412782145
-0.0843821874704909,0.692370062894622,-0.0345832114481017,0.505708836122502,-0.00486292306022772,-0.00986259241840089,0.00834302489954084
-0.0815127777290765,0.726845726208023,-0.0347179036408593,0.501200334960313,-0.0047938427062155,-0.00974488200427728,0.00797583086475318
-0.07724912614373,0.758261065697714,-0.0350018696780986,0.495960967731118,-0.00479690784767261,-0.00952717291410403,0.0073837099760564
-0.0728028690144221,0.786156443548808,-0.0354466729272601,0.489761081120567,-0.00487253542892158,-0.00920177691682517,0.00658682489482631
-0.0692685828360508,0.810192860482976,-0.036031603297221,0.482323372338662,-0.00501023305232466,-0.00876918479325358,0.00561242867682742
-0.0674694741994835,0.830180284819954,-0.0367145293901381,0.473378469502876,-0.00519080357343959,-0.00823680811957367,0.00449250872585337
-0.0678888649775709,0.846071664430303,-0.0374468525631617,0.46271271192065,-0.00539029980704249,-0.00761716079908668,0.00326142597471444
-0.0706859024615855,0.857936043711643,-0.0381870373248023,0.450197378282858,-0.00558408955196069,-0.00692606732382401,0.00195399693107447
-0.0757687198403838,0.865924357548926,-0.0389090054247064,0.435795845757027,-0.00575007426002548,-0.00618127894275843,0.000604254151277817
-0.0828925210633463,0.870235645660848,-0.0396040568493562,0.419551304667935,-0.00587087614298915,-0.005401613094848,-0.000755112440119794
-0.0917572255055362,0.87108568346858,-0.0402767905494714,0.401560866489673,-0.00593524673989441,-0.00460648905149699,-0.00209278129836181
-0.102089652599646,0.868677532071875,-0.0409365333543047,0.381942695670224,-0.00593901939917021,-0.0038155704163821,-0.00337849478597239
-0.113702804402277,0.86317478347634,-0.0415863962513611,0.360802797369355,-0.0058857767583147,-0.00304817269578772,-0.00458263456149335
-0.126528486333175,0.854681835656262,-0.0422126041606883,0.338208201728239,-0.00578717767392751,-0.0023221572809505,-0.00567590217929371
-0.140621005228167,0.843238573383264,-0.0427771863386134,0.314173036107571,-0.00566267697191923,-0.00165220679781942,-0.00662936834482335
-0.156131446638182,0.828836276672373,-0.0432170803311238,0.288662172772572,-0.0055382481869251,-0.00104764814325533,-0.00741516759609976
-0.17325584804709,0.811455384682045,-0.0434516075125418,0.261612895907113,-0.00544377490341837,-0.000510312255710226,-0.00800801192052984
-0.192166751796818,0.791115675874032,-0.0433978387707847,0.232969202742525,-0.00540910009599056,-3.31783573962306e-05,-0.00838741849133475
-0.212944367700825,0.76792159628107,-0.0429901662998406,0.202718589503531,-0.00545929587295713,0.000399437426833153,-0.00854016886711519
-0.235526972782733,0.742085203466923,-0.042197911857133,0.170919835919492,-0.0056102926487953,0.000809766630930395,-0.00846224652816909
-0.259696294042903,0.71391739792411,-0.0410346983272421,0.137713285639512,-0.00586619282255275,0.00122285645371021,-0.00815954443424546
-0.28510202637235,0.683790164017087,-0.0395561274793425,0.103311279834462,-0.00621913789535585,0.00166220015179547,-0.00764702626665008
-0.311315403380533,0.652082645616202,-0.0378467913492741,0.0679733763334074,-0.0066516671003015,0.00214595464992658,-0.00694657880493727
-0.33789274474709,0.619128710689231,-0.0360014786833002,0.0319759444240566,-0.00714062129370038,0.00268464939750228,-0.00608423174566576
-0.364430573123347,0.585181986881657,-0.0341068048489788,-0.00441373310923525,-0.00766128459388888,0.00328063103365308,-0.0050875448458409
-0.390602414520421,0.550407196339137,-0.0322281521107044,-0.040952694060188,-0.00819070385502575,0.00392887783578976,-0.00398375713905671
-0.416176095217563,0.514896100378772,-0.0304040804674257,-0.0774267444399563,-0.00870968498747134,0.00461854026282626,-0.00279890664245986
-0.441015029027398,0.478697629387229,-0.0286477348452737,-0.113648195113958,-0.00920346417867913,0.00533460389380565,-0.00155778287228501
-0.46506672453884,0.441848903043229,-0.0269533232930954,-0.149451598610763,-0.00966131565594043,0.00605929421852288,-0.000284415027983538
-0.488340044153623,0.404397648264424,-0.0253054644767592,-0.184690266099243,-0.010075422596859,0.00677310672982865,0.000997179359568202
-0.510872571355994,0.366412765703626,-0.0236894779851324,-0.219234385403774,-0.0104393325166974,0.00745556110177839,0.00226216974256567
-0.532690578655592,0.327984930886429,-0.0221009915753743,-0.252970538218812,-0.010746308130024,0.00808593941912514,0.00348414033553007
-0.553766405092515,0.289221216037639,-0.0205532438915884,-0.285802212125216,-0.0109879054738059,0.00864433296714206,0.0046345098258191
-0.573981000448876,0.250237786084491,-0.0190802992770328,-0.317650744339146,-0.0111531503222337,0.00911326968382936,0.00568233662154605
-0.593102413768215,0.211154006593035,-0.017734440835679,-0.348455678573501,-0.0112286958658572,0.00947999245142699,0.00659475280532068
-0.610792504747306,0.172090622359448,-0.0165767991468127,-0.378172980244619,-0.0112002493663899,0.00973910966415275,0.00733825589319538
-0.62665124400207,0.133173945637176,-0.015662172567968,-0.406769474772875,-0.0110552736063353,0.00989492567516854,0.00788094853462194
-0.640298140561794,0.0945466807890046,-0.0150217333698615,-0.434212800853815,-0.0107865110183182,0.00996247739127601,0.00819552650829621
-0.651474505612077,0.0563836356831691,-0.014649636326053,-0.460458161669047,-0.0103954267808013,0.00996641170822174,0.00826244811397073
-0.660134976662364,0.0189074770618099,-0.0144996037446037,-0.485435397866024,-0.00989453476935819,0.00993746609690878,0.00807247113356343
-0.66649154132306,-0.0176027559733306,-0.0144942999797149,-0.509040873571329,-0.00930795847910133,0.00990725238806774,0.00762783548982195
-0.67098378961972,-0.0528178249679614,-0.014544866397374,-0.531137454180556,-0.00867030384395681,0.00990277437241138,0.00694184119537179
-0.67417135892985,-0.0863839650897262,-0.0145733399983335,-0.551563129989728,-0.00802442531534847,0.00994216730985208,0.00603717923944527
-0.676568895646421,-0.117968137193723,-0.014529398549894,-0.570146405290799,-0.00741846225401404,0.0100325152831242,0.00494375123227331
-0.678464361696984,-0.147316557935634,-0.0143952784803563,-0.586725729810323,-0.00690173681523291,0.0101697226592294,0.00369666766974433
-0.67977740910412,-0.174312011987409,-0.0141773352010819,-0.601170573410923,-0.00651863332948779,0.0103398040840658,0.00233475098289698
-0.680020063618766,-0.199007548802039,-0.013887992974967,-0.613401792191618,-0.00630052378780778,0.0105208432511449,0.000899471679507822
-0.678399852553688,-0.221614076418337,-0.0135263977559236,-0.623407903914314,-0.00625819708975866,0.0106851486536965,-0.000565939530149711
-0.67404585503896,-0.242435081511943,-0.0130677716098877,-0.631252583893718,-0.00637909758678463,0.0108015368607368,-0.00201737380972102
-0.666269590759256,-0.261768528431891,-0.0124680816401244,-0.637069018286977,-0.00663232519827826,0.0108379632752642,-0.00341069014465104
-0.65475108802294,-0.279813670627625,-0.0116831193813851,-0.641039374928177,-0.00697987422355442,0.0107647786728384,-0.00470243390793307
-0.639587015418749,-0.296613949169141,-0.0106940609941414,-0.643361134957237,-0.00738865401403055,0.0105587011304196,-0.00585052015130146
-0.621210258811573,-0.312045284856008,-0.00952891192475081,-0.644204949441348,-0.00783772291452817,0.0102071822955868,-0.00681524071524648
-0.600234641869631,-0.325842379698231,-0.00827078527013568,-0.643671255647175,-0.00831834992126975,0.0097122838672671,-0.0075610281838973
-0.577283083664183,-0.337651751733541,-0.00704786521004299,-0.641755718019243,-0.00882820224671137,0.00909268559970332,-0.00805912922782283
-0.552843813296501,-0.347101120708455,-0.00600559674094808,-0.638335122584117,-0.00936321063598353,0.00838242978736213,-0.00829077232347736
-0.527184483424616,-0.353872198421449,-0.00526875043528383,-0.633182419259927,-0.00991108579055347,0.00762583264690019,-0.00824985852351525
-0.500338341630627,-0.357759523204492,-0.00490676233720575,-0.626010607121618,-0.0104492744579537,0.0068695190109677,-0.00794406689745148
-0.472156374335902,-0.358699262495388,-0.00491582596399471,-0.616533493543179,-0.0109478993491491,0.00615392864903532,-0.00739376609082303
-0.442399504849494,-0.356762186239383,-0.00522415993628982,-0.604524163173401,-0.0113759769730366,0.0055069183889217,-0.0066290151514807
-0.410835954151586,-0.352118784576117,-0.0057166586843188,-0.589854182945383,-0.0117081049060301,0.00494101938658206,-0.00568564852538675
-0.377315214252769,-0.344993038686774,-0.00626803171380521,-0.572506377400318,-0.0119292415575785,0.00445427139075534,-0.00460156994220563
-0.341805671353477,-0.335620811833163,-0.00677276989738566,-0.552564785433399,-0.0120365445180055,0.00403336911932381,-0.00341399858062959
-0.304397771352308,-0.324222159463909,-0.00716432938687578,-0.530191579659874,-0.0120385239941307,0.00365757839799944,-0.00215788283001334
-0.26528275002241,-0.310989404493606,-0.00742117326715297,-0.505601075894192,-0.0119524430544774,0.00330229352329728,-0.000865319798765307
-0.224718266788282,-0.296087977438622,-0.00756112762727993,-0.479037609958064,-0.0118009574434093,0.00294174379914542,0.000434331239058269
-0.182989824429547,-0.279665302783871,-0.00762724124774593,-0.45075985453461,-0.0116087219777297,0.00255087756895153,0.00171394722847961
-0.140373668187611,-0.261863320491195,-0.00766863289572862,-0.42103090437052,-0.0113993763134777,0.00210673872879012,0.00294799257217265
-0.0971046617837252,-0.242831236069913,-0.00771962664567399,-0.39011173009612,-0.0111931089280586,0.00158972298178525,0.00411190264318493
-0.0533519072229907,-0.222735975301914,-0.00778048283563187,-0.358255274473656,-0.0110049156071557,0.000985016179619969,0.00518164284179885
-0.00920513915393192,-0.20176825846943,-0.00780337616474957,-0.32569907948145,-0.0108436743548155,0.000284320011074677,0.00613357270200447
0.0353246583595589,-0.180142481297756,-0.00768759620601135,-0.292655592940615,-0.0107121719824041,-0.00051229335676877,0.00694473420879663
0.0802879154946498,-0.158088885747947,-0.00728732166651416,-0.259300797682207,-0.0106081767947568,-0.0013948620891701,0.00759364306603648
0.125762326583392,-0.135838053436586,-0.00643321894931795,-0.225763495871329,-0.0105264527988995,-0.00234298325068514,0.00806156361182141
0.171806789665357,-0.113599767801986,-0.00496491600044241,-0.192118608253526,-0.010461339183011,-0.00332686186751054,0.00833407804530519
0.218413067092039,-0.0915412537145011,-0.00276674851899074,-0.158388095857094,-0.0104092201146474,-0.00431021023446388,0.00840258042836253
0.265467330414392,-0.0697715690380911,0.000203732748176796,-0.12455184046169,-0.0103701184396358,-0.00525462249300029,0.00826524369824609
0.312732045652075,-0.0483383339196644,0.00390367528706978,-0.0905685144473384,-0.0103478940381193,-0.00612444635897825,0.00792714213650714
0.359854522794641,-0.0272393919242852,0.00821284258835829,-0.0564037054493742,-0.0103490794713537,-0.00689098864606232,0.00739955875056994
0.406406654145749,-0.00644640450099199,0.0129582120179955,-0.0220596990871827,-0.0103809989231244,-0.00753530505621893,0.00669889146193757
0.451960739205586,0.0140686383801235,0.0179475660409206,0.0124026367245045,-0.0104500936176484,-0.00804954111310329,0.00584565554418697
0.496192303161758,0.0343163597711604,0.0230036744421141,0.0468626749694845,-0.0105609149954105,-0.00843706413035524,0.00486357791320165
0.538953158222263,0.0542882945752996,0.0279906269670017,0.0811633462797362,-0.0107150866577981,-0.00871099695000671,0.00377808326278177
0.580233292103274,0.0739594504892046,0.0328240870245473,0.115136287431923,-0.0109092623689272,-0.00889056567811347,0.00261400041418649
0.620026793021886,0.0932804737446614,0.0374637627827653,0.148600029474118,-0.0111330077960238,-0.00899653774639431,0.00139397803865911
0.658230083387902,0.112167334295611,0.0418968421673404,0.181341804090324,-0.0113688658183052,-0.0090484287480985,0.000138920086849889
0.694641908012271,0.130507192052247,0.0461217150708651,0.213116636162133,-0.0115950569153551,-0.00906427299815606,-0.00113032226361613
0.729016693126016,0.148182922582931,0.0501338511494092,0.24367316555139,-0.0117893746382212,-0.00906154528233287,-0.00239138988148778
0.761108219758496,0.165105491523917,0.0539126519108553,0.272793034399042,-0.0119330527368939,-0.00905780343220671,-0.00361945735603166
0.79068397197521,0.181243682580806,0.0574100380581965,0.300330582345455,-0.0120142247595733,-0.00907044748283971,-0.00478673737530106
0.817518793807274,0.196644066102212,0.0605437466435884,0.326245310551786,-0.0120308583893746,-0.0091154470656118,-0.0058623480877524
0.841382844059606,0.211435195999879,0.0631990720067347,0.350621051463324,-0.0119928290654356,-0.00920507535487679,-0.00681268379203103
0.862036230822332,0.225810395612882,0.0652419185865603,0.373664351309199,-0.0119224780773203,-0.00934493845514761,-0.00760259192855854
0.879237761497486,0.239986344935271,0.0665432646602192,0.395674818218888,-0.0118528957502477,-0.0095310076231706,-0.00819763194982173
0.892768580483168,0.254141905028909,0.0670105029264723,0.416985772571054,-0.0118235424024578,-0.00974778711963829,-0.0085674053503458
0.902463566499898,0.268351888045652,0.0666161849399383,0.437884995971433,-0.0118737588841953,-0.00996882542998864,-0.00868943423222699
0.908236903577067,0.282538142165978,0.0654126924127709,0.458537787891281,-0.0120358877390779,-0.0101601692016895,-0.00855256785467184
0.910087856617022,0.296458300193244,0.0635252175760791,0.478939133502839,-0.0123303620343493,-0.0102861507246289,-0.00815879870421648
0.908080296394258,0.309738771026265,0.0611244258048262,0.498912558206627,-0.0127645547153411,-0.0103157484536272,-0.00752288107325638
0.902301214119706,0.321940113233181,0.0583891644234122,0.518154099205314,-0.0133355653825636,-0.0102274661722005,-0.0066700203107588
0.892812126215377,0.332631133625912,0.0554729087976272,0.536302591870841,-0.0140354428101816,-0.0100114513705932,-0.00563258857189747
0.87960817538308,0.3414487031758,0.0524839642546771,0.553011661685196,-0.0148565847207651,-0.00966884098935346,-0.00444694958708702
0.862594206582857,0.348129915142801,0.0494822614116074,0.568004545557558,-0.0157954128875911,-0.00920928227962498,-0.00315111770368651
0.841580028769143,0.352514128531487,0.0464894549024917,0.581103383564949,-0.016853354390143,-0.00864783931328337,-0.00178347471151601
0.816292443461627,0.354519423866746,0.0435062135144173,0.592233296073626,-0.0180350299432296,-0.00800219153187411,-0.000382391674370677
0.786400691547219,0.354100603684319,0.0405306883793551,0.601405964114302,-0.0193440745396928,-0.00729051173120379,0.00101357992512023
0.751553566937483,0.351196444629686,0.0375736617212543,0.608688537361023,-0.0207772768813352,-0.00652996278528114,0.00236533870611657
0.711428676550533,0.345675062010633,0.0346676124316513,0.614163791865274,-0.0223179598473966,-0.00573551518029755,0.00363308535206496
0.665795392857159,0.337289122499714,0.0318684644931149,0.617888347022038,-0.0239299090014226,-0.00491879917747822,0.00477678867161742
0.614591677014948,0.325656173031565,0.0292502448295096,0.619857843926471,-0.0255536558998299,-0.00408694989995503,0.00575759939726133
0.558010429844211,0.310280238040542,0.02689443500879,0.619989803687334,-0.0271072273130573,-0.00324179394090621,0.00654035276685988
0.49658323025878,0.290624740222138,0.0248771830600589,0.618133317466226,-0.0284930683203439,-0.00238004952485599,0.00709691177377307
0.431239256177436,0.266231364761021,0.0232580028184458,0.614107088304819,-0.0296113295592812,-0.00149514698155396,0.00740958244483598
0.36330864935383,0.236858017737098,0.0220725685006767,0.607754951436565,-0.0303772403851464,-0.00058060805485824,0.00747345316578155
0.294441044688186,0.202591668107049,0.0213302098070422,0.598997806393419,-0.0307378731250326,0.000366103981111784,0.00729664457582754
0.226431556989428,0.163891338999536,0.021015165432069,0.587861200176981,-0.0306827412611216,0.00134096507232629,0.00689823556749768
0.160987351056782,0.121539052309597,0.0210904536557527,0.574469886904638,-0.0302443913898197,0.00233321053029226,0.00630465782516789
0.0995051317294456,0.0765137437666107,0.0215036826570544,0.559016179754641,-0.0294889753338256,0.00332742021397329,0.00554592021955189
0.0429320620867797,0.0298339757202083,0.0221940912123791,0.541717667880516,-0.0285006843201416,0.00430650850391776,0.00465277175408092
-0.00825699341355212,-0.0175788421414555,0.0230996049561337,0.522779089625655,-0.0273656500991448,0.00525413381490298,0.00365516211456672
-0.0539856124241825,-0.0649842081442261,0.0241626155306555,0.502367279124291,-0.0261598154167054,0.00615580726052684,0.00258173012834796
-0.0944555276083539,-0.11184841047093,0.0253338466862827,0.480602196145409,-0.0249426149513693,0.00699884089240237,0.00145985256456076
-0.130028120252774,-0.157826932122041,0.0265744847555692,0.457563100570231,-0.0237559050237794,0.0077716988379604,0.000315902327090109
-0.161135363383646,-0.2027232856969,0.0278571201495751,0.433306621205689,-0.0226263892647356,0.00846330899024407,-0.000824454849706845
-0.188226665113804,-0.246440388500672,0.0291659054764471,0.407892168279933,-0.0215696994219588,0.00906271033678441,-0.00193599236807231
-0.211745028573389,-0.288934069002185,0.030495969377237,0.381409443569039,-0.0205947401426921,0.00955923360648613,-0.00299373229380268
-0.232121177869787,-0.33017314156356,0.0318518216326986,0.354002443459775,-0.0197074230805778,0.00994328149335939,-0.00397290600476135
-0.249774523557066,-0.370107867786711,0.0332444047604372,0.325884265159233,-0.0189132966164283,0.010207655298318,-0.00484916688925085
-0.265112249808145,-0.408648023912277,0.0346866488591398,0.297337536007991,-0.0182188238399515,0.0103492310579781,-0.00559915811388418
-0.27852110652275,-0.44565204948236,0.0361878533792175,0.268697059319413,-0.0176312608037429,0.0103706208630742,-0.00620149388606424
-0.290350391945818,-0.480928620870181,0.0377478343723085,0.240314919294197,-0.017157321935389,0.0102813166024232,-0.00663810913086038
-0.300888831143446,-0.514250521517911,0.0393522820790763,0.21251356845871,-0.0168011011497958,0.0100977951474798,-0.00689578247049499
-0.310341664472819,-0.545377769386135,0.0409708364886381,0.185537707187503,-0.0165619620789802,0.0098422500789517,-0.00696749473229245
-0.318815723714937,-0.574083677986014,0.0425587817000215,0.159518298446095,-0.0164331723826598,0.00954000410784513,-0.00685323495286286
-0.326318425568795,-0.600175736195201,0.0440621004028363,0.134459581073813,-0.0164018306684698,0.00921611137714292,-0.00655997270140408
-0.332772035114168,-0.623504635573203,0.0454244481204925,0.110252789178146,-0.0164501760276749,0.00889196045624922,-0.00610076473581656
-0.338039612591891,-0.64395957530111,0.0465940471855796,0.0867116584152327,-0.0165578934422781,0.00858267355236621,-0.00549324580286586
-0.341956694103819,-0.661454788460095,0.0475289057861669,0.0636188865173413,-0.0167047833403222,0.00829578931962341,-0.00475793311631397
-0.34436401302294,-0.675918372515449,0.0481998855727438,0.0407715331685774,-0.0168732436548157,0.00803129680223798,-0.00391677128035364
-0.345139305641065,-0.687296108533443,0.0485922292452057,0.0180157506449483,-0.0170502783211984,0.00778274485351999,-0.00299216645033001
-0.344226052234478,-0.695575135097136,0.0487063673455326,-0.00473521798145017,-0.0172289072864551,0.00753894913033762,-0.00200648631991432
-0.34165150705263,-0.700813870147009,0.0485578528919537,-0.0275019349506146,-0.0174087161476282,0.00728572816273933,-0.000981787978099647
-0.337521380278164,-0.703148161564895,0.0481751416360733,-0.0502552812150895,-0.0175950682781864,0.00700716102290315,6.0437602709621e-05
-0.331986166798213,-0.702754205026297,0.0475945775370366,-0.0729394828113428,-0.0177967971531181,0.00668620904853717,0.00109944105725805
-0.325194016771253,-0.699787933526729,0.0468544372836132,-0.0954920831188752,-0.0180230970116221,0.00630508593668141,0.00211506926591774
-0.317255396526467,-0.694345112751485,0.0459911358293539,-0.117858141468911,-0.0182808940019216,0.0058460119751789,0.0030872776260119
-0.308232092121509,-0.686464542022671,0.0450387222093489,-0.14000201191014,-0.0185734905348877,0.00529268739341032,0.00399562675601612
-0.298144148255538,-0.676158339392884,0.0440300062451398,-0.161918621330681,-0.0189003927227408,0.00463233612777601,0.00481913449828666
-0.286982807586052,-0.663440012475541,0.0429969548508903,-0.183641199011981,-0.0192578847318026,0.00385792020393023,0.00553663421044269
-0.274723399902536,-0.648332919388782,0.0419691759045338,-0.205240368184672,-0.0196400830644882,0.0029700831638431,0.00612759387885935
-0.261338409578939,-0.630857974712063,0.0409707877711733,-0.226811608642052,-0.0200403948564896,0.00197837495624075,0.0065732720046108
-0.246812541901337,-0.611008657139654,0.0400168957766292,-0.248452205170339,-0.0204532652437247,0.000901321729522967,0.00685804954729955
-0.231159750195329,-0.588723830318282,0.0391111783667969,-0.270232846410623,-0.0208759006499927,-0.00023496460508987,0.006970726893773
-0.214439697514213,-0.563867612879523,0.0382458118053969,-0.292171588264704,-0.0213094823942507,-0.00139962784154642,0.00690553364627047
-0.19676999090351,-0.536222194494557,0.0374042284135681,-0.314217831403626,-0.0217593840557854,-0.0025609262068716,0.006662620312171
-0.178331466289999,-0.505495173464615,0.0365662475218387,-0.336251001001561,-0.0222341161773784,-0.00369032491621763,0.00624790992274954
-0.159366273659833,-0.47133911478088,0.035714327999274,-0.3580938436811,-0.0227430588351427,-0.00476594711734644,0.00567235240559184
-0.140171112016833,-0.433379113208994,0.034839405017825,-0.379535747910443,-0.0232933513254905,-0.00577472515784124,0.00495077401942364
-0.121089277746373,-0.39124492221498,0.0339450603915213,-0.400359107157205,-0.0238864669926631,-0.00671300456500006,0.00410058756743701
-0.102504542345977,-0.344607060608885,0.0330494003229956,-0.420362060231509,-0.0245149985530433,-0.00758575770410012,0.00314061504074679
-0.0848374802445188,-0.29321942641305,0.0321846099319272,-0.43937312686792,-0.0251601037609231,-0.0084048086103198,0.00209020837438173
-0.0685416009641353,-0.236972159672141,0.0313944652023679,-0.457255973965299,-0.0257900366109702,-0.00918651797109961,0.000968788243170766
-0.0540937264180501,-0.175955714799713,0.0307300865717662,-0.473904828248935,-0.0263602836386058,-0.00994929129390655,-0.000204113059864743
-0.0419721000629579,-0.110528964093059,0.0302441223995694,-0.489232690833337,-0.0268159822066247,-0.0107111521756043,-0.00140822979776071
-0.0326186678984542,-0.0413715469487712,0.0299837172752003,-0.503155989756956,-0.0270973085359295,-0.0114875357706422,-0.00262132810089466
-0.026389983073762,0.0305108817252771,0.0299833723724483,-0.51558108197903,-0.0271480625086562,-0.0122894060183161,-0.00381747254100743
-0.0235119827379081,0.103859063581315,0.0302600661941224,-0.526399713367643,-0.0269265187551486,-0.0131217268008116,-0.00496520585844253
-0.024059641972206,0.177316149078784,0.0308138661273076,-0.535500359784115,-0.0264160146621548,-0.0139821869210174,-0.00602641873431922
-0.0279734989328972,0.249627392270252,0.0316361048478997,-0.54279763636751,-0.0256316580770973,-0.0148599942288152,-0.00695687008785556
-0.0351011937909624,0.319804064004951,0.0327231191361384,-0.548272065200687,-0.0246201319317038,-0.0157347593357591,-0.00770903980662627
-0.0452312766818886,0.387177001961629,0.0340883685350841,-0.552001691247692,-0.0234520617445843,-0.0165760825220686,-0.00823721584940886
-0.0580918734486819,0.451324258198349,0.035763922402544,-0.554163827385236,-0.022209443396429,-0.0173450309849491,-0.00850376632648984
-0.0733196945946265,0.511931042382642,0.0377871436102244,-0.554995939769177,-0.0209723156806792,-0.017998476406196,-0.00848491197550774
-0.0904367262455095,0.568671814768598,0.0401778100711305,-0.554725925095699,-0.0198084400057985,-0.018495936850972,-0.00817432136584843
-0.108872054904725,0.621173784619182,0.0429180020682448,-0.553500298676283,-0.0187679334005571,-0.0188069073838926,-0.00758353579733094
-0.128034372451511,0.669059862303072,0.0459461294177512,-0.551340700136787,-0.0178827873130466,-0.0189160139538762,-0.00673933125428512
-0.147405570988847,0.71202551240737,0.0491683100462195,-0.548143519779127,-0.0171698023986941,-0.0188242885997092,-0.00567913329898448
-0.166614572141828,0.7499004240229,0.0524812475258359,-0.543716516144979,-0.0166349572104521,-0.0185467089434834,-0.00444602922248401
-0.185465395309189,0.782670058185945,0.0557965203518627,-0.537833716926472,-0.0162774888984009,-0.0181075810754386,-0.00308465640141408
-0.203917351252086,0.810458641240729,0.0590576829854205,-0.530289898326215,-0.0160926370780891,-0.0175356705170311,-0.00163859228658968
-0.222031648298204,0.833488832691487,0.0622458825521189,-0.520943408719712,-0.0160727011201185,-0.0168604042534534,-0.000149244246672692
-0.23990296383124,0.852033832202002,0.0653736641724526,-0.509743734508045,-0.0162065624337874,-0.0161095866295668,0.0013441376671313
-0.257591249423827,0.866372063931677,0.0684690121917836,-0.49674406537677,-0.0164781108556825,-0.0153083669113458,0.00280382821996532
-0.275064543828452,0.876749022289638,0.0715529059824152,-0.482099221881448,-0.0168641863965724,-0.0144788394193441,0.00419286389851497
-0.292161275221976,0.883348057903711,0.0746147349240865,-0.466047785032011,-0.0173327942628532,-0.0136396284390117,0.00547457858963691
-0.308580169418927,0.886271896427621,0.0775913100080174,-0.448876833790126,-0.01784247322086,-0.012805039932335,0.00661279284036586
-0.323904557794211,0.885537930159853,0.0803563869597347,-0.430870363960922,-0.0183436730360955,-0.011983767787862,0.00757289375895808
-0.337662287036809,0.881090822252795,0.0827271166465646,-0.412248731751405,-0.0187826426870489,-0.0111775998364143,0.00832383093769362
-0.349411551765806,0.872833782573494,0.0844901427450637,-0.393114012963168,-0.0191075540830278,-0.0103808732612796,0.00884073896379795
-0.358830485914615,0.860674362509689,0.0854431613076725,-0.373419962359955,-0.0192755794363137,-0.00958136106043414,0.00910757055467912
-0.365781965236771,0.84457361395056,0.0854402929217505,-0.352980382774922,-0.0192589184168873,-0.00876276705044043,0.00911896506690928
-0.370331226760376,0.824583149827116,0.0844260184945784,-0.331516078878436,-0.0190478719567895,-0.00790828910816826,0.00888073038226629
-0.372711519407342,0.800857163666182,0.0824457648309799,-0.308725019126616,-0.0186500817611687,-0.00700419631663336,0.00840875506554597
-0.373252829175039,0.773636141346031,0.0796303397607393,-0.284352240518046,-0.0180864822058477,-0.00604236801129962,0.0077266822904811
-0.372300155039382,0.743211008481867,0.0761613540440805,-0.258239723318816,-0.0173855726988481,-0.00502123284260855,0.00686301739535081
-0.370146727268025,0.709884319520607,0.0722304304972589,-0.230348185251058,-0.0165778575257151,-0.00394520467561214,0.0058483830117683
-0.366997611699356,0.673945000739365,0.0680045253637882,-0.200754478263665,-0.015691804353233,-0.00282318181169981,0.00471342308413204
-0.362967171688425,0.63566609271656,0.0636048765527095,-0.169634133548701,-0.0147518666417194,-0.00166678736299922,0.00348753271737864
-0.358104270401215,0.595323980073568,0.0591011817101529,-0.137237528069033,-0.0137783854686068,-0.000488838632593588,0.00219829258964082
-0.352431352573419,0.553223975006208,0.0545178258092932,-0.103862579468725,-0.0127886627175433,0.000697770009409456,0.000871298648839431
-0.345974251062469,0.509701159934658,0.0498459057912881,-0.0698213652712181,-0.0117981282142437,0.00188077161815775,-0.0004699196947733
