0.407865994598023,0.3065961716453,0.630999528980579
0.406904786025387,0.306637297772251,0.630982801496669
0.404986478694319,0.306719583161186,0.630955879858511
0.402119468326758,0.306843116443104,0.630931683598598
0.398316745793608,0.307008099192298,0.630929218583377
0.393596258405221,0.307214957334664,0.630973117318641
0.387981217037765,0.307464518242741,0.631093018136442
0.381500242602842,0.307758239303456,0.631322795594222
0.374187279110305,0.308098428126274,0.631699672373372
0.366081267311732,0.308488338366613,0.632263257550368
0.357225650125581,0.308931980026368,0.633054558561037
0.348607578861404,0.309376254074292,0.634000697724307
0.340258806429761,0.309819460818132,0.635082945116571
0.332208317994729,0.310258931364443,0.636280849216724
0.324482992082839,0.310690814762935,0.637572524376713
0.317107911378603,0.311110153285818,0.638934940880669
0.310106303550668,0.311511204719611,0.640344274266303
0.303499105127872,0.311887957720904,0.641776363470088
0.29730433477666,0.312234755093489,0.643207269124798
0.291536297690023,0.312546948712479,0.644613934366817
0.28620505251898,0.312821443696647,0.645974821977475
0.281315909931424,0.313057062809666,0.647270548453173
0.276869921457667,0.313254541221855,0.648484190705681
0.27286394540658,0.31341627928501,0.649601627570088
0.269293048908055,0.313545613202651,0.650611027779675
0.266149637527396,0.313646266290589,0.651503256861527
0.263429322406879,0.3137212380023,0.652269936068945
0.261123731072986,0.313772906198973,0.652905844082488
0.259235942694713,0.313801691298239,0.653403483580991
0.257755564454795,0.313807768957592,0.653761760190453
0.256695451028122,0.313788915376934,0.653972931460463
0.256044772988581,0.313743731880676,0.654039293208669
0.255811605811558,0.313669387632451,0.653957972583355
0.255994698311946,0.3135635467414,0.653731007882873
0.256592737389445,0.313423970204756,0.653362002992417
0.257602813438434,0.313248601700795,0.65285660619219
0.259020468256093,0.313035408946746,0.652222389447994
0.260840073199698,0.312782060990294,0.651468588460478
0.263055482342784,0.312485476205048,0.65060574620048
0.265660859362158,0.312141308897277,0.649645323463741
0.268651497339628,0.311743482412405,0.648599362518066
0.272024403488525,0.31128390868242,0.647480289623191
0.2757784251498,0.31075253972901,0.646300915267717
0.279913774098491,0.310137857077739,0.645074636727803
0.284430967680118,0.309427815509185,0.643815776617196
0.289329399213919,0.308611137001718,0.642539930535771
0.294605888011839,0.307678741338561,0.641264178212336
0.300253571018555,0.306625038829037,0.640007049017639
0.306261368200196,0.305448821816856,0.638788211527896
0.312614052769987,0.304153572439815,0.637627940588413
0.319292776881093,0.30274713667931,0.636546469710276
0.326275813247016,0.30124086379381,0.635563345337304
0.33353927540267,0.299648430991,0.63469687083644
0.341057639829184,0.297984628068997,0.633963680950966
0.34880396904038,0.296264356730248,0.633378440595914
0.356749807833967,0.29450202300874,0.632953626240772
0.364864797197231,0.292711397563119,0.632699329276463
0.373116130944903,0.290905908737152,0.632623022252441
0.381468063409244,0.289099229412009,0.632729253826692
0.389881733510728,0.287305934505244,0.633019285622622
0.398315552346912,0.285541967346711,0.633490742360099
0.406726268623881,0.283824692250101,0.634137390328238
0.415070594471383,0.282172439730115,0.634949158245272
0.423307037594307,0.28060363333739,0.635912455379335
0.431397476256196,0.279135741688116,0.637010746498384
0.439308101412674,0.277784345769917,0.638225261330379
0.447009589259682,0.276562538446876,0.639535690707026
0.454476619277219,0.275480728329045,0.640920757771104
0.46168700768787,0.274546785602042,0.64235862169603
0.468620750244932,0.273766390919084,0.643827135864187
0.475259202938081,0.273143435833321,0.645304020935684
0.481584532458164,0.272680354569201,0.646767022771469
0.487579484568234,0.272378315626396,0.648194115127621
0.493227460398767,0.272237252147575,0.649563786474047
0.498512857451659,0.272255752736306,0.6508554268031
0.503421607713493,0.272430869673336,0.652049804693467
0.507941825661254,0.272757925288029,0.653129600286312
0.512064453016068,0.273230410206932,0.654079934940269
0.515783770837732,0.273840059543605,0.654888822058104
0.519097641825915,0.27457716546562,0.655547457428432
0.522007382570857,0.275431128503405,0.656050287660715
0.5245172273559,0.276391184833964,0.656394832654466
0.526633453991678,0.277447181660973,0.656581298664493
0.528363330790434,0.278590244940698,0.656612068313161
0.5297141061704,0.279813198973155,0.656491185701389
0.530692242469574,0.281110661106005,0.656223942524202
0.531303023042488,0.282478816160616,0.655816629785726
0.531550554718841,0.283914947627621,0.655276461772895
0.531438093710703,0.28541684336661,0.654611629660124
0.530968565141589,0.286982199942989,0.653831414265331
0.530145128614824,0.288608132217694,0.652946283286004
0.528971654915768,0.290290867503211,0.651967912345711
0.527453009054748,0.292025676532602,0.650909093604116
0.525595074006163,0.293807069353461,0.649783524278593
0.523404496923695,0.29562925930953,0.648605496643154
0.520888198947763,0.297486866054496,0.647389538467779
0.518052760248549,0.29937578525827,0.646150074138217
0.51490386588834,0.301294102273601,0.644901185927662
0.51144605104517,0.303242885874657,0.643656543695705
0.507682980324117,0.305226692582845,0.642429533721907
0.503618405869055,0.307253665485237,0.641233556861375
0.499257775356773,0.309335222702491,0.640082400260609
0.494610256741132,0.311485458031493,0.63899054408768
0.489690795326161,0.313720447978418,0.637973269313174
0.484521780565606,0.316057614654098,0.637046486321618
0.4791339670613,0.318515129339556,0.636226282071893
0.473566399667484,0.321111129042196,0.635528249591166
0.467865180595987,0.323862386796373,0.634966695442233
0.462081007093609,0.326782163214202,0.634553821880289
0.456265599599066,0.329877335264318,0.634298971919466
0.450467500094433,0.33314542959115,0.634208023071923
0.444728137680245,0.33657255056698,0.634283010839554
0.439079225661742,0.340133043462696,0.634522031162196
0.433542214857302,0.343791064704834,0.634919404045173
0.428129783484216,0.347503475234229,0.63546601029338
0.42284862879776,0.351223125788414,0.636149687415403
0.417702526110415,0.35490178346941,0.636955606291981
0.412694788604101,0.358492383131148,0.637866618426957
0.407829684911023,0.361950638548693,0.638863617912548
0.403112806983911,0.36523617306867,0.639925972577397
0.398550682099258,0.36831328353664,0.641032046420264
0.394150042427631,0.371151363006822,0.642159785771218
0.389917122627857,0.373724968571338,0.6432873056901
0.385857212860616,0.376013546851918,0.644393408516541
0.381974530000977,0.378000886311196,0.645457990296634
0.378272345107326,0.379674409856799,0.646462326470268
0.374753245068588,0.381024431487223,0.647389258430905
0.371419402015114,0.38204348108051,0.648223318703312
0.368272752455969,0.382725766848481,0.648950834282112
0.365315027866189,0.383066809782348,0.649560039577514
0.362547616777479,0.38306325706851,0.650041217744984
0.359971272293882,0.382712861105385,0.6503868745016
0.357585707885452,0.382014596800678,0.650591934362857
0.355389150680169,0.380968875959294,0.650653935251656
0.35337794189317,0.379577805398039,0.650573186435068
0.351546283200962,0.377845424167492,0.650352848488049
0.349886216960392,0.375777851874477,0.649998896665403
0.348387888391981,0.373383290856225,0.649519943792631
0.347040071479881,0.370671855274826,0.648926925131066
0.345830861791956,0.367655244737515,0.648232679023551
0.344748376350894,0.36434632791087,0.647451483126225
0.343781281519849,0.360758731909293,0.646598614562264
0.342919005787607,0.356906533321356,0.645689989193976
0.342151572578451,0.352804115763761,0.644741905461561
0.341469078786594,0.348466209827462,0.643770884119366
0.34086091753504,0.343908083551854,0.642793569469729
0.34031488364012,0.339145819400481,0.641826647083916
0.339816309444415,0.33419660292555,0.640886737445385
0.339347370418528,0.329078956216059,0.639990239364464
0.338886689765481,0.323812869321547,0.63915311491819
0.338409370457101,0.318419807581422,0.638390623446441
0.337887594878127,0.312922593101698,0.63771702173721
0.337291944183372,0.307345165509973,0.637145249805361
0.336593564978174,0.301712214963071,0.636686618976986
0.335767187943724,0.29604865846233,0.636350517412998
0.334794726531611,0.290378934754751,0.636144154133238
0.333668790941061,0.284726170669037,0.636072374137547
0.332395147258353,0.279111421865771,0.636137579328077
0.330993227189055,0.273553307880657,0.636339766180109
0.329494363643717,0.268068290955266,0.636676648015855
0.327938228468732,0.262671561722726,0.637143800654545
0.326368513523848,0.257378173198604,0.637734782390621
0.32482894855783,0.252203943449842,0.63844122245291
0.323360376741229,0.247165794579558,0.639252911028324
0.321999102874149,0.242281480532514,0.640157933712266
0.320776335474945,0.237568898407487,0.641142875674334
0.319718353908963,0.233045284206507,0.642193092586132
0.318847014335017,0.228726574681375,0.643293021525796
0.318180287611556,0.22462712845783,0.644426492575694
0.317732633879994,0.220759889873922,0.645577001623351
0.317515128112479,0.217136969358915,0.646727915899267
0.317535348913505,0.213770509429833,0.647862604415884
0.317797129585985,0.210673612745869,0.648964512127791
0.318300340275161,0.207861050485672,0.650017222056593
0.319040903660484,0.205349481798105,0.651004562801371
0.320011215556684,0.203157026119914,0.651910809755408
0.321201030094808,0.201302226820761,0.652720995637603
0.322598701987538,0.199802656445176,0.653421301980756
0.324192526898659,0.198673540046056,0.653999469563383
0.325971865873562,0.197926749527716,0.654445158768997
0.327927811090166,0.197570367780603,0.654750211054046
0.330053307098458,0.197608823181303,0.654908795697013
0.332342801034926,0.198043445847514,0.654917454196693
0.334791595801696,0.198873234220726,0.654775069820162
0.337395106044085,0.200095633869843,0.654482791710143
0.340148188509332,0.201707183140816,0.654043937141824
0.343044669374684,0.203703937022073,0.653463887947767
0.346077143407133,0.206081625733273,0.652749990529676
0.349237081181328,0.208835535795958,0.651911463957199
0.352515246824101,0.211960125748385,0.650959316479986
0.355902387389531,0.215448416573299,0.649906266257366
0.359390100661144,0.21929123635524,0.648766655569192
0.362971720188553,0.223476450478634,0.647556339862044
0.366642996691829,0.227988362069121,0.646292525177265
0.370402338972718,0.232807489083986,0.644993526853641
0.374250445869031,0.237910881520148,0.643678433297038
0.378189321577835,0.243273008226443,0.6423666850172
0.382220873669262,0.248867050884906,0.641077611088894
0.386345448766767,0.254666270550938,0.639829987666583
0.390560682604678,0.260645062977208,0.638641678031706
0.39486091656858,0.266779424241849,0.637529382468089
0.399237235640995,0.273046761730407,0.636508483570621
0.403678005951079,0.279425194363444,0.635592943128225
0.408169695096112,0.285892613576781,0.634795200233107
0.412697745035272,0.292425793595805,0.634126036295676
0.417247309480044,0.298999783510293,0.633594397163968
0.421803731242771,0.30558772143303,0.633207186633674
0.426352704370374,0.312161120197284,0.632969060938413
0.430880135930026,0.318690588067973,0.632882261043475
0.435371793330232,0.32514686674277,0.632946517619149
0.439812893018372,0.33150198970303,0.633159055133165
0.444187829145443,0.337730299491241,0.633514705420121
0.448480234485803,0.343809056268288,0.634006120947752
0.452673463495331,0.34971844711687,0.634624055916785
0.456751421231844,0.355440994191381,0.635357669339689
0.460699464601267,0.360960570997374,0.636194801281656
0.464505026591914,0.366261401037682,0.637122189619127
0.468157678938077,0.371327393310676,0.638125617657353
0.471648592341706,0.376142023820309,0.639190012353026
0.474969572749292,0.380688729684453,0.640299525036396
0.478112006012232,0.384951634855291,0.641437632503584
0.481065988067065,0.388916352558264,0.642587279026176
0.483819812428926,0.392570679934263,0.64373106929321
0.486359816912284,0.395905065376113,0.644851500754615
0.488670531030504,0.398912825303687,0.645931222477321
0.490735026389813,0.40159010703431,0.646953299846622
0.492535422037936,0.403935621556345,0.647901474745784
0.494053523065989,0.405950157071863,0.648760413706465
0.495271606654265,0.407635899901761,0.649515948199912
0.496173356648824,0.408995608050827,0.650155315062047
0.496744908017852,0.4100317293332,0.650667407356673
0.496975888790839,0.41074560871527,0.651043039623549
0.496860268922699,0.411136971120867,0.651275218468644
0.4963967816681,0.411203861677272,0.651359392480837
0.49558872038795,0.410943147257009,0.651293641979695
0.494443051008568,0.410351529629029,0.651078766345764
0.492968990960603,0.409426848432841,0.650718242841152
0.491176392355299,0.408169341287962,0.650218059882834
0.489074336911343,0.406582547958692,0.649586459363176
0.486670259890713,0.404673681706679,0.648833639080771
0.483969727879216,0.402453473235449,0.647971463038369
0.480976794758168,0.39993563061674,0.647013206925112
0.477694735198406,0.397136117920953,0.645973343375638
0.474126916085624,0.394072436385832,0.644867352678158
0.470277597880519,0.390763039404791,0.643711537715038
0.466152515566498,0.38722695056305,0.642522822890311
0.461759154791479,0.383483608213625,0.641318525981585
0.457106694594028,0.37955292253566,0.640116102119205
0.452205645281374,0.375455503954964,0.638932870998268
0.447067262660317,0.371212984289496,0.637785745338332
0.441702882197934,0.366848317426672,0.636690983540917
0.436123360234448,0.362385908629899,0.635663985681099
0.430338829475803,0.357851427002343,0.634719145238922
0.424358923050721,0.353271207496334,0.633869754040625
0.418193509716349,0.348671276538582,0.633127944209883
0.411853812326152,0.344076172170601,0.63250463689175
0.405353643420191,0.339507832999018,0.632009465112123
0.398710423812093,0.334984816116243,0.631650645922349
0.391945712884515,0.330522006142026,0.631434798961622
0.385085116241985,0.326130828112888,0.631366732641679
0.378157613599466,0.321819865220119,0.63144923754191
0.371194477719421,0.317595714980228,0.63168292910121
0.36422802441602,0.313463905617185,0.632066170038054
0.357290427327664,0.309429706885251,0.632595082649858
0.350412782768585,0.305498700126472,0.633263640847442
0.343624544016398,0.301677013566356,0.634063816616866
0.336953367641957,0.297971174644446,0.634985749199199
0.330425352414059,0.294387595054328,0.636017906357292
0.324065567859674,0.290931769376017,0.637147219257466
0.317898715161079,0.287607354904513,0.638359188889203
0.311949695912196,0.284415362118339,0.639637986515886
0.306243882654686,0.281353722935066,0.64096658459334
0.300806937659184,0.27841744402744,0.642326960901893
0.295664190405871,0.27559941387623,0.643700396020902
0.290839725243954,0.272891714491073,0.645067855195543
0.286355454834986,0.270287110886378,0.64641040849693
0.282230429276817,0.267780319552894,0.647709634410031
0.278480540144632,0.265368751003801,0.648947959017648
0.275118620844564,0.263052609565467,0.650108913759265
0.272154845439448,0.260834434276391,0.651177317909743
0.26959727112004,0.258718287017192,0.652139410504183
0.267452383942185,0.256708826277698,0.652982957753682
0.265725538140126,0.254810465757333,0.6536973589762
0.26442122265119,0.253026751908335,0.654273765320157
0.263543119811666,0.251360030988034,0.654705218140261
0.263093947203487,0.249811429149662,0.654986805812034
0.26307509632111,0.248381133245274,0.655115829561685
0.263486108135793,0.247068929729404,0.65509195944466
0.264324059493852,0.245874921498137,0.654917351760549
0.26558297606151,0.244800297948734,0.654596690319431
0.267253422252569,0.243847991594088,0.654137111932101
0.269322428028877,0.243023037228256,0.653547985994203
0.271773869635244,0.242332483924414,0.652840543626529
0.274589313686787,0.241784808987206,0.652027390876623
0.277749181892889,0.241388925466025,0.651121980506185
0.281233961105418,0.241153006157365,0.650138136860181
0.285025139810166,0.241083403242123,0.649089714009479
0.289105630699541,0.241183897330271,0.647990420872091
0.293459602795371,0.241455390675439,0.646853789786995
0.298071817282692,0.241896027176553,0.645693222913685
0.302926674122755,0.242501629117454,0.644522037589473
0.308007209161282,0.2432663041214,0.643353445821949
0.3132942538764,0.244183084607582,0.642200432109108
0.318765913474602,0.245244492661422,0.641075525785621
0.324397457784865,0.246442957132749,0.639990491409933
0.330161661772139,0.247771039102183,0.638955980254181
0.336029574727787,0.249221448338545,0.637981196923104
0.34197163202106,0.250786863787425,0.63707363673563
0.347958950549431,0.252459612240137,0.636238940158507
0.353964583108728,0.254231311259966,0.635480889251016
0.359964477056324,0.256092631119482,0.634801540144485
0.365937924509923,0.258033349203155,0.63420145255656
0.371867421376311,0.260042824722601,0.63367995495401
0.377738045233125,0.262110899404601,0.63323538392752
0.383536639193576,0.264229057706912,0.632865262125573
0.389251156344876,0.26639153380444,0.632566419507129
0.394870427593089,0.268596010267292,0.632335096765363
0.400384406383184,0.270843649657433,0.632167078795617
0.405784725679899,0.273138394044557,0.632057886516409
0.411065280519921,0.275485675651439,0.632003019831656
0.416222562052999,0.277890828672683,0.631998212481125
0.421255584310449,0.28035754486013,0.632039645269713
0.426165398012811,0.28288668209851,0.632124071385234
0.430954318839528,0.28547564364973,0.632248831032406
0.435625077756541,0.288118423960887,0.632411763108572
0.440180117295152,0.29080628396157,0.632611049595216
0.444621211142405,0.293528888801274,0.63284504571984
0.448949483818661,0.296275630521423,0.633112150076795
0.453165771517619,0.299036793959279,0.633410751512475
0.457271130241821,0.301804240087857,0.633739256916778
0.461267215056722,0.30457140127142,0.634096166474055
0.465156273605371,0.30733259492984,0.634480136217613
0.46894063147687,0.310081898685308,0.634889966416605
0.472621749631941,0.312811989145878,0.635324482114976
0.476199111698302,0.315513349441729,0.635782317134088
0.479669267689111,0.318174098077215,0.636261653433773
0.483025298459343,0.320780465032524,0.636759985751823
0.486256818431813,0.323317745754153,0.63727397227507
0.489350478545144,0.325771465267484,0.637799404414602
0.492290823292871,0.328128486873031,0.638331296331314
0.495061314012531,0.330377865452189,0.638864068833243
0.497645341508174,0.332511330135156,0.639391787382089
0.500027090644957,0.334523355619299,0.639908409970324
0.502192165434232,0.336410836300781,0.640408004635496
0.504127924588726,0.338172417582346,0.640884905644853
0.50582351190211,0.339807574873317,0.641333790056199
0.507269599085583,0.341315570974053,0.641749672110885
0.508457895980835,0.342694464995371,0.642127831139882
0.50938052629738,0.343940375606592,0.642463707498735
0.510029407948018,0.345047192340724,0.642752815733582
0.51039579759075,0.346006857111436,0.642990727682125
0.510470137780089,0.346810202801745,0.643173164316862
0.5102422735603,0.347448173639158,0.643296203913728
0.509701999971563,0.347913129329599,0.643356575137719
0.508839803810349,0.348199911124098,0.643351973289821
0.50764761412415,0.34830643540527,0.643281329976585
0.506119394395775,0.348233735379891,0.643144983460391
0.504251478664568,0.347985524579193,0.642944729107328
0.502042638079861,0.347567454463182,0.642683761761189
0.499493931735655,0.34698626828619,0.6423665433118
0.496608431186994,0.346249031216849,0.641998635505374
0.493390914158267,0.345362570022288,0.641586532849022
0.489847609807531,0.344333205674962,0.641137518381007
0.485986054845537,0.343166817383749,0.640659550528958
0.481815092613361,0.341869234463823,0.640161175277525
0.477345016736901,0.340446905286393,0.639651446161644
0.472587826776221,0.33890773458936,0.639139826964445
0.46755752841474,0.337261916128287,0.638636051066661
0.46227038180817,0.335522536226598,0.638149919463757
0.456744994430676,0.333705720071193,0.637691037610932
0.451002182104766,0.331830169749386,0.637268515245159
0.445064586953026,0.329916105650062,0.636890673643987
0.438956124952566,0.327983822232597,0.63656480987203
0.432701400678439,0.326052213866997,0.636297051625946
0.426325238348509,0.324137637528659,0.636092305534644
0.419852429081511,0.322253349047663,0.635954271581401
0.41330771000991,0.320409549290011,0.63588548112535
0.406715910696619,0.318613901973889,0.635887320460268
0.400102153226489,0.316872295332227,0.635960020260871
0.393491980214441,0.315189618414409,0.636102614022691
0.386911301028013,0.313570376734814,0.636312887985635
0.380386080137138,0.312019043834713,0.636587357328594
0.373941737930136,0.31054011222432,0.63692130710707
0.367602293537137,0.309137861559144,0.637308930898323
0.36138935258984,0.307815908108267,0.63774358358522
0.355321120081583,0.306576639786792,0.638218137885998
0.349411680738206,0.305420675927551,0.638725399234665
0.343670793940503,0.304346504274153,0.639258502409777
0.338104373672055,0.303350427598824,0.63981119760619
0.332715644442831,0.302426878588557,0.640377952625478
0.327506758657631,0.301569059189802,0.64095384501814
0.322480479748193,0.300769750415366,0.64153428935642
0.317641530032537,0.300022095218709,0.642114691205663
0.312997293927277,0.299320172198758,0.642690144610043
0.308557821774186,0.298659276334452,0.643255251768894
0.304335225709099,0.298035911881506,0.643804109181823
0.300342733914765,0.297447591878765,0.644330437477046
0.296593629228862,0.296892558719969,0.644827815727353
0.293100309680683,0.296369543521611,0.645289951687118
0.289873595152121,0.295877644257608,0.645710934840258
0.286922373578904,0.295416367496638,0.646085421984309
0.284253612320075,0.294985833502829,0.646408726824092
0.281872733742127,0.294587103883807,0.646676800330538
0.27978431296532,0.29422254977904,0.646886109945115
0.277993011688441,0.293896143737917,0.647033447252669
0.27650460549388,0.293613538872904,0.647115715936472
0.27532690785466,0.293381810191375,0.647129768469269
0.274470367409293,0.293208789112069,0.647072362585257
0.273948147161202,0.293102023639768,0.646940288606497
0.273775599331672,0.293067518636133,0.646730675203482
0.273969208113507,0.293108504905413,0.646441425311812
0.274545225643295,0.293224503009543,0.64607168821877
0.275518307945744,0.29341087096609,0.645622259492728
0.276900433253609,0.293658885514499,0.645095824166347
0.278700273143393,0.29395626542921,0.644497008302185
0.280923042549866,0.294287955435473,0.643832257180968
0.283570731934979,0.294636969010848,0.643109595943973
0.286642552519983,0.294985123014718,0.642338342827257
0.290135403263391,0.295313557632148,0.641528839023588
0.294044181424254,0.295602997264508,0.640692240135439
0.298361792234603,0.295833760691231,0.639840389104322
0.303078761240563,0.295985573058334,0.638985763755063
0.308182420039098,0.29603727464183,0.638141465934842
0.313655732898839,0.295966565634076,0.637321196274179
0.319475960016942,0.295749964770963,0.636539144753878
0.325613490755543,0.295363169707539,0.635809731935549
0.332031263799173,0.294781956408454,0.635147168455596
0.338685136455818,0.293983625459882,0.634564860238419
0.345525323372987,0.292948821558193,0.634074753420191
0.352498660802093,0.291663398467513,0.633686749569116
0.35955114865757,0.290119965312963,0.633408300176926
0.366630161037812,0.288318857498242,0.633244217199476
0.373685927561262,0.286268460461529,0.633196656738849
0.380672228503691,0.283984972145202,0.633265190994703
0.387546523863443,0.281491758326637,0.633446893764254
0.394269847592984,0.278818442348818,0.633736408376712
0.400806760044119,0.275999823035135,0.634126014243596
0.407125539426529,0.273074671052328,0.634605738595282
0.413198672757009,0.270084430293762,0.635163567406235
0.419003606256156,0.267071846435278,0.635785796962884
0.424523633030895,0.264079555063717,0.636457540305806
0.42974872386919,0.261148684344104,0.637163365633554
0.43467605099144,0.258317559156446,0.637888002576428
0.439309942081814,0.255620626247683,0.638617017052671
0.443661072140669,0.25308773469212,0.639337341182544
0.447744872793062,0.250743881259217,0.640037565502202
0.451579378342349,0.248609454776233,0.640707959205248
0.455182938234077,0.24670090382347,0.641340262580638
0.458572297278179,0.245031650169043,0.641927361310206
0.4617614304011,0.243613023537097,0.642462974905274
0.464761274551851,0.242455019699572,0.642941464805415
0.467580244512394,0.241566764549377,0.64335780988907
0.470225252436038,0.240956660089692,0.643707737308306
0.472702904628407,0.240632259190324,0.643987955765042
0.475020594143644,0.240599951771066,0.644196422477025
0.477187294545382,0.240864550161127,0.644332579396169
0.479213948216537,0.241428850573507,0.644397509455433
0.481113414994259,0.242293233026032,0.644393982538921
0.482900005132895,0.243455350642489,0.644326379626341
0.484588675054311,0.24490995175529,0.644200501292078
0.486194023400864,0.246648870435609,0.64402328382418
0.487729286011419,0.248661204849757,0.643802462699669
0.489205569808825,0.25093367289742,0.643546235886123
0.490631552091627,0.253451089445425,0.643262983104534
0.492013771005126,0.256196861231329,0.642961085024043
0.493357448214089,0.259153368444239,0.642648855958538
0.494667576376349,0.262302122234551,0.642334562222614
0.495949870110325,0.265623664093022,0.642026462389159
0.497211197420141,0.269097280983704,0.6417327934468
0.498459277100775,0.272700700737144,0.641461645313431
0.499701666709491,0.276409960531692,0.64122070674693
0.500944271794676,0.28019959494994,0.641016909749676
0.5021897123661,0.284043193301764,0.640856029852186
0.503435878221811,0.287914269071202,0.640742308856536
0.504674922637395,0.291787303060564,0.640678157200411
0.505892830545644,0.295638783395382,0.640663973391779
0.507069590817553,0.299448071105581,0.640698096536844
0.508179925874274,0.30319795907139,0.640776891097626
0.509194493699355,0.306874849652143,0.64089495358332
0.510081468861679,0.310468539147399,0.641045427878874
0.510808413179048,0.313971656244795,0.641220415863925
0.511344337589618,0.317378853785142,0.641411467132728
0.511661815836812,0.320685896050544,0.64161012116446
0.511738933930272,0.323888809898963,0.64180845542651
0.511560772450721,0.326983261907535,0.641999568328274
0.511120077833796,0.329964269951213,0.642177909084396
0.510416853270368,0.332826258506252,0.642339374603906
0.509456827466545,0.335563354821944,0.642481138763738
0.508249091962794,0.338169750515468,0.642601255476374
0.506803489988126,0.340639958581855,0.642698152996808
0.505128427465049,0.342968872443352,0.642770172493814
0.503229599394576,0.345151633235763,0.642815278132823
0.501109780905875,0.347183382416046,0.642830994631255
0.498769500893651,0.349058998301958,0.642814550549354
0.496208228603292,0.350772900497361,0.642763154787451
0.493425680037397,0.352318980475641,0.642674319870658
0.490422932456628,0.353690696759421,0.64254615907926
0.487203148225044,0.354881361916149,0.642377609747144
0.483771807817078,0.355884638396297,0.642168560248144
0.480136425947024,0.356695240031428,0.641919878254157
0.476305787532522,0.35730979579441,0.641633352446237
0.472288811284032,0.357727768825799,0.641311570643154
0.468093237673148,0.357952246384944,0.640957765398032
0.463724429960841,0.357990354143954,0.640575662629984
0.459184627924598,0.357853049126629,0.640169367298847
0.454472945036626,0.357554156446543,0.639743309840047
0.449586218896457,0.357108739971003,0.639302258145603
0.444520553811696,0.356531159631125,0.638851377518497
0.439273152974495,0.355833331534212,0.638396303924511
0.433843952633466,0.355023661979643,0.637943191927353
0.428236680417569,0.35410688732486,0.637498708755429
0.42245919022526,0.353084749890017,0.637069964414708
0.416523154070698,0.351957223129114,0.63666438590142
0.410443332833543,0.350723934357464,0.636289555066117
0.404236688136159,0.34938549322566,0.63595303237048
0.397921566715306,0.347944546500319,0.635662183639622
0.39151712703468,0.346406482216972,0.635424017032567
0.385043110281636,0.344779766609152,0.635245025678096
0.378519993696343,0.343075915805173,0.635131021311424
0.371969498227589,0.341309097853516,0.635086938694547
0.365415348137395,0.339495356203717,0.635116593238542
0.358884096287724,0.337651467752703,0.635222387688794
0.352405751517883,0.335793512676713,0.635404988549515
0.346013909843757,0.333935333773344,0.635663024420879
0.339745146549162,0.332087163757057,0.63599288460297
0.333637599266048,0.330254740214231,0.636388700406282
0.327728933229816,0.328439154483821,0.636842560485647
0.322054124680006,0.326637490282708,0.637344949025321
0.316643598979877,0.324844070915238,0.637885326514898
0.311522150711219,0.323051961879141,0.63845273126339
0.30670880946666,0.321254344825531,0.639036285497282
0.302217531993198,0.319445482899472,0.639625535656634
0.298058419545138,0.317621164828259,0.640210615785916
0.294239114759605,0.31577866792393,0.640782270368915
0.290766094786556,0.313916374119087,0.641331795918594
0.287645678979766,0.312033206532669,0.641850962097019
0.284884666270387,0.310128044749214,0.642331961121942
0.282490578550621,0.308199249312529,0.642767418768041
0.280471518334427,0.306244394297861,0.643150485280025
0.278835655107581,0.30426027930874,0.643475012580072
0.27759036316908,0.302243264396477,0.643735811475946
0.276741054159912,0.300189935982617,0.643928967700397
0.276289802083951,0.298098056442237,0.644052175191905
0.276233948166447,0.295967669205734,0.644105021489734
0.276564981930565,0.293802134979882,0.644089141051511
0.277268074375416,0.291608800413702,0.644008151873235
0.278322605506759,0.289399011097314,0.643867325353736
0.279703814529962,0.287187329408665,0.643673012456875
0.28138532937198,0.284990087720519,0.643431938415264
0.283341964341537,0.282823678255454,0.643150537065894
0.285552038478688,0.280703091007597,0.642834483097332
0.28799865882721,0.2786410894627,0.642488499775643
0.290669817162618,0.27664814376142,0.642116417878582
0.293557530206195,0.274732981569397,0.641721392193524
0.296656450030437,0.272903475684975,0.641306166578512
0.299962370253026,0.271167571454024,0.640873304678256
0.303470937220343,0.269534013609504,0.640425345402373
0.307176734780505,0.268012706995549,0.639964880369971
0.311072800514481,0.26661461208715,0.639494575738531
0.315150563840384,0.26535113452379,0.639017172021703
0.319400161054418,0.264233033627856,0.63853549451152
0.323811059176614,0.263268965681322,0.63805249592027
0.328372889900078,0.26246389751821,0.637571334578141
0.333076348203013,0.261817750798525,0.637095470311247
0.337913957545191,0.26132470760359,0.636628743014094
0.342880476836456,0.260973543061183,0.63617539455981
0.347972768431376,0.260749103890358,0.635740007907508
0.353189082620444,0.260634674837886,0.635327364436061
0.358527906484734,0.260614634208575,0.634942248816972
0.363986682739077,0.260676683248043,0.634589246024
0.369560740523155,0.260813109513696,0.634272571895948
0.375242680049752,0.261020904387048,0.633995962470935
0.381022280151067,0.261300907070601,0.633762628180525
0.386886840076795,0.261656352823071,0.633575263978387
0.392821778209871,0.262091237715942,0.633436097461893
0.398811295344994,0.262608834169032,0.633346952773511
0.404838943565969,0.263210576609119,0.63330930686552
0.410887994922498,0.263895436444544,0.63332431560419
0.416941559192496,0.264659837985895,0.633392790147769
0.422982451842694,0.265498124170641,0.633515109876963
0.428992864152428,0.266403541563504,0.633691068348543
0.434953939741721,0.267369654759498,0.633919664655803
0.440845410637509,0.268392006899022,0.634198874070089
0.446645474462649,0.26946972415497,0.634525455045962
0.452331075339769,0.270606659648288,0.634894865411236
0.457878661042834,0.27181166040676,0.635301355329027
0.46326533349173,0.273097692029039,0.635738267703237
0.468470142595099,0.274479877380342,0.63619851169345
0.473475181340248,0.275972889451523,0.636675106883019
0.478266187279204,0.277588391421003,0.637161661159805
0.482832525639341,0.27933319149159,0.637652667055164
0.487166633713682,0.281208491867011,0.638143568753779
0.491263146836474,0.283210228212678,0.638630628798762
0.495117963403427,0.285330202824254,0.639110675164887
0.498727461633817,0.287557597534984,0.639580822953201
0.502088002408151,0.289880484776123,0.640038248872749
0.505195777199366,0.292287060531749,0.640480067034988
0.508047001837912,0.294766434399132,0.640903324042266
0.510638410441209,0.297308898769111,0.641305104918797
0.512967957600625,0.299905662733219,0.641682718762602
0.51503558296916,0.302548096160717,0.64203391258965
0.516843835455842,0.305226606505762,0.642357045113368
0.518398116633939,0.307929371338742,0.642651145648373
0.519706323524267,0.31064124932811,0.642915797499941
0.520777784962842,0.313343234328178,0.643150827829158
0.521621592236498,0.316012735224547,0.643355851844358
0.522244657744758,0.31862473826976,0.643529783986728
0.522649976880819,0.321153613114154,0.643670457487235
0.522835525288729,0.323575105488547,0.643774465247092
0.522794007922961,0.325868036645477,0.643837262037262
0.522513404380318,0.328015398341572,0.643853489548874
0.521978061081732,0.330004778495646,0.64381743834314
0.521170025898019,0.331828249332241,0.643723555084686
0.5200703806428,0.333481937242857,0.643566926955189
0.518660434094685,0.334965483867642,0.643343706843414
0.516922736990089,0.336281547078729,0.64305146805235
0.51484194210172,0.337435419492237,0.642689490049188
0.512405551455963,0.338434782144874,0.64225897778965
0.509604578318569,0.339289568398347,0.641763210626612
0.506434115048862,0.340011884942244,0.641207607414033
0.502893756185406,0.340615920831618,0.640599687879364
0.498987792022944,0.341117769238315,0.639948910766413
0.494725085041729,0.341535095561064,0.639266381341708
0.490118576779377,0.341886609552919,0.63856444290866
0.485184451525387,0.342191340693879,0.637856194351718
0.479941078901094,0.342467765170903,0.637154996614764
0.474407936914636,0.342732878767712,0.636474035460412
0.468604737376678,0.343001335985278,0.635825990226171
0.462550925871046,0.343284775310232,0.635222824968606
0.456265621536633,0.343591421802739,0.634675681987409
0.449767944738754,0.343926011715804,0.63419483310417
0.44307759164458,0.344290030093243,0.63378963800847
0.43621548411574,0.344682205874186,0.633468470637548
0.429204342623578,0.345099175630133,0.633238595094646
0.422069083539226,0.345536211680414,0.633105993433133
0.414836997152559,0.34598790826063,0.633075161869864
0.407537704911432,0.346448728806243,0.633148898581777
0.400202910034375,0.346913332231287,0.633328106718855
0.392865953986081,0.347376619123845,0.633611634732748
0.385561178945814,0.347833469951686,0.633996175015387
0.378323092289988,0.348278195479048,0.634476242658643
0.371185344356106,0.348703782198374,0.635044256403495
0.36417957354545,0.349101092110684,0.635690740723292
0.357334240966463,0.349458239905745,0.636404655744322
0.350673643304224,0.34976039502985,0.637173840197716
0.344217330671219,0.349990195126618,0.637985522303274
0.33798011311302,0.350128807725167,0.638826827841194
0.33197271995899,0.350157462898812,0.639685203133336
0.326202990590479,0.350059102796482,0.640548689042617
0.320677324797594,0.349819733163781,0.641406021877807
0.315402051495832,0.349429169170572,0.642246589385684
0.310384440652775,0.348881071807389,0.643060305423274
0.305633214635796,0.348172387280029,0.643837480295299
0.301158570550708,0.347302430269439,0.644568747956585
0.296971821730728,0.346271886274866,0.645245085730826
0.293084810601385,0.34508196235016,0.645857932797824
0.289509230257989,0.343733840558459,0.646399394036632
0.286255959760996,0.342228512766033,0.646862503025432
0.283334479941865,0.340567007775618,0.647241511971457
0.280752412155185,0.338750963019702,0.647532172095158
0.278515210573728,0.336783432951564,0.647731964470604
0.276626035845538,0.334669764011169,0.64784023949765
0.275085833312135,0.332418313414188,0.647858227660757
0.273893621154771,0.330040772778458,0.647788900500547
0.273046956209244,0.327551909180636,0.647636691061882
0.272542493015934,0.324968668693245,0.647407121755851
0.272376505822246,0.322308771436151,0.647106419456489
0.272545230894008,0.319589091040294,0.646741205201507
0.273044922568132,0.316824178100262,0.646318321270471
0.273871591053153,0.314025225767156,0.645844810833293
0.275020469800505,0.31119962296153,0.645328016763109
0.276485313574429,0.308351072257122,0.644775736199562
0.278257641407597,0.305480130262299,0.644196363142552
0.28032602037271,0.302584983320816,0.643598966670891
0.282675455568714,0.299662289113453,0.642993275829805
0.285286926884909,0.296707967442304,0.642389563908853
0.288137102414724,0.293717884381999,0.641798440075789
0.291198262556223,0.290688425460746,0.641230564715244
0.29443847914727,0.287616986779414,0.640696308991284
0.297822099772874,0.284502426009147,0.640205381727151
0.301310575431217,0.281345509829832,0.639766449626333
0.30486363375672,0.278149375844524,0.639386779643003
0.308440741525305,0.274920001943738,0.639071933046606
0.312002736810772,0.271666652530305,0.638825536380772
0.315513464946248,0.268402253455789,0.63864914448365
0.318941245088122,0.265143638194322,0.638542197118929
0.322260028137839,0.261911605310251,0.638502059045956
0.325450166936788,0.258730732401919,0.638524128419286
0.328498781054619,0.255628908480288,0.638602001398748
0.331399741968071,0.252636578805493,0.638727688143174
0.334153327161306,0.249785741823502,0.638891880726077
0.336765602266433,0.24710878523629,0.639084272659819
0.339247599477325,0.244637281380459,0.639293922559572
0.341614371930183,0.242400869129837,0.639509644654579
0.34388401372462,0.240426328663607,0.639720401092392
0.346076737573141,0.238736915507354,0.63991566832866
0.348214091577987,0.237351973040076,0.640085753301629
0.350318372391059,0.236286799488663,0.640222043393777
0.352412256129699,0.235552713131611,0.640317185308323
0.354518625709364,0.235157241238566,0.640365199460849
0.356660530703939,0.235104354597272,0.640361545896077
0.358861183099268,0.235394680000754,0.640303162694292
0.361143879853258,0.236025645483135,0.640188496683
0.363531759253703,0.236991543102472,0.640017538668084
0.366047343533839,0.238283524925335,0.63979186302209
0.368711884435596,0.239889571197955,0.639514658188427
0.371544590555119,0.24179447859426,0.63919072540123
0.374561852757276,0.243979909352864,0.638826421384989
0.377776582859175,0.246424522962881,0.638429527826698
0.381197744613989,0.24910419031846,0.638009042939626
0.384830101163085,0.251992273669342,0.637574903850634
0.38867415160746,0.255059949974303,0.637137658175118
0.392726196375425,0.258276559636746,0.636708107046685
0.396978462133695,0.261609973623859,0.636296940439601
0.401419228806123,0.265026984780922,0.635914380985364
0.406032925889685,0.268493738998885,0.635569847263415
0.410800194290733,0.271976225344992,0.635271643768874
0.415697937047629,0.275440840066926,0.635026683252388
0.420699401476987,0.278855026489381,0.634840248049531
0.425774343898568,0.282187974233145,0.634715799106921
0.430889323195133,0.285411339831388,0.634654843479404
0.436008152034947,0.288499932963432,0.634656871387741
0.441092507339891,0.291432303393563,0.634719371586622
0.446102670739396,0.294191167675369,0.634837928540191
0.450998342873369,0.296763632298595,0.635006397676765
0.45573945960019,0.299141197985125,0.635217147416211
0.460286937608406,0.301319561540554,0.635461350697723
0.464603291753423,0.30329825930616,0.6357293058866
0.468653092113562,0.305080213403596,0.63601076770669
0.472403259156051,0.306671245398801,0.636295272812329
0.47582322309108,0.308079612222912,0.636572450376472
0.478884993424133,0.309315599623961,0.636832314028024
0.48156319385023,0.310391184156177,0.637065536093357
0.483835115503289,0.311319751153216,0.637263707368385
0.485680829779103,0.312115838192839,0.63741958521965
0.487083383241667,0.312794865146199,0.637527329961344
0.488029075325268,0.313372815444345,0.637582725025881
0.488507798777616,0.313865848876562,0.637583371601717
0.488513406040858,0.314289851029868,0.637528844229115
0.488044054435639,0.314659951942866,0.63742079124175
0.487102477526957,0.314990067663526,0.637262963144378
0.485696127651615,0.315292524890347,0.637061153256633
0.483837134512192,0.315577816982527,0.636823038766158
0.481542030978017,0.31585451273313,0.636557917900881
0.478831218267398,0.316129307059106,0.636276351284078
0.475728185045939,0.316407176674689,0.635989731708001
0.472258553327825,0.316691591727511,0.635709822106266
0.46844907857994,0.316984737754238,0.635448309719466
0.464326755971688,0.317287717091984,0.63521642012049
0.459918163652114,0.317600718792869,0.635024618100217
0.45524911418262,0.317923165804154,0.634882399644305
0.450344611125122,0.318253863851774,0.634798158918207
0.445229046274887,0.31859118526451,0.634779102605992
0.439926539104246,0.318933320127925,0.634831182699304
0.434461313442969,0.319278614320797,0.634959025735412
0.428858017624925,0.31962598844963,0.635165848014787
0.423141913352504,0.319975396377952,0.635453359443808
0.417338881060787,0.320328245201777,0.635821671049838
0.411475217342425,0.320687673668706,0.636269230581073
0.405577236540329,0.321058588427787,0.636792814066813
0.399670732419747,0.321447396264599,0.63738759594799
0.393780396632004,0.321861440632983,0.638047305860151
0.387929311506071,0.322308230275688,0.638764459792012
0.382138622211649,0.322794606197546,0.639530634367539
0.376427447663027,0.323326007834587,0.640336743246313
0.37081302709753,0.323905966835157,0.641173277870084
0.365311043622682,0.324535893900159,0.642030489115912
0.359936036210869,0.325215155571839,0.642898505062346
0.35470181174971,0.325941384019391,0.643767396457342
0.349621793373815,0.326710933709118,0.644627210081252
0.344709273210982,0.327519392848074,0.645467992060248
0.339977570719307,0.32836206901163,0.646279817328246
0.335440113256068,0.329234387135055,0.647052836360892
0.331110469863021,0.330132160138826,0.647777340305863
0.327002353367834,0.331051709643521,0.648443846777992
0.323129613104975,0.331989831413213,0.649043198849409
0.31950619949814,0.332943610512264,0.649566682819331
0.316146104666977,0.333910106415464,0.65000615658255
0.313063231907779,0.334885938959902,0.650354201289338
0.310271191678593,0.33586682401562,0.650604289422162
0.307782992049918,0.336847121147876,0.650750976652609
0.305610641159745,0.337819467471072,0.650790106097436
0.303764689181039,0.33877457329528,0.650719012722059
0.302253774177633,0.339701241820825,0.650536703785609
0.301084252179013,0.340586644018999,0.650243987938324
0.300259992770848,0.341416832927526,0.6498435273966
0.299782396556795,0.34217742805861,0.649339798082537
0.299650645031694,0.342854355492535,0.64873895907015
0.299862138437691,0.343434509345028,0.64804865058976
0.300413031633001,0.343906216256574,0.647277752917569
0.301298757477024,0.344259434038392,0.646436142272109
0.302514435262008,0.344485683266891,0.645534474369015
0.30405509156417,0.344577774228528,0.644584014628639
0.305915658326816,0.344529432811284,0.643596521017995
0.308090746388759,0.344334939394354,0.642584174432695
0.310574218767224,0.343988875893576,0.641559542927708
0.313358610583282,0.343486034866146,0.640535558946963
0.316434468625701,0.342821489057974,0.639525481994853
0.319789716950224,0.341990758459777,0.638542813939604
0.323409187751828,0.340989957648571,0.637601134661846
0.327274468813415,0.339815778921516,0.63671383784378
0.331364182444451,0.338465192043751,0.635893773875952
0.335654709909364,0.33693483738347,0.635152844730067
0.340121228864185,0.335220245886171,0.634501629277095
0.344738801405486,0.333315185592295,0.633949126791296
0.349483213657284,0.331211529852537,0.633502678935806
0.354331362242077,0.328899993203145,0.633168072623909
0.359261170870611,0.326371858535171,0.632949761234134
0.364251205033001,0.323621465736929,0.632851097623126
0.369280236796233,0.320648871564449,0.632874468419103
0.374326957555712,0.317461906926823,0.633021258195548
0.379369892470381,0.314076997277911,0.63329163852807
0.384387438560197,0.310518544769772,0.633684240608695
0.389357908801935,0.306817164248716,0.634195802882878
0.39425951694764,0.303007350244472,0.634820879239288
0.399070320012428,0.299125132795796,0.6355516635706
0.403768188200701,0.295206066059205,0.636377955135177
0.408330878478892,0.291283662499828,0.637287268775845
0.412736263320631,0.287388246222515,0.638265084421846
0.416962730158291,0.283546163484647,0.639295224534567
0.420989730377987,0.279779314011186,0.640360340102708
0.424798422620612,0.27610500383679,0.641442473512384
0.428372326661738,0.272536135874052,0.642523652624881
0.431697887306684,0.26908173621225,0.643586460069833
0.434764849531892,0.265747768740076,0.644614520607054
0.43756637158617,0.262538136040924,0.645592860959981
0.440098847348285,0.259455724093354,0.646508118997725
0.442361463846438,0.256503338187042,0.647348607624407
0.44435556662304,0.253684404041489,0.648104264108393
0.44608393457884,0.251003360800842,0.648766532065484
0.447550066046226,0.24846573707272,0.649328225214904
0.448757561969501,0.246077954669671,0.649783414835986
0.449709650948615,0.243846945010796,0.650127362783293
0.450408879864317,0.241779670721027,0.650356509975841
0.450856944982635,0.239882655356476,0.650468504599703
0.451054653679866,0.23816159245831,0.650462259341853
0.451001968158491,0.236621113929543,0.650338005294062
0.450698125545627,0.235264759123191,0.650097329556797
0.450141814921264,0.234095190142394,0.64974317551885
0.449331421792746,0.233114667735521,0.649279801255702
0.448265353064284,0.232325775183451,0.648712697972788
0.446942457553764,0.231732325305726,0.648048482236876
0.445362541725668,0.231340317353527,0.647294784948889
0.443526949495994,0.231158737596937,0.646460165540304
0.441439133242218,0.231199952717018,0.645554077487848
0.439105106579669,0.231479472670021,0.644586897895489
0.43653366187662,0.23201499142236,0.643570010018083
0.433736277063071,0.232824832442809,0.642515900454349
0.43072672336822,0.233926146741069,0.641438215009246
0.4275204825521,0.235333315890839,0.640351720799159
0.424134136696612,0.237056927603056,0.639272148632478
0.420584874369104,0.239103447724046,0.638215927981088
0.416890178196592,0.241475431275136,0.637199859062511
0.413067672963413,0.244171936136854,0.636240777784942
0.409135077414527,0.247188811949564,0.635355254432374
0.405110239491405,0.250518720360163,0.634559333129132
0.401011305920699,0.254150977778451,0.633868284554524
0.396857099555998,0.258071428215397,0.633296329560151
0.392667692913848,0.26226247510259,0.63285630404553
0.388465008232878,0.266703233238191,0.632559264380242
0.384273153672432,0.271369686774818,0.632414060950454
0.380118217505807,0.276234820824704,0.632426928219117
0.376027402106602,0.281268834597772,0.632601153233133
0.372027623042532,0.286439604916638,0.632936885883082
0.368143917163891,0.291713496600913,0.633431134060291
0.36439809175583,0.297056461953958,0.634077944965438
0.360807959854974,0.302435233636823,0.634868726469837
0.357387292673358,0.307818366270492,0.635792632447659
0.354146388916984,0.313176933631639,0.636836935819053
0.351093012267154,0.31848480120267,0.637987337790561
0.348233419306271,0.323718513173425,0.639228196039844
0.345573263520401,0.328856917436613,0.640542684030237
0.343118262137026,0.333880685576336,0.641912911073993
0.340874603223049,0.338771873306301,0.64332003834152
0.338849126645308,0.343513627337045,0.644744423449229
0.337049331771584,0.348090094985106,0.646165819729527
0.33548325790481,0.352486544785886,0.64756364827151
0.334159264512435,0.356689665368332,0.648917351976972
0.333085720698864,0.360687976790238,0.650206830158374
0.332270605313636,0.364472264838638,0.651412939033972
0.33172102570457,0.368035936631778,0.65251802779972
0.331442683349056,0.37137519984879,0.653506464283207
0.331439342442014,0.374488991775709,0.654365092927164
0.331712382510229,0.377378627112726,0.65508356606819
0.332260525091167,0.380047191137999,0.655654502032055
0.333079809184895,0.382498759059779,0.656073448777911
0.334163846234496,0.384737566877232,0.656338668170143
0.335504327088362,0.386767270933119,0.656450789533962
0.337091691264342,0.388590417941493,0.656412407143628
0.338915834529999,0.39020819770135,0.656227698878792
0.340966724024107,0.391620492562842,0.655902129737041
0.343234825065203,0.392826172596788,0.655442269627256
0.34571129019656,0.393823546518508,0.654855722840363
0.348387917640864,0.394610853208779,0.654151134774459
0.351256923260339,0.395186682958881,0.653338227634342
0.354310593308504,0.395550233398042,0.652427813836593
0.357540889207655,0.395701334862117,0.651431746801626
0.360939071738803,0.395640216291779,0.650362786259086
0.364495403381679,0.39536703000849,0.649234377698363
0.368198978747171,0.394881210856918,0.648060368766838
0.372037720857801,0.394180809615909,0.646854706725581
0.375998562754995,0.393261994790453,0.645631174714192
0.38006780311212,0.392118936549034,0.644403225264894
0.384231583777595,0.390744240530258,0.643183950858965
0.388476396136904,0.389129977774586,0.641986193927936
0.392789501408382,0.387269186646951,0.640822751758259
0.397159164717356,0.385157570518602,0.639706593841029
0.401574656789331,0.38279505357131,0.638650998322336
0.40602605114394,0.38018691929415,0.637669537109769
0.410503907169439,0.37734441047417,0.63677588558454
0.414998954165555,0.374284842353689,0.635983482029899
0.419501870590619,0.371031400789707,0.635305094565133
0.42400319614642,0.367612826927841,0.634752360759839
0.428493339792542,0.364063126095725,0.63433534972797
0.432962572442764,0.360421299649749,0.634062168173991
0.437400838717397,0.35673091560778,0.633938603042083
0.44179721738395,0.353039163194969,0.63396777704418
0.446138946024095,0.349394976501994,0.634149800939878
0.450410127257524,0.345845990329258,0.634481442859324
0.454590501007444,0.342434567250204,0.634955888235762
0.458654837482961,0.339193754555132,0.635562700015193
0.462573391871126,0.336144398288288,0.636288068730603
0.466313449234501,0.333294392699008,0.637115359561252
0.469841520325323,0.330640229348814,0.638025864046165
0.473125533202502,0.328170138180844,0.638999610140408
0.476136493571872,0.325867704326856,0.640016100049164
0.478849397870923,0.323715010411769,0.641054904158522
0.481243461013125,0.321694823965487,0.642096099023259
0.483301860518201,0.319791792728312,0.643120573724463
0.485011215971226,0.317992862447894,0.64411024136622
0.486360977110273,0.316287197719552,0.645048190621286
0.487342835032135,0.314665844504196,0.645918805196297
0.487950222406031,0.31312129623064,0.646707871623863
0.488177935406465,0.311647055645277,0.647402689336872
0.488021890271501,0.310237236562093,0.647992191677618
0.487479016063264,0.308886223267667,0.648467081782111
0.486547277995235,0.307588394794415,0.648819982622047
0.485225819386575,0.306337920003792,0.649045595567425
0.483515202586554,0.305128631787757,0.64914085654075
0.481417718991111,0.303953990330368,0.649105073450585
0.478937726264662,0.302807143090637,0.648940024025373
0.476081959828299,0.301681081117692,0.648649990939041
0.472859758701144,0.300568877521376,0.648241712508047
0.469283149895611,0.299463976427125,0.64772423435687
0.465366752337442,0.29836048438032,0.647108659558364
0.4611274939915,0.297253406827981,0.64640781118525
0.456584175553598,0.296138775819574,0.645635836697269
0.451756952967453,0.29501363325558,0.644807794354668
0.446666831754377,0.293875863831384,0.643939262184949
0.441335264066412,0.292723904658632,0.643046000718762
0.435783909742806,0.291556384687898,0.642143683163948
0.430034579599264,0.290371758670528,0.641247688661427
0.424109332555576,0.289167995524541,0.640372940138507
0.418030665341949,0.287942362134963,0.639533763261095
0.41182171853082,0.28669131686282,0.638743746062638
0.405506429391142,0.285410498635005,0.63801558845283
0.399109585119008,0.284094774072776,0.637360942388858
0.392656763574265,0.282738293562371,0.636790253405829
0.386174182732787,0.281334515539203,0.636312619045918
0.379688504179809,0.279876193112124,0.635935678355011
0.373226637873966,0.278355378313553,0.635665539528622
0.366815569242079,0.276763570018444,0.635506743585808
0.360482181330139,0.27509217474997,0.635462255199462
0.354252999758392,0.273333415092463,0.635533471709756
0.348153783890836,0.271481677918428,0.635720247437622
0.342208949879386,0.269535074536508,0.636020937165149
0.336440922552865,0.267496795396917,0.636432462541291
0.330869605678753,0.265375817340937,0.636950396057545
0.325512158024011,0.263186715867971,0.637569046205928
0.320383150045765,0.260948656455825,0.638281525255528
0.315495020802099,0.258683905906576,0.639079791677223
0.310858654325396,0.256416285899748,0.639954675426887
0.30648389626526,0.254169889989968,0.640895905057501
0.302379909557429,0.25196820444554,0.641892155341712
0.298555360429578,0.249833615584236,0.642931125697799
0.295018488134934,0.247787199781912,0.643999649656861
0.29177713017612,0.24584867149048,0.645083829235836
0.288838760773932,0.244036383095968,0.64616918698017
0.286210571114746,0.242367304212515,0.647240831498031
0.283899589411657,0.240856943907759,0.648283637011497
0.281912814707379,0.239519212235698,0.649282441323696
0.280257324349409,0.23836624556083,0.650222267738925
0.278940312420524,0.23740824117857,0.651088574069563
0.277969024863372,0.236653356808183,0.651867526407511
0.277350575681973,0.236107726227694,0.652546288160323
0.277091654179721,0.235775622646286,0.653113308036984
0.277198159571364,0.23565977004824,0.653558586520812
0.277674818904537,0.235761768589475,0.653873900474896
0.278524850267339,0.236082574191809,0.654052970234802
0.279749721852004,0.236622962247048,0.654091562237166
0.28134903291134,0.237383913018083,0.653987530211643
0.283320511877458,0.238366875487129,0.65374080711284
0.285660100453145,0.23957388848403,0.653353365709207
0.288362076185841,0.24100755424285,0.652829167451074
0.291419163438466,0.24267086745085,0.652174116395243
0.294822590972104,0.24456690348867,0.651396028731343
0.298562071360969,0.246698369421758,0.650504619079741
0.302625698655608,0.249067026821032,0.649511493468817
0.306999784523892,0.251673013410117,0.648430126388748
0.311668674879806,0.254514121593304,0.647275788565886
0.316614606958705,0.257585132650208,0.646065385944078
0.321817672817972,0.260877340313411,0.644817174661555
0.327255944687893,0.264378406265626,0.643550334804169
0.332905783702561,0.268072649261871,0.642284418269304
0.338742302597955,0.271941774158155,0.641038724380361
0.344739899482582,0.275965919030103,0.639831686286011
0.350872750093418,0.280124790614395,0.638680354941206
0.357115157206245,0.284398623012444,0.637600040503037
0.363441708298112,0.288768753571308,0.636604123400547
0.369827262020419,0.293217734460272,0.635704001194804
0.376246841821547,0.297729033787362,0.634909111116106
0.382675539354435,0.302286476030281,0.634226968788989
0.389088519936087,0.306873610000898,0.633663184084123
0.395461185656465,0.311473180384251,0.633221443654925
0.401769503930957,0.31606683737376,0.632903474743203
0.407990460626097,0.320635164733167,0.632709020620108
0.414102555034558,0.325158048826109,0.632635861426233
0.420086228074077,0.329615354459845,0.632679907008945
0.425924104496899,0.333987812172686,0.632835371601894
0.431600958280235,0.338257976139983,0.633095020069231
0.437103346786404,0.342411060759669,0.633450453777634
0.442418965691627,0.346435488143798,0.633892394196619
0.447535809980794,0.350322965196363,0.634410916343793
0.452441391985841,0.354068096134166,0.634995610552384
0.457122116495295,0.357667474777426,0.635635653963489
0.461563169114566,0.361118621674921,0.636319844626509
0.465748677129311,0.364418685907757,0.637036591080855
0.469662586818474,0.367563657041932,0.637773992000927
0.473289355380445,0.370547506468619,0.638519897475763
0.476615327234468,0.373362405099547,0.639262178201881
0.479629161930392,0.375998542529485,0.639988880147795
0.482322981328109,0.378445227205883,0.640688639283386
0.484692101972131,0.380691043280729,0.641350827513036
0.486735563218881,0.38272512107029,0.641965940441451
0.488455408892498,0.384537279569569,0.642525659710723
0.489856627869549,0.386118828844999,0.643023067696799
0.490946433952527,0.387462552982093,0.643452622312801
0.491733915352697,0.388562885762362,0.643810176377654
0.492229523849513,0.389415697365321,0.644092882146557
0.492444732000707,0.390018069548527,0.644299089790181
0.492391724627141,0.390367967464365,0.644428212847709
0.492083171022136,0.390463935798713,0.64448059554188
0.491532041403507,0.39030485911766,0.644457390636379
0.490751456796255,0.389889844562223,0.644360462119309
0.489754558408992,0.389218252977683,0.644192318888286
0.4885543946373,0.388289878667038,0.643956080007267
0.487163832000136,0.387105245261823,0.643655464631758
0.485595502972018,0.38566596204726,0.643294794369014
0.483861802072274,0.383975073329002,0.642878992708536
0.481974934810054,0.382037341520324,0.642413567472989
0.479947011412028,0.379859425779338,0.641904566430956
0.477790163138771,0.377449946129812,0.641358502163988
0.475516646925533,0.374819449347434,0.640782248153184
0.473138895250235,0.371980307880976,0.640182911808997
0.47066946610051,0.368946587228155,0.63956769219521
0.46812085229952,0.365733907495707,0.63894373004368
0.465505124100337,0.362359308478453,0.638317957113752
0.462833405040499,0.358841107281614,0.63769695148005
0.460115220537507,0.355198721711699,0.637086806021704
0.457357807133217,0.351452425482366,0.636493018671693
0.454565517288485,0.347623009605631,0.6359204142923
0.451739480639351,0.343731348158136,0.635373107559298
0.448877664793,0.339797902748459,0.634854512678891
0.445975405958661,0.335842234416741,0.634367398507204
0.443026361145352,0.331882609692524,0.63391397831164
0.440023709599006,0.327935774857077,0.633496015237072
0.43696135360973,0.324016930147623,0.633114921442758
0.433834873377185,0.32013987913167,0.63277183279798
0.430642074913469,0.316317281318211,0.63246765070026
0.427383092876495,0.312560915686371,0.632203053882283
0.424060125023672,0.308881873288735,0.631978491734782
0.420676945051826,0.305290629056578,0.631794173948199
0.417238358939159,0.301796982684395,0.631650069162373
0.413749747273879,0.298409894380324,0.631545919554077
0.410216790330604,0.2951372670383,0.631481271231762
0.406645419275172,0.29198574014293,0.631455513988387
0.403041985444147,0.288960562588484,0.631467919778413
0.399413595150718,0.286065601901688,0.631517668028412
0.395768523164838,0.283303526300736,0.631603847876913
0.39211659764068,0.280676164494258,0.631725432498684
0.388469447416717,0.278185009647519,0.63188122797187
0.384840522996137,0.275831795571733,0.632069807085018
0.381244844877209,0.273619045107645,0.632289444800939
0.377698490569644,0.271550483248629,0.632538074486086
0.374217891292296,0.269631226614327,0.632813281057799
0.370819054718957,0.267867704198597,0.633112339183481
0.367516847616264,0.266267320568041,0.633432293806506
0.364324456678129,0.264837925475258,0.633770069990947
0.361253102632182,0.263587187843408,0.634122592643369
0.358312025625621,0.262521979428636,0.634486895832913
0.35550870519519,0.261647855753678,0.634860205871965
0.35284923861013,0.260968688407254,0.635239990018111
0.350338782658162,0.260486465405887,0.63562397097203
0.347981964815363,0.260201245053674,0.63601011403936
0.345783184974102,0.260111229197585,0.636396597648847
0.343746752331302,0.260212914608429,0.636781778692898
0.341876829600128,0.260501284086464,0.637164162349215
0.340177186905232,0.260970008015531,0.637542382402591
0.338650799914374,0.261611638008476,0.637915193512875
0.337299360600466,0.262417783989057,0.63828147212363
0.336122800428833,0.263379272089849,0.638640218700121
0.335118946508128,0.264486282627595,0.638990551681934
0.334283428965782,0.265728466178607,0.639331683933084
0.333609921665173,0.267095034293207,0.639662876066928
0.333090726293228,0.26857482232549,0.639983367443143
0.332717617472335,0.270156326710409,0.640292293066203
0.332482785113176,0.271827725951891,0.640588600472736
0.332379675279187,0.273576900560049,0.640870982410283
0.332403559418056,0.275391469102596,0.641137838029629
0.332551742564542,0.277258855668422,0.641387268756638
0.332823418589909,0.279166400489364,0.641617107958382
0.333219258826535,0.281101522939392,0.641824978316804
0.333740857604554,0.283051944513816,0.642008368970098
0.334390156632484,0.285005976857271,0.642164725063305
0.335168941947097,0.286952872953875,0.642291544506951
0.336078471595898,0.288883226090915,0.642386478097467
0.337119256978195,0.290789381523291,0.642447429978473
0.338290995834451,0.292665803467932,0.642472653751208
0.339592633853098,0.29450932303938,0.642460838132259
0.341022520732618,0.296319189116611,0.642411173243111
0.342578613655708,0.298096864584903,0.642323389918533
0.344258682152522,0.299845552542284,0.642197764851105
0.346060466125902,0.301569499946572,0.642035092202594
0.347981758810459,0.303273183129304,0.641836625888244
0.350020397998449,0.304960517148331,0.641604005655957
0.352174177039664,0.306634226488331,0.641339179929907
0.354440696217804,0.308295475125007,0.641044339877621
0.356817186627101,0.309943789703687,0.64072187264006
0.359300332304227,0.311577246882752,0.640374336892453
0.361886109665792,0.313192849999442,0.640004457169846
0.364569651667293,0.314787000218877,0.639615129680315
0.367345136476429,0.316355969505368,0.639209430127647
0.370205696043992,0.317896299444725,0.638790614334326
0.373143340973066,0.319405072192827,0.638362104017991
0.376148902730523,0.320880022095159,0.637927452884014
0.379212002169596,0.322319476303411,0.637490291499963
0.382321062045616,0.323722130786267,0.637054253247485
0.385463388670384,0.325086686293608,0.636622887614357
0.388625351082155,0.326411388360323,0.63619957095852
0.391792681045159,0.327693537077389,0.635787427973026
0.394950902566853,0.328929050794711,0.635389278395424
0.398085873577205,0.33011217846708,0.635007621974189
0.401184389235366,0.33123544868948,0.634644669474539
0.404234763681272,0.332289913652835,0.634302418611292
0.407227288612691,0.333265692367138,0.633982762827818
0.410154471504557,0.334152750816515,0.633687610787619
0.413010990470523,0.334941795087899,0.633418988978208
0.415793360334353,0.335625118232331,0.633179101589462
0.418499366217688,0.336197248894081,0.632970331133441
0.421127368898934,0.33665529734871,0.632795177321248
0.423675605169652,0.336998968002664,0.632656146060889
0.426141595044854,0.337230283072842,0.632555610733367
0.428521735819383,0.337353119692855,0.632495671765209
0.430811125355418,0.337372690983017,0.632478037983014
0.433003625842645,0.337295099807431,0.632503946128735
0.435092159375657,0.337127066981886,0.632574125596089
0.437069214951471,0.336875889897755,0.632688805932521
0.438927534345543,0.33654962828529,0.632847756303703
0.440660922209532,0.336157447518963,0.633050339949311
0.442265088740712,0.335709987809876,0.633295563758614
0.443738387787276,0.335219589040413,0.633582104772827
0.445082280722084,0.33470020916058,0.633908302606103
0.446301368546132,0.334166944264804,0.634272118785387
0.447402914353627,0.33363518086505,0.63467107741746
0.448395914575965,0.333119542712094,0.635102210767351
0.449289917580016,0.33263287583867,0.635562033394123
0.450093864178563,0.332185505204188,0.636046558981757
0.450815199121868,0.331784901346565,0.636551359783994
0.451459395215909,0.331435765816756,0.637071656701462
0.452029900640823,0.331140437594998,0.637602422978373
0.452528421085247,0.330899471127292,0.638138486417649
0.452955405665816,0.330712238703657,0.638674620800189
0.453310611397361,0.330577445193629,0.639205623347045
0.453593651998558,0.330493489733763,0.639726379412066
0.453804471081753,0.330458652639775,0.640231917534676
0.453943705059725,0.330471120561331,0.640717458021841
0.454012915142382,0.330528887673324,0.641178457147868
0.454014675348592,0.330629585822226,0.641610647746796
0.453952511173931,0.330770302298043,0.642010075850798
0.453830696853718,0.330947439842735,0.642373132551728
0.453653938464876,0.331156660104319,0.64269658029381
0.453426991110558,0.331392931003513,0.642977573211927
0.453154273680015,0.331650674578133,0.6432136717511
0.452839547234557,0.331923990467206,0.643402852310452
0.452485710045628,0.332206915956399,0.643543512891753
0.452094738544508,0.332493679937608,0.643634475794539
0.451667774010694,0.332778913359794,0.64367498830404
0.451205330277417,0.333057791736403,0.643664722031908
0.450707581940242,0.333326101155025,0.643603771105313
0.450174687286665,0.333580234606788,0.643492648587954
0.449607103993113,0.333817137625907,0.643332280505881
0.449005864180676,0.334034229680381,0.643123997032363
0.448372784681482,0.334229329709124,0.642869520651495
0.447710595519542,0.334400610659939,0.642570951336031
0.447022973885216,0.334546599584739,0.642230749166698
0.446314473030834,0.334666227847313,0.641851715310697
0.445590338298148,0.334758921904426,0.641436972756724
0.444856206940122,0.334824709985174,0.640989948262494
0.444117699818241,0.33486430757358,0.640514356386254
0.443379930277033,0.334879137209201,0.640014185272923
0.442646978729762,0.33487124060507,0.639493682222541
0.441921405281784,0.334843056501815,0.6389573354247
0.441203888413011,0.334797066605729,0.638409847267922
0.440493074891603,0.334735350043916,0.637856095074671
0.439785696920475,0.334659123832436,0.637301077253109
0.439076957835394,0.334568369054117,0.636749846355742
0.438361120446903,0.334461637589571,0.63620743417711
0.437632175154343,0.33433609870731,0.635678776348563
0.436884441053643,0.334187827438657,0.635168643769475
0.436112972960169,0.334012276292798,0.63468158556349
0.435313702800148,0.333804828741963,0.634221884174191
0.434483313833534,0.333561318967927,0.633793519368682
0.433618907879628,0.333278416743662,0.633400135683149
0.432717565445673,0.332953808623732,0.63304500785936
0.431775915205855,0.332586143740143,0.632731000913691
0.430789825884557,0.332174748381102,0.632460524941724
0.429754315404844,0.331719147498528,0.632235488799783
0.42866373792397,0.331218467980902,0.632057260476005
0.427512257738,0.330670838286463,0.631926644243566
0.426294552403457,0.330072930136846,0.631843884417239
0.425006618181181,0.329419790739874,0.631808701824238
0.423646501711364,0.328705068803258,0.631820362065536
0.422214777642859,0.327921642284336,0.631877765967241
0.42071464582377,0.327062536068596,0.631979545404502
0.419151621794249,0.326121920976095,0.632124145165115
0.417532904315689,0.325095956183574,0.632309875260711
0.415866580209419,0.323983289199661,0.6325349268318
0.414160843732102,0.322785135142204,0.632797355020893
0.412423368610002,0.321504972080709,0.633095040079238
0.410660901737531,0.320147969895925,0.633425641288315
0.408879078888135,0.318720299587409,0.633786557018791
0.407082415019101,0.317228456023076,0.634174900072533
0.405274400952856,0.315678689494377,0.634587492439588
0.403457640168905,0.314076599419293,0.635020879401556
0.401633975623079,0.312426908872122,0.635471360287159
0.399804578704434,0.31073341521684,0.635935032173799
0.397969994576207,0.308999098275621,0.636407842970499
0.396130156460037,0.307226359233537,0.63688565099908
0.394284393767406,0.305417357120079,0.637364288860195
0.392431464177952,0.303574403142572,0.637839629669537
0.390569637310336,0.301700366490224,0.638307653552733
0.388696847846503,0.299799040537545,0.638764511709641
0.386810920367913,0.297875418731965,0.639206584727268
0.384909849695651,0.295935837494262,0.639630531474797
0.382992103433342,0.293987959974951,0.640033325235139
0.381056902105661,0.29204059813618,0.640412274844838
0.37910443086349,0.290103394716765,0.640765030389948
0.377135945565406,0.288186408569506,0.641089575163302
0.375153754133114,0.286299657882135,0.641384207496104
0.373161076602011,0.284452675635348,0.641647517445296
0.371161809061971,0.282654120974668,0.641878363642354
0.369160233375436,0.280911473299581,0.642075855164103
0.367160723875934,0.279230818858835,0.642239341845474
0.365167504311118,0.277616727040961,0.642368414803866
0.36318450436179,0.276072208750562,0.642462916818698
0.361215356486487,0.274598752102115,0.642522960104861
0.359263560732415,0.273196438894983,0.642548946897997
0.357332826356301,0.271864155011261,0.642541586039973
0.355427572610045,0.270599912551926,0.642501897229172
0.353553536205366,0.269401296843202,0.642431193823129
0.351718392599965,0.268266030664912,0.642331036594779
0.349932261523563,0.267192613737919,0.642203155220348
0.348207949864671,0.266180952282,0.642049341983221
0.346560806019235,0.265232858110082,0.641871331964067
0.34500813101435,0.264352290386467,0.641670692382635
0.343568204182133,0.263545251671263,0.641448746555879
0.342259099095599,0.262819331214817,0.64120655180818
0.341097538507601,0.262182986416265,0.640944936125297
0.340098026895127,0.261644726421015,0.640664581180539
0.33927240806261,0.261212379256127,0.64036612688515
0.338629864154336,0.260892582892035,0.640050269916472
0.338177255378472,0.260690565558361,0.639717835605206
0.337919632923266,0.260610204306082,0.63936981483705
0.337860748505354,0.260654296450388,0.639007369767561
0.338003417780984,0.260824951908454,0.638631820577563
0.338349651290309,0.261124009827895,0.638244628827622
0.338900530204732,0.26155339130351,0.63784739151356
0.339655865414844,0.262115315008936,0.637441854857796
0.340613732285925,0.262812323468611,0.637029949418068
0.34177001304743,0.263647096830891,0.636613839780761
0.343118094682549,0.264622070237565,0.6361959748159
0.344648851528695,0.265738916556264,0.635779120484511
0.346350984642716,0.266997997624903,0.635366358332866
0.348211702715165,0.268397907821086,0.634961039695158
0.350217636348552,0.269935220534882,0.634566696583652
0.352355810619704,0.271604499744459,0.634186921687265
0.354614484553986,0.273398569950836,0.633825237745617
0.356983705502539,0.275308973235199,0.633484978110766
0.359455504333461,0.277326504759151,0.633169195521765
0.3620237446907,0.279441717308134,0.63288060734088
0.364683709352474,0.281645315519071,0.632621576098785
0.367431544417715,0.283928405432108,0.632394116995737
0.370263687151883,0.286282607939167,0.632199920443242
0.373176384831135,0.28870007411687,0.632040377794119
0.376165381349069,0.291173452337429,0.63191660117496
0.379225814326309,0.293695853171874,0.631829432597821
0.382352332384716,0.296260843363193,0.631779442155374
0.385539410415501,0.298862479860711,0.631766919241907
0.38878180939247,0.301495374106945,0.631791863720458
0.392075097113793,0.304154759776216,0.631853985261052
0.395416121699648,0.306836528064367,0.631952718302497
0.398803319151484,0.309537196621019,0.632087257104813
0.402236750123606,0.312253792505823,0.632256610481527
0.405717805986305,0.314983653575215,0.632459670018103
0.409248596871451,0.317724179473709,0.632695280508501
0.412831116935288,0.320472583031108,0.632962298865164
0.416466346565445,0.323225696885019,0.633259629204655
0.420153471305319,0.325979875907837,0.633586227183393
0.423889363107675,0.328731008524199,0.633941074268225
0.427668394479829,0.331474619190283,0.634323129735476
0.431482569718617,0.334206019851369,0.634731272232388
0.435321889411062,0.336920455521352,0.635164242569894
0.439174831521763,0.339613188876267,0.635620595576376
0.443028834833367,0.342279478995049,0.636098663144674
0.446870697579918,0.344914428210066,0.636596525195328
0.450686842459584,0.347512697480714,0.637111981914179
0.454463438408859,0.350068123836569,0.637642520432853
0.458186403650625,0.352573309854302,0.638185272427727
0.461841340374019,0.355019286606695,0.63873696533011
0.465413466198897,0.357395365000275,0.639293877375158
0.468887607384252,0.359689271389518,0.639851812684848
0.472248300733945,0.361887605322781,0.64040611381862
0.475480016879278,0.363976570353676,0.640951723498654
0.478567476676103,0.365942842565566,0.641483295345293
0.481496000698157,0.367774393037826,0.641995339842186
0.484251822619757,0.369461092906432,0.642482382259961
0.486822314484271,0.370994997662634,0.642939108213235
0.489196105125943,0.372370298968124,0.643360479530151
0.491363108198314,0.373583011912147,0.643741814664973
0.493314498091492,0.374630508655662,0.644078838417082
0.495042680892381,0.375511016032751,0.644367712966522
0.49654129854027,0.376223172755116,0.644605063703345
0.497805291437674,0.37676571117999,0.644788011767191
0.498831023922876,0.377137295306579,0.644914220076988
0.499616458554899,0.377336521220919,0.644981954070128
0.500161349557048,0.377362068044473,0.64499015304071
0.500467408946545,0.377212970468153,0.644938502099347
0.50053839138122,0.376888971658027,0.644827491176167
0.500380041651833,0.376390901721074,0.644658445164118
0.499999859637149,0.375721016575346,0.644433510263968
0.499406664651607,0.374883230577133,0.644155586974585
0.498609981041228,0.373883186320317,0.643828209261344
0.497619311441426,0.372728131105002,0.643455380852749
0.49644340002736,0.371426606209049,0.643041389894526
0.495089602128601,0.369987994299476,0.642590629031007
0.493563462750985,0.36842200055821,0.64210744731825
0.491868568164332,0.366738154910756,0.641596053253375
0.490006681830196,0.364945413002156,0.641060476726339
0.487978127298371,0.36305190774754,0.64050458586589
0.485782344478865,0.361064869539971,0.639932145094326
0.483418529854192,0.358990701459865,0.639346895377481
0.480886273734774,0.35683517230846,0.638752636768839
0.478186122303025,0.354603676874444,0.638153295870553
0.475320013242685,0.352301509217678,0.637552965641468
0.472291554001275,0.349934097635112,0.636955910506188
0.46910612897066,0.34750715742673,0.636366535263002
0.465770834288491,0.345026727494454,0.635789321177863
0.462294250010588,0.342499070268065,0.635228737004163
0.458686070162237,0.339930431375096,0.634689136144919
0.454956626278246,0.337326678547022,0.634174653843286
0.451116359487972,0.334692867715602,0.633689119493793
0.447175316984001,0.332032814442339,0.633235998073667
0.443142763361293,0.329348772222636,0.632818370473168
0.43902699438268,0.326641322175179,0.632438954827764
0.434835413159971,0.323909551088713,0.632100161067823
0.43057487478275,0.321151533033705,0.631804161255167
0.426252239435263,0.318365048745713,0.631552952573465
0.421875017622416,0.31554840550582,0.631348390837528
0.417451968204064,0.312701188332581,0.631192180536256
0.412993527506212,0.309824796111627,0.631085819886577
0.408511996262462,0.306922682715534,0.631030511573854
0.404021468198071,0.304000304610989,0.631027057710153
0.399537528849679,0.301064842802791,0.631075759375331
0.395076776269261,0.298124801144772,0.631176337843183
0.390656219773355,0.295189584084765,0.631327888578668
0.38629260952392,0.292269134425084,0.631528872603036
0.382001749377365,0.289373678009955,0.631777144185108
0.377797853673138,0.286513587327186,0.632070009342473
0.373693022872306,0.283699346068311,0.632404306147127
0.369696922786742,0.280941575332592,0.632776495299195
0.36581674328339,0.278251071721211,0.633182748354104
0.362057474516363,0.275638809617928,0.633619022189598
0.358422474002043,0.273115873744522,0.634081112305441
0.354914224609103,0.270693311456079,0.634564683741073
0.351535130462841,0.268381918508469,0.635065285054886
0.348288188356069,0.266191991678441,0.635578355510101
0.34517741090139,0.26413308949907,0.636099236801636
0.342207947674881,0.262213837496996,0.636623198259996
0.339385922928214,0.26044179962343,0.63714547994296
0.336718062125554,0.258823418732861,0.637661353161995
0.334211202997079,0.257364011731446,0.638166194325525
0.331871785089755,0.256067793907786,0.63865556592572
0.329705394043918,0.254937903463138,0.639125297926696
0.32771641546869,0.253976401672813,0.639571562954702
0.325907832527315,0.253184234542094,0.639990939231455
0.324281185798065,0.252561155962261,0.640380455771663
0.322836701244541,0.252105627890722,0.640737615143405
0.321573580319574,0.25181472771327,0.641060390258086
0.320490431291769,0.251684102578055,0.641347193873606
0.319585803101093,0.251708014072175,0.641596822565422
0.318858763049762,0.25187950836895,0.641808381121958
0.318309440803613,0.252190728559004,0.641981197769811
0.317939451478322,0.252633356831333,0.642114744241589
0.317752115535613,0.253199140868788,0.642208576102391
0.317752417579953,0.253880429790228,0.642262306751015
0.317946688948014,0.254670630003025,0.642275622753617
0.318342052416357,0.255564497573047,0.642248339559358
0.318945715498308,0.256558211004465,0.642180487824208
0.319764231641769,0.257649213302468,0.642072413141778
0.320802848744621,0.258835858378468,0.641924869716327
0.322065046813367,0.26011693925873,0.641739088903018
0.323552309812107,0.261491189194254,0.641516811933662
0.325264135006849,0.262956849868648,0.641260282183665
0.32719821840604,0.264511373341121,0.640972203743576
0.329350744796275,0.266151305004326,0.640655674739278
0.331716678790373,0.267872355778792,0.640314110145878
0.334289986601644,0.269669655679857,0.639951163006934
0.337063715650847,0.271538146314765,0.639570654388899
0.340029916592682,0.273473057606289,0.639176513346524
0.343179409568538,0.275470383625895,0.638772727869684
0.346501457562348,0.277527262956043,0.638363300809369
0.349983433373202,0.279642158822017,0.637952205654156
0.353610600049685,0.281814757010221,0.637543335562472
0.35736611138059,0.28404554552557,0.637140443393597
0.361231300408272,0.286335118019725,0.636747074088713
0.365186247607382,0.288683323839859,0.636366495912736
0.369210539871527,0.29108844556356,0.636001639274713
0.373284074069206,0.293546587808042,0.635655051559064
0.377387750481837,0.296051406171839,0.635328872972292
0.381503944105034,0.298594212757488,0.63502483404208
0.385616713728099,0.301164404636074,0.634744271732579
0.389711780425571,0.303750103173548,0.634488159510956
0.393776355368013,0.30633887771725,0.634257147102936
0.397798913727194,0.308918446647685,0.634051607319181
0.401769001111904,0.311477283849546,0.633871689105409
0.405677131404199,0.314005092205383,0.633717376888163
0.409514799897567,0.316493128383254,0.633588555784259
0.413274600569612,0.31893437390508,0.633485080275412
0.416950406140368,0.321323550943052,0.633406841017821
0.420537548521063,0.323656984515931,0.633353821589078
0.424032929487945,0.32593232158287,0.633326135465242
0.427435000510343,0.328148134065278,0.633324034568335
0.4307435772456,0.330303453965341,0.633347884816716
0.433959493527951,0.332397307495193,0.633398110603245
0.437084141669427,0.33442832176313,0.633475117166806
0.440118976442401,0.336394468549643,0.63357920505086
0.443065069606889,0.338292983749036,0.633710492355798
0.445922787007573,0.340120466742198,0.633868857811724
0.448691627567874,0.341873130516296,0.63405391186644
0.451370224815521,0.343547150474419,0.634264996111882
0.453956478355249,0.345139049427064,0.634501205352861
0.456447762131662,0.346646058538065,0.634761422836955
0.458841149657916,0.348066403611902,0.635044357861999
0.461133601095521,0.349399478786449,0.635348575818995
0.463322068887283,0.350645882244533,0.635672513028766
0.465403494230427,0.35180730031647,0.636014471899093
0.467374684459868,0.35288623853104,0.636372595601399
0.469232081428953,0.353885612709575,0.636744825475092
0.470971454112625,0.354808231569723,0.637128848634297
0.472587574318799,0.355656223825867,0.637522047458084
0.474073958561273,0.356430483931201,0.637921466015827
0.475422772571362,0.35713022481436,0.638323809599573
0.476624984839162,0.357752725227165,0.638725490677155
0.477670811796121,0.358293337257903,0.63912272656183
0.478550422657376,0.358745775977504,0.639511681712539
0.479254788201514,0.359102656503122,0.63988863428128
0.479776499574798,0.359356190258399,0.640250137567096
0.480110380458142,0.359498919221861,0.640593146853094
0.480253771981893,0.359524365776987,0.64091509129188
0.480206462106822,0.35942750424205,0.641213885471279
0.479970322950657,0.359205007358971,0.64148789023646
0.479548780964129,0.358855270797454,0.641735842196698
0.47894626561389,0.358378259048462,0.641956774203942
0.478167766921082,0.357775240245411,0.642149945586823
0.477218594314187,0.35704848552766,0.642314793596698
0.47610438085463,0.356201003425172,0.642450908987082
0.474831325150343,0.355236364562683,0.642558030829864
0.473406612997791,0.354158650027717,0.642636050175391
0.471838914459193,0.352972529009238,0.642685009585395
0.470138818155653,0.351683441009907,0.642705086937413
0.46831905315134,0.350297828112486,0.642696556858775
0.466394375062119,0.348823341978996,0.642659731421047
0.464381062104398,0.347268946493977,0.642594890797831
0.462296067684924,0.345644856606253,0.642502221011368
0.460155978346217,0.343962294661912,0.642381776975053
0.457975988186803,0.342233095772195,0.642233483295707
0.455769096103612,0.340469234142122,0.642057174885155
0.45354566400688,0.338682359252734,0.641852668881373
0.451313373282447,0.336883419858796,0.64161985235585
0.449077523948762,0.33508242294781,0.641358769130622
0.446841563345957,0.333288337018764,0.641069692509714
0.4446077156153,0.331509116538348,0.640753176797353
0.442377599952798,0.329751803956567,0.640410086296767
0.440152757506381,0.32802265968838,0.640041605109275
0.437935041416298,0.326327275274503,0.639649233350199
0.435726851778373,0.324670638448395,0.639234776139746
0.433531215339784,0.323057136130601,0.638800330926706
0.431351721474451,0.321490499379868,0.6383482771713
0.429192332563557,0.319973709999978,0.63788127028222
0.427057094712303,0.318508899264888,0.637402239479944
0.424949784574541,0.317097273083703,0.636914387057078
0.422873539969488,0.315739093609732,0.636421184879527
0.420830532675983,0.314433735666044,0.635926363096792
0.418821745680931,0.313179819762988,0.63543388639328
0.416846908849493,0.311975406081251,0.634947914696571
0.414904623816871,0.310818219724395,0.634472747906423
0.412992673739819,0.309705870165451,0.634012757241747
0.411108474876726,0.308636028623796,0.633572308429039
0.409249596749021,0.3076065361097,0.633155683275558
0.407414265958433,0.306615430272722,0.632767005805829
0.405601779042032,0.305660897803016,0.632410177300438
0.403812776729165,0.304741176878605,0.632088822054572
0.402049363878864,0.303854447335969,0.631806243470731
0.400315083689108,0.302998752996248,0.631565388910839
0.398614763779026,0.302172000889082,0.631368821715614
0.396954245903899,0.301372076197727,0.631218699595707
0.395339998896079,0.300597098065186,0.631116759578766
0.393778608910798,0.299845816575156,0.63106431026303
0.392276154000728,0.299118113213892,0.631062231904996
0.390837505633321,0.298415519950339,0.631110983845922
0.389465650130371,0.297741629065163,0.631210617352638
0.388161167352467,0.297102248155396,0.631360790816614
0.386922014308412,0.296505183629128,0.631560784093141
0.385743715535901,0.295959619515343,0.63180950975357
0.384619960864402,0.295475178161774,0.632105520636885
0.38354348795869,0.295060859556297,0.632447014421035
0.382507035186745,0.29472410270058,0.632831836428078
0.381504135112435,0.29447016967595,0.633257481712292
0.380529582597686,0.294301938646051,0.633721097248943
0.379579521291306,0.29422006137019,0.634219485029974
0.378651198082497,0.294223346465224,0.634749106901093
0.37774250391429,0.294309197246433,0.635306091726351
0.376851443523232,0.294473956514471,0.635886244956293
0.375975666593375,0.294713067993967,0.636485060335385
0.375112164870054,0.295021031660451,0.637097733836182
0.374257202777352,0.295391193943115,0.637719181171815
0.373406509144121,0.295815463083049,0.638344062189331
0.372555713553081,0.29628406936732,0.638966817305293
0.371700964528711,0.296785493172382,0.639581721843277
0.370839624454412,0.297306656048244,0.640182962733906
0.369970909173321,0.297833413347957,0.640764738292231
0.369096340888681,0.298351310379606,0.641321376176435
0.368219916956316,0.29884649176573,0.641847459180892
0.367347958517516,0.299306606880235,0.64233794501063
0.366488673472513,0.299721551103676,0.642788266301673
0.365651525843649,0.300083922973175,0.643194400941077
0.364846531608019,0.3003891451433,0.643552908869765
0.36408359564131,0.300635268340766,0.643860937844654
0.363371973325301,0.300822531596441,0.644116205412867
0.362719898419879,0.300952778011109,0.644316966337013
0.362134378147299,0.301028826493523,0.644461974577087
0.361621128144265,0.30105388098297,0.644550446597427
0.361184603643398,0.301031034472892,0.64458203069612
0.360828081077979,0.300962900343612,0.644556784066067
0.360553749434123,0.300851385494542,0.64447515827496
0.360362781674809,0.300697608157688,0.644337993152258
0.360255370781303,0.300501956650396,0.644146518432194
0.360230731763827,0.300264280089553,0.643902360696251
0.360287081419263,0.299984198594403,0.643607554843702
0.360421620115578,0.299661511122917,0.643264557568051
0.360630546280127,0.299296666235926,0.642876259700074
0.360909134541341,0.298891244542478,0.642445993091597
0.361251902447047,0.298448386121202,0.641977526830169
0.361652873873366,0.297973087820002,0.641475047524477
0.362105924053225,0.297472301800879,0.640943119898808
0.362605164888102,0.296954791924472,0.640386626779477
0.363145308072073,0.296430746940413,0.639810691376145
0.363721936150306,0.295911199217,0.639220588471066
0.364331623579537,0.295407339652753,0.638621653424919
0.364971880038207,0.294929839061884,0.638019198031533
0.365640928720047,0.294488277234096,0.637418440152869
0.366337371502795,0.294090747910127,0.636824450613439
0.367059820781022,0.293743664624651,0.636242117201802
0.367806589632031,0.293451754161069,0.635676122744683
0.368575528086748,0.293218201785141,0.635130932447519
0.369364075923107,0.293044908034327,0.634610784800273
0.370169572630059,0.292932825842967,0.63411967991369
0.370989821769843,0.292882360036175,0.633661358983104
0.371823848700367,0.292893818654821,0.633239269038505
0.372672721822989,0.292967899653609,0.632856509125816
0.373540243989611,0.293106175486758,0.632515758582113
0.37443329170035,0.29331150918078,0.632219195214612
0.375361619013461,0.293588315092229,0.63196841911828
0.376337066691777,0.293942585130914,0.631764402611646
0.377372298498974,0.294381646280796,0.631607484109272
0.378479353458845,0.294913684968971,0.631497412602313
0.379668373071496,0.295547135661892,0.631433433989891
0.380946798886008,0.296290053444274,0.631414398360689
0.382319173251344,0.297149565764961,0.631438864250637
0.383787494086591,0.298131447681774,0.631505182076345
0.3853519437323,0.299239819095636,0.631611549710571
0.387011760446145,0.300476942102055,0.631756042961317
0.388766037403586,0.30184310227657,0.63193662937926
0.390614290349299,0.30333657551943,0.632151175200253
0.392556705598851,0.304953694584128,0.632397453895277
0.394594049078019,0.306689025537101,0.632673162324865
0.396727276539819,0.308535643627561,0.632975947616451
0.398956931530146,0.310485469445258,0.633303444573597
0.401282449204542,0.312529603459716,0.633653319563187
0.403701498614017,0.314658591995465,0.634023312900446
0.406209490997809,0.316862575539806,0.634411269034576
0.408799354637671,0.319131306875718,0.634815143945187
0.411461628818347,0.321454069625283,0.635232983049285
0.41418486692376,0.323819561468351,0.635662870075357
0.41695627479594,0.326215817730108,0.636102855627115
0.419762462118874,0.328630236313118,0.636550880492729
0.422590166131621,0.331049730917335,0.637004710706963
0.425426824006007,0.333461000113531,0.637461898239842
0.428260916446253,0.3358508692528,0.637919774316448
0.431082064995999,0.338206648594724,0.638375474405616
0.433880921357953,0.340516454413589,0.638825987418267
0.436648925518707,0.342769454257772,0.639268218198091
0.439378025572984,0.344956015336997,0.639699052210027
0.44206044794462,0.347067750180207,0.640115413599279
0.444688587639805,0.349097464084539,0.640514311524926
0.447255061096155,0.351039014691642,0.640892873531964
0.449752930845908,0.352887098181196,0.641248368303991
0.452176076111061,0.354636981369882,0.641578222542464
0.45451964745049,0.356284206639014,0.641880037982789
0.456780511455539,0.357824306185693,0.642151614251611
0.458957571745155,0.359252571376967,0.642390981555451
0.461051855056571,0.360563924921482,0.642596444185304
0.463066285661474,0.361752933687948,0.642766631852142
0.465005137341389,0.362813974088311,0.642900552127562
0.466873235545771,0.363741524684134,0.642997634695449
0.468675055069188,0.364530523390048,0.643057757831149
0.470413892666804,0.365176706386806,0.643081250293051
0.472091271948407,0.365676850183061,0.643068866816806
0.473706669569586,0.366028866108221,0.64302174064923
0.47525756472796,0.366231736249418,0.642941320887684
0.476739738404561,0.366285314019957,0.642829303541234
0.478147705455243,0.366190033177875,0.642687563761689
0.479475155007989,0.365946575255914,0.642518093438862
0.480715295354114,0.365555541400946,0.642322944930377
0.481861036987681,0.365017169192803,0.642104179534902
0.482904991584247,0.364331128893089,0.641863818834644
0.483839309579183,0.36349642861688,0.641603798634265
0.484655418859696,0.362511449515314,0.641325927943611
0.485343756322316,0.361374117677739,0.641031858442585
0.48589359543398,0.360082198672939,0.64072307183867
0.486293058049011,0.358633677543616,0.640400892215453
0.486529358511159,0.357027169338553,0.640066527412393
0.486589267937908,0.355262299784093,0.639721137739343
0.486459726300292,0.353340004866104,0.639365923493349
0.486128489514039,0.351262717971194,0.639002216986929
0.485584694004588,0.34903443498635,0.638631562500006
0.484819250282139,0.346660665491921,0.638255769788953
0.483825028087322,0.344148287795178,0.637876933042668
0.48259684805679,0.341505328930918,0.637497415316681
0.481131333876336,0.338740691073653,0.637119806078613
0.47942669730797,0.335863845397613,0.636746864515494
0.477482528338029,0.33288451473871,0.636381462926264
0.475299649548279,0.329812367737278,0.636026542974214
0.47288007385836,0.326656749548843,0.635685093539317
0.47022708203646,0.323426477230589,0.635360153194622
0.467345412444306,0.320129730136645,0.635054833646147
0.464241531446628,0.316774064652985,0.634772353651152
0.460923929670301,0.313366575003592,0.634516066984847
0.457403370480583,0.30991420491552,0.634289464532684
0.453693008035678,0.306424188064236,0.634096131294404
0.449808300183841,0.302904562123738,0.633939645440118
0.44576667121639,0.299364670473731,0.633823418601452
0.441586930110233,0.295815549005314,0.633750492145054
0.437288511271851,0.292270103580526,0.633723318826442
0.432890658326761,0.288743019948914,0.633743567534659
0.428411697033262,0.285250404675308,0.63381198686658
0.423868528650117,0.281809215659874,0.633928350762649
0.419276422860804,0.278436584497744,0.634091490397088
0.414649116914449,0.27514914722418,0.634299397457205
0.409999158349177,0.271962483824077,0.634549370880762
0.40533838122937,0.268890729999852,0.63483817509617
0.400678388146391,0.265946381351662,0.635162182373027
0.396030919575285,0.263140272884179,0.635517482103023
0.391408020504314,0.260481691995098,0.635899952117136
0.386821953590132,0.257978571894879,0.636305298412814
0.382284853709505,0.255637711375051,0.63672907799686
0.377808168742636,0.253464972909242,0.637166723683971
0.37340198318756,0.251465421116426,0.637613589059664
0.369074367777946,0.249643377615231,0.638065026037132
0.36483092558042,0.248002386323478,0.638516497043762
0.360674694707917,0.246545104751692,0.638963710762043
0.356606506220476,0.245273157856449,0.639402758264283
0.352625787517082,0.24418700475419,0.639830220032487
0.348731676255936,0.243285867283546,0.640243217571032
0.344924215268032,0.242567751526758,0.64063939610008
0.341205375137686,0.242029564102365,0.641016843009627
0.337579708036612,0.241667297842803,0.641373963008905
0.334054545646384,0.241476246475299,0.641709339535653
0.330639770330848,0.241451211258809,0.642021610503221
0.327347271410579,0.24158667745897,0.642309377801909
0.324190233966164,0.241876959550141,0.642571157782348
0.32118239838126,0.242316327864054,0.642805369912544
0.318337398072515,0.242899137899778,0.643010353494949
0.315668239835262,0.243619976884553,0.64318440097749
0.31318695886812,0.244473833520665,0.643325796694127
0.310904449070963,0.245456276766596,0.643432854611816
0.308830456852831,0.246563618468838,0.643503951104037
0.306973706434124,0.247793019162674,0.643537554258971
0.305342124355506,0.249142503448754,0.643532250996816
0.303943108951375,0.250610855735308,0.643486777334776
0.302783800962572,0.25219740131093,0.643400052645066
0.30187129048593,0.253901694048102,0.643271222297211
0.301212724587216,0.255723168301187,0.643099706558578
0.300815277070212,0.257660812364801,0.642885256797134
0.300685983938563,0.259712925176722,0.642628014784312
0.300831460670808,0.261876991641613,0.642328572791909
0.30125754678143,0.264149690205712,0.641988029459141
0.301968925276527,0.266527017057925,0.641608037723344
0.302968764883586,0.26900449371945,0.641190840849834
0.304258415974797,0.271577412300058,0.640739294470874
0.305837175396311,0.274241070523788,0.640256873514512
0.307702120542256,0.276990951402046,0.639747663772258
0.309848007244902,0.279822809515808,0.639216337466207
0.312267228297737,0.282732634960317,0.63866811099477
0.314949840494978,0.285716478161876,0.638108681104637
0.317883681279947,0.288770134284412,0.637544134397687
0.321054607275943,0.291888706878478,0.636980825162305
0.324446888071837,0.295066096553676,0.63642521929024
0.328043774411093,0.298294489412558,0.635883707912334
0.33182822610002,0.301563944573611,0.635362403047793
0.335783735728828,0.304862189832478,0.63486693691203
0.33989513060372,0.308174717157564,0.634402293322363
0.344149199441316,0.311485218829395,0.633972699693907
0.348534994784579,0.314776325886808,0.633581598817673
0.353043720041138,0.318030524753111,0.633231701702562
0.35766821137178,0.321231067897185,0.632925101605146
0.362402135096757,0.324362688797599,0.632663413191148
0.367239097639156,0.32741198787349,0.632447896574336
0.372171877271451,0.330367454311264,0.632279535638756
0.377191936176214,0.333219190928828,0.632159059104894
0.382289283777816,0.335958480465271,0.632086913369653
0.38745267274548,0.3385773554487,0.632063211055068
0.392670042311738,0.341068313811827,0.632087684836671
0.397929087553634,0.343424273976968,0.632159672626889
0.403217824127457,0.345638801354029,0.632278149826657
0.408525027523725,0.34770657381948,0.632441810039621
0.413840448962795,0.349623991954238,0.632649180100087
0.419154747291551,0.351389789382718,0.632898741696988
0.424459126438669,0.353005466728144,0.633189023463447
0.429744731994901,0.354475379998225,0.633518628355027
0.435001924694067,0.355806369987622,0.633886173512737
0.440219594532776,0.357006924254925,0.634290142539732
0.445384685302469,0.358085991971667,0.63472867696634
0.450482055284637,0.359051679730631,0.635199354946178
0.4554947162324,0.359910098314042,0.635699012125667
0.460404398746784,0.36066458764405,0.636223649220687
0.465192321267404,0.361315438940915,0.636768447755081
0.469840013073122,0.361860105280149,0.637327889093114
0.474330059095805,0.362293790182624,0.637895951358172
0.478646680169279,0.362610253757066,0.63846634887942
0.482776115520911,0.362802676756893,0.639032779265282
0.486706818290761,0.362864457628778,0.639589150650119
0.49042950134325,0.362789864990175,0.640129771783397
0.493937079423909,0.362574511794926,0.640649497055977
0.497224549165905,0.362215649415251,0.641143825465314
0.500288836112836,0.361712298453101,0.641608956465876
0.503128623770152,0.361065241544145,0.642041807333967
0.505744167706511,0.360276906225801,0.642439997091526
0.508137090042324,0.359351167029423,0.642801802059885
0.510310147565515,0.35829309787801,0.643126088412423
0.512266969365801,0.357108708668646,0.643412227696477
0.514011765894565,0.35580470205898,0.643660001945848
0.515549017992829,0.354388285194095,0.643869505116082
0.516883159651039,0.352867064326176,0.64404104681794
0.518018269698214,0.351249037093093,0.644175062491186
0.518957785346984,0.349542679441442,0.644272031744598
0.519704244865528,0.347757105104752,0.644332404158965
0.520259059825038,0.345902259572992,0.644356530240326
0.520622311549212,0.343989101058201,0.644344594954956
0.520792563177665,0.342029719447737,0.644296552475993
0.520766679235448,0.34003734970782,0.644212063193767
0.520539647933924,0.338026245842094,0.644090436976106
0.520104409364074,0.336011392749211,0.643930590052505
0.519451701294052,0.33400804390138,0.643731025571632
0.518569947515334,0.332031083727117,0.643489850554156
0.517445225739852,0.330094226902177,0.643204843203803
0.516061364762596,0.328209086239475,0.642873584545608
0.514400226327057,0.32638416859355,0.642493665284448
0.512442222224036,0.324623892666683,0.642062971844961
0.510167094859864,0.322927756286007,0.641580043850867
0.507554948209933,0.321289800127983,0.641044479792402
0.504587461053657,0.319698504222729,0.640457351463193
0.501249160294362,0.318137202533232,0.639821576113764
0.497528599089792,0.316585013534917,0.63914219351578
0.493419289505727,0.315018183339913,0.638426506014513
0.488920286762454,0.313411656403784,0.637684061184567
0.484036395608799,0.311740657104026,0.636926481816294
0.478778045183538,0.309982092347016,0.636167168818084
0.473160928131708,0.308115655941406,0.635420912844595
0.467205515956467,0.306124599231357,0.634703450084661
0.4609365445058,0.303996202308737,0.634030989367494
0.454382529084072,0.30172202107799,0.633419727428557
0.447575325870857,0.299297997537335,0.632885360360917
0.440549718067767,0.296724509776166,0.632442595035547
0.433342971212367,0.294006411115192,0.632104665134201
0.425994283437418,0.29115306812198,0.631882863200148
0.418544057526637,0.288178360838123,0.631786111344095
0.411032956549794,0.285100566061297,0.631820606040687
0.403500770711235,0.281942024197283,0.631989580461878
0.395985207121088,0.278728507839857,0.632293224211816
0.388520781406722,0.275488271189126,0.632728781106143
0.381138008108562,0.272250845623844,0.633290814163413
0.373863037765179,0.269045728060876,0.633971593505418
0.366717787642397,0.265901148894822,0.634761540558819
0.359720499367772,0.262843093911633,0.635649658693729
0.35288656993427,0.2598946907014,0.636623896762748
0.346229471865803,0.257075988957256,0.637671418851201
0.339761596379929,0.254404082161075,0.638778782400397
0.333494912433521,0.251893471517113,0.639932046473763
0.327441393783628,0.249556547076846,0.641116843276674
0.321613228420452,0.247404078399291,0.642318443534516
0.31602284811472,0.245445621076391,0.643521843006914
0.310682841966924,0.243689791496897,0.644711883912423
0.305605796343691,0.242144375819605,0.64587342205982
0.300804111119998,0.240816285775106,0.646991536140691
0.296289802191896,0.239711374002265,0.648051778450463
0.292074313731726,0.238834163348213,0.64904045182873
0.288168330815312,0.238187537427557,0.649944902050612
0.284581608506554,0.237772470726508,0.650753800185221
0.281322818582999,0.237587863071368,0.651457392687733
0.278399439078006,0.237630547404858,0.652047689067628
0.275817704085644,0.237895508368084,0.65251856532951
0.273582633207247,0.238376316353891,0.652865769985308
0.271698142412508,0.239065733326144,0.653086837988459
0.270167218791805,0.239956404854786,0.65318093651377
0.268992122997751,0.241041528845163,0.653148680516655
0.268174572754152,0.242315396393226,0.652991959812
0.26771586263758,0.243773734482128,0.65271381132972
0.267616885797433,0.245413831203436,0.652318354302956
0.267878036564589,0.247234473579078,0.651810788837674
0.268498982344701,0.249235759475403,0.651197445734425
0.269478298411935,0.251418852062178,0.650485869390581
0.270812962774101,0.253785730123942,0.649684914776354
0.272497716675942,0.256338959303396,0.648804840061906
0.274524315396069,0.259081478771052,0.647857375127842
0.276880726584396,0.262016374794981,0.646855741596089
0.279550374638011,0.265146604273968,0.645814594324
0.282511566117285,0.268474640744341,0.644749852509316
0.285737240907607,0.272002039514141,0.643678397048173
0.289195157523465,0.275728947498145,0.642617632699114
0.292848532592946,0.279653600619563,0.641584945776621
0.296657042337345,0.283771844953763,0.640597117659704
0.300578006387051,0.288076685889158,0.639669766402641
0.304567563679535,0.292557831160124,0.638816873656139
0.308581725067051,0.297201175488928,0.638050418410198
0.312577310616018,0.301988197702732,0.637380100482253
0.316512882167397,0.306895303040429,0.636813114921324
0.320349812906796,0.311893220371328,0.636353941983001
0.324053584193381,0.316946622586621,0.636004141294492
0.327595296367969,0.322014152743508,0.635762169833282
0.33095327271905,0.327049001271301,0.635623267830408
0.334114562957705,0.332000103278768,0.635579466854572
0.33707613127067,0.336813932761086,0.635619768986535
0.339845535235684,0.341436784668457,0.635730529019139
0.342440949126217,0.345817366186516,0.63589604739274
0.344890442803929,0.349909467619407,0.636099353769163
0.347230495832803,0.353674447468307,0.636323131453908
0.349503809105452,0.357083253993763,0.636550704729787
0.351756575627491,0.360117728465332,0.636766989695119
0.354035472132782,0.36277100975873,0.636959302385744
0.356384705754624,0.365046984511704,0.637117931675871
0.358843462479776,0.366958881412467,0.637236419552057
0.361444040849265,0.368527251668988,0.637311540446858
0.364210826681223,0.369777667980478,0.637343021111374
0.367160108008136,0.370738486772056,0.63733307925204
0.370300589818422,0.371438954494501,0.637285873878557
0.373634380016785,0.371907826188035,0.637206952630352
0.377158194750908,0.372172539879704,0.637102757635294
0.380864562780408,0.372258886741859,0.63698022172477
0.384742872635537,0.372191050868889,0.636846459767898
0.388780177614649,0.371991866101936,0.636708540991348
0.392961734347571,0.371683140703874,0.63657331865618
0.397271292459604,0.371285920791807,0.636447291827727
0.401691176347246,0.370820589932151,0.636336477508615
0.4062022121442,0.370306730051452,0.636246277446972
0.410783561669877,0.369762700542415,0.636181331111964
0.415412537234047,0.369204935056249,0.636145354257378
0.420064487426472,0.368647016689501,0.636140971589374
0.424712857340868,0.368098672202772,0.636169562346451
0.429329522430653,0.367564908151016,0.636231147460876
0.433885456725545,0.36704556015048,0.636324352463733
0.438351716409596,0.366535495559261,0.636446476064366
0.442700614083827,0.366025574391439,0.63659367689255
0.446906868034143,0.365504260490049,0.636761262706433
0.450948483062194,0.364959569251176,0.636944037444696
0.454807179114286,0.3643809374486,0.637136645037792
0.458468308509804,0.363760650569257,0.637333852898502
0.461920333965878,0.36309462654887,0.637530739720437
0.46515402252422,0.362382544365916,0.637722780407144
0.468161523037366,0.361627441739341,0.637905843378445
0.470935454716853,0.360834957810261,0.638076126188703
0.473468076640671,0.360012377871231,0.638230055337636
0.475750566707628,0.359167587149835,0.638364171272798
0.477772429055709,0.358307996788742,0.638475015819381
0.479521069100434,0.357439492593337,0.638559040179829
0.480981605922537,0.356565479436891,0.638612556435063
0.48213700590786,0.355686133865675,0.638631759645983
0.482968595462637,0.35479799986427,0.638612844744916
0.483456939230851,0.353894033532251,0.638552228021169
0.483582976532291,0.352964111128647,0.638446858732845
0.483329236538044,0.3519958914174,0.638294580871758
0.482680940234721,0.35097582657865,0.638094489788686
0.481626850134512,0.349890096583982,0.637847230034783
0.48015981542866,0.34872530559635,0.637555196890353
0.478277037497271,0.347468885508688,0.637222625575172
0.475980121388298,0.346109246249528,0.636855570051301
0.473274984279944,0.344635760743712,0.636461783820393
0.470171679250698,0.343038672905291,0.636050519278264
0.466684178878358,0.341308990721514,0.635632263054516
0.462830155279855,0.339438398308787,0.635218424507351
0.458630788802901,0.337419206807319,0.6348209937105
0.45411062959931,0.335244367349535,0.634452183419071
0.449297518875713,0.33290758340116,0.63412406639491
0.444222547611967,0.330403572673558,0.63384821566884
0.438919993396324,0.327728528091397,0.633635352271478
0.433427139881496,0.324880803431063,0.633495004490359
0.427783861916221,0.321861798641881,0.633435186088875
0.422031868620879,0.318676948081538,0.633462108000702
0.416213548393746,0.315336638291268,0.633579946478916
0.41037045503016,0.311856826785827,0.633790696326299
0.404541595397381,0.308259129387893,0.634094135820485
0.398761790144309,0.304570213016587,0.634487917230801
0.393060432748437,0.300820473941098,0.634967774470297
0.387460930515461,0.297042167018068,0.635527813755339
0.381980967496446,0.293267318381396,0.636160833804199
0.376633522876377,0.289525833620974,0.636858618112663
0.371428384037076,0.285844164671948,0.637612156154017
0.366373784928494,0.282244735726152,0.638411778069493
0.361477811318173,0.278746117143575,0.639247217740102
0.356749322961786,0.275363755916615,0.640107641525906
0.35219829224868,0.272110973226075,0.640981688798128
0.347835594148401,0.268999930573362,0.641857566085543
0.343672373589308,0.266042319923992,0.642723223320528
0.339719163419265,0.263249618006062,0.643566622266419
0.335984941756716,0.26063283738728,0.64437608689659
0.3324763200966,0.258201803310381,0.645140703270157
0.329197041203993,0.255964081867508,0.645850716481874
0.326147944050395,0.253923789268805,0.646497853848248
0.323327484204903,0.252080589570192,0.647075502406528
0.320732807425224,0.250429229655483,0.647578679592885
0.318361209230868,0.248959878552717,0.648003786793466
0.316211701721584,0.247659373360598,0.648348185507449
0.314286293917417,0.246513182840859,0.648609711503245
0.312590679821079,0.245507681994912,0.648786255392237
0.311134151664185,0.244632199812264,0.648875535831209
0.309928817473524,0.243880410887378,0.648875114034609
0.308988352394762,0.243250853290736,0.648782633966873
0.308326605765125,0.242746619785934,0.648596207831551
0.307956334873247,0.242374443487047,0.648314850092756
0.307888234645226,0.242143467442397,0.647938873845936
0.308130313809798,0.24206395918958,0.647470194263336
0.308687579282503,0.242146154852189,0.646912516199215
0.309561944067972,0.242399333287033,0.646271407387455
0.310752266425036,0.242831153988995,0.645554271503046
0.312254446071013,0.243447250475521,0.644770238536972
0.314061534585311,0.24425105122794,0.643929986915885
0.31616384957571,0.245243794150525,0.643045507270592
0.318549107992204,0.246424699280314,0.642129815007151
0.321202607586381,0.247791261491189,0.641196619871498
0.324107484300403,0.249339617785081,0.640259965511894
0.3272450581324,0.251064934661807,0.639333858688754
0.330595255289448,0.25296175544305,0.638431913084091
0.334137069008252,0.255024251937703,0.637567033241471
0.337849003618305,0.257246342354373,0.636751158586744
0.341709443626612,0.259621666691511,0.635995076447773
0.34569690286577,0.262143445109553,0.635308299834248
0.349790134109089,0.264804275133626,0.634698994588783
0.353968109253371,0.267595941405447,0.634173934811882
0.358209906557091,0.270509311294025,0.63373846659468
0.36249455914012,0.273534368049289,0.633396467286302
0.366800925960007,0.276660391005608,0.633150298288553
0.371107643612135,0.279876236756312,0.633000760288096
0.375393206966088,0.283170623218484,0.632947067477674
0.37963621185932,0.286532296010557,0.632986859316979
0.383815776156659,0.289949987344723,0.633116264533359
0.387912136327616,0.293412164180946,0.63333002465145
0.391907392004599,0.2969066746934,0.633621676823861
0.395786335885399,0.300420488795713,0.633983790204804
0.399537260355836,0.30393974419333,0.634408245829271
0.403152584606251,0.307450239345112,0.63488654425284
0.406629117722256,0.310938377865212,0.635410116429896
0.409967790805248,0.314392407585374,0.635970603367545
0.413172773422908,0.317803664040184,0.636560064510345
0.416250032775081,0.321167472558895,0.637171080203081
0.419205561036609,0.324483417885655,0.637796733216432
0.422043624794579,0.327754851478318,0.638430484687433
0.424765417757203,0.330987724676592,0.639065990192948
0.42736839950607,0.334189029549627,0.639696919162356
0.429846411107257,0.337365223840164,0.640316837110221
0.432190449675766,0.340520983440335,0.640919187112986
0.434389833898554,0.343658494084747,0.641497374258314
0.436433441282308,0.34677732698516,0.642044927314636
0.438310735676662,0.349874801319403,0.642555693700156
0.440012395610352,0.352946652341577,0.643024020074008
0.441530459812546,0.355987798673068,0.643444878625318
0.442858004663496,0.35899302009809,0.643813915123995
0.44398845223568,0.361957399424781,0.644127415210524
0.444914680120166,0.364876437757316,0.64438220778134
0.44562816446612,0.367745819403066,0.644575545764405
0.446118421554677,0.370560880721512,0.644705020175669
0.446372993903799,0.373315919831484,0.644768565971875
