-0.667163279291907,0.000606460850419336,0.00529334494523245
-0.998284091115546,0.00173839963421901,0.0156614009091548
-1.32644029982395,0.00373591976049603,0.0341361533825514
-1.6505821278962,0.00684870120524173,0.0624251152541251
-1.96959036784775,0.0113305254027794,0.10170215945731
-2.28226132485773,0.0174252455821074,0.152559776518405
-2.58730197771477,0.0253446593320128,0.215034333973762
-2.88333915289334,0.0352359835777899,0.288711216050461
-3.16894350115389,0.0471361094835506,0.372892599854227
-3.11282189386629,0.0541375812683876,0.41040870521334
-3.04739467849477,0.0610011048835566,0.438067086287858
-2.97306868020577,0.0675752145008469,0.457017585884954
-2.89022084161359,0.0737175085626961,0.468651846995242
-2.7991817126724,0.0792783845225672,0.474465623955756
-2.70022129851468,0.0840811056896263,0.475958412206573
-2.59353774554126,0.087905200241501,0.474536304828401
-2.47926202325996,0.0904818831383757,0.471393829820054
-2.35749598932393,0.0915090453316202,0.467371795127018
-2.22838802575058,0.0906883864619646,0.462812457898263
-2.09222672901461,0.0877790463275963,0.457453021617457
-1.94951753175621,0.0826534625013053,0.450406086071631
-1.80101154512554,0.0753365799338077,0.440263894749108
-1.64767247450593,0.0660124469252162,0.42532887361247
-1.49058988073792,0.0549929765005147,0.403927330655272
-1.33086038600244,0.0426574392756892,0.374726952574298
-1.16946639298354,0.0293814282815978,0.336974857628265
-1.00718285905427,0.0154756353821152,0.290605645698113
-0.84453441743851,0.0011481804347953,0.236219547233788
-0.681805360370472,-0.0135064967573996,0.174970404807217
-0.519089309875338,-0.0284968458019379,0.108417755082299
-0.356354981882119,-0.0439098522330089,0.0383868133195254
-0.193512038376732,-0.0598801769917857,-0.0331392143533584
-0.0304699403941438,-0.0765572083081965,-0.104091089991889
0.132811735918489,-0.094072439272146,-0.17236353303341
0.296285118462064,-0.112508424537215,-0.23586769744744
0.459786257450476,-0.131870484080078,-0.292609471528242
0.623010415046058,-0.152063662068722,-0.340808347521393
0.785486110367433,-0.172880367332031,-0.379058878492524
0.946556366438842,-0.194006211203217,-0.406518906805706
1.10538544353964,-0.215049582398352,-0.423083815917254
1.26100723571183,-0.235592802090907,-0.429483312867226
1.41241452483662,-0.255250687104643,-0.427234545849587
1.55866696132924,-0.273713179381862,-0.418419725729752
1.6989827284074,-0.290751332183466,-0.405321951793137
1.83278462821164,-0.306182623449753,-0.390017076687666
1.95969202002568,-0.319815296490158,-0.374041159321191
2.07947159177882,-0.331404159462233,-0.358216958521239
2.19197038841384,-0.340642705995615,-0.342653146598921
2.29705385534637,-0.347193981503661,-0.326869028369592
2.3945635810305,-0.350741981829179,-0.309972998794157
2.48430068611352,-0.351039798836057,-0.290835162860951
2.56603360232234,-0.347939710234618,-0.268225934782111
2.63952334036112,-0.341403722872905,-0.240924370904677
2.70455545572505,-0.331501306500536,-0.207821036021179
2.76096697675915,-0.318401599566323,-0.168045460810733
2.8086590165477,-0.302363020100409,-0.121135954383541
2.84759144110584,-0.283718378633357,-0.0672406126947411
2.87776360973188,-0.262851713822943,-0.00729983399669198
2.89919183661043,-0.240165563177306,0.0568701874844498
2.91189584760357,-0.216043084125941,0.122671597085203
2.91590154831284,-0.190814735606378,0.18702388032034
2.91125761769533,-0.164739738919725,0.246808692737147
2.8980564024817,-0.138006652289374,0.299329635007557
2.876448178315,-0.110749556137881,0.342648386307659
2.8466447138746,-0.0830697502731956,0.37572079753259
2.80891203068551,-0.0550540425441893,0.398343699168485
2.76355383843504,-0.0267843031245265,0.41098299768804
2.71088703969255,0.00166196837637215,0.414565328447497
2.65121249213335,0.030217267305347,0.410292477103824
2.58478848313473,0.0588321665487606,0.399504346846944
2.51181557763994,0.087482561837495,0.3835886524099
2.43243484389382,0.11617343816955,0.363918912869994
2.346735484411,0.144936731234911,0.341797532835745
2.25476704139783,0.17382106303852,0.318385895160873
2.15655989052179,0.202872470886893,0.294616168040386
2.05216414004905,0.232108270754042,0.271095005159322
1.94170871743826,0.261489706595903,0.248022048381437
1.82546667298323,0.290901391503494,0.225152868883383
1.70389987549726,0.320145166103902,0.201832832862794
1.57766153822749,0.348953030599064,0.177113774643901
1.44755099859928,0.377018425270034,0.149940528752837
1.3144314758236,0.404038579042758,0.119368432501363
1.17913402306574,0.42975626086015,0.0847597005234077
1.04237409479823,0.453989605437653,0.0459141678705954
0.904699916947904,0.47664351774787,0.00311454394630338
0.766480018054568,0.497703167424173,-0.0429049423348047
0.627924359434484,0.517214972110475,-0.0910384544703197
0.489126868372329,0.535262109596604,-0.139904753572799
0.350116664982514,0.551940189607359,-0.187935678396833
0.210908892526481,0.567335857785432,-0.233447002633598
0.0715515290989904,0.581509041487624,-0.274695932615604
-0.0678316378020891,0.594478659175195,-0.309940121331075
-0.207000274334307,0.606212548260689,-0.337518129256426
-0.345559125861738,0.616624548095204,-0.355968941801609
-0.482926429134538,0.625583662080135,-0.364196276402175
-0.618318333841632,0.63294060797945,-0.361661436250625
-0.750760475982116,0.638573624572618,-0.348560310294081
-0.879133296835552,0.642448212511907,-0.32591800423436
-1.00224574019688,0.64467664480364,-0.295536145663602
-1.11891788047361,0.645558148240968,-0.259765776405705
-1.22804533498675,0.645582809852339,-0.221143916871369
-1.32862589449791,0.64539173219222,-0.181991978670137
-1.41974957357357,0.645695269376966,-0.144091401748268
-1.50057772915743,0.647154848773734,-0.108515249508453
-1.5703520838442,0.650233187191541,-0.0756284888730295
-1.62847128450343,0.655022577500057,-0.0452133082786334
-1.67464628720429,0.6610809400231,-0.0166528878600949
-1.70909799844437,0.66733566656121,0.0108840373831499
-1.73270902655428,0.672128990470506,0.0382904708713941
-1.74702528457252,0.673442578146243,0.0664064479584203
-1.75405798235207,0.669254665602344,0.0959282994008641
-1.7559423391601,0.657906088792545,0.127318906343371
-1.75458799830315,0.638346926450127,0.160702915614486
-1.7514446776057,0.610205655126138,0.195753518767791
-1.74742678950157,0.57370746012228,0.231605542889312
-1.74296373315945,0.529511386497896,0.266845754379173
-1.73811405983987,0.47853166436089,0.299620820669815
-1.73269284283254,0.421782778849953,0.32786484161315
-1.72638442170615,0.360264410205859,0.349598734062749
-1.71882943960132,0.294888348294894,0.363220954340462
-1.70968406157486,0.226442338656539,0.367713148149294
-1.69865441781922,0.155582082664954,0.362721802922504
-1.68551212506218,0.0828409408891897,0.348523956209558
-1.67009712457089,0.00864735482354002,0.325916808321425
-1.65231161091998,-0.0666576265353345,0.296077960410569
-1.63210620690804,-0.142806611620337,0.260431350688272
-1.60945921612987,-0.219595986262016,0.220535979584374
-1.58435205479834,-0.296877307370004,0.177999142679354
-1.556747040565,-0.374546637692895,0.134406438922286
-1.52657614491536,-0.452529615526293,0.0912572648407403
-1.49374640561462,-0.530761830868515,0.0498954545775235
-1.45816178330033,-0.609165283550442,0.0114302790055928
-1.4197548696257,-0.687622061549355,-0.0233474708940408
-1.37851928739715,-0.765947297079483,-0.0540384660926638
-1.3345363383638,-0.843866012073723,-0.0806729449028633
-1.28799330004218,-0.921002527666154,-0.103690479216769
-1.23919074963834,-0.996890092314195,-0.123849000620329
-1.18853608676048,-1.0710031958978,-0.14207073114427
-1.13652174003285,-1.1428051412352,-0.159253971597968
-1.08369224836283,-1.21179663777626,-0.176092754174089
-1.03060935400219,-1.27755045677897,-0.192943928029726
-0.977825235576377,-1.3397229261761,-0.209764225760102
-0.925870721997119,-1.39804198295414,-0.226117062652042
-0.875258731757548,-1.45227764379872,-0.241230828251907
-0.826498015118973,-1.5022033889052,-0.254083717431969
-0.780108631144238,-1.5475550851318,-0.263494245342786
-0.736629279568534,-1.58799143434087,-0.268207127159927
-0.696605561164764,-1.62305793588698,-0.266975630953533
-0.660547849769544,-1.65215833484224,-0.258649838096325
-0.628847826157951,-1.67454192672324,-0.242282532362123
-0.601648503562204,-1.68932145944542,-0.21725966374108
-0.578678974240243,-1.69553978238193,-0.183450906204876
-0.559094650137007,-1.69229745253913,-0.141360356217396
-0.541396253616263,-1.67893236241875,-0.0922418293993047
-0.523507786859135,-1.65520752004494,-0.0381314774392459
-0.503046338519257,-1.62143407811293,0.0182516317739359
-0.47772296963788,-1.57846119243952,0.0737676140274725
-0.445736591629068,-1.52751579507693,0.125260425181305
-0.406024517122443,-1.46994501887687,0.170013870151504
-0.358311326200904,-1.40695690923582,0.206122618333559
-0.30298750015652,-1.33944394018407,0.232667735834394
-0.240897176819908,-1.26792500400416,0.249674177734881
-0.173112975966388,-1.19258930909905,0.257917073687792
-0.100747726763567,-1.11339716873306,0.258680228377744
-0.0248219272251467,-1.03019324568036,0.253548009614834
0.0538153374208347,-0.942804647361194,0.244260956291874
0.134522581914842,-0.851115212987752,0.232619240244683
0.21686883220958,-0.755118689916869,0.220393353738149
0.300608013576381,-0.654956246788481,0.209200762058293
0.385625857270082,-0.550940591553036,0.200327184794254
0.471861336601596,-0.443563690220269,0.194505927934065
0.559211584774639,-0.333481887518223,0.191708935741705
0.64743999062826,-0.221473789106835,0.19103249962476
0.736115298815357,-0.108373236248661,0.190757699747047
0.824606834015001,0.00501047962689592,0.188617645452181
0.912143511478057,0.117965996066016,0.182223010831455
0.997918307615586,0.229928475760789,0.169525675409416
1.08120146095111,0.340493824929183,0.149182975755413
1.16142585886242,0.44940141827747,0.12073336892427
1.23822600955688,0.556497381458628,0.0845758168308783
1.31143236194289,0.661693802942369,0.0418112958513786
1.38103544140374,0.764935210532889,-0.0059708204640161
1.44713489903114,0.866177152597859,-0.0568922549531769
1.50988334531282,0.96537622565081,-0.108932920212376
1.56943190918452,1.06248867875577,-0.160018390270938
1.62588444786487,1.15747642012907,-0.208064189582178
1.67926679663114,1.25032029540666,-0.251007796736101
1.72951105707996,1.3410354588497,-0.286863632439332
1.77644488000572,1.42967385952996,-0.313829623249267
1.81977670912502,1.51629478621944,-0.330457136461027
1.85908435620454,1.60089810811947,-0.335871886200456
1.8938316133232,1.68333889504569,-0.330002637910553
1.92343268723943,1.76325819453943,-0.313742278624273
1.9473549870198,1.84006110678337,-0.288950905131543
1.96522114105391,1.91295524716427,-0.258239704045006
1.97686564272232,1.98104086483994,-0.224553336632645
1.98232387807334,2.04342589549739,-0.19066094469268
1.98176585560506,2.09933259057766,-0.158712402881135
1.9754095627874,2.14816904319096,-0.129983682462183
1.96344812149019,2.18955434532747,-0.104846498273729
1.9460076680186,2.22330097195788,-0.0829102357796094
1.92313539622131,2.24936662627095,-0.0632421428551807
1.8948100785988,2.26779046057813,-0.0445804788943824
1.86096982307299,2.2786278071434,-0.0254938075189922
1.82155535903744,2.28189335244951,-0.00448341000586167
1.77656602296064,2.27751626225242,0.0199406868818543
1.72612076637719,2.26530674972471,0.0491633434622706
1.6705129264605,2.24493767625005,0.0843053227308455
1.61024540553209,2.21595319148544,0.125986597795842
1.54603248537682,2.17782111572169,0.174044384458549
1.47875548236125,2.13003613820765,0.227292293938684
1.40936697896234,2.07225827179636,0.283438643125826
1.33875418734692,2.00444642333577,0.339258501668876
1.26759219456413,1.92693935588787,0.391026600206147
1.1962298892513,1.8404537145594,0.43510430768844
1.12464572099013,1.74600215045205,0.468502205928868
1.05248767260609,1.64476265872837,0.489256622363397
0.979182602106136,1.53793828677361,0.496547921137696
0.904078662026686,1.42663809884162,0.490590884214078
0.826578753983464,1.31179665716468,0.472391060572705
0.746232340133691,1.19413704576944,0.443470856554964
0.662771124052639,1.07417359823268,0.405641134374076
0.576092311353251,0.952244865154754,0.360852192256392
0.486204684457987,0.828564797390721,0.311120038727629
0.393156868661271,0.703281307428509,0.258498756624808
0.296967355610283,0.576535901224367,0.205059365698681
0.197573374879425,0.448520487597511,0.152836572677746
0.0948135792766693,0.319528497511069,0.103715975129242
-0.0115442741592996,0.189995231210046,0.0592543425448336
-0.12172699885551,0.0605189428692266,0.0204542665386915
-0.235840656326829,-0.0681475351284128,-0.0124522183934482
-0.353744102114162,-0.195142276069142,-0.0401303758022318
-0.474955053512276,-0.319575408480327,-0.0640991812708972
-0.59863347117097,-0.440630612368556,-0.0864786566378953
-0.723664154542109,-0.557659132465585,-0.10956743617671
-0.848819148171667,-0.670235726700041,-0.135367053352139
-0.972942630881382,-0.778156428826107,-0.165196771341957
-1.09509220280697,-0.881378183533883,-0.199499849042318
-1.21459715772561,-0.979921426249251,-0.237857066101099
-1.33104090923889,-1.07377190090273,-0.279149344299686
-1.44420840325519,-1.16281881198138,-0.321782328859244
-1.55403279423776,-1.24684464809394,-0.363897620880283
-1.66054310991007,-1.32555228881105,-0.403525260440476
-1.76379529326168,-1.39860420860182,-0.438664719051369
-1.86378481114421,-1.46566723704498,-0.467313593392634
-1.96036262383871,-1.52647646304162,-0.48748803468067
-2.05317524874195,-1.58092445394168,-0.497286709722273
-2.14163314495216,-1.629155418999,-0.495038357135302
-2.22490636636667,-1.67162493423905,-0.479545026445305
-2.30195959420962,-1.70908975114796,-0.45039098592002
-2.37164441967591,-1.74251133348358,-0.408234283523851
-2.43284989692904,-1.77288616359311,-0.354957478479643
-2.48467521770239,-1.80104666870311,-0.293561809863741
-2.52656295468856,-1.82749876037876,-0.227770103797912
-2.55833923586741,-1.85235534097767,-0.161428684331805
-2.58014933722018,-1.87538627275103,-0.097894034110018
-2.59232511200221,-1.89615423745522,-0.0395918159023735
-2.59524284142619,-1.91417371485023,0.0121536260923244
-2.58921949735081,-1.92903428131007,0.0570389832471075
-2.57446612933452,-1.94045875293031,0.0955498372795473
-2.5510907129039,-1.94829883374685,0.128690305123359
-2.51913073259751,-1.95248970143151,0.157754282388541
-2.47859636870384,-1.95298777807505,0.184167059883551
-2.42951258073527,-1.94971054670773,0.209382621172958
-2.37195540756803,-1.94249072672251,0.234797506219309
-2.30608221212977,-1.93105383345633,0.261638991479279
-2.2321566883195,-1.91502720906199,0.290801837540934
-2.15056794834928,-1.89398636639312,0.322640316146631
-2.06184024307482,-1.86753703768529,0.356762691285772
-1.96662797570199,-1.8354179924475,0.391908264462
-1.86569103348435,-1.79759473396564,0.425990722311211
-1.75984911048915,-1.75430745024246,0.456349681865786
-1.64992113176789,-1.70604836828356,0.480173219728202
-1.53666246175932,-1.6534712851919,0.49497657299728
-1.42071530609349,-1.5972655323914,0.498994657906529
-1.30258363393032,-1.53803897277647,0.491387295883199
-1.18263487064741,-1.47624374774899,0.47223827458401
-1.0611214070371,-1.41215476141435,0.442402575954822
-0.93820989815144,-1.34589007121037,0.403287161409183
-0.814007375747595,-1.27745420641218,0.356639951776081
-0.688577527298457,-1.20678759269951,0.304389030198441
-0.561946220172477,-1.13381260017308,0.248540586495162
-0.434100104110331,-1.05847345706212,0.191120437352536
-0.304984818695508,-0.980769714335655,0.134131853650035
-0.174511268778445,-0.900784503675979,0.0795008168183551
-0.0425785721688849,-0.818706335759633,0.028985867166602
0.0908803467606935,-0.734841835794603,-0.01595690512359
0.225831248866063,-0.649614860619543,-0.0543433125370402
0.36206009633448,-0.563546615147661,-0.085830149198169
0.499106194924423,-0.477214084788874,-0.110827497821281
0.636235524451254,-0.391190520548244,-0.130491796478982
0.772476533071833,-0.30598081156575,-0.146560011383617
0.906719497832113,-0.221970354015004,-0.16103792774835
1.03785334366104,-0.139404445521078,-0.175817087662734
1.1648956282896,-0.0584039773038608,-0.192329526629227
1.28707623774355,0.0209907514276006,-0.211333731716422
1.40385944728321,0.0987661348593048,-0.232868395523889
1.51491623584171,0.174890423677738,-0.256347624614362
1.62007038473411,0.249290792283534,-0.280733836144708
1.719237770903,0.321855383942125,-0.304721957791179
1.81236767716505,0.392455186876322,-0.32688991923628
1.89939207885124,0.460977210893901,-0.345800333613016
1.98018979742791,0.527361068432846,-0.360064000648948
2.05457219428304,0.591632267138146,-0.368391158859799
2.12228949009481,0.653924103638018,-0.369658744884628
2.18304945569551,0.714477804305599,-0.363012886149062
2.23654093192406,0.773612349435375,-0.34800826406545
2.28246071895097,0.831663631464913,-0.324762585808851
2.32054653015584,0.888905299144497,-0.294080695470925
2.35061784047171,0.945475753219403,-0.257489592568318
2.3726189214884,1.00133905888273,-0.2171353281681
2.38665404534792,1.05629813262221,-0.175532049611313
2.39300491867941,1.11005676630924,-0.135210117161934
2.39212633645302,1.16230397959302,-0.0983552476078871
2.38462168863111,1.21278365479501,-0.0665354126152334
2.37120256713502,1.26132204097115,-0.0405728430778303
2.35263627328698,1.30780863931488,-0.0205600072852064
2.32968480732733,1.35214721954431,-0.00597422840830805
2.30304087395262,1.39420225553613,0.0041672653020005
2.27326789692808,1.43376052694237,0.0111566060919119
2.24075198328449,1.47051596799482,0.0164692500936336
2.20567259638533,1.50407531128984,0.0216607659140539
2.16799575654848,1.53397652710592,0.0282704830769815
2.12749147727808,1.55971271518961,0.0377115960848566
2.0837747540971,1.58075810666925,0.0511327657071003
2.03636694805165,1.5965976454579,0.0692516452078438
1.9847712246349,1.60676436623865,0.0921841418057249
1.92855144219217,1.61088702358954,0.119317493398304
1.86739962533996,1.60874363062375,0.149287045575998
1.80117629951846,1.600308055593,0.180101617681224
1.72991323937813,1.58577231562903,0.209417112757831
1.65377955669083,1.56553176165892,0.234899874440367
1.57302430662774,1.5401330164392,0.254582391873341
1.48791525803349,1.51019845480105,0.267118573617006
1.39869092191603,1.47634827691309,0.271890379293578
1.30553416698255,1.4391390431572,0.268974350270529
1.20856646415781,1.39902906349583,0.259016249947924
1.10785622328199,1.35637168283536,0.2430723990104
1.00343393056422,1.3114312390247,0.222463165556151
0.895309029522418,1.26441367994326,0.198660611241227
0.783487115286335,1.21550382394253,0.1732098549608
0.667989050489799,1.16490211647851,0.147668215235133
0.548875080555609,1.11285458151474,0.12353956869467
0.426275942562461,1.05966987929615,0.102183659234579
0.300429597448836,1.00571815669427,0.0846910315561872
0.17171688618727,0.95140830070743,0.0717325159552455
0.0406845240591749,0.897145025345184,0.0634141183811337
-0.0919579175674182,0.843274114167731,0.0591858110165173
-0.225375886526356,0.790031089205057,0.0578550643824788
-0.3586803572597,0.737511111418029,0.0577343372941818
-0.491015140071034,0.685672688222931,0.0569086149127943
-0.621636567346257,0.634375615031296,0.053562321066651
-0.749963413923663,0.583440221135997,0.046279770365177
-0.87558741228874,0.532708177046901,0.0342449340590785
-0.998249901260994,0.482087401286023,0.0173075690181582
-1.11780003688586,0.431572494762871,-0.00406981214602721
-1.23415104342714,0.381241412290491,-0.0289386583834305
-1.34724585120883,0.331234939355255,-0.0560132321443441
-1.4570365796306,0.281727031895851,-0.0838034865560665
-1.56347681774029,0.23289275674923,-0.110715676784211
-1.66652266427935,0.184878554665487,-0.135125075235652
-1.76613687622637,0.137778066624778,-0.155439291141227
-1.86228945308914,0.091616414599915,-0.170176055712435
-1.95494755235838,0.0463463020350936,-0.178075069771824
-2.04404994753634,0.00185962297214126,-0.178249491236328
-2.12946633157086,-0.0419832828982936,-0.170360110159291
-2.21095112963144,-0.0853090754062526,-0.15476939047223
-2.28810997831409,-0.128181057418756,-0.132613890977296
-2.36039865246457,-0.170559011683775,-0.105736778913766
-2.42716546088894,-0.212285903824755,-0.076457438736205
-2.48772966182082,-0.253109616950302,-0.0472152933512235
-2.541471567433,-0.292733028609211,-0.0201809048161634
-2.58790436919814,-0.330873237864229,0.00305586508772608
-2.62670734855613,-0.367308607369572,0.0216458359496686
-2.65771786775953,-0.401900839993933,0.0354782531250518
-2.68089362238687,-0.434591537896527,0.0450613049256
-2.69626195765996,-0.465381259774915,0.0513518623019233
-2.70386943182094,-0.49430120459036,0.0555890481164794
-2.70373887272098,-0.521385459849287,0.0591576346569661
-2.69583578178574,-0.546648317328981,0.0634789366289563
-2.68004690177253,-0.570069299287874,0.0699090082787831
-2.65617598232343,-0.591588017476436,0.0796199533150447
-2.62396530748097,-0.611111374709572,0.0934500861274267
-2.58314844217044,-0.628534551863573,0.111730304973316
-2.5335317146842,-0.64377419169877,0.134122086966459
-2.47508856992293,-0.656806930387005,0.15952607715037
-2.40803887723845,-0.667701301625095,0.186123765999999
-2.33288168261219,-0.676629509092601,0.21158548979685
-2.25036050918963,-0.683850512785982,0.233419187756124
-2.16136529994857,-0.689667018123607,0.249372681151789
-2.06680094795381,-0.694370299066305,0.257774827654472
-1.96746528463627,-0.698191779592,0.257727274128161
-1.86396990737065,-0.701275482966514,0.249122132059194
-1.75671597923736,-0.703675547360985,0.232523630403448
-1.64591577482712,-0.705373736785424,0.208983280421688
-1.53164020225657,-0.7063076384058,0.179853900707509
-1.41387360481484,-0.706401006986852,0.146642598722493
-1.29256385901531,-0.705590650975714,0.110913950721445
-1.16766385407834,-0.70384736542656,0.0742330175175996
-1.03916553543657,-0.701190052976326,0.0381263003041749
-0.907130100810423,-0.697692869723402,0.00403636464625783
-0.771716120680644,-0.693484702351329,-0.0267492484596747
-0.633204215626312,-0.688740293900522,-0.053202706151879
-0.492012747393854,-0.683663046512128,-0.0746849285999107
-0.34869647147601,-0.678461581508895,-0.0910699031212265
-0.203921347035595,-0.673324943877139,-0.102819572197561
-0.0584149872325826,-0.668403607863267,-0.11096352679606
0.0870984384179049,-0.66380295722478,-0.116959052469415
0.23196207320726,-0.659592206311913,-0.122447624030471
0.375631186757063,-0.655825952252225,-0.1289658209915
0.517688427285989,-0.652571017569525,-0.137688191681062
0.657830698345698,-0.649930432653994,-0.149264783237726
0.795838209591482,-0.648059223905813,-0.163776302359869
0.931539073080407,-0.647170733147404,-0.18078815534198
1.06477952845393,-0.647534924005654,-0.199460221355153
1.19540403235591,-0.649470711651449,-0.218667459330978
1.32324448298345,-0.653333320375381,-0.237100935091006
1.44811472767501,-0.659495769458559,-0.253339542266584
1.56980535302518,-0.668322133059186,-0.265902011597111
1.68807339748061,-0.680129710172906,-0.273302486773703
1.80262234737258,-0.695138784641632,-0.274138532015367
1.91307005588155,-0.713412774657714,-0.267234950522496
2.01890821164962,-0.734798598069525,-0.251846940973595
2.1194657355554,-0.758884480132627,-0.227891168450913
2.2138970193046,-0.784995585741845,-0.196132384753002
2.30121634177653,-0.812240650109566,-0.158229655902924
2.38038628076556,-0.839604001838086,-0.116569591581377
2.45044335048231,-0.866055323141767,-0.0738928451169453
2.51062347112444,-0.890639392080216,-0.0328180436819493
2.5604487496286,-0.912518951125147,0.00458126421917948
2.59975699384578,-0.930969087732038,0.037023813603947
2.62867870756223,-0.94534295913431,0.0640593406170043
2.6475786237272,-0.955034732198911,0.0859503102009829
2.65697875977429,-0.959457827658763,0.103482941651327
2.65747700123268,-0.958044844851452,0.11777939978236
2.64967369702696,-0.950266941981273,0.130144757647278
2.63411493772733,-0.935665598898909,0.141945009738795
2.61125512036432,-0.913887851541743,0.154489953744127
2.58143924216307,-0.884717802523904,0.168892144604505
2.5449086119838,-0.848101393623336,0.185889810804116
2.50183903701572,-0.804165630301418,0.205652732595926
2.45241436541846,-0.753232134047485,0.227624280892529
2.39692102368784,-0.695819149161213,0.250472698911835
2.33582917682339,-0.63262095986981,0.27221143283313
2.26982212728503,-0.564456930835644,0.290495766384397
2.19975397787115,-0.492194558547888,0.3030304514007
2.12654829549045,-0.416664945424901,0.307971294305112
2.05107664979557,-0.338594613053979,0.304206698833806
1.97405946789332,-0.258570310201818,0.291460971907166
1.89601466451944,-0.177038912107615,0.270233511030733
1.81725614624176,-0.0943319021973062,0.241636990623429
1.73792849847047,-0.0106991057028063,0.207207546599914
1.65806037579638,0.0736609482680863,0.168740240360118
1.57762363464008,0.158580044266499,0.128172595615498
1.49659264437317,0.243907678735578,0.0875120182777479
1.4150031859773,0.329500543160822,0.048785096459491
1.33301136614956,0.41520501123247,0.0139787235336724
1.25094934588424,0.500823885066464,-0.0150559346547063
1.16936747579516,0.586062812508018,-0.0367547975845284
1.08904492445645,0.67046032668504,-0.0500440377301834
1.01094775603888,0.753317317416827,-0.0545607422062158
0.936120417089369,0.833652739095194,-0.0508258590595233
0.865516276924627,0.910215234285907,-0.0402906850711247
0.799800195660431,0.981568876473022,-0.0251999184864463
0.739176381158449,1.04624582417674,-0.00827340484170506
0.68329470863106,1.10293158734709,0.00771973430849865
0.631263924081687,1.15063455054876,0.0203772300541285
0.581764179884655,1.18879849596587,0.0279624037498987
0.533222471163982,1.2173386404431,0.0295316103471436
0.48400438901993,1.23660551807963,0.0249006363403667
0.432582825060042,1.24729715469053,0.0145043172236991
0.377660354460422,1.25034644299247,-0.000783270468624926
0.318237535500843,1.24680847431031,-0.0198123286852393
0.253629631788808,1.23776508898592,-0.0412727583960382
0.183439437901786,1.2242549720328,-0.0637550551884464
0.107496615987704,1.20723006456773,-0.0857708414063707
0.0257770484945555,1.18753494733812,-0.105760657727481
-0.0616806965293465,1.16590337797022,-0.122122712880782
-0.15484194303731,1.14296344333368,-0.133294510600742
-0.253705420323148,1.11924155768378,-0.137908127394145
-0.358280144711997,1.09515689214102,-0.135017702822303
-0.468505319955112,1.07100345793626,-0.124365185154715
-0.584127362304902,1.04692559488365,-0.106614251841947
-0.704570660578776,1.02290064571504,-0.0834577985019359
-0.82885573828102,0.998744358764208,-0.0575123794678076
-0.955615993983077,0.974147300934098,-0.0319683839358768
-1.08323252746001,0.94873656286719,-0.0100576340191133
-1.21005481096756,0.922145070224633,0.00551315462521951
-1.33463240953098,0.894068320511871,0.012990171913207
-1.45587940778286,0.864296354695575,0.0117493679586318
-1.57313062943321,0.83272016554587,0.00221967185848967
-1.68609924751833,0.799319094336281,-0.0143587819845715
-1.79477762747691,0.764136933234139,-0.0362228918479283
-1.89932606801188,0.727251842592973,-0.0613300098279081
-1.99997700084308,0.688742363072226,-0.0875174813386033
-2.09696144723101,0.64865119411596,-0.112586973094158
-2.19045092289353,0.606950445812422,-0.134352283280337
-2.28050459128253,0.56351582705631,-0.150700698847259
-2.3670173923618,0.518121203108526,-0.159713148601892
-2.44967616992494,0.470466375447032,-0.159867924495379
-2.52794101335483,0.420246234384699,-0.150315695386054
-2.60107259406696,0.367256494983413,-0.131163662682147
-2.66821687953631,0.311511315520747,-0.103660407507172
-2.72853595468548,0.253329976734056,-0.0701614514081798
-2.78134713196379,0.193348224006224,-0.0338090510441454
-2.8262201622235,0.132434759492559,0.00202546184534408
-2.86299568346323,0.07153694474188,0.0343702610278185
-2.8917255402901,0.0115139382941241,0.0611447952417427
-2.91256935478394,-0.0469834404436353,0.0813755376389766
-2.92569453973835,-0.103557447745438,0.0951260003156038
-2.93121209475795,-0.158041606489232,0.103237433435078
-2.92915597077412,-0.210442295296949,0.107010819901638
-2.91949501772673,-0.260873385897173,0.107932382784523
-2.90216184049849,-0.309501220786414,0.107491531946153
-2.87708706726161,-0.35650396587292,0.107092831539774
-2.84423448027072,-0.402041152006744,0.10803430682002
-2.80363377960424,-0.446226507734111,0.111511975951402
-2.75540576383476,-0.48909872855963,0.118609972119008
-2.69977162532938,-0.530589274899898,0.130243620674225
-2.63704040252068,-0.570493056786535,0.147039259727439
-2.56757466163057,-0.608454768668797,0.169160337591275
-2.49174283997541,-0.643986910939631,0.196122285804808
-2.4098723165221,-0.676530164740526,0.226668331539892
-2.32221930473379,-0.705551430928621,0.25878555384982
-2.22896584770403,-0.730654530593077,0.289907000236439
-2.13024492285836,-0.751666510995471,0.317274924410283
-2.02618303576651,-0.768668710171765,0.338366372314343
-1.91694428873464,-0.781965205436476,0.351252304199393
-1.80276261831314,-0.792007191856181,0.354795345298565
-1.68395549661452,-0.799304282507964,0.348664339068861
-1.56091844092482,-0.804348926547547,0.333210277321873
-1.43410466072417,-0.807566776136446,0.309278550522189
-1.30399711443966,-0.809293825362488,0.278026652702833
-1.17108122159975,-0.809775410695435,0.240791279303956
-1.03582323225377,-0.809180863594651,0.199020038084193
-0.898651192316651,-0.807626266963926,0.154259012219688
-0.75993193483397,-0.805197490208064,0.108172073052916
-0.619940480232967,-0.801966513488653,0.0625600471352759
-0.47882824556989,-0.797998137790685,0.0193456344877374
-0.336604514741296,-0.793347799381882,-0.0195087785346943
-0.193148721687055,-0.78805308192134,-0.0521755587794225
-0.0482678082313045,-0.782121525571448,-0.077232863966302
0.0981980121402966,-0.775516848010016,-0.0939971214437994
0.246237355475875,-0.768147283100694,-0.102828260363933
0.395539514330749,-0.759861787658504,-0.105275918749262
0.545434059657589,-0.750460349271595,-0.103943844472549
0.694942034343483,-0.739720585854301,-0.102040540921886
0.842933359985897,-0.727434940844966,-0.102729178956094
0.988328839136448,-0.71344570698147,-0.108497481952713
1.13026475269508,-0.697665462709505,-0.120755542438838
1.26816923632929,-0.680078921040395,-0.13974601238043
1.4017522440125,-0.660730170832629,-0.164709923614128
1.53094623190721,-0.639702197597358,-0.194177374572075
1.65583613724158,-0.617092199977121,-0.226259584866481
1.7765988883485,-0.592982453333962,-0.25887034724345
1.89345478287734,-0.567406115604097,-0.289860584663213
2.00662525727153,-0.540310513649883,-0.31708997184148
2.11629236680236,-0.511525263808582,-0.33848114568472
2.22255773286296,-0.480746746173991,-0.352106309639917
2.3254005508647,-0.447552814727664,-0.356343473948156
2.42463679297814,-0.41145995499744,-0.350109590297203
2.51988826740456,-0.372026328607878,-0.33313319848544
2.61057665383972,-0.328985705052019,-0.306181315953999
2.6959595796729,-0.282374234004861,-0.271128914914086
2.77521460943867,-0.232597884787475,-0.230783255945957
2.84755439624399,-0.180399992661978,-0.188459313695559
2.91233674154607,-0.126728558219464,-0.147413004732735
2.96913179584155,-0.0725498933999776,-0.110308868804735
3.01772839114681,-0.0186771865606816,-0.0788798357867772
3.05808903574744,0.0343335599580756,-0.053843142453722
3.0902805526415,0.0862059239442541,-0.0350314209312717
3.11440831989532,0.13690262272669,-0.0216377488137337
3.13057178381544,0.186554143652714,-0.0124713884392696
3.13884711115772,0.235383542347408,-0.00615587289544181
3.13929312444305,0.283641895190087,-0.00124493912270719
3.13197118525847,0.331557060597589,0.00373278145044417
3.11696816881214,0.379291478498472,0.0102674804101695
3.09441321420189,0.426903478792754,0.0198576563406707
3.06448248526009,0.474310149243276,0.0339530619627294
3.02739048804796,0.52125658456618,0.0538196250979017
2.98337119399906,0.567303732497574,0.0803185260690943
2.93265687705452,0.611851078943116,0.113629245035891
2.87546484099853,0.654205932604301,0.152991806111237
2.81200217026229,0.693695435745227,0.196577832661592
2.74249105423361,0.729794010830515,0.241594268183221
2.6672057843645,0.762221386027456,0.284656986468028
2.58650226459115,0.790970287000513,0.322359492880987
2.50082283315019,0.816252577974598,0.351864889200972
2.41067240044909,0.838390541483388,0.371334068917495
2.31657662778019,0.857700533546675,0.380083539143518
2.21903839289608,0.874408780334634,0.378487280083297
2.11850299662326,0.88861478988853,0.367724187105746
2.01533337248648,0.900295962677328,0.349491040725346
1.90979088842253,0.90933762240606,0.325765583501787
1.80201657537728,0.915574012968778,0.298650255173788
1.69201145028084,0.918831737743219,0.270281543665421
1.57961887535959,0.918971445592098,0.242763101107595
1.46451837616006,0.915925497362582,0.218074007118091
1.34624508487746,0.909728160793206,0.1979145860317
1.22425097431904,0.900533095409208,0.183480207227285
1.09801615619929,0.888611223563411,0.175195590588091
0.967199648226994,0.874323984699525,0.172489142083925
0.831789868805402,0.858072218654417,0.173716503004892
0.692194772456249,0.84023122098177,0.176325901251975
0.5492193597311,0.821092309856844,0.177279334382799
0.403921697597827,0.800832689027561,0.173629639027326
0.257396868016164,0.77952529948731,0.163072098446779
0.110570743140941,0.757182315202528,0.144299175928299
-0.0359275724624578,0.733813239030687,0.117083119045162
-0.181790985795158,0.709477306310991,0.0821267188319003
-0.32697775579952,0.684317954952502,0.0407906603338048
-0.471614562782772,0.658575760512884,-0.00519228125762297
-0.615897662798902,0.632580663024863,-0.0539456270279423
-0.760013534828935,0.606724982186058,-0.103596139104801
-0.904081942081351,0.581418803258109,-0.152348236777256
-1.04811320837371,0.5570316169721,-0.198510836708687
-1.19197214022815,0.533828583617417,-0.240506350849021
-1.3353484424944,0.5119124122612,-0.276889898354158
-1.47774030647095,0.491182436953951,-0.306399275712901
-1.61845773778787,0.471320885537483,-0.328042005279113
-1.75664761838693,0.451813780830372,-0.341207038861949
-1.89133780681866,0.432008748738622,-0.345771211480311
-2.02149635687539,0.411203419972157,-0.342161932656442
-2.14610089624539,0.388747229824421,-0.331342984602953
-2.26421121590605,0.36413197829241,-0.314710203805726
-2.37503508681519,0.337047731088256,-0.293911683883593
-2.47797389669152,0.307391247414557,-0.270631361129748
-2.57263697532161,0.275230226090864,-0.246385417020729
-2.65882051548117,0.240740255048043,-0.22237350194754
-2.73645990229102,0.204137186590891,-0.199406064602106
-2.80557276076897,0.16562390510852,-0.177904218538722
-2.86621206224202,0.125361153591703,-0.157949823416137
-2.9184380640471,0.0834620263721214,-0.139355973196777
-2.9623064131648,0.040003714512008,-0.121732351452826
-2.99786206513586,-0.00495131292501745,-0.104531583567085
-3.02513088048507,-0.0513308119309629,-0.0870767951999523
-3.0441067742408,-0.0990289551170647,-0.0685828407178981
-3.05473782374803,-0.14788609201215,-0.0481916135820294
-3.05691735443112,-0.197674968077832,-0.0250435753677385
-3.05048635044361,-0.248096694614704,0.00159890503887872
-3.03525511805633,-0.2987896776702,0.0321773421997338
-3.01104955076053,-0.349353144099879,0.0666386999683463
-2.97778037982471,-0.399383272212382,0.104267456104708
-2.93552172631612,-0.448514795377712,0.143619321167769
-2.88457267081225,-0.496456510403403,0.182615687775586
-2.82547314754991,-0.543008902010325,0.218810140545779
-2.75895896746181,-0.588057982298915,0.24977055836795
-2.68586550281953,-0.631549121961058,0.273468792800584
-2.60701123514759,-0.67345242613668,0.288567436044498
-2.52309736103828,-0.713732497967464,0.294541445507566
-2.4346483536131,-0.752331041172945,0.29164018413262
-2.34199732713229,-0.7891640774322,0.280744369647196
-2.24530546620068,-0.824131326890452,0.263185253787756
-2.14459853516715,-0.857133274473418,0.240576506492043
-2.03980675944333,-0.888092565758915,0.214680829762849
-1.93080207903475,-0.916975189663577,0.187308157368266
-1.81743341233474,-0.943808487800042,0.160227044434791
-1.6995662470708,-0.968691418053074,0.135067686329816
-1.57713211768846,-0.991792383184978,0.113201815435944
-1.45018953968296,-1.01333089559172,0.0956005898811432
-1.318988802634,-1.03354226118242,0.0826926973245018
-1.18402363350897,-1.05263027484038,0.0742646634719455
-1.04604729669975,-1.0707195264668,0.0694527871589479
-0.90603591829896,-1.08782318418485,0.0668607739652648
-0.765098651425022,-1.10383960591623,0.0647979670714861
-0.624356700240542,-1.11858141798714,0.0615856735837198
-0.484827800224158,-1.13182784044258,0.0558496555960583
-0.347350266166445,-1.14338269471855,0.0467236795094164
-0.212562627445394,-1.15312073360977,0.0339272349604423
-0.0809329540903963,-1.16101229928646,0.0177267793852369
0.0471826132306213,-1.16712466126744,-0.00117897822570985
0.171475402552124,-1.17160378888325,-0.0218017061499661
0.291631371694633,-1.17464115909971,-0.0429966408192019
0.407298595707838,-1.17642917860532,-0.0635672462580294
0.518076302053654,-1.17710759017158,-0.082339557686991
0.623522421950921,-1.17670460313471,-0.0982163684908502
0.723175521583784,-1.17507967471403,-0.110226580721092
0.816587677258265,-1.17187907804602,-0.117583289297152
0.903365632688448,-1.16651793323148,-0.119756207151522
0.983216927299482,-1.15820027335612,-0.116551943146687
1.05599561577145,-1.14598094134569,-0.108183594016059
1.12174015901719,-1.12886130314589,-0.0953046442999336
1.1806962151045,-1.10589983890005,-0.0789856043385902
1.23332006038389,-1.07631382378683,-0.0606251681447585
1.28026329663584,-1.03955261307158,-0.0418058914024304
1.32234266147184,-0.995333066663707,-0.0241198550011171
1.36049948291019,-0.943639134912812,-0.00899671002000457
1.395751285506,-0.884694661283403,0.00243671088835468
1.4291375232354,-0.818921302894904,0.00944681048342436
1.46166192915043,-0.746891620116706,0.0117288808408912
1.49423643404081,-0.669284443329775,0.0093947468773668
1.5276322844081,-0.586845877364253,0.00292541709430902
1.56244281742529,-0.500356655242447,-0.00689782379293821
1.59906024204308,-0.410605505971818,-0.019074067825361
1.63766644276714,-0.318368166487306,-0.032470246167245
1.67823697904692,-0.22439243402943,-0.0459140473783492
1.72055720245208,-0.129390132829217,-0.0582916788942078
1.76424972088241,-0.0340368725026452,-0.068647314276624
1.80881226693403,0.0610203615064685,-0.0762759966546076
1.85366351981856,0.155149408489827,-0.0807961471842751
1.89819193332151,0.247716561080634,-0.0821846594370338
1.94180025914834,0.338072923047767,-0.0807599947033342
1.98393723534266,0.425549190344739,-0.0771083027076285
2.02410970046028,0.509462944286182,-0.0719626329819382
2.06187343236875,0.589139156796935,-0.0660602875617838
2.09680750527068,0.663940624203806,-0.0600113008716247
2.12848175071944,0.733302046104272,-0.0542075417029779
2.1564285754222,0.796760846269371,-0.048788347882364
2.18012785631294,0.85397948914089,-0.0436612449727475
2.19900887805301,0.904756967930288,-0.0385625554312104
2.21246781905408,0.949029662795079,-0.0331368488219531
2.21989600708863,0.986863401216896,-0.02701602287672
2.22071212812447,1.01843872140259,-0.0198851299732626
2.21439226437685,1.04403122271216,-0.0115292194704004
2.20049329278073,1.06398871105371,-0.00186097678170122
2.17866757238216,1.07870710862098,0.00906804004179193
2.1486687469492,1.0886074244506,0.0210689251899379
2.11034958274639,1.09411614259905,0.0338265625924068
2.06365326289005,1.09565097894282,0.0469181721734553
2.00860014020815,1.093613218548,0.0598378285740703
1.94527274532555,1.08838689925549,0.0720258170768568
1.8738021349881,1.08034389044844,0.0829015186281887
1.79435886006107,1.06985306895347,0.0918981087687952
1.70715012841557,1.0572907182946,0.0984969418657168
1.61242363607064,1.04304937038689,0.102259417399707
1.51047636396896,1.02754243167325,0.102854432961095
1.40166614354043,1.01120318188571,0.100080290094477
1.28642307301465,0.994477593933324,0.0938808129259855
1.16525847534825,0.977811584942457,0.0843562615886043
1.03876958906347,0.961633986945285,0.0717700135886928
0.907638271787566,0.946336683920011,0.0565517225482191
0.772622390237635,0.93225375031105,0.0392967492664803
0.634538567093982,0.919641559987838,0.0207601143019807
0.494235815903684,0.908662379189693,0.00184137869369809
0.352561354554707,0.899374471441065,-0.0164448240375145
0.210322511063009,0.891731485331473,-0.0330186383291891
0.0682521395902775,0.885593093659865,-0.0468099982344083
-0.0730128142791519,0.880746341359686,-0.0568592656732844
-0.212930458187371,0.876934119905975,-0.0624360364490882
-0.351026776357759,0.873884385618128,-0.063158110955654
-0.486847350988231,0.871332958883793,-0.0590827484235844
-0.619903463419836,0.869035155843797,-0.0507385170994676
-0.74963386143358,0.866766157138845,-0.0390736511179128
-0.875400158383689,0.864315116129177,-0.0253173036895027
-0.996521047309103,0.861480276082782,-0.0107776912313403
-1.1123339853964,0.858070463421112,0.00337615434496993
-1.22226161261098,0.853913389653049,0.0162962884356352
-1.32586005113552,0.848866393667416,0.0275627965026023
-1.42283632990734,0.842823294827887,0.0372035818918596
-1.51303550281863,0.835712446785448,0.0456398166898384
-1.59640762179743,0.827484695599826,0.0535830716303021
-1.67296694147743,0.818093419877735,0.0619096891684921
-1.74275270932794,0.807471388323734,0.0715293642147265
-1.80579614681976,0.795510381023195,0.0832559241278866
-1.86209549610395,0.782049811348475,0.0976846202438184
-1.91160086324858,0.766879526888658,0.115083268525902
-1.95421184718447,0.749759174707743,0.135311491477386
-1.98979081596435,0.730451795676325,0.157787391091899
-2.01819167178681,0.708763972972708,0.181518367596539
-2.03929831749237,0.684581200088217,0.205200105010812
-2.05306167485543,0.657887502142384,0.22736871755589
-2.05952326884627,0.628763493121395,0.246574549757626
-2.05881822440306,0.597364657144688,0.261540658803318
-2.05115972884567,0.563888306192295,0.271277157665906
-2.03681500067186,0.528540159728524,0.275139265246432
-2.0160842931379,0.4915090658522,0.272833389698163
-1.98928718061527,0.452952681859613,0.264385218449571
-1.95675049391054,0.412991828496956,0.250085776030067
-1.91879178476788,0.371710399540974,0.230429648616687
-1.87570194602804,0.329160102476215,0.206057023617171
-1.82774004974252,0.285371122160737,0.177707702757754
-1.77514418313395,0.240367253754212,0.146188864849633
-1.71814672301021,0.194181397019968,0.112352331737628
-1.65697869435174,0.146867976057861,0.077074905986275
-1.59186479729267,0.0985124670925893,0.041237246986375
-1.52301853566258,0.0492386016862333,0.00569789755783531
-1.45064314343821,-0.000787915808131303,-0.0287401909305938
-1.37493575526184,-0.0513614553828414,-0.0613717093436784
-1.29609285903532,-0.102245657114541,-0.0916370167308639
-1.21431809378075,-0.15318961229392,-0.11916985079356
-1.12983338411131,-0.203949309155017,-0.143835268924706
-1.04289297817337,-0.254311009507334,-0.165746564406278
-0.953797549501093,-0.304112000249271,-0.185250487976489
-0.862903212439141,-0.353253820909863,-0.202874099702166
-0.770620714473898,-0.401704291424025,-0.219234390361969
-0.677402523738015,-0.449487430563146,-0.234921892393285
-0.583719303672013,-0.496663786170181,-0.250378261176424
-0.490031239685305,-0.543306722569695,-0.265791217502131
-0.396760840030494,-0.589481221205833,-0.28102594585471
-0.304272697579569,-0.635230874533835,-0.295602052528259
-0.21286234521372,-0.680576176037838,-0.308714224813933
-0.122753456582453,-0.725524440106048,-0.319288110047042
-0.0341014653513995,-0.770089391044074,-0.326062821861754
0.0529973920174769,-0.814316859781504,-0.327696299727618
0.138490508276229,-0.858311966023951,-0.322895162188555
0.222344208469102,-0.902262170259556,-0.310571428219688
0.304508006589642,-0.946450036145659,-0.29002068570875
0.384869724029963,-0.991249971484994,-0.261099420745362
0.463209590382417,-1.03710554354381,-0.224358727060456
0.539167061823768,-1.08448816221429,-0.181079592802827
0.612234606339106,-1.13384233643884,-0.133166068345736
0.681785159821434,-1.1855242372431,-0.0828930901358516
0.747126781819603,-1.23973690557247,-0.0325622403179005
0.807567562290815,-1.29646004383724,0.0158393674669072
0.862473763506635,-1.35537225631779,0.0608817058539528
0.911314118733981,-1.41577570405084,0.101782822640806
0.953693461758152,-1.47655378460802,0.138353489621764
0.989379732082601,-1.53620462293617,0.170844384288384
1.01832029817341,-1.59297667181796,0.199758845213305
1.04063729587676,-1.64508628127309,0.2256834575171
1.05659649368397,-1.69094938687954,0.249165948041686
1.06655715189257,-1.72934895516503,0.270646963276561
1.07091900280909,-1.75949491667557,0.290436133551365
1.0700805306124,-1.78098613358457,0.30871562992218
1.06441353145167,-1.79371751594094,0.325554519527542
1.05425090061311,-1.7977780434562,0.340921561129166
1.03988187160055,-1.793368726138,0.354689913249667
1.02155085274619,-1.7807506465039,0.366633076804171
0.999459450117314,-1.76022101000719,0.376416463669135
0.973773816300783,-1.73211041620058,0.383592634295601
0.944639288143043,-1.69679321896821,0.387609344773446
0.912201788560361,-1.65470257815776,0.38783737744572
0.876631134595552,-1.60634025201071,0.383619383682683
0.838138438971483,-1.55227128786854,0.374333633700171
0.796980835761244,-1.49309839322001,0.359460979420033
0.753451664204708,-1.42941912331567,0.33864220845205
0.707862301762414,-1.36178078817717,0.311717750338566
0.660525841257497,-1.29065181530383,0.278748327197877
0.611747891919696,-1.21641651693246,0.24001846029264
0.561820002889891,-1.139380065081,0.19602441678849
0.51100804859115,-1.05976472605079,0.14744987920603
0.459540236500996,-0.977702307127277,0.0951397906917196
0.407605319895397,-0.893243957157099,0.0400835708653154
0.355359591186132,-0.806387286292427,-0.0165913809850405
0.30293245074845,-0.717102899011271,-0.0736224540106776
0.250427426173509,-0.625355266511761,-0.129617772199387
0.197922654086378,-0.531125212122938,-0.183074207738065
0.145474163898765,-0.434438577317793,-0.232420620004222
0.0931245222742991,-0.335400051649633,-0.276100213785238
0.040918933534624,-0.234227310940362,-0.31270078046164
-0.0110702734990145,-0.131277308785314,-0.341128696922276
-0.0627128360112681,-0.0270537309385103,-0.360801510985883
-0.113789499854221,0.077814566122372,-0.371809866755371
-0.163970236838247,0.182628188484198,-0.374984296923678
-0.212811332736424,0.286697205914537,-0.371812338821933
-0.259776035695684,0.389426238938638,-0.364194358257175
-0.304274975675108,0.490378160168134,-0.354088844102328
-0.345715384247589,0.589294796395764,-0.343146097859477
-0.38354714805023,0.686066590849005,-0.332432322350045
-0.417299453679421,0.780658499994658,-0.322302862004776
-0.446609047387507,0.873011286760637,-0.312422999868864
-0.471243355841911,0.962946219535843,-0.301892311316506
-0.491116290607607,1.05010741446666,-0.289419477702896
-0.506286446778676,1.13397314212979,-0.273510763682965
-0.516926672506843,1.21394500129189,-0.252658545304325
-0.523265834808821,1.28948402968683,-0.225531214897508
-0.525520328218688,1.36023207102528,-0.191167029231516
-0.523839075440454,1.42606245905484,-0.149163035433407
-0.518277135749263,1.48704361508962,-0.0998307949781944
-0.50879994641504,1.54334134273513,-0.044272826961763
-0.495312670451102,1.59510526596244,0.0156669891923198
-0.47770650050098,1.64238088364587,0.077597478835017
-0.455910964285818,1.68507148979696,0.138886725020713
-0.429938366087484,1.72295316964059,0.197004169444678
-0.399907984724234,1.75572833741092,0.249810165974736
-0.366045233152557,1.78309426631281,0.29573289278867
-0.32866048059838,1.80480382535504,0.333819216868972
-0.288118216040258,1.82070414373632,0.363685064690907
-0.244807064221386,1.83074881848113,0.385408313079407
-0.199116866714381,1.83498676836733,0.399405033256572
-0.151424109512651,1.83353468019403,0.406317137916443
-0.102083807190224,1.82654113493788,0.406924469437951
-0.0514249931036779,1.81415017655611,0.402081990070602
0.000252468895871179,1.79647156009802,0.392675015732864
0.0526809688705039,1.77356315857119,0.379582246689054
0.105628179330682,1.74542893559789,0.363637282236984
0.158899034147505,1.7120323214099,0.345583084156309
0.212334736980157,1.67332158607292,0.326019589812489
0.265806423004341,1.62926149260103,0.305350822403285
0.31920171524122,1.57986550547769,0.283742794816327
0.372404632091662,1.52522477289132,0.261105514172128
0.425272902036114,1.46553240182586,0.237110324280029
0.477620153156205,1.40110148526572,0.211247619087722
0.52920999892251,1.33236811115945,0.182919906966842
0.579763873568682,1.25986636273303,0.151555599014422
0.628977495902585,1.18416901626763,0.116723343853834
0.676540004292163,1.10581114707362,0.0782288532640992
0.722154966430549,1.02522920969298,0.036181873947972
0.765563705578769,0.942735749389591,-0.00897342814012143
0.806565529805833,0.85852394232087,-0.056465407035409
0.845026359377837,0.772687003267459,-0.105232007501788
0.880873030429816,0.685245101988447,-0.153975573189687
0.914078225466007,0.596180054376691,-0.201224728270568
0.944641764971265,0.505476626132383,-0.245399781916976
0.972571612904779,0.413167146802108,-0.284885854844865
0.997864423230233,0.319374312513546,-0.318122590044468
1.02048486296689,0.22434681229792,-0.343718789519383
1.04034458406125,0.128481460225021,-0.360593047569485
1.05728417263193,0.032325007265769,-0.368127056169311
1.07106434225684,-0.0634500911120595,-0.366300032847002
1.08137279806116,-0.158096132676547,-0.355758355112111
1.08784988613082,-0.250858104845543,-0.33777563981692
1.09013027863678,-0.341041278169809,-0.314083724717257
1.08789068834795,-0.428057464456397,-0.286599332389223
1.08089089180156,-0.511435218751652,-0.257114809905087
1.06899797591507,-0.590792532990689,-0.227038327392977
1.05219150891926,-0.66578358702323,-0.197248414474551
1.03055487188425,-0.736037178336394,-0.168081879859451
1.00426106270467,-0.801102386545005,-0.139429057062272
0.973558767210262,-0.860410949926219,-0.110886312598013
0.938758648150244,-0.913261360127554,-0.0819168599818134
0.90021310280657,-0.958829571431618,-0.0519880590505223
0.858279061837898,-0.996215796519289,-0.0206742743217879
0.813255141552578,-1.02454214904089,0.0122700670534843
0.765294815757382,-1.04311478255404,0.0468563969162747
0.714316570058079,-1.05164664977693,0.0828198284294979
0.659953107546245,-1.05049768724942,0.119593061849198
0.601586539896791,-1.04084093424112,0.156312765963144
0.538487494487496,-1.0246453775825,0.191877294008008
0.470019473938541,-1.00442032015666,0.225059350123647
0.395825564199975,-0.98278187273493,0.254650294110318
0.315922760064977,-0.962001341060638,0.279594489843686
0.230683919387659,-0.943697976732525,0.299078178991526
0.14074267723724,-0.928748395818483,0.312562040717681
0.0468759226164123,-0.917378623821627,0.319769954299756
-0.0500961854984096,-0.909349876308994,0.320655403630337
-0.149377669223358,-0.904154512370048,0.315363080057993
-0.250234245926175,-0.901173333764386,0.304194903487313
-0.352009920735459,-0.899779514712891,0.28758311091969
-0.454131081539441,-0.899394891775575,0.26606967928905
-0.556103750339435,-0.899512326937913,0.240290329709168
-0.657507299046841,-0.899698035279228,0.210961103384099
-0.757986682989317,-0.899585024969165,0.178865351490638
-0.857244645528971,-0.898865238008133,0.144838635348157
-0.955034715300731,-0.897284551133879,0.109748747969095
-1.05115469937656,-0.894641748628102,0.0744683096693498
-1.14543893718401,-0.890790200802116,0.0398386295264877
-1.23774621362891,-0.885639310745901,0.00662587786815249
-1.32794019675263,-0.87915251486829,-0.0245261616987568
-1.41586204870842,-0.871340260769944,-0.0531392927391504
-1.50130017168413,-0.862249148864709,-0.0789307402625067
-1.58396738682701,-0.851950745055813,-0.101820834473065
-1.66349683146729,-0.840533627519359,-0.121912944192984
-1.73946040366038,-0.828099039859014,-0.139445237849485
-1.8114023752467,-0.814757581643613,-0.154719924615697
-1.87887193387643,-0.800623596187499,-0.168021174075266
-1.94144185314671,-0.78580784423555,-0.179536426529015
-1.9987123988083,-0.770413505126288,-0.189295690499969
-2.0503092739352,-0.754541153547828,-0.197139251138563
-2.09588464016752,-0.738304531000021,-0.202717617752536
-2.13511861370855,-0.721852102657935,-0.205521059032937
-2.16771039267748,-0.705386203459435,-0.204932544425083
-2.19335137010982,-0.68917330240821,-0.20029784639271
-2.21168667904371,-0.673543506443236,-0.19100833902104
-2.22228260228211,-0.658879593769172,-0.176592452048127
-2.22461665378501,-0.645594102682258,-0.156808867591674
-2.21809598847954,-0.634089413263788,-0.131729124857227
-2.20210161089211,-0.624695687683727,-0.101792911447421
-2.17605307142833,-0.617586065542711,-0.067819322155359
-2.13949057768605,-0.612677853343449,-0.0309637387971391
-2.09217003440748,-0.609539897379695,0.00737844741189098
-2.03415743372481,-0.607336356352092,0.0457068230137738
-1.96589695317975,-0.604840301605009,0.0825649895448982
-1.88822050087813,-0.600539264737408,0.11667559297621
-1.8022760090303,-0.592826059044786,0.147037771100174
-1.70938001413208,-0.580231298715449,0.172974102073497
-1.61083378733115,-0.561630070388487,0.194127308928327
-1.50776077905909,-0.536362785068194,0.210418459274447
-1.40101191080115,-0.504246643473963,0.22198459659561
-1.29115311133895,-0.465496900526659,0.229113433252487
-1.17851692354927,-0.420601821429131,0.232187278251168
-1.06328486100543,-0.370194987119605,0.23164110180075
-0.945570408209774,-0.314952552714559,0.227933505744444
-0.825485009612448,-0.255524812384716,0.221525857743875
-0.703181599083927,-0.1924992018375,0.21286400876453
-0.578877472685086,-0.126386878040714,0.20235809823404
-0.452861113604327,-0.0576249998831076,0.190358274505875
-0.325487532100408,0.0134112579450498,0.177127005746709
-0.197165845296042,0.0863909872714484,0.162811584137256
-0.0683419883193557,0.161007115447808,0.147422870309381
0.0605210113622589,0.236956103459731,0.130827676846018
0.18896291497437,0.313920893780596,0.112761771643954
0.31654425428857,0.39156024145976,0.0928676203756068
0.442860649904971,0.469506696587422,0.0707558311184083
0.56755225547416,0.547373681636254,0.0460829554434896
0.690307919131402,0.624769812705104,0.0186330285081244
0.810864537910786,0.701316763948363,-0.0116116719538587
0.929002874491225,0.776666448252475,-0.0444226121269709
1.04454146235965,0.850514170452853,-0.0793057105102314
1.15732996428515,0.922606147263313,-0.115509933835336
1.26724281282854,0.992741706621963,-0.152058120022841
1.37417333402287,1.06077175588627,-0.187793130289731
1.47802798490649,1.12659535317117,-0.221434566602765
1.57872003918754,1.19015558514959,-0.251645189469811
1.67616131102669,1.25143419903855,-0.277109524668418
1.77024995966063,1.3104425440724,-0.296627872752707
1.86085230681073,1.36720503416237,-0.309225598226624
1.94777916633247,1.42173277715951,-0.314270160159896
2.0307618977084,1.47398930679231,-0.311578169620375
2.10943740120761,1.52385568332403,-0.301485112804814
2.18335168906329,1.57110611311014,-0.284846988575877
2.25198630224296,1.6154046231851,-0.262952139159728
2.31480345503703,1.65632802715086,-0.23734520620928
2.37129763802628,1.69341129575901,-0.209596151193143
2.42103900471604,1.72620338066503,-0.181070474822461
2.46369756303836,1.75431808160071,-0.152757966735195
2.49904472610906,1.77746747329383,-0.125194940611172
2.52693575458509,1.79547244894876,-0.0984815898544507
2.54728030545244,1.80825213433284,-0.0723690534273763
2.56000847165239,1.81579822698206,-0.0463801192808794
2.56503937123471,1.81814216821088,-0.019932394404911
2.56225887080364,1.81532275891271,0.00755437166785064
2.55151073548126,1.80735927662297,0.0365721685595361
2.532603196929,1.79423279323315,0.0674568078610513
2.50532898716967,1.77587571996165,0.100332764002601
2.46949624066487,1.75217012214956,0.135067932110481
2.42496794818448,1.72295677988477,0.171241068010911
2.37170610781956,1.68805646465364,0.208130313665127
2.30981369158027,1.64730187082537,0.24473370682635
2.23956462632705,1.60057397936558,0.279829561521188
2.1614128739082,1.54783370051448,0.312076004819607
2.07597674564761,1.48914026426922,0.340137495542363
1.98400215512583,1.42465242333149,0.362816691326715
1.88631439807459,1.35461462177148,0.379167044668494
1.78376845695099,1.27933406573715,0.388566380062244
1.6772059855072,1.19915647933609,0.39074280450486
1.56742249551028,1.11444630152986,0.38575659621875
1.45514535682773,1.02557424995234,0.373951005731722
1.34102080532566,0.932911636549214,0.355888296088325
1.2256080851752,0.836829204732469,0.332285592452558
1.10937892576167,0.737697730573471,0.303960006523349
0.99272128871067,0.635888588991567,0.271786786988491
0.875947364495045,0.531774198309107,0.236669695209779
0.759305159848428,0.425728758806533,0.199519568326898
0.64299368483099,0.318130720540247,0.161235943889804
0.527180465723617,0.209367551972154,0.122686472613204
0.412019789503502,0.099842690810484,0.0846802120339323
0.297669335742862,-0.0100167391803605,0.0479332242291505
0.184302669805923,-0.119753887357906,0.0130282343957124
0.0721152064710989,-0.228880834559104,-0.0196261760880723
-0.03867765645624,-0.336884532778608,-0.0498281150377659
-0.14785012570102,-0.443241304241851,-0.0775966094814912
-0.255181529764059,-0.547439082523509,-0.103159131397325
-0.360474586610254,-0.649004428033538,-0.126908942500652
-0.463572525788592,-0.747529471111086,-0.149335723030176
-0.564371253526341,-0.842693381549404,-0.170939632731037
-0.662823460427921,-0.934273351189596,-0.192142842298264
-0.758933195504324,-1.02214246720661,-0.213212512056382
-0.852741826630524,-1.10625548971188,-0.234205600648434
-0.944308394698107,-1.18662665947368,-0.254940514510151
-1.03368843639476,-1.26330518809272,-0.274995765933015
-1.12091408002512,-1.33635226047046,-0.293732854467418
-1.20597655341432,-1.40582092653272,-0.310340291749135
-1.2888114776432,-1.47173868100026,-0.323897257038318
-1.36928788160459,-1.53409244306998,-0.333457013118995
-1.4472032686769,-1.59281680484027,-0.33814978391106
-1.52228806248162,-1.6477878455087,-0.337300568666205
-1.59422209470481,-1.69882540556007,-0.330549125634611
-1.66266300793395,-1.74570597649708,-0.317949519010678
-1.72728263283687,-1.78818606193494,-0.300020248917205
-1.78780287963564,-1.82603230220023,-0.277719228857981
-1.84402141802225,-1.85905122561178,-0.252334002042887
-1.89581969789592,-1.88711035162267,-0.225303111557145
-1.94315154379694,-1.91014423925019,-0.198008556646336
-1.98601791356743,-1.92814463468148,-0.171589536280011
-2.02443709895874,-1.94113860256543,-0.146818388271985
-2.05841987719891,-1.94916211207281,-0.124056462328011
-2.08795620289383,-1.95223642777197,-0.103282720234187
-2.11301461906823,-1.95035189379755,-0.08417154280761
-2.13355283120587,-1.94346122682781,-0.0661924742809257
-2.1495356478398,-1.93148218670025,-0.0487101622075767
-2.16095566006676,-1.91430843490406,-0.0310721245199099
-2.16785234048272,-1.89182758717785,-0.0126804152432122
-2.17032521958153,-1.86394519097684,0.00695170422751744
-2.16853764809434,-1.83061311377147,0.0281556284497938
-2.16270861331334,-1.79185945752243,0.0510746625341925
-2.1530921638198,-1.74781559499578,0.0756438719967759
-2.1399466233944,-1.69873453802516,0.101585502160816
-2.12349866899796,-1.64499481118035,0.128423015851972
-2.10390988082473,-1.58708628419732,0.155514940044228
-2.08125355796366,-1.52557815168982,0.182106512909288
-2.05550810242353,-1.46107434016961,0.207393815233867
-2.02656887754914,-1.39416504234832,0.230592704173661
-1.99427570940271,-1.32538427809256,0.251004144610516
-1.9584491587803,-1.25518130088807,0.268068485897167
-1.91892699986932,-1.18390940268068,0.281403549761976
-1.87559320648686,-1.11183086652528,0.290824511851967
-1.82839471871203,-1.03913337248508,0.296346787618618
-1.77734454037707,-0.965951660268771,0.298175572821818
-1.72251257858403,-0.892388901031048,0.296686692240393
-1.6640073079624,-0.81853410160874,0.292402664753648
-1.60195235101824,-0.744474241914504,0.285965757396802
-1.53646203149355,-0.670301531192648,0.278106892299016
-1.46762005805793,-0.596117241620301,0.269606746895194
-1.39546561158722,-0.522033817461944,0.261244292834186
-1.31999061091374,-0.448176348113351,0.253729203813381
-1.24115148695404,-0.37468383184129,0.247618817182976
-1.15889631402755,-0.301709584611843,0.243227193454304
-1.07320494685222,-0.229419721657579,0.240542210752722
-0.984134986144566,-0.157988601188234,0.239173393046484
-0.891862298488995,-0.0875909321686062,0.23835441417482
-0.796702869916975,-0.0183914185895111,0.237016147002724
-0.699106275123694,0.0494658763478225,0.233928609425139
-0.599619087431826,0.11586576817195,0.227888007508159
-0.498826798850335,0.180725579030829,0.217907979157616
-0.397290533568924,0.243993192587911,0.203371239108792
-0.29549540780488,0.30563997837779,0.184111052395297
-0.193821714225343,0.365649964173144,0.160414868649446
-0.0925411910853135,0.424006959173854,0.132963626810453
0.00816666304963226,0.480681379022114,0.10273143380761
0.108186798929705,0.535618630306597,0.0708698835020572
0.207437828378793,0.588731263278386,0.0385934484902472
0.305844648534385,0.639897015009971,0.00707308205259659
0.403317715434194,0.688963510237285,-0.0226607375827378
0.499738335230857,0.7357577294721,-0.049804692280439
0.594947014566265,0.780097758762539,-0.0738541111576214
0.688735905614218,0.821809569375353,-0.0946496659064655
0.780852314238838,0.860753278252942,-0.112387970254741
0.871015096435334,0.896851743309904,-0.127586326843481
0.958934787888892,0.930104888340499,-0.140998198767629
1.04432977932247,0.960582807629769,-0.153488914080156
1.12693916825492,0.988404237881626,-0.165894930216862
1.20653346717587,1.01370916944922,-0.178896058887416
1.28292171321843,1.0366322837905,-0.192925751155101
1.35595247254248,1.05728150359045,-0.208132293999993
1.42550930557693,1.07572525130549,-0.224389286669644
1.4915031545135,1.09198959866445,-0.241342316927423
1.55386453213733,1.10606407566217,-0.258473755705706
1.61253801007704,1.11791376492176,-0.275168996283411
1.66747918088128,1.12749427954745,-0.29077262160912
1.71865315596236,1.13476692444783,-0.30462940228171
1.76603304163564,1.1397123162796,-0.316110598091422
1.80959711617367,1.14234172370531,-0.324629772881735
1.84932345019403,1.14270554961404,-0.329654227717261
1.88518187431061,1.14089860289817,-0.330718327931624
1.91712410761732,1.13706153370333,-0.327443690573367
1.94507401665072,1.13137769989544,-0.319568532762753
1.96892060223118,1.12406479340571,-0.306984619699895
1.98851663041989,1.11536135991336,-0.289775856119138
2.00368513041618,1.10550964116775,-0.268248703046889
2.01423422201956,1.09473763088651,-0.242942874398151
2.01997835853556,1.08324425360932,-0.214612654483456
2.02076182086584,1.07119140309225,-0.184175056892984
2.01647900472529,1.0587048405367,-0.152629489649243
2.00708681876772,1.04588337859003,-0.120961609508267
1.99260677247534,1.03281322400855,-0.0900482540114934
1.97311711418261,1.0195829460678,-0.060578989019725
1.94873779942672,1.0062949204126,-0.0330037900763331
1.91961188220816,0.993070596177018,-0.00750864799944187
1.8858867531987,0.980048914825941,0.0159850879609033
1.84769770211551,0.96737858610564,0.0378038768399585
1.80515574118535,0.955205569540465,0.0584918222920772
1.75834183376652,0.94365714703126,0.0787666155289466
1.70731014189558,0.93282366890072,0.0994561586420229
1.65210373947991,0.922739289107104,0.121408339335927
1.59278531780961,0.91336352271971,0.145369710099663
1.52948235684423,0.9045665949168,0.171839046767062
1.46244027817107,0.89612258416384,0.200917846564734
1.39206975569346,0.887714386376844,0.232196398773175
1.31896962323707,0.878952726240035,0.264721350171272
1.24390925738069,0.869407647720187,0.297078452387256
1.16776599412366,0.858646505198049,0.327590070815526
1.0914304594248,0.846270079702202,0.354583599199834
1.01570611308562,0.831939477353501,0.376657448512438
0.941230908932898,0.815390481664108,0.39287379512323
0.868438133716558,0.796436605373016,0.402839599272105
0.797557374171073,0.774964864952719,0.406679165088787
0.728644398806944,0.750928816092626,0.404931063764488
0.661624666530837,0.72434216727001,0.398410599481453
0.596337820071866,0.695274315859715,0.388070854468151
0.532576188048838,0.66384746560049,0.374881117283965
0.470115442963965,0.630233885121695,0.359729371262953
0.408738441423912,0.59465135744102,0.343348902162247
0.348254100300825,0.557355233512999,0.326267755774332
0.288512250472075,0.518626138454885,0.308781096489973
0.229414250244294,0.478753739233957,0.290948134150555
0.170918123330061,0.438018173187193,0.272614857147688
0.113036977208417,0.396671745187071,0.253460940481939
0.0558304885082024,0.354923983915937,0.233064866845252
-0.000609334921760518,0.312932466993892,0.210977207265578
-0.0561754424792512,0.270800768512038,0.186790507703494
-0.110762827427143,0.228583291807239,0.160195792767747
-0.164282517906264,0.186295368685055,0.131019774679563
-0.216670648197756,0.143926212107945,0.0992417710246582
-0.267892234489133,0.101452344536214,0.0649935070405846
-0.317940617649533,0.0588493149455513,0.028547056446488
-0.366835205476135,0.0161003473862778,-0.00970345368456974
-0.414619121119357,-0.0268001491088332,-0.049262785166169
-0.461353269460328,-0.0698489481396458,-0.0895556913338023
-0.507104998195651,-0.113039362946513,-0.129944676908318
-0.551938007503885,-0.156367817208191,-0.16974407999935
-0.595905425918824,-0.19984218466025,-0.208233674166204
-0.639042313467355,-0.243490883971317,-0.244674295236664
-0.681356866664629,-0.287370302747035,-0.278328036029499
-0.722821380047027,-0.331568597955049,-0.308485722877632
-0.763365194348459,-0.376204317418932,-0.334503819571216
-0.802871995078303,-0.421418783662654,-0.355850863805045
-0.841183796355654,-0.467362059842892,-0.372160357826746
-0.878113453057236,-0.51417372607284,-0.383283125077778
-0.91346562140805,-0.56196108237533,-0.38932808196159
-0.947063895836187,-0.610778820554001,-0.390678121266276
-0.97877902129317,-0.660614603552868,-0.387968824309651
-1.00855156438371,-0.711384267141374,-0.38202373862464
-1.03640277629613,-0.76293804846505,-0.373750326406084
-1.06243046205278,-0.815076058783254,-0.364012606564533
-1.08679106269791,-0.867567822286878,-0.353504948969904
-1.1096735868835,-0.920168787554125,-0.342652535913817
-1.13127304234933,-0.97262691165193,-0.33155674820986
-1.15177011438871,-1.02467517986174,-0.319991698756624
-1.17132050868475,-1.07601056341625,-0.307446720585005
-1.19005351715562,-1.1262654567892,-0.293203070325525
-1.20807663161152,-1.17498245155813,-0.276432222943672
-1.225482110153,-1.22160511523955,-0.256305675735392
-1.2423524875324,-1.26549513089967,-0.232108748661568
-1.2587636519026,-1.30597837408843,-0.203351153302284
-1.27478530030726,-1.34241265182486,-0.169864381847679
-1.29047892833423,-1.37426150572387,-0.13187171896655
-1.30589301989714,-1.40115527677548,-0.0900140091487585
-1.32105537897632,-1.42292412597647,-0.0453165812341385
-1.33596373127135,-1.43959571277785,0.000907531516870647
-1.35057749396939,-1.45136004890725,0.0472067185996738
-1.3648141917406,-1.45851225477916,0.0921639051954877
-1.37855270766883,-1.46138842834915,0.134555795456237
-1.39164295927156,-1.46030946697305,0.173464249252735
-1.40391893313066,-1.45554272320209,0.208321817750737
-1.41521118421839,-1.44728469912411,0.238893971592129
-1.42535570827323,-1.43566195009486,0.265216464419546
-1.43419810079792,-1.42074421427864,0.287512554432327
-1.44159368815855,-1.40256331533877,0.30611195447735
-1.44740530781352,-1.38113275562578,0.321385414993051
-1.45150057297942,-1.35646491909646,0.333700136176753
-1.45374997479654,-1.32858447684964,0.34339451788513
-1.4540264387683,-1.29753762155337,0.350767000110697
-1.45220645286809,-1.26339740225065,0.356072662329368
-1.44817246001314,-1.22626560809255,0.359521978157779
-1.44181598709181,-1.18627168517796,0.361277905282998
-1.43304102972228,-1.14356929157996,0.361449764161262
-1.42176700998887,-1.09833097914309,0.360084548704257
-1.40793082900563,-1.05074154461089,0.357158217691437
-1.39148752193123,-1.00099094752028,0.352570570672
-1.37240916906973,-0.949267207455971,0.346147401410317
-1.35068204351037,-0.895750090128721,0.337652526298683
-1.32630224874277,-0.840606095682806,0.326810297248382
-1.29927044337493,-0.783985093304244,0.313336856486508
-1.26958664365405,-0.726018778875071,0.296976450613585
-1.23724591367838,-0.666820679553552,0.277538072085007
-1.20223603587055,-0.606487464745783,0.254928085277442
-1.16453781286999,-0.545101081561192,0.229175781986296
-1.12412833325159,-0.482731272279441,0.200450605495848
-1.08098700218398,-0.419438100949948,0.169071273316452
-1.03510312854376,-0.355274113228265,0.13550762119649
-0.986483325738089,-0.290286177935288,0.100375706283184
-0.935156721018221,-0.224517688207025,0.0644256035600801
-0.881178571970234,-0.158013226348993,0.0285200874659132
-0.824635384362919,-0.0908280588279399,-0.00639939394603892
-0.765653100533654,-0.0230424962617168,-0.0393647256816794
-0.704400642269729,0.0452225765701247,-0.0694560050469355
-0.641081338760791,0.113792422420337,-0.0958984661628187
-0.5759140201512,0.182429942628826,-0.11817173192273
-0.509109221043698,0.250835957591574,-0.136112047181311
-0.44084518050695,0.318662358001586,-0.149979788665277
-0.371248961614146,0.385538742015391,-0.160462823961892
-0.300388552452004,0.451107731981265,-0.168596845828414
-0.22828005007235,0.515059924654276,-0.175606917575339
-0.154908560299336,0.577158345513833,-0.182701623544069
-0.080256047058571,0.637245534574998,-0.190869232400013
-0.00432685774266642,0.695232597699496,-0.200724142088284
0.0728369111906823,0.751075117682833,-0.212432314096558
0.151153604608449,0.804743750922649,-0.225717717069873
0.230512587255516,0.856196730770199,-0.239930957998055
0.310793074781648,0.905359243947174,-0.25415340927094
0.391886102845613,0.952112166199135,-0.267313927216905
0.473714688618513,0.996290993855421,-0.278304702013388
0.556247665946998,1.03769484460656,-0.286091501067891
0.639503153802733,1.07610470623587,-0.289817611800214
0.7235385192554,1.11130885315814,-0.288899100999239
0.808425776659186,1.14313151703782,-0.283103320085332
0.894215056873244,1.17145910608698,-0.272596598560367
0.980893232968499,1.19625729732322,-0.257945141223802
1.06834829912441,1.21757365760807,-0.24005860478095
1.1563504046755,1.23552437063267,-0.220078517930403
1.24455622938391,1.25026881989695,-0.199229205936188
1.33253614305698,1.26198023334986,-0.178660409666372
1.41981599957388,1.27082138749972,-0.159312750572925
1.50592145290249,1.27693162398857,-0.141828964144679
1.5904133935303,1.2804261899468,-0.126519473376263
1.67290794940271,1.28140438855047,-0.113376741228237
1.75308014910945,1.27996058177104,-0.102123691984044
1.83065493727685,1.2761927375706,-0.092279027166452
1.90539095674754,1.27020546335168,-0.0832251820965573
1.97706194185809,1.26210723726625,-0.0742704071052462
2.04543894594078,1.25200384108032,-0.0647024452689906
2.1102749033672,1.23999111862107,-0.0538357331844666
2.1712919464881,1.22615008851727,-0.0410561251407403
2.22817215303261,1.21054662119403,-0.0258667093790137
2.28055292460032,1.19323616416007,-0.00793569723577107
2.32802909038326,1.17427223659088,0.0128565861833711
2.37016388967951,1.15371582151007,0.0363787679408297
2.40651004223148,1.13164210918966,0.0622276024899735
2.43663976510406,1.10814163463284,0.0897356620284127
2.46017973938452,1.08331449229674,0.118014305745813
2.47684423780816,1.05725882164357,0.146031923667782
2.48645921763089,1.03005690148301,0.172718772403123
2.48897170568033,1.00176303870586,0.197082330104907
2.48444271783664,0.972396887199045,0.218313941853523
2.47302600713511,0.941944017759787,0.235869675907838
2.45493802133766,0.910363619268568,0.24951538731716
2.43042508094512,0.877601642784973,0.25933430362181
2.39973276884749,0.843607099002494,0.265702177501746
2.36308029848826,0.808349081134175,0.269237767067537
2.32064098060699,0.771832225032755,0.270735218584401
2.27252928652508,0.734108306624403,0.271081653714734
2.21879506301415,0.695281398503826,0.27116056498466
2.15942654068879,0.655504133215035,0.27174208159868
2.0943643699966,0.61496346765866,0.273365985539945
2.02352826798603,0.573856427415825,0.276231842780052
1.94685569611328,0.532359646919808,0.280119630963754
1.86434726432203,0.490599757634208,0.284368301806194
1.77610821564082,0.448633227821878,0.287933368405863
1.6823734219724,0.406442786124077,0.289526126347277
1.58350469657248,0.363952030536067,0.287811106220837
1.47995826756531,0.321053348867091,0.281616906214848
1.37223029843548,0.27763928638927,0.270109854078396
1.26079569927778,0.233626975746623,0.252893853090333
1.14605660067415,0.188969053579966,0.230025906612823
1.02831073059788,0.143649830463787,0.201961723280383
0.907742758653659,0.0976701033246754,0.169459919591379
0.784434647884778,0.051025919534189,0.133473972116355
0.658389114827082,0.00368669751481758,0.0950531555950315
0.5295607975572,-0.0444230077110061,0.055262909287374
0.397891817005258,-0.0934350259766944,0.0151260411978329
0.263349420657557,-0.1435402609547,-0.0244193648813306
0.125964166680564,-0.194980979357617,-0.0625511536894576
-0.0141337651381859,-0.248031747491453,-0.0985881519088713
-0.156683548380345,-0.302969205465377,-0.132010966528414
-0.301272681159957,-0.360032791105845,-0.162477108129739
-0.447330963980265,-0.419381224292295,-0.189826343524746
-0.594143388351064,-0.481052108716626,-0.214071156191202
-0.740882525232231,-0.544933156829027,-0.235368486468483
-0.886656431479092,-0.61075250085119,-0.253972747374197
-1.03056371678849,-0.678091647693063,-0.270175345174145
-1.17174533435438,-0.746419134283095,-0.284240734706863
-1.30942372029585,-0.815137569412345,-0.29635112755872
-1.44292406244928,-0.883633895819557,-0.306570266034158
-1.57167717266296,-0.951322822111458,-0.314831514041869
-1.69520741439439,-1.01767647482929,-0.320949146580689
-1.81311154198545,-1.08223796529156,-0.324646540757959
-1.92503492533306,-1.14462089626991,-0.325592469976721
-2.03065167482608,-1.20450005422602,-0.323437183934048
-2.12965280666176,-1.26159876289517,-0.317842178652882
-2.22174349897932,-1.3156767496133,-0.308500709168029
-2.30664712290767,-1.36651972564289,-0.295149285237942
-2.3841117089987,-1.41392984491176,-0.277573262685942
-2.4539153688063,-1.45771618268324,-0.255611936077208
-2.51586916144622,-1.49768548269236,-0.229169533786328
-2.5698184062642,-1.53363520615778,-0.198237697567489
-2.61564348601453,-1.56535124417369,-0.162931801315929
-2.65326071805762,-1.59261226125298,-0.123538254671665
-2.68262261471905,-1.6152010030284,-0.0805636295954731
-2.70371808555825,-1.63292194646,-0.0347710841826031
-2.7165726025646,-1.64562226792407,0.0128125978354282
-2.72124926804371,-1.65321203367677,0.0609324715021597
-2.71785030158919,-1.65567842617035,0.108186968167451
-2.70651782377732,-1.65309001617371,0.15314599130057
-2.68743152259355,-1.6455892034688,0.194484545230928
-2.66080186130868,-1.63337452504075,0.231106045933974
-2.62685859891081,-1.61667683478473,0.262233293187561
-2.58583657124813,-1.59573446223388,0.287455272301468
-2.5379608926371,-1.57077097166008,0.306729227237813
-2.48343469880987,-1.5419777808276,0.320345396860533
-2.42243107040273,-1.50950165516121,0.328864244759681
-2.35509116320539,-1.47343706243545,0.333034525311455
-2.28153022569567,-1.43382387345076,0.333697712339137
-2.20185285122893,-1.39065195904336,0.331683088967727
-2.11617755663554,-1.34387470429374,0.32769970424771
-2.02466824628096,-1.29343248980336,0.32223619124323
-1.92756601043718,-1.23928404439652,0.315484807878904
-1.82521333201072,-1.18144077538844,0.307308899447616
-1.71806142701209,-1.11999546526045,0.297268913068182
-1.60665558104063,-1.05513667167769,0.284710375822422
-1.49159932467107,-0.987143153261305,0.268900185484152
-1.37350578369884,-0.916358366253583,0.249182295474631
-1.25294857737578,-0.843152217080904,0.225117673276325
-1.13042460885796,-0.767880017740999,0.196579523296111
-1.00633647556054,-0.690848984839582,0.163790193686955
-0.880995638575286,-0.612298424032219,0.127303169666767
-0.754642222789105,-0.532395113186019,0.0879455203126659
-0.627474478968366,-0.451241603760768,0.0467400792909384
-0.499680927256255,-0.368893507407414,0.00482390352222959
-0.371469569227399,-0.285381746172402,-0.0366265560253435
-0.243090783853996,-0.200736800072529,-0.0764593337169199
-0.114851734722835,-0.115012549828814,-0.113600132539936
0.0128783089530769,-0.0283080352970055,-0.147097040501131
0.139671690755359,0.0592147643104387,-0.176158904521182
0.265054080925701,0.147319183489235,-0.20018798013147
0.38852220592469,0.235690299299169,-0.218805536319042
0.509564729250684,0.323941221495289,-0.231867536604487
0.627682856304718,0.411629714203693,-0.239466903818156
0.74240734633688,0.498283790498266,-0.241919455181521
0.853309472565011,0.583432911625168,-0.239732220578576
0.960004731813438,0.666639756512226,-0.233555200421454
1.06214974805214,0.74752703104608,-0.224120373598252
1.15943413201024,0.825794528915611,-0.21217419068671
1.25156994665854,0.901223526686216,-0.198411246210845
1.33828212102029,0.973668288781852,-0.183416721203665
1.41930282576632,1.04303683391938,-0.167623261743887
1.49437212734041,1.10926532549539,-0.151285071832237
1.56324549278493,1.17229186602937,-0.134469272075572
1.62570669506782,1.23203611071424,-0.117063240202401
1.68158274181365,1.28839000345777,-0.0987970577453877
1.73075686477726,1.34122183082647,-0.0792818727324777
1.77317618317853,1.39039097992896,-0.0580667436020243
1.80885282622008,1.43576715084287,-0.034716874788001
1.83785883464128,1.47724656680157,-0.00891336874658966
1.86031613723528,1.51475993189746,0.0194323993045842
1.87638268407902,1.54827040154121,0.0500674294060555
1.8862361995508,1.57776357359671,0.0823174101886318
1.89005753848694,1.60323364180866,0.115072114449482
1.88801698080247,1.62467096087454,0.146860923827241
1.88026657167411,1.64205523165513,0.176019771111405
1.86694003308428,1.65535624225644,0.20091885154682
1.84815903882473,1.66454102027137,0.220195734687989
1.82404262517379,1.66958386837155,0.232935309836817
1.79471607734535,1.67047484715225,0.238758521068374
1.76031680388768,1.6672231106019,0.237814194646124
1.72099610941457,1.65985311025513,0.230695554211044
1.67691803083491,1.64839462181346,0.218315253997747
1.62825805322369,1.63287026100043,0.201770155971628
1.57520440983243,1.61328518337036,0.182216337741571
1.5179632156544,1.58962304030198,0.160763438770418
1.45676502350613,1.56184880469827,0.138389802631438
1.39186914409505,1.52991708509515,0.115877670411957
1.3235634566653,1.49378445615373,0.0937694257854412
1.25215941683009,1.45342436599596,0.0723486250703271
1.17798395179215,1.40884329185325,0.0516505858100552
1.10136981266227,1.3600947844388,0.031504927440665
1.02264602252181,1.30728763872713,0.0116067676992336
0.942129941103899,1.25058559586136,-0.00839370179847066
0.860122730900822,1.19019828147888,-0.0287990666706902
0.776909310970597,1.12636601446563,-0.049787109083121
0.692762806199632,1.05934234899813,-0.0713611497332968
0.607952583575517,0.989378356525998,-0.0933341639165713
0.522754212135799,0.916711315253199,-0.115344221800209
0.437459422362717,0.841558682490467,-0.136892518524068
0.352384502484776,0.764117146455237,-0.157392507037302
0.267875749128705,0.684565789175316,-0.176219277550427
0.184310955120523,0.60307286061017,-0.192751214071007
0.102095980715819,0.519806461462035,-0.206399670155507
0.0216555977823378,0.434950447816792,-0.216625961401285
-0.0565818964135666,0.348726602482001,-0.222947792618386
-0.132205545503465,0.261421937297519,-0.224939332006275
-0.204845011477647,0.173415110044053,-0.222230512755981
-0.274190465992135,0.0851903503553222,-0.214511664095549
-0.340002284651785,-0.00267379775290564,-0.201548963460981
-0.402106635504081,-0.0895456414975336,-0.183214044964881
-0.460379113603104,-0.174801449108376,-0.159527406400375
-0.514723473337954,-0.257885731965333,-0.130710443233617
-0.565052576030009,-0.33835173405464,-0.097235701865557
-0.611274990801442,-0.415874698288172,-0.059860430199294
-0.65328749812107,-0.490241541217386,-0.0196268864580671
-0.690973294891545,-0.561325269789115,0.02218329462148
-0.724206431125427,-0.629052328852845,0.0641431292601901
-0.752862732481787,-0.693369887143177,0.104810989948348
-0.776835539941444,-0.75421918984596,0.142873992750067
-0.796052411530062,-0.811519738984388,0.177275621823774
-0.8104882575232,-0.865166582123034,0.207304665235683
-0.820171526076115,-0.915039718915666,0.232634616899537
-0.825182621552238,-0.96102218342278,0.253314951886851
-0.825645892748538,-1.00302201364845,0.269722731145886
-0.821717874929242,-1.04099332507921,0.28248374692972
-0.813574679565898,-1.07495211922136,0.292369533939931
-0.801401237828821,-1.10498321179431,0.300174514105268
-0.785384503847092,-1.13123549570018,0.306579684219959
-0.765712168076111,-1.15390471390533,0.312016594237422
-0.742577062280003,-1.17320552684452,0.316554974098065
-0.716185789528721,-1.18933824398702,0.319843669778817
-0.686768113072705,-1.20245814137072,0.321130698141215
-0.654582554496013,-1.21265550483888,0.319371095638251
-0.619914422275786,-1.21995158734062,0.313405020419549
-0.583065001051025,-1.22431012396953,0.30216459384221
-0.544334221128536,-1.22565915236034,0.28485881593114
-0.504001626734672,-1.2239153793115,0.261096102501605
-0.462311234890542,-1.21900503792368,0.230927693336717
-0.419464226620072,-1.21087846084652,0.194819699667766
-0.375620347691594,-1.19951793085997,0.153576817276841
-0.33090627779549,-1.18493889923238,0.10824415610719
-0.285427638054443,-1.16718453851115,0.060008638380153
-0.239282714812013,-1.14631556253769,0.0101136506565451
-0.192576973496807,-1.12240113718027,-0.0402072513881059
-0.145436826544509,-1.09551385269063,-0.0897785280643026
-0.0980202087853989,-1.06572622328094,-0.137517024266732
-0.0505225683341744,-1.03310677535,-0.182456686736027
-0.00317816397001864,-0.997716446556823,-0.223766484057316
0.0437430686388458,-0.959607323353689,-0.260763380960263
0.0899424689969002,-0.918824688029108,-0.292921154908266
0.135102277435134,-0.875413111987031,-0.31987533077332
0.178896296831833,-0.829426165151043,-0.341424200398908
0.220999716413998,-0.780938915607366,-0.357525825719157
0.261096490731137,-0.730061551503593,-0.368290543660217
0.298883345064357,-0.676951734289089,-0.373967741336276
0.334070317831786,-0.621822897004761,-0.374924923066067
0.366378573996849,-0.564946264284449,-0.371617249089085
0.395536601101115,-0.506645230228605,-0.364547035651074
0.42127607499847,-0.447282624643686,-0.354215386016569
0.443328555595291,-0.387243020932413,-0.341070752332475
0.461424135744131,-0.326913444264677,-0.325460662113939
0.475293078480282,-0.266665767137511,-0.307592111162073
0.484671498959595,-0.206843141938065,-0.287504016189027
0.489311923105796,-0.147751290780744,-0.265053133995566
0.488998931873017,-0.0896542087531713,-0.239914794540269
0.483569187181494,-0.0327734921456023,-0.211602428859593
0.472933732842425,0.0227089816196124,-0.179513949911144
0.457098981026545,0.0766441678417684,-0.143015864852113
0.436181566057976,0.128903053315101,-0.101573617581139
0.41041179343815,0.17935663645507,-0.0549255056174539
0.380121732939527,0.227849649740088,-0.00327675458540127
0.345717830410607,0.274172649857686,0.0525352884622399
0.307644197110916,0.318040320003651,0.110971864414742
0.266348762172465,0.359084439529121,0.169879404723589
0.222265044848648,0.396867485689059,0.226748727612082
0.175813588122093,0.430918467213633,0.279094520095921
0.127413448627643,0.460786965192619,0.324844488735984
0.0774872985263762,0.486104332194736,0.362619787608007
0.0264504429778827,0.506635533538683,0.39183867584576
-0.025312670553736,0.522306768284273,0.412649577083893
-0.0774732634272323,0.533203692854628,0.425752847191029
-0.129774987034194,0.539545986653048,0.432182614255917
-0.182039153281727,0.541649386108609,0.433101681573163
-0.234159210837931,0.539885200515556,0.429635365354257
-0.286086509533412,0.534643426223428,0.422749825213473
-0.337809196664464,0.526302129026936,0.41317130567699
-0.389326203780527,0.515204238818582,0.401342276390523
-0.440619301159788,0.5016425430924,0.387413367089101
-0.491627631470057,0.485853480969444,0.371271679709061
-0.542229856904571,0.468019530128288,0.352603949251569
-0.592238220483342,0.448278684084335,0.330987418213699
-0.64140614387539,0.426738133556908,0.305994540971286
-0.689447185972217,0.403488502987701,0.277293217739954
-0.736059887908743,0.378615425915401,0.244724899410317
-0.780951442920922,0.352206566328708,0.208348724544067
-0.823854034552776,0.324354000296519,0.168448795848328
-0.864530991145469,0.295153584706083,0.125510458514489
-0.902774839198332,0.264704055931652,0.0801770554156349
-0.938405408681238,0.233108987369591,0.0331997306453538
-0.971276069503996,0.200482197394506,-0.0146111937360316
-1.001282209017,0.166952066542542,-0.0624301611686898
-1.02834777231548,0.132658908937918,-0.109452824285791
-1.0523908187607,0.0977497996822171,-0.15491866421575
-1.07330545753522,0.0623792732685777,-0.198120121458682
-1.09097132795323,0.0267136757972751,-0.238405742216205
-1.1052639614205,-0.00906748371485143,-0.275180379768655
-1.1160528315864,-0.0447734084680533,-0.307901883170471
-1.12319194307314,-0.0802050805529076,-0.336075858076055
-1.12650997246524,-0.115158740380919,-0.359252105662157
-1.12580213130241,-0.149430033971757,-0.377026197222939
-1.12082408185619,-0.182819145123128,-0.389048997580983
-1.11128719165426,-0.215136785556188,-0.395045684326207
-1.09685565833216,-0.24621034902822,-0.394844368044742
-1.07714734886405,-0.275888845466055,-0.388412091499347
-1.05174200300615,-0.30404437464846,-0.37589293609367
-1.02020247990808,-0.330566866616032,-0.357639680387276
-0.982116260146603,-0.35534785256005,-0.334228008357714
-0.937164494587762,-0.378249345054992,-0.3064424279807
-0.885221057182989,-0.399057702193233,-0.275227184518806
-0.826469187253588,-0.417431705906794,-0.241603578950617
-0.761498099312824,-0.432867767053584,-0.206565389108953
-0.691318788537937,-0.444713226321715,-0.170972045867423
-0.617247475812796,-0.452246221650464,-0.135460558802096
-0.540666141170681,-0.454804338661204,-0.100391031534259
-0.462750545943316,-0.451909119863741,-0.0658320397495913
-0.384284627110335,-0.443333608603349,-0.0315876466603823
-0.305625182118332,-0.429097108125676,0.00273214342436554
-0.226795058951617,-0.40941047155694,0.037597123231556
-0.14763661502031,-0.384607561670156,0.0734065191376581
-0.0679637549526945,-0.355086841559121,0.110324349594698
0.0123209450687389,-0.321270331105242,0.148136965568666
0.0931558168208726,-0.283577548411596,0.186176396149547
0.174298389632336,-0.242410071120132,0.223344776465098
0.255349032152059,-0.198143643844371,0.258248220934063
0.335809464460644,-0.151125885085711,0.289410839125167
0.415157701329229,-0.10167768419913,0.315509135556552
0.49291759416341,-0.0500962780893072,0.335561167476964
0.568705804715095,0.00334151920647954,0.349026661746532
0.642249561364051,0.0583765234978944,0.355810111903854
0.713379080272171,0.11476467620791,0.356189337943267
0.782004419732578,0.172274504662149,0.35070558925913
0.848086974871775,0.230684433191502,0.340048606682224
0.911612786299327,0.289780047372004,0.324958684175569
0.972571265272237,0.349351482753691,0.306155544663602
1.03094025203634,0.409191084965448,0.28429483106036
1.08667702819424,0.469091492662369,0.259948117679033
1.1397145751663,0.528844367346297,0.233600583790576
1.18996236123815,0.588240042745706,0.205660497057158
1.237310878898,0.647068302309116,0.176475429757011
1.28163872403227,0.705120182840546,0.14635107743902
1.32282026631218,0.762190130543892,0.115569489211833
1.360731497009,0.818077296831377,0.0844045008878706
1.3952520058498,0.872584652210867,0.0531331737374941
1.42626271045544,0.925515363340557,0.022042972226959
1.45364206820476,0.976667830209994,-0.00856488561341272
1.47726745069504,1.02583375698111,-0.0383754306426621
1.49702478229661,1.07280209213614,-0.0670631237984195
1.51282176089518,1.11736664862873,-0.0942981000290101
1.52459203203737,1.15932879141932,-0.119754349751549
1.53228343227884,1.19848909648342,-0.143117830875039
1.53584319450873,1.2346361712382,-0.164093554364533
1.5352173230977,1.26754562398186,-0.18241234045652
1.53036304496197,1.29699003557868,-0.197837701799585
1.52125828350783,1.32274802539118,-0.210171521835493
1.50789918491604,1.34460445710404,-0.219257219348049
1.49029233152039,1.36234620707468,-0.224980874568022
1.46845040796002,1.37576070296062,-0.22727157217992
1.44239364728764,1.38463973632829,-0.226101634629655
1.41215301421394,1.38878540532447,-0.221486518648828
1.3777714896263,1.38801488352089,-0.213484146326597
1.33930253151355,1.38216286377907,-0.202193878486661
1.2968072570178,1.37108286995104,-0.187755728429055
1.25035150607374,1.35464843362795,-0.170350298916579
1.2000037948545,1.33275512322204,-0.150199725974382
1.14583369381964,1.30532293255352,-0.127569485723358
1.0879103742562,1.27229863968861,-0.102770704395813
1.02630105942298,1.23365759368714,-0.0761623519587307
0.961069471663478,1.18940458413201,-0.0481525039009341
0.892274915028272,1.13957384777726,-0.0191977184857264
0.819972749754746,1.08422811961555,0.0102004807075644
0.744217365914541,1.02345667795978,0.0395028771798761
0.665069129095778,0.957372409390254,0.0681441085348899
0.582607101489911,0.886108199821674,0.0955485164078465
0.496949413087069,0.809813626733849,0.121149782835282
0.408282302713732,0.728653764902403,0.144413319059369
0.316896359222487,0.64281245943563,0.164859862253171
0.223224245719341,0.552502157377133,0.182088191409965
0.127869049062933,0.457980428023499,0.195794279539571
0.0316093083433007,0.359569893997698,0.205783855934842
-0.064630698754034,0.257674705876171,0.21197579255297
-0.159847032008684,0.152785272916517,0.21439527492884
-0.253046101964539,0.0454660332605752,0.213158238794794
-0.343335566649944,-0.063672515861618,0.208450819284189
-0.4299924966662,-0.174009809574877,0.200508521249024
-0.512494996578606,-0.28494908371539,0.189598849857108
-0.590517443559324,-0.395941341711044,0.176009144188272
-0.663899905276577,-0.506496630261315,0.160039288666578
-0.732605882183446,-0.616184310467672,0.141997894858082
-0.796679953586611,-0.724626097018221,0.122200251455282
-0.856212104375452,-0.831485627860613,0.10096676325637
-0.911311102489225,-0.936457272934483,0.0786211673815964
-0.962086446818486,-1.03925565920946,0.0554882675831088
-1.00863745807446,-1.13960679875878,0.0318912406732632
-1.0510479245027,-1.23724134837326,0.00814864964008376
-1.08938517032359,-1.33189059311269,-0.0154287048745392
-1.12370226830308,-1.42328514581496,-0.0385410462274665
-1.15404182229055,-1.51115549261096,-0.0609029503555814
-1.18043969195019,-1.59523289779913,-0.0822466215766765
-1.20292724999955,-1.67524895848895,-0.10232491657882
-1.22153232943394,-1.75093381114963,-0.120913936541796
-1.23627980951051,-1.82201412568595,-0.137815130978126
-1.24719370478625,-1.88821344973824,-0.152857012182923
-1.25430075665537,-1.94925547908424,-0.165896542939969
-1.25763449191143,-2.00486868725134,-0.17682005646884
-1.25723743747204,-2.05478912334989,-0.185543459254011
-1.25316113095996,-2.09876026186577,-0.19201152541925
-1.24546529982844,-2.13653174732453,-0.196196432860123
-1.23421794671536,-2.167859709541,-0.19809574533198
-1.21949665131371,-2.19250928649249,-0.197729901106748
-1.20139040422196,-2.21025827357649,-0.195139147536216
-1.18000072272592,-2.22089957172022,-0.190379841710491
-1.15544217753158,-2.22424227661189,-0.183520334721729
-1.12784302550347,-2.22011231609586,-0.174636847462737
-1.09734682687467,-2.20835410460257,-0.163809862942911
-1.06411573480006,-2.18883468390508,-0.151121591183504
-1.02833540118453,-2.16145082124892,-0.136654989064263
-0.990221155984819,-2.12613947701382,-0.120494768320435
-0.950024680458418,-2.08289181038704,-0.102730683753289
-0.908040016423727,-2.03177072890263,-0.0834631585123477
-0.864607179698252,-1.97293103415578,-0.0628109111999548
-0.82011081571,-1.90663871510364,-0.0409197001716962
-0.774971794382034,-1.8332847868023,-0.0179707058616807
-0.729630427657741,-1.7533873033272,0.00581361068441998
-0.684522510822465,-1.66757690803522,0.0301687626179956
-0.640051897324186,-1.57656446718703,0.054794982434713
-0.596565273221316,-1.48109444108971,0.0793723783907586
-0.554334861940334,-1.38189213445854,0.103582583677997
-0.513552822442148,-1.27961524637344,0.127131533544267
-0.474337917000082,-1.17481961284823,0.149765713432128
-0.436751593400248,-1.0679453880914,0.171274834416224
-0.400818447282654,-0.959325145926688,0.191478048166127
-0.366545460825405,-0.849210209305342,0.210197181611428
-0.333935634392502,-0.737807635449026,0.227226401833222
-0.30299396610496,-0.625318309924245,0.242310418155446
-0.273726400793561,-0.511967208038552,0.255141342835826
-0.246134416903412,-0.39801981428021,0.265378207981508
-0.220208721504549,-0.283783080783416,0.272685270506172
-0.195924973718726,-0.16959372810062,0.276778830112492
-0.173242975347267,-0.0557996475219815,0.277469820528358
-0.152109153182728,0.0572591012822249,0.274691604820273
-0.132461030640901,0.169264653422357,0.268507772210905
-0.11423205108588,0.279928649094129,0.259100785545606
-0.0973554567421243,0.388992666560913,0.246746820856697
-0.0817665996843686,0.496223680884728,0.231784036356146
-0.0674036786666804,0.601407055988698,0.214580945928947
-0.054207301902641,0.704339303116048,0.195509594850183
-0.0421194043622781,0.804822070567695,0.174925839045293
-0.0310820000545777,0.902658026963532,0.15315704138121
-0.0210361049919102,0.997648697608023,0.130496212940371
-0.0119210031926407,1.08959387840784,0.107201023881874
-0.0036739099320319,1.178292250619,0.0834960903716481
0.00377000257292799,1.26354274686032,0.0595771751233366
0.0104772886252172,1.34514655630701,0.0356163550196585
0.0165157140918628,1.42290942391664,0.0117675490662159
0.0219536305102804,1.49664431528186,-0.0118278398859709
0.0268593241024117,1.5661740350956,-0.0350352228042147
0.0313004167246265,1.63133293136356,-0.0577209655762076
0.0353434228834731,1.69196813294373,-0.0797462252553239
0.0390535904629776,1.74793998756406,-0.100960479444645
0.0424952073222834,1.7991227645755,-0.121195018102639
0.0457325534819739,1.84540519204386,-0.140257035182217
0.0488316415313067,1.88668946056508,-0.15792537299818
0.051862844557533,1.92288871953269,-0.173949574039829
0.054904360380098,1.95392325525375,-0.188054453565314
0.058046223403346,1.97971672438749,-0.199952793603163
0.0613941781952606,2.00019288543622,-0.209368432199143
0.0650723139846678,2.01527370337645,-0.216070823015756
0.069223032865218,2.02487995862638,-0.219919673405549
0.0740029002264421,2.02893548905513,-0.220914523743088
0.0795734412875457,2.02737616994963,-0.219239742345037
0.0860870695471745,2.02016338592381,-0.215291669438599
0.093669901555525,2.00730003379794,-0.209673642077266
0.102404714986536,1.98884589117728,-0.203148189790186
0.112317992414044,1.96492769957338,-0.196543960111547
0.123374506555936,1.93574046902806,-0.190626061052031
0.13548129354744,1.90153654124234,-0.185948291680354
0.148501151576108,1.86260173734834,-0.182711099230867
0.162274736947353,1.81921909913288,-0.180648971276804
0.176650302486852,1.77162336539619,-0.178968219455562
0.191520209349961,1.71995129973944,-0.176354339161038
0.206862242595318,1.66419700243924,-0.17106909875894
0.222780245964985,1.60418576050689,-0.16115766166609
0.239533037418906,1.53958385115189,-0.144776637889534
0.257535704820613,1.46996074265455,-0.120623982994139
0.277318329493857,1.39490858425925,-0.0883962906206377
0.29943913318398,1.31419952284539,-0.049133204155405
0.324371308224849,1.22793096899318,-0.005276424943594
0.35240365917968,1.136593559924,0.0396715687189159
0.383596431746512,1.04101961234586,0.0818437479589093
0.417807755165577,0.942227758031263,0.117832377313939
0.454769839081946,0.841234000632677,0.145342212519379
0.494174857571171,0.738908004592511,0.163473276264527
0.535738510483346,0.635914788576699,0.172621003274429
0.579230877311723,0.532733463409947,0.17412562689761
0.624480691861578,0.429718847777531,0.169840155977304
0.671363862802488,0.327172577932833,0.161744011160568
0.719784189078682,0.225403379244044,0.15166398713823
0.769649964137896,0.124768352649918,0.141112338119989
0.820847780325817,0.025694083682395,0.131222999024632
0.873214716270538,-0.0713206585885898,0.122756730492063
0.926510964303793,-0.165717719123681,0.116146769850624
0.980395959258242,-0.256904160683853,0.111562463483931
1.03441157271437,-0.344284370711945,0.108975534908071
1.08797572041615,-0.427295143334739,0.108220058738497
1.14038876859248,-0.505439547576954,0.109042035676986
1.19085358339232,-0.578316230936286,0.111137627307819
1.23850805252861,-0.645641830001837,0.114180887330566
1.28246652780445,-0.707264943339694,0.11784259293441
1.32186432318442,-0.763170483555281,0.121801904376234
1.35589850741015,-0.813473695683903,0.125752449222572
1.38385873678411,-0.858403829423676,0.129404222041734
1.40514581650858,-0.898279564908732,0.132482779175021
1.41928039788316,-0.933480613323884,0.134727432897146
1.42590774686956,-0.964421369345804,0.135890322837141
1.42480282951861,-0.991530793564013,0.135737840446027
1.4158739000096,-1.01523825796332,0.134054845795629
1.39915742103302,-1.03596091557873,0.130650980465663
1.37479955323568,-1.05408883059024,0.12536812373954
1.34302857863056,-1.06996953510645,0.118088801697789
1.30412956533217,-1.0838985432803,0.10874614928732
1.2584286234662,-1.09612042430193,0.0973356064298359
1.20628379200675,-1.10683822085222,0.0839271956511964
1.14807356798455,-1.11622403642702,0.0686762245468671
1.08418021051481,-1.12442723882667,0.0518305409585784
1.0149720031883,-1.13158179785806,0.033732840756921
0.940791979876945,-1.13781744198064,0.0148164486433734
0.861956411938687,-1.14327617983298,-0.00440763721565908
0.778762297006886,-1.14813173766414,-0.0233747058378267
0.691501814178925,-1.15260732238529,-0.0415025419102615
0.600482579044659,-1.15698751304468,-0.0582390280312609
0.506053022725046,-1.16162160559769,-0.0731174675692683
0.408630867775482,-1.16691683889539,-0.0858128814031123
0.308730537653854,-1.1733210191099,-0.0961899343643423
0.206983833141037,-1.18129568788266,-0.104332140669279
0.104148194756108,-1.1912825218781,-0.110543681532345
0.00109929170944047,-1.20366775196786,-0.115320050361033
-0.10119169273013,-1.21874966589741,-0.119290907767758
-0.201691803168581,-1.23671338156802,-0.12314582180698
-0.299344661590869,-1.25761413513957,-0.127558115455691
-0.39310755799223,-1.2813668831049,-0.133121833389828
-0.481984732598528,-1.30773766248579,-0.14031166068413
-0.565059013160111,-1.33633113521247,-0.14946706248048
-0.64152836014688,-1.36657077284049,-0.160792558106269
-0.710756050313767,-1.39767171133649,-0.174357838419315
-0.772342045212101,-1.42861178398835,-0.190075317177821
-0.826217173249968,-1.45811230086672,-0.207628658766495
-0.87274987664882,-1.48464689739737,-0.226324647265133
-0.912835202290098,-1.50650165794814,-0.244846387111831
-0.947908164253659,-1.52191072575261,-0.260909155294178
-0.979795310836279,-1.52928023174119,-0.270880708040587
-1.0103148135996,-1.52748198268871,-0.26954762694217
-1.040604467014,-1.5161421973838,-0.250382012478229
-1.07034742799677,-1.49578486164521,-0.206785622618296
-1.09734615873055,-1.46766895285651,-0.134595028197744
-1.11803345394864,-1.43326789754206,-0.0353032154969926
-1.12911123916838,-1.39360130768069,0.0818338773065601
-1.12952326352315,-1.34885374941724,0.201078633925398
-1.12130289623655,-1.29856552441813,0.30524007056375
-1.10859133100493,-1.24218117694709,0.381636956680408
-1.09568739131764,-1.17946908882454,0.425352391390969
-1.08554351460347,-1.11057832903669,0.438643273347749
-1.07932776264484,-1.0358594723607,0.428076836797406
-1.07677133178879,-0.955664801259408,0.401500214383194
-1.0767743678013,-0.87024255308692,0.365996204412816
-1.07793144475152,-0.779734644801942,0.326984297300593
-1.07886929521635,-0.684236490110157,0.288139269630798
-1.07841420364645,-0.583870393150727,0.251717326343462
-1.07564318167049,-0.478841347434924,0.218980111044468
-1.06987112875734,-0.369467444484259,0.190543121876988
-1.06061491284803,-0.256192552820304,0.166584526367567
-1.04756340283232,-0.139591369381647,0.146921901873323
-1.03056820198877,-0.020369188332987,0.131006166627283
-1.00965300170411,0.100650542937248,0.117901651772913
-0.985024321133609,0.222560312390041,0.106318810788169
-0.957061146513666,0.34442624904433,0.094738817417044
-0.926269585039893,0.465358716735821,0.0816230075681413
-0.89320684917403,0.584575928994113,0.0656551412332691
-0.858395502694015,0.701441696678689,0.0459459896623754
-0.822253444252668,0.815468757126237,0.0221480096574336
-0.785057046017552,0.92629236114011,-0.00553103682740293
-0.746941412411644,1.03362814854694,-0.0363890743334263
-0.707931425666683,1.13723123424215,-0.0693233313129981
-0.667992904064573,1.23687039517988,-0.102922760050864
-0.627093121237269,1.33232409350157,-0.135547308706122
-0.585261000925537,1.42339563431764,-0.165405782837358
-0.542638424888326,1.50993720276161,-0.190661010091752
-0.499514002318856,1.59186970927991,-0.209595303547207
-0.456329727625304,1.66918898037433,-0.22085449723348
-0.413651168097899,1.74195675626413,-0.223749554388298
-0.372096914242096,1.81028031428115,-0.21853517769417
-0.332237811981043,1.874286179806,-0.206533379582697
-0.294496705608824,1.93409332852205,-0.189976578121674
-0.259089084028517,1.989791471486,-0.171542492949146
-0.226029327428802,2.04142954856027,-0.153704743983977
-0.195191918826665,2.08901554959262,-0.13812493687165
-0.166388137733846,2.13252341182625,-0.125285525023982
-0.139416257125829,2.1718982605391,-0.114437121577561
-0.114063587687588,2.20705110934172,-0.103813260962887
-0.0900648540536477,2.23783759352884,-0.0910224821722317
-0.0670421255224125,2.26402043598686,-0.0735513862085176
-0.0444648363186659,2.28522443898761,-0.049341602423533
-0.0216712115185225,2.30090302010196,-0.0173829173113044
0.00202457562211248,2.31034315343872,0.0218131647593689
0.0271585354425633,2.31273019805141,0.0660676629098064
0.053948233686379,2.3072686744816,0.111881350251787
0.082220007320814,2.29332103079419,0.155228987917487
0.111476051820168,2.27050878187424,0.192492865882078
0.141063207321108,2.23874346404135,0.221138822126159
0.170355964992231,2.19819806606917,0.239908502296884
0.198880697193669,2.14925616309102,0.24857817896729
0.226355563520852,2.09246729654472,0.247506373506412
0.252658042804149,2.02851418712022,0.237196984458318
0.277745984920502,1.95818397825854,0.218016617859261
0.301558397599365,1.88233506932069,0.190115093281672
0.323920621227091,1.80184906717546,0.153545659349709
0.344479954880914,1.7175484319966,0.108561988579207
0.362702112484831,1.63005696923552,0.0560625651439362
0.377963379702578,1.5396005362286,-0.00186079773053214
0.389770546618307,1.44578661268047,-0.0613517277631563
0.398120439702085,1.34745247338806,-0.116346509598394
0.403961693396869,1.24271375767916,-0.158508332191825
0.409632977481121,1.12936623043561,-0.177897881516188
0.419013499276626,1.00575831434731,-0.164819596427466
0.436962362994839,0.872075320004919,-0.113157885179446
0.467646524577289,0.731538360767069,-0.0247468913128763
0.512030917709483,0.590464288191549,0.0874584761582359
0.566196343922669,0.456280717499604,0.201133114074989
0.622560985398084,0.334258586830165,0.2926233023636
0.673595841666152,0.225444438186835,0.346404219505296
0.714893659062576,0.127274280624125,0.359005343556623
0.74558852705683,0.0357303180471895,0.336286702811403
0.767016564812401,-0.0528304861987876,0.288265248984009
0.781271240252993,-0.140895814681799,0.225104935750499
0.79037003014158,-0.229809041081098,0.155113189943004
0.795948079081554,-0.320115540257561,0.0841624484120107
0.799201535060462,-0.41192737594027,0.0158630854869519
0.800916774358618,-0.505159372409836,-0.0479175407257346
0.801554869811578,-0.599625665583591,-0.106417950513344
0.801394939413406,-0.69506521503184,-0.159380628111711
0.800691771209377,-0.791159668815627,-0.206578215694948
0.799763408025845,-0.887546260711007,-0.247493231971755
0.798950326831441,-0.983789050679032,-0.281138795212066
0.798454556440004,-1.07929422099824,-0.306017478163112
0.798122019866838,-1.17321129045007,-0.320245731242732
0.797254974194958,-1.26440265475492,-0.321881340207864
0.79454058351369,-1.35155605026708,-0.309455248634357
0.788163780349197,-1.43345308462592,-0.282626263401844
0.776131824468818,-1.50931476774505,-0.242774693308716
0.756763685726412,-1.57907066718567,-0.193281243539341
0.729202673370998,-1.64340355343825,-0.139266100750839
0.693745795530099,-1.70352433989616,-0.08673006407483
0.651820419525654,-1.76077783788909,-0.0413060061330896
0.605594614956144,-1.81626322010169,-0.00705251469213332
0.557391583496552,-1.87061483483009,0.0142618688406021
0.509157816469749,-1.92397512230244,0.0231612440742002
0.462164340002318,-1.97609866837241,0.0218530596065779
0.416976414460929,-2.02650280397701,0.0133307617299024
0.373614470614518,-2.07460716563513,0.000537885212782999
0.331792947796082,-2.11984017569998,-0.0141832990816455
0.291147296329723,-2.16171264148276,-0.0293027696692262
0.251403776102753,-2.19986429421043,-0.0440358697426379
0.21248265343454,-2.23408399088982,-0.0581017698689568
0.174542166483132,-2.26429631936117,-0.071395689336423
0.137970754213285,-2.2905030332505,-0.0836324963661296
0.103326593276386,-2.31267193247676,-0.094003569625525
0.0712152772130435,-2.33057971351131,-0.100901526080067
0.0420978189245926,-2.34363974000169,-0.101804123008954
0.0160412479716794,-2.35077815186188,-0.0934456202856106
-0.00753257380050734,-2.35045100509561,-0.0723964617591706
-0.0299885080508453,-2.34089485838072,-0.0360656243321144
-0.0533686489957641,-2.3206330376446,0.016088575943805
-0.0799465095468123,-2.28910437083698,0.0816240273316191
-0.111534138162947,-2.24711251489975,0.155037777807931
-0.148843125769622,-2.19678171751388,0.22882882270999
-0.191252538108704,-2.14095819569258,0.295358210676061
-0.237111976270152,-2.08235738244145,0.348671141009323
-0.284370160635854,-2.02289769678691,0.385518321546356
-0.331169273657603,-1.96346951923422,0.405357759666167
-0.37616963180209,-1.90408928455492,0.409641185962569
-0.418589386490136,-1.84423398118631,0.400861487325389
-0.458073998322057,-1.78317330487269,0.381714886611267
-0.494517899170016,-1.72020616053947,0.354529640221257
-0.527910013389724,-1.65478021283724,0.320969972648565
-0.558225115891873,-1.58650870393779,0.281963570000717
-0.585357007355031,-1.51511248670926,0.237796404921211
-0.609084943953831,-1.44031936829315,0.188340117556419
-0.629072444629994,-1.36175376517776,0.133404900964579
-0.644907789529069,-1.27884741058411,0.073229742616041
-0.656201075160198,-1.19079983926812,0.00911722606570399
-0.66274853605686,-1.09662053426313,-0.0558244384601305
-0.664758751538282,-0.995297278640025,-0.115969448796358
-0.66310498610211,-0.886148860306671,-0.162796117804349
-0.659513175466067,-0.76939700224701,-0.185369685866262
-0.656506693063181,-0.646869029870306,-0.172401248229556
-0.656849581077716,-0.522462735253363,-0.116402251094656
-0.662362405118662,-0.40168292727683,-0.0191788536078099
-0.672606083335553,-0.28974903925569,0.10460281544369
-0.684647254052158,-0.189048200120792,0.230219294289139
-0.694544082605424,-0.0979864019140569,0.332311293711161
-0.699350723340003,-0.0123004114298188,0.394512949607101
-0.69797331597076,0.0725142533720902,0.412864498914249
-0.690774822248396,0.159548983207621,0.393063157733866
-0.678884287904601,0.250145830915992,0.34560537210572
-0.663719422410698,0.344385881713866,0.281748364560699
-0.646567912429522,0.441733801121452,0.211000255383095
-0.628138375200739,0.541376033219298,0.140030826987226
-0.60840528252406,0.642246012585486,0.0727778839875256
-0.586969307054114,0.743132354443962,0.0112014617349602
-0.563563052025585,0.843033259598495,-0.0439826071499321
-0.538206273415474,0.941406974940014,-0.092827917221336
-0.511014393493233,1.0380443073295,-0.135805698401953
-0.481984899533679,1.1327397615227,-0.173482595151254
-0.450957394474152,1.22508268009537,-0.206271452775592
-0.417713734075032,1.31448410882006,-0.234302685635427
-0.382103465131663,1.4003342661104,-0.257404673776104
-0.344123947812393,1.4821332762463,-0.275156186669146
-0.303950752281558,1.5595181321403,-0.286991298113771
-0.261942751216152,1.63220835786706,-0.292360791073155
-0.218637402020982,1.69994178279399,-0.290952856148179
-0.174729984315948,1.76246121892908,-0.282942647047743
-0.131019977675655,1.81956708517188,-0.269192021809113
-0.0883190039778341,1.87120311027353,-0.251293957134108
-0.0473405897644378,1.91751898680369,-0.231387223757325
-0.00861168080420297,1.95886705265558,-0.211759037126973
0.0275592391592656,1.99572838079074,-0.194356672650562
0.0610511502720507,2.02860197056651,-0.180372170548348
0.09186188540615,2.05790642791951,-0.170018415840839
0.120041122460334,2.08393107486927,-0.162521339013185
0.145656485112114,2.10684717159515,-0.156281246983873
0.168804834297539,2.12676371429171,-0.149142391100762
0.189660728368993,2.14379601104557,-0.138738615672473
0.208538412662998,2.15811059199682,-0.122911495744886
0.225934203125371,2.16991734025793,-0.100186901912187
0.242515994647566,2.17940019612663,-0.0702340348544793
0.259041570243288,2.18660937880578,-0.0341494867602656
0.276218933218608,2.19136799868986,0.00561472406406753
0.294557276813216,2.19325107483339,0.0457525450678115
0.314270439075302,2.19165933951034,0.0828939325366745
0.335269952264261,2.18595565216487,0.11437283977528
0.357238254167885,2.17560092470975,0.138682855402614
0.379739859438058,2.1602414151598,0.15552130286313
0.402327124122603,2.1397359515813,0.165525025106948
0.424616579667309,2.11413834382728,0.169888093414293
0.44633140792613,2.08365553081442,0.170020769040692
