[0.058s] DEBUG:colcon:Command line arguments: ['/usr/bin/colcon', 'build']
[0.058s] DEBUG:colcon:Parsed command line arguments: Namespace(log_base=None, log_level=None, verb_name='build', build_base='build', install_base='install', merge_install=False, symlink_install=False, test_result_base=None, continue_on_error=False, executor='parallel', parallel_workers=32, event_handlers=None, ignore_user_meta=False, metas=['./colcon.meta'], base_paths=['.'], packages_ignore=None, packages_ignore_regex=None, paths=None, packages_up_to=None, packages_up_to_regex=None, packages_above=None, packages_above_and_dependencies=None, packages_above_depth=None, packages_select_by_dep=None, packages_skip_by_dep=None, packages_skip_up_to=None, packages_select_build_failed=False, packages_skip_build_finished=False, packages_select_test_failures=False, packages_skip_test_passed=False, packages_select=None, packages_skip=None, packages_select_regex=None, packages_skip_regex=None, packages_start=None, packages_end=None, allow_overriding=[], cmake_args=None, cmake_target=None, cmake_target_skip_unavailable=False, cmake_clean_cache=False, cmake_clean_first=False, cmake_force_configure=False, ament_cmake_args=None, catkin_cmake_args=None, catkin_skip_building_tests=False, verb_parser=<colcon_defaults.argument_parser.defaults.DefaultArgumentsDecorator object at 0x7fe8be75bc10>, verb_extension=<colcon_core.verb.build.BuildVerb object at 0x7fe8be904fd0>, main=<bound method BuildVerb.main of <colcon_core.verb.build.BuildVerb object at 0x7fe8be904fd0>>)
[0.150s] Level 1:colcon.colcon_core.package_discovery:discover_packages(colcon_meta) check parameters
[0.150s] Level 1:colcon.colcon_core.package_discovery:discover_packages(recursive) check parameters
[0.150s] Level 1:colcon.colcon_core.package_discovery:discover_packages(ignore) check parameters
[0.150s] Level 1:colcon.colcon_core.package_discovery:discover_packages(path) check parameters
[0.150s] Level 1:colcon.colcon_core.package_discovery:discover_packages(colcon_meta) discover
[0.150s] Level 1:colcon.colcon_core.package_discovery:discover_packages(recursive) discover
[0.150s] INFO:colcon.colcon_core.package_discovery:Crawling recursively for packages in '/home/user/ros2_ws/dynamic_ws'
[0.151s] Level 1:colcon.colcon_core.package_identification:_identify(.) by extensions ['ignore', 'ignore_ament_install']
[0.151s] Level 1:colcon.colcon_core.package_identification:_identify(.) by extension 'ignore'
[0.151s] Level 1:colcon.colcon_core.package_identification:_identify(.) by extension 'ignore_ament_install'
[0.151s] Level 1:colcon.colcon_core.package_identification:_identify(.) by extensions ['colcon_pkg']
[0.151s] Level 1:colcon.colcon_core.package_identification:_identify(.) by extension 'colcon_pkg'
[0.151s] Level 1:colcon.colcon_core.package_identification:_identify(.) by extensions ['colcon_meta']
[0.151s] Level 1:colcon.colcon_core.package_identification:_identify(.) by extension 'colcon_meta'
[0.151s] Level 1:colcon.colcon_core.package_identification:_identify(.) by extensions ['ros']
[0.151s] Level 1:colcon.colcon_core.package_identification:_identify(.) by extension 'ros'
[0.161s] Level 1:colcon.colcon_core.package_identification:_identify(.) by extensions ['cmake', 'python']
[0.162s] Level 1:colcon.colcon_core.package_identification:_identify(.) by extension 'cmake'
[0.162s] Level 1:colcon.colcon_core.package_identification:_identify(.) by extension 'python'
[0.162s] Level 1:colcon.colcon_core.package_identification:_identify(.) by extensions ['python_setup_py']
[0.162s] Level 1:colcon.colcon_core.package_identification:_identify(.) by extension 'python_setup_py'
[0.162s] Level 1:colcon.colcon_core.package_identification:_identify(build) by extensions ['ignore', 'ignore_ament_install']
[0.162s] Level 1:colcon.colcon_core.package_identification:_identify(build) by extension 'ignore'
[0.162s] Level 1:colcon.colcon_core.package_identification:_identify(build) ignored
[0.162s] Level 1:colcon.colcon_core.package_identification:_identify(install) by extensions ['ignore', 'ignore_ament_install']
[0.162s] Level 1:colcon.colcon_core.package_identification:_identify(install) by extension 'ignore'
[0.162s] Level 1:colcon.colcon_core.package_identification:_identify(install) ignored
[0.163s] Level 1:colcon.colcon_core.package_identification:_identify(log) by extensions ['ignore', 'ignore_ament_install']
[0.163s] Level 1:colcon.colcon_core.package_identification:_identify(log) by extension 'ignore'
[0.163s] Level 1:colcon.colcon_core.package_identification:_identify(log) ignored
[0.163s] Level 1:colcon.colcon_core.package_identification:_identify(src) by extensions ['ignore', 'ignore_ament_install']
[0.163s] Level 1:colcon.colcon_core.package_identification:_identify(src) by extension 'ignore'
[0.163s] Level 1:colcon.colcon_core.package_identification:_identify(src) by extension 'ignore_ament_install'
[0.163s] Level 1:colcon.colcon_core.package_identification:_identify(src) by extensions ['colcon_pkg']
[0.163s] Level 1:colcon.colcon_core.package_identification:_identify(src) by extension 'colcon_pkg'
[0.163s] Level 1:colcon.colcon_core.package_identification:_identify(src) by extensions ['colcon_meta']
[0.163s] Level 1:colcon.colcon_core.package_identification:_identify(src) by extension 'colcon_meta'
[0.163s] Level 1:colcon.colcon_core.package_identification:_identify(src) by extensions ['ros']
[0.163s] Level 1:colcon.colcon_core.package_identification:_identify(src) by extension 'ros'
[0.163s] Level 1:colcon.colcon_core.package_identification:_identify(src) by extensions ['cmake', 'python']
[0.163s] Level 1:colcon.colcon_core.package_identification:_identify(src) by extension 'cmake'
[0.163s] Level 1:colcon.colcon_core.package_identification:_identify(src) by extension 'python'
[0.163s] Level 1:colcon.colcon_core.package_identification:_identify(src) by extensions ['python_setup_py']
[0.163s] Level 1:colcon.colcon_core.package_identification:_identify(src) by extension 'python_setup_py'
[0.163s] Level 1:colcon.colcon_core.package_identification:_identify(src/marvin_sim) by extensions ['ignore', 'ignore_ament_install']
[0.163s] Level 1:colcon.colcon_core.package_identification:_identify(src/marvin_sim) by extension 'ignore'
[0.163s] Level 1:colcon.colcon_core.package_identification:_identify(src/marvin_sim) by extension 'ignore_ament_install'
[0.163s] Level 1:colcon.colcon_core.package_identification:_identify(src/marvin_sim) by extensions ['colcon_pkg']
[0.163s] Level 1:colcon.colcon_core.package_identification:_identify(src/marvin_sim) by extension 'colcon_pkg'
[0.163s] Level 1:colcon.colcon_core.package_identification:_identify(src/marvin_sim) by extensions ['colcon_meta']
[0.163s] Level 1:colcon.colcon_core.package_identification:_identify(src/marvin_sim) by extension 'colcon_meta'
[0.163s] Level 1:colcon.colcon_core.package_identification:_identify(src/marvin_sim) by extensions ['ros']
[0.163s] Level 1:colcon.colcon_core.package_identification:_identify(src/marvin_sim) by extension 'ros'
[0.165s] DEBUG:colcon.colcon_core.package_identification:Package 'src/marvin_sim' with type 'ros.ament_cmake' and name 'marvin_sim'
[0.165s] Level 1:colcon.colcon_core.package_identification:_identify(src/show_urdf) by extensions ['ignore', 'ignore_ament_install']
[0.165s] Level 1:colcon.colcon_core.package_identification:_identify(src/show_urdf) by extension 'ignore'
[0.165s] Level 1:colcon.colcon_core.package_identification:_identify(src/show_urdf) by extension 'ignore_ament_install'
[0.165s] Level 1:colcon.colcon_core.package_identification:_identify(src/show_urdf) by extensions ['colcon_pkg']
[0.165s] Level 1:colcon.colcon_core.package_identification:_identify(src/show_urdf) by extension 'colcon_pkg'
[0.165s] Level 1:colcon.colcon_core.package_identification:_identify(src/show_urdf) by extensions ['colcon_meta']
[0.165s] Level 1:colcon.colcon_core.package_identification:_identify(src/show_urdf) by extension 'colcon_meta'
[0.165s] Level 1:colcon.colcon_core.package_identification:_identify(src/show_urdf) by extensions ['ros']
[0.165s] Level 1:colcon.colcon_core.package_identification:_identify(src/show_urdf) by extension 'ros'
[0.166s] DEBUG:colcon.colcon_core.package_identification:Package 'src/show_urdf' with type 'ros.ament_cmake' and name 'show_urdf'
[0.166s] Level 1:colcon.colcon_core.package_identification:_identify(src/vi) by extensions ['ignore', 'ignore_ament_install']
[0.166s] Level 1:colcon.colcon_core.package_identification:_identify(src/vi) by extension 'ignore'
[0.166s] Level 1:colcon.colcon_core.package_identification:_identify(src/vi) by extension 'ignore_ament_install'
[0.166s] Level 1:colcon.colcon_core.package_identification:_identify(src/vi) by extensions ['colcon_pkg']
[0.166s] Level 1:colcon.colcon_core.package_identification:_identify(src/vi) by extension 'colcon_pkg'
[0.166s] Level 1:colcon.colcon_core.package_identification:_identify(src/vi) by extensions ['colcon_meta']
[0.166s] Level 1:colcon.colcon_core.package_identification:_identify(src/vi) by extension 'colcon_meta'
[0.166s] Level 1:colcon.colcon_core.package_identification:_identify(src/vi) by extensions ['ros']
[0.166s] Level 1:colcon.colcon_core.package_identification:_identify(src/vi) by extension 'ros'
[0.166s] DEBUG:colcon.colcon_core.package_identification:Package 'src/vi' with type 'ros.ament_cmake' and name 'vi'
[0.166s] Level 1:colcon.colcon_core.package_identification:_identify(src/vi_2p) by extensions ['ignore', 'ignore_ament_install']
[0.167s] Level 1:colcon.colcon_core.package_identification:_identify(src/vi_2p) by extension 'ignore'
[0.167s] Level 1:colcon.colcon_core.package_identification:_identify(src/vi_2p) by extension 'ignore_ament_install'
[0.167s] Level 1:colcon.colcon_core.package_identification:_identify(src/vi_2p) by extensions ['colcon_pkg']
[0.167s] Level 1:colcon.colcon_core.package_identification:_identify(src/vi_2p) by extension 'colcon_pkg'
[0.167s] Level 1:colcon.colcon_core.package_identification:_identify(src/vi_2p) by extensions ['colcon_meta']
[0.167s] Level 1:colcon.colcon_core.package_identification:_identify(src/vi_2p) by extension 'colcon_meta'
[0.167s] Level 1:colcon.colcon_core.package_identification:_identify(src/vi_2p) by extensions ['ros']
[0.167s] Level 1:colcon.colcon_core.package_identification:_identify(src/vi_2p) by extension 'ros'
[0.167s] DEBUG:colcon.colcon_core.package_identification:Package 'src/vi_2p' with type 'ros.ament_cmake' and name 'vi_2p'
[0.167s] Level 1:colcon.colcon_core.package_identification:_identify(src/w10_force_sim) by extensions ['ignore', 'ignore_ament_install']
[0.167s] Level 1:colcon.colcon_core.package_identification:_identify(src/w10_force_sim) by extension 'ignore'
[0.167s] Level 1:colcon.colcon_core.package_identification:_identify(src/w10_force_sim) by extension 'ignore_ament_install'
[0.167s] Level 1:colcon.colcon_core.package_identification:_identify(src/w10_force_sim) by extensions ['colcon_pkg']
[0.167s] Level 1:colcon.colcon_core.package_identification:_identify(src/w10_force_sim) by extension 'colcon_pkg'
[0.167s] Level 1:colcon.colcon_core.package_identification:_identify(src/w10_force_sim) by extensions ['colcon_meta']
[0.167s] Level 1:colcon.colcon_core.package_identification:_identify(src/w10_force_sim) by extension 'colcon_meta'
[0.167s] Level 1:colcon.colcon_core.package_identification:_identify(src/w10_force_sim) by extensions ['ros']
[0.167s] Level 1:colcon.colcon_core.package_identification:_identify(src/w10_force_sim) by extension 'ros'
[0.168s] DEBUG:colcon.colcon_core.package_identification:Package 'src/w10_force_sim' with type 'ros.ament_cmake' and name 'w10_force_sim'
[0.168s] Level 1:colcon.colcon_core.package_identification:_identify(src/w10_kinematics) by extensions ['ignore', 'ignore_ament_install']
[0.168s] Level 1:colcon.colcon_core.package_identification:_identify(src/w10_kinematics) by extension 'ignore'
[0.168s] Level 1:colcon.colcon_core.package_identification:_identify(src/w10_kinematics) by extension 'ignore_ament_install'
[0.168s] Level 1:colcon.colcon_core.package_identification:_identify(src/w10_kinematics) by extensions ['colcon_pkg']
[0.168s] Level 1:colcon.colcon_core.package_identification:_identify(src/w10_kinematics) by extension 'colcon_pkg'
[0.168s] Level 1:colcon.colcon_core.package_identification:_identify(src/w10_kinematics) by extensions ['colcon_meta']
[0.168s] Level 1:colcon.colcon_core.package_identification:_identify(src/w10_kinematics) by extension 'colcon_meta'
[0.168s] Level 1:colcon.colcon_core.package_identification:_identify(src/w10_kinematics) by extensions ['ros']
[0.168s] Level 1:colcon.colcon_core.package_identification:_identify(src/w10_kinematics) by extension 'ros'
[0.169s] DEBUG:colcon.colcon_core.package_identification:Package 'src/w10_kinematics' with type 'ros.ament_cmake' and name 'w10_kinematics'
[0.169s] Level 1:colcon.colcon_core.package_identification:_identify(src/w10_moveit_kinematics) by extensions ['ignore', 'ignore_ament_install']
[0.169s] Level 1:colcon.colcon_core.package_identification:_identify(src/w10_moveit_kinematics) by extension 'ignore'
[0.169s] Level 1:colcon.colcon_core.package_identification:_identify(src/w10_moveit_kinematics) by extension 'ignore_ament_install'
[0.169s] Level 1:colcon.colcon_core.package_identification:_identify(src/w10_moveit_kinematics) by extensions ['colcon_pkg']
[0.169s] Level 1:colcon.colcon_core.package_identification:_identify(src/w10_moveit_kinematics) by extension 'colcon_pkg'
[0.169s] Level 1:colcon.colcon_core.package_identification:_identify(src/w10_moveit_kinematics) by extensions ['colcon_meta']
[0.169s] Level 1:colcon.colcon_core.package_identification:_identify(src/w10_moveit_kinematics) by extension 'colcon_meta'
[0.169s] Level 1:colcon.colcon_core.package_identification:_identify(src/w10_moveit_kinematics) by extensions ['ros']
[0.169s] Level 1:colcon.colcon_core.package_identification:_identify(src/w10_moveit_kinematics) by extension 'ros'
[0.169s] DEBUG:colcon.colcon_core.package_identification:Package 'src/w10_moveit_kinematics' with type 'ros.ament_cmake' and name 'w10_moveit_kinematics'
[0.169s] Level 1:colcon.colcon_core.package_identification:_identify(src/w10_sim) by extensions ['ignore', 'ignore_ament_install']
[0.169s] Level 1:colcon.colcon_core.package_identification:_identify(src/w10_sim) by extension 'ignore'
[0.170s] Level 1:colcon.colcon_core.package_identification:_identify(src/w10_sim) by extension 'ignore_ament_install'
[0.170s] Level 1:colcon.colcon_core.package_identification:_identify(src/w10_sim) by extensions ['colcon_pkg']
[0.170s] Level 1:colcon.colcon_core.package_identification:_identify(src/w10_sim) by extension 'colcon_pkg'
[0.170s] Level 1:colcon.colcon_core.package_identification:_identify(src/w10_sim) by extensions ['colcon_meta']
[0.170s] Level 1:colcon.colcon_core.package_identification:_identify(src/w10_sim) by extension 'colcon_meta'
[0.170s] Level 1:colcon.colcon_core.package_identification:_identify(src/w10_sim) by extensions ['ros']
[0.170s] Level 1:colcon.colcon_core.package_identification:_identify(src/w10_sim) by extension 'ros'
[0.170s] DEBUG:colcon.colcon_core.package_identification:Package 'src/w10_sim' with type 'ros.ament_cmake' and name 'w10_sim'
[0.170s] Level 1:colcon.colcon_core.package_discovery:discover_packages(recursive) using defaults
[0.170s] Level 1:colcon.colcon_core.package_discovery:discover_packages(ignore) discover
[0.170s] Level 1:colcon.colcon_core.package_discovery:discover_packages(ignore) using defaults
[0.170s] Level 1:colcon.colcon_core.package_discovery:discover_packages(path) discover
[0.170s] Level 1:colcon.colcon_core.package_discovery:discover_packages(path) using defaults
[0.188s] Level 1:colcon.colcon_core.package_discovery:discover_packages(prefix_path) check parameters
[0.188s] Level 1:colcon.colcon_core.package_discovery:discover_packages(prefix_path) discover
[0.190s] DEBUG:colcon.colcon_installed_package_information.package_discovery:Found 8 installed packages in /home/user/ros2_ws/dynamic_ws/install
[0.190s] DEBUG:colcon.colcon_installed_package_information.package_discovery:Found 4 installed packages in /home/user/ros2_ws/w10_ws/install
[0.191s] DEBUG:colcon.colcon_installed_package_information.package_discovery:Found 320 installed packages in /opt/ros/humble
[0.192s] Level 1:colcon.colcon_core.package_discovery:discover_packages(prefix_path) using defaults
[0.223s] Level 5:colcon.colcon_core.verb:set package 'marvin_sim' build argument 'cmake_args' from command line to 'None'
[0.223s] Level 5:colcon.colcon_core.verb:set package 'marvin_sim' build argument 'cmake_target' from command line to 'None'
[0.223s] Level 5:colcon.colcon_core.verb:set package 'marvin_sim' build argument 'cmake_target_skip_unavailable' from command line to 'False'
[0.223s] Level 5:colcon.colcon_core.verb:set package 'marvin_sim' build argument 'cmake_clean_cache' from command line to 'False'
[0.223s] Level 5:colcon.colcon_core.verb:set package 'marvin_sim' build argument 'cmake_clean_first' from command line to 'False'
[0.223s] Level 5:colcon.colcon_core.verb:set package 'marvin_sim' build argument 'cmake_force_configure' from command line to 'False'
[0.223s] Level 5:colcon.colcon_core.verb:set package 'marvin_sim' build argument 'ament_cmake_args' from command line to 'None'
[0.223s] Level 5:colcon.colcon_core.verb:set package 'marvin_sim' build argument 'catkin_cmake_args' from command line to 'None'
[0.223s] Level 5:colcon.colcon_core.verb:set package 'marvin_sim' build argument 'catkin_skip_building_tests' from command line to 'False'
[0.223s] DEBUG:colcon.colcon_core.verb:Building package 'marvin_sim' with the following arguments: {'ament_cmake_args': None, 'build_base': '/home/user/ros2_ws/dynamic_ws/build/marvin_sim', 'catkin_cmake_args': None, 'catkin_skip_building_tests': False, 'cmake_args': None, 'cmake_clean_cache': False, 'cmake_clean_first': False, 'cmake_force_configure': False, 'cmake_target': None, 'cmake_target_skip_unavailable': False, 'install_base': '/home/user/ros2_ws/dynamic_ws/install/marvin_sim', 'merge_install': False, 'path': '/home/user/ros2_ws/dynamic_ws/src/marvin_sim', 'symlink_install': False, 'test_result_base': None}
[0.223s] Level 5:colcon.colcon_core.verb:set package 'show_urdf' build argument 'cmake_args' from command line to 'None'
[0.223s] Level 5:colcon.colcon_core.verb:set package 'show_urdf' build argument 'cmake_target' from command line to 'None'
[0.223s] Level 5:colcon.colcon_core.verb:set package 'show_urdf' build argument 'cmake_target_skip_unavailable' from command line to 'False'
[0.223s] Level 5:colcon.colcon_core.verb:set package 'show_urdf' build argument 'cmake_clean_cache' from command line to 'False'
[0.223s] Level 5:colcon.colcon_core.verb:set package 'show_urdf' build argument 'cmake_clean_first' from command line to 'False'
[0.223s] Level 5:colcon.colcon_core.verb:set package 'show_urdf' build argument 'cmake_force_configure' from command line to 'False'
[0.223s] Level 5:colcon.colcon_core.verb:set package 'show_urdf' build argument 'ament_cmake_args' from command line to 'None'
[0.224s] Level 5:colcon.colcon_core.verb:set package 'show_urdf' build argument 'catkin_cmake_args' from command line to 'None'
[0.224s] Level 5:colcon.colcon_core.verb:set package 'show_urdf' build argument 'catkin_skip_building_tests' from command line to 'False'
[0.224s] DEBUG:colcon.colcon_core.verb:Building package 'show_urdf' with the following arguments: {'ament_cmake_args': None, 'build_base': '/home/user/ros2_ws/dynamic_ws/build/show_urdf', 'catkin_cmake_args': None, 'catkin_skip_building_tests': False, 'cmake_args': None, 'cmake_clean_cache': False, 'cmake_clean_first': False, 'cmake_force_configure': False, 'cmake_target': None, 'cmake_target_skip_unavailable': False, 'install_base': '/home/user/ros2_ws/dynamic_ws/install/show_urdf', 'merge_install': False, 'path': '/home/user/ros2_ws/dynamic_ws/src/show_urdf', 'symlink_install': False, 'test_result_base': None}
[0.224s] Level 5:colcon.colcon_core.verb:set package 'vi' build argument 'cmake_args' from command line to 'None'
[0.224s] Level 5:colcon.colcon_core.verb:set package 'vi' build argument 'cmake_target' from command line to 'None'
[0.224s] Level 5:colcon.colcon_core.verb:set package 'vi' build argument 'cmake_target_skip_unavailable' from command line to 'False'
[0.224s] Level 5:colcon.colcon_core.verb:set package 'vi' build argument 'cmake_clean_cache' from command line to 'False'
[0.224s] Level 5:colcon.colcon_core.verb:set package 'vi' build argument 'cmake_clean_first' from command line to 'False'
[0.224s] Level 5:colcon.colcon_core.verb:set package 'vi' build argument 'cmake_force_configure' from command line to 'False'
[0.224s] Level 5:colcon.colcon_core.verb:set package 'vi' build argument 'ament_cmake_args' from command line to 'None'
[0.224s] Level 5:colcon.colcon_core.verb:set package 'vi' build argument 'catkin_cmake_args' from command line to 'None'
[0.224s] Level 5:colcon.colcon_core.verb:set package 'vi' build argument 'catkin_skip_building_tests' from command line to 'False'
[0.224s] DEBUG:colcon.colcon_core.verb:Building package 'vi' with the following arguments: {'ament_cmake_args': None, 'build_base': '/home/user/ros2_ws/dynamic_ws/build/vi', 'catkin_cmake_args': None, 'catkin_skip_building_tests': False, 'cmake_args': None, 'cmake_clean_cache': False, 'cmake_clean_first': False, 'cmake_force_configure': False, 'cmake_target': None, 'cmake_target_skip_unavailable': False, 'install_base': '/home/user/ros2_ws/dynamic_ws/install/vi', 'merge_install': False, 'path': '/home/user/ros2_ws/dynamic_ws/src/vi', 'symlink_install': False, 'test_result_base': None}
[0.224s] Level 5:colcon.colcon_core.verb:set package 'vi_2p' build argument 'cmake_args' from command line to 'None'
[0.224s] Level 5:colcon.colcon_core.verb:set package 'vi_2p' build argument 'cmake_target' from command line to 'None'
[0.224s] Level 5:colcon.colcon_core.verb:set package 'vi_2p' build argument 'cmake_target_skip_unavailable' from command line to 'False'
[0.224s] Level 5:colcon.colcon_core.verb:set package 'vi_2p' build argument 'cmake_clean_cache' from command line to 'False'
[0.224s] Level 5:colcon.colcon_core.verb:set package 'vi_2p' build argument 'cmake_clean_first' from command line to 'False'
[0.224s] Level 5:colcon.colcon_core.verb:set package 'vi_2p' build argument 'cmake_force_configure' from command line to 'False'
[0.224s] Level 5:colcon.colcon_core.verb:set package 'vi_2p' build argument 'ament_cmake_args' from command line to 'None'
[0.224s] Level 5:colcon.colcon_core.verb:set package 'vi_2p' build argument 'catkin_cmake_args' from command line to 'None'
[0.224s] Level 5:colcon.colcon_core.verb:set package 'vi_2p' build argument 'catkin_skip_building_tests' from command line to 'False'
[0.224s] DEBUG:colcon.colcon_core.verb:Building package 'vi_2p' with the following arguments: {'ament_cmake_args': None, 'build_base': '/home/user/ros2_ws/dynamic_ws/build/vi_2p', 'catkin_cmake_args': None, 'catkin_skip_building_tests': False, 'cmake_args': None, 'cmake_clean_cache': False, 'cmake_clean_first': False, 'cmake_force_configure': False, 'cmake_target': None, 'cmake_target_skip_unavailable': False, 'install_base': '/home/user/ros2_ws/dynamic_ws/install/vi_2p', 'merge_install': False, 'path': '/home/user/ros2_ws/dynamic_ws/src/vi_2p', 'symlink_install': False, 'test_result_base': None}
[0.224s] Level 5:colcon.colcon_core.verb:set package 'w10_force_sim' build argument 'cmake_args' from command line to 'None'
[0.224s] Level 5:colcon.colcon_core.verb:set package 'w10_force_sim' build argument 'cmake_target' from command line to 'None'
[0.224s] Level 5:colcon.colcon_core.verb:set package 'w10_force_sim' build argument 'cmake_target_skip_unavailable' from command line to 'False'
[0.224s] Level 5:colcon.colcon_core.verb:set package 'w10_force_sim' build argument 'cmake_clean_cache' from command line to 'False'
[0.224s] Level 5:colcon.colcon_core.verb:set package 'w10_force_sim' build argument 'cmake_clean_first' from command line to 'False'
[0.224s] Level 5:colcon.colcon_core.verb:set package 'w10_force_sim' build argument 'cmake_force_configure' from command line to 'False'
[0.224s] Level 5:colcon.colcon_core.verb:set package 'w10_force_sim' build argument 'ament_cmake_args' from command line to 'None'
[0.224s] Level 5:colcon.colcon_core.verb:set package 'w10_force_sim' build argument 'catkin_cmake_args' from command line to 'None'
[0.224s] Level 5:colcon.colcon_core.verb:set package 'w10_force_sim' build argument 'catkin_skip_building_tests' from command line to 'False'
[0.224s] DEBUG:colcon.colcon_core.verb:Building package 'w10_force_sim' with the following arguments: {'ament_cmake_args': None, 'build_base': '/home/user/ros2_ws/dynamic_ws/build/w10_force_sim', 'catkin_cmake_args': None, 'catkin_skip_building_tests': False, 'cmake_args': None, 'cmake_clean_cache': False, 'cmake_clean_first': False, 'cmake_force_configure': False, 'cmake_target': None, 'cmake_target_skip_unavailable': False, 'install_base': '/home/user/ros2_ws/dynamic_ws/install/w10_force_sim', 'merge_install': False, 'path': '/home/user/ros2_ws/dynamic_ws/src/w10_force_sim', 'symlink_install': False, 'test_result_base': None}
[0.225s] Level 5:colcon.colcon_core.verb:set package 'w10_sim' build argument 'cmake_args' from command line to 'None'
[0.225s] Level 5:colcon.colcon_core.verb:set package 'w10_sim' build argument 'cmake_target' from command line to 'None'
[0.225s] Level 5:colcon.colcon_core.verb:set package 'w10_sim' build argument 'cmake_target_skip_unavailable' from command line to 'False'
[0.225s] Level 5:colcon.colcon_core.verb:set package 'w10_sim' build argument 'cmake_clean_cache' from command line to 'False'
[0.225s] Level 5:colcon.colcon_core.verb:set package 'w10_sim' build argument 'cmake_clean_first' from command line to 'False'
[0.225s] Level 5:colcon.colcon_core.verb:set package 'w10_sim' build argument 'cmake_force_configure' from command line to 'False'
[0.225s] Level 5:colcon.colcon_core.verb:set package 'w10_sim' build argument 'ament_cmake_args' from command line to 'None'
[0.225s] Level 5:colcon.colcon_core.verb:set package 'w10_sim' build argument 'catkin_cmake_args' from command line to 'None'
[0.225s] Level 5:colcon.colcon_core.verb:set package 'w10_sim' build argument 'catkin_skip_building_tests' from command line to 'False'
[0.225s] DEBUG:colcon.colcon_core.verb:Building package 'w10_sim' with the following arguments: {'ament_cmake_args': None, 'build_base': '/home/user/ros2_ws/dynamic_ws/build/w10_sim', 'catkin_cmake_args': None, 'catkin_skip_building_tests': False, 'cmake_args': None, 'cmake_clean_cache': False, 'cmake_clean_first': False, 'cmake_force_configure': False, 'cmake_target': None, 'cmake_target_skip_unavailable': False, 'install_base': '/home/user/ros2_ws/dynamic_ws/install/w10_sim', 'merge_install': False, 'path': '/home/user/ros2_ws/dynamic_ws/src/w10_sim', 'symlink_install': False, 'test_result_base': None}
[0.225s] Level 5:colcon.colcon_core.verb:set package 'w10_kinematics' build argument 'cmake_args' from command line to 'None'
[0.225s] Level 5:colcon.colcon_core.verb:set package 'w10_kinematics' build argument 'cmake_target' from command line to 'None'
[0.225s] Level 5:colcon.colcon_core.verb:set package 'w10_kinematics' build argument 'cmake_target_skip_unavailable' from command line to 'False'
[0.225s] Level 5:colcon.colcon_core.verb:set package 'w10_kinematics' build argument 'cmake_clean_cache' from command line to 'False'
[0.225s] Level 5:colcon.colcon_core.verb:set package 'w10_kinematics' build argument 'cmake_clean_first' from command line to 'False'
[0.225s] Level 5:colcon.colcon_core.verb:set package 'w10_kinematics' build argument 'cmake_force_configure' from command line to 'False'
[0.225s] Level 5:colcon.colcon_core.verb:set package 'w10_kinematics' build argument 'ament_cmake_args' from command line to 'None'
[0.225s] Level 5:colcon.colcon_core.verb:set package 'w10_kinematics' build argument 'catkin_cmake_args' from command line to 'None'
[0.225s] Level 5:colcon.colcon_core.verb:set package 'w10_kinematics' build argument 'catkin_skip_building_tests' from command line to 'False'
[0.225s] DEBUG:colcon.colcon_core.verb:Building package 'w10_kinematics' with the following arguments: {'ament_cmake_args': None, 'build_base': '/home/user/ros2_ws/dynamic_ws/build/w10_kinematics', 'catkin_cmake_args': None, 'catkin_skip_building_tests': False, 'cmake_args': None, 'cmake_clean_cache': False, 'cmake_clean_first': False, 'cmake_force_configure': False, 'cmake_target': None, 'cmake_target_skip_unavailable': False, 'install_base': '/home/user/ros2_ws/dynamic_ws/install/w10_kinematics', 'merge_install': False, 'path': '/home/user/ros2_ws/dynamic_ws/src/w10_kinematics', 'symlink_install': False, 'test_result_base': None}
[0.225s] Level 5:colcon.colcon_core.verb:set package 'w10_moveit_kinematics' build argument 'cmake_args' from command line to 'None'
[0.225s] Level 5:colcon.colcon_core.verb:set package 'w10_moveit_kinematics' build argument 'cmake_target' from command line to 'None'
[0.225s] Level 5:colcon.colcon_core.verb:set package 'w10_moveit_kinematics' build argument 'cmake_target_skip_unavailable' from command line to 'False'
[0.225s] Level 5:colcon.colcon_core.verb:set package 'w10_moveit_kinematics' build argument 'cmake_clean_cache' from command line to 'False'
[0.225s] Level 5:colcon.colcon_core.verb:set package 'w10_moveit_kinematics' build argument 'cmake_clean_first' from command line to 'False'
[0.225s] Level 5:colcon.colcon_core.verb:set package 'w10_moveit_kinematics' build argument 'cmake_force_configure' from command line to 'False'
[0.225s] Level 5:colcon.colcon_core.verb:set package 'w10_moveit_kinematics' build argument 'ament_cmake_args' from command line to 'None'
[0.225s] Level 5:colcon.colcon_core.verb:set package 'w10_moveit_kinematics' build argument 'catkin_cmake_args' from command line to 'None'
[0.225s] Level 5:colcon.colcon_core.verb:set package 'w10_moveit_kinematics' build argument 'catkin_skip_building_tests' from command line to 'False'
[0.225s] DEBUG:colcon.colcon_core.verb:Building package 'w10_moveit_kinematics' with the following arguments: {'ament_cmake_args': None, 'build_base': '/home/user/ros2_ws/dynamic_ws/build/w10_moveit_kinematics', 'catkin_cmake_args': None, 'catkin_skip_building_tests': False, 'cmake_args': None, 'cmake_clean_cache': False, 'cmake_clean_first': False, 'cmake_force_configure': False, 'cmake_target': None, 'cmake_target_skip_unavailable': False, 'install_base': '/home/user/ros2_ws/dynamic_ws/install/w10_moveit_kinematics', 'merge_install': False, 'path': '/home/user/ros2_ws/dynamic_ws/src/w10_moveit_kinematics', 'symlink_install': False, 'test_result_base': None}
[0.226s] INFO:colcon.colcon_core.executor:Executing jobs using 'parallel' executor
[0.226s] DEBUG:colcon.colcon_parallel_executor.executor.parallel:run_until_complete
[0.227s] INFO:colcon.colcon_ros.task.ament_cmake.build:Building ROS package in '/home/user/ros2_ws/dynamic_ws/src/w10_sim' with build type 'ament_cmake'
[0.227s] INFO:colcon.colcon_cmake.task.cmake.build:Building CMake package in '/home/user/ros2_ws/dynamic_ws/src/w10_sim'
[0.228s] INFO:colcon.colcon_core.plugin_system:Skipping extension 'colcon_core.shell.bat': Not used on non-Windows systems
[0.228s] INFO:colcon.colcon_core.shell:Skip shell extension 'powershell' for command environment: Not usable outside of PowerShell
[0.228s] DEBUG:colcon.colcon_core.shell:Skip shell extension 'dsv' for command environment
[0.231s] INFO:colcon.colcon_ros.task.ament_cmake.build:Building ROS package in '/home/user/ros2_ws/dynamic_ws/src/marvin_sim' with build type 'ament_cmake'
[0.231s] INFO:colcon.colcon_cmake.task.cmake.build:Building CMake package in '/home/user/ros2_ws/dynamic_ws/src/marvin_sim'
[0.231s] INFO:colcon.colcon_core.shell:Skip shell extension 'powershell' for command environment: Not usable outside of PowerShell
[0.231s] DEBUG:colcon.colcon_core.shell:Skip shell extension 'dsv' for command environment
[0.234s] INFO:colcon.colcon_ros.task.ament_cmake.build:Building ROS package in '/home/user/ros2_ws/dynamic_ws/src/show_urdf' with build type 'ament_cmake'
[0.234s] INFO:colcon.colcon_cmake.task.cmake.build:Building CMake package in '/home/user/ros2_ws/dynamic_ws/src/show_urdf'
[0.234s] INFO:colcon.colcon_core.shell:Skip shell extension 'powershell' for command environment: Not usable outside of PowerShell
[0.234s] DEBUG:colcon.colcon_core.shell:Skip shell extension 'dsv' for command environment
[0.236s] INFO:colcon.colcon_ros.task.ament_cmake.build:Building ROS package in '/home/user/ros2_ws/dynamic_ws/src/vi' with build type 'ament_cmake'
[0.236s] INFO:colcon.colcon_cmake.task.cmake.build:Building CMake package in '/home/user/ros2_ws/dynamic_ws/src/vi'
[0.237s] INFO:colcon.colcon_core.shell:Skip shell extension 'powershell' for command environment: Not usable outside of PowerShell
[0.237s] DEBUG:colcon.colcon_core.shell:Skip shell extension 'dsv' for command environment
[0.239s] INFO:colcon.colcon_ros.task.ament_cmake.build:Building ROS package in '/home/user/ros2_ws/dynamic_ws/src/vi_2p' with build type 'ament_cmake'
[0.239s] INFO:colcon.colcon_cmake.task.cmake.build:Building CMake package in '/home/user/ros2_ws/dynamic_ws/src/vi_2p'
[0.239s] INFO:colcon.colcon_core.shell:Skip shell extension 'powershell' for command environment: Not usable outside of PowerShell
[0.240s] DEBUG:colcon.colcon_core.shell:Skip shell extension 'dsv' for command environment
[0.242s] INFO:colcon.colcon_ros.task.ament_cmake.build:Building ROS package in '/home/user/ros2_ws/dynamic_ws/src/w10_force_sim' with build type 'ament_cmake'
[0.242s] INFO:colcon.colcon_cmake.task.cmake.build:Building CMake package in '/home/user/ros2_ws/dynamic_ws/src/w10_force_sim'
[0.242s] INFO:colcon.colcon_core.shell:Skip shell extension 'powershell' for command environment: Not usable outside of PowerShell
[0.242s] DEBUG:colcon.colcon_core.shell:Skip shell extension 'dsv' for command environment
[0.251s] DEBUG:colcon.colcon_core.event_handler.log_command:Invoking command in '/home/user/ros2_ws/dynamic_ws/build/w10_sim': CMAKE_PREFIX_PATH=/opt/openrobots:/home/user/ros2_ws/dynamic_ws/install/w10_moveit_kinematics:/home/user/ros2_ws/dynamic_ws/install/w10_kinematics:/home/user/ros2_ws/dynamic_ws/install/w10_sim:/home/user/ros2_ws/dynamic_ws/install/w10_force_sim:/home/user/ros2_ws/dynamic_ws/install/vi_2p:/home/user/ros2_ws/dynamic_ws/install/vi:/home/user/ros2_ws/dynamic_ws/install/show_urdf:/home/user/ros2_ws/dynamic_ws/install/marvin_sim:/opt/ros/humble:/home/user/ros2_ws/w10_ws/install/w10-urdf:/home/user/ros2_ws/w10_ws/install/urdf_visualization:/opt/openrobots: /usr/bin/cmake --build /home/user/ros2_ws/dynamic_ws/build/w10_sim -- -j32 -l32
[0.253s] DEBUG:colcon.colcon_core.event_handler.log_command:Invoking command in '/home/user/ros2_ws/dynamic_ws/build/marvin_sim': CMAKE_PREFIX_PATH=/opt/openrobots:/home/user/ros2_ws/dynamic_ws/install/w10_moveit_kinematics:/home/user/ros2_ws/dynamic_ws/install/w10_kinematics:/home/user/ros2_ws/dynamic_ws/install/w10_sim:/home/user/ros2_ws/dynamic_ws/install/w10_force_sim:/home/user/ros2_ws/dynamic_ws/install/vi_2p:/home/user/ros2_ws/dynamic_ws/install/vi:/home/user/ros2_ws/dynamic_ws/install/show_urdf:/home/user/ros2_ws/dynamic_ws/install/marvin_sim:/opt/ros/humble:/home/user/ros2_ws/w10_ws/install/w10-urdf:/home/user/ros2_ws/w10_ws/install/urdf_visualization:/opt/openrobots: /usr/bin/cmake --build /home/user/ros2_ws/dynamic_ws/build/marvin_sim -- -j32 -l32
[0.254s] DEBUG:colcon.colcon_core.event_handler.log_command:Invoking command in '/home/user/ros2_ws/dynamic_ws/build/show_urdf': CMAKE_PREFIX_PATH=/opt/openrobots:/home/user/ros2_ws/dynamic_ws/install/w10_moveit_kinematics:/home/user/ros2_ws/dynamic_ws/install/w10_kinematics:/home/user/ros2_ws/dynamic_ws/install/w10_sim:/home/user/ros2_ws/dynamic_ws/install/w10_force_sim:/home/user/ros2_ws/dynamic_ws/install/vi_2p:/home/user/ros2_ws/dynamic_ws/install/vi:/home/user/ros2_ws/dynamic_ws/install/show_urdf:/home/user/ros2_ws/dynamic_ws/install/marvin_sim:/opt/ros/humble:/home/user/ros2_ws/w10_ws/install/w10-urdf:/home/user/ros2_ws/w10_ws/install/urdf_visualization:/opt/openrobots: /usr/bin/cmake --build /home/user/ros2_ws/dynamic_ws/build/show_urdf -- -j32 -l32
[0.255s] DEBUG:colcon.colcon_core.event_handler.log_command:Invoking command in '/home/user/ros2_ws/dynamic_ws/build/vi': CMAKE_PREFIX_PATH=/opt/openrobots:/home/user/ros2_ws/dynamic_ws/install/w10_moveit_kinematics:/home/user/ros2_ws/dynamic_ws/install/w10_kinematics:/home/user/ros2_ws/dynamic_ws/install/w10_sim:/home/user/ros2_ws/dynamic_ws/install/w10_force_sim:/home/user/ros2_ws/dynamic_ws/install/vi_2p:/home/user/ros2_ws/dynamic_ws/install/vi:/home/user/ros2_ws/dynamic_ws/install/show_urdf:/home/user/ros2_ws/dynamic_ws/install/marvin_sim:/opt/ros/humble:/home/user/ros2_ws/w10_ws/install/w10-urdf:/home/user/ros2_ws/w10_ws/install/urdf_visualization:/opt/openrobots: /usr/bin/cmake --build /home/user/ros2_ws/dynamic_ws/build/vi -- -j32 -l32
[0.257s] DEBUG:colcon.colcon_core.event_handler.log_command:Invoking command in '/home/user/ros2_ws/dynamic_ws/build/vi_2p': CMAKE_PREFIX_PATH=/opt/openrobots:/home/user/ros2_ws/dynamic_ws/install/w10_moveit_kinematics:/home/user/ros2_ws/dynamic_ws/install/w10_kinematics:/home/user/ros2_ws/dynamic_ws/install/w10_sim:/home/user/ros2_ws/dynamic_ws/install/w10_force_sim:/home/user/ros2_ws/dynamic_ws/install/vi_2p:/home/user/ros2_ws/dynamic_ws/install/vi:/home/user/ros2_ws/dynamic_ws/install/show_urdf:/home/user/ros2_ws/dynamic_ws/install/marvin_sim:/opt/ros/humble:/home/user/ros2_ws/w10_ws/install/w10-urdf:/home/user/ros2_ws/w10_ws/install/urdf_visualization:/opt/openrobots: /usr/bin/cmake --build /home/user/ros2_ws/dynamic_ws/build/vi_2p -- -j32 -l32
[0.261s] DEBUG:colcon.colcon_core.event_handler.log_command:Invoking command in '/home/user/ros2_ws/dynamic_ws/build/w10_force_sim': CMAKE_PREFIX_PATH=/opt/openrobots:/home/user/ros2_ws/dynamic_ws/install/w10_moveit_kinematics:/home/user/ros2_ws/dynamic_ws/install/w10_kinematics:/home/user/ros2_ws/dynamic_ws/install/w10_sim:/home/user/ros2_ws/dynamic_ws/install/w10_force_sim:/home/user/ros2_ws/dynamic_ws/install/vi_2p:/home/user/ros2_ws/dynamic_ws/install/vi:/home/user/ros2_ws/dynamic_ws/install/show_urdf:/home/user/ros2_ws/dynamic_ws/install/marvin_sim:/opt/ros/humble:/home/user/ros2_ws/w10_ws/install/w10-urdf:/home/user/ros2_ws/w10_ws/install/urdf_visualization:/opt/openrobots: /usr/bin/cmake --build /home/user/ros2_ws/dynamic_ws/build/w10_force_sim -- -j32 -l32
[0.274s] DEBUG:colcon.colcon_core.event_handler.log_command:Invoked command in '/home/user/ros2_ws/dynamic_ws/build/show_urdf' returned '0': CMAKE_PREFIX_PATH=/opt/openrobots:/home/user/ros2_ws/dynamic_ws/install/w10_moveit_kinematics:/home/user/ros2_ws/dynamic_ws/install/w10_kinematics:/home/user/ros2_ws/dynamic_ws/install/w10_sim:/home/user/ros2_ws/dynamic_ws/install/w10_force_sim:/home/user/ros2_ws/dynamic_ws/install/vi_2p:/home/user/ros2_ws/dynamic_ws/install/vi:/home/user/ros2_ws/dynamic_ws/install/show_urdf:/home/user/ros2_ws/dynamic_ws/install/marvin_sim:/opt/ros/humble:/home/user/ros2_ws/w10_ws/install/w10-urdf:/home/user/ros2_ws/w10_ws/install/urdf_visualization:/opt/openrobots: /usr/bin/cmake --build /home/user/ros2_ws/dynamic_ws/build/show_urdf -- -j32 -l32
[0.281s] DEBUG:colcon.colcon_core.event_handler.log_command:Invoking command in '/home/user/ros2_ws/dynamic_ws/build/show_urdf': CMAKE_PREFIX_PATH=/opt/openrobots:/home/user/ros2_ws/dynamic_ws/install/w10_moveit_kinematics:/home/user/ros2_ws/dynamic_ws/install/w10_kinematics:/home/user/ros2_ws/dynamic_ws/install/w10_sim:/home/user/ros2_ws/dynamic_ws/install/w10_force_sim:/home/user/ros2_ws/dynamic_ws/install/vi_2p:/home/user/ros2_ws/dynamic_ws/install/vi:/home/user/ros2_ws/dynamic_ws/install/show_urdf:/home/user/ros2_ws/dynamic_ws/install/marvin_sim:/opt/ros/humble:/home/user/ros2_ws/w10_ws/install/w10-urdf:/home/user/ros2_ws/w10_ws/install/urdf_visualization:/opt/openrobots: /usr/bin/cmake --install /home/user/ros2_ws/dynamic_ws/build/show_urdf
[0.286s] Level 1:colcon.colcon_core.environment:create_environment_scripts_only(show_urdf)
[0.288s] DEBUG:colcon.colcon_core.event_handler.log_command:Invoked command in '/home/user/ros2_ws/dynamic_ws/build/show_urdf' returned '0': CMAKE_PREFIX_PATH=/opt/openrobots:/home/user/ros2_ws/dynamic_ws/install/w10_moveit_kinematics:/home/user/ros2_ws/dynamic_ws/install/w10_kinematics:/home/user/ros2_ws/dynamic_ws/install/w10_sim:/home/user/ros2_ws/dynamic_ws/install/w10_force_sim:/home/user/ros2_ws/dynamic_ws/install/vi_2p:/home/user/ros2_ws/dynamic_ws/install/vi:/home/user/ros2_ws/dynamic_ws/install/show_urdf:/home/user/ros2_ws/dynamic_ws/install/marvin_sim:/opt/ros/humble:/home/user/ros2_ws/w10_ws/install/w10-urdf:/home/user/ros2_ws/w10_ws/install/urdf_visualization:/opt/openrobots: /usr/bin/cmake --install /home/user/ros2_ws/dynamic_ws/build/show_urdf
[0.289s] Level 1:colcon.colcon_core.environment:checking '/home/user/ros2_ws/dynamic_ws/install/show_urdf' for CMake module files
[0.290s] Level 1:colcon.colcon_core.environment:checking '/home/user/ros2_ws/dynamic_ws/install/show_urdf' for CMake config files
[0.290s] Level 1:colcon.colcon_core.shell:create_environment_hook('show_urdf', 'cmake_prefix_path')
[0.291s] INFO:colcon.colcon_core.shell:Creating environment hook '/home/user/ros2_ws/dynamic_ws/install/show_urdf/share/show_urdf/hook/cmake_prefix_path.ps1'
[0.292s] INFO:colcon.colcon_core.shell:Creating environment descriptor '/home/user/ros2_ws/dynamic_ws/install/show_urdf/share/show_urdf/hook/cmake_prefix_path.dsv'
[0.292s] INFO:colcon.colcon_core.shell:Creating environment hook '/home/user/ros2_ws/dynamic_ws/install/show_urdf/share/show_urdf/hook/cmake_prefix_path.sh'
[0.292s] Level 1:colcon.colcon_core.environment:checking '/home/user/ros2_ws/dynamic_ws/install/show_urdf/bin'
[0.293s] Level 1:colcon.colcon_core.environment:checking '/home/user/ros2_ws/dynamic_ws/install/show_urdf/lib/pkgconfig/show_urdf.pc'
[0.293s] Level 1:colcon.colcon_core.environment:checking '/home/user/ros2_ws/dynamic_ws/install/show_urdf/lib/python3.10/site-packages'
[0.293s] Level 1:colcon.colcon_core.environment:checking '/home/user/ros2_ws/dynamic_ws/install/show_urdf/bin'
[0.293s] INFO:colcon.colcon_core.shell:Creating package script '/home/user/ros2_ws/dynamic_ws/install/show_urdf/share/show_urdf/package.ps1'
[0.294s] INFO:colcon.colcon_core.shell:Creating package descriptor '/home/user/ros2_ws/dynamic_ws/install/show_urdf/share/show_urdf/package.dsv'
[0.294s] INFO:colcon.colcon_core.shell:Creating package script '/home/user/ros2_ws/dynamic_ws/install/show_urdf/share/show_urdf/package.sh'
[0.295s] INFO:colcon.colcon_core.shell:Creating package script '/home/user/ros2_ws/dynamic_ws/install/show_urdf/share/show_urdf/package.bash'
[0.295s] INFO:colcon.colcon_core.shell:Creating package script '/home/user/ros2_ws/dynamic_ws/install/show_urdf/share/show_urdf/package.zsh'
[0.296s] Level 1:colcon.colcon_core.environment:create_file_with_runtime_dependencies(/home/user/ros2_ws/dynamic_ws/install/show_urdf/share/colcon-core/packages/show_urdf)
[0.296s] Level 1:colcon.colcon_core.environment:create_environment_scripts_only(show_urdf)
[0.296s] Level 1:colcon.colcon_core.environment:checking '/home/user/ros2_ws/dynamic_ws/install/show_urdf' for CMake module files
[0.297s] Level 1:colcon.colcon_core.environment:checking '/home/user/ros2_ws/dynamic_ws/install/show_urdf' for CMake config files
[0.297s] Level 1:colcon.colcon_core.shell:create_environment_hook('show_urdf', 'cmake_prefix_path')
[0.297s] INFO:colcon.colcon_core.shell:Creating environment hook '/home/user/ros2_ws/dynamic_ws/install/show_urdf/share/show_urdf/hook/cmake_prefix_path.ps1'
[0.297s] INFO:colcon.colcon_core.shell:Creating environment descriptor '/home/user/ros2_ws/dynamic_ws/install/show_urdf/share/show_urdf/hook/cmake_prefix_path.dsv'
[0.298s] INFO:colcon.colcon_core.shell:Creating environment hook '/home/user/ros2_ws/dynamic_ws/install/show_urdf/share/show_urdf/hook/cmake_prefix_path.sh'
[0.298s] Level 1:colcon.colcon_core.environment:checking '/home/user/ros2_ws/dynamic_ws/install/show_urdf/bin'
[0.298s] Level 1:colcon.colcon_core.environment:checking '/home/user/ros2_ws/dynamic_ws/install/show_urdf/lib/pkgconfig/show_urdf.pc'
[0.298s] Level 1:colcon.colcon_core.environment:checking '/home/user/ros2_ws/dynamic_ws/install/show_urdf/lib/python3.10/site-packages'
[0.299s] Level 1:colcon.colcon_core.environment:checking '/home/user/ros2_ws/dynamic_ws/install/show_urdf/bin'
[0.299s] INFO:colcon.colcon_core.shell:Creating package script '/home/user/ros2_ws/dynamic_ws/install/show_urdf/share/show_urdf/package.ps1'
[0.300s] INFO:colcon.colcon_core.shell:Creating package descriptor '/home/user/ros2_ws/dynamic_ws/install/show_urdf/share/show_urdf/package.dsv'
[0.301s] INFO:colcon.colcon_core.shell:Creating package script '/home/user/ros2_ws/dynamic_ws/install/show_urdf/share/show_urdf/package.sh'
[0.301s] INFO:colcon.colcon_core.shell:Creating package script '/home/user/ros2_ws/dynamic_ws/install/show_urdf/share/show_urdf/package.bash'
[0.302s] INFO:colcon.colcon_core.shell:Creating package script '/home/user/ros2_ws/dynamic_ws/install/show_urdf/share/show_urdf/package.zsh'
[0.302s] Level 1:colcon.colcon_core.environment:create_file_with_runtime_dependencies(/home/user/ros2_ws/dynamic_ws/install/show_urdf/share/colcon-core/packages/show_urdf)
[0.307s] DEBUG:colcon.colcon_core.event_handler.log_command:Invoked command in '/home/user/ros2_ws/dynamic_ws/build/marvin_sim' returned '0': CMAKE_PREFIX_PATH=/opt/openrobots:/home/user/ros2_ws/dynamic_ws/install/w10_moveit_kinematics:/home/user/ros2_ws/dynamic_ws/install/w10_kinematics:/home/user/ros2_ws/dynamic_ws/install/w10_sim:/home/user/ros2_ws/dynamic_ws/install/w10_force_sim:/home/user/ros2_ws/dynamic_ws/install/vi_2p:/home/user/ros2_ws/dynamic_ws/install/vi:/home/user/ros2_ws/dynamic_ws/install/show_urdf:/home/user/ros2_ws/dynamic_ws/install/marvin_sim:/opt/ros/humble:/home/user/ros2_ws/w10_ws/install/w10-urdf:/home/user/ros2_ws/w10_ws/install/urdf_visualization:/opt/openrobots: /usr/bin/cmake --build /home/user/ros2_ws/dynamic_ws/build/marvin_sim -- -j32 -l32
[0.308s] DEBUG:colcon.colcon_core.event_handler.log_command:Invoking command in '/home/user/ros2_ws/dynamic_ws/build/marvin_sim': CMAKE_PREFIX_PATH=/opt/openrobots:/home/user/ros2_ws/dynamic_ws/install/w10_moveit_kinematics:/home/user/ros2_ws/dynamic_ws/install/w10_kinematics:/home/user/ros2_ws/dynamic_ws/install/w10_sim:/home/user/ros2_ws/dynamic_ws/install/w10_force_sim:/home/user/ros2_ws/dynamic_ws/install/vi_2p:/home/user/ros2_ws/dynamic_ws/install/vi:/home/user/ros2_ws/dynamic_ws/install/show_urdf:/home/user/ros2_ws/dynamic_ws/install/marvin_sim:/opt/ros/humble:/home/user/ros2_ws/w10_ws/install/w10-urdf:/home/user/ros2_ws/w10_ws/install/urdf_visualization:/opt/openrobots: /usr/bin/cmake --install /home/user/ros2_ws/dynamic_ws/build/marvin_sim
[0.309s] DEBUG:colcon.colcon_core.event_handler.log_command:Invoked command in '/home/user/ros2_ws/dynamic_ws/build/vi' returned '0': CMAKE_PREFIX_PATH=/opt/openrobots:/home/user/ros2_ws/dynamic_ws/install/w10_moveit_kinematics:/home/user/ros2_ws/dynamic_ws/install/w10_kinematics:/home/user/ros2_ws/dynamic_ws/install/w10_sim:/home/user/ros2_ws/dynamic_ws/install/w10_force_sim:/home/user/ros2_ws/dynamic_ws/install/vi_2p:/home/user/ros2_ws/dynamic_ws/install/vi:/home/user/ros2_ws/dynamic_ws/install/show_urdf:/home/user/ros2_ws/dynamic_ws/install/marvin_sim:/opt/ros/humble:/home/user/ros2_ws/w10_ws/install/w10-urdf:/home/user/ros2_ws/w10_ws/install/urdf_visualization:/opt/openrobots: /usr/bin/cmake --build /home/user/ros2_ws/dynamic_ws/build/vi -- -j32 -l32
[0.310s] DEBUG:colcon.colcon_core.event_handler.log_command:Invoking command in '/home/user/ros2_ws/dynamic_ws/build/vi': CMAKE_PREFIX_PATH=/opt/openrobots:/home/user/ros2_ws/dynamic_ws/install/w10_moveit_kinematics:/home/user/ros2_ws/dynamic_ws/install/w10_kinematics:/home/user/ros2_ws/dynamic_ws/install/w10_sim:/home/user/ros2_ws/dynamic_ws/install/w10_force_sim:/home/user/ros2_ws/dynamic_ws/install/vi_2p:/home/user/ros2_ws/dynamic_ws/install/vi:/home/user/ros2_ws/dynamic_ws/install/show_urdf:/home/user/ros2_ws/dynamic_ws/install/marvin_sim:/opt/ros/humble:/home/user/ros2_ws/w10_ws/install/w10-urdf:/home/user/ros2_ws/w10_ws/install/urdf_visualization:/opt/openrobots: /usr/bin/cmake --install /home/user/ros2_ws/dynamic_ws/build/vi
[0.311s] DEBUG:colcon.colcon_core.event_handler.log_command:Invoked command in '/home/user/ros2_ws/dynamic_ws/build/w10_force_sim' returned '0': CMAKE_PREFIX_PATH=/opt/openrobots:/home/user/ros2_ws/dynamic_ws/install/w10_moveit_kinematics:/home/user/ros2_ws/dynamic_ws/install/w10_kinematics:/home/user/ros2_ws/dynamic_ws/install/w10_sim:/home/user/ros2_ws/dynamic_ws/install/w10_force_sim:/home/user/ros2_ws/dynamic_ws/install/vi_2p:/home/user/ros2_ws/dynamic_ws/install/vi:/home/user/ros2_ws/dynamic_ws/install/show_urdf:/home/user/ros2_ws/dynamic_ws/install/marvin_sim:/opt/ros/humble:/home/user/ros2_ws/w10_ws/install/w10-urdf:/home/user/ros2_ws/w10_ws/install/urdf_visualization:/opt/openrobots: /usr/bin/cmake --build /home/user/ros2_ws/dynamic_ws/build/w10_force_sim -- -j32 -l32
[0.312s] DEBUG:colcon.colcon_core.event_handler.log_command:Invoking command in '/home/user/ros2_ws/dynamic_ws/build/w10_force_sim': CMAKE_PREFIX_PATH=/opt/openrobots:/home/user/ros2_ws/dynamic_ws/install/w10_moveit_kinematics:/home/user/ros2_ws/dynamic_ws/install/w10_kinematics:/home/user/ros2_ws/dynamic_ws/install/w10_sim:/home/user/ros2_ws/dynamic_ws/install/w10_force_sim:/home/user/ros2_ws/dynamic_ws/install/vi_2p:/home/user/ros2_ws/dynamic_ws/install/vi:/home/user/ros2_ws/dynamic_ws/install/show_urdf:/home/user/ros2_ws/dynamic_ws/install/marvin_sim:/opt/ros/humble:/home/user/ros2_ws/w10_ws/install/w10-urdf:/home/user/ros2_ws/w10_ws/install/urdf_visualization:/opt/openrobots: /usr/bin/cmake --install /home/user/ros2_ws/dynamic_ws/build/w10_force_sim
[0.315s] Level 1:colcon.colcon_core.environment:create_environment_scripts_only(marvin_sim)
[0.316s] Level 1:colcon.colcon_core.environment:checking '/home/user/ros2_ws/dynamic_ws/install/marvin_sim' for CMake module files
[0.316s] DEBUG:colcon.colcon_core.event_handler.log_command:Invoked command in '/home/user/ros2_ws/dynamic_ws/build/w10_sim' returned '0': CMAKE_PREFIX_PATH=/opt/openrobots:/home/user/ros2_ws/dynamic_ws/install/w10_moveit_kinematics:/home/user/ros2_ws/dynamic_ws/install/w10_kinematics:/home/user/ros2_ws/dynamic_ws/install/w10_sim:/home/user/ros2_ws/dynamic_ws/install/w10_force_sim:/home/user/ros2_ws/dynamic_ws/install/vi_2p:/home/user/ros2_ws/dynamic_ws/install/vi:/home/user/ros2_ws/dynamic_ws/install/show_urdf:/home/user/ros2_ws/dynamic_ws/install/marvin_sim:/opt/ros/humble:/home/user/ros2_ws/w10_ws/install/w10-urdf:/home/user/ros2_ws/w10_ws/install/urdf_visualization:/opt/openrobots: /usr/bin/cmake --build /home/user/ros2_ws/dynamic_ws/build/w10_sim -- -j32 -l32
[0.318s] Level 1:colcon.colcon_core.environment:checking '/home/user/ros2_ws/dynamic_ws/install/marvin_sim' for CMake config files
[0.319s] DEBUG:colcon.colcon_core.event_handler.log_command:Invoking command in '/home/user/ros2_ws/dynamic_ws/build/w10_sim': CMAKE_PREFIX_PATH=/opt/openrobots:/home/user/ros2_ws/dynamic_ws/install/w10_moveit_kinematics:/home/user/ros2_ws/dynamic_ws/install/w10_kinematics:/home/user/ros2_ws/dynamic_ws/install/w10_sim:/home/user/ros2_ws/dynamic_ws/install/w10_force_sim:/home/user/ros2_ws/dynamic_ws/install/vi_2p:/home/user/ros2_ws/dynamic_ws/install/vi:/home/user/ros2_ws/dynamic_ws/install/show_urdf:/home/user/ros2_ws/dynamic_ws/install/marvin_sim:/opt/ros/humble:/home/user/ros2_ws/w10_ws/install/w10-urdf:/home/user/ros2_ws/w10_ws/install/urdf_visualization:/opt/openrobots: /usr/bin/cmake --install /home/user/ros2_ws/dynamic_ws/build/w10_sim
[0.323s] Level 1:colcon.colcon_core.shell:create_environment_hook('marvin_sim', 'cmake_prefix_path')
[0.323s] INFO:colcon.colcon_core.shell:Creating environment hook '/home/user/ros2_ws/dynamic_ws/install/marvin_sim/share/marvin_sim/hook/cmake_prefix_path.ps1'
[0.324s] DEBUG:colcon.colcon_core.event_handler.log_command:Invoked command in '/home/user/ros2_ws/dynamic_ws/build/vi_2p' returned '0': CMAKE_PREFIX_PATH=/opt/openrobots:/home/user/ros2_ws/dynamic_ws/install/w10_moveit_kinematics:/home/user/ros2_ws/dynamic_ws/install/w10_kinematics:/home/user/ros2_ws/dynamic_ws/install/w10_sim:/home/user/ros2_ws/dynamic_ws/install/w10_force_sim:/home/user/ros2_ws/dynamic_ws/install/vi_2p:/home/user/ros2_ws/dynamic_ws/install/vi:/home/user/ros2_ws/dynamic_ws/install/show_urdf:/home/user/ros2_ws/dynamic_ws/install/marvin_sim:/opt/ros/humble:/home/user/ros2_ws/w10_ws/install/w10-urdf:/home/user/ros2_ws/w10_ws/install/urdf_visualization:/opt/openrobots: /usr/bin/cmake --build /home/user/ros2_ws/dynamic_ws/build/vi_2p -- -j32 -l32
[0.324s] INFO:colcon.colcon_core.shell:Creating environment descriptor '/home/user/ros2_ws/dynamic_ws/install/marvin_sim/share/marvin_sim/hook/cmake_prefix_path.dsv'
[0.324s] INFO:colcon.colcon_core.shell:Creating environment hook '/home/user/ros2_ws/dynamic_ws/install/marvin_sim/share/marvin_sim/hook/cmake_prefix_path.sh'
[0.325s] DEBUG:colcon.colcon_core.event_handler.log_command:Invoking command in '/home/user/ros2_ws/dynamic_ws/build/vi_2p': CMAKE_PREFIX_PATH=/opt/openrobots:/home/user/ros2_ws/dynamic_ws/install/w10_moveit_kinematics:/home/user/ros2_ws/dynamic_ws/install/w10_kinematics:/home/user/ros2_ws/dynamic_ws/install/w10_sim:/home/user/ros2_ws/dynamic_ws/install/w10_force_sim:/home/user/ros2_ws/dynamic_ws/install/vi_2p:/home/user/ros2_ws/dynamic_ws/install/vi:/home/user/ros2_ws/dynamic_ws/install/show_urdf:/home/user/ros2_ws/dynamic_ws/install/marvin_sim:/opt/ros/humble:/home/user/ros2_ws/w10_ws/install/w10-urdf:/home/user/ros2_ws/w10_ws/install/urdf_visualization:/opt/openrobots: /usr/bin/cmake --install /home/user/ros2_ws/dynamic_ws/build/vi_2p
[0.325s] DEBUG:colcon.colcon_core.event_handler.log_command:Invoked command in '/home/user/ros2_ws/dynamic_ws/build/marvin_sim' returned '0': CMAKE_PREFIX_PATH=/opt/openrobots:/home/user/ros2_ws/dynamic_ws/install/w10_moveit_kinematics:/home/user/ros2_ws/dynamic_ws/install/w10_kinematics:/home/user/ros2_ws/dynamic_ws/install/w10_sim:/home/user/ros2_ws/dynamic_ws/install/w10_force_sim:/home/user/ros2_ws/dynamic_ws/install/vi_2p:/home/user/ros2_ws/dynamic_ws/install/vi:/home/user/ros2_ws/dynamic_ws/install/show_urdf:/home/user/ros2_ws/dynamic_ws/install/marvin_sim:/opt/ros/humble:/home/user/ros2_ws/w10_ws/install/w10-urdf:/home/user/ros2_ws/w10_ws/install/urdf_visualization:/opt/openrobots: /usr/bin/cmake --install /home/user/ros2_ws/dynamic_ws/build/marvin_sim
[0.326s] Level 1:colcon.colcon_core.environment:checking '/home/user/ros2_ws/dynamic_ws/install/marvin_sim/lib'
[0.326s] Level 1:colcon.colcon_core.environment:checking '/home/user/ros2_ws/dynamic_ws/install/marvin_sim/bin'
[0.326s] Level 1:colcon.colcon_core.environment:checking '/home/user/ros2_ws/dynamic_ws/install/marvin_sim/lib/pkgconfig/marvin_sim.pc'
[0.327s] Level 1:colcon.colcon_core.environment:checking '/home/user/ros2_ws/dynamic_ws/install/marvin_sim/lib/python3.10/site-packages'
[0.327s] Level 1:colcon.colcon_core.environment:checking '/home/user/ros2_ws/dynamic_ws/install/marvin_sim/bin'
[0.327s] INFO:colcon.colcon_core.shell:Creating package script '/home/user/ros2_ws/dynamic_ws/install/marvin_sim/share/marvin_sim/package.ps1'
[0.328s] INFO:colcon.colcon_core.shell:Creating package descriptor '/home/user/ros2_ws/dynamic_ws/install/marvin_sim/share/marvin_sim/package.dsv'
[0.328s] INFO:colcon.colcon_core.shell:Creating package script '/home/user/ros2_ws/dynamic_ws/install/marvin_sim/share/marvin_sim/package.sh'
[0.329s] INFO:colcon.colcon_core.shell:Creating package script '/home/user/ros2_ws/dynamic_ws/install/marvin_sim/share/marvin_sim/package.bash'
[0.329s] INFO:colcon.colcon_core.shell:Creating package script '/home/user/ros2_ws/dynamic_ws/install/marvin_sim/share/marvin_sim/package.zsh'
[0.329s] Level 1:colcon.colcon_core.environment:create_file_with_runtime_dependencies(/home/user/ros2_ws/dynamic_ws/install/marvin_sim/share/colcon-core/packages/marvin_sim)
[0.330s] Level 1:colcon.colcon_core.environment:create_environment_scripts_only(marvin_sim)
[0.330s] Level 1:colcon.colcon_core.environment:checking '/home/user/ros2_ws/dynamic_ws/install/marvin_sim' for CMake module files
[0.332s] Level 1:colcon.colcon_core.environment:checking '/home/user/ros2_ws/dynamic_ws/install/marvin_sim' for CMake config files
[0.333s] Level 1:colcon.colcon_core.shell:create_environment_hook('marvin_sim', 'cmake_prefix_path')
[0.333s] INFO:colcon.colcon_core.shell:Creating environment hook '/home/user/ros2_ws/dynamic_ws/install/marvin_sim/share/marvin_sim/hook/cmake_prefix_path.ps1'
[0.334s] INFO:colcon.colcon_core.shell:Creating environment descriptor '/home/user/ros2_ws/dynamic_ws/install/marvin_sim/share/marvin_sim/hook/cmake_prefix_path.dsv'
[0.334s] INFO:colcon.colcon_core.shell:Creating environment hook '/home/user/ros2_ws/dynamic_ws/install/marvin_sim/share/marvin_sim/hook/cmake_prefix_path.sh'
[0.335s] Level 1:colcon.colcon_core.environment:checking '/home/user/ros2_ws/dynamic_ws/install/marvin_sim/lib'
[0.335s] Level 1:colcon.colcon_core.environment:checking '/home/user/ros2_ws/dynamic_ws/install/marvin_sim/bin'
[0.335s] Level 1:colcon.colcon_core.environment:checking '/home/user/ros2_ws/dynamic_ws/install/marvin_sim/lib/pkgconfig/marvin_sim.pc'
[0.335s] Level 1:colcon.colcon_core.environment:checking '/home/user/ros2_ws/dynamic_ws/install/marvin_sim/lib/python3.10/site-packages'
[0.335s] Level 1:colcon.colcon_core.environment:checking '/home/user/ros2_ws/dynamic_ws/install/marvin_sim/bin'
[0.335s] INFO:colcon.colcon_core.shell:Creating package script '/home/user/ros2_ws/dynamic_ws/install/marvin_sim/share/marvin_sim/package.ps1'
[0.336s] INFO:colcon.colcon_core.shell:Creating package descriptor '/home/user/ros2_ws/dynamic_ws/install/marvin_sim/share/marvin_sim/package.dsv'
[0.336s] INFO:colcon.colcon_core.shell:Creating package script '/home/user/ros2_ws/dynamic_ws/install/marvin_sim/share/marvin_sim/package.sh'
[0.336s] INFO:colcon.colcon_core.shell:Creating package script '/home/user/ros2_ws/dynamic_ws/install/marvin_sim/share/marvin_sim/package.bash'
[0.337s] INFO:colcon.colcon_core.shell:Creating package script '/home/user/ros2_ws/dynamic_ws/install/marvin_sim/share/marvin_sim/package.zsh'
[0.337s] Level 1:colcon.colcon_core.environment:create_file_with_runtime_dependencies(/home/user/ros2_ws/dynamic_ws/install/marvin_sim/share/colcon-core/packages/marvin_sim)
[0.338s] Level 1:colcon.colcon_core.environment:create_environment_scripts_only(vi)
[0.339s] Level 1:colcon.colcon_core.environment:checking '/home/user/ros2_ws/dynamic_ws/install/vi' for CMake module files
[0.339s] Level 1:colcon.colcon_core.environment:checking '/home/user/ros2_ws/dynamic_ws/install/vi' for CMake config files
[0.339s] Level 1:colcon.colcon_core.shell:create_environment_hook('vi', 'cmake_prefix_path')
[0.340s] INFO:colcon.colcon_core.shell:Creating environment hook '/home/user/ros2_ws/dynamic_ws/install/vi/share/vi/hook/cmake_prefix_path.ps1'
[0.340s] INFO:colcon.colcon_core.shell:Creating environment descriptor '/home/user/ros2_ws/dynamic_ws/install/vi/share/vi/hook/cmake_prefix_path.dsv'
[0.340s] INFO:colcon.colcon_core.shell:Creating environment hook '/home/user/ros2_ws/dynamic_ws/install/vi/share/vi/hook/cmake_prefix_path.sh'
[0.341s] Level 1:colcon.colcon_core.environment:checking '/home/user/ros2_ws/dynamic_ws/install/vi/lib'
[0.341s] Level 1:colcon.colcon_core.environment:checking '/home/user/ros2_ws/dynamic_ws/install/vi/bin'
[0.341s] Level 1:colcon.colcon_core.environment:checking '/home/user/ros2_ws/dynamic_ws/install/vi/lib/pkgconfig/vi.pc'
[0.341s] Level 1:colcon.colcon_core.environment:checking '/home/user/ros2_ws/dynamic_ws/install/vi/lib/python3.10/site-packages'
[0.341s] Level 1:colcon.colcon_core.environment:checking '/home/user/ros2_ws/dynamic_ws/install/vi/bin'
[0.341s] INFO:colcon.colcon_core.shell:Creating package script '/home/user/ros2_ws/dynamic_ws/install/vi/share/vi/package.ps1'
[0.341s] INFO:colcon.colcon_core.shell:Creating package descriptor '/home/user/ros2_ws/dynamic_ws/install/vi/share/vi/package.dsv'
[0.342s] INFO:colcon.colcon_core.shell:Creating package script '/home/user/ros2_ws/dynamic_ws/install/vi/share/vi/package.sh'
[0.342s] INFO:colcon.colcon_core.shell:Creating package script '/home/user/ros2_ws/dynamic_ws/install/vi/share/vi/package.bash'
[0.343s] INFO:colcon.colcon_core.shell:Creating package script '/home/user/ros2_ws/dynamic_ws/install/vi/share/vi/package.zsh'
[0.343s] Level 1:colcon.colcon_core.environment:create_file_with_runtime_dependencies(/home/user/ros2_ws/dynamic_ws/install/vi/share/colcon-core/packages/vi)
[0.343s] Level 1:colcon.colcon_core.environment:create_environment_scripts_only(vi)
[0.344s] Level 1:colcon.colcon_core.environment:checking '/home/user/ros2_ws/dynamic_ws/install/vi' for CMake module files
[0.344s] Level 1:colcon.colcon_core.environment:checking '/home/user/ros2_ws/dynamic_ws/install/vi' for CMake config files
[0.345s] Level 1:colcon.colcon_core.shell:create_environment_hook('vi', 'cmake_prefix_path')
[0.345s] INFO:colcon.colcon_core.shell:Creating environment hook '/home/user/ros2_ws/dynamic_ws/install/vi/share/vi/hook/cmake_prefix_path.ps1'
[0.345s] INFO:colcon.colcon_core.shell:Creating environment descriptor '/home/user/ros2_ws/dynamic_ws/install/vi/share/vi/hook/cmake_prefix_path.dsv'
[0.345s] INFO:colcon.colcon_core.shell:Creating environment hook '/home/user/ros2_ws/dynamic_ws/install/vi/share/vi/hook/cmake_prefix_path.sh'
[0.346s] Level 1:colcon.colcon_core.environment:checking '/home/user/ros2_ws/dynamic_ws/install/vi/lib'
[0.346s] Level 1:colcon.colcon_core.environment:checking '/home/user/ros2_ws/dynamic_ws/install/vi/bin'
[0.346s] Level 1:colcon.colcon_core.environment:checking '/home/user/ros2_ws/dynamic_ws/install/vi/lib/pkgconfig/vi.pc'
[0.346s] Level 1:colcon.colcon_core.environment:checking '/home/user/ros2_ws/dynamic_ws/install/vi/lib/python3.10/site-packages'
[0.346s] Level 1:colcon.colcon_core.environment:checking '/home/user/ros2_ws/dynamic_ws/install/vi/bin'
[0.346s] INFO:colcon.colcon_core.shell:Creating package script '/home/user/ros2_ws/dynamic_ws/install/vi/share/vi/package.ps1'
[0.346s] DEBUG:colcon.colcon_core.event_handler.log_command:Invoked command in '/home/user/ros2_ws/dynamic_ws/build/vi' returned '0': CMAKE_PREFIX_PATH=/opt/openrobots:/home/user/ros2_ws/dynamic_ws/install/w10_moveit_kinematics:/home/user/ros2_ws/dynamic_ws/install/w10_kinematics:/home/user/ros2_ws/dynamic_ws/install/w10_sim:/home/user/ros2_ws/dynamic_ws/install/w10_force_sim:/home/user/ros2_ws/dynamic_ws/install/vi_2p:/home/user/ros2_ws/dynamic_ws/install/vi:/home/user/ros2_ws/dynamic_ws/install/show_urdf:/home/user/ros2_ws/dynamic_ws/install/marvin_sim:/opt/ros/humble:/home/user/ros2_ws/w10_ws/install/w10-urdf:/home/user/ros2_ws/w10_ws/install/urdf_visualization:/opt/openrobots: /usr/bin/cmake --install /home/user/ros2_ws/dynamic_ws/build/vi
[0.347s] INFO:colcon.colcon_core.shell:Creating package descriptor '/home/user/ros2_ws/dynamic_ws/install/vi/share/vi/package.dsv'
[0.347s] INFO:colcon.colcon_core.shell:Creating package script '/home/user/ros2_ws/dynamic_ws/install/vi/share/vi/package.sh'
[0.347s] INFO:colcon.colcon_core.shell:Creating package script '/home/user/ros2_ws/dynamic_ws/install/vi/share/vi/package.bash'
[0.347s] INFO:colcon.colcon_core.shell:Creating package script '/home/user/ros2_ws/dynamic_ws/install/vi/share/vi/package.zsh'
[0.347s] Level 1:colcon.colcon_core.environment:create_file_with_runtime_dependencies(/home/user/ros2_ws/dynamic_ws/install/vi/share/colcon-core/packages/vi)
[0.348s] Level 1:colcon.colcon_core.environment:create_environment_scripts_only(vi_2p)
[0.348s] Level 1:colcon.colcon_core.environment:checking '/home/user/ros2_ws/dynamic_ws/install/vi_2p' for CMake module files
[0.348s] DEBUG:colcon.colcon_core.event_handler.log_command:Invoked command in '/home/user/ros2_ws/dynamic_ws/build/vi_2p' returned '0': CMAKE_PREFIX_PATH=/opt/openrobots:/home/user/ros2_ws/dynamic_ws/install/w10_moveit_kinematics:/home/user/ros2_ws/dynamic_ws/install/w10_kinematics:/home/user/ros2_ws/dynamic_ws/install/w10_sim:/home/user/ros2_ws/dynamic_ws/install/w10_force_sim:/home/user/ros2_ws/dynamic_ws/install/vi_2p:/home/user/ros2_ws/dynamic_ws/install/vi:/home/user/ros2_ws/dynamic_ws/install/show_urdf:/home/user/ros2_ws/dynamic_ws/install/marvin_sim:/opt/ros/humble:/home/user/ros2_ws/w10_ws/install/w10-urdf:/home/user/ros2_ws/w10_ws/install/urdf_visualization:/opt/openrobots: /usr/bin/cmake --install /home/user/ros2_ws/dynamic_ws/build/vi_2p
[0.349s] Level 1:colcon.colcon_core.environment:checking '/home/user/ros2_ws/dynamic_ws/install/vi_2p' for CMake config files
[0.349s] Level 1:colcon.colcon_core.shell:create_environment_hook('vi_2p', 'cmake_prefix_path')
[0.349s] INFO:colcon.colcon_core.shell:Creating environment hook '/home/user/ros2_ws/dynamic_ws/install/vi_2p/share/vi_2p/hook/cmake_prefix_path.ps1'
[0.349s] INFO:colcon.colcon_core.shell:Creating environment descriptor '/home/user/ros2_ws/dynamic_ws/install/vi_2p/share/vi_2p/hook/cmake_prefix_path.dsv'
[0.350s] INFO:colcon.colcon_core.shell:Creating environment hook '/home/user/ros2_ws/dynamic_ws/install/vi_2p/share/vi_2p/hook/cmake_prefix_path.sh'
[0.350s] Level 1:colcon.colcon_core.environment:checking '/home/user/ros2_ws/dynamic_ws/install/vi_2p/lib'
[0.350s] Level 1:colcon.colcon_core.environment:checking '/home/user/ros2_ws/dynamic_ws/install/vi_2p/bin'
[0.350s] Level 1:colcon.colcon_core.environment:checking '/home/user/ros2_ws/dynamic_ws/install/vi_2p/lib/pkgconfig/vi_2p.pc'
[0.350s] Level 1:colcon.colcon_core.environment:checking '/home/user/ros2_ws/dynamic_ws/install/vi_2p/lib/python3.10/site-packages'
[0.350s] Level 1:colcon.colcon_core.environment:checking '/home/user/ros2_ws/dynamic_ws/install/vi_2p/bin'
[0.350s] INFO:colcon.colcon_core.shell:Creating package script '/home/user/ros2_ws/dynamic_ws/install/vi_2p/share/vi_2p/package.ps1'
[0.351s] INFO:colcon.colcon_core.shell:Creating package descriptor '/home/user/ros2_ws/dynamic_ws/install/vi_2p/share/vi_2p/package.dsv'
[0.351s] INFO:colcon.colcon_core.shell:Creating package script '/home/user/ros2_ws/dynamic_ws/install/vi_2p/share/vi_2p/package.sh'
[0.351s] INFO:colcon.colcon_core.shell:Creating package script '/home/user/ros2_ws/dynamic_ws/install/vi_2p/share/vi_2p/package.bash'
[0.351s] INFO:colcon.colcon_core.shell:Creating package script '/home/user/ros2_ws/dynamic_ws/install/vi_2p/share/vi_2p/package.zsh'
[0.351s] Level 1:colcon.colcon_core.environment:create_file_with_runtime_dependencies(/home/user/ros2_ws/dynamic_ws/install/vi_2p/share/colcon-core/packages/vi_2p)
[0.351s] Level 1:colcon.colcon_core.environment:create_environment_scripts_only(vi_2p)
[0.351s] Level 1:colcon.colcon_core.environment:checking '/home/user/ros2_ws/dynamic_ws/install/vi_2p' for CMake module files
[0.352s] Level 1:colcon.colcon_core.environment:checking '/home/user/ros2_ws/dynamic_ws/install/vi_2p' for CMake config files
[0.352s] Level 1:colcon.colcon_core.shell:create_environment_hook('vi_2p', 'cmake_prefix_path')
[0.352s] INFO:colcon.colcon_core.shell:Creating environment hook '/home/user/ros2_ws/dynamic_ws/install/vi_2p/share/vi_2p/hook/cmake_prefix_path.ps1'
[0.352s] INFO:colcon.colcon_core.shell:Creating environment descriptor '/home/user/ros2_ws/dynamic_ws/install/vi_2p/share/vi_2p/hook/cmake_prefix_path.dsv'
[0.352s] INFO:colcon.colcon_core.shell:Creating environment hook '/home/user/ros2_ws/dynamic_ws/install/vi_2p/share/vi_2p/hook/cmake_prefix_path.sh'
[0.352s] Level 1:colcon.colcon_core.environment:checking '/home/user/ros2_ws/dynamic_ws/install/vi_2p/lib'
[0.352s] Level 1:colcon.colcon_core.environment:checking '/home/user/ros2_ws/dynamic_ws/install/vi_2p/bin'
[0.352s] Level 1:colcon.colcon_core.environment:checking '/home/user/ros2_ws/dynamic_ws/install/vi_2p/lib/pkgconfig/vi_2p.pc'
[0.353s] Level 1:colcon.colcon_core.environment:checking '/home/user/ros2_ws/dynamic_ws/install/vi_2p/lib/python3.10/site-packages'
[0.353s] Level 1:colcon.colcon_core.environment:checking '/home/user/ros2_ws/dynamic_ws/install/vi_2p/bin'
[0.353s] INFO:colcon.colcon_core.shell:Creating package script '/home/user/ros2_ws/dynamic_ws/install/vi_2p/share/vi_2p/package.ps1'
[0.353s] INFO:colcon.colcon_core.shell:Creating package descriptor '/home/user/ros2_ws/dynamic_ws/install/vi_2p/share/vi_2p/package.dsv'
[0.353s] INFO:colcon.colcon_core.shell:Creating package script '/home/user/ros2_ws/dynamic_ws/install/vi_2p/share/vi_2p/package.sh'
[0.354s] INFO:colcon.colcon_core.shell:Creating package script '/home/user/ros2_ws/dynamic_ws/install/vi_2p/share/vi_2p/package.bash'
[0.354s] INFO:colcon.colcon_core.shell:Creating package script '/home/user/ros2_ws/dynamic_ws/install/vi_2p/share/vi_2p/package.zsh'
[0.354s] Level 1:colcon.colcon_core.environment:create_file_with_runtime_dependencies(/home/user/ros2_ws/dynamic_ws/install/vi_2p/share/colcon-core/packages/vi_2p)
[0.354s] Level 1:colcon.colcon_core.environment:create_environment_scripts_only(w10_sim)
[0.354s] Level 1:colcon.colcon_core.environment:checking '/home/user/ros2_ws/dynamic_ws/install/w10_sim' for CMake module files
[0.354s] DEBUG:colcon.colcon_core.event_handler.log_command:Invoked command in '/home/user/ros2_ws/dynamic_ws/build/w10_sim' returned '0': CMAKE_PREFIX_PATH=/opt/openrobots:/home/user/ros2_ws/dynamic_ws/install/w10_moveit_kinematics:/home/user/ros2_ws/dynamic_ws/install/w10_kinematics:/home/user/ros2_ws/dynamic_ws/install/w10_sim:/home/user/ros2_ws/dynamic_ws/install/w10_force_sim:/home/user/ros2_ws/dynamic_ws/install/vi_2p:/home/user/ros2_ws/dynamic_ws/install/vi:/home/user/ros2_ws/dynamic_ws/install/show_urdf:/home/user/ros2_ws/dynamic_ws/install/marvin_sim:/opt/ros/humble:/home/user/ros2_ws/w10_ws/install/w10-urdf:/home/user/ros2_ws/w10_ws/install/urdf_visualization:/opt/openrobots: /usr/bin/cmake --install /home/user/ros2_ws/dynamic_ws/build/w10_sim
[0.355s] Level 1:colcon.colcon_core.environment:checking '/home/user/ros2_ws/dynamic_ws/install/w10_sim' for CMake config files
[0.355s] Level 1:colcon.colcon_core.shell:create_environment_hook('w10_sim', 'cmake_prefix_path')
[0.355s] INFO:colcon.colcon_core.shell:Creating environment hook '/home/user/ros2_ws/dynamic_ws/install/w10_sim/share/w10_sim/hook/cmake_prefix_path.ps1'
[0.355s] INFO:colcon.colcon_core.shell:Creating environment descriptor '/home/user/ros2_ws/dynamic_ws/install/w10_sim/share/w10_sim/hook/cmake_prefix_path.dsv'
[0.355s] INFO:colcon.colcon_core.shell:Creating environment hook '/home/user/ros2_ws/dynamic_ws/install/w10_sim/share/w10_sim/hook/cmake_prefix_path.sh'
[0.356s] Level 1:colcon.colcon_core.environment:checking '/home/user/ros2_ws/dynamic_ws/install/w10_sim/lib'
[0.356s] Level 1:colcon.colcon_core.environment:checking '/home/user/ros2_ws/dynamic_ws/install/w10_sim/bin'
[0.356s] Level 1:colcon.colcon_core.environment:checking '/home/user/ros2_ws/dynamic_ws/install/w10_sim/lib/pkgconfig/w10_sim.pc'
[0.356s] Level 1:colcon.colcon_core.environment:checking '/home/user/ros2_ws/dynamic_ws/install/w10_sim/lib/python3.10/site-packages'
[0.356s] Level 1:colcon.colcon_core.environment:checking '/home/user/ros2_ws/dynamic_ws/install/w10_sim/bin'
[0.356s] INFO:colcon.colcon_core.shell:Creating package script '/home/user/ros2_ws/dynamic_ws/install/w10_sim/share/w10_sim/package.ps1'
[0.356s] INFO:colcon.colcon_core.shell:Creating package descriptor '/home/user/ros2_ws/dynamic_ws/install/w10_sim/share/w10_sim/package.dsv'
[0.356s] INFO:colcon.colcon_core.shell:Creating package script '/home/user/ros2_ws/dynamic_ws/install/w10_sim/share/w10_sim/package.sh'
[0.356s] INFO:colcon.colcon_core.shell:Creating package script '/home/user/ros2_ws/dynamic_ws/install/w10_sim/share/w10_sim/package.bash'
[0.357s] INFO:colcon.colcon_core.shell:Creating package script '/home/user/ros2_ws/dynamic_ws/install/w10_sim/share/w10_sim/package.zsh'
[0.357s] Level 1:colcon.colcon_core.environment:create_file_with_runtime_dependencies(/home/user/ros2_ws/dynamic_ws/install/w10_sim/share/colcon-core/packages/w10_sim)
[0.357s] Level 1:colcon.colcon_core.environment:create_environment_scripts_only(w10_sim)
[0.357s] Level 1:colcon.colcon_core.environment:checking '/home/user/ros2_ws/dynamic_ws/install/w10_sim' for CMake module files
[0.357s] Level 1:colcon.colcon_core.environment:checking '/home/user/ros2_ws/dynamic_ws/install/w10_sim' for CMake config files
[0.358s] Level 1:colcon.colcon_core.shell:create_environment_hook('w10_sim', 'cmake_prefix_path')
[0.358s] INFO:colcon.colcon_core.shell:Creating environment hook '/home/user/ros2_ws/dynamic_ws/install/w10_sim/share/w10_sim/hook/cmake_prefix_path.ps1'
[0.358s] INFO:colcon.colcon_core.shell:Creating environment descriptor '/home/user/ros2_ws/dynamic_ws/install/w10_sim/share/w10_sim/hook/cmake_prefix_path.dsv'
[0.358s] INFO:colcon.colcon_core.shell:Creating environment hook '/home/user/ros2_ws/dynamic_ws/install/w10_sim/share/w10_sim/hook/cmake_prefix_path.sh'
[0.359s] Level 1:colcon.colcon_core.environment:checking '/home/user/ros2_ws/dynamic_ws/install/w10_sim/lib'
[0.359s] Level 1:colcon.colcon_core.environment:checking '/home/user/ros2_ws/dynamic_ws/install/w10_sim/bin'
[0.359s] Level 1:colcon.colcon_core.environment:checking '/home/user/ros2_ws/dynamic_ws/install/w10_sim/lib/pkgconfig/w10_sim.pc'
[0.359s] Level 1:colcon.colcon_core.environment:checking '/home/user/ros2_ws/dynamic_ws/install/w10_sim/lib/python3.10/site-packages'
[0.359s] Level 1:colcon.colcon_core.environment:checking '/home/user/ros2_ws/dynamic_ws/install/w10_sim/bin'
[0.359s] INFO:colcon.colcon_core.shell:Creating package script '/home/user/ros2_ws/dynamic_ws/install/w10_sim/share/w10_sim/package.ps1'
[0.359s] INFO:colcon.colcon_core.shell:Creating package descriptor '/home/user/ros2_ws/dynamic_ws/install/w10_sim/share/w10_sim/package.dsv'
[0.360s] INFO:colcon.colcon_core.shell:Creating package script '/home/user/ros2_ws/dynamic_ws/install/w10_sim/share/w10_sim/package.sh'
[0.360s] INFO:colcon.colcon_core.shell:Creating package script '/home/user/ros2_ws/dynamic_ws/install/w10_sim/share/w10_sim/package.bash'
[0.360s] INFO:colcon.colcon_core.shell:Creating package script '/home/user/ros2_ws/dynamic_ws/install/w10_sim/share/w10_sim/package.zsh'
[0.360s] Level 1:colcon.colcon_core.environment:create_file_with_runtime_dependencies(/home/user/ros2_ws/dynamic_ws/install/w10_sim/share/colcon-core/packages/w10_sim)
[0.360s] Level 1:colcon.colcon_core.environment:create_environment_scripts_only(w10_force_sim)
[0.360s] Level 1:colcon.colcon_core.environment:checking '/home/user/ros2_ws/dynamic_ws/install/w10_force_sim' for CMake module files
[0.361s] DEBUG:colcon.colcon_core.event_handler.log_command:Invoked command in '/home/user/ros2_ws/dynamic_ws/build/w10_force_sim' returned '0': CMAKE_PREFIX_PATH=/opt/openrobots:/home/user/ros2_ws/dynamic_ws/install/w10_moveit_kinematics:/home/user/ros2_ws/dynamic_ws/install/w10_kinematics:/home/user/ros2_ws/dynamic_ws/install/w10_sim:/home/user/ros2_ws/dynamic_ws/install/w10_force_sim:/home/user/ros2_ws/dynamic_ws/install/vi_2p:/home/user/ros2_ws/dynamic_ws/install/vi:/home/user/ros2_ws/dynamic_ws/install/show_urdf:/home/user/ros2_ws/dynamic_ws/install/marvin_sim:/opt/ros/humble:/home/user/ros2_ws/w10_ws/install/w10-urdf:/home/user/ros2_ws/w10_ws/install/urdf_visualization:/opt/openrobots: /usr/bin/cmake --install /home/user/ros2_ws/dynamic_ws/build/w10_force_sim
[0.361s] Level 1:colcon.colcon_core.environment:checking '/home/user/ros2_ws/dynamic_ws/install/w10_force_sim' for CMake config files
[0.361s] Level 1:colcon.colcon_core.shell:create_environment_hook('w10_force_sim', 'cmake_prefix_path')
[0.361s] INFO:colcon.colcon_core.shell:Creating environment hook '/home/user/ros2_ws/dynamic_ws/install/w10_force_sim/share/w10_force_sim/hook/cmake_prefix_path.ps1'
[0.362s] INFO:colcon.colcon_core.shell:Creating environment descriptor '/home/user/ros2_ws/dynamic_ws/install/w10_force_sim/share/w10_force_sim/hook/cmake_prefix_path.dsv'
[0.362s] INFO:colcon.colcon_core.shell:Creating environment hook '/home/user/ros2_ws/dynamic_ws/install/w10_force_sim/share/w10_force_sim/hook/cmake_prefix_path.sh'
[0.362s] Level 1:colcon.colcon_core.environment:checking '/home/user/ros2_ws/dynamic_ws/install/w10_force_sim/lib'
[0.362s] Level 1:colcon.colcon_core.environment:checking '/home/user/ros2_ws/dynamic_ws/install/w10_force_sim/bin'
[0.362s] Level 1:colcon.colcon_core.environment:checking '/home/user/ros2_ws/dynamic_ws/install/w10_force_sim/lib/pkgconfig/w10_force_sim.pc'
[0.362s] Level 1:colcon.colcon_core.environment:checking '/home/user/ros2_ws/dynamic_ws/install/w10_force_sim/lib/python3.10/site-packages'
[0.363s] Level 1:colcon.colcon_core.environment:checking '/home/user/ros2_ws/dynamic_ws/install/w10_force_sim/bin'
[0.363s] INFO:colcon.colcon_core.shell:Creating package script '/home/user/ros2_ws/dynamic_ws/install/w10_force_sim/share/w10_force_sim/package.ps1'
[0.363s] INFO:colcon.colcon_core.shell:Creating package descriptor '/home/user/ros2_ws/dynamic_ws/install/w10_force_sim/share/w10_force_sim/package.dsv'
[0.363s] INFO:colcon.colcon_core.shell:Creating package script '/home/user/ros2_ws/dynamic_ws/install/w10_force_sim/share/w10_force_sim/package.sh'
[0.363s] INFO:colcon.colcon_core.shell:Creating package script '/home/user/ros2_ws/dynamic_ws/install/w10_force_sim/share/w10_force_sim/package.bash'
[0.363s] INFO:colcon.colcon_core.shell:Creating package script '/home/user/ros2_ws/dynamic_ws/install/w10_force_sim/share/w10_force_sim/package.zsh'
[0.364s] Level 1:colcon.colcon_core.environment:create_file_with_runtime_dependencies(/home/user/ros2_ws/dynamic_ws/install/w10_force_sim/share/colcon-core/packages/w10_force_sim)
[0.364s] Level 1:colcon.colcon_core.environment:create_environment_scripts_only(w10_force_sim)
[0.364s] Level 1:colcon.colcon_core.environment:checking '/home/user/ros2_ws/dynamic_ws/install/w10_force_sim' for CMake module files
[0.364s] Level 1:colcon.colcon_core.environment:checking '/home/user/ros2_ws/dynamic_ws/install/w10_force_sim' for CMake config files
[0.364s] Level 1:colcon.colcon_core.shell:create_environment_hook('w10_force_sim', 'cmake_prefix_path')
[0.364s] INFO:colcon.colcon_core.shell:Creating environment hook '/home/user/ros2_ws/dynamic_ws/install/w10_force_sim/share/w10_force_sim/hook/cmake_prefix_path.ps1'
[0.365s] INFO:colcon.colcon_core.shell:Creating environment descriptor '/home/user/ros2_ws/dynamic_ws/install/w10_force_sim/share/w10_force_sim/hook/cmake_prefix_path.dsv'
[0.365s] INFO:colcon.colcon_core.shell:Creating environment hook '/home/user/ros2_ws/dynamic_ws/install/w10_force_sim/share/w10_force_sim/hook/cmake_prefix_path.sh'
[0.365s] Level 1:colcon.colcon_core.environment:checking '/home/user/ros2_ws/dynamic_ws/install/w10_force_sim/lib'
[0.365s] Level 1:colcon.colcon_core.environment:checking '/home/user/ros2_ws/dynamic_ws/install/w10_force_sim/bin'
[0.365s] Level 1:colcon.colcon_core.environment:checking '/home/user/ros2_ws/dynamic_ws/install/w10_force_sim/lib/pkgconfig/w10_force_sim.pc'
[0.365s] Level 1:colcon.colcon_core.environment:checking '/home/user/ros2_ws/dynamic_ws/install/w10_force_sim/lib/python3.10/site-packages'
[0.365s] Level 1:colcon.colcon_core.environment:checking '/home/user/ros2_ws/dynamic_ws/install/w10_force_sim/bin'
[0.366s] INFO:colcon.colcon_core.shell:Creating package script '/home/user/ros2_ws/dynamic_ws/install/w10_force_sim/share/w10_force_sim/package.ps1'
[0.366s] INFO:colcon.colcon_core.shell:Creating package descriptor '/home/user/ros2_ws/dynamic_ws/install/w10_force_sim/share/w10_force_sim/package.dsv'
[0.366s] INFO:colcon.colcon_core.shell:Creating package script '/home/user/ros2_ws/dynamic_ws/install/w10_force_sim/share/w10_force_sim/package.sh'
[0.366s] INFO:colcon.colcon_core.shell:Creating package script '/home/user/ros2_ws/dynamic_ws/install/w10_force_sim/share/w10_force_sim/package.bash'
[0.366s] INFO:colcon.colcon_core.shell:Creating package script '/home/user/ros2_ws/dynamic_ws/install/w10_force_sim/share/w10_force_sim/package.zsh'
[0.367s] Level 1:colcon.colcon_core.environment:create_file_with_runtime_dependencies(/home/user/ros2_ws/dynamic_ws/install/w10_force_sim/share/colcon-core/packages/w10_force_sim)
[0.367s] INFO:colcon.colcon_ros.task.ament_cmake.build:Building ROS package in '/home/user/ros2_ws/dynamic_ws/src/w10_kinematics' with build type 'ament_cmake'
[0.367s] INFO:colcon.colcon_cmake.task.cmake.build:Building CMake package in '/home/user/ros2_ws/dynamic_ws/src/w10_kinematics'
[0.367s] INFO:colcon.colcon_core.shell:Skip shell extension 'powershell' for command environment: Not usable outside of PowerShell
[0.367s] DEBUG:colcon.colcon_core.shell:Skip shell extension 'dsv' for command environment
[0.369s] INFO:colcon.colcon_ros.task.ament_cmake.build:Building ROS package in '/home/user/ros2_ws/dynamic_ws/src/w10_moveit_kinematics' with build type 'ament_cmake'
[0.369s] INFO:colcon.colcon_cmake.task.cmake.build:Building CMake package in '/home/user/ros2_ws/dynamic_ws/src/w10_moveit_kinematics'
[0.369s] INFO:colcon.colcon_core.shell:Skip shell extension 'powershell' for command environment: Not usable outside of PowerShell
[0.369s] DEBUG:colcon.colcon_core.shell:Skip shell extension 'dsv' for command environment
[0.374s] DEBUG:colcon.colcon_core.event_handler.log_command:Invoking command in '/home/user/ros2_ws/dynamic_ws/build/w10_kinematics': CMAKE_PREFIX_PATH=/home/user/ros2_ws/dynamic_ws/install/w10_sim:/opt/openrobots:/home/user/ros2_ws/dynamic_ws/install/w10_moveit_kinematics:/home/user/ros2_ws/dynamic_ws/install/w10_kinematics:/home/user/ros2_ws/dynamic_ws/install/w10_force_sim:/home/user/ros2_ws/dynamic_ws/install/vi_2p:/home/user/ros2_ws/dynamic_ws/install/vi:/home/user/ros2_ws/dynamic_ws/install/show_urdf:/home/user/ros2_ws/dynamic_ws/install/marvin_sim:/opt/ros/humble:/home/user/ros2_ws/w10_ws/install/w10-urdf:/home/user/ros2_ws/w10_ws/install/urdf_visualization:/opt/openrobots /usr/bin/cmake --build /home/user/ros2_ws/dynamic_ws/build/w10_kinematics -- -j32 -l32
[0.376s] DEBUG:colcon.colcon_core.event_handler.log_command:Invoking command in '/home/user/ros2_ws/dynamic_ws/build/w10_moveit_kinematics': CMAKE_PREFIX_PATH=/home/user/ros2_ws/dynamic_ws/install/w10_sim:/opt/openrobots:/home/user/ros2_ws/dynamic_ws/install/w10_moveit_kinematics:/home/user/ros2_ws/dynamic_ws/install/w10_kinematics:/home/user/ros2_ws/dynamic_ws/install/w10_force_sim:/home/user/ros2_ws/dynamic_ws/install/vi_2p:/home/user/ros2_ws/dynamic_ws/install/vi:/home/user/ros2_ws/dynamic_ws/install/show_urdf:/home/user/ros2_ws/dynamic_ws/install/marvin_sim:/opt/ros/humble:/home/user/ros2_ws/w10_ws/install/w10-urdf:/home/user/ros2_ws/w10_ws/install/urdf_visualization:/opt/openrobots /usr/bin/cmake --build /home/user/ros2_ws/dynamic_ws/build/w10_moveit_kinematics -- -j32 -l32
[0.457s] DEBUG:colcon.colcon_core.event_handler.log_command:Invoked command in '/home/user/ros2_ws/dynamic_ws/build/w10_kinematics' returned '0': CMAKE_PREFIX_PATH=/home/user/ros2_ws/dynamic_ws/install/w10_sim:/opt/openrobots:/home/user/ros2_ws/dynamic_ws/install/w10_moveit_kinematics:/home/user/ros2_ws/dynamic_ws/install/w10_kinematics:/home/user/ros2_ws/dynamic_ws/install/w10_force_sim:/home/user/ros2_ws/dynamic_ws/install/vi_2p:/home/user/ros2_ws/dynamic_ws/install/vi:/home/user/ros2_ws/dynamic_ws/install/show_urdf:/home/user/ros2_ws/dynamic_ws/install/marvin_sim:/opt/ros/humble:/home/user/ros2_ws/w10_ws/install/w10-urdf:/home/user/ros2_ws/w10_ws/install/urdf_visualization:/opt/openrobots /usr/bin/cmake --build /home/user/ros2_ws/dynamic_ws/build/w10_kinematics -- -j32 -l32
[0.457s] DEBUG:colcon.colcon_core.event_handler.log_command:Invoking command in '/home/user/ros2_ws/dynamic_ws/build/w10_kinematics': CMAKE_PREFIX_PATH=/home/user/ros2_ws/dynamic_ws/install/w10_sim:/opt/openrobots:/home/user/ros2_ws/dynamic_ws/install/w10_moveit_kinematics:/home/user/ros2_ws/dynamic_ws/install/w10_kinematics:/home/user/ros2_ws/dynamic_ws/install/w10_force_sim:/home/user/ros2_ws/dynamic_ws/install/vi_2p:/home/user/ros2_ws/dynamic_ws/install/vi:/home/user/ros2_ws/dynamic_ws/install/show_urdf:/home/user/ros2_ws/dynamic_ws/install/marvin_sim:/opt/ros/humble:/home/user/ros2_ws/w10_ws/install/w10-urdf:/home/user/ros2_ws/w10_ws/install/urdf_visualization:/opt/openrobots /usr/bin/cmake --install /home/user/ros2_ws/dynamic_ws/build/w10_kinematics
[0.465s] Level 1:colcon.colcon_core.environment:create_environment_scripts_only(w10_kinematics)
[0.466s] Level 1:colcon.colcon_core.environment:checking '/home/user/ros2_ws/dynamic_ws/install/w10_kinematics' for CMake module files
[0.466s] DEBUG:colcon.colcon_core.event_handler.log_command:Invoked command in '/home/user/ros2_ws/dynamic_ws/build/w10_kinematics' returned '0': CMAKE_PREFIX_PATH=/home/user/ros2_ws/dynamic_ws/install/w10_sim:/opt/openrobots:/home/user/ros2_ws/dynamic_ws/install/w10_moveit_kinematics:/home/user/ros2_ws/dynamic_ws/install/w10_kinematics:/home/user/ros2_ws/dynamic_ws/install/w10_force_sim:/home/user/ros2_ws/dynamic_ws/install/vi_2p:/home/user/ros2_ws/dynamic_ws/install/vi:/home/user/ros2_ws/dynamic_ws/install/show_urdf:/home/user/ros2_ws/dynamic_ws/install/marvin_sim:/opt/ros/humble:/home/user/ros2_ws/w10_ws/install/w10-urdf:/home/user/ros2_ws/w10_ws/install/urdf_visualization:/opt/openrobots /usr/bin/cmake --install /home/user/ros2_ws/dynamic_ws/build/w10_kinematics
[0.466s] Level 1:colcon.colcon_core.environment:checking '/home/user/ros2_ws/dynamic_ws/install/w10_kinematics' for CMake config files
[0.466s] Level 1:colcon.colcon_core.shell:create_environment_hook('w10_kinematics', 'cmake_prefix_path')
[0.467s] INFO:colcon.colcon_core.shell:Creating environment hook '/home/user/ros2_ws/dynamic_ws/install/w10_kinematics/share/w10_kinematics/hook/cmake_prefix_path.ps1'
[0.467s] INFO:colcon.colcon_core.shell:Creating environment descriptor '/home/user/ros2_ws/dynamic_ws/install/w10_kinematics/share/w10_kinematics/hook/cmake_prefix_path.dsv'
[0.467s] INFO:colcon.colcon_core.shell:Creating environment hook '/home/user/ros2_ws/dynamic_ws/install/w10_kinematics/share/w10_kinematics/hook/cmake_prefix_path.sh'
[0.468s] Level 1:colcon.colcon_core.environment:checking '/home/user/ros2_ws/dynamic_ws/install/w10_kinematics/lib'
[0.468s] Level 1:colcon.colcon_core.environment:checking '/home/user/ros2_ws/dynamic_ws/install/w10_kinematics/bin'
[0.468s] Level 1:colcon.colcon_core.environment:checking '/home/user/ros2_ws/dynamic_ws/install/w10_kinematics/lib/pkgconfig/w10_kinematics.pc'
[0.468s] Level 1:colcon.colcon_core.environment:checking '/home/user/ros2_ws/dynamic_ws/install/w10_kinematics/lib/python3.10/site-packages'
[0.468s] Level 1:colcon.colcon_core.environment:checking '/home/user/ros2_ws/dynamic_ws/install/w10_kinematics/bin'
[0.469s] INFO:colcon.colcon_core.shell:Creating package script '/home/user/ros2_ws/dynamic_ws/install/w10_kinematics/share/w10_kinematics/package.ps1'
[0.469s] INFO:colcon.colcon_core.shell:Creating package descriptor '/home/user/ros2_ws/dynamic_ws/install/w10_kinematics/share/w10_kinematics/package.dsv'
[0.469s] INFO:colcon.colcon_core.shell:Creating package script '/home/user/ros2_ws/dynamic_ws/install/w10_kinematics/share/w10_kinematics/package.sh'
[0.470s] INFO:colcon.colcon_core.shell:Creating package script '/home/user/ros2_ws/dynamic_ws/install/w10_kinematics/share/w10_kinematics/package.bash'
[0.470s] INFO:colcon.colcon_core.shell:Creating package script '/home/user/ros2_ws/dynamic_ws/install/w10_kinematics/share/w10_kinematics/package.zsh'
[0.470s] Level 1:colcon.colcon_core.environment:create_file_with_runtime_dependencies(/home/user/ros2_ws/dynamic_ws/install/w10_kinematics/share/colcon-core/packages/w10_kinematics)
[0.471s] Level 1:colcon.colcon_core.environment:create_environment_scripts_only(w10_kinematics)
[0.471s] Level 1:colcon.colcon_core.environment:checking '/home/user/ros2_ws/dynamic_ws/install/w10_kinematics' for CMake module files
[0.471s] Level 1:colcon.colcon_core.environment:checking '/home/user/ros2_ws/dynamic_ws/install/w10_kinematics' for CMake config files
[0.471s] Level 1:colcon.colcon_core.shell:create_environment_hook('w10_kinematics', 'cmake_prefix_path')
[0.472s] INFO:colcon.colcon_core.shell:Creating environment hook '/home/user/ros2_ws/dynamic_ws/install/w10_kinematics/share/w10_kinematics/hook/cmake_prefix_path.ps1'
[0.472s] INFO:colcon.colcon_core.shell:Creating environment descriptor '/home/user/ros2_ws/dynamic_ws/install/w10_kinematics/share/w10_kinematics/hook/cmake_prefix_path.dsv'
[0.472s] INFO:colcon.colcon_core.shell:Creating environment hook '/home/user/ros2_ws/dynamic_ws/install/w10_kinematics/share/w10_kinematics/hook/cmake_prefix_path.sh'
[0.472s] Level 1:colcon.colcon_core.environment:checking '/home/user/ros2_ws/dynamic_ws/install/w10_kinematics/lib'
[0.472s] Level 1:colcon.colcon_core.environment:checking '/home/user/ros2_ws/dynamic_ws/install/w10_kinematics/bin'
[0.472s] Level 1:colcon.colcon_core.environment:checking '/home/user/ros2_ws/dynamic_ws/install/w10_kinematics/lib/pkgconfig/w10_kinematics.pc'
[0.472s] Level 1:colcon.colcon_core.environment:checking '/home/user/ros2_ws/dynamic_ws/install/w10_kinematics/lib/python3.10/site-packages'
[0.472s] Level 1:colcon.colcon_core.environment:checking '/home/user/ros2_ws/dynamic_ws/install/w10_kinematics/bin'
[0.473s] INFO:colcon.colcon_core.shell:Creating package script '/home/user/ros2_ws/dynamic_ws/install/w10_kinematics/share/w10_kinematics/package.ps1'
[0.473s] INFO:colcon.colcon_core.shell:Creating package descriptor '/home/user/ros2_ws/dynamic_ws/install/w10_kinematics/share/w10_kinematics/package.dsv'
[0.473s] INFO:colcon.colcon_core.shell:Creating package script '/home/user/ros2_ws/dynamic_ws/install/w10_kinematics/share/w10_kinematics/package.sh'
[0.473s] INFO:colcon.colcon_core.shell:Creating package script '/home/user/ros2_ws/dynamic_ws/install/w10_kinematics/share/w10_kinematics/package.bash'
[0.473s] INFO:colcon.colcon_core.shell:Creating package script '/home/user/ros2_ws/dynamic_ws/install/w10_kinematics/share/w10_kinematics/package.zsh'
[0.474s] Level 1:colcon.colcon_core.environment:create_file_with_runtime_dependencies(/home/user/ros2_ws/dynamic_ws/install/w10_kinematics/share/colcon-core/packages/w10_kinematics)
[0.592s] DEBUG:colcon.colcon_core.event_handler.log_command:Invoked command in '/home/user/ros2_ws/dynamic_ws/build/w10_moveit_kinematics' returned '0': CMAKE_PREFIX_PATH=/home/user/ros2_ws/dynamic_ws/install/w10_sim:/opt/openrobots:/home/user/ros2_ws/dynamic_ws/install/w10_moveit_kinematics:/home/user/ros2_ws/dynamic_ws/install/w10_kinematics:/home/user/ros2_ws/dynamic_ws/install/w10_force_sim:/home/user/ros2_ws/dynamic_ws/install/vi_2p:/home/user/ros2_ws/dynamic_ws/install/vi:/home/user/ros2_ws/dynamic_ws/install/show_urdf:/home/user/ros2_ws/dynamic_ws/install/marvin_sim:/opt/ros/humble:/home/user/ros2_ws/w10_ws/install/w10-urdf:/home/user/ros2_ws/w10_ws/install/urdf_visualization:/opt/openrobots /usr/bin/cmake --build /home/user/ros2_ws/dynamic_ws/build/w10_moveit_kinematics -- -j32 -l32
[0.593s] DEBUG:colcon.colcon_core.event_handler.log_command:Invoking command in '/home/user/ros2_ws/dynamic_ws/build/w10_moveit_kinematics': CMAKE_PREFIX_PATH=/home/user/ros2_ws/dynamic_ws/install/w10_sim:/opt/openrobots:/home/user/ros2_ws/dynamic_ws/install/w10_moveit_kinematics:/home/user/ros2_ws/dynamic_ws/install/w10_kinematics:/home/user/ros2_ws/dynamic_ws/install/w10_force_sim:/home/user/ros2_ws/dynamic_ws/install/vi_2p:/home/user/ros2_ws/dynamic_ws/install/vi:/home/user/ros2_ws/dynamic_ws/install/show_urdf:/home/user/ros2_ws/dynamic_ws/install/marvin_sim:/opt/ros/humble:/home/user/ros2_ws/w10_ws/install/w10-urdf:/home/user/ros2_ws/w10_ws/install/urdf_visualization:/opt/openrobots /usr/bin/cmake --install /home/user/ros2_ws/dynamic_ws/build/w10_moveit_kinematics
[0.639s] Level 1:colcon.colcon_core.environment:create_environment_scripts_only(w10_moveit_kinematics)
[0.639s] Level 1:colcon.colcon_core.environment:checking '/home/user/ros2_ws/dynamic_ws/install/w10_moveit_kinematics' for CMake module files
[0.639s] DEBUG:colcon.colcon_core.event_handler.log_command:Invoked command in '/home/user/ros2_ws/dynamic_ws/build/w10_moveit_kinematics' returned '0': CMAKE_PREFIX_PATH=/home/user/ros2_ws/dynamic_ws/install/w10_sim:/opt/openrobots:/home/user/ros2_ws/dynamic_ws/install/w10_moveit_kinematics:/home/user/ros2_ws/dynamic_ws/install/w10_kinematics:/home/user/ros2_ws/dynamic_ws/install/w10_force_sim:/home/user/ros2_ws/dynamic_ws/install/vi_2p:/home/user/ros2_ws/dynamic_ws/install/vi:/home/user/ros2_ws/dynamic_ws/install/show_urdf:/home/user/ros2_ws/dynamic_ws/install/marvin_sim:/opt/ros/humble:/home/user/ros2_ws/w10_ws/install/w10-urdf:/home/user/ros2_ws/w10_ws/install/urdf_visualization:/opt/openrobots /usr/bin/cmake --install /home/user/ros2_ws/dynamic_ws/build/w10_moveit_kinematics
[0.640s] Level 1:colcon.colcon_core.environment:checking '/home/user/ros2_ws/dynamic_ws/install/w10_moveit_kinematics' for CMake config files
[0.640s] Level 1:colcon.colcon_core.shell:create_environment_hook('w10_moveit_kinematics', 'cmake_prefix_path')
[0.640s] INFO:colcon.colcon_core.shell:Creating environment hook '/home/user/ros2_ws/dynamic_ws/install/w10_moveit_kinematics/share/w10_moveit_kinematics/hook/cmake_prefix_path.ps1'
[0.641s] INFO:colcon.colcon_core.shell:Creating environment descriptor '/home/user/ros2_ws/dynamic_ws/install/w10_moveit_kinematics/share/w10_moveit_kinematics/hook/cmake_prefix_path.dsv'
[0.641s] INFO:colcon.colcon_core.shell:Creating environment hook '/home/user/ros2_ws/dynamic_ws/install/w10_moveit_kinematics/share/w10_moveit_kinematics/hook/cmake_prefix_path.sh'
[0.642s] Level 1:colcon.colcon_core.environment:checking '/home/user/ros2_ws/dynamic_ws/install/w10_moveit_kinematics/lib'
[0.642s] Level 1:colcon.colcon_core.environment:checking '/home/user/ros2_ws/dynamic_ws/install/w10_moveit_kinematics/bin'
[0.642s] Level 1:colcon.colcon_core.environment:checking '/home/user/ros2_ws/dynamic_ws/install/w10_moveit_kinematics/lib/pkgconfig/w10_moveit_kinematics.pc'
[0.642s] Level 1:colcon.colcon_core.environment:checking '/home/user/ros2_ws/dynamic_ws/install/w10_moveit_kinematics/lib/python3.10/site-packages'
[0.642s] Level 1:colcon.colcon_core.environment:checking '/home/user/ros2_ws/dynamic_ws/install/w10_moveit_kinematics/bin'
[0.642s] INFO:colcon.colcon_core.shell:Creating package script '/home/user/ros2_ws/dynamic_ws/install/w10_moveit_kinematics/share/w10_moveit_kinematics/package.ps1'
[0.642s] INFO:colcon.colcon_core.shell:Creating package descriptor '/home/user/ros2_ws/dynamic_ws/install/w10_moveit_kinematics/share/w10_moveit_kinematics/package.dsv'
[0.643s] INFO:colcon.colcon_core.shell:Creating package script '/home/user/ros2_ws/dynamic_ws/install/w10_moveit_kinematics/share/w10_moveit_kinematics/package.sh'
[0.643s] INFO:colcon.colcon_core.shell:Creating package script '/home/user/ros2_ws/dynamic_ws/install/w10_moveit_kinematics/share/w10_moveit_kinematics/package.bash'
[0.643s] INFO:colcon.colcon_core.shell:Creating package script '/home/user/ros2_ws/dynamic_ws/install/w10_moveit_kinematics/share/w10_moveit_kinematics/package.zsh'
[0.643s] Level 1:colcon.colcon_core.environment:create_file_with_runtime_dependencies(/home/user/ros2_ws/dynamic_ws/install/w10_moveit_kinematics/share/colcon-core/packages/w10_moveit_kinematics)
[0.643s] Level 1:colcon.colcon_core.environment:create_environment_scripts_only(w10_moveit_kinematics)
[0.643s] Level 1:colcon.colcon_core.environment:checking '/home/user/ros2_ws/dynamic_ws/install/w10_moveit_kinematics' for CMake module files
[0.644s] Level 1:colcon.colcon_core.environment:checking '/home/user/ros2_ws/dynamic_ws/install/w10_moveit_kinematics' for CMake config files
[0.644s] Level 1:colcon.colcon_core.shell:create_environment_hook('w10_moveit_kinematics', 'cmake_prefix_path')
[0.644s] INFO:colcon.colcon_core.shell:Creating environment hook '/home/user/ros2_ws/dynamic_ws/install/w10_moveit_kinematics/share/w10_moveit_kinematics/hook/cmake_prefix_path.ps1'
[0.644s] INFO:colcon.colcon_core.shell:Creating environment descriptor '/home/user/ros2_ws/dynamic_ws/install/w10_moveit_kinematics/share/w10_moveit_kinematics/hook/cmake_prefix_path.dsv'
[0.644s] INFO:colcon.colcon_core.shell:Creating environment hook '/home/user/ros2_ws/dynamic_ws/install/w10_moveit_kinematics/share/w10_moveit_kinematics/hook/cmake_prefix_path.sh'
[0.644s] Level 1:colcon.colcon_core.environment:checking '/home/user/ros2_ws/dynamic_ws/install/w10_moveit_kinematics/lib'
[0.644s] Level 1:colcon.colcon_core.environment:checking '/home/user/ros2_ws/dynamic_ws/install/w10_moveit_kinematics/bin'
[0.644s] Level 1:colcon.colcon_core.environment:checking '/home/user/ros2_ws/dynamic_ws/install/w10_moveit_kinematics/lib/pkgconfig/w10_moveit_kinematics.pc'
[0.645s] Level 1:colcon.colcon_core.environment:checking '/home/user/ros2_ws/dynamic_ws/install/w10_moveit_kinematics/lib/python3.10/site-packages'
[0.645s] Level 1:colcon.colcon_core.environment:checking '/home/user/ros2_ws/dynamic_ws/install/w10_moveit_kinematics/bin'
[0.645s] INFO:colcon.colcon_core.shell:Creating package script '/home/user/ros2_ws/dynamic_ws/install/w10_moveit_kinematics/share/w10_moveit_kinematics/package.ps1'
[0.645s] INFO:colcon.colcon_core.shell:Creating package descriptor '/home/user/ros2_ws/dynamic_ws/install/w10_moveit_kinematics/share/w10_moveit_kinematics/package.dsv'
[0.645s] INFO:colcon.colcon_core.shell:Creating package script '/home/user/ros2_ws/dynamic_ws/install/w10_moveit_kinematics/share/w10_moveit_kinematics/package.sh'
[0.645s] INFO:colcon.colcon_core.shell:Creating package script '/home/user/ros2_ws/dynamic_ws/install/w10_moveit_kinematics/share/w10_moveit_kinematics/package.bash'
[0.646s] INFO:colcon.colcon_core.shell:Creating package script '/home/user/ros2_ws/dynamic_ws/install/w10_moveit_kinematics/share/w10_moveit_kinematics/package.zsh'
[0.646s] Level 1:colcon.colcon_core.environment:create_file_with_runtime_dependencies(/home/user/ros2_ws/dynamic_ws/install/w10_moveit_kinematics/share/colcon-core/packages/w10_moveit_kinematics)
[0.646s] DEBUG:colcon.colcon_parallel_executor.executor.parallel:closing loop
[0.646s] DEBUG:colcon.colcon_parallel_executor.executor.parallel:loop closed
[0.646s] DEBUG:colcon.colcon_parallel_executor.executor.parallel:run_until_complete finished with '0'
[0.646s] DEBUG:colcon.colcon_core.event_reactor:joining thread
[0.649s] INFO:colcon.colcon_core.plugin_system:Skipping extension 'colcon_notification.desktop_notification.terminal_notifier': Not used on non-Darwin systems
[0.649s] INFO:colcon.colcon_core.plugin_system:Skipping extension 'colcon_notification.desktop_notification.win32': Not used on non-Windows systems
[0.649s] INFO:colcon.colcon_notification.desktop_notification:Sending desktop notification using 'notify2'
[0.652s] DEBUG:colcon.colcon_core.event_reactor:joined thread
[0.652s] INFO:colcon.colcon_core.shell:Creating prefix script '/home/user/ros2_ws/dynamic_ws/install/local_setup.ps1'
[0.653s] INFO:colcon.colcon_core.shell:Creating prefix util module '/home/user/ros2_ws/dynamic_ws/install/_local_setup_util_ps1.py'
[0.653s] INFO:colcon.colcon_core.shell:Creating prefix chain script '/home/user/ros2_ws/dynamic_ws/install/setup.ps1'
[0.654s] INFO:colcon.colcon_core.shell:Creating prefix script '/home/user/ros2_ws/dynamic_ws/install/local_setup.sh'
[0.654s] INFO:colcon.colcon_core.shell:Creating prefix util module '/home/user/ros2_ws/dynamic_ws/install/_local_setup_util_sh.py'
[0.654s] INFO:colcon.colcon_core.shell:Creating prefix chain script '/home/user/ros2_ws/dynamic_ws/install/setup.sh'
[0.655s] INFO:colcon.colcon_core.shell:Creating prefix script '/home/user/ros2_ws/dynamic_ws/install/local_setup.bash'
[0.655s] INFO:colcon.colcon_core.shell:Creating prefix chain script '/home/user/ros2_ws/dynamic_ws/install/setup.bash'
[0.656s] INFO:colcon.colcon_core.shell:Creating prefix script '/home/user/ros2_ws/dynamic_ws/install/local_setup.zsh'
[0.656s] INFO:colcon.colcon_core.shell:Creating prefix chain script '/home/user/ros2_ws/dynamic_ws/install/setup.zsh'
