0,0,0,0,0,0,0
0.166917823475629,0.000168659384268821,0.000762262198057435,0.0437456814776818,0.000112111633828129,-0.000825101404689089,-0.000993098756159597
0.333382962956401,0.000538483923893052,0.00149613651100619,0.0874025541669063,0.00021380953282445,-0.00165912797846005,-0.00196198837865899
0.498951223585397,0.00131552230565252,0.00217385911739789,0.13089590539488,0.000293662436044602,-0.00250911133853492,-0.00288197479660048
0.663191788225953,0.00271361643639753,0.00276927082749018,0.174174467494458,0.000338590311117969,-0.00337832669558998,-0.00372761473739599
0.825685365469132,0.0049535157964426,0.00325937330249492,0.217210801482503,0.000333978598345239,-0.00426458149528087,-0.0044728684385289
0.986013673934531,0.0082567230648198,0.00362642432666184,0.259989954483066,0.00026480645956219,-0.0051589208287415,-0.00509180368426133
1.14374061151615,0.0128331360508904,0.00386021895568533,0.302486433011158,0.00011785377556749,-0.0060451401030857,-0.00555987220802054
1.29838873265639,0.0188620807310605,0.00395994142911652,0.344633546120142,-0.000115278151251922,-0.00690050468284254,-0.00585562162556135
1.4494176842855,0.0264666961517011,0.00393488245785311,0.38629302797406,-0.000435012095400564,-0.0076978888940186,-0.00596254807345016
1.59621292500253,0.0356817609852437,0.00380349031164816,0.427234696174702,-0.000831525405401673,-0.00840917196536141,-0.00587070952908709
1.57167252022573,0.0424704091331387,0.00348207149113363,0.422810565250191,-0.00129351854253445,-0.00810314847154149,-0.00469467854852739
1.54219451813915,0.0491161324263452,0.00322676601550944,0.41664174052168,-0.00175640280251944,-0.00767870958198287,-0.00341937982086944
1.50778756731308,0.0554573109123103,0.00304135943801182,0.408612167667608,-0.00220962740548092,-0.00715995267461614,-0.00208285115797956
1.46854508195628,0.0613789141849118,0.00292546885949819,0.398715494468792,-0.00265073272578435,-0.00657340481438809,-0.000720686332870305
1.42465455792453,0.0667961880200192,0.00287744425916294,0.387029840845127,-0.00308245781394945,-0.00594587174272485,0.000633728404965966
1.3763060246474,0.0716276213686186,0.00289559648080863,0.373658523468835,-0.00350903070686608,-0.00530281203008274,0.0019488225862356
1.32371444067677,0.075771824472531,0.00297814479385273,0.358701744714349,-0.00393276638287494,-0.0046677618422108,0.00319426997151849
1.26703248861619,0.0790856300669673,0.00312188141114329,0.342203800389985,-0.00435117361067383,-0.00406128137387006,0.00434064146367673
1.20640352528115,0.0813817121019443,0.00332083092764988,0.32414839070232,-0.00475551643844387,-0.0035001149618133,0.00535951949069424
1.14188238222941,0.0824352581059377,0.00356518737551644,0.304432189371435,-0.00513049303993872,-0.00299544282341438,0.00622388162559598
1.07355103307256,0.082019301079484,0.00384194983550684,0.282908476907937,-0.00545618295354182,-0.00255167063777973,0.00690955354903043
1.00142816166802,0.0799379004550914,0.00413646218022992,0.259391963489563,-0.00571079509040879,-0.002165026214234,0.00739633766562629
0.925671464331786,0.0760815804309135,0.00443579726941568,0.233754222833896,-0.00587561038416456,-0.00182410311686758,0.00767073976125244
0.846398269263962,0.0704422911337107,0.00473087736785173,0.205918892890773,-0.00593806700887196,-0.00151092741014971,0.00772625743942118
0.763995806260954,0.0631451247252011,0.00501934923689922,0.175974318175735,-0.0058962188054385,-0.00120463566003063,0.00756634220264078
0.678725627082905,0.0543970165170705,0.00530361915502278,0.144082888818908,-0.00575692665036086,-0.000884278887824652,0.00720098173394702
0.591211466332767,0.0444891973519394,0.00559168618244966,0.110586464539858,-0.00553763101293357,-0.000533232201243883,0.00664993348452885
0.50174603793426,0.0336940483665971,0.0058901990725213,0.0758103054946078,-0.0052581226412619,-0.000140204306101391,0.00593428223735382
0.411017409111847,0.0222825857129365,0.00620729609078168,0.040179758629051,-0.00494291259615352,0.000298762003530324,0.00508209293198309
0.319267599919428,0.0104323572344219,0.00654373758770909,0.00401578836346778,-0.00461076040993085,0.000781821350155954,0.00411755739768442
0.22699636115333,-0.00173413357758715,0.00689969580548109,-0.0323695344373806,-0.00427955583199689,0.0013019654847118,0.00306792178511905
0.134454936110533,-0.0141788998326057,0.0072690514063393,-0.0687543491928448,-0.0039601377265025,0.00184854700274007,0.00195686599196688
0.0419079875443998,-0.0269205235600506,0.0076442982893264,-0.104974188308952,-0.00365954413201027,0.0024086053904599,0.000807604169777546
-0.0504197826896191,-0.0400162425510505,0.00801689980082197,-0.140908342468012,-0.00338114953796402,0.00296762056043198,-0.000357534627408201
-0.142308108152384,-0.0535367254502719,0.00837918630218492,-0.176455405099024,-0.00312639765437238,0.00351013845815448,-0.00151618179325552
-0.233519794848862,-0.0675405095814034,0.00872580856431246,-0.211509402679519,-0.0028966007562637,0.00402035723582394,-0.00264511334695021
-0.323786615639585,-0.0820484998556626,0.00905434494063209,-0.245935333523442,-0.00269456737841977,0.00448284844065326,-0.00371962142544879
-0.412791789595272,-0.0970189152785099,0.00936474566419913,-0.279542179957272,-0.00252580462699361,0.00488353654018568,-0.0047130923884484
-0.50015199372649,-0.11232809655204,0.00965787053125684,-0.312063521021425,-0.00239911347410067,0.00521115644366782,-0.00559697648281428
-0.585415616950127,-0.127765289179127,0.00993347580449073,-0.343158347503499,-0.00232623168774952,0.00545918922397754,-0.00634150379805127
-0.668083853807996,-0.143046859370723,0.0101880582583504,-0.372435435876546,-0.0023201629602014,0.00562782364133628,-0.00691731517196403
-0.747646601538059,-0.157849782298801,0.0104132794411276,-0.399495779786883,-0.00239215699143139,0.00572517859167793,-0.00729785298105416
-0.823629127051241,-0.171859256018307,0.010596050040603,-0.423987623796204,-0.00254791895920963,0.00576712409205896,-0.00746218924332233
-0.895639182036829,-0.184816364907587,0.0107208292942957,-0.445659939693345,-0.00278418723280644,0.00577533616596329,-0.00739768618989527
-0.963402659445544,-0.196547899072558,0.0107737031769544,-0.464397412516962,-0.00308707047563375,0.00577384326820002,-0.00710178837117025
-1.02677415546535,-0.206964618875106,0.0107466387260999,-0.480222370413117,-0.00343320652040955,0.00578492125864518,-0.00658239360391313
-1.08572167405394,-0.216030034251071,0.0106399874941417,-0.493263855936818,-0.00379381266632905,0.00582546943488669,-0.00585675898203806
-1.14028953847205,-0.22371583781481,0.0104619414701755,-0.503704716369236,-0.00414051843222192,0.00590468134391858,-0.00494935470718073
-1.19055284973863,-0.229966236563664,0.0102251545989442,-0.511726082542187,-0.00445110480986026,0.00602323778574899,-0.00388938303778472
-1.23657540674295,-0.234685144254704,0.00994200775905675,-0.517465506115553,-0.00471332845988671,0.00617371200074486,-0.00270861272526643
-1.27838099870871,-0.237746341638817,0.00962036652716554,-0.520997919910078,-0.00492583413659735,0.00634168572697528,-0.00143991388579145
-1.31594531332236,-0.239017089971111,0.00926112210874638,-0.522341342258764,-0.00509625415027801,0.00650718375901795,-0.000116568057348274
-1.34920602254058,-0.238383527119622,0.00885785826202752,-0.521481757704693,-0.0052373787056692,0.00664624296927978,0.00122781054229737
-1.37808930533343,-0.235772045067003,0.00839840019453892,-0.518411223286973,-0.00536257339334839,0.00673268447223592,0.00255898913293064
-1.40254343333043,-0.231165287173634,0.00786778612365314,-0.513170229873591,-0.00548147507381658,0.00674028467860746,0.00384174647364896
-1.42257253127262,-0.224614404119137,0.00725230213945566,-0.50588603283055,-0.00559676757985672,0.00664558150683479,0.00503970084222756
-1.43825960747957,-0.216247378582482,0.00654419049557878,-0.496795990342594,-0.00570264598401827,0.00643136823893236,0.00611563177551159
-1.44977224740921,-0.206271062093556,0.0057464026502157,-0.486245942866956,-0.00578545389972507,0.00609056253786489,0.00703258846775898
-1.45734306175331,-0.1949618257179,0.00487629038418062,-0.474655029069124,-0.00582668502149949,0.00562959226385028,0.00775596925697069
-1.46122685721046,-0.182641241192474,0.00396683367917078,-0.46244817536575,-0.005807971601777,0.00507002841726264,0.00825650000814487
-1.46164215789739,-0.169637389448057,0.00306424615899716,-0.449969678386942,-0.00571684319634245,0.0044472229645406,0.00851360395965382
-1.45871589715255,-0.15623986154279,0.00222187264722693,-0.43740484713088,-0.00555139113626262,0.00380550958412095,0.00851826228395603
-1.45245280225695,-0.142661809501967,0.00149181383775462,-0.424739482633377,-0.00532205181289814,0.00319087712815103,0.00827438775856779
-1.44274091055309,-0.129021179711203,0.000916798809361437,-0.411773709955295,-0.00504973693034755,0.00264321706060005,0.00779814736871731
-1.4293934082419,-0.115346480015739,0.000524797811754766,-0.398185252959587,-0.00476106745092391,0.00219045287907861,0.0071154527680954
-1.41220689347229,-0.101601414527796,0.000327498463385053,-0.383616176386867,-0.00448249836781409,0.00184597183301789,0.00625844489757756
-1.39101814544689,-0.0877176903439138,0.0003222151091586,-0.36775407180725,-0.00423526408617693,0.00160932978540782,0.00526200561133459
-1.3657408869866,-0.0736243587861744,0.00049564681751471,-0.350385883434776,-0.00403231373065124,0.00146913944933545,0.00416101301472481
-1.33638062560284,-0.0592670472831003,0.00082773825994953,-0.331418827591577,-0.00387748763599001,0.00140674139133815,0.00298863680763152
-1.30302761754432,-0.0446151036865344,0.00129440899621732,-0.310872385228501,-0.00376649430851154,0.00139955711951322,0.00177557715512017
-1.26583826117559,-0.0296588352892169,0.00186869655931735,-0.288852028602735,-0.00368901670824731,0.00142358107656976,0.000550003489659848
-1.225007499589,-0.0144002786501696,0.00252056320276443,-0.265513161286675,-0.00363130940777655,0.00145494942628451,-0.000662101434769028
-1.18074195763374,0.00115830347448028,0.00321610504982052,-0.24102362597808,-0.00357885290196306,0.00147083803013159,-0.00183641527497284
-1.13323297592178,0.0170247702391723,0.00391712907867012,-0.215528578176549,-0.00351877178143727,0.00145005540833138,-0.00294975097501006
-1.08263714497986,0.0332231795680315,0.00458205633789025,-0.189122434471478,-0.00344184517209174,0.00137369283238288,-0.0039796622349347
-1.02906329588342,0.0497934680131354,0.00516882726047601,-0.161830371602,-0.00334393605280029,0.00122607528278208,-0.00490429095671917
-0.972571366365005,0.0667835786232596,0.0056399641141288,-0.133603367282044,-0.00322667435888488,0.000996085367519549,-0.00570255350603143
-0.913184053815548,0.0842345375300463,0.00596918407063862,-0.104329343695626,-0.00309722861796391,0.00067870220456855,-0.0063547334401426
-0.850910025685593,0.102160984139241,0.00614812519090399,-0.0738608725596381,-0.00296708862481659,0.000276371060962664,-0.00684347644037536
-0.78577670860533,0.120531914317983,0.00619115970516615,-0.0420563162592068,-0.0028499830348812,-0.000200321467509281,-0.00715508281558218
-0.717863831448498,0.139257480621759,0.00613626479661446,-0.0088258878399021,-0.00275930921426753,-0.000733157173436178,-0.00728084206178699
-0.647328861090227,0.158187033986311,0.0060408021664969,0.0258290355834019,-0.00270568521432329,-0.0012981925828852,-0.00721806678891334
-0.574416951437088,0.177120622892953,0.00597263681954248,0.0617946623220102,-0.00269528163778092,-0.00186882642847876,-0.00697050835570358
-0.499452144003357,0.195831705395585,0.00599866239815033,0.0988478459334421,-0.00272937866625478,-0.00241936909988627,-0.00654799584425617
-0.42281308008127,0.214095096654881,0.00617369833134628,0.136681662577927,-0.00280519199267523,-0.00292827558576501,-0.00596538793324176
-0.344901667030281,0.23171306979019,0.00653244237644456,0.174944744771394,-0.00291760722015606,-0.00338036438967322,-0.00524114329712791
-0.26611308689655,0.248533761454759,0.00708591982046091,0.213282589222046,-0.00306123187499568,-0.00376773373627725,-0.0043958786846593
-0.186814512425702,0.264459593355708,0.00782240138345305,0.251370842279695,-0.00323219891869349,-0.00408950079297703,-0.00345123247859667
-0.107335061934475,0.279446055425845,0.00871167834889376,0.288934694272262,-0.00342933953934043,-0.00435073654988638,-0.0024291914427559
-0.0279671283699468,0.293493436220264,0.00971120372988569,0.325753308877863,-0.00365458129864629,-0.00456101972222956,-0.00135190345143909
0.0510233447154381,0.30663393777765,0.0107727586669457,0.361650917441178,-0.00391260104883426,-0.00473291720371567,-0.00024188622993434
0.129380003756601,0.31891631027894,0.0118487227006582,0.396477772625169,-0.0042098660176211,-0.00488053247079464,0.00087750101654193
0.206834887504947,0.33038950963083,0.012897408489158,0.430084664467613,-0.00455324580944579,-0.00501810943494406,0.00198147633490635
0.283085186504272,0.341086630876658,0.0138871135908625,0.462295008617148,-0.00494841883645594,-0.00515858489023382,0.00304331120363873
0.357771156904011,0.351011360156276,0.0147985545721575,0.492879880164142,-0.00539836772219931,-0.00531198284986009,0.00403405406196072
0.430460156202937,0.360130371794621,0.0156252662060439,0.521542695986051,-0.00590234360508677,-0.00548363982495837,0.00492272306273384
0.500642892357299,0.36837589047337,0.0163715648965101,0.547920532239701,-0.00645572247401938,-0.00567243965018907,0.00567719235402951
0.567747231170575,0.375662485944138,0.0170480143020587,0.571607454013014,-0.00705108343089622,-0.00586947911778797,0.00626592287995882
0.631170582397081,0.381919415154433,0.0176650462098014,0.592199729238613,-0.00768050546932718,-0.00605775366905017,0.00666049374099233
0.690324442659289,0.387134727430128,0.0182263003865493,0.609354468912115,-0.0083385231815074,-0.0062133870691603,0.00683858953133698
0.744677169982793,0.391401316729792,0.018723869388739,0.622845376620448,-0.00902460738923161,-0.00630852725781521,0.00678680696641059
0.793778283741864,0.394950790691005,0.019137454195918,0.632596810318428,-0.00974379020411848,-0.00631539716487673,0.00650254166307692
0.837253754092743,0.398161007336642,0.0194383597614466,0.638684004182934,-0.0105044037714783,-0.00621047055560527,0.00599443516798286
0.874776151095832,0.401527204980396,0.0195977615202975,0.641301019203198,-0.0113127938848692,-0.00597770376935935,0.00528133859833813
0.906029257189473,0.405591885137381,0.0195974220889648,0.640710860854106,-0.0121659556011802,-0.00561025929576922,0.00439022347639797
0.93069626513029,0.410833842145574,0.0194403431956351,0.637197281104993,-0.0130440070672129,-0.00511089115838563,0.00335369522456357
0.948497678173932,0.417524649474043,0.019158460834895,0.631032581967136,-0.0139051505431125,-0.0044916451753824,0.00220767136126448
0.959287729808671,0.425577327536375,0.0188142707324664,0.622464923463079,-0.0146861080595053,-0.00377346862985811,0.000989515837549907
0.96318814968775,0.434435807123113,0.0184937781313439,0.611719075551425,-0.0153103391856617,-0.00298577989270912,-0.000263331105808514
0.960704284832833,0.443067595390436,0.0182904720053033,0.599000709111924,-0.0157038152799697,-0.00216540212050481,-0.00151430406524799
0.952757207977217,0.450101100804712,0.0182842457617068,0.584499686032668,-0.0158141276348452,-0.00135406601755593,-0.00272830088119525
0.940593837834743,0.454085060304422,0.0185227910971236,0.568394678241007,-0.0156256608154378,-0.000594200567792316,-0.00387194191372492
0.925599995451391,0.453779413630377,0.0190125748811489,0.550864257281232,-0.0151645141059008,7.63351498127072e-05,-0.00491361107918566
0.909091612024991,0.448368898397942,0.0197215312035351,0.532103183172449,-0.0144917869699137,0.000629299182252419,-0.00582355057207654
0.892158926730953,0.437537668189151,0.0205899314793051,0.512333545420532,-0.0136891124106037,0.00104969999243286,-0.00657436965229388
0.875594470248382,0.421413545973751,0.0215437268975463,0.491797780565753,-0.0128423190741257,0.00133735934125046,-0.00714221052474586
0.859890944608195,0.400435563571693,0.022506390144999,0.470729047734067,-0.0120277126533372,0.00150623708377706,-0.00750851564447052
0.845276287527211,0.375202944805262,0.0234080602145002,0.449306997725515,-0.0113029774458,0.00158164198494342,-0.00766198608360184
0.831761653051531,0.346346307405706,0.0241922675707579,0.427617109083445,-0.0107030136108869,0.0015957419411012,-0.00760010741506331
0.819191677496403,0.314440096046982,0.0248203684891494,0.405631310386961,-0.0102402540629381,0.00158218691704398,-0.00732965623347533
0.807296509069669,0.279959930694508,0.0252733345418807,0.383219369961437,-0.00990858295299806,0.00157098899396061,-0.006865935948868
0.795744289727426,0.243277431761151,0.0255505656957757,0.360186825991908,-0.00968949776263208,0.00158476082514763,-0.00623092850343879
0.784190243782173,0.204679484612674,0.0256660838152493,0.336325688987667,-0.00955887084310603,0.0016369311564567,-0.00545089074373081
0.77231641506711,0.164397449949358,0.0256431803232084,0.31146159367314,-0.00949280836919488,0.00173187657336101,-0.00455399593258557
0.759857644092753,0.122634690754594,0.0255088966111891,0.285485724043234,-0.00947167162289875,0.0018663865331965,-0.00356846247543131
0.746612960946175,0.0795858465259554,0.0252895283330623,0.258367404453753,-0.00948202198892208,0.00203170478714026,-0.00252136032735296
0.732444278214124,0.0354459969581916,0.0250078563214374,0.230149329392628,-0.00951677470767712,0.00221552302139935,-0.00143806740100589
0.717266597599395,-0.00958877467391693,0.0246823262056931,0.200930876608476,-0.00957409997495932,0.00240358327695162,-0.000342231773381394
0.701032582171355,-0.055326703280393,0.0243279513621314,0.170844822725487,-0.00965560327025463,0.00258081572168193,0.000743946394564566
0.683716271716787,-0.101588245505391,0.0239585354834547,0.140032728513506,-0.00976424577350618,0.00273213477106686,0.00179927610585743
0.665296999833786,-0.148213855641712,0.0235895336574093,0.108622025775515,-0.00990231421154638,0.00284309748868854,0.00280312464902683
0.64574732409709,-0.195069212376728,0.0232408556680444,0.076708050883962,-0.0100697188427421,0.00290063989404768,0.00373507145447048
0.62502593726979,-0.242046028860172,0.0229387430341845,0.0443431309816986,-0.0102628381491367,0.00289402876802295,0.00457477453462587
0.603078513532263,-0.289057455985447,0.0227159422238602,0.0115351035637857,-0.0104741487148228,0.00281605090213098,0.00530214968234967
0.579846370908692,-0.336027781210779,0.022609513764367,-0.0217435578685242,-0.0106927930283687,0.00266428105322693,0.00589792700190577
0.555283742738735,-0.382877904137368,0.0226561890747463,-0.055536017540474,-0.0109061375318959,0.00244212688257261,0.00634459891285212
0.529379927327802,-0.429509159635141,0.0228858690902645,-0.0898737375973387,-0.0111020930252591,0.00215924026210495,0.00662765369821471
0.502182376229472,-0.475789477334412,0.0233147685853169,-0.124746984803204,-0.0112717275769601,0.00183095224275635,0.0067368862182224
0.473814580927584,-0.521545816294637,0.0239402139412725,-0.160080669505321,-0.0114114799553929,0.00147660841512258,0.00666748522668039
0.444483775901113,-0.566565312165722,0.0247389171109524,-0.195722293162424,-0.0115243171149372,0.00111702877567262,0.0064206154365974
0.414476773932938,-0.610605361880503,0.0256695574910523,-0.2314455552502,-0.0116194739780842,0.000771619377501858,0.00600334620765949
0.384145104924007,-0.653409062869999,0.0266790071399509,-0.266967983090827,-0.0117108346042607,0.000455770914308379,0.00542796066754681
0.353885311171158,-0.694722189714685,0.0277104100728128,-0.301977066091018,-0.0118144437301436,0.00017904818304767,0.00471087226634169
0.324119874411442,-0.734306328067735,0.0287108561967432,-0.336157098261638,-0.0119457774789856,-5.56269766592012e-05,0.0038714302772125
0.295284270678722,-0.771945680168773,0.0296369214866503,-0.369210465577409,-0.0121173522596021,-0.000251895266556166,0.00293087523693788
0.267822079414193,-0.807445678062601,0.0304572588357954,-0.400869516714554,-0.0123369812050002,-0.000419258451999396,0.001911584844284
0.242187439097768,-0.840623573000147,0.0311524354100639,-0.430898547502776,-0.0126067228098053,-0.000572050637994046,0.000836640169698585
0.218851284830536,-0.871292190968922,0.0317129164721977,-0.459088098922669,-0.0129223595259089,-0.000728272208501109,-0.000270343579757209
0.19830481595701,-0.899237780700157,0.0321363967027151,-0.485245049303694,-0.0132731305141313,-0.000908316712994632,-0.00138522005651898
0.181051317658646,-0.924194519094398,0.0324257209740641,-0.509183216733938,-0.0136414780397648,-0.00113347164225755,-0.00248324118270709
0.167574912261726,-0.94581899447884,0.0325883243738721,-0.530718809179179,-0.0140027202721926,-0.00142398543363446,-0.00353897292238733
0.158275276568002,-0.963671748275451,0.0326375564919255,-0.549674567514233,-0.0143249284588261,-0.00179651542618811,-0.00452620345044706
0.153363715507284,-0.97721611674665,0.0325953178482897,-0.565893886406981,-0.0145697913818808,-0.00226094900219913,-0.00541781296637652
0.152732730369924,-0.985846912193728,0.032494424276719,-0.579262533646286,-0.0146956802742763,-0.00281694643691903,-0.0061856181160604
0.155836484796576,-0.988958165709108,0.0323785893182744,-0.589731606064581,-0.0146639114825565,-0.0034510272498608,-0.00680039954132586
0.161639580551357,-0.986045969335428,0.0322985024730647,-0.597332961165864,-0.0144477699044411,-0.00413539854680302,-0.00723262026365721
0.168684062233085,-0.976822173063616,0.0323041618517231,-0.60217976909736,-0.014041524529624,-0.00482966952887183,-0.00745446590741438
0.175279689459862,-0.961299053550415,0.0324353608907673,-0.604449803697076,-0.0134651826784594,-0.00548587240707848,-0.00744340612985318
0.179763389297093,-0.939807647131512,0.0327129649097178,-0.604354673272498,-0.0127620014838017,-0.00605596836906397,-0.00718649398796729
0.180742965426119,-0.912937307475162,0.0331334753278855,-0.602102689484585,-0.0119894910239782,-0.00649986918378306,-0.0066837872148491
0.177256380090858,-0.881415775492519,0.0336688659559887,-0.597864428548392,-0.0112079249143067,-0.00679164296066839,-0.00594939190072423
0.168822197884552,-0.845972096313054,0.0342726524577648,-0.591749909521722,-0.0104708219679563,-0.00692229497309522,-0.00500973984523473
0.155396774986474,-0.807225073360975,0.0348911081716083,-0.583802195269169,-0.00981974304716542,-0.00689890963994418,-0.0038999532352346
0.137274156344614,-0.765623579093808,0.0354763961667196,-0.574007224169013,-0.00928319575491372,-0.00674122164130091,-0.00265972821324868
0.11496584778991,-0.721441792469591,0.0359975143817933,-0.562315155734111,-0.00887800013695528,-0.00647721278862517,-0.00132993091914605
0.0890876422545535,-0.674815603699748,0.0364458272860166,-0.548667123997123,-0.00861134528930653,-0.00613905444540485,4.95324946587437e-05
0.060267546323478,-0.625800701139335,0.0368337636366103,-0.533022465523865,-0.00848236177639502,-0.00576001806878874,0.001440588272346
0.0290783033977354,-0.57443552552583,0.0371869756564332,-0.515383321991363,-0.00848275666099561,-0.00537230265241512,0.00280695277663097
-0.00400752044916089,-0.520797805180157,0.0375314824255782,-0.495814463091492,-0.0085966287240366,-0.00500532817542709,0.00411362042421728
-0.0386427921447895,-0.465047819749965,0.0378782652381806,-0.474455972770799,-0.00879996803145098,-0.00468397079113995,0.00532631206998178
-0.0746124977996817,-0.407453405373442,0.0382087334763313,-0.451525540845482,-0.00906057915274156,-0.00442641881970901,0.00641126680281215
-0.111820819467339,-0.348391972690143,0.0384653556615237,-0.427306570621229,-0.00933923176256069,-0.00424172895742663,0.00733569727061101
-0.150257362043786,-0.288326471107498,0.0385519615150666,-0.402120173556534,-0.00959265190008242,-0.00412764899758217,0.00806911604884079
-0.189944597473765,-0.227756391524693,0.0383466926873895,-0.376283182891988,-0.00977841081659431,-0.00406964039423254,0.0085855125500054
-0.230875138928845,-0.167152793880268,0.037726771708557,-0.350060626222151,-0.00986092216369406,-0.0040420322213638,0.00886601512772965
-0.272954517316067,-0.106894669388725,0.0365990324534691,-0.323626541242378,-0.00981696836845496,-0.00401169346749454,0.00890133479828008
-0.315967168214403,-0.047226250907509,0.0349260538524009,-0.297046182722844,-0.00963893223337017,-0.0039436355301906,0.00869314674511546
-0.359577477949149,0.0117507405235799,0.0327380872820827,-0.270286418999577,-0.00933458854273225,-0.00380707065569094,0.00825384168970505
-0.403364812881805,0.0700494866742602,0.0301263046426909,-0.243249890961898,-0.00892359780225633,-0.00358018731423026,0.00760465256261361
-0.446878913468515,0.12774762971505,0.027220530781147,-0.215820105567639,-0.00843205398644429,-0.00325248703566581,0.00677274293054924
-0.489696904729196,0.184932187730874,0.0241600660003187,-0.187902949226121,-0.00788689166359904,-0.00282454474683102,0.00578811387225189
-0.531465941311076,0.241655351702968,0.0210669759255728,-0.159454267814898,-0.0073115743929585,-0.00230592147353151,0.00468104326834217
-0.571924624679184,0.29790872657609,0.018028176070696,-0.130490742291527,-0.0067237154474655,-0.00171233850651,0.00348043680322377
-0.610904025614114,0.353616367009589,0.0150883966661437,-0.101086510421916,-0.00613455544330442,-0.00106306279296466,0.00221312451793684
-0.648314017870164,0.408643120304746,0.012252964735933,-0.0713605419192468,-0.00554985316555048,-0.000379035147377426,0.000903935387369331
-0.68412111497621,0.462813472487218,0.00949784836972766,-0.0414593177715205,-0.00497166653629511,0.000318142607296089,-0.000423692640437383
-0.718322235773653,0.515936557810547,0.00678431688584671,-0.0115379433045419,-0.00440060636425866,0.0010065648643928,-0.00174679722164479
-0.750916347483695,0.567833399601228,0.00407598296340453,0.0182584806367243,-0.00383827560760018,0.00166410553091888,-0.0030418633746427
-0.78187420793685,0.618361989087482,0.00135621477092503,0.0478118424924725,-0.00328966648209602,0.00226867230205529,-0.0042838457200185
-0.81110935123898,0.667437276413914,-0.00135632485782334,0.0770445071639159,-0.00276526851754564,0.0027990648943526,-0.00544541775983284
-0.838453921599901,0.715041123678356,-0.0039971265972195,0.105926894019157,-0.0022824736928262,0.00323673533593775,-0.00649667058076356
-0.863647145506378,0.761218300565098,-0.00645407837672387,0.134476050953601,-0.00186572069589845,0.00356848730664742,-0.00740553692991156
-0.886342644325984,0.806053216782873,-0.00857803350315486,0.16274218466126,-0.00154477414615212,0.00378970672551347,-0.00813918502439453
-0.906141286337404,0.849627858633102,-0.0102068284987704,0.190782282709973,-0.00135083213443398,0.00390721245632197,-0.00866648214507469
-0.922647620652876,0.891967034386726,-0.0111991359275644,0.218624224747942,-0.00131084644513538,0.0039404692577118,-0.00896128410833508
-0.935537676708588,0.932985220651149,-0.0114690099946138,0.246230183048012,-0.00144138345672891,0.00392006557741161,-0.00900587705013149
-0.944617441118208,0.972453805546191,-0.0110090730637269,0.273471572978151,-0.00174402745002752,0.00388319600343541,-0.00879361297525941
-0.949851532052253,1.01000377792224,-0.00989307131517205,0.30012604165098,-0.00220414127553995,0.00386712771692513,-0.00832990100165279
-0.951351449723081,1.04516551984629,-0.00825662467888431,0.32589908523004,-0.00279361026060238,0.00390257175832245,-0.0076312672036767
-0.94933004279534,1.07743379303067,-0.00626397921230223,0.350463396329968,-0.00347660491120035,0.00400891110989769,-0.00672291911354525
-0.944040084094874,1.10633684306571,-0.00407313172437701,0.373502656993974,-0.00421633543277822,0.00419233182824733,-0.0056356965652434
-0.935717097290859,1.13149011280287,-0.00181003622286291,0.394746852956067,-0.00498075754888142,0.00444668069832414,-0.00440328847815544
-0.924541848782745,1.15262512299042,0.000442941033193882,0.413992165478624,-0.00574600223676018,0.00475603173605479,-0.00306026985182936
-0.910627705468365,1.16959190088761,0.00264484042303002,0.431104622122189,-0.00649729952944935,0.00509776459102074,-0.00164109836110055
-0.894032552469325,1.18234066542459,0.0047841719224963,0.446011654937431,-0.00722787191654422,0.00544531443003237,-0.0001799342989063
-0.874790074245191,1.19088836769455,0.0068622203765597,0.458686601898604,-0.00793653528618623,0.00577029499218902,0.0012889924007276
-0.852954413576022,1.19527527032066,0.00887615713521687,0.469130610270556,-0.00862471769061655,0.0060441776233067,0.00273077437132371
-0.828652373774929,1.19551744067279,0.0108056918875423,0.477355509051437,-0.00929348869532134,0.0062399914808961,0.00410929051435374
-0.802132315612025,1.1915583620448,0.0126062223312485,0.483368685167803,-0.00994107152729195,0.00633451148783662,0.00538706036157188
-0.773799480823469,1.18323159997632,0.0142106200621028,0.487162777716658,-0.0105612977822238,0.00631117050209992,0.00652580568178558
-0.74422016720734,1.17024456803597,0.0155402900132953,0.488711205153207,-0.0111433523127887,0.00616339948683526,0.00748796188402186
-0.714081158943826,1.15219826134003,0.0165236693507152,0.487972422176245,-0.01167297182586,0.00589750461682244,0.00823918860341755
-0.684097408778614,1.12864795100151,0.0171171688405989,0.484903440906874,-0.0121348357455031,0.00553375790005287,0.00875156163339194
-0.654881035131825,1.09919887844003,0.0173213440514924,0.479481492581432,-0.0125154612425084,0.0051045722343202,0.00900673502737602
-0.626803322545753,1.06361135584928,0.0171856319272012,0.47172717874843,-0.012805659363633,0.00464955465060538,0.0089981262548881
-0.599896378363671,1.02188622551422,0.0167991816693334,0.461721792316208,-0.0130018885324616,0.004208595339469,0.00873142192058778
-0.573829464991561,0.974300577689975,0.0162710553311941,0.449609837320198,-0.0131063309478779,0.00381505572763178,0.00822325709436618
-0.547972748213448,0.921386259735347,0.0157073566317882,0.435585761434655,-0.0131260479539672,0.00349105451910399,0.00749861562680867
-0.521526770736362,0.863857637870342,0.0151930688280336,0.419868839835231,-0.0130715844250345,0.00324580251010611,0.00658776647070724
-0.493677806798673,0.802513361782262,0.0147833154488776,0.402677025963476,-0.0129552552891203,0.00307670437230722,0.00552347050283998
-0.463734290947808,0.738137625860774,0.0145043884124616,0.384208524973671,-0.0127891926884428,0.00297213133757645,0.00433882352907387
-0.431214680435557,0.671425069098064,0.0143616305011837,0.364636337863722,-0.0125834060712221,0.00291464732750035,0.00306583210831547
-0.395876064652883,0.602940572399001,0.0143498824563072,0.344113717204625,-0.0123442735432684,0.00288379334563063,0.00173464889883592
-0.357692091108625,0.53311558663801,0.0144626857929664,0.322785459317128,-0.0120739462687319,0.00285802531152625,0.000373367465826125
-0.316798240520914,0.462273632431979,0.0146978494756015,0.300799071905119,-0.011770954535139,0.00281581642001947,-0.000991737885384245
-0.273422698379243,0.390672885138067,0.0150585230947351,0.278310767831196,-0.0114319890677623,0.00273619962187512,-0.00233565723274714
-0.227817755940133,0.318555445402587,0.0155501551593171,0.255484191761158,-0.0110545918833835,0.00259915606229706,-0.00363391318355812
-0.180200299837482,0.246193069805162,0.0161744528722709,0.232480703478562,-0.0106402585032686,0.00238625496096948,-0.0048618068118971
-0.130708049851765,0.173922860530888,0.0169220543194793,0.209443046894387,-0.0101973518313403,0.00208187579589173,-0.00599381319644955
-0.0793756427534548,0.102165129700878,0.0177659864385108,0.186474469617593,-0.00974304202264284,0.00167514860006368,-0.00700331560404401
-0.0261366946618681,0.0314191619335864,0.0186583908999697,0.163619176732239,-0.00930351201944432,0.00116248010291053,-0.00786291277677641
0.0291447203278588,-0.037767099361749,0.0195327694477574,0.140850038047077,-0.00891176019756359,0.000550140329297603,-0.00854551450011014
0.0866144517068007,-0.104851809271304,0.0203129574447478,0.118069881010226,-0.00860285755151951,-0.000143988804186111,-0.00902633218047759
0.146351797335035,-0.169369372037879,0.020927730998215,0.0951291539896778,-0.00840736968390322,-0.000890565747206724,-0.00928556174785162
0.208297312218042,-0.230997590232818,0.0213271189229855,0.0718577441189443,-0.00834467531217609,-0.00165156626679023,-0.00931115488045124
0.272209360619769,-0.289598410915169,0.0214945907371117,0.0481031745325233,-0.00841845573832818,-0.00238549820084288,-0.00910078517508652
0.337665414506027,-0.345214032652118,0.0214501109818348,0.0237650355129009,-0.00861616200380979,-0.00305375374329371,-0.00866226128783518
0.40410776054153,-0.398017105739086,0.0212427767361886,-0.00118267666694181,-0.00891279286625201,-0.00362619834155984,-0.008012252902839
0.47091686589248,-0.448231747376711,0.0209361026006748,-0.0266856080934643,-0.00927757254690291,-0.0040844445946423,-0.00717383685366058
0.537489505765754,-0.496052070026464,0.0205916569782793,-0.0526185424494209,-0.00968120999793649,-0.00442232707911227,-0.0061737422674525
0.603299934423086,-0.541578448338549,0.020256165129702,-0.0788059462848833,-0.0101015961900451,-0.00464414344382659,-0.00504000344466574
0.667934317864878,-0.584782800045098,0.0199549562525225,-0.105047308775239,-0.010526846469472,-0.00476179499152824,-0.0038004441890613
0.731096296332287,-0.625501655580008,0.0196918922527646,-0.131141506261334,-0.0109555736860602,-0.0047918905659751,-0.0024820333613306
0.792591441650891,-0.663454042880346,0.0194543716873462,-0.156906414755027,-0.01139496592448,-0.0047535137718587,-0.00111099544156484
0.852295188317461,-0.69827642595108,0.0192212363091268,-0.182191420112513,-0.0118573121515841,-0.00466685189597798,0.000286567494282364
0.910111573046414,-0.729572594680571,0.018971660038782,-0.206882232079098,-0.012355583796827,-0.00455255010872855,0.00168374904414239
0.965926300917288,-0.756976390514591,0.0186933133779503,-0.23089770991289,-0.0128985191016108,-0.00443140272679993,0.00305182949302617
1.01955821504674,-0.780225452922236,0.0183882806733926,-0.254178549708203,-0.0134857039246888,-0.00432388563680576,0.00435941980616123
1.07071649849687,-0.799240861826349,0.0180752613726815,-0.276668202892722,-0.0141034121812423,-0.00424904916812705,0.00557204391174137
1.11897326026717,-0.814198329009955,0.0177867681758594,-0.298287476194115,-0.0147223313496537,-0.00422245813689391,0.00665248984196609
1.16376574390434,-0.825568791075744,0.0175609362100256,-0.318907766932345,-0.0152985505280154,-0.00425326679211783,0.00756224425797911
1.20443725921962,-0.834100193247011,0.0174292989338584,-0.338331255672658,-0.0157787966079076,-0.00434108287289153,0.00826414476696116
1.24031880154893,-0.840724358769077,0.0174042486148434,-0.356289506300551,-0.0161097077567253,-0.00447383709776806,0.00872603545459698
1.27083188189769,-0.846396135103331,0.0174712908736463,-0.372467452673057,-0.0162489876202158,-0.00462797751479066,0.00892471231091027
1.2955821985513,-0.851908973451526,0.0175902783809933,-0.386550509307698,-0.016174821176096,-0.00477169686358217,0.00884912785107977
1.31440913596752,-0.857749238461589,0.0177059791203225,-0.398279000194904,-0.0158900032528015,-0.00487065225361014,0.00850187995248107
1.32737555097232,-0.864042191192976,0.0177637391318784,-0.407488873891463,-0.0154193631545458,-0.00489448444156875,0.00789858021821814
1.3347057199858,-0.870600932716518,0.0177235330635918,-0.414123140134379,-0.0148019441529061,-0.00482209759380637,0.00706542710537913
1.33669937149275,-0.877046087985377,0.0175670684310947,-0.418213189384002,-0.0140813020532775,-0.00464433556723208,0.00603584050308969
1.33365356770597,-0.882942583720286,0.0172965581105101,-0.419842400447915,-0.0132972501253857,-0.00436387535963096,0.00484710446139867
1.32581115548722,-0.887905897179469,0.0169275467396768,-0.419108106124744,-0.0124809003901501,-0.0039931298037205,0.00353768398075087
1.31334364070851,-0.89165730347946,0.0164799866827552,-0.416095349540653,-0.0116532416090398,-0.00355134063947085,0.00214551799447304
1.2963590955915,-0.894027596543562,0.0159712622579486,-0.410866692438909,-0.0108264034384342,-0.00306182197396731,0.000707244852995783
1.27492870190142,-0.89492697212571,0.0154134002007948,-0.403468593598424,-0.0100065533204923,-0.00254984460796806,-0.000741835305281251
1.24911852473243,-0.894296548486047,0.0148149491289897,-0.393949164365819,-0.00919746298661201,-0.00204112473390482,-0.00216735372112341
1.21902174683546,-0.892058108288589,0.0141868220479264,-0.382382757980847,-0.00840409631158617,-0.00156056427747628,-0.00353530426070217
1.18478541168047,-0.888072634307907,0.0135504405673819,-0.368895216721102,-0.00763568809494111,-0.00113077576133816,-0.00481159705716334
1.14662751880155,-0.882116311090428,0.0129457863964505,-0.35368322030864,-0.00690780156003619,-0.00077005594205992,-0.00596200954791585
1.10484107956293,-0.873881503840646,0.0124363924147954,-0.337020898256759,-0.00624281780088613,-0.00048980545081473,-0.00695279520533041
1.0597817396998,-0.863006924660571,0.0121082304515195,-0.31924757334203,-0.00566838521928202,-0.000291853961656261,-0.00775213558931091
1.01183889481299,-0.849135552925388,0.01206050114818,-0.300734504152901,-0.00521372580880728,-0.00016658622791797,-0.00833243343010287
0.961394925245978,-0.83198908034436,0.0123888455501959,-0.281835400311565,-0.00490438068545703,-9.29162201847964e-05,-0.00867312413760645
0.908783353179999,-0.811438489683911,0.0131649734017656,-0.262833632017363,-0.00475676815771406,-4.07900265134677e-05,-0.00876333673235722
0.854258307067596,-0.787546091972731,0.0144194061206762,-0.243903069500457,-0.00477434054192976,2.3984580025985e-05,-0.00860355830026588
0.797985597373213,-0.760562816287126,0.0161339598993048,-0.22509649593774,-0.00494675788208108,0.000133790019645654,-0.00820566573921
0.740056584272012,-0.730880565852202,0.0182470453603112,-0.206364808908181,-0.0052523672801617,0.000313870676338008,-0.00759122854372616
0.680518417498203,-0.698957500923604,0.0206696390512582,-0.18759864252755,-0.00566300462754844,0.000579062428367069,-0.00678860514212868
0.619408408787044,-0.665240710898601,0.0233058518210278,-0.168676906358401,-0.00614941870907227,0.00093309059269687,-0.00582967601951327
0.556782888487886,-0.630107867936331,0.0260713956321024,-0.149508053163902,-0.00668576421417302,0.00136997061631562,-0.00474700477342076
0.492734651793483,-0.593837497476346,0.0289054511381432,-0.130055676195734,-0.0072523092482936,0.00187650816363974,-0.00357187871186815
0.427397973066524,-0.556606652455862,0.0317746308774299,-0.11034678261319,-0.00783626545738821,0.00243490126221122,-0.00233331805440614
0.360943296504622,-0.518508649429585,0.0346702047812229,-0.0904655287918779,-0.00843113188574755,0.00302479771295344,-0.00105790195953467
0.293564573175017,-0.479581985219681,0.0376008468446141,-0.0705366824967116,-0.00903508622881138,0.00362458950511654,0.000229835800735058
0.225462332052365,-0.439843387456484,0.040583167088481,-0.0507027845974142,-0.00964888629224062,0.00421206410095659,0.00150668081586871
0.156825586373796,-0.399320645947744,0.043631855693036,-0.0310981984420007,-0.0102736176638108,0.00476473511167263,0.00274987860795532
0.0878151764241612,-0.35808244044267,0.046750720724815,-0.0118226220360979,-0.0109085244875496,0.00526024647416595,0.00393630388466596
0.0185516512238029,-0.316262341529498,0.049925745013907,0.00708282849298053,-0.011549158946648,0.00567722584042264,0.00504181318035397
-0.0508885387596001,-0.274074509308853,0.0531213139360561,0.0256526671394344,-0.0121861715092328,0.00599684762847887,0.00604095318597807
-0.12046545891989,-0.231816955404654,0.056280778025534,0.0440017971872206,-0.0128051471586979,0.00620514921612125,0.00690722623860716
-0.190154917584185,-0.189857361552687,0.0593320921574738,0.0623123732098897,-0.013387867173932,0.00629578401204173,0.00761408903273598
-0.259915729545811,-0.148599591761735,0.0621983803862225,0.0807996588551731,-0.0139151805436528,0.00627252362532496,0.00813675932217878
-0.329650624066274,-0.108433353627037,0.0648114030531014,0.0996596383525502,-0.0143711287967654,0.00615052028896537,0.00845464295748829
-0.399170781737483,-0.0696781546478848,0.0671243905360775,0.119009379846801,-0.0147473779441129,0.00595543976806452,0.00855390198502305
-0.468175767322349,-0.0325380334864651,0.0691200474843248,0.138837699029559,-0.0150465674806934,0.00572014130118151,0.00842946224685014
-0.536257739162549,0.0029171565513097,0.0708109317696188,0.158983659338658,-0.0152833397838378,0.00547949640221795,0.00808583030472831
-0.602930939515488,0.0367372355973503,0.072232308141996,0.179151678854642,-0.0154825817146734,0.00526471071096545,0.00753646790136875
-0.667677937766256,0.0690500690966985,0.0734304669534071,0.198958271099358,-0.0156754320362585,0.0050986807762342,0.00680198029946679
-0.729998599354011,0.100008211416895,0.0744508593710666,0.217994477308193,-0.0158943376452401,0.00499340051698673,0.00590774222246562
-0.789448118533974,0.129740732603005,0.0753296177037516,0.235885060391717,-0.0161685172516446,0.0049495740385002,0.00488162876588263
-0.845656423785929,0.158321937475334,0.0760900931634481,0.252330516206428,-0.0165207548840008,0.00495789301044208,0.00375231228299996
-0.898330271272554,0.185761537362453,0.0767442556913499,0.267126710373215,-0.0169658735141021,0.00500117161219231,0.00254830396076507
-0.947242670327617,0.212014849350463,0.0772973661540546,0.280163255148434,-0.0175107223396021,0.00505663585241199,0.00129765862113713
-0.992216319449042,0.237008437227646,0.0777539702047029,0.291405192386587,-0.0181552984029234,0.00509798842556578,2.81425111259182e-05
-1.03310605368398,0.260675340398807,0.0781233181081709,0.300862782882234,-0.0188945779005886,0.00509719984827564,-0.00123237075949868
-1.06978295017996,0.282993540722309,0.0784226572133042,0.308553456558251,-0.0197206738709312,0.00502620936251546,-0.00245549021241649
-1.10212281460329,0.304021231359726,0.0786774712138703,0.314460462249792,-0.0206250053675341,0.00485881679295137,-0.00361206315878843
-1.12999984756043,0.323921651177209,0.0789182737614494,0.318493883487803,-0.021600128813398,0.00457297211040806,-0.00467225451059162
-1.15328660959911,0.342970326118597,0.0791744317328242,0.320462429234826,-0.0226408550552138,0.0041534566709639,-0.00560608604495734
-1.17186121313349,0.361539246863837,0.0794664533559271,0.320066524991888,-0.0237442866857122,0.00359462981961335,-0.00638454048203841
-1.18562200112613,0.380056954833384,0.079799018938196,0.316922359617944,-0.0249085593006518,0.00290259046384893,-0.00698126027431808
-1.19450897182989,0.398950713922868,0.0801573343477307,0.310620455588464,-0.0261304144362351,0.00209593799814983,-0.0073747213176915
-1.19853051689546,0.418584865617748,0.0805087456620079,0.300811016050295,-0.0274022262316151,0.00120447909233994,-0.00755054366283828
-1.19779062213924,0.439212831578458,0.0808096807243191,0.287294775018462,-0.0287094744486681,0.000265765939323354,-0.00750337599600451
-1.1925135535099,0.460957331189612,0.0810160127031177,0.270091659564402,-0.0300297955411935,-0.000679885778348712,-0.00723775322475318
-1.18305815502514,0.483820452097185,0.081093172134183,0.249463274085022,-0.0313342113194269,-0.00159466966587453,-0.00676753180128867
-1.16991842478742,0.507713243535687,0.0810227643718718,0.225882560741148,-0.0325904178346546,-0.00244754958875826,-0.00611400171500968
-1.15370538557618,0.532486593912914,0.0808039358810976,0.199962520911135,-0.0337671563388753,-0.00321670410961133,-0.00530322306938959
-1.1351113843956,0.557949861789115,0.0804501440065422,0.172368736014857,-0.0348384178210438,-0.00389008530302464,-0.00436335961931532
-1.11486002142393,0.583873315172047,0.0799833422045254,0.143740382872233,-0.0357863913672851,-0.0044645813207645,-0.00332263439431672
-1.09364990735726,0.609980456224969,0.0794279558213889,0.114636369328068,-0.0366026519148156,-0.00494445348526035,-0.00220820181182766
-1.07210088515195,0.635939330844778,0.0788062918529093,0.0855121913860426,-0.0372876046158367,-0.00533958455154961,-0.00104589158807436
-1.05071035092254,0.661359485330267,0.0781360935435515,0.0567246850465566,-0.0378485474660099,-0.00566381753274799,0.000139416970351908
-1.029824599715,0.685796419890435,0.0774302314438186,0.0285571728927622,-0.0382968392224309,-0.00593343165470119,0.00132308501477728
-1.00962617959052,0.708761191240686,0.0766981016336614,0.00125563568171348,-0.03864463455131,-0.00616564938455432,0.00247993610889877
-0.990135857862821,0.72973192915271,0.0759482102647001,-0.0249338624090042,-0.0389016447275737,-0.00637701557572053,0.00358363347707315
-0.971225382817573,0.748165226203858,0.0751913338350348,-0.0497362844658429,-0.0390723889966357,-0.00658153067144225,0.00460641299637245
-0.952637360438209,0.7635089849738,0.0744436135562766,-0.0728364072872097,-0.0391544934419991,-0.0067885772338885,0.00551936370356769
-0.934009086857266,0.775221322598722,0.0737288017482751,-0.0938921455834189,-0.0391386042592709,-0.00700092901271138,0.00629341566081251
-0.914899230173706,0.782801352678232,0.0730788536859975,-0.112573991232256,-0.03901032102593,-0.00721340490810148,0.0069010891487833
-0.894816736053463,0.785833528646658,0.0725321660316472,-0.128623489557684,-0.0387540210733942,-0.00741284734979589,0.00731884058693624
-0.873253437455688,0.784041000035604,0.0721294723706102,-0.1419143645403,-0.0383577774305816,-0.00757991283843641,0.00752957541787581
-0.849719057525403,0.777333790352289,0.0719081742150737,-0.152494593278098,-0.0378178658564037,-0.0076925723204015,0.00752469091871289
-0.823775626105651,0.765834438648992,0.0718967402623566,-0.160591727710778,-0.0371412916429596,-0.00773049644315858,0.00730505198102256
-0.795066805369931,0.749869131684721,0.0721110436884668,-0.166577088910705,-0.0363454549246804,-0.0076790540896029,0.00688062667356939
-0.76333589323811,0.729922947835255,0.0725537461019199,-0.170900185029568,-0.0354551313329236,-0.00753177420484911,0.00626894825516747
-0.728430648178672,0.706572258000643,0.07321686202674,-0.174015074933622,-0.0344979955771396,-0.00729079115602883,0.00549293353203279
-0.690294643130995,0.680412103425738,0.0740864070331213,-0.176319483858314,-0.033500144562102,-0.00696554163965134,0.00457865001373809
-0.648949587423158,0.651996299746452,0.0751476443271093,-0.178119071665638,-0.0324828133531392,-0.00657047905557566,0.0035534840657529
-0.604473739386372,0.621800374368434,0.0763894453144662,-0.179618332912995,-0.0314608037469591,-0.00612262644716613,0.00244491068808129
-0.556981641038785,0.590209846068257,0.0778067471035489,-0.180931936639088,-0.0304425899715819,-0.00563955373963219,0.00127986536024877
-0.506608875412041,0.557530271793693,0.0794005942406145,-0.182107238775358,-0.0294317307045675,-0.0051380269054801,8.46048972655191e-05
-0.453503994422501,0.524012523677832,0.0811757133449793,-0.183149454094087,-0.0284291239374448,-0.00463329331225755,-0.00111509222082827
-0.397828229795088,0.489885792713808,0.0831359265093644,-0.184043575799056,-0.0274356638934914,-0.00413879214448532,-0.00229353768731317
-0.33976231996761,0.455390843478275,0.0852780438457737,-0.184770057989859,-0.0264548979713545,-0.00366601053491918,-0.003424706624712
-0.279518674175109,0.420806374354589,0.0875852783039372,-0.185313716508967,-0.0254952817464702,-0.00322422527463068,-0.00448192898568292
-0.217355884415802,0.386461851529431,0.0900217007578821,-0.185666958165959,-0.0245715890886283,-0.002819961434215,-0.00543787210727221
-0.153591007116056,0.352731130978192,0.0925295840178797,-0.185829102606254,-0.0237049877769743,-0.00245615174064307,-0.00626499118212465
-0.0886042521055183,0.320004376875221,0.0950315014985558,-0.185803620295282,-0.0229213870790919,-0.00213118376238421,-0.00693658520778217
-0.0228309829262456,0.288641098894896,0.0974382573495181,-0.185594496275841,-0.0222479681452624,-0.00183821592185171,-0.00742847669041937
0.0432614125824637,0.258914336658198,0.0996620654781809,-0.185202287193082,-0.0217083755297903,-0.00156523453682587,-0.00772113023912727
0.109209367593846,0.230961986259845,0.10163217981885,-0.184620127118711,-0.0213177002584976,-0.00129620256434329,-0.0078017919569546
0.174593664416036,0.204762302714793,0.103308492053269,-0.183830319165821,-0.021078790101045,-0.00101329258638429,-0.00766609328634692
0.239073280930186,0.180144093020338,0.10468857046203,-0.182802691558183,-0.0209812136656953,-0.000699734009137929,-0.00731863525281129
0.302402513865974,0.156830016646032,0.10580564527412,-0.181495812494381,-0.0210033357864765,-0.000342494492212761,-0.00677236605869911
0.364427259286768,0.134499706667796,0.10671831755207,-0.179861117843625,-0.0211168320777099,6.59378194750367e-05,-0.00604695680919155
0.425063738205581,0.112853880341297,0.107495520827891,-0.177848393912646,-0.0212921590992401,0.00052702222736532,-0.00516666280637727
0.484268151699545,0.0916632886441376,0.108201329395175,-0.175410205769904,-0.0215033910005006,0.0010367447664694,-0.00415821962575872
0.542006923173748,0.0707942175531513,0.108883468343756,-0.172503419493557,-0.021731340613979,0.00158683372426861,-0.00304918617788771
0.598234893278198,0.0502104676993603,0.109567635989105,-0.169087551359217,-0.0219646080643859,0.00216607192367644,-0.0018669237353599
0.652885132945706,0.0299570466616698,0.110258014488239,-0.165121427783298,-0.022198783582565,0.00276132404816583,-0.000638202993499777
0.705870636136436,0.0101325149719909,0.110943159274879,-0.160560757676741,-0.0224343210271886,0.00335814931433069,0.000610689694614572
0.757095434208135,-0.00914381378771944,0.111605796542976,-0.155359337962672,-0.0226736362158827,0.00394110331051312,0.00185352601498436
0.806471347263849,-0.0277650704189909,0.112234804604086,-0.149476093214111,-0.0229179390783483,0.00449399145636353,0.00306357445640622
0.853935557932765,-0.0456667440201447,0.112837344402752,-0.142888852753938,-0.0231642708884421,0.00500039960944124,0.0042130877414288
0.899464020313035,-0.0628497696006643,0.11344873079484,-0.135613920626911,-0.0234032654114937,0.00544478907849705,0.0052730297837155
0.943075423156225,-0.079392717054956,0.114137148924432,-0.127727807446739,-0.0236182133181916,0.00581428618785778,0.00621324750292725
0.984822229412354,-0.0954486942564364,0.115000417269083,-0.119384711999431,-0.0237860166083793,0.00610102424336339,0.00700329358428542
1.024766943558,-0.111223659283761,0.116152919590242,-0.110821042990644,-0.0238803347255506,0.00630453411771953,0.00761403526417184
1.06294712345545,-0.126936596596324,0.117703544347808,-0.102339138566188,-0.0238766493178058,0.0064333759956968,0.00802000858325019
1.0993376612105,-0.142768272958875,0.119729198725527,-0.0942675438869429,-0.0237581257317451,0.00650514749872482,0.0082021850738052
1.13382240963741,-0.158811814896582,0.122251787241328,-0.0869045887771469,-0.023520455953853,0.00654437360218086,0.00815051502927096
1.16618694265941,-0.175041115188812,0.12522715375524,-0.0804614922244269,-0.0231738647877023,0.00657854228263614,0.00786549719147334
1.19613728476138,-0.19130858783354,0.128550818222858,-0.0750244001074958,-0.0227413577481136,0.00663333724319665,0.00735824158985343
1.22333940010952,-0.207373039979029,0.132078820348606,-0.070548325639252,-0.0222537453482123,0.00672846679623817,0.00664899986015683
1.2474662650349,-0.222947026300721,0.135656163369858,-0.0668829649909952,-0.021743178195702,0.00687516755891247,0.00576466750892132
1.26823833570309,-0.237747411886325,0.13914347312162,-0.0638185319789903,-0.0212372455162599,0.00707569774136853,0.00473602890200814
1.28544691310884,-0.251534794522246,0.142434695498914,-0.0611350042673932,-0.0207550889316562,0.00732439156283013,0.00359541596857996
1.29895815122456,-0.264134618775053,0.145463154176307,-0.0586411639428943,-0.0203060444145322,0.00760949362040489,0.00237514675260661
1.30870089213884,-0.275440090342382,0.148197126858821,-0.0561964169068309,-0.0198905236741218,0.00791505282974402,0.00110678435435058
1.31464283379314,-0.285401343312628,0.150628022769845,-0.053714450460987,-0.0195024338065231,0.00822245596305948,-0.000178954929128795
1.31676215800525,-0.294007247704342,0.152754964241406,-0.0511516503919017,-0.0191324231248458,0.00851154200851778,-0.00145188998274707
1.31501769121072,-0.301265039090932,0.154568869844194,-0.0484845353017427,-0.0187712956398612,0.00876148103416305,-0.00268191883876525
1.30932487585995,-0.307182663957812,0.156039273349544,-0.0456812526460438,-0.0184131138922299,0.00895175624232028,-0.00383865384114864
1.29954021766683,-0.31175658947116,0.157106390794517,-0.0426725403387906,-0.0180574790053091,0.00906354536823568,-0.00489137387204761
1.28546331378371,-0.31496824131049,0.157681462069376,-0.0393288096204098,-0.01771057442798,0.0090816797456243,-0.00580950951235998
1.26685712435567,-0.316789416240852,0.157656710453889,-0.0354502532043989,-0.0173845286917248,0.00899702144388313,-0.00656381639430599
1.24349179792173,-0.317196972602396,0.156925224927332,-0.0307761293244711,-0.0170950329865427,0.00880878658127254,-0.00712827667826187
1.2152002899504,-0.316191850823747,0.155406565434632,-0.0250147930122398,-0.016857505488846,0.00852597471443857,-0.00748249308258613
1.18193760606382,-0.313817437032685,0.153071846005325,-0.0178896006194001,-0.0166828605234616,0.00816712766864345,-0.00761409455233193
1.14381790631688,-0.310168229076948,0.149958920446316,-0.0091882031749889,-0.0165741561715038,0.00775797292998138,-0.0075204281490903
1.10112119522529,-0.305385852061885,0.146172269075795,0.00119981410448682,-0.0165254254568043,0.00732736407942408,-0.00720898238579881
1.05425934963796,-0.299641453038548,0.141866142530038,0.0132687484250093,-0.0165230365709925,0.0069025467124583,-0.00669631290026085
1.00371767425848,-0.293112016882909,0.137217338118614,0.0269084650191845,-0.0165490904570988,0.00650508912967068,-0.00600583164621915
0.94998672613403,-0.285957607854731,0.132396025725674,0.0419352237982546,-0.0165855392777774,0.00614837270001553,-0.00516509784786669
0.893506310946406,-0.278306795895712,0.127543087048918,0.058129731230116,-0.0166177816533161,0.00583689089795422,-0.00420331622759378
0.834631332200338,-0.270252339098557,0.122757949294903,0.0752711194356559,-0.016636899466274,0.00556697582721481,-0.00314948107694824
0.773621845133732,-0.261856136865096,0.118096933701578,0.093159662573953,-0.0166403455052806,0.00532832607843784,-0.00203131335589901
0.710652976118929,-0.253160592822025,0.113579425092832,0.111625834367162,-0.0166313389101205,0.00510577621245906,-0.000874910137422211
0.645837523285412,-0.244203216757959,0.109198332640044,0.130526855968196,-0.0166174035596548,0.00488098193531994,0.000295083525056238
0.579254489587682,-0.235031826913352,0.10493181158156,0.149733763890324,-0.0166084660591623,0.00463394531650864,0.00145498850774396
0.510979631311607,-0.225718627419842,0.100754370553227,0.169112911093891,-0.0166148573200482,0.00434449089427905,0.00258147740724653
0.441114453468705,-0.216371160734216,0.0966461758182537,0.188506006416321,-0.0166454511779092,0.00399387257013813,0.00365100042285756
0.369811712674666,-0.207138248970656,0.09260002060138,0.207713275918459,-0.0167061658912491,0.00356666858037546,0.00463940902482231
0.297294235980422,-0.198208483179772,0.0886254361116113,0.226484531665571,-0.0167990463360661,0.00305298025059502,0.00552193530923737
0.223863159948488,-0.189799207528251,0.0847494398511013,0.244522750911967,-0.0169221546249092,0.00245072369146521,0.0062736718719593
0.149891456168411,-0.18213550622409,0.0810135595886992,0.261503209999715,-0.0170704315428004,0.00176753417292793,0.00687064352841064
0.0758000174301592,-0.175421525573477,0.0774672155540264,0.277107357707826,-0.0172374814886093,0.00102159905938887,0.0072914336552754
0.00201831274250737,-0.169810457114762,0.0741585712639488,0.29106534086334,-0.0174179398251393,0.000240762420681958,0.00751914178462904
-0.0710625920426964,-0.165382167619102,0.0711249331886404,0.303195757591417,-0.0176097634421689,-0.0005403932327586,0.00754325406606588
-0.143132009832735,-0.162137131987524,0.0683853265391194,0.313429569137948,-0.0178156780553149,-0.00128513038894447,0.00736092958300658
-0.213983972899716,-0.160010686010627,0.0659373231096815,0.321808972895087,-0.0180432226816132,-0.00195979010712447,0.00697732248169839
-0.283517025480552,-0.158904623296616,0.06375873815438,0.328460822668312,-0.0183033287738802,-0.00253836566741699,0.00640486161932067
-0.351711338506866,-0.158727087476592,0.061813028433385,0.333553068587448,-0.0186078818578068,-0.00300536374592651,0.00566173874546998
-0.418592273971786,-0.159430028926435,0.0600562097047534,0.337247881766339,-0.0189670208699805,-0.00335656307534929,0.00477006665425935
-0.484191930752782,-0.161036025351712,0.0584431063107335,0.339664193690749,-0.0193868851474451,-0.00359797791370245,0.00375416943531229
-0.548518149487461,-0.163651130376053,0.0569316490712488,0.340857800395835,-0.0198682602975782,-0.00374375106604331,0.00263932495076278
-0.611535529028452,-0.16746435744516,0.055484968535876,0.34082127023873,-0.0204062326004925,-0.00381373988215215,0.00145108466133966
-0.67315921717989,-0.172736565670042,0.0540719595642403,0.339502354629459,-0.0209907605591083,-0.00383133633924536,0.000215153581151656
-0.733258434778772,-0.179780836896325,0.0526672543846966,0.336836907551768,-0.021607929836611,-0.00382173031233444,-0.00104228173866003
-0.791666138050464,-0.188935092236326,0.0512516047121644,0.332792032019954,-0.0222416821367717,-0.00381053942530456,-0.00229392211460058
-0.848190409187923,-0.200525861491567,0.0498132578269174,0.327413770106902,-0.0228758028903321,-0.00382253324855041,-0.00351059813456452
-0.902623981065983,-0.2148218786945,0.0483503844599336,0.320871741999572,-0.0234959582366972,-0.00388011533947605,-0.00466060641032781
-0.954749482780223,-0.23197833175596,0.0468739246425211,0.3134898820008,-0.0240915192490108,-0.00400130173138049,-0.00570943701405819
-1.00433863458839,-0.251977553866777,0.0454094863747048,0.305749049830369,-0.024656793747549,-0.00419716704770749,-0.0066202669063119
-1.05114542843692,-0.274579213332664,0.0439965862216863,0.298247827325052,-0.0251912180251063,-0.00446912568279332,-0.00735559614231587
-1.09489485592732,-0.299298686525473,0.0426838964277347,0.291615769039807,-0.025698118093009,-0.00480687790170464,-0.00788020675537206
-1.13527195987601,-0.325431006258526,0.0415206322661885,0.286391146665836,-0.0261820186927331,-0.00518814757411301,-0.00816516532396231
-1.17191678177248,-0.352124257621354,0.0405462172713509,0.282896155293217,-0.0266450778280082,-0.0055811217313714,-0.00819196929980132
-1.20443313682608,-0.378485340533673,0.0397819162831961,0.281154713424661,-0.027083929005356,-0.00594963081808306,-0.00795556030872497
-1.23241457168485,-0.403683386544869,0.0392276222240357,0.280886690407968,-0.0274883631545394,-0.00625987631882558,-0.00746513811642051
-1.25548577840106,-0.4270169634899,0.0388646235591753,0.281581235550971,-0.0278427036631368,-0.00648669656876923,-0.00674254958559749
-1.27335011881911,-0.447930212548275,0.03866233252354,0.282618279989529,-0.0281295383782701,-0.00661753743914241,-0.00581896461513249
-1.28583104859984,-0.465987918615655,0.0385856257553328,0.283392597091006,-0.0283344546133973,-0.0066533557320583,-0.00473103368850798
-1.29289735724113,-0.480834269078651,0.038600146408276,0.283403737893519,-0.0284501228473296,-0.00660690297888692,-0.00351757648913396
-1.29466684129967,-0.492158945346022,0.0386747012216029,0.282296548703268,-0.0284784992922286,-0.00649953728231101,-0.0022173488684102
-1.2913890088127,-0.499683275658327,0.0387815184300918,0.279856787064803,-0.0284306996059081,-0.00635772091648033,-0.00086794655654182
-1.28340816304497,-0.503165403833596,0.0388957770579738,0.275976078591627,-0.0283247121163113,-0.00620990644874408,0.000494403759042607
-1.27111432625814,-0.502416879887062,0.0389958153685406,0.270603067113033,-0.0281816187008287,-0.00608400297041497,0.00183451263517598
-1.25488713825953,-0.497319403846729,0.0390646847739938,0.263694030936615,-0.0280210903945248,-0.0060052191161091,0.00311771627314262
-1.23504497960344,-0.487835034974793,0.0390930830831081,0.255174114368545,-0.027857118569574,-0.00599398238944203,0.00430951140700511
-1.21180901302979,-0.474006028422357,0.0390828052099833,0.244917016647074,-0.0276948887796523,-0.00606374358590296,0.00537563729075828
-1.18529319469326,-0.455945453943194,0.0390492850936176,0.232749114673099,-0.0275296869416901,-0.00621880567371775,0.00628285212773597
-1.15552748058194,-0.433822706612553,0.0390215745993825,0.218480088363511,-0.0273484477802832,-0.00645271213667905,0.00700053753504139
-1.1225115902065,-0.407848339079734,0.0390385133871817,0.201954874133752,-0.0271338885048476,-0.00674798975442944,0.0075030307277893
-1.08628633837469,-0.378262083930122,0.039141170754205,0.183113212742901,-0.0268702682332149,-0.00707794368396304,0.00777226205950397
-1.04699985512977,-0.345325579519763,0.0393634197991798,0.162036758259957,-0.0265489704350895,-0.00741061110336275,0.00779998779182679
-1.00494411248551,-0.309318596289947,0.0397238063688273,0.138965224126459,-0.0261718971809715,-0.00771408744770499,0.00758885755901263
-0.960548868619649,-0.270536713396072,0.0402217903735948,0.114274447305327,-0.0257514675777359,-0.00796176243729893,0.0071518848131624
-0.914336710991511,-0.229288247427557,0.0408396520828666,0.0884244871598181,-0.0253074032622464,-0.00813598660297462,0.0065104492713683
-0.866857337308597,-0.185889397202909,0.041548952903722,0.0618966478069441,-0.0248617165490636,-0.00822937745903636,0.00569145545142517
-0.818623907892418,-0.140657946265384,0.0423188193168149,0.03513911948163,-0.0244337373640885,-0.00824392390772641,0.00472444312434836
-0.770068580251171,-0.0939064837254193,0.043123167058055,0.0085333280583428,-0.0240365798587607,-0.00818871810083561,0.00363927307558467
-0.721523734114497,-0.0459358961437545,0.0439449559188091,-0.0176169247293737,-0.0236756186132096,-0.00807729541537564,0.00246467561994651
-0.673227758840739,0.00297033093535303,0.0447769220699056,-0.0430786011279378,-0.023348869179659,-0.0079253254087727,0.00122766015289537
-0.625349354775884,0.0525508933125824,0.0456192027334375,-0.0676728463472748,-0.0230487924041437,-0.0077489951021738,-4.6387590222782e-05
-0.578024386038297,0.102570100367221,0.0464748023436271,-0.0912561803769386,-0.0227650048283519,-0.00756408352258965,-0.00133314079414266
-0.531400134129086,0.152818854521291,0.0473439912259629,-0.113704949551418,-0.022487454301827,-0.00738549924317024,-0.00260851161188366
-0.485683018265034,0.203111099015698,0.048218810301469,-0.134906294578567,-0.0222097136087056,-0.00722695699915368,-0.00384777041171638
-0.441183930776092,0.253272839734263,0.0490788758999515,-0.154756840891761,-0.0219319874817307,-0.00710045416920775,-0.00502480344788251
-0.398353170923453,0.30312106170465,0.0498898273595177,-0.17316870924544,-0.0216633171936903,-0.00701530082995047,-0.00611173537245989
-0.357792307752458,0.352431625349147,0.0506055926373366,-0.190080861359918,-0.0214222507927366,-0.00697662479741776,-0.00707916520407118
-0.320228741797628,0.400899302721671,0.0511750744588834,-0.205472625337871,-0.0212352013342865,-0.00698355409139973,-0.0078972280964355
-0.286442998456672,0.448099104018113,0.0515526387270775,-0.219375794741779,-0.0211320378671513,-0.00702761081527553,-0.00853754562427855
-0.257150475872214,0.493462637447054,0.0517100052426008,-0.231881741514584,-0.0211392322768425,-0.00709206596339047,-0.00897582835714483
-0.232858617916131,0.53628435143389,0.0516458609879529,-0.243141295015754,-0.0212720717266014,-0.00715293964515553,-0.00919457125376373
-0.213736241723758,0.575765745931498,0.0513894951383851,-0.253356312782401,-0.0215283330555983,-0.00718183486356792,-0.00918509635746881
-0.199534700590239,0.611093076052238,0.0509966316974341,-0.262763031040808,-0.0218857720127092,-0.00715005078298071,-0.00894833546458696
-0.189586029397338,0.641531773189449,0.0505386597798823,-0.271608683476076,-0.0223045740064514,-0.00703284167542958,-0.00849418898745742
-0.182877144348365,0.666513689911527,0.0500888368145328,-0.28012411666904,-0.022734046166587,-0.0068126084250442,-0.00783977445024301
-0.178176593045804,0.68569739229416,0.0497098000433373,-0.288497338819514,-0.023121436747453,-0.00648030179969963,-0.00700717766476938
-0.174179557744334,0.698990952261135,0.0494454816962515,-0.296853448515976,-0.023420372426222,-0.0060350167569173,-0.00602128707497396
-0.169640640378318,0.706539670608861,0.0493186079935094,-0.305245954927242,-0.0235970918357227,-0.00548234017481469,-0.00490809560005355
-0.163474660242006,0.708687735518831,0.0493330123225839,-0.313660926464062,-0.0236336548107649,-0.00483221964448541,-0.00369358508773847
-0.154818084857722,0.705926248287053,0.0494789904057404,-0.322031989621144,-0.0235282303685543,-0.00409703915734722,-0.00240314972540478
-0.143052629007165,0.698839114524681,0.049739689438742,-0.330261456149095,-0.0232930731144112,-0.00329033265061611,-0.00106145094508872
-0.127796980986722,0.688055218215831,0.0500967763056721,-0.338241615568215,-0.0229509298832429,-0.00242627581575065,0.000307403381832567
-0.108873995377223,0.674212577363219,0.0505341220866369,-0.345870827572333,-0.0225305699568155,-0.00151985265776272,0.00167943922098158
-0.0862604867353347,0.657936757144542,0.0510386857956797,-0.353060283585741,-0.0220619995080561,-0.000587407387169485,0.00303023475188587
-0.0600268809986826,0.639832897941856,0.0515982844497282,-0.359729388518306,-0.0215718343257716,0.00035282449381479,0.00433427041209821
-0.0302746313630912,0.620486464141038,0.0521964820308976,-0.365789656385246,-0.0210792385135999,0.00128066342163949,0.0055643394939654
0.00291913444889333,0.600465039571085,0.0528056846642199,-0.371119996437554,-0.0205928698881402,0.00217482170672364,0.00669119331605012
0.0395389644557308,0.580311831658267,0.0533805255236973,-0.375539495862808,-0.0201093308329871,0.00301486343066426,0.00768364367089718
0.0796396951263573,0.560523291946058,0.05385449897317,-0.378787132367116,-0.0196136613472846,0.00378418790330795,0.00850937319577269
0.123318748907154,0.541509003132352,0.0541429322654268,-0.380519708535747,-0.0190822793146549,0.00447346953957842,0.00913666318923719
0.170652533619002,0.523541527051403,0.0541541450441097,-0.380337862159879,-0.0184883342167115,0.00508353201126737,0.00953708260501679
0.221610207545642,0.506712265912805,0.0538076459330935,-0.377842137240995,-0.0178086103646518,0.00562644027505575,0.00968883995823915
0.275971747518142,0.490913647358477,0.0530545132933065,-0.372708931279542,-0.0170302480502561,0.00612393376773073,0.0095800907367804
0.333283145664252,0.475861041042639,0.0518924758364803,-0.364763077310423,-0.0161551144881555,0.00660322569657936,0.00921120717655994
0.392872167080284,0.461153579723085,0.0503690925963148,-0.354020421073716,-0.0152002478685231,0.00709131288176717,0.00859516677735204
0.453924087151962,0.446356655215977,0.0485709469426218,-0.340683530991007,-0.0141942538267626,0.00760961058906874,0.00775582505123939
0.515591676296981,0.43108162672093,0.0466027399006474,-0.32509360975001,-0.0131711365566781,0.00817050210138134,0.00672464308887159
0.577102017309033,0.415041997484094,0.0445638593435274,-0.307658286047788,-0.012163805365164,0.00877640251794259,0.00553693288913813
0.637830537388441,0.398077421909292,0.0425298057828653,-0.288780223034949,-0.0111991625442443,0.00942085658442546,0.00422864918189703
0.697330583556183,0.380147966438775,0.040542657167592,-0.268804348746145,-0.0102956499866666,0.0100906013704894,0.00283431199937897
0.755323928187358,0.361307562551926,0.0386111763801581,-0.24799040066306,-0.00946316139602414,0.0107675905319758,0.00138615357023781
0.811665458385337,0.341665946654455,0.0367188136422743,-0.226508291260656,-0.00870468140253765,0.0114304241199542,-8.57447717750335e-05
0.866295423335963,0.321346216370137,0.0348371238838944,-0.204450006215441,-0.00801892454348096,0.0120551463903782,-0.0015526728708362
0.919188425202979,0.30044266500725,0.0329422480157777,-0.181851904362111,-0.0074033822016839,0.0126157575941085,-0.0029862055342225
0.970304194074957,0.278982718558495,0.0310322529014286,-0.158723267270483,-0.00685733216348655,0.0130849861830931,-0.00435710104481071
1.01954322947235,0.256897866861323,0.0291427263598716,-0.135078607708129,-0.00638439709584732,0.0134358867500466,-0.0056344539844164
1.06671152439494,0.234010851638892,0.0273570756880768,-0.110971420790775,-0.00599415039502817,0.0136446611971434,-0.0067853880921666
1.11150129523317,0.210048021375455,0.0258070553224488,-0.0865252548092815,-0.00570215748246001,0.0136947026474502,-0.00777560033655979
1.15349581225368,0.184683887255519,0.0246593260882092,-0.0619549575305675,-0.00552789985889009,0.0135812230004119,-0.008571021898493
1.19220533003297,0.15761759069859,0.0240867447619391,-0.0375692233049346,-0.00549048352392033,0.0133151262485308,-0.00914065939036251
1.22713235705214,0.128667260779066,0.0242288853006018,-0.0137475542297556,-0.00560290754885933,0.0129243642315086,-0.00946025743824493
1.25785106631074,0.0978540087090674,0.0251530914265763,0.00910747893610365,-0.0058666456769871,0.0124513668299698,-0.00951590162746714
1.28407689614743,0.0654427828246536,0.0268307189849085,0.0306304939252506,-0.00626872185620437,0.0119464867906627,-0.00930640632346839
1.30570064048526,0.0319195467523961,0.0291391827960005,0.050546214198757,-0.00678271312456282,0.0114591353643358,-0.00884357190521558
1.3227766724039,-0.00208972153567954,0.0318897495486719,0.0686968562138592,-0.00737348605070876,0.0110294053483528,-0.00815020274620106
1.33547343111522,-0.0359288196668758,0.0348700680246162,0.0850372046598732,-0.00800387362754953,0.0106826333024689,-0.00725663225448404
1.34400700051977,-0.069013138485474,0.0378859177753757,0.0996041653901337,-0.00864095906781142,0.0104278491128468,-0.00619691082758982
1.34858111568137,-0.100897522085757,0.0407902430283763,0.112475623478385,-0.00926027968531108,0.0102594538747583,-0.00500563952680655
1.34934812905107,-0.131302902208628,0.0434951754425402,0.123733246337198,-0.00984742497839181,0.0101605972639035,-0.00371592128890659
1.34639536062333,-0.160109225563972,0.0459694168804025,0.133438452815787,-0.0103974454357203,0.0101067718779522,-0.00235843657375238
1.33975388311977,-0.187328094359697,0.0482264848700826,0.141624524414197,-0.0109128873686472,0.0100687123029659,-0.000961400214010966
1.32942280027218,-0.21306696344371,0.050309212924484,0.148303364744278,-0.0114012159619258,0.0100143320862366,0.000448901978516882
1.31540196337027,-0.237491817755219,0.0522741842475569,0.15348325903343,-0.0118721462825459,0.00990991992626438,0.00184725746643394
1.29772695072444,-0.260790400906705,0.0541778846245341,0.157193208553484,-0.0123351678356093,0.00972108910517039,0.00320856236671391
1.27650049840123,-0.283135144609234,0.0560650826265042,0.159508904587529,-0.0127974188780973,0.00941406542961153,0.0045069360572506
1.25191391375068,-0.304644680236531,0.0579595082543105,0.160574507397192,-0.0132620542094082,0.0089578359393701,0.00571511235336454
1.22425192089634,-0.325345448936644,0.0598572167411883,0.160613353704609,-0.0137273229700477,0.00832745652780355,0.00680433138797379
1.19387319236691,-0.3451391556256,0.0617235969438636,0.15992018894197,-0.0141866207125023,0.00750837286247207,0.00774495775864444
1.16116539619801,-0.363787197819567,0.0634955580022415,0.15883006085738,-0.0146297668060782,0.0065010149018079,0.00850799330168769
1.1264766692906,-0.380923713702213,0.0650898334729273,0.157664616033467,-0.0150454663257627,0.00532426210432214,0.00906743734737991
1.09004180308822,-0.396105285303632,0.0664170490840998,0.156666935207348,-0.0154245389826564,0.00401613431778356,0.00940315146172492
1.05192416890655,-0.408891443714598,0.0673985781347339,0.155944438063559,-0.0157629686934909,0.00263049195054174,0.00950352007134303
1.01199883966123,-0.418936613077997,0.0679816256848684,0.15544209091544,-0.016063702456271,0.00122984978000118,0.00936710356042531
0.969986436766692,-0.426064905601542,0.0681479362282544,0.154958631671771,-0.016336418590931,-0.000124027810119179,0.00900270959070152
0.925528227653097,-0.43030435765766,0.0679139512535681,0.154201687699016,-0.0165952498706093,-0.00137911529972443,0.0084278670440541
0.878278270809076,-0.431873754979637,0.0673236599993834,0.152862722039249,-0.016855239630362,-0.00249932860188481,0.00766624778813528
0.827983098105572,-0.431131861583713,0.0664375898914738,0.150687653368965,-0.0171286424935337,-0.00346684202463719,0.00674480605036763
0.77453252827774,-0.428510268979294,0.0653219841320083,0.147525874181556,-0.0174220854343101,-0.00428087465234273,0.00569132140473937
0.717976991462699,-0.424449765516955,0.0640408175982343,0.143351372484914,-0.0177350930277242,-0.00495422652840532,0.00453269496719432
0.658517660586436,-0.419353041728914,0.0626515584924252,0.138259101267421,-0.0180599872277339,-0.00550901729776444,0.00329404831025991
0.596481128501884,-0.413558752509624,0.061204315864053,0.132444259052107,-0.0183828891784034,-0.00597273820125697,0.00199850602689747
0.532287013256713,-0.407334557669706,0.0597431477480842,0.126171506249311,-0.0186854163460946,-0.00637518639226159,0.000667470273849314
0.466414352793972,-0.400884188504961,0.0583082524235511,0.119738799619193,-0.0189467571997122,-0.00674638058000194,-0.000678774521563728
0.399368749026621,-0.394362941193888,0.0569379196342383,0.113437835088565,-0.0191459358830722,-0.00711524017120557,-0.0020202468811718
0.331648762884574,-0.387896101572473,0.0556692841359516,0.107511451682913,-0.0192641642199691,-0.00750863714059405,-0.00333632933323589
0.26371044945496,-0.381596752009398,0.0545373275867185,0.102109047753369,-0.0192872645451233,-0.00795039931967085,-0.00460477650254005
0.195928463341763,-0.375578966557026,0.0535717013977007,0.0972431997301847,-0.0192080384861546,-0.00845987296746553,-0.00580077080256639
0.128557338864278,-0.369964710243364,0.0527916650796764,0.0927554924665864,-0.0190284039910491,-0.00904983578169492,-0.00689621767888515
0.0616988249032937,-0.364880339022498,0.0521997207980337,0.0883037614725435,-0.0187607682025922,-0.00972377972100083,-0.00785959059516433
-0.00471143978432767,-0.360442051304392,0.0517758040923602,0.0833865089131511,-0.0184280136493094,-0.0104730697394586,-0.00865678695932677
-0.070884718790287,-0.356728704043331,0.0514742486369993,0.0774158133574031,-0.0180612530600636,-0.0112749378925045,-0.00925339826202393
-0.137117997575556,-0.353747208565187,0.0512261867081034,0.0698365097794033,-0.0176949926434616,-0.0120926794833211,-0.00961847978663573
-0.203697016853184,-0.351401592034217,0.0509487437480039,0.0602660694391968,-0.0173603130028774,-0.0128791920131934,-0.0097292022952477
-0.270789630164217,-0.349480288994319,0.0505596049144492,0.0486087046197495,-0.017077966900303,-0.0135838760200051,-0.00957500380589225
-0.338367639564993,-0.347673770366889,0.0499927585748248,0.0350967710758395,-0.0168540904831919,-0.0141612951659362,-0.00915969062163587
-0.406186931546002,-0.345621180897514,0.0492099300233215,0.0202396819130065,-0.0166804376674838,-0.014578799309817,-0.00850063109413092
-0.473829927221189,-0.342971533334035,0.0482041339209534,0.00470171929321487,-0.0165390655246926,-0.0148206542394267,-0.00762548102720945
-0.540787279179137,-0.339438289784626,0.0469952159906647,-0.0108424883340294,-0.0164093794678522,-0.0148878333972243,-0.00656781049948669
-0.606545909917413,-0.334832419821619,0.0456203382772845,-0.0258270210384444,-0.0162748381355127,-0.014794473692435,-0.00536311143402365
-0.670656828030316,-0.329069045518975,0.0441231029772445,-0.0398622919595953,-0.0161273390474035,-0.0145628684823388,-0.00404605217106425
-0.732773004229332,-0.322152995267024,0.0425442903123492,-0.05274944321516,-0.0159686918262362,-0.0142187649329186,-0.00264917148478833
-0.792659365313485,-0.314150924387229,0.0409155215117732,-0.0644542360081006,-0.0158095551226256,-0.0137879585956909,-0.00120273889525199
-0.850183632199732,-0.30515687197133,0.0392559850444245,-0.075056559962087,-0.0156666324268,-0.0132944355857469,0.000264618408611645
-0.905296093509218,-0.295255037508996,0.0375717052941255,-0.0846886086878615,-0.0155588386109551,-0.0127597724460009,0.00172488585840152
-0.95800366449217,-0.284482159926594,0.0358568090783667,-0.0934704353666193,-0.0155029354361636,-0.012203247843897,0.00314950253168306
-1.00834178414697,-0.272793134923366,0.0340965793898852,-0.101449381248762,-0.0155090280269183,-0.0116420653711197,0.00450829823097151
-1.05634476989061,-0.260035853980228,0.0322723154671598,-0.108550482017671,-0.0155763754296325,-0.0110911184787651,0.00576877397590019
-1.10201565223304,-0.24594484995876,0.0303680638803268,-0.114547881728057,-0.015690277286781,-0.0105619236346505,0.00689603764417102
-1.14529782271648,-0.230164423579539,0.0283787668992983,-0.119069651971127,-0.0158211471728684,-0.0100607023498966,0.00785375252163995
-1.18605413650412,-0.212307632258434,0.0263183303957603,-0.121646239174294,-0.0159269649971717,-0.00958612598049137,0.00860637173072527
-1.22406066259019,-0.192045288222849,0.0242249024754959,-0.121802108680318,-0.0159596698643352,-0.00912775743835806,0.00912259569884521
-1.25902296210139,-0.169202838775039,0.0221603548899583,-0.119172083918935,-0.0158746184932092,-0.00866640940696863,0.00937944132818283
-1.29061571649695,-0.143831065503214,0.0202023970655574,-0.113606320630913,-0.0156404669008892,-0.00817709294030165,0.00936578233639559
-1.3185370629949,-0.11622080565961,0.0184309112256382,-0.105224464824067,-0.0152459796854531,-0.00763406317664454,0.00908414003706082
-1.34255916662517,-0.0868534486407787,0.0169131131319891,-0.0943970470734667,-0.0147012143224668,-0.00701631002804186,0.00855005627770717
-1.36255816067418,-0.0563065148435624,0.0156928968552751,-0.0816628605249237,-0.014032979885519,-0.00631155157757029,0.00778933563660681
-1.37851463550334,-0.0251491844514329,0.0147874985744937,-0.067615591185268,-0.0132768086798088,-0.00551755019688196,0.00683418164610509
-1.39049019924364,0.00614045296192493,0.0141911353662895,-0.0527984328172288,-0.0124685942076238,-0.00464085410616063,0.00571942356838428
-1.39859263774529,0.0372206224787237,0.0138826919313324,-0.0376329313106681,-0.0116383277832762,-0.00369401466219614,0.00447966104324954
-1.40294405625236,0.0678941720020496,0.0138339582342291,-0.022389941708512,-0.0108069504438717,-0.00269257347150451,0.00314762961983425
-1.40366030946499,0.0980900936581547,0.0140158504216409,-0.00719657202386609,-0.00998611380090448,-0.00165276659741503,0.00175367817059747
-1.40084487803654,0.127830023067071,0.014401503135099,0.00793266810605454,-0.0091800657977784,-0.000590345873217109,0.000326070988964874
-1.39459488311486,0.157188472285501,0.0149663132002838,0.0230516590293583,-0.00838881090451653,0.000479564584433831,-0.0011081946394726
-1.3850152755937,0.186251445071616,0.0156857496832324,0.03823317094586,-0.00761188561666737,0.00154195933049937,-0.00252231277917087
-1.37223601551368,0.215075198955095,0.0165320973321376,0.0535188547287973,-0.00685226591584138,0.00258131564845304,-0.00388854898921377
-1.35642645347651,0.243646292693475,0.0174714518333983,0.0688725033129488,-0.00611995585015491,0.00358137800947047,-0.0051772821723381
-1.33780114190153,0.271845897764779,0.0184623137051124,0.084141730890603,-0.00543466966102716,0.00452582319220812,-0.00635644686656288
-1.31661173041529,0.299424921781373,0.0194569436526042,0.0990361579231069,-0.00482679053749924,0.00540004245079244,-0.00739166710053623
-1.29312267290199,0.326000207267201,0.0204060674653288,0.113132679256966,-0.00433567336737121,0.00619388394306138,-0.00824739384670335
-1.26757362435359,0.351082730675637,0.0212664049730076,0.125917167698417,-0.00400464429462465,0.00690467104855467,-0.00888925828396833
-1.24013862405267,0.374142944831137,0.0220090476014422,0.136863876830102,-0.00387298433343462,0.00753934113226931,-0.00928754923445754
-1.21089785518806,0.394704937883111,0.0226256188798666,0.145538728971525,-0.00396665565390713,0.00811447629046486,-0.00942122852232611
-1.17983610722956,0.412444180578305,0.0231293466719514,0.15169654836826,-0.00429082188369146,0.00865360403396559,-0.00928141086840085
-1.14687255824564,0.427254284083348,0.0235500644333046,0.155336458495161,-0.00482726597436849,0.0091823229450901,-0.00887312093350137
-1.11191189260531,0.4392557893538,0.0239248476448664,0.156692256166149,-0.00553808708418326,0.0097228975143353,-0.00821462865420998
-1.0748976608515,0.448743810482852,0.0242878006527314,0.156161545823984,-0.00637436312058588,0.0102902070072295,-0.00733458980685033
-1.03584962500306,0.456096803712242,0.0246623179777196,0.154202460507741,-0.00728648884057352,0.010890127904194,-0.00626802596503508
-0.994876946608222,0.461680729531889,0.0250574494909093,0.151235205519564,-0.00823278681851488,0.01152018603683,-0.00505241249240156
-0.952168925589749,0.465776567799883,0.025468156951279,0.147575622836797,-0.00918441430146483,0.0121714392141958,-0.00372477921549759
-0.907971462166399,0.468543804508652,0.0258783202680527,0.143410103351206,-0.0101263542645382,0.0128304361336952,-0.00232014298811449
-0.862555806364223,0.47001751516307,0.0262653001112556,0.13880619670897,-0.0110553961743378,0.0134805114300901,-0.000871115779440812
-0.816183919896983,0.470129703636916,0.0266052942164772,0.133746653927647,-0.0119763131888991,0.0141022633686778,0.000591670391081915
-0.769071227119644,0.46874460809326,0.0268790684199479,0.128174407083475,-0.0128972263752838,0.0146735095346195,0.00203869526431961
-0.721347205684971,0.465700674082302,0.0270777317937059,0.122038785822322,-0.0138248404684731,0.0151692789405707,0.00344054384829158
-0.67301657161811,0.460855151732034,0.0272080102220706,0.115335898185604,-0.0147600889687877,0.0155624897304282,0.00476701170818027
-0.623927664689639,0.454128366720881,0.0272960319063573,0.10813717943314,-0.0156947922581111,0.0158258824225748,0.00598656523467827
-0.57375951250885,0.445543368769343,0.0273882049843473,0.100600159649991,-0.016610123946348,0.0159355052175231,0.00706642885689832
-0.522042281498726,0.435253671986249,0.0275476909855593,0.0929561546492471,-0.0174777764801049,0.0158755334944156,0.00797358994543097
-0.46822140729073,0.423548066500829,0.0278455989619328,0.0854726489300866,-0.0182643673259648,0.015643436488232,0.00867691442689998
-0.411763233982422,0.410822485212528,0.0283476900750575,0.0783953777089428,-0.0189386736733768,0.0152537865726732,0.00915026912949035
-0.352280039170032,0.397517385672815,0.029099688996043,0.0718848162219603,-0.019479899511612,0.0147388155652502,0.00937606449698062
-0.289634855462839,0.384034276008872,0.0301160227648779,0.0659686582339754,-0.0198841189908976,0.0141446209990068,0.00934818601958528
-0.223985149147294,0.370658588782206,0.0313763940145948,0.0605293362286251,-0.020166230393185,0.0135236007247048,0.00907322648692956
-0.155746909583795,0.357518443979367,0.0328316978586382,0.0553323253166883,-0.0203565181775513,0.0129254007283857,0.00856948579148772
-0.0854942194479366,0.344593968746516,0.0344168182654852,0.0500833985225615,-0.0204932297688673,0.0123892159233317,0.00786407669477243
-0.0138347018726876,0.331769993252028,0.0360653810171787,0.0444923307319292,-0.0206140350905498,0.0119394099151111,0.00698915245258174
0.0586965610106814,0.318908928875774,0.0377217965543176,0.0383220416123787,-0.0207490692383822,0.0115847936045764,0.00597836615152805
0.131698788231616,0.305918909795137,0.0393482014013643,0.0314124170536255,-0.0209170036379357,0.0113206081867331,0.00486429624725987
0.204919349055342,0.292799504655444,0.0409262263445564,0.0236789880878144,-0.021124129242004,0.01113174844331,0.00367703057985861
0.278230976699446,0.279659673313261,0.042455080279341,0.0150936140683487,-0.021365676535875,0.0109960459399481,0.00244376540695738
0.351588775180697,0.2667093996866,0.0439475658214741,0.00565598354680816,-0.0216283277130578,0.0108869216323356,0.00118910162542158
0.424981331650039,0.254231066596988,0.0454253242848832,-0.00463619010318097,-0.0218931535658615,0.0107752652097319,-6.4259047243339e-05
0.498384872937207,0.242536271422251,0.0469138759574457,-0.0158122236070559,-0.0221384817242458,0.0106307167329355,-0.00129467470091511
0.571725072060685,0.23191382727905,0.0484376204333736,-0.0279439164697536,-0.0223425170920199,0.0104227273355597,-0.00248077640863362
0.64484907231812,0.222574881999767,0.0500148117102042,-0.0411473639324978,-0.0224856951559297,0.0101218232439645,-0.00360090182013177
0.717508175615932,0.214601535149322,0.0516524895941683,-0.0555680591073801,-0.0225526830536768,0.00970138154757749,-0.0046328928076925
0.789352878694471,0.207908253286477,0.0533418451907702,-0.0713483808578625,-0.0225339157918684,0.00914006058423355,-0.00555435725409839
0.859940430094415,0.202226083505615,0.0550548377106093,-0.0885804434203241,-0.0224263806842937,0.00842469508696097,-0.00634341760725662
0.928755199883704,0.197118675259917,0.0567433292957153,-0.107252643768688,-0.0222333798494832,0.00755313910059595,-0.00697986725533566
0.995240040861873,0.192032985904256,0.058341909999956,-0.127203121822726,-0.0219631254415062,0.00653625964980504,-0.00744654666113423
1.05883386763297,0.186377544391261,0.0597748466034439,-0.148094919852286,-0.0216263228213826,0.00539823991171665,-0.00773067272859332
1.11900948357137,0.179611156250089,0.0609663809814483,-0.169423925714768,-0.0212333027619341,0.00417466160703186,-0.00782485618254169
1.17530548644625,0.171319547125563,0.0618522615976735,-0.190561849555991,-0.0207915255272116,0.00290843320111998,-0.00772761831454572
1.22734730360788,0.161260308389557,0.0623895926721523,-0.210825697016371,-0.0203042339581848,0.001644300153235,-0.00744334122415937
1.27485613847286,0.149367206992984,0.0625623914393562,-0.22955733806501,-0.0197706809239199,0.000423126671960544,-0.00698171935033748
1.31764726599879,0.135718134706256,0.0623814720750642,-0.246194803060297,-0.0191878016816437,-0.000722839516443252,-0.00635686660468473
1.35561992622155,0.120480965441826,0.0618789237820781,-0.260321031384593,-0.018552713791627,-0.00177289050719132,-0.00558626227432549
1.38874457543285,0.103855492616916,0.0610990661959717,-0.271684361876349,-0.0178652753418996,-0.00271872554397435,-0.00468972567340349
1.41704803955891,0.0860260140600155,0.0600882643069149,-0.280192349506616,-0.0171299673756408,-0.00356355678458948,-0.00368854360401447
1.4406012824803,0.0671332303733171,0.0588861613996358,-0.285887017467556,-0.0163567477681485,-0.00432005512382364,-0.00260485074362976
1.45950811980222,0.0472667726864407,0.0575199862300233,-0.288910514278989,-0.0155607777224793,-0.00500777646090129,-0.00146128480377313
1.47389584905833,0.0264752833674156,0.0560029105915921,-0.289469572348591,-0.0147612065645775,-0.0056505566349285,-0.000280907372813216
1.48390643351753,0.00478855459520298,0.0543365926203567,-0.287803856320594,-0.0139792789392495,-0.00627412174807193,0.000912665549203673
1.48968551418066,-0.0177541467568274,0.0525174285932023,-0.284159864453195,-0.0132360282682134,-0.00690392876323382,0.00209500748891346
1.49137025479926,-0.0410748696276444,0.0505457160927834,-0.278770442574111,-0.0125498384309932,-0.00756311466810382,0.00324060169501228
1.48907417172224,-0.065032012429866,0.048436278304655,-0.27183829502034,-0.0119341273630122,-0.00827038303600887,0.00432266189153792
1.48287134149991,-0.0894047052122548,0.0462285554166294,-0.263522853295083,-0.0113954929610651,-0.00903775393035101,0.00531319380975365
1.47278385736821,-0.11389177634895,0.043993441147793,-0.253931101770295,-0.0109327294803392,-0.00986830861477403,0.00618345578668885
1.4587767506652,-0.138129582921528,0.0418337244136877,-0.243114168818087,-0.0105371230795544,-0.010754336187637,0.00690496730716277
1.44076698601945,-0.161729956714605,0.0398756646604007,-0.231072517759754,-0.0101942970626394,-0.0116765585799815,0.00745115574759939
1.41864757095959,-0.184333563461771,0.0382512624145947,-0.217770983537106,-0.00988746670919807,-0.0126051553253665,0.00779956021572908
1.39232553771711,-0.205666936774026,0.0370744186835932,-0.203162691736381,-0.00960143169151549,-0.0135030245474485,0.00793427018144611
1.36176312341569,-0.22558619489907,0.0364176547723883,-0.187216889513619,-0.00932613359616191,-0.0143309945249741,0.00784802071345785
1.32701070805993,-0.244092170145168,0.0362974798705119,-0.169943923160225,-0.00905856540875811,-0.0150538797076668,0.00754331792961283
1.28821996851406,-0.26131075151722,0.0366739423214773,-0.151410746961765,-0.00880233716024262,-0.0156457541701098,0.00703219359320692
1.24563422568288,-0.277445455589152,0.0374644228616997,-0.131743836728054,-0.00856512954887569,-0.0160930310800918,0.00633465114152972
1.19956063397288,-0.292718784554687,0.0385662148485492,-0.11112056693102,-0.00835506302844154,-0.0163947711110412,0.00547629178173715
1.1503347653055,-0.30732047381448,0.0398799709597365,-0.0897532958309685,-0.00817727861452629,-0.0165606419545551,0.0044857922122492
1.09828803429882,-0.321374823760251,0.0413273322900617,-0.0678710670085961,-0.00803171878912287,-0.0166075776356514,0.0033927932147914
1.04372385719166,-0.33493065793067,0.0428594143732415,-0.0457024389841764,-0.00791250955893791,-0.0165562475548404,0.00222648691751026
0.986904754157344,-0.34797088439519,0.0444562569559817,-0.0234609848965219,-0.00780884335387202,-0.0164281231366358,0.0010149353416392
0.928048272136082,-0.360435791860789,0.0461192974074493,-0.00133316854866766,-0.00770696406624723,-0.0162434660573687,-0.000215009269871516
0.867329137551626,-0.372253213187163,0.0478598164895738,0.0205322198050746,-0.00759282158271552,-0.0160201877183245,-0.00143737683646763
0.804885604127869,-0.383370654020691,0.0496860237490803,0.0420337006543511,-0.00745500690513606,-0.0157733139117141,-0.00262654492233558
0.740828815125338,-0.393784359699212,0.0515911875908126,0.0631250689895378,-0.00728761808559632,-0.0155147194295602,-0.00375669445863364
0.675255804033344,-0.403560912917841,0.0535449710619133,0.0838193928855262,-0.00709270372801441,-0.0152528471910832,-0.00480146086593909
0.608266458744418,-0.412846305580723,0.0554899444287534,0.104185390447952,-0.00688184215161551,-0.0149922485650928,-0.00573399752144683
0.53998416971346,-0.421857827701414,0.0573448454480281,0.124332438673684,-0.00667634814375958,-0.014732977716879,-0.00652765269899382
0.47057776156255,-0.430856348683636,0.0590150680232143,0.144382598860321,-0.00650566843566915,-0.0144700856123626,-0.00715736747283658
0.400279746640978,-0.440101480516444,0.0604088927904134,0.164432587585616,-0.00640386129319769,-0.0141936094021105,-0.0076016957529305
0.329394934888097,-0.449799061861858,0.0614556175307843,0.184514236275548,-0.00640466837617053,-0.0138894379646626,-0.00784506982088795
0.25829489592307,-0.460055780703577,0.0621201389669469,0.204565466723729,-0.00653635092285135,-0.0135411703736495,-0.00787971351198034
0.187398766896143,-0.470856319592531,0.0624090960500295,0.224422319141427,-0.00681778748972754,-0.0131326727363965,-0.00770661836436108
0.117145708766107,-0.482070923243931,0.0623664812452778,0.243835281808179,-0.00725698624658406,-0.0126506542640474,-0.00733527645883657
0.0479681092880061,-0.493491000073663,0.0620606671273932,0.262504485098855,-0.00785227577046662,-0.0120865386170591,-0.00678231236159066
-0.019726862727422,-0.504880287714919,0.0615676038450627,0.280122240723603,-0.00859544328933498,-0.0114371630372105,-0.00606948772334534
-0.0855635774992307,-0.516026080652145,0.0609555360245929,0.296411486571232,-0.0094755311406727,-0.0107043026467786,-0.00522165065204495
-0.149193201502732,-0.526777505707421,0.0602749849576629,0.311152939995681,-0.0104820333627862,-0.00989338962184095,-0.0042650599410353
-0.210282072791861,-0.53706395739957,0.0595553552823452,0.324199304247823,-0.0116066871828521,-0.0090119601333178,-0.00322628445318498
-0.268498398225366,-0.546892120080978,0.0588074227926469,0.335478446487637,-0.0128435957862537,-0.00806829092617318,-0.0021316693297926
-0.323501969418519,-0.556324083516905,0.0580298410154454,0.344988910815148,-0.0141878518961692,-0.00707050661380859,-0.00100724099617499
-0.374940480947804,-0.565440600732794,0.0572174373510967,0.352790309473069,-0.0156330775092629,-0.00602621774909525,0.000121133942498666
-0.42245469730747,-0.574294159299344,0.0563692091565104,0.358989492032402,-0.0171684126871312,-0.00494257160490718,0.00122753269704672
-0.465693778109462,-0.58285810501187,0.055494367041366,0.363722490015295,-0.0187755706555356,-0.0038264999108428,0.00228588685815604
-0.504340274350147,-0.590978847598524,0.0546151699164127,0.367131575476287,-0.020426606121696,-0.00268490917935393,0.00327017631280649
-0.538142973119754,-0.598340746988678,0.053765997639779,0.369338550719228,-0.0220830649774086,-0.00152462238490401,0.0041550059618954
-0.566953256318119,-0.604453023323813,0.0529888366988303,0.370417426327932,-0.0236970377302332,-0.000351996095164622,0.00491657813441115
-0.590759270030498,-0.608666281210756,0.0523263237039452,0.370372653688671,-0.025214341475042,0.000827693270022784,0.00553396503698266
-0.609711273688021,-0.610220020113507,0.0518142051831638,0.369129989103364,-0.0265795493968233,0.0020108555542721,0.00599048070340574
-0.624133113173996,-0.608315095748313,0.0514753455102652,0.366545587311576,-0.0277420653059391,0.00319588374347418,0.00627489551714929
-0.634517130205381,-0.602197612338213,0.051316858425364,0.362433707305794,-0.0286620438947205,0.00438291313101599,0.00638224667049007
-0.641503245074118,-0.591237902653675,0.0513308340490187,0.356607106770261,-0.029314921986307,0.00557300290383613,0.00631408329719239
-0.64584534718427,-0.574990433578118,0.0514978892020113,0.348919197737619,-0.0296936610811766,0.0067669260539143,0.00607811016563051
-0.6483695467597,-0.553227105043574,0.0517920109422566,0.339296365331327,-0.0298084165713444,0.00796391066093676,0.00568732421393617
-0.649928186239882,-0.525943025694066,0.0521850630428699,0.327752193059851,-0.0296839520370594,0.00916068210792423,0.00515882581977463
-0.651353707535866,-0.493339990649776,0.0526499486429551,0.314382191187009,-0.0293556017851505,0.0103510301090552,0.00451253446779872
-0.653415476254543,-0.45579476599336,0.0531621638068287,0.299343463161017,-0.0288647189878081,0.0115259213495031,0.00377001605681098
-0.656782624867558,-0.413819521045084,0.053700129978968,0.28282747011965,-0.0282544511057229,0.0126740122326831,0.00295356876030097
-0.661995163143669,-0.368020136151098,0.0542449478489387,0.265034148076497,-0.0275663953284768,0.013782339642408,0.0020856256334089
-0.669444699944036,-0.319056450223419,0.0547801644185923,0.246153415649493,-0.0268383691675887,0.0148369977906081,0.00118845063515579
-0.67936483756368,-0.26760689977837,0.0552918883240706,0.226356805604716,-0.0261032548781195,0.0158237001097901,0.000284046697944075
-0.691830815100982,-0.214339137081602,0.0557693377584267,0.20579916303645,-0.0253887173664868,0.0167282381054563,-0.000605830424231267
-0.706767264332694,-0.159887204648004,0.0562056365965727,0.184628053032348,-0.0247174934490634,0.01753691448367,-0.00145966290872136
-0.723963458415549,-0.104835657085637,0.0565985511521683,0.162997432477692,-0.0241079509741022,0.018237055362462,-0.00225626309085547
-0.74309580262177,-0.0497108228670849,0.0569508044975398,0.141081577414099,-0.0235746508267035,0.0188176745551238,-0.00297504524423739
-0.763757127556075,0.00502079575720971,0.0572696315200509,0.119085162824739,-0.0231287073557451,0.0192702821967627,-0.00359652810628967
-0.785491626497663,0.0589472490724175,0.0575653938533202,0.0972459638546631,-0.0227778460020405,0.0195897336244218,-0.00410307971957638
-0.807832925426351,0.111699950347177,0.0578493491613151,0.0758279969619497,-0.0225261895011702,0.019774934248515,-0.00447986173292229
-0.830340416484793,0.162938693053535,0.0581309478128038,0.0551049721150092,-0.0223739177057838,0.0198291669765273,-0.00471586129702893
-0.852627757790579,0.212336124707806,0.0584152993676416,0.0353366772659022,-0.0223170397386328,0.0197598517828322,-0.00480483660923111
-0.874378061542906,0.25956566081397,0.0587015436209245,0.0167433855022725,-0.0223475293460373,0.0195776770008332,-0.00474597626717224
-0.89534242632828,0.304296386167514,0.0589826280571392,-0.000515582763777861,-0.022453961615902,0.0192952017374478,-0.00454410244643377
-0.915322838419618,0.346196780657086,0.0592465747301902,-0.0163539425833056,-0.0226226202146768,0.0189251856798164,-0.00420934287666433
-0.934145666088372,0.38494695046509,0.059478898560839,-0.0307587881084749,-0.0228388956447725,0.0184789934766348,-0.00375632794670812
-0.951632711776447,0.420256296293173,0.059665400699938,-0.043780404730323,-0.0230886572359683,0.0179653429792417,-0.00320306781580259
-0.967578645525924,0.451882962229318,0.0597946753018245,-0.0555154351925641,-0.0233593577312523,0.0173895953752704,-0.00256972462836762
-0.981738801623496,0.479650750462508,0.0598597495315042,-0.0660882846233893,-0.0236406824940316,0.0167535979471692,-0.0018774646720193
-0.993829523241199,0.503460901180365,0.0598587334476504,-0.0756349087458063,-0.0239247378112215,0.0160560217714632,-0.00114751813513379
-1.00353907179526,0.523297183534959,0.0597945819738964,-0.0842913750634593,-0.0242058576417252,0.0152930648430343,-0.000400491394269807
-1.0105452188119,0.539223941811176,0.0596742321828381,-0.0921877105534666,-0.0244801656472708,0.0144593893558223,0.000344085097583516
-1.01453594711895,0.551378013942447,0.0595074591511861,-0.099446228986334,-0.0247450580023474,0.0135491962984135,0.00106802568936734
-1.01522875670635,0.559955317687946,0.0593056589306596,-0.106182756204582,-0.0249987150016467,0.0125573382256825,0.00175464199060451
-1.01238606446297,0.565193804307592,0.0590807554558699,-0.112509140020578,-0.0252397357118575,0.0114803967899163,0.00238883898142045
-1.00582419958452,0.567354292245161,0.0588443002313196,-0.118535626437532,-0.0254669204130727,0.0103176302408995,0.00295719998129479
-0.995415550126778,0.566701531874437,0.058606848197939,-0.124372225876298,-0.0256792080721155,0.00907169925410735,0.00344808651339219
-0.981083235996117,0.563487389782586,0.0583775930236892,-0.130128573220896,-0.0258757099257778,0.00774906103224426,0.00385175686285364
-0.962790708000359,0.557939001293721,0.0581643355749568,-0.135912440658208,-0.0260558049749395,0.00635996151885883,0.00416049365497474
-0.940527396858655,0.550252987882297,0.0579736995987413,-0.141827173925169,-0.0262191966685892,0.00491797395151679,0.00436871292374294
-0.914294541347152,0.54059712911678,0.0578116091437872,-0.147968789203393,-0.0263658970165324,0.00343912054744092,0.00447302956115743
-0.88409394346475,0.529118748503054,0.0576839173801368,-0.154423321597904,-0.0264960888338508,0.00194067033785863,0.00447225394925277
-0.849921849179618,0.515957780836594,0.0575970459474596,-0.161264836039412,-0.0266098469109391,0.000439769226405376,0.00436730502089773
-0.811770072773486,0.501262161457928,0.0575585496107853,-0.168554364240096,-0.0267067618858955,-0.00104790663882339,0.00416104587686179
-0.769633772452147,0.485202155513409,0.0575774565153497,-0.176339491662692,-0.0267855011949532,-0.00250929934156172,0.00385805814453447
-0.723524682962781,0.467981050876804,0.057664313166876,-0.184654123740388,-0.0268433763303674,-0.00393478461665689,0.00346438689516865
-0.673487631329204,0.449840494782457,0.0578309070442682,-0.193517809372681,-0.0268759874096124,-0.00531858566710583,0.00298729415695997
-0.619617627302617,0.43105974749377,0.0580896770730334,-0.20293401859252,-0.0268770046749174,-0.00665878365570629,0.00243505820920579
-0.562075010272775,0.411949174682628,0.058452873419515,-0.212887038200021,-0.0268381388087498,-0.00795697522145205,0.00181685102177712
-0.501096481609462,0.39283902567788,0.0589315718466589,-0.223337572324155,-0.026749341027063,-0.00921765678853728,0.00114271696728051
-0.437000142083459,0.374064933428766,0.0595346871259023,-0.234217645473467,-0.0265992591582897,-0.0104474202695352,0.000423663134953444
-0.370182859969069,0.355951751422123,0.0602681683591764,-0.245425921437382,-0.0263759547307,-0.0116540292282318,-0.000328144394590449
-0.301108688493053,0.338797524505861,0.061134602703731,-0.256825009638549,-0.0260678596483177,-0.0128454183847749,-0.00109910298433484
-0.230288072411985,0.322859765519122,0.0621335144436211,-0.268242734038869,-0.0256649299183747,-0.0140286398502664,-0.00187386228126543
-0.158248752226492,0.308345950018623,0.0632625707494762,-0.279479063727501,-0.0251598901160403,-0.0152087579595565,-0.00263505395384562
-0.0855019430479474,0.295409985924915,0.0645198055795211,-0.290319882572771,-0.0245494373381751,-0.0163877097936478,-0.00336316077001695
-0.01250990676419,0.2841551128462,0.0659066527444984,-0.300557264503963,-0.0238352326382534,-0.017563184369584,-0.00403663900390267
0.0603369685911556,0.274641783587833,0.0674311336030972,-0.310013782688591,-0.0230245037610499,-0.0187276445937494,-0.00463240369238117
0.132725720192327,0.266897174755015,0.0691101159183438,-0.31856615189895,-0.0221301297787876,-0.0198677147241561,-0.00512675515557326
0.204404841164667,0.260921581608647,0.0709692640619473,-0.3261614757069,-0.021170129989844,-0.0209642080547527,-0.00549675349663338
0.275149301715275,0.256688277657288,0.0730396754138013,-0.332819827375046,-0.0201666132612175,-0.0219930762934115,-0.00572195060128378
0.344716692033474,0.254136345140827,0.0753510908843658,-0.338619356510459,-0.0191443284161734,-0.0229273920382938,-0.00578626636167718
0.412809460968407,0.253160406051066,0.0779230301970776,-0.343665581506175,-0.0181290536191391,-0.0237401990164579,-0.00567970005905706
0.479057280678789,0.253604001836756,0.0807564494540122,-0.348052481161712,-0.0171460819636344,-0.0244077320034559,-0.00539954044143925
0.543026201852728,0.255262636074433,0.0838288091883339,-0.351826673297809,-0.0162189963680532,-0.0249122838341562,-0.00495081681867554
0.60425129144363,0.257898516183657,0.0870945250017797,-0.35496567334151,-0.0153688193524497,-0.0252440560193053,-0.00434591932869275
0.662280936212672,0.261263281252927,0.0904907993097214,-0.357376004460874,-0.0146134682717298,-0.0254016145071686,-0.00360352482596225
0.716718796932419,0.265121391670373,0.0939469747010955,-0.358910367418222,-0.0139673613660833,-0.0253910159509333,-0.00274712423373143
0.767252591122581,0.269266477279985,0.0973944681888606,-0.35939745735273,-0.0134409930219474,-0.0252240076071127,-0.00180348309498695
0.813665349465785,0.273525864396256,0.100774482219174,-0.358675872482275,-0.013040356942665,-0.0249158475633425,-0.000801294200905007
0.855830648737892,0.277752680530637,0.104041663739893,-0.356624376313499,-0.0127661988461564,-0.0244832178841668,0.000229854075100788
0.893697047181244,0.281808798053799,0.107163215408232,-0.353183302848855,-0.012613203274686,-0.0239425231685198,0.00126020622073341
0.927267300360844,0.285544126292829,0.110114084527634,-0.348364089795341,-0.0125693196768995,-0.0233086550016645,0.0022603790634933
0.956577234350448,0.288778787035584,0.112869765399097,-0.34224583450751,-0.0126155139164569,-0.0225941813486028,0.00320187298800204
0.981677225503778,0.291294154043214,0.11539875604215,-0.334959030275768,-0.0127262421445825,-0.0218088693135925,0.00405770734517066
1.00261787520531,0.292836951826389,0.117656905804902,-0.326658391064083,-0.0128708657063523,-0.0209594844662766,0.00480326936892636
1.01944069875478,0.293137463054414,0.119585623549963,-0.317489086345178,-0.0130160319727963,-0.0200498733796905,0.00541736062256801
1.0321741769434,0.29193875595978,0.121115047754993,-0.307553195296085,-0.0131287630681309,-0.0190813699019067,0.00588330516188804
1.04083555635654,0.289030083847217,0.122171943303252,-0.29688461831953,-0.0131797250095981,-0.0180535449778962,0.00618989814987939
1.04543743527631,0.284275435227407,0.122690484248271,-0.285439188034728,-0.0131460066837745,-0.0169652149541711,0.00633196150887682
1.0459981943964,0.277629635963463,0.122623142223233,-0.273103018220459,-0.0130128458818748,-0.0158155404700908,0.00631036171571544
1.04255309590881,0.269137976436564,0.121948651934785,-0.259716346652619,-0.0127740245985029,-0.0146049694899995,0.00613147942638607
1.0351641358914,0.258920828940902,0.120675145558053,-0.245106235835284,-0.0124310488279659,-0.0133358387405847,0.00580626423696815
1.02392467731677,0.247147975274488,0.118837776512722,-0.229119175452932,-0.0119914813398919,-0.0120125084685372,0.00534906610714864
1.00896050314217,0.234010143318656,0.116492163570997,-0.211647233442599,-0.0114669561891312,-0.0106410995544755,0.00477646068342664
0.99042546597261,0.219693196748672,0.113705362534584,-0.192643333640675,-0.0108712827902685,-0.00922892755768891,0.00410620546413145
0.968494973693979,0.204359350912243,0.110546765118441,-0.172125727722486,-0.0102189427135512,-0.00778383367807501,0.0033564208635571
0.943359492746647,0.18813698323447,0.107080767818135,-0.150173787430903,-0.00952409831808426,-0.0063135798434781,0.00254502308742343
0.91521809565421,0.171118282504266,0.103362119849077,-0.126917941849625,-0.00880008535901073,-0.00482541117300478,0.00168938882065306
0.884275302693313,0.153363741743294,0.0994345424435742,-0.102527273812593,-0.00805933132345991,-0.00332586283515354,0.000806226443768183
0.850738052726078,0.134910858449933,0.095331944537606,-0.0771964084100892,-0.00731355316106102,-0.00182077701772451,-8.84031419772984e-05
0.814816700016982,0.115786044031815,0.0910820350316814,-0.051133624593856,-0.00657416628336156,-0.000315503145545083,-0.000978953579995905
0.776723440365264,0.0960170218564412,0.0867107882188534,-0.0245496856913571,-0.00585274836536773,0.00118483626216296,-0.00185020896163047
0.736673719263494,0.0756454893878798,0.082247548662621,0.00235200160243275,-0.00516152768602838,0.00267508179243876,-0.00268708850156728
0.694882695906383,0.0547376142301601,0.0777290626992908,0.0293850080500083,-0.00451374754973892,0.00414988428473448,-0.00347448709893397
0.651562842329759,0.0333920716685981,0.0732023458103343,0.0563888220394959,-0.00392387716575377,0.00560371058285909,-0.00419719481011223
0.606917847645791,0.011743625708186,0.0687251775026069,0.0832370930958978,-0.00340753914617012,0.00703104397671642,-0.00483992706162591
0.561136097925038,-0.0100386871598637,0.0643641103714237,0.109843950363937,-0.00298109320838756,0.00842675586748219,-0.00538749901340269
0.514384697922358,-0.0317597540002763,0.0601899402672626,0.136166855349466,-0.00266081415534512,0.00978658711986019,-0.00582516739843095
0.466805242314955,-0.0532130753742249,0.0562710622099447,0.162204071981309,-0.0024616574863318,0.0111076244087171,-0.00613914350251244
0.418514282314826,-0.0742007261816109,0.0526658701351479,0.187985466990686,-0.00239570408397377,0.0123886522953504,-0.00631727243439874
0.369608909073215,-0.0945558601182236,0.0494155853279147,0.213556369573257,-0.00247047724376675,0.0136302492166104,-0.00634982816475341
0.320177480325179,-0.114163574164439,0.0465391626520747,0.238956159869166,-0.00268743797201248,0.0148345446671671,-0.00623033951067513
0.270313872573338,-0.132975387590003,0.0440316622752461,0.264195291474515,-0.00304101778599552,0.0160046312647962,-0.00595632716413045
0.220132043369367,-0.15101334792637,0.0418667156440049,0.289235627629206,-0.00351849780805853,0.0171437064948936,-0.00552981575011112
0.169777448770808,-0.168362105380064,0.0400026802952767,0.313978822912311,-0.0041008751804628,0.0182540941408218,-0.00495751709415694
0.119432462958065,-0.185150513211015,0.0383910003348625,0.338265554652651,-0.00476460875156166,0.0193363146774316,-0.00425065287178167
0.0693145695944416,-0.201527352485988,0.0369846332930328,0.361885617880288,-0.00548390082544101,0.0203883409677875,-0.00342448056551206
0.0196677395081866,-0.217637419652281,0.0357444073681468,0.384596311906494,-0.00623304559559834,0.0214050994990759,-0.00249766148136846
-0.02925148504977,-0.233603906327851,0.0346418299086752,0.406145133410487,-0.0069884019649629,0.0223781973253418,-0.00149163158591775
-0.0771912095719778,-0.249521244218396,0.0336579323284477,0.426293042244675,-0.00772970464089375,0.0232958272027479,-0.000430102583505198
-0.123922805767108,-0.265460180150616,0.0327788149191378,0.444835756928356,-0.00844063779257353,0.0241428372412028,0.000661253933322144
-0.169259117708695,-0.281484484240544,0.0319893731303313,0.461621627899153,-0.00910878599269523,0.0249010275864392,0.00175497518011697
-0.213070126601936,-0.297676777321486,0.031267162384017,0.476565131399935,-0.00972521024319111,0.0255498298567034,0.00282194552484127
-0.255293206171366,-0.314169192185074,0.0305784593591245,0.489654525213944,-0.0102839552290057,0.0260675712818477,0.00383168529033271
-0.295934240882941,-0.331172685007039,0.0298782762491821,0.50095113101943,-0.0107817675132785,0.0264334688145689,0.00475300442210597
-0.335055724437081,-0.34899707550241,0.0291152988355966,0.510577249747335,-0.0112181791402613,0.0266303089502856,0.00555521413004058
-0.372749525091291,-0.368053230142535,0.0282413791061148,0.518691099571585,-0.0115958758220582,0.0266474531473385,0.00620997871022606
-0.409095880687529,-0.388830592339163,0.0272235056119749,0.525451089579356,-0.0119209637299295,0.0264834628289852,0.00669366864189882
-0.444115586323539,-0.411848169197847,0.0260547260786392,0.530977205978844,-0.0122025076992026,0.0261474510662098,0.00698978574433176
-0.477727035476763,-0.437584000668627,0.0247602439499342,0.535321622251218,-0.0124507554899922,0.0256584644001284,0.0070908101922116
-0.509720523603441,-0.466393421627244,0.0233963735049012,0.538459773522491,-0.0126739386362468,0.0250428030058304,0.00699883922902673
-0.539757710314234,-0.498427169054831,0.0220426556461914,0.540305596443174,-0.0128743761051348,0.0243299504166922,0.00672472160673462
-0.567397283129689,-0.533558595652236,0.0207897040185836,0.540744282697253,-0.0130454448687428,0.0235483057493039,0.00628591966200999
-0.592141771263697,-0.571329539446071,0.0197259390185558,0.539667778091521,-0.0131712452953772,0.0227218307802653,0.0057037644667637
-0.613498123458715,-0.61093108717599,0.018925537131736,0.536998688199109,-0.0132300725706675,0.0218681826904317,0.00500090950809144
-0.631042913402502,-0.651241100890535,0.018438972539894,0.532695895752675,-0.0132010979593118,0.0209982141201875,0.0041995868081121
-0.644480494013853,-0.69093241137603,0.0182874037133163,0.526746071217858,-0.0130717603093908,0.0201163191827904,0.00332087193596886
-0.653680368595935,-0.72863790202078,0.0184622152437298,0.519151861044703,-0.0128425733725235,0.0192211006516872,0.00238475948800552
-0.658684052150706,-0.763127116737522,0.0189300619414,0.509926562102122,-0.0125272426822468,0.0183061173976573,0.0014106217144049
-0.659681871558446,-0.793438689503327,0.0196417331163946,0.499097793524248,-0.0121484852634072,0.0173607429313401,0.000417637343616994
-0.656970706607609,-0.818934346617566,0.0205415532699905,0.486715473827345,-0.0117319662724313,0.0163712625135363,-0.000575030964003653
-0.650906829459173,-0.839276106610417,0.0215741573931969,0.47285651868293,-0.0113010297173437,0.0153222542482639,-0.00154832209928267
-0.641864721219372,-0.854355630744242,0.0226871721611437,0.457621594534409,-0.010873726770701,0.0141982129570002,-0.00248351953237992
-0.630205758126189,-0.86421009943949,0.0238302988770557,0.441123283906763,-0.0104621760772994,0.0129853082345242,-0.00336254570989002
-0.616256229466935,-0.868950103944427,0.0249525664136951,0.423468585532415,-0.0100734286760543,0.0116731608646408,-0.00416825717807413
-0.600292419890197,-0.868711350176035,0.0259998276075897,0.404739941378918,-0.00971086227466368,0.0102564993386644,-0.00488474435618498
-0.582530917619798,-0.863631026330925,0.0269141688300621,0.384978839639941,-0.00937540644536135,0.00873651673274529,-0.00549766077273087
-0.563124135995068,-0.853844351104848,0.0276361357459808,0.36417573042426,-0.00906629316151929,0.00712172005602742,-0.00599459849584744
-0.542162082060067,-0.839494615503724,0.0281097365709286,0.342269015675578,-0.0087813409590174,0.00542805990935744,-0.00636550025535938
-0.519680787559418,-0.82074878705059,0.0282892241564646,0.319153984053121,-0.0085169566547757,0.00367817907004491,-0.00660306188154539
-0.495677908878509,-0.797813105450756,0.0281460053788875,0.294701349624218,-0.00826811692282675,0.00189976819547672,-0.00670306640575531
-0.470133001208723,-0.77094242853387,0.0276737115412427,0.268781980937944,-0.00802853277729869,0.000123176975670071,-0.0066645735082
-0.443028946859153,-0.740439732602795,0.0268898239706079,0.241293043513602,-0.00779110632881037,-0.00162138287722824,-0.00648990654758595
-0.414371815661644,-0.706646979697051,0.025833208769685,0.212181080612793,-0.00754869045328044,-0.00330659533713406,-0.00618443383058329
-0.384204190229182,-0.66992656381094,0.0245578814823122,0.181456736440723,-0.00729501510787787,-0.00491033045662293,-0.0057561464658596
-0.352611940384731,-0.630639898908646,0.0231244854964797,0.149199951688429,-0.0070256478161649,-0.00641714952870226,-0.00521511920363654
-0.319723788008087,-0.589126355418156,0.021591316408708,0.115555456634545,-0.00673881812539649,-0.00781890772675349,-0.00457292884835512
-0.285704236343923,-0.545684377264464,0.0200065933989087,0.0807204784575817,-0.00643597018644707,-0.00911450417854746,-0.00384210042534064
-0.250745978167534,-0.500564057657334,0.0184034901293318,0.0449298277120838,-0.00612206707742854,-0.0103090499956244,-0.00303571077032263
-0.215056942563572,-0.453958772372681,0.0167979666452272,0.00843881845445528,-0.00580549687017751,-0.0114125739937406,-0.00216709078178026
-0.178853807056793,-0.406014158521629,0.0151900185105177,-0.0284896308504045,-0.00549781877734929,-0.012438748272449,-0.00124979387183848
-0.142351657534387,-0.356832276465779,0.0135671082367467,-0.0655959632676596,-0.00521312836989009,-0.0134034765533293,-0.000297673885528607
-0.105759753154153,-0.306488834073417,0.0119098519381513,-0.102630414565811,-0.00496727045277097,-0.0143237571901925,0.000674820369496094
-0.0692759487489759,-0.255048691825667,0.0101988108430013,-0.13935701351403,-0.00477670698642212,-0.0152165163139586,0.00165225354377174
-0.0330830341960971,-0.202586649941119,0.00842199229226754,-0.175555989685182,-0.00465710251875962,-0.01609750726775,0.00261772340908193
0.00265506081714936,-0.149209367700521,0.00658212140914698,-0.211025831478009,-0.00462157399930188,-0.0169800715166746,0.0035523717523685
0.0377965864589746,-0.0950780421796588,0.00470260328361835,-0.245585947481232,-0.00467869209099165,-0.0178737112853967,0.00443497824327335
0.0722243383464576,-0.0404283327431284,0.0028306584538961,-0.279080036046422,-0.0048304420657467,-0.0187824571697537,0.0052417747402795
0.105845880960217,0.0144175335484985,0.00103592190719315,-0.311379728983405,-0.00507055420988961,-0.0197032036474748,0.00594666914385273
0.138590235383651,0.0690536034181027,-0.000596877319221189,-0.342387053151431,-0.0053837792755578,-0.020624368207529,0.0065220879746935
0.170399713819873,0.123014418976232,-0.00198124824017678,-0.372033816385244,-0.00574671338697139,-0.0215254238443567,0.00694059073655204
0.201216415793974,0.175822570385015,-0.00304612523113884,-0.40027628879893,-0.00613050276084752,-0.0223778949183539,0.00717722575316967
0.23096444898637,0.22705297907592,-0.00375228861352346,-0.427084574277127,-0.00650512077727492,-0.0231481416484449,0.00721229550784008
0.259531165553979,0.27639795174298,-0.00410222339028616,-0.452428342452608,-0.00684411412099018,-0.0238017049194014,0.0070339185711145
0.286752233363449,0.32371227332134,-0.00413911430486492,-0.476261986403734,-0.00712819601797987,-0.0243082734074706,0.00663968914900174
0.312405672004088,0.369021794424402,-0.00393471702426836,-0.49851310474134,-0.00734628981128353,-0.0246459548010126,0.00603699210928323
0.336218375325805,0.412490512465111,-0.00357038313952405,-0.519077161088337,-0.00749361047099883,-0.024803728310724,0.0052420157990187
0.357886048516406,0.454353786309515,-0.00311797273270577,-0.537819415255158,-0.00756764753609432,-0.0247816749072825,0.00427795118857307
0.377105039097762,0.494833757611155,-0.00262669288752556,-0.55458409016339,-0.0075638605208299,-0.0245894022855192,0.00317303689635162
0.39361178441106,0.53405662514313,-0.00211902404079923,-0.569210023381978,-0.00747313644146632,-0.0242435243235325,0.0019589629123021
0.407222270077672,0.571993683515636,-0.00159556629789663,-0.581552020159721,-0.00728251811017237,-0.0237650113696028,0.000669840327976253
0.417860782833412,0.60844844617167,-0.00104590812578762,-0.59150681293846,-0.00697944172923045,-0.0231768650940248,-0.000658342854756327
0.425567124804515,0.643102715114489,-0.000460850352785043,-0.59904031926837,-0.00655803770394372,-0.0225021510700286,-0.00198802714967726
0.430478556388285,0.67561212915709,0.000159000367551357,-0.604210821072479,-0.00602485096985348,-0.021762248768638,-0.0032804229729804
0.432793205929833,0.705715693845568,0.000801588615875547,-0.607180554426747,-0.00540156021792897,-0.0209752160687384,-0.00449612201162827
0.432727966886226,0.733315133469035,0.00144887611109049,-0.608208334855201,-0.00472383532671122,-0.0201543287409114,-0.00559616429370089
0.430480903689848,0.75849520689328,0.00208660459146646,-0.607618097921008,-0.00403708097496539,-0.0193069784121862,-0.00654368616187031
0.426201771098821,0.781483445976094,0.00271415678013317,-0.605744424908515,-0.00339045633813021,-0.0184342099799286,-0.00730613354988204
0.419971360204752,0.802568879416982,0.00335061087832804,-0.602864897446455,-0.00283042333151665,-0.0175311925081142,-0.00785777072656754
0.411792448242733,0.82200867518522,0.00403450832353374,-0.599137712031931,-0.00239488423158548,-0.0165887833087653,-0.00818194908682421
0.4015967092211,0.839950870246107,0.00481698314830495,-0.594565219879417,-0.00210892594079643,-0.0155960107508171,-0.008272511460631
0.389269102028036,0.856393532931239,0.0057502527188643,-0.588996758595875,-0.00198297934491721,-0.014542921670352,-0.00813391661720671
0.374684587106329,0.871187110565323,0.00687518505596698,-0.58216936970881,-0.00201361644812622,-0.0134230373851874,-0.00778007910479986
0.357746891008553,0.884072783971676,0.00821190437724861,-0.573771571869963,-0.00218646404762283,-0.0122348002596965,-0.00723230410541517
0.338418684551529,0.894740000109211,0.00975603210590531,-0.563509662087967,-0.00248020392797923,-0.0109817683159855,-0.00651686036446574
0.316737019838725,0.902884577736849,0.011480907685912,-0.551159649973741,-0.00287056607824552,-0.00967173186464556,-0.00566267171258585
0.292813799994193,0.908253353141421,0.0133440742089612,-0.536596509004036,-0.00333351859680482,-0.00831519949909354,-0.00469942887137774
0.26682537442446,0.910668866665154,0.0152952488217992,-0.519800927764686,-0.00384728974177577,-0.00692377254061516,-0.00365624397132004
0.238996707347719,0.910034350171541,0.017283106520129,-0.500848927550124,-0.00439322968984903,-0.00550882720107342,-0.00256084011180381
0.209584601763904,0.906323517921763,0.0192591450600247,-0.479891242155224,-0.00495574437997735,-0.00408073325394526,-0.00143919151108127
0.178862375074399,0.89956074498967,0.021178119956791,-0.457128114918174,-0.00552161250286195,-0.00264863383485631,-0.000315491454924633
0.147106747273518,0.889797409981877,0.0229956319718559,-0.432783503829083,-0.00607898401750036,-0.00122066092772551,0.00078768084177663
0.114586502727729,0.877088775969649,0.0246641819239564,-0.407080703002655,-0.00661630459602183,0.000195627236146967,0.00184911615171043
0.0815522590354778,0.861475037871697,0.0261293702596909,-0.380220541627374,-0.00712136126054578,0.00159281576084195,0.00284875587277523
0.0482269119316915,0.842969092820088,0.0273279145892867,-0.352362993143917,-0.00758061086470206,0.00296340185283696,0.00376757606013771
0.0147969697429781,0.821552540798766,0.0281888009639011,-0.323613268307088,-0.00797893066115774,0.00429987672282368,0.0045876256912579
-0.0185941130940831,0.797181371590277,0.0286382103930053,-0.294014396611542,-0.00829991053462592,0.00559513507346005,0.00529224388762438
-0.0518490338427381,0.769800166385226,0.0286078227422542,-0.26354790932087,-0.00852674129746461,0.00684312252909677,0.00586644856386096
-0.0849143463893605,0.739364366565945,0.0280450594394026,-0.232144729823721,-0.0086436769150092,0.00803955748851804,0.00629747160677822
-0.117771715967061,0.705864708136785,0.0269227758672898,-0.199705440904841,-0.00863788933391864,0.00918251369207947,0.00657537353470381
-0.150422992306659,0.669350558331727,0.0252457740208241,-0.166128459098735,-0.00850141519692665,0.0102726790672657,0.00669366350537767
-0.182871170649768,0.629945128354771,0.0230518627107265,-0.131340993246751,-0.00823279344389139,0.0113131757955775,0.00664982057737607
-0.215100814280418,0.58784808576561,0.0204066346250721,-0.0953266223075063,-0.00783798365475413,0.0123089281477687,0.00644560628170957
-0.247062718994906,0.543325917168304,0.0173930361268003,-0.058143814454006,-0.00733032575133793,0.0132657188967993,0.00608710241498552
-0.278665698360658,0.496689151713114,0.0140980854171948,-0.0199305923361098,-0.00672945183130342,0.0141890805623315,0.00558440744585564
-0.309777755607572,0.448264571974063,0.0106001060076759,0.0191045578313313,-0.00605940221404462,0.0150832788781459,0.00495105848090429
-0.340234933727582,0.398366764126999,0.00695931689784889,0.0587028738876517,-0.00534632011721375,0.0159505048748094,0.00420326500163271
-0.369855887248343,0.347277040135212,0.00321358409775186,0.0985807974949356,-0.00461621832555922,0.0167903948578172,0.0033591349198429
-0.398457714350686,0.295231760261055,-0.000620344905632377,0.138454849903266,-0.00389318747622906,0.0175998102467239,0.0024380267278294
-0.425870729794815,0.242422455492125,-0.00454092633354973,0.17806109443706,-0.00319828692445159,0.018372842087576,0.00146015029582023
-0.451949988549543,0.189006181334366,-0.00855271592058992,0.217166654465089,-0.00254914797913859,0.0191009570056798,0.00044644583504264
-0.476581847372445,0.135123348314702,-0.012655749650238,0.255572457751657,-0.00196016658004171,0.0197732273429811,-0.00058129897556102
-0.499686188610888,0.0809212042207857,-0.0168350781149772,0.293108385061831,-0.00144308160696158,0.0203767347037246,-0.00160017912750528
-0.521213213119481,0.0265793332736513,-0.0210521536295425,0.329622214477394,-0.00100766031448553,0.0208972130855482,-0.00258589065475828
-0.541135638279496,-0.0276660505551791,-0.02523992065907,0.364965071464795,-0.000662202001690095,0.0213201027756493,-0.00351260253571261
-0.559436259014523,-0.0815042393690343,-0.0293035143645451,0.398976206747926,-0.000413568447034366,0.0216320830921962,-0.00435317075260979
-0.576091747968861,-0.134544579889598,-0.033128078599844,0.431470599387828,-0.000266516513472822,0.0218230350155808,-0.00507987054335145
-0.591054788906963,-0.186329249358553,-0.0365939113442324,0.462233085454002,-0.0002222772287201,0.0218881396577438,-0.00566575394564886
-0.604238025841235,-0.236366665087947,-0.0395968290910143,0.491021960461179,-0.000276607993890564,0.0218295885726768,-0.00608659111217567
-0.615504739519525,-0.284181496632166,-0.0420689286015269,0.517583100695242,-0.000417878866427284,0.0216572709557659,-0.00632314264050206
-0.624670917791905,-0.329369441505302,-0.0439932129980007,0.541672358115737,-0.000625971417790075,0.0213879475488879,-0.00636330782329865
-0.63152073705883,-0.371639722217253,-0.0454063806370052,0.563080383635332,-0.000872678087729791,0.0210428467394443,-0.00620361529587406
-0.635833375881334,-0.410829762049261,-0.0463878844203946,0.581652347207986,-0.00112383078510308,0.0206441835898064,-0.00584965846253588
-0.637415436661948,-0.446885386958738,-0.0470385968074961,0.597296682486982,-0.00134274518410937,0.0202115135522245,-0.00531539827352693
-0.636131524733361,-0.479811718227174,-0.047456244015166,0.609981064735421,-0.00149409043601005,0.0197588418468376,-0.00462160049785775
-0.631927528507086,-0.509609110258879,-0.0477152976189971,0.619719195601212,-0.00154725063269302,0.019293070177662,-0.00379388342793891
-0.624843526885525,-0.536210198653391,-0.0478563010662661,0.626554445136759,-0.00147862518000472,0.0188138397896896,-0.00286083825541505
-0.61501700481876,-0.559431323392478,-0.0478858211479384,0.630547798173255,-0.00127289013433782,0.0183144849135657,-0.00185253728278179
-0.602676517003328,-0.578945633594485,-0.0477850778508654,0.631774644360425,-0.000923723926469917,0.0177836307329468,-0.000799541431448875
-0.588124912974943,-0.594282660337076,-0.0475239881110346,0.630332593535728,-0.000434713974029812,0.0172070376064846,0.000267631203794301
-0.57170832229412,-0.604859843871603,-0.0470773195688033,0.626359051154963,0.000178989015280913,0.0165694078442287,0.00131871938559421
-0.553765695215634,-0.610054343949638,-0.0464400146396189,0.620053668927791,0.000888265182320202,0.0158559706655982,0.00232383583375388
-0.534557522131373,-0.609323710430251,-0.0456387495957788,0.611697234528721,0.00164783102412303,0.0150537361753596,0.00325377659667089
-0.514183053993501,-0.602373047261647,-0.044736303545201,0.601654799639245,0.00239632275703058,0.0141523770002698,0.00408084528884611
-0.492511947860215,-0.589339839538992,-0.043825394333648,0.590350711093924,0.00306119458893582,0.0131448340463851,0.00478041644572859
-0.469167508172975,-0.570932585617869,-0.0430108631623333,0.578210340997642,0.0035697263529986,0.0120278891142559,0.00533313176743249
-0.443589394728358,-0.54844362797122,-0.042384092268288,0.565579824529345,0.00386416398483329,0.0108029584135085,0.00572711967362641
-0.415167747319925,-0.523590245018538,-0.0419988387043267,0.552652492844996,0.00391543915473263,0.00947707812212745,0.00595928489676154
-0.383398716656545,-0.498218305950931,-0.0418586731092789,0.539434351300871,0.00372918219430064,0.00806361544586221,0.00603493626898807
-0.347998026919273,-0.47397717730889,-0.0419207904317716,0.525763931211852,0.00334130799290669,0.00658205059265351,0.00596580627402034
-0.308936169452231,-0.452083783408614,-0.0421126304863926,0.511374422313619,0.00280587188676352,0.00505647294259195,0.00576729305615482
-0.266403022373249,-0.433235439462142,-0.0423527147484973,0.495969424465612,0.00218105915361885,0.00351303851995629,0.00545595322665776
-0.220736757861238,-0.417655297335691,-0.0425678378280038,0.479285619887955,0.00151840657608386,0.00197707528026955,0.00504786189823556
-0.172352191380212,-0.405212022097606,-0.0427030095451562,0.461130362837936,0.000857342758329467,0.000470575089209064,0.00455789715078505
-0.121687650910226,-0.39555463425779,-0.0427244807376474,0.441395139817462,0.00022440822377931,-0.000989465381929485,0.00399966208284973
-0.0691738165762251,-0.388226138616952,-0.0426181385704612,0.420052531841412,-0.000364697148952766,-0.00239174016351538,0.00338571153662524
-0.0152192704311344,-0.38274304525551,-0.0423856831673414,0.397144421311935,-0.000902025881199639,-0.0037305101549511,0.00272785467153875
0.0397943891461466,-0.378642911086059,-0.0420403295745811,0.372766955224069,-0.00138442138501167,-0.00500491788778098,0.00203742977897873
0.0955136034963726,-0.37550774797822,-0.0416029680931322,0.347054947528969,-0.00181122371457841,-0.00621799878185596,0.00132552537337132
0.151613379408544,-0.372972076047367,-0.0410991747433096,0.320167156986889,-0.00218276277124857,-0.00737558923501391,0.000603159095376112
0.20779874696082,-0.370722350884472,-0.040557063830675,0.292272618330712,-0.00249954697201624,-0.00848525454962309,-0.000118572554823889
0.263807309828324,-0.368492625176704,-0.0400058064798595,0.263538159249745,-0.00276198324349852,-0.00955529420029458,-0.000828366421169907
0.319412330182498,-0.366059470000165,-0.0394745458738249,0.234117185939725,-0.00297046186625867,-0.0105938348472106,-0.00151461114708795
0.374425464690697,-0.363238032276987,-0.0389914448605474,0.204140148251659,-0.00312566326772171,-0.0116080017481203,-0.0021653265552725
0.428697897733464,-0.359879883717831,-0.0385826158222326,0.173707153281161,-0.00322896549413001,-0.0126031523044619,-0.00276816702168283
0.482118809181375,-0.355873010927177,-0.0382708252472017,0.14288379971296,-0.00328285142985137,-0.0135821843672755,-0.00331051804623353
0.534610056630749,-0.35114334338904,-0.0380739659638952,0.111701179365163,-0.00329122413330911,-0.0145449562283944,-0.00377971597468919
0.586116651316188,-0.345656973392877,-0.0380034813251597,0.0801610230187952,-0.00325955409838605,-0.0154878995793954,-0.00416341540004951
0.636592850995398,-0.339421396025822,-0.0380630226306597,0.0482461838645966,-0.00319480066250038,-0.0164039154995371,-0.00445010735785895
0.685985507231971,-0.33248462301339,-0.0382477663200717,0.015935942476035,-0.00310509364216171,-0.0172826618677138,-0.00462976659771352
0.734216901617765,-0.32493091380824,-0.038544726363621,-0.0167758912730426,-0.00299920947722605,-0.0181112803639921,-0.00469456563643881
0.781170348215676,-0.316872884845301,-0.0389342283186003,-0.0498631832068497,-0.00288593270595928,-0.018875533698257,-0.00463956185795088
0.826681674005327,-0.308440802173637,-0.0393923926597394,-0.0832536371731263,-0.00277342912207996,-0.0195612146992187,-0.00446324878453761
0.870539386835127,-0.299771278468124,-0.0398941854608335,-0.116822061764609,-0.00266875746770997,-0.0201556202082177,-0.00416788384768779
0.912492453991062,-0.290997339658857,-0.040416275975215,-0.150392256663087,-0.00257759063928777,-0.0206488028045014,-0.00375953851480683
0.952264537182354,-0.282242651263102,-0.0409390555189091,-0.183746855409906,-0.00250414694193553,-0.0210344093817172,-0.0032478921259688
0.989570552735336,-0.273621235024397,-0.0414473318345515,-0.216642471288256,-0.00245124705818099,-0.0213099864464738,-0.00264583579837713
1.02413126339157,-0.265242942763455,-0.0419296107646596,-0.248826418874448,-0.0024203676414203,-0.0214767664436759,-0.00196898179581781
1.05568241565361,-0.257223782378609,-0.042376275672258,-0.280051429002969,-0.00241156853322554,-0.0215390548926301,-0.0012351668644474
1.0839769989818,-0.249699406661006,-0.0427772943924084,-0.310086013962442,-0.0024232297080022,-0.0215034015549604,-0.00046400414595306
1.10877936997081,-0.242838999209833,-0.0431201650880979,-0.338719358910477,-0.00245162702496098,-0.0213777016074264,0.000323513918843791
1.12985355268246,-0.236856858405137,-0.0433888898475553,-0.365761565672766,-0.00249049597873462,-0.0211703738370074,0.00110539933806919
1.14694756544046,-0.232018009304194,-0.0435645473208896,-0.391040831556036,-0.00253083954836019,-0.0208896687190456,0.00185911090902509
1.15977795043105,-0.228633997545502,-0.0436278023992513,-0.414400136140872,-0.00256131253491752,-0.0205431333559457,0.00256213118351268
1.16801958640948,-0.22704475517683,-0.0435632611303533,-0.435696196066509,-0.00256950133577164,-0.0201372227687878,0.00319273115448763
1.17130503920408,-0.227582653598109,-0.0433649786048977,-0.454802479920829,-0.00254425437625135,-0.0196770019307661,0.00373091589106503
1.16923977185571,-0.230517348085881,-0.0430419407433731,-0.471617520852229,-0.00247887071306015,-0.0191659187315565,0.00415946516247365
1.16143484613458,-0.235983574725198,-0.0426218080964056,-0.486076587795245,-0.00237443610440835,-0.0186055781723837,0.00446489752258644
1.14755809297719,-0.243901480898533,-0.0421512834207192,-0.49816331368408,-0.00224209862393333,-0.0179955293194831,0.00463815709404029
1.12739636843465,-0.25390709995946,-0.0416919038873368,-0.507915117619075,-0.00210289056594385,-0.017333097090741,0.00467486238388292
1.10091781478878,-0.265318393374326,-0.0413113441592443,-0.515417985443313,-0.00198419402509709,-0.0166134415862361,0.0045751003629911
1.06831439614796,-0.277161285659994,-0.0410718034923535,-0.520788536044912,-0.00191318443811173,-0.0158300391109618,0.0043429007275378
1.03000804031884,-0.288267278727083,-0.0410186365302578,-0.524148349806949,-0.00190915804782424,-0.0149757595629287,0.00398563354241
0.986609009707667,-0.297427556834447,-0.0411727653975708,-0.525598650720987,-0.00197760095971252,-0.0140444158973297,0.00351351839437665
0.938835484191547,-0.303563389350288,-0.0415294882881987,-0.525205469465777,-0.00210839376430586,-0.0130324232820576,0.00293929899344873
0.887416562348496,-0.305862539964701,-0.0420638213532153,-0.522999344405518,-0.00227871989920124,-0.0119400242650881,0.00227797785214477
0.833008199518111,-0.303846712943273,-0.0427401214312982,-0.518987601248277,-0.0024591902022933,-0.010771712506411,0.00154647393068875
0.77614323677393,-0.297364685074392,-0.0435225330064185,-0.513172672571066,-0.0026206623934955,-0.0095358267908813,0.000763140730407601
0.717219904398266,-0.286531298236876,-0.044383212117996,-0.505569090271153,-0.00273961024305549,-0.00824357787912281,-5.28126117053838e-05
0.656521042221125,-0.271643147861879,-0.0453067965687512,-0.496215391669339,-0.0028010887183431,-0.00690789776129251,-0.000881892090498411
0.594249469312326,-0.253096651031566,-0.0462910075565924,-0.485179840839351,-0.00279945411693686,-0.00554240093697685,-0.00170479321026926
0.530566611589351,-0.231322834147392,-0.0473441756851401,-0.472561033640034,-0.00273756252862053,-0.00416058596894112,-0.00250274330302356
0.465625678259242,-0.206742541786358,-0.0484807554219322,-0.45848465803869,-0.00262520312462374,-0.0027752604870247,-0.00325772931708994
0.399595574228819,-0.179739764376508,-0.0497158791152156,-0.443097634374347,-0.00247729048468872,-0.00139811004617838,-0.00395265966310406
0.332674303654617,-0.150648484401664,-0.0510598503111461,-0.426560080253144,-0.00231206910107926,-3.9328284016347e-05,-0.00457151483168804
0.265092533382723,-0.119748921134401,-0.0525134141256146,-0.40903562679997,-0.00214939971622518,0.00129272722192531,-0.00509953187924637
0.197108986648442,-0.0872704101406914,-0.0540646215507484,-0.390681102868037,-0.00200912068483697,0.00259183423923486,-0.00552345371424815
0.128999332957277,-0.0533990625358073,-0.0556879396909972,-0.371636490018908,-0.00190947793555783,0.00385410174470216,-0.00583185117141194
0.0610411535516553,-0.0182891353801391,-0.0573460542251862,-0.352016874895133,-0.00186567051098699,0.00507798670331461,-0.00601551020094553
-0.00650235931947052,0.0179231589071758,-0.0589943136572943,-0.331907797020283,-0.00188861793646465,0.00626407453449715,-0.00606785239331903
-0.0733970513969663,0.055105096496977,-0.06058716570182,-0.311365047018092,-0.00198409834323142,0.00741461022207169,-0.00598533559929516
-0.13944810611059,0.0931142702973993,-0.0620853558549606,-0.29041923992047,-0.00215240575495961,0.00853282683155594,-0.00576776536003329
-0.204504101187078,0.131788961034268,-0.0634623139365289,-0.269084485455011,-0.00238861856689055,0.00962217146918952,-0.00541844497481476
-0.268454242149438,0.170943600461188,-0.0647082770503606,-0.247369691282604,-0.00268346780015262,0.010685557689442,-0.00494411445602446
-0.331219664997315,0.210369690123146,-0.0658312289347084,-0.225290242237417,-0.0030246690132464,0.0117247546916767,-0.00435466728348175
-0.392741192354413,0.249841413262644,-0.0668546809069449,-0.20287810232261,-0.00339848551830275,0.0127399841085749,-0.00366269429880132
-0.452966361235781,0.289124175066544,-0.0678130291937439,-0.180188249644152,-0.00379124540870164,0.0137297123356106,-0.00288293667357922
-0.511838669845183,0.327984332716187,-0.0687457930036805,-0.15730045849794,-0.00419056717227498,0.0146905830082817,-0.00203175441374101
-0.569291025783158,0.366198769606087,-0.0696919952911467,-0.134315966525676,-0.00458612702552797,0.0156174036856781,-0.00112669795660264
-0.625244210088639,0.403563743082766,-0.0706855966734247,-0.111349272020452,-0.00496990119887777,0.0165031203662811,-0.000186235387894105
-0.679610081076248,0.439903129012139,-0.0717523905646839,-0.0885158328191436,-0.00533590822303118,0.0173387673586565,0.000770356184719308
-0.732298212357422,0.475076346570878,-0.0729083043894233,-0.0659168209105066,-0.00567954585218646,0.0181134440130009,0.00172296912320789
-0.783223499776809,0.508985591893157,-0.0741587463878078,-0.0436225354948121,-0.00599666671961728,0.0188144188249361,0.00265058142381607
-0.832312742849875,0.541581758069548,-0.0754987092781929,-0.0216569795665914,-0.00628259102763948,0.0194275224699224,0.00353120466618462
-0.879507458944935,0.572866964216171,-0.0769134005414083,1.31913923643173e-05,-0.00653129347280307,0.019937968773644,0.00434198083964012
-0.924761362680744,0.60289131363433,-0.0783794664338782,0.0214813544227101,-0.00673503572017223,0.0203316989426321,0.00505955784766019
-0.968031417223301,0.631741099641232,-0.0798669854853912,0.0428914051119917,-0.00688468748269165,0.0205971956283922,0.00566085945256111
-1.00926363259725,0.659517316671305,-0.0813424512184361,0.0644138208232131,-0.00697086359087373,0.0207275299507557,0.0061243078050751
-1.04837612616227,0.686305658886107,-0.0827726332444988,0.08620872506997,-0.00698576202594131,0.0207221803232288,0.00643143234539501
-1.08524515562633,0.712143926392795,-0.0841288612888236,0.108382478365348,-0.00692529278697684,0.0205880764681321,0.00656864118942389
-1.11969802408301,0.736994499238811,-0.0853906392662644,0.130948754445112,-0.00679083086167434,0.0203393596385679,0.00652877268192662
-1.15151797451374,0.7607318874761,-0.0865476129763741,0.153806288792013,-0.00658993754992811,0.0199957358682333,0.00631203022220546
-1.18045924798601,0.783149631324697,-0.0875990366739582,0.176741169259934,-0.00633566710530797,0.0195796896077082,0.00592602307244841
-1.2062694531726,0.803986303993719,-0.0885509044966917,0.199453604474749,-0.00604458661306726,0.019113256393541,0.00538492463645858
-1.2287108257865,0.822962011591478,-0.0894114489851143,0.22160049055883,-0.00573405662138707,0.0186150926279218,0.00470800937587711
-1.24757557624127,0.839815971912411,-0.0901863485973489,0.242841135088042,-0.00541951601031241,0.0180984405328957,0.00391798270201344
-1.26269093774713,0.854335545066144,-0.0908747043144528,0.262874321688242,-0.0051123794128681,0.0175701953823185,0.00303946430865295
-1.27391395731603,0.866371757230445,-0.0914664947267506,0.281459856596871,-0.00481886985857787,0.0170309865652285,0.00209783795788672
-1.28111965776841,0.875841266373401,-0.0919418194293779,0.298423540933165,-0.00453981732113038,0.0164760284519738,0.0011185136610375
-1.28418497246708,0.882715879543261,-0.0922717447223916,0.313648173374389,-0.00427124666181858,0.0158964409357317,0.000126520751561942
-1.28297383593777,0.887003775496665,-0.0924206340050097,0.327055746067116,-0.00400550909079658,0.0152808471421824,-0.000853693289923977
-1.27732636449582,0.888725257705495,-0.0923496623610053,0.338585994781964,-0.00373270231285484,0.0146171085961894,-0.00179839332542904
-1.26705676106666,0.887887267079249,-0.0920213354238214,0.348176574858268,-0.0034421699560691,0.0138941359157136,-0.00268472745355769
-1.25196029773947,0.884458593490648,-0.0914044595518318,0.355748610507155,-0.00312390663928769,0.0131036629726653,-0.00349101892597136
-1.23183554075433,0.878353119192977,-0.0904793171525965,0.361202262498892,-0.00276975818881305,0.0122419014134921,-0.00419722957788937
-1.20651269525383,0.869419383352506,-0.0892416466747989,0.364422140493524,-0.00237431323452971,0.0113107649531564,-0.00478558796455436
-1.17589656749073,0.857448558488162,-0.0877054263236408,0.365295750546878,-0.00193547274571043,0.0103185320753242,-0.00524136653756908
-1.13999998266985,0.842189654727492,-0.0859024775798273,0.363737135408489,-0.00145466097059206,0.00927952265843789,-0.00555366868159552
-1.09898141829991,0.82338605967474,-0.0838802651183896,0.359716475677193,-0.000936750915936871,0.00821290358086457,-0.00571616543295483
-1.05315060765361,0.80080721843041,-0.0816962198564505,0.353280008118068,-0.000389716601894531,0.0071404654219735,-0.00572752293906361
-1.00297184134923,0.774293110717167,-0.0794121624596122,0.344564282560038,0.000175895242597649,0.00608403347228251,-0.00559154415739777
-0.949024517131658,0.743773022024783,-0.0770871033412052,0.333788377222219,0.000747652555552658,0.00506268592428266,-0.00531677101101847
-0.891973019944431,0.709288795852053,-0.0747731757826436,0.321239977625865,0.00131202763320095,0.00409066609204326,-0.00491581574956662
-0.832504191689332,0.67098237008136,-0.0725115487418454,0.307243452691447,0.00185522274285086,0.00317599002669001,-0.00440426941412968
-0.771293279808975,0.629090941524168,-0.0703325168201334,0.292134362056245,0.00236400300821984,0.00232020214181679,-0.00379964140497799
-0.708955065349135,0.583914990546459,-0.0682553427419554,0.276229462558608,0.00282639340143179,0.00151884865503666,-0.00312022166967009
-0.646028402632321,0.535800761136641,-0.0662909130860801,0.259812320160243,0.00323225911102804,0.000762624477240707,-0.00238424847785396
-0.582957572707642,0.485111635405104,-0.0644434199285903,0.24312256767677,0.00357363878111227,3.87100439367991e-05,-0.00160925557806347
-0.520095779538261,0.432213580788648,-0.0627129925694269,0.22635794871512,0.00384491947428872,-0.000667841584776984,-0.000811756122793072
-0.457709928690423,0.377460824722563,-0.0610973353913047,0.209679950423871,0.00404282125058365,-0.00137286967062169,-7.14298748897719e-06
-0.395994288668367,0.321190478388675,-0.0595932616700122,0.193224302884559,0.00416629791005224,-0.00209203723378889,0.000790207393366967
-0.335085646485628,0.263721269630179,-0.0581976114755237,0.177111773882769,0.00421639064794524,-0.00283991005869079,0.00156671999077847
-0.275079698931414,0.2053567738958,-0.0569077460927859,0.161457778320973,0.00419609136116366,-0.00362912111003902,0.00230936062471106
-0.21604741760294,0.146392189807092,-0.0557217173132836,0.146379349707974,0.00411024510800167,-0.00446956898667946,0.00300539866163734
-0.158049251528734,0.0871225494431464,-0.0546380435770948,0.13199796218937,0.00396547645795233,-0.00536762545330455,0.00364225007567718
-0.101146605492168,0.0278511612921064,-0.0536552690278298,0.118437933896874,0.00377011179724165,-0.00632538396318798,0.00420744940390796
-0.0454090398059708,-0.0311041608642344,-0.0527713378893644,0.105820191806043,0.00353403447941759,-0.0073400306067371,0.00468878159113574
0.00908365110598025,-0.0894092612522591,-0.0519828800416346,0.0942520756830736,0.00326840576053961,-0.00840346313707848,0.00507458183296475
0.0622444346643154,-0.146717857778381,-0.0512846618938719,0.0838150402515362,0.00298521253446017,-0.00950231855356615,0.00535419474669502
0.113986692906443,-0.202682754827561,-0.0506692907154435,0.0745525117434597,0.00269663472887613,-0.0106185334577963,0.0055185440119363
0.164234818973078,-0.256973174656914,-0.0501273131586914,0.0664608297745129,0.00241429625860426,-0.0117304973002409,0.00556074179602165
0.2129353945744,-0.309295599576123,-0.0496477366352978,0.0594858891912628,0.00214852498515452,-0.0128147410602166,0.00547664938210001
0.26006625574564,-0.359413976607474,-0.0492188496724948,0.0535269721184435,0.00190778050109125,-0.0138479643397991,0.00526529819505127
0.305640989857689,-0.407164567782531,-0.0488291168637308,0.0484475938594376,0.00169839362351335,-0.0148090955897217,0.00492910384226335
0.349707632391002,-0.452462058321215,-0.0484679624849488,0.0440914852103142,0.00152469322463547,-0.0156810644258835,0.00447385669857551
0.392341747692037,-0.4952957284733,-0.0481262853488048,0.0403004678190987,0.0013894858799939,-0.0164520221202664,0.00390851873253159
0.433635223263367,-0.535716916977939,-0.0477966416955463,0.0369305375228112,0.00129474591688648,-0.0171158713127376,0.00324489208624469
0.473682575525369,-0.573820698298018,-0.0474731318313207,0.0338629765915694,0.0012423045644353,-0.017672108457238,0.00249723891209479
0.512567142885067,-0.609726209457281,-0.0471511864723765,0.0310085701312141,0.00123431982385746,-0.0181251285141295,0.00168193032695496
0.55034769040065,-0.643557876129146,-0.0468273060176712,0.0283042720113681,0.00127335122585389,-0.0184831428744951,0.000817162785141872
0.587046665287956,-0.675430223977405,-0.0464989510841825,0.0257031448586789,0.00136195416670209,-0.0187569146643459,-7.72387186688415e-05
0.622640342603067,-0.70543665833893,-0.0461646311034586,0.0231594005856235,0.00150180822942242,-0.0189584381854675,-0.000979954635611345
0.657051374944064,-0.733641648072503,-0.0458241799133111,0.020611260776664,0.00169249929796412,-0.0190996342688893,-0.00186829761638264
0.690145024267879,-0.760075476560406,-0.0454791475549936,0.0179651015382672,0.00193017558250497,-0.0191910956081385,-0.00271841666581584
0.721731513839214,-0.784731422011182,-0.0451332046095059,0.0150848895467179,0.00220638582662494,-0.0192409241916853,-0.003505685798713
0.75157612958645,-0.807564663704066,-0.0447923338732735,0.0117908798129329,0.00250745898248556,-0.0192537119971743,-0.00420538359318176
0.779419086809239,-0.828494392946436,-0.0444646837801755,0.00787052156526957,0.00281476745751647,-0.0192298199502668,-0.00479373755184304
0.805004067802588,-0.847409719150723,-0.0441599291949942,0.00310202531561726,0.00310607906737814,-0.0191651632111537,-0.00524931746964163
0.828111427821518,-0.864180222197543,-0.0438881771365016,-0.00271291235658914,0.0033579262271232,-0.0190516968657547,-0.00555464009723057
0.848588581513981,-0.878669899069967,-0.0436585728275628,-0.00971465495534204,0.00354857145766784,-0.0188786814495101,-0.00569771022472396
0.866369777125994,-0.890752442861923,-0.0434779632214575,-0.0179590473996129,0.00366086197580454,-0.0186345922891284,-0.0056731619392533
0.881478854593507,-0.900323750076498,-0.0433499623352863,-0.0274069071967141,0.00368420990322895,-0.0183092700111249,-0.00548271215728612
0.894014838994241,-0.907309102741965,-0.0432747133510054,-0.0379328197180996,0.00361519624067381,-0.0178958047583651,-0.00513482112103802
0.904124966581353,-0.911663226403571,-0.0432493676489846,-0.0493501113025615,0.00345676168262668,-0.0173916904783834,-0.00464367066612006
0.9119736014936,-0.913364139287378,-0.043269102290103,-0.0614441152801158,0.00321639901479775,-0.0167990523779936,-0.00402774128939618
0.917715809292497,-0.912403336270992,-0.0433283605072239,-0.0740046051663185,0.00290400485014032,-0.0161240161731165,-0.00330831395078265
0.921480541991511,-0.90877459365938,-0.0434219860266567,-0.0868502888527043,0.00252999649661916,-0.0153755255982193,-0.00250815367465803
0.923366129045119,-0.902464588829867,-0.0435460914308252,-0.0998420063794379,0.0021040821502794,-0.0145639869333209,-0.0016505169982188
0.923446231225801,-0.893446487775376,-0.0436985814130384,-0.112884688743495,0.00163479105450546,-0.0137000445361227,-0.000758502177643056
0.921783601614032,-0.881678131654533,-0.0438794076278767,-0.125920463789228,0.00112965944757397,-0.0127936826230818,0.000145313528967389
0.918447121348076,-0.867105026339603,-0.044090619759954,-0.138916114081118,0.00059584706846404,-0.0118536944065253,0.00103904672624897
0.913528588358029,-0.849669160881403,-0.0443363079071952,-0.151848170996955,4.09278067265519e-05,-0.0108874757244487,0.00190159250615894
0.907155089205737,-0.829323337672923,-0.0446224295336607,-0.164688379738253,-0.000526386336436786,-0.00990103015490555,0.00271271365702316
0.899493743705032,-0.806050210575043,-0.0449564683458835,-0.177391757203804,-0.00109578330636165,-0.00889906997096229,0.00345320498800854
0.890746636140927,-0.779883898330892,-0.0453468352940518,-0.189888947215243,-0.00165528723012448,-0.00788512312988291,0.00410517577255046
0.881135160422454,-0.750930330519308,-0.0458019262246176,-0.202083980449535,-0.00219165526331434,-0.0068616007167226,0.0046524596789
0.870875552445573,-0.719381684104368,-0.0463288447720554,-0.213857884120373,-0.0026912093841461,-0.00582983407942302,0.00508112672601089
0.860149585395343,-0.685520099825002,-0.0469319157236794,-0.225077617200307,-0.00314098244482487,-0.00479012639308631,0.00538003872978343
0.849076614046407,-0.64970777405944,-0.047611264092423,-0.235608821441403,-0.00352997634470415,-0.00374187842306539,0.00554136898754045
0.837693444518106,-0.612363383128727,-0.0483618036057972,-0.245329911857485,-0.0038502866845353,-0.00268382753126431,0.00556100062665305
0.825947228977133,-0.573928482391708,-0.0491729573658555,-0.254144582540091,-0.00409786454918931,-0.00161439902856014,0.00543873208422992
0.81370360345527,-0.534830409364941,-0.0500292957647877,-0.261990077027323,-0.00427276467162948,-0.000532124241021043,0.00517824918884941
0.800768278013213,-0.495449024918602,-0.0509120475007301,-0.268839520201107,-0.00437884812083573,0.0005639495416419,0.00478686255160296
0.786917309881258,-0.456093554895809,-0.0518012378796384,-0.274698189543213,-0.0044230341412271,0.0016739290428993,0.004275052303538
0.771929346812546,-0.41699263587988,-0.0526780495455213,-0.279595047373986,-0.0044142870966512,0.00279686716619909,0.00365589277817969
0.755613567882673,-0.378297320141776,-0.0535269787069534,-0.283571956365229,-0.00436256187137398,0.00393067443245235,0.00294444616428252
0.73782876787663,-0.340093954943382,-0.0543374228281121,-0.286673267628027,-0.00427790930449369,0.00507210884819416,0.00215720875545639
0.71849141257599,-0.302422434286258,-0.0551044495811446,-0.288937989720567,-0.00416988013050812,0.00621678732514775,0.00131167115237852
0.697573154946916,-0.265295583841836,-0.0558286433837051,-0.290395969432099,-0.0040472894836715,0.00735917577599578,0.000426023937848065
0.675089518977099,-0.228716287149042,-0.0565149901056953,-0.29106834640194,-0.00391832725274018,0.00849254915082472,-0.000480994669013438
0.651082488783636,-0.192690491752771,-0.0571708328463583,-0.290971724533549,-0.00379094127217563,0.00960895749317767,-0.00139014002810048
0.625600194466025,-0.157235536071106,-0.0578030032864403,-0.290124945827927,-0.00367337758751294,0.010699275008642,-0.00228164384698272
0.598676406842804,-0.122383863890139,-0.0584142873167351,-0.288556743927543,-0.0035747259792018,0.0117534228649968,-0.00313520664665259
0.570313087959512,-0.088182779782869,-0.0589995908617841,-0.286312549577168,-0.00350529882774334,0.0127608493093956,-0.00393007618452106
0.540469286930781,-0.054690944404911,-0.0595424199001065,-0.283458692631094,-0.00347666357422184,0.0137113051824279,-0.00464529178378219
0.509059323128611,-0.0219722573013751,-0.0600125400098194,-0.280082349332904,-0.00350117050156998,0.0145958694844813,-0.00526016660389713
0.475962842049441,0.00991202867023065,-0.0603658856294396,-0.276286317107715,-0.00359089421901292,0.0154080872388231,-0.00575505748844044
0.4410470933462,0.0409118932182563,-0.0605476250683672,-0.27217847527883,-0.00375604263957488,0.0161449816560936,-0.00611242043570528
0.404199109840484,0.0709962659733765,-0.0604987405845831,-0.267857311848579,-0.00400307803420678,0.016807663034151,-0.00631807374438022
0.365361699624482,0.100158021044516,-0.0601654249625697,-0.263396264357359,-0.00433297731207315,0.0174012904947932,-0.00636249560269865
0.32456441171659,0.128414547946574,-0.0595093841223507,-0.258830614713547,-0.00474014626899718,0.0179342777335509,-0.00624190583015355
0.281940508001411,0.155803078364781,-0.0585163240998498,-0.25415060421064,-0.00521241080466852,0.0184168387685171,-0.00595886991730358
0.2377246349617,0.182371506189768,-0.0572000974321696,-0.249303169076643,-0.00573222996018995,0.0188591813470734,-0.00552225463441773
0.192231465444395,0.208166861041111,-0.0556011753849627,-0.244201952905945,-0.00627889906891706,0.0192697440959647,-0.00494652663662195
0.145821498726544,0.233224177979436,-0.053779926446025,-0.238742629849919,-0.00683121074649511,0.019653824744859,-0.00425056426567212
0.0988636180986612,0.25755811760828,-0.0518067618492326,-0.232819263046699,-0.00736995362061083,0.020012799642194,-0.00345626840641864
0.0517029828682928,0.281158105211012,-0.0497517027379905,-0.226337171890308,-0.00787975041228568,0.0203439166114518,-0.00258724993661142
0.00463972871893598,0.303986531901743,-0.0476755552712467,-0.21921955858475,-0.0083500004795797,0.0206405322446798,-0.00166778764259926
-0.0420802982774895,0.325978811413494,-0.0456238776231461,-0.211407166637011,-0.00877495000052692,0.0208926303692139,-0.000722124522366982
-0.0882647418012632,0.347044038701108,-0.0436239203935748,-0.20285197305036,-0.00915308346860445,0.021087496103551,0.000225937483057531
-0.13376724142676,0.367066138611827,-0.0416841976255023,-0.193507482340116,-0.00948611568373989,0.0212105305998766,0.0011532446928811
-0.178476657429278,0.38590547823968,-0.0397960517673857,-0.18331817240079,-0.00977783934811144,0.021246199593587,0.00203742859343523
-0.222305794377265,0.403403283967785,-0.0379369350056921,-0.17221182416522,-0.0100330877212925,0.0211792362770204,0.00285708916183518
-0.265181018376965,0.419389027897968,-0.0360749828723748,-0.16009662948975,-0.010256950558263,0.0209960324067907,0.00359211804808566
-0.307034099883254,0.433693234281825,-0.0341748452653524,-0.146865750497486,-0.0104543842264549,0.0206862331889519,0.00422421548726196
-0.34779648141499,0.446164488185282,-0.032204244901833,-0.132409199826765,-0.0106302068287801,0.0202442889983568,0.004737593715724
-0.38739564794059,0.456687962983115,-0.0301404442052612,-0.116631258766766,-0.0107893832537977,0.019670646513335,0.00511978244311229
-0.425753880995373,0.465202293858873,-0.0279755233211832,-0.0994701062017176,-0.0109374418012909,0.0189722838373175,0.00536239898612791
-0.462788789157028,0.471709817416228,-0.0257192001522622,-0.080914540933747,-0.0110807961137273,0.0181623251346874,0.0054617024717879
-0.498415314635273,0.476276982315037,-0.0233983604986898,-0.0610132331969289,-0.0112267936629726,0.0172587067141102,0.00541878120915487
-0.532548557753379,0.479023960210913,-0.0210532240480041,-0.0398738048263999,-0.0113834045648492,0.0162821003322021,0.00523929995341138
-0.565107519248263,0.480106372592439,-0.0187310100067557,-0.0176521977016063,-0.01155861221811,0.015253524560996,0.00493285400695233
-0.596018422050206,0.479692733042868,-0.0164785023613578,0.00546470152820423,-0.0117596327608378,0.0141920720580888,0.00451205384254901
-0.625218355974412,0.477943744904757,-0.014335142285089,0.0292783992190531,-0.011992173188843,0.0131131676964722,0.00399153073848428
-0.652657935496861,0.47499640296858,-0.012327814508362,0.0535957641720405,-0.0122598584610658,0.0120275192008311,0.00338701577163673
-0.678303697555164,0.470955631665983,-0.0104679702786798,0.0782405364152261,-0.012563929708261,0.0109407979515571,0.00271461097082093
-0.702139729694097,0.465893073452703,-0.0087510975051519,0.103058215784141,-0.0129032139910059,0.00985391676735414,0.0019902953514461
-0.72416851819124,0.459851793645006,-0.00715819139343777,0.127914697933758,-0.0132743233325371,0.00876373123383482,0.00122966195635966
-0.744411197279319,0.452855312340988,-0.00565874616136496,0.152690063915921,-0.0136720205705889,0.00766400112278439,0.000447850331624282
-0.76290664755924,0.444919005443783,-0.0042148202858856,0.177269302626337,-0.0140896777919856,0.00654648036576696,-0.000340379176905103
-0.779708969204819,0.436062433552817,-0.00278586332161188,0.201531869160287,-0.0145197714807868,0.00540206232225135,-0.00112048534209652
-0.794883498151307,0.426321886234027,-0.00133404500762686,0.225341974527776,-0.0149543884341556,0.00422195079014072,-0.00187795507767793
-0.808500242975782,0.415761704889888,0.000170165192263677,0.248541344959111,-0.0153857077920523,0.00299883179435231,-0.00259813823858105
-0.820625126671925,0.404483580667235,0.00174258853156229,0.270946237362177,-0.0158064533581784,0.00172802248095895,-0.00326616126480832
-0.831309086899409,0.392632266691721,0.0033807500918202,0.292350120175675,-0.0162102945412159,0.000408532244754185,-0.00386696988421253
-0.840576046237256,0.380396122284777,0.00506099820945673,0.31253287373346,-0.0165921724850768,-0.000956073731545286,-0.00438554176642388
-0.848411797696257,0.368001205220968,0.00673829796149335,0.331276372613044,-0.0169485269331802,-0.00235716309262889,-0.00480729356025787
-0.854756121713297,0.355698239892109,0.0083494528605628,0.34838467962783,-0.0172773943222613,-0.00378105153829207,-0.00511867694529659
-0.859500663088874,0.343743319662227,0.00981991646418231,0.363705426839559,-0.0175783637279666,-0.00520968472886571,-0.00530791944177052
-0.862494653475356,0.332375167723025,0.0110734603750503,0.377147823504231,-0.0178524100133707,-0.00662202896421299,-0.0053658253460768
-0.863558901399966,0.321793316908975,0.0120430255294611,0.388692590430929,-0.0181016558200887,-0.00799606086656817,-0.00528652007331185
-0.862506140927243,0.312142018458507,0.0126804837679821,0.398390432681605,-0.0183291357592282,-0.00931107972271935,-0.00506801268083787
-0.859164496659293,0.30350390224528,0.0129631206368895,0.406348657740695,-0.0185386518199065,-0.0105499554580127,-0.00471248237796941
-0.853399296246116,0.295904743050535,0.0128954625804134,0.412708539993344,-0.0187347697279962,-0.0117009135202467,-0.0042262496246077
-0.845129017047174,0.28932774839845,0.01250635367221,0.417618599241141,-0.018922953515126,-0.0127585669241165,-0.00361946441782971
-0.834332743084052,0.283733343234568,0.0118424322858251,0.421209855367106,-0.019109768991352,-0.0137240913790036,-0.00290560360272404
-0.821048388111387,0.279079295276079,0.0109599111128686,0.423578135196962,-0.0193030251933514,-0.0146046241982972,-0.00210089610170228
-0.805363339679134,0.275336666189237,0.00991665381881717,0.424776704532363,-0.019511704675093,-0.0154120976524269,-0.00122378983903517
-0.787399907014948,0.272498377498346,0.00876606238525689,0.424819956991672,-0.019745527825215,-0.0161617398611534,-0.000294536657207671
-0.767298856177989,0.270579072257519,0.00755356186370858,0.423697214973124,-0.0200140448605841,-0.0168704314089661,0.000665074232402505
-0.745203938073576,0.269606298252573,0.00631575223091337,0.421394257310077,-0.0203252126799918,-0.0175550103020095,0.00163185310840178
-0.721249987212712,0.269604041231521,0.00508176338176077,0.417919240667764,-0.020683518492802,-0.0182305339383123,0.00258127813474806
-0.695556709097858,0.270570403385707,0.00387601439602784,0.413328676285868,-0.0210878565741229,-0.018908469989881,0.00348759350005199
-0.668230050270089,0.272452330761278,0.0027213931464343,0.407748155071197,-0.0215295574505453,-0.0195948375268234,0.00432406874713881
-0.639371622996282,0.27512160556221,0.00164179180341796,0.401381307097772,-0.0219911418620995,-0.0202884388993426,0.00506357238447918
-0.609095457985023,0.278358242085755,0.000663016497172502,0.394500984560274,-0.0224464802136879,-0.0209795279275394,0.00567960526481557
-0.577548359211808,0.281848148083507,-0.000188563606940861,0.387418974094373,-0.0228628856066579,-0.0216494191773835,0.00614786375054853
-0.544928175190622,0.285200635722334,-0.00088956038963895,0.380436597182784,-0.0232052099539043,-0.0222715727146397,0.00644824200509786
-0.511493095590774,0.287986337058453,-0.00142432075939241,0.373786247519497,-0.0234412569102343,-0.0228144115597858,0.00656695514696869
-0.477557027484487,0.289788743640255,-0.00178918699975725,0.367580405071618,-0.0235471217315254,-0.0232455759333648,0.00649827877608905
-0.443470254300791,0.290256086736861,-0.00199453520431547,0.361784927778137,-0.0235108381149709,-0.0235366840672287,0.00624538838290049
-0.409589885297913,0.289139143319409,-0.00206370035749567,0.3562260235617,-0.0233332463552587,-0.0236673502292769,0.00582001790540818
-0.376247696769558,0.286305788710283,-0.0020291797036628,0.350627857444535,-0.0230260512428319,-0.0236274216974821,0.00524103805092759
-0.343723174681003,0.281732330789779,-0.00192749645096647,0.344667505411495,-0.0226080637355567,-0.0234170762139016,0.00453238638094968
-0.312226327699475,0.275479150596275,-0.00179430095234045,0.338030257654465,-0.0221010433179793,-0.0230451369302799,0.00372088691643715
-0.281891314424694,0.267661352637894,-0.00166076211907911,0.330452316250104,-0.0215263454346732,-0.0225264147937785,0.00283438716210429
-0.252778873686655,0.258423266867701,-0.00155151626385099,0.32174509752062,-0.020902966927566,-0.0218789094893393,0.00190041523704077
-0.224884323155238,0.247921360086803,-0.00148384678353843,0.311801843862771,-0.0202469794208339,-0.0211214421643157,0.000945355017701952
-0.198148499040231,0.23631620650923,-0.00146755797606195,0.300591291736299,-0.0195719929758841,-0.020271986999653,-5.98044434700164e-06
-0.172469701282221,0.223771050631935,-0.00150511879881555,0.28814361853736,-0.0188901505523846,-0.0193466814617656,-0.000930539920207114
-0.147715978351432,0.210453495460325,-0.00159192559481973,0.274533197334303,-0.0182132150622694,-0.0183593656797543,-0.00180713497126528
-0.123737750712692,0.196536960460218,-0.00171679616930008,0.259861214211425,-0.0175534279964237,-0.0173214635272577,-0.00261655749913372
-0.100380791555019,0.182199309183301,-0.00186294737095747,0.244239714497028,-0.0169239332251861,-0.0162420350676965,-0.00334177141016514
-0.0774994802545569,0.167617702110053,-0.0020096767218049,0.227778254639517,-0.0163387019475685,-0.0151279185758433,-0.00396818733007359
-0.0549693966349169,0.152959898385884,-0.00213477451952057,0.21057367572643,-0.0158119781542191,-0.0139839202566253,-0.00448398491136567
-0.0326978130225705,0.138373549702804,-0.00221741612597705,0.192703527540957,-0.0153573624014191,-0.012813059237403,-0.00488041519915957
-0.0106304798754473,0.123975909592194,-0.00224104031664342,0.174223720216928,-0.0149867332582952,-0.0116168997638155,-0.00515200884995979
0.0112466696212851,0.109846186263252,-0.00219561680842323,0.155170294544044,-0.0147092143575364,-0.0103959650068001,-0.00529662624576669
0.0329112694747557,0.0960223287750342,-0.00207880732403441,0.135564872799064,-0.0145303943601276,-0.00915021302094992,-0.00531532421352676
0.05431299479088,0.0825027413719522,-0.0018957880221767,0.115422427064774,-0.0144519190539247,-0.00787950682596473,-0.00521204806357881
0.0753850165156168,0.069252664055651,-0.00165783753377965,0.0947601266902608,-0.0144715287615492,-0.00658403504034267,-0.0049932071061918
0.0960562572840436,0.0562135782772118,-0.00138006189970935,0.0736053082415964,-0.0145834642361018,-0.0052646027710204,-0.00466718676829767
0.116262470081285,0.0433140696890542,-0.00107878063538738,0.0520016773560355,-0.0147791656696034,-0.00392278725176387,-0.0042438724394128
0.135954671926074,0.030480143487138,-0.000769079409063623,0.030012822637439,-0.0150480912062849,-0.00256094116827898,-0.00373421965420667
0.155104182108778,0.0176436249494726,-0.000462950816727449,0.00772317963203891,-0.0153785387257754,-0.00118209304188275,-0.00314990866206902
0.173704316504591,0.00474763152781062,-0.000168252065638508,-0.0147631517929368,-0.0157583489417497,0.00021020998146611,-0.00250309008083806
0.191768423281047,-0.0082513783407767,0.000111434419264899,-0.0373251027279671,-0.0161753636037875,0.0016120590528774,-0.00180621270145227
0.209326680629771,-0.0213846218657233,0.000376091496717507,-0.0598279746463638,-0.016617806743742,0.00301926464857221,-0.00107197277268681
0.226420241391497,-0.0346751263959635,0.000627884422278868,-0.0821275220680015,-0.0170743848740621,0.00442737101457622,-0.000313318394170194
0.243095262279245,-0.0481442302864009,0.000869340792957238,-0.104074858026783,-0.0175343427434216,0.00583160022771495,0.000456476870171423
0.259394416866393,-0.0618194743336468,0.00110138840191679,-0.125522047282012,-0.0179873021730899,0.00722673393123657,0.00122372585908308
0.275348822618985,-0.0757430717651424,0.00132157971424317,-0.146329144557099,-0.0184231573643487,0.00860700137687951,0.00197423295069943
0.290968732915292,-0.0899793730423734,0.00152285257324777,-0.166372324663232,-0.0188319381490371,0.00996599660942778,0.00269323654858066
0.306235246864031,-0.104620182106592,0.00169316011595136,-0.185553319248245,-0.0192038139408861,0.0112967047145572,0.0033654235030163
0.321093643527222,-0.119786354495684,0.00181622650882548,-0.203809063763872,-0.0195292488435425,0.0125916628532816,0.00397505490814948
0.335450220406586,-0.135624423162325,0.0018735327986964,-0.221120044334598,-0.0197993621076015,0.0138432721745964,0.00450623989899273
0.349174673012003,-0.152297542029974,0.00184739679032812,-0.237515271739374,-0.0200065119779659,0.0150442430112883,0.00494338811159749
0.362109297941484,-0.169970838102272,0.00172470839663576,-0.253071417704908,-0.0201450471398946,0.0161881022084519,0.00527184972862341
0.374085783835393,-0.188792779276445,0.001500597424758,-0.267904604103119,-0.0202121459399364,0.017269681538686,0.00547872902740996
0.38494764135994,-0.20887522953059,0.0011811433939353,-0.282154266914843,-0.0202085513472341,0.0182854567520095,0.00555380363659042
0.39457500679602,-0.23027622733356,0.000784320948238736,-0.295961226821603,-0.0201390225730922,0.0192336532800954,0.00549044541212214
0.402906230686922,-0.252989304239461,0.000338750927439783,-0.309443833573108,-0.0200122939360513,0.0201140478751805,0.00528639423979294
0.409950993889327,-0.276942102268065,-0.000119557700667978,-0.322677671230729,-0.0198404321327257,0.0209274811067752,0.00494424199577592
0.415791278061453,-0.30200439839806,-0.000551657098110697,-0.335683760660713,-0.0196375993407706,0.0216751525004757,0.0044715266486275
0.420570042235551,-0.328002676489815,-0.000920107804761115,-0.34842815047922,-0.0194183917799515,0.0223578245462621,0.00388042355635377
0.424470851522532,-0.354735873943247,-0.00119231325802914,-0.360832451992682,-0.0191960441011301,0.0229750638537005,0.00318711055820983
0.427694261823783,-0.381986485314556,-0.00134215869123976,-0.372792106781403,-0.0189808706184398,0.0235246406261512,0.00241094868522787
0.430436511920966,-0.40952254705355,-0.00135011427591524,-0.384197150720447,-0.0187792818020127,0.0240021517733249,0.00157362557774719
0.432874569243912,-0.437089721198552,-0.0012025940977321,-0.394950379611332,-0.0185936333649488,0.0244009152758165,0.000698375390442163
0.435158756681787,-0.464396855459197,-0.000891617828121326,-0.404978928067643,-0.0184229865667656,0.0247121540395315,-0.000190671884414178
0.437412042064936,-0.491102043110859,-0.00041560683108456,-0.414237384132893,-0.0182646309170777,0.0249254858502007,-0.00106901635200566
0.439733856231106,-0.516807425705776,0.000218454344191322,-0.422702414354046,-0.0181159591829923,0.0250297122373504,-0.00191223249430255
0.44220646698213,-0.541069185769453,0.00099200606081804,-0.430360870012866,-0.0179761045112967,0.0250138938870564,-0.00269640579273013
0.444902446820794,-0.563424708400329,0.00187219657516284,-0.437194186450686,-0.017846733741926,0.0248686487386805,-0.00339864456344258
0.447891934255706,-0.583433181485974,0.0028108758415687,-0.443162627540553,-0.0177316258756514,0.0245875594282142,-0.00399775011040078
0.451248233340116,-0.600721703558713,0.00374651996414138,-0.448192804453768,-0.0176350853567983,0.0241684915045775,-0.00447508752105741
0.455049735207654,-0.615026876247272,0.0046096298200357,-0.452171625713543,-0.0175596938032483,0.0236145539820064,-0.00481562666767431
0.459376444435008,-0.626222563060593,0.00533110638321819,-0.454948880020697,-0.0175041928865146,0.0229344060426515,-0.00500901637633015
0.464300961843974,-0.634327543682374,0.0058519717794308,-0.456349133682255,-0.0174622868136968,0.022141699612059,-0.00505046691835229
0.469875917101201,-0.639491223322567,0.00613201853253769,-0.456191279305646,-0.0174228330972227,0.0212536424677706,-0.00494119850005757
0.476121601432684,-0.641960748382626,0.00615497689858009,-0.45431181027279,-0.0173713941137157,0.0202889245300259,-0.00468829778050754
0.483017701327283,-0.642037207871648,0.00592873466685609,-0.450586610577991,-0.0172926596752702,0.019265447674616,-0.00430398219112988
0.490501415931061,-0.640030511816077,0.00548067619427934,-0.444946452681527,-0.0171730148525261,0.0181983388296946,-0.00380442964092868
0.49847187895738,-0.636221567868559,0.00484965149980582,-0.437383483976813,-0.0170025888634364,0.0170986024009445,-0.00320842010659808
0.506798899117273,-0.630837176092913,0.00407685187091659,-0.427948763363315,-0.016776396396127,0.0159725549481029,-0.00253603080216836
0.515333218610845,-0.624039037449875,0.0031977776616507,-0.41674311465944,-0.0164945101852079,0.0148219817490679,-0.00180755319384238
0.523915936445989,-0.615925147172303,0.00223677922949619,-0.40390466015016,-0.0161614560218369,0.0136448370732477,-0.00104270713395907
0.532385599667207,-0.606539908657311,0.00120474596294923,-0.389596052488865,-0.0157851319129801,0.0124362758823464,-0.000260149379632477
0.540582622367311,-0.59588909631088,9.97580569813721e-05,-0.373993503242626,-0.0153755541192258,0.0111898415669134,0.000522771699252355
0.548351485305709,-0.583956395945176,-0.00108994953655305,-0.357278484729679,-0.0149436624528296,0.00989869011916702,0.00129008235934315
0.555541519479492,-0.570719139607171,-0.00238154375589707,-0.339631924985713,-0.0145003252931458,0.00855677812127096,0.00202713893527068
0.562007213858101,-0.556161823819071,-0.00379249920455019,-0.321230160338653,-0.0140556076873826,0.00715996995929514,0.00272053253896884
0.567608755929769,-0.540286559777663,-0.00533559614841174,-0.302241677299184,-0.0136183082450257,0.00570702097972085,0.00335799117869734
0.572213440767401,-0.523120200761666,-0.00701465364069604,-0.282823966856781,-0.0131957436538189,0.00420038322041811,0.0039283152199791
0.575697979346417,-0.504717802113639,-0.0088215419563025,-0.263120009024927,-0.0127937362121894,0.00264675664916334,0.00442136856333575
0.577951535045513,-0.485162365902801,-0.0107349012852893,-0.243254458453399,-0.0124167560816125,0.00105730053778754,0.00482813530059664
0.578879158187102,-0.464561131576589,-0.0127208255717763,-0.223330081356692,-0.0120681679277863,-0.000552572655880763,0.00514084059319501
0.578404713658313,-0.443038635784064,-0.014735518399967,-0.203425089501886,-0.0117505187451822,-0.00216386810122246,0.00535312063621175
0.576472809327146,-0.420727500830509,-0.0167296417547621,-0.183592330594782,-0.0114658114875214,-0.00375513009898088,0.00546022029164126
0.573048962030003,-0.397758129609656,-0.0186537143708607,-0.163860910638542,-0.011215704250019,-0.00530392548044193,0.00545918687938531
0.568117802605865,-0.374248702215785,-0.0204637423748483,-0.144240583804098,-0.0110015902337622,-0.00678852866826681,0.00534902925800722
0.561679305506873,-0.350296890172957,-0.0221261387678152,-0.124728591611295,-0.0108245315246809,-0.00818959600573333,0.00513081250949118
0.553743513109848,-0.325974371048468,-0.023621144846067,-0.105318142029138,-0.0106850490117187,-0.00949160804274722,0.00480766920088781
0.544324866510206,-0.30132487384941,-0.0249443037291053,-0.0860073940370319,-0.0105828072609114,-0.0106839016755666,0.00438472594057375
0.533436531505485,-0.276365237309121,-0.026105935953247,-0.0668074470472163,-0.0105162416912633,-0.0117611808173426,0.00386895222387069
0.521086593167122,-0.251089344727214,-0.0271290334322625,-0.0477483171362694,-0.0104822194175257,-0.0127235106144348,0.00326896673671769
0.507275612861739,-0.225473135949803,-0.0280461672514818,-0.0288817675776374,-0.0104757842584453,-0.0135758507548159,0.00259482543958515
0.491997509532534,-0.199480468383809,-0.0288961890416959,-0.0102807759542299,-0.0104900788963569,-0.0143272875064512,0.00185783969771652
0.475242642083471,-0.173068304463061,-0.0297212470979403,0.00796465903662123,-0.0105164647168904,-0.0149900840684349,0.00107044357733877
0.457003999680884,-0.146191378092474,-0.0305644789253155,0.0257550816269954,-0.0105448844814074,-0.0155786937845434,0.000246134564842982
0.437285214598575,-0.118806061100452,-0.0314683242562748,0.0429922170927602,-0.0105644539295032,-0.0161087851065725,-0.000600514846232244
0.416111107338849,-0.0908745405612623,-0.0324732536381863,0.0595921191707325,-0.0105642977406147,-0.0165963337789363,-0.00145378399193673
0.393537906083112,-0.0623694048940154,-0.0336163531810519,0.0754999209279375,-0.0105345545245823,-0.0170566986531705,-0.00229670529964335
0.369663202798139,-0.0332799714062066,-0.0349293879346485,0.0907048285059031,-0.0104675213757462,-0.0175036683246743,-0.00311098721119763
0.344631742104373,-0.00362016049505846,-0.0364359339558678,0.105252906363343,-0.0103587884987778,-0.017948375856468,-0.00387702696509043
0.318635579267753,0.0265622062428098,-0.0381477115197024,0.119254603602768,-0.0102082307156816,-0.0183981238964227,-0.00457410336859916
0.291905154218372,0.057176414514782,-0.0400606026789979,0.132883153836599,-0.0100206230411455,-0.0188551845419636,-0.00518084538150042
0.264690259809232,0.0880827333772552,-0.0421514651199148,0.146360632316575,-0.00980566516450915,-0.0193158154076445,-0.00567606467534798
0.237231579668896,0.119092428518281,-0.0443771170064658,0.159930388534291,-0.0095772326524384,-0.0197698068387806,-0.00603997946313793
0.2097270915483,0.149976536778246,-0.0466767266550786,0.173818401552218,-0.00935182511005449,-0.020200894089867,-0.00625574630312259
0.18230156824369,0.180484124720608,-0.0489781489673224,0.188191120951705,-0.009146437559739,-0.0205882753024156,-0.00631108884886488
0.154987730047367,0.210367315255762,-0.0512073084156812,0.203120345207254,-0.00897628748688241,-0.02090911887393,-0.00619968351350406
0.127726252102772,0.23940749991679,-0.0532985570549272,0.218565965126102,-0.00885298517829943,-0.0211416561489439,-0.00592197390718855
0.100385325808485,0.267435765582169,-0.0552032002987256,0.234381985518387,-0.00878358754768509,-0.0212681396231494,-0.00548520285751296
0.0727943485438047,0.294341937858963,-0.0568939195016307,0.250343917955885,-0.00877070094526606,-0.0212769965526812,-0.00490268736885333
0.0447816228545096,0.320070463364283,-0.0583642007459838,0.266188435296376,-0.00881339309057364,-0.0211637434038833,-0.00419257280390763
0.0162059014044406,0.344605266143007,-0.0596234817652339,0.281653496191599,-0.00890843773167726,-0.0209306413968231,-0.00337640865907516
-0.013025064729699,0.367948524396695,-0.0606898260135261,0.296508988017027,-0.00905137721285806,-0.0205854129108639,-0.00247785709971169
-0.0429511759287308,0.390098869023342,-0.0615821793357071,0.310572522437231,-0.00923703859549288,-0.0201394871883736,-0.00152172038402757
-0.0735700727737222,0.411033608256839,-0.0623138982080422,0.323709993516823,-0.00945937723888608,-0.0196062133858542,-0.000533331754298421
-0.104856568391267,0.430697882189394,-0.0628885851774602,0.33582395519592,-0.00971074298383465,-0.0189993240253931,0.00046175766940613
-0.136786359192808,0.449002300941136,-0.0632987039589329,0.346834773440122,-0.00998083180931443,-0.0183317688188471,0.00143792558501111
-0.169358736078541,0.465829356119449,-0.0635269926183599,0.356659915161013,-0.0102556817477331,-0.0176149015927151,0.00236961176133458
-0.202613176376322,0.481048053071517,-0.0635503789130472,0.365196661646565,-0.010517113694734,-0.0168579490248014,0.00323158285506665
-0.236635298119521,0.494535016452214,-0.0633457493281567,0.372312865060801,-0.0107429853295087,-0.0160676930183366,0.00399944217815571
-0.271549113506683,0.506198735748732,-0.0628965141573041,0.377849025242477,-0.0109084971720125,-0.0152483448013961,0.00465043887061614
-0.307495291364426,0.516002155468403,-0.0621985682681639,0.381632802488368,-0.0109885513306642,-0.0144016491910332,0.00516454646959409
-0.344598819742473,0.523977757238788,-0.0612641159506842,0.383503719334416,-0.0109608346945004,-0.013527271474611,0.00552568058592526
-0.382933156888607,0.530230174156506,-0.0601222030586446,0.383342435288862,-0.0108089927364406,-0.0126234832770964,0.00572284204716286
-0.422490134455812,0.534924619993852,-0.0588156964697531,0.381096964454091,-0.0105251209527269,-0.0116880794221287,0.00575094639890643
-0.463163698098259,0.538263361218715,-0.0573954892273303,0.37679818538728,-0.0101109153532118,-0.0107193450319313,0.00561114726439114
-0.504751808331823,0.540456671769228,-0.0559135876115625,0.370560300044262,-0.00957720405961458,-0.0097168532996933,0.00531058205348996
-0.546975153793889,0.541695889215845,-0.0544168941738205,0.362566335416415,-0.00894204837231019,-0.00868190532964836,0.0048616050044748
-0.589506863286515,0.542134950244223,-0.0529430468754683,0.353043333643373,-0.00822797996034573,-0.00761754627719636,0.00428068418775966
-0.632005081720227,0.541882950499801,-0.0515187898774853,0.342234061973333,-0.00745907645748521,-0.00652822462015955,0.00358718078869709
-0.674141237232747,0.541006666680251,-0.0501605748292318,0.33037206768372,-0.00665848509349866,-0.00541926487361465,0.00280221039251684
-0.715619388687894,0.539539302633388,-0.0488766196276906,0.317664712549151,-0.00584676254214303,-0.00429634591886841,0.00194772113931167
-0.756185197357796,0.537491131884272,-0.0476695906522439,0.304286029482207,-0.00504113965188739,-0.00316513330349708,0.00104584829206294
-0.79562549062404,0.534858667358242,-0.0465392688298987,0.290378760160987,-0.00425562024406089,-0.00203112985191976,0.000118539199568408
-0.833760815112328,0.531630832684327,-0.0454848409491812,0.276063376450517,-0.00350170934406355,-0.000899720885885352,-0.000812602690196249
-0.870433410607211,0.527792123866642,-0.0445066541500098,0.261451020399852,-0.00278951589909885,0.000223679865714056,-0.00172633307912399
-0.90549302103101,0.523324065468325,-0.0436073931357254,0.246657250717651,-0.00212896387198948,0.00133351036151626,-0.00260173027345546
-0.938782388449529,0.518206448014588,-0.042792636947644,0.231813542788846,-0.00153084378221969,0.0024240899139115,-0.00341819731334266
-0.970124288010852,0.512419542710571,-0.042070735463681,0.217073888411649,-0.00100744766567533,0.00348987885107192,-0.00415558553425333
-0.999312109856499,0.505947605491941,-0.0414519477978482,0.202614443444046,-0.000572566590929371,0.00452597368692728,-0.00479450479944191
-1.02610637169759,0.498783047689193,-0.040946870118548,0.188625255454195,-0.000240716464067327,0.00552874864487932,-0.00531685517034464
-1.05023927111865,0.490929781073051,-0.0405643452461209,0.175294607082159,-2.56142169837983e-05,0.00649648015857811,-0.0057065708805119
-1.0714287224156,0.482404244264259,-0.0403092470846278,0.162788562736964,6.1877260667989e-05,0.00742971815346777,-0.00595050784163762
-1.08940081867247,0.47323282513442,-0.0401806889432377,0.151229888868542,1.58965698833034e-05,0.00833123894845615,-0.00603935535687768
-1.10391769742815,0.463445984543917,-0.0401712067215696,0.14068158268318,-0.000162722286735308,0.00920548965588132,-0.00596841530527361
-1.11480487736706,0.453070374764997,-0.0402672352097733,0.131139475688185,-0.000465716464809207,0.0100576019899372,-0.00573809435303622
-1.12197167301797,0.442121298436312,-0.0404508294256818,0.12253623263706,-0.00087789694160771,0.0108921932767701,-0.00535400487968925
-1.12541957697457,0.430597793657232,-0.0407021846387159,0.11475589481414,-0.00137881440009974,0.0117122368745376,-0.00482665324858667
-1.12523690591174,0.418481826879681,-0.0410022834686691,0.107655247727823,-0.00194518661795935,0.0125182278837228,-0.00417078969223196
-1.12158178729072,0.405741911934646,-0.0413350042010909,0.101086554185392,-0.0025534932836069,0.0133077812121149,-0.00340455553309884
-1.11465804326225,0.392340378884314,-0.041688258076656,0.094916373114705,-0.00318216687456389,0.0140756137804483,-0.00254859368621714
-1.10468960422005,0.378243266198198,-0.0420540463821667,0.0890366798566181,-0.00381298312254869,0.014813803707279,-0.00162526048940346
-1.09189759434524,0.363431711240853,-0.0424275885290299,0.0833667187963379,-0.00443150487158086,0.0155121888229025,-0.000658022082509542
-1.0764824466156,0.347913963070669,-0.0428058375975471,0.0778461994950041,-0.00502666245486795,0.0161588249406295,0.000328946881147809
-1.05861077402339,0.33173679297278,-0.0431857216658159,0.0724220475534131,-0.00558971329084679,0.0167405011550879,0.00131100551833509
-1.03840572390276,0.31499463169887,-0.043562441590931,0.0670320248992807,-0.00611291379179361,0.0172433844132249,0.00226321600153921
-1.01594047731428,0.29783433922211,-0.0439281729385229,0.0615892307858055,-0.00658827878695852,0.0176539100607746,0.0031605530239944
-0.991234153411523,0.280452551114373,-0.0442714527593342,0.0559716118107649,-0.0070067916720375,0.0179599831488611,0.00397827618741306
-0.9642519986309,0.263083217047169,-0.0445775419406671,0.0500203501276221,-0.00735837064101821,0.018152472456902,0.00469257325373781
-0.934911788656113,0.245974210238719,-0.0448298941115591,0.0435496396164525,-0.00763274279027299,0.0182268126113723,0.00528153260913342
-0.903099053416001,0.229355141619099,-0.0450126542855148,0.0363678927944987,-0.00782113674262048,0.0181843883230043,0.00572641503515245
-0.868689957352802,0.213401767856554,-0.0451136809329945,0.0283067819850611,-0.00791838802754523,0.0180332557505515,0.00601306295445712
-0.831580234481252,0.198206158262798,-0.0451273932226348,0.0192512321169133,-0.00792482763498212,0.0177878683984902,0.00613317938081612
-0.791712617791038,0.183761287239703,-0.0450565150007016,0.00916170621387283,-0.0078472637862592,0.0174676581031949,0.00608514701753261
-0.749095643098822,0.169965638413714,-0.0449121078195305,-0.00191818464970437,-0.00769862337773388,0.0170946890115489,0.00587413783720737
-0.703809511747867,0.156647238451081,-0.0447118844450238,-0.0138710555271421,-0.00749628123990605,0.0166909136477489,0.00551145934525965
-0.655995910982772,0.143599468786845,-0.0444772228120857,-0.0265288276150457,-0.00725952323361861,0.0162755980306116,0.00501328254486719
-0.605836361076524,0.130618466431091,-0.0442298148821429,-0.0397021266604434,-0.0070068477814393,0.0158634220350796,0.00439906999033727
-0.553525286510329,0.11753257067622,-0.043988807906364,-0.0532079122475511,-0.00675374200220476,0.0154634741129981,0.00369003643581897
-0.499243279480975,0.104218048743426,-0.043768919494632,-0.066889349343781,-0.00651130127263441,0.0150790709374593,0.00290787786489922
-0.443137253534684,0.0906006729147492,-0.0435798096445073,-0.0806254550670162,-0.00628579531099794,0.0147082385135667,0.0020738943658516
-0.385308151522495,0.0766453983405018,-0.0434264315589534,-0.0943309616328612,-0.0060790233033802,0.0143445564182065,0.00120848836122762
-0.325808615796775,0.0623388337894146,-0.0433102018455238,-0.107948948318537,-0.00588923841798338,0.0139782089347674,0.000330977088199133
-0.264648514071624,0.0476686059294952,-0.0432305439384755,-0.121439172740174,-0.00571236904774747,0.0135970758288247,-0.000540391341499866
-0.201807782791725,0.0326035469349307,-0.0431865540712973,-0.134765070608884,-0.00554332347833218,0.0131878261587535,-0.00138831375896818
-0.137255720648924,0.0170778614940176,-0.0431786132198666,-0.147882072075671,-0.00537721415140945,0.0127370323547209,-0.00219628762848668
-0.0709742407378303,0.000981587390448672,-0.0432096083951092,-0.160728880101805,-0.00521035280530529,0.0122322710709323,-0.00294852103056474
-0.00298404038479679,-0.0158404272265128,-0.0432857022988047,-0.173223459984878,-0.00504093473762597,0.011663240054292,-0.00362995214974072
0.0666294785561548,-0.0335797481926543,-0.0434164733523958,-0.185264595983447,-0.00486934139880432,0.011022827887727,-0.00422641846993809
0.13769443718862,-0.0524456608132289,-0.043614289804739,-0.196738972889991,-0.00469802932347998,0.0103080147867237,-0.0047249860576216
0.209939167282277,-0.0726383214381808,-0.0438930215002069,-0.207533184732651,-0.00453104512693041,0.00952047594157318,-0.00511442450610752
0.282991605948691,-0.0943178284603256,-0.044266195759455,-0.217548356153108,-0.00437325660115845,0.00866670528639838,-0.00538576480864217
0.356393598278967,-0.117575204964878,-0.0447449451447,-0.22671436132879,-0.00422946516029085,0.0077575462024244,-0.00553284659578318
0.429629071076438,-0.142411882154239,-0.0453361610312984,-0.235000119902134,-0.00410359777713756,0.0068071078344904,-0.00555274052266047
0.502161345291114,-0.16873287589827,-0.0460412716791461,-0.242417137762919,-0.00399816550261886,0.00583118573846132,-0.00544594645134507
0.573472219006494,-0.196355585409978,-0.0468559316344001,-0.249015103426091,-0.00391410838552605,0.00484543066098642,-0.00521631611048466
0.64309482540978,-0.225032004628553,-0.047770663436916,-0.254870351376733,-0.00385104004847267,0.00386356884729735,-0.00487071339519368
0.710634382640612,-0.25447882543555,-0.0487722699115747,-0.260069876862201,-0.00380780029697455,0.0028959562358589,-0.00441848864531115
0.775774438256245,-0.284408462559949,-0.0498456565920384,-0.264694385976422,-0.00378315088524556,0.00194864916113467,-0.00387087544154288
0.838270177500952,-0.314554897474913,-0.0509756770079188,-0.268803735358079,-0.00377643312064775,0.00102304831541852,-0.00324041912917555
0.89793316342746,-0.344690626360391,-0.0521486901805065,-0.272427146169016,-0.00378803895946905,0.000116061612512246,-0.00254051796073533
0.954612609602857,-0.37463366190072,-0.0533536383160191,-0.275559213052412,-0.00381960812872529,-0.000779333191695457,-0.00178511617877307
1.00817829687601,-0.404245957054107,-0.0545826279352301,-0.278161810459688,-0.00387393379439567,-0.00167325533763984,-0.00098855401773453
1.05850794094885,-0.433425504446402,-0.0558310425834336,-0.28017099124113,-0.00395460808887016,-0.00257792214219323,-0.000165549320787868
1.10548042138095,-0.462094694595636,-0.0570972742233122,-0.281507732078261,-0.00406547190616001,-0.00350654388689251,0.00066872719291436
1.14897494670009,-0.490187163405399,-0.0583821472844525,-0.282091265182935,-0.00420994603813061,-0.0044721324034968,0.00149852877753291
1.18887451419461,-0.517634453381993,-0.0596880215023665,-0.281853438573744,-0.00439031938981486,-0.00548621998583531,0.00230741217482183
1.22507222306834,-0.544353639755154,-0.0610175562549937,-0.280752571261606,-0.004607074250853,-0.00655749182202903,0.00307817302476933
1.25747832081925,-0.570236740020243,-0.0623720921886337,-0.278784845765716,-0.00485833337533147,-0.00769037248693931,0.00379289444866209
1.28602644232495,-0.595143156895592,-0.0637497066542743,-0.27599113263368,-0.00513952700354214,-0.00888367725165197,0.00443316804249963
1.31067704916292,-0.618896451579602,-0.0651431182359363,-0.272456951765014,-0.00544338022063933,-0.0101295212362837,0.0049805396465379
1.33141729019856,-0.64128722044094,-0.0665378554384388,-0.268304019237012,-0.00576030567186947,-0.0114127568491724,0.00541721370536282
1.34825682899602,-0.66208322563518,-0.067911253158559,-0.26367313065528,-0.00607922631375284,-0.0127112293606642,0.00572700865545616
1.36121994877669,-0.681046536653036,-0.0692328539184607,-0.258700286714106,-0.00638874869901774,-0.013997061671559,0.00589649194193511
1.37033529591856,-0.697955459481001,-0.070466575348249,-0.25349042175676,-0.00667848170056994,-0.0152389826210459,0.00591614996581031
1.37562685252456,-0.712627781176681,-0.0715746221835349,-0.24809506515596,-0.00694020578981532,-0.0164054461260725,0.00578139890303323
1.37710744620617,-0.724939689718983,-0.0725224357328099,-0.242499636691047,-0.00716857785876894,-0.0174679967700464,0.00549322782569348
1.37477751779211,-0.734836483849177,-0.0732836489415437,-0.236624122601168,-0.00736117857045108,-0.0184042234974367,0.00505833968965019
1.36862883512754,-0.742332695025635,-0.0738438443221159,-0.230336660420575,-0.00751790723333126,-0.0191997122993881,0.00448876911863705
1.35865184716875,-0.747502458567304,-0.0742022471391928,-0.223475863586713,-0.00763994849738241,-0.0198486959381618,0.00380108618064633
1.3448430414988,-0.750462557966536,-0.0743709688095463,-0.215875377418663,-0.00772866227068133,-0.020353438103305,0.00301537391982503
1.32721059222583,-0.751352460708298,-0.0743720701478726,-0.207384762143632,-0.0077847620930494,-0.0207226999571349,0.00215418708464108
1.30577603258356,-0.750314366945082,-0.074232994864787,-0.19788265597861,-0.00780802819457542,-0.0209697404974216,0.00124164318856445
1.28057107366131,-0.747475006289322,-0.0739810455218358,-0.187280998225679,-0.00779763480867687,-0.0211102575592801,0.000302717060686967
1.25163264555752,-0.742931187076279,-0.073637704566359,-0.175521959791903,-0.00775302656960943,-0.0211605733719124,-0.000637265851173314
1.21899514274181,-0.736737628947709,-0.0732133039711508,-0.162569954122838,-0.00767512892263987,-0.0211361266372663,-0.00155301086319005
1.18268677722334,-0.72889999906108,-0.0727030354959416,-0.148402812808112,-0.00756764897401293,-0.0210503310743373,-0.00241960843808956
1.14272771946801,-0.719371406388163,-0.0720848882334861,-0.133004576595669,-0.00743813592550826,-0.0209136641774574,-0.00321297373102396
1.0991374821055,-0.708057358735804,-0.0713207293995859,-0.116363010111499,-0.00729854323776778,-0.0207330464318507,-0.00391046485404041
1.05194574541513,-0.694827013095198,-0.0703607561451637,-0.0984719469215163,-0.00716502333316749,-0.0205114353452069,-0.00449171608420006
1.00121077879795,-0.679534517743002,-0.069151541297541,-0.0793385360901018,-0.00705689136810299,-0.0202478303704694,-0.0049396596395849
0.947036146309057,-0.662044798262883,-0.0676461166317497,-0.0589924652453842,-0.00699481911793837,-0.0199376953156342,-0.00524159198223832
0.889584724175625,-0.64226142467211,-0.0658141001669339,-0.0374944476576459,-0.00699859954070374,-0.0195739113572509,-0.00539008789321546
0.829082564519249,-0.620148128604875,-0.0636489885207824,-0.0149406511510073,-0.00708493507815502,-0.0191481083656268,-0.00538352567347063
0.765813301124815,-0.59574013351718,-0.0611707001686255,0.00853839408837637,-0.0072657524642974,-0.0186521889675604,-0.00522607873609994
0.700101937489378,-0.569140809371928,-0.0584225135627599,0.0327843379338065,-0.0075473628585002,-0.0180796846471559,-0.00492714057356563
0.632294892303489,-0.540507130302014,-0.0554636819414563,0.0576208639176264,-0.00793054598163813,-0.0174267184262979,-0.00450032429182639
0.562739627647895,-0.510027323645989,-0.0523598394000451,0.0828641747528684,-0.00841135224642886,-0.0166923913191571,-0.00396224668922715
0.491769416927026,-0.477897382771253,-0.0491737782076391,0.108331512249159,-0.00898228911723128,-0.0158786356113188,-0.0033313357916139
0.419695149393906,-0.444301325323595,-0.0459585016833495,0.133846160728751,-0.00963352730337253,-0.014989672209523,-0.00262683369670975
0.346804727919488,-0.40939852614283,-0.0427535037591368,0.159238577060719,-0.0103538733608276,-0.0140312837459551,-0.00186808306759706
0.273368072247723,-0.373318542092208,-0.039584223602609,0.184344147170962,-0.0111313795090058,-0.0130100722333575,-0.00107409786281862
0.199646251264136,-0.336163536139932,-0.0364641412282331,0.208998945436263,-0.0119536113929975,-0.0119328520006159,-0.000263372422092853
0.125901700456697,-0.298016287880005,-0.0333985824622057,0.233034904317231,-0.0128076595538904,-0.0108062138620025,0.000546153996805039
0.052407407200179,-0.258952125444173,-0.0303893374553471,0.256275883254565,-0.0136800323422879,-0.00963625626364691,0.00133706032645145
-0.0205463482281458,-0.219053760542066,-0.0274393504184161,0.278536429481958,-0.0145566019037015,-0.00842846641346019,0.00209241022540209
-0.0926497067871744,-0.178426357668926,-0.0245566684864534,0.299623738077338,-0.0154227024184186,-0.00718766548740753,0.00279578508924818
-0.163575681575904,-0.137211707433966,-0.0217571194751583,0.319343619438015,-0.0162634901842356,-0.00591799980533223,0.00343142247424659
-0.232987497693283,-0.0955995046094115,-0.0190652534365185,0.33751022814,-0.0170645972775115,-0.00462295788822645,0.00398447879897227
-0.300550002936789,-0.0538335785029638,-0.0165132831843702,0.353958169157012,-0.017813023715615,-0.00330541261423251,0.0044414079817112
-0.365943451233463,-0.0122114785108028,-0.0141381089664024,0.368555098848723,-0.0184981519224844,-0.00196771360482075,0.00479042664645952
-0.428877349913232,0.0289235175484078,-0.0119768858690321,0.38121232256047,-0.0191126945338296,-0.000611847005776901,0.00502201752595474
-0.489101452788706,0.0691979726496963,-0.0100619123591977,0.391890628434435,-0.0196533436509203,0.000760337103531712,0.00512940505684104
-0.546411283333896,0.108229376701513,-0.00841590551438702,0.400599617601017,-0.0201209184521349,0.00214684821346765,0.0051089359917402
-0.600646697932288,0.145650018926103,-0.00704859993487463,0.407390224805678,-0.0205198931766683,0.00354526987203037,0.00496030811199562
-0.651683624520374,0.181130175358994,-0.00595534227712062,0.412341809998907,-0.0208573124840778,0.0049525094743071,0.00468660818708425
-0.699421258939684,0.214397968318232,-0.00511779715276791,0.415546725152716,-0.0211412454045358,0.00636462314123716,0.00429415331736925
-0.743767697598182,0.245254490664504,-0.00450634971814518,0.417095306900333,-0.021379018249859,0.00777672756334925,0.00379215502201567
-0.784628525590629,0.273584582601519,-0.00408345756774731,0.417064591866281,-0.0215755724200355,0.00918298614605543,0.00319226423478838
-0.821900996701899,0.299364301172083,-0.00380713843049099,0.415512031341802,-0.0217322607661256,0.0105766247181298,0.00250806447377571
-0.855475927572165,0.322666182337553,-0.00363401517741701,0.412474702495078,-0.0218463847397193,0.0119499301740699,0.00175459415865594
-0.885247470905936,0.343662136004991,-0.0035216993596354,0.407973226695093,-0.0219116694448873,0.0132942013837469,0.000947967414766873
-0.911128625468205,0.362621944051937,-0.00343061567318316,0.402018727410819,-0.0219197005390551,0.0145996487652496,0.000105136786077873
-0.933069826058737,0.379904587548664,-0.00332553025551505,0.394621580485237,-0.0218621602541049,0.0158552900672429,-0.00075619036560917
-0.951076517473383,0.395939933094675,-0.0031770074116096,0.38580062435914,-0.0217334578798464,0.0170489136085982,-0.00161751271103799
-0.965222845361015,0.411201046932754,-0.00296288070866587,0.375592266136331,-0.021533218393628,0.0181672118227084,-0.00245944030797875
-0.975658606948177,0.426170214666153,-0.00266968122931326,0.364058409154934,-0.0212680459524358,0.0191961694601928,-0.00326164164109826
-0.982609258293064,0.441304582486373,-0.00229389371555773,0.351292237164845,-0.0209521431206217,0.0201217900118771,-0.00400294523279081
-0.986367983100317,0.457006750117546,-0.00184285170178418,0.337419512046867,-0.0206065568475706,0.0209311655199499,-0.00466170592762017
-0.987279426398663,0.473603642026233,-0.00133498408166723,0.322592968569334,-0.0202570781843877,0.0216138159523995,-0.00521652117413679
-0.985715319782147,0.491334221266344,-0.000798980073850035,0.306978364210285,-0.0199310514248503,0.0221631205042906,-0.00564733219606113
-0.982041930780637,0.510343958425843,-0.000271376858007051,0.290732459444309,-0.019653524030137,0.0225775183117682,-0.00593685060694442
-0.976582841213577,0.530684177518564,0.00020769927708944,0.273976834096655,-0.0194434010305549,0.0228611145118013,-0.00607213504383944
-0.969583057636727,0.552315238378908,0.000600320161750106,0.256774170329783,-0.0193104098526282,0.0230233717584508,-0.00604602440243129
-0.961183553920644,0.575114347985954,0.000876986083560925,0.23911494632275,-0.0192536740919867,0.0230778025234689,-0.00585809218779534
-0.951413370294595,0.598888624876712,0.00102169573641137,0.220919973487572,-0.0192623486397372,0.0230398650393891,-0.0055148553817841
-0.940202482557623,0.623393269901706,0.00103437757505419,0.202059441493625,-0.0193182041395169,0.0229245472245326,-0.0050291684693418
-0.927412178307985,0.648352846292465,0.000930018206169272,0.182383539153611,-0.0193994546518537,0.0227442041630912,-0.0044189660143326
-0.912874129452381,0.673482029904055,0.000734932073610991,0.161756196192142,-0.019484792454571,0.0225070659253125,-0.00370567671707422
-0.896428463704574,0.698502443049533,0.000481467451541523,0.140083797151416,-0.0195566873736031,0.0222165811408223,-0.00291266073555099
-0.877953444156343,0.723153455811059,0.000202692694460408,0.117333744952302,-0.0196033953026571,0.0218715179936897,-0.00206392561938081
-0.85738279548602,0.747196121477136,-7.1715160865426e-05,0.0935415373144664,-0.0196195704206134,0.021466597256142,-0.00118322577289086
-0.834711732264001,0.770411837451886,-0.000317782762051714,0.0688082138281024,-0.019605736575749,0.0209934701417758,-0.000293524280932518
-0.809993476451349,0.792597179950295,-0.000517741889086021,0.0432910832241735,-0.0195670315027849,0.0204418556174181,0.000583281291003189
-0.783330095906181,0.813557566087287,-0.00065919399709073,0.0171907304829413,-0.0195116329362225,0.0198007901684689,0.00142649386507769
-0.754860143649179,0.833101782772898,-0.000733577328009273,-0.00926373373017166,-0.0194491989120458,0.0190599620839031,0.00221672301802105
-0.724745519815579,0.851039272670657,-0.000734620948509402,-0.035829904646423,-0.0193895640441827,0.0182110849603956,0.00293604221536584
-0.693159304764306,0.867181627016869,-0.000657333217328343,-0.0622670904285977,-0.0193418202325255,0.0172492472589124,0.00356824073189499
-0.660275601471264,0.88134847478224,-0.000497838590025722,-0.0883503666780735,-0.019313818350374,0.0161740912297314,0.0040991718343678
-0.626262675687255,0.893377400997442,-0.000254084331248954,-0.11388263094309,-0.0193120598377461,0.0149906392397721,0.00451716116734741
-0.591279985310932,0.903135951195416,7.28520582632059e-05,-0.13870329804876,-0.0193418704106856,0.0137095704889459,0.00481340781385897
-0.555479289785649,0.910532934986107,0.00047733469322186,-0.162692256734184,-0.0194077031460232,0.0123468133839002,0.00498229575048334
-0.519009731900051,0.9155265182547,0.000948160880392639,-0.185768280660816,-0.0195134146973188,0.0109224480077931,0.00502154442235015
-0.482025393393065,0.918126277029855,0.00146839599095052,-0.207881947911239,-0.0196623617800531,0.00945904388485131,0.00493215364361469
-0.444693791702893,0.918388388805263,0.0020162206446413,-0.229004311004597,-0.0198572362220606,0.00797969424487904,0.0047181461182964
-0.407203397530598,0.916404515497242,0.00256666503246237,-0.249113438771822,-0.0200996250176867,0.00650605889268952,0.00438615444880698
-0.369768162382854,0.912285738377375,0.00309387716187475,-0.268181196798475,-0.0203893402501094,0.00505669428957092,0.00394492713564449
-0.332627930789944,0.906144309351312,0.00357348004676494,-0.286162549642269,-0.0207236305845631,0.00364586360032692,0.00340484161663388
-0.296043747349399,0.898075067360437,0.00398461703099109,-0.302988804777643,-0.0210963960799942,0.00228289005039349,0.00277749783725906
-0.260288185852864,0.888139034160917,0.00431142420332927,-0.318565713430831,-0.0214975659273533,0.000972020086369099,0.00207544856377686
-0.225631009337824,0.87635048173667,0.00454383202844407,-0.33277650735222,-0.0219127888517204,-0.000287307465466649,0.00131209029883665
-0.192321193665135,0.862668841446314,0.00467774107278965,-0.345489618303196,-0.0223235920351221,-0.00149990053527392,0.000501710766461413
-0.160567094517817,0.84699720987516,0.00471471473015926,-0.356570751388424,-0.022708154122658,-0.00267404672853025,-0.000340339527752208
-0.130517072565199,0.829188892366212,0.00466137857094769,-0.365898717419345,-0.0230427711875869,-0.00382057486467329,-0.00119741353920508
-0.102243280665892,0.809062755739011,0.00452871522472908,-0.373384004968601,-0.0233039705403807,-0.00495172696697222,-0.00205135667133984
-0.0757311818065283,0.786427219961845,0.00433138797476337,-0.37898858659209,-0.0234710672841643,-0.00607979804558173,-0.00288241621247833
-0.0508760360589746,0.761109642124004,0.00408708597207335,-0.38274416246066,-0.0235287622563816,-0.00721552516548414,-0.00366936589274231
-0.0274859453061066,0.732985552842982,0.00381567554443758,-0.384765035826146,-0.0234692847578235,-0.00836629318097033,-0.00438991777410054
-0.00528973659366496,0.702000237020223,0.00353773458772762,-0.38525087313621,-0.0232936117060058,-0.00953435361633448,-0.00502145563587312
0.0160515712414736,0.668176805565267,0.00327201715197018,-0.384475369128741,-0.0230115085907408,-0.0107153942034903,-0.00554208241732015
0.0369290042762388,0.631607833610897,0.00303170198051775,-0.382758770879881,-0.0226403847571224,-0.0118978690750357,-0.00593192190792091
0.0577626635494544,0.59243285172903,0.00281995274541761,-0.380426382170748,-0.022203191729551,-0.0130634514152595,-0.00617455122844078
0.078968746166402,0.550808996050111,0.0026260919797637,-0.377760476334707,-0.0217257497759535,-0.0141887715377585,-0.00625837116157104
0.100917396426052,0.506883881014077,0.00242407189456704,-0.374956770369523,-0.0212339369591601,-0.0152482669228095,-0.00617766529429156
0.123887894554495,0.460778986252833,0.00217451553670876,-0.372097266334621,-0.020751200399444,-0.0162176269715537,-0.0059331167737824
0.148031814834868,0.412587342655852,0.0018304209541131,-0.369146791632067,-0.0202967855084843,-0.01707708885607,-0.00553165719865605
0.173354350739064,0.3623844036211,0.00134522795021806,-0.365973340554147,-0.0198849456316546,-0.0178138757021475,-0.00498570031366787
0.199718743313608,0.310246446461194,0.000681061919129788,-0.362384807364327,-0.0195251404233879,-0.0184233290170098,-0.00431196966150742
0.22687173515385,0.256269658384081,-0.000184996720417453,-0.35817116061664,-0.0192229906348912,-0.0189086885372587,-0.00353020833121173
0.254482403668323,0.200583531445588,-0.00125798165656955,-0.353141187824555,-0.0189815581490618,-0.0192797870280767,-0.00266202075053307
0.282185172434763,0.143355373257554,-0.00252576238679997,-0.347147120268482,-0.0188025217637945,-0.0195511226747525,-0.00173000618173123
0.309619265965725,0.0847851953515671,-0.00396289709398285,-0.340094709582165,-0.0186869093379893,-0.0197397549002278,-0.000757228708726272
0.336459921264326,0.0250922440694652,-0.00553665994492479,-0.331939842252,-0.0186352082553801,-0.0198633391792107,0.000233018243838374
0.362439555005957,-0.0355039372691613,-0.00721413585228737,-0.322675090949608,-0.018646859874028,-0.019938465852063,0.00121724293315213
0.387359033444484,-0.0968047590433978,-0.00896932338149219,-0.312310186294747,-0.0187192563078442,-0.0199793208132674,0.00217169888394403
0.411089792189094,-0.158651875595114,-0.0107890756248641,-0.300851084523288,-0.0188464928987122,-0.0199966337158649,0.00307237040776419
0.433567333589269,-0.220940158686753,-0.0126766828009078,-0.288281684340444,-0.0190181718635178,-0.019996845118959,0.003895132891061
0.454777045472437,-0.283619793213662,-0.0146518773062339,-0.274552744425907,-0.0192186462364566,-0.0199815129941662,0.00461621698242156
0.474733320714693,-0.346684070853255,-0.0167463905499191,-0.259581306559589,-0.0194270634120939,-0.0199470324358083,0.00521306819837043
0.493454454378216,-0.41014223962378,-0.0189950944647537,-0.243262359369676,-0.0196184727109433,-0.0198848239888921,0.00566560774570606
0.510937925560241,-0.473981522188799,-0.0214241933425742,-0.225491651429023,-0.0197660295975413,-0.0197821633531055,0.00595776751002613
0.527141017390008,-0.538126687008289,-0.0240393705760287,-0.206194337837474,-0.019843936584575,-0.019623678608925,0.00607901196395242
0.541972461587951,-0.602408993942665,-0.0268175361073359,-0.185352059049992,-0.0198304838605493,-0.0193933896078529,0.00602548289237021
0.555297329714851,-0.666554292793973,-0.0297050677170364,-0.163020314336256,-0.0197103998261,-0.0190769111796449,0.00580044099393038
0.566953733875495,-0.730194421942925,-0.0326233663980086,-0.139331163429422,-0.0194759359046425,-0.0186633487135301,0.00541387156744947
0.576776080799972,-0.792898114390168,-0.0354800388784622,-0.114481154035534,-0.0191265418542574,-0.0181464787148883,0.00488136889292886
0.58461819980722,-0.854211684988315,-0.0381823479089041,-0.0887090356963524,-0.018667451525943,-0.0175250343855199,0.00422260422230625
0.590370893688157,-0.913698179914428,-0.0406494111107836,-0.0622701972189752,-0.0181077723643279,-0.0168021859133133,0.00345973704447785
0.593971571024848,-0.970966595700321,-0.0428207621836068,-0.0354144005405506,-0.0174586862350175,-0.0159845051760828,0.00261605801254205
0.595406483818194,-1.02568744769872,-0.044660473986932,-0.00837102463553944,-0.0167321767707256,-0.0150807597909604,0.00171501388901699
0.594707699881045,-1.0775950642313,-0.046157314556974,0.0186568316240685,-0.0159404381947362,-0.0141008153160236,0.00077963122853545
0.591947402633058,-1.12647976750903,-0.047322039665523,0.0454903258745393,-0.015095908887216,-0.0130548055543567,-0.000167733509718406
0.587231384516183,-1.17217387161487,-0.0481829517679905,0.0719672682350012,-0.0142117367963168,-0.0119526031839662,-0.00110543279400267
0.580692385307493,-1.21453483317457,-0.0487805470203465,0.097931828784653,-0.0133024209308821,-0.0108035272214573,-0.00201247824758029
0.572483241352167,-1.25342857066895,-0.0491617513359112,0.123224447664012,-0.0123843731176202,-0.00961618566248129,-0.0028685098177058
0.562769063169432,-1.28871478518948,-0.0493740328176661,0.147674493670266,-0.0114761642461576,-0.00839834720918298,-0.00365386592340814
0.551718306786856,-1.32023677334613,-0.0494597424646681,0.171097706654795,-0.0105982883714727,-0.00715678470962577,-0.00434980550909858
0.539492346127445,-1.34781611859371,-0.0494511431357552,0.19329947777794,-0.00977234599261439,-0.0058970734441411,-0.00493889398962272
0.526235005127481,-1.3712542230955,-0.0493668662951759,0.214084038253327,-0.0090196895741996,-0.00462340285894183,-0.005405531011337
0.512063516440645,-1.39034021912624,-0.0492105135624369,0.233268154081645,-0.00835969421412268,-0.00333848221594456,-0.00573656204627587
0.497063353924063,-1.40486527543791,-0.0489719384115844,0.25069687339983,-0.00780795291436841,-0.00204362881291306,-0.00592189856364294
0.481288301167071,-1.41464049154662,-0.0486311549012415,0.266257895097319,-0.00737475194856843,-0.000739076139547991,-0.0059550591292155
0.464766674249186,-1.4195161850816,-0.0481642137073161,0.27989136736789,-0.00706417391984182,0.000575522927396753,-0.00583355722055722
0.447512514611581,-1.41939815820795,-0.0475497729251022,0.291592531676996,-0.00687404850663935,0.00190049697920086,-0.00555907405017338
0.42954006128398,-1.4142589879317,-0.0467749661275685,0.301406565201099,-0.00679679478242421,0.00323559187209942,-0.0051373920926275
0.410878287033392,-1.40414116665076,-0.0458393305905744,0.309416389497241,-0.00682098023834333,0.0045795601328761,-0.00457809100895054
0.391583533278551,-1.38915424829504,-0.044756260585006,0.315726502124418,-0.00693327833015526,0.00592995914062295,-0.00389406164724466
0.371747839160451,-1.36946662839141,-0.0435520102301311,0.320446162423754,-0.00712041986557705,0.00728312861031739,-0.00310091391894274
0.351502042043645,-1.34529545470218,-0.0422628354369053,0.323675602596046,-0.00737077168995181,0.00863424724729858,-0.00221637975798729
0.331013440700849,-1.31689813135618,-0.0409310570178674,0.325498143237255,-0.00767527704835207,0.00997734554609728,-0.00125980641097722
0.310477645108205,-1.28456563325821,-0.0396006644774859,0.325979322322691,-0.00802760987575147,0.0113051713598609,-0.000251803243443581
0.290105074733547,-1.24861858465265,-0.038312916455896,0.325173349137152,-0.0084235261678283,0.0126088899308983,0.00078592706953606
0.27010211634405,-1.20940343325233,-0.0371021156959587,0.323135587220781,-0.00885948746028343,0.0138776915921667,0.00183059099870557
0.250647414542015,-1.1672852280157,-0.0359916848930181,0.319938854148828,-0.00933073398483989,0.0150984792083004,0.00285819912720978
0.231864839840527,-1.12263388333564,-0.0349908239109556,0.315690532871092,-0.00982911799248595,0.0162558848116403,0.00384345419110809
0.21379620883523,-1.07580115096692,-0.0340922943771601,0.310546293460256,-0.0103411713132146,0.0173328721481215,0.00475977348190191
0.196379556765582,-1.02708995652862,-0.0332722279735277,0.304715835039269,-0.0108470627087593,0.0183121236264945,0.00557962330855054
0.179440544061699,-0.976720092448743,-0.0324928696769458,0.298455533863602,-0.0113211494425355,0.0191781899248425,0.00627534607378
0.162705648618026,-0.92480176447781,-0.0317088377693777,0.292045505361095,-0.0117346492820781,0.0199201131050694,0.00682061288237988
0.145841909667448,-0.871327948315483,-0.0308763404778763,0.285752072585409,-0.0120603493495538,0.0205338606250886,0.00719247065778514
0.128520461701396,-0.816196051892159,-0.029963415770563,0.27978343398574,-0.0122784021928297,0.0210237603746425,0.0073737151023031
0.110489979177864,-0.759258480180266,-0.028958086495509,0.27425112765196,-0.0123814388056593,0.0214022495217889,0.00735505978026281
0.0916381898827032,-0.700389957473191,-0.0278714615882025,0.269150878787099,-0.012377077745416,0.0216877924082447,0.00713647552974849
0.0720203063909334,-0.639550386174332,-0.0267345164440954,0.264370632043144,-0.0122867171412598,0.0219015149052269,0.00672725447151661
0.0518443530078185,-0.576821846190801,-0.0255898085767543,0.259723142730609,-0.0121409489717958,0.0220635497956301,0.00614476428131653
0.0314198196155491,-0.512409049618165,-0.0244813262781099,0.254991514539323,-0.0119732366270658,0.0221900667614196,0.00541229793312806
0.0110886296934374,-0.446606542001422,-0.0234459179827783,0.249972796614629,-0.0118139163793849,0.0222915081542977,0.00455664237369309
-0.00883958024797468,-0.379746919929151,-0.022508488353239,0.244508283826982,-0.0116860699403767,0.0223720314661449,0.0036059264978753
-0.0281318532020178,-0.312146903050979,-0.0216813170365097,0.238495699064941,-0.0116038328790206,0.0224298142925295,0.00258805957169338
-0.0466496700657031,-0.244064549222707,-0.0209664846813662,0.231884568042455,-0.0115728468831526,0.0224578205978723,0.00152981535112992
-0.0643422189123453,-0.175674248741607,-0.0203598300419598,0.224659463707274,-0.0115921063619354,0.0224447338420965,0.000456448688220317
-0.0812221860750787,-0.107061056114073,-0.0198550302250386,0.216817319072197,-0.0116564105525608,0.0223759784042975,-0.00060832774811763
-0.0973323666697556,-0.0382311378934143,-0.0194467495266538,0.208343681160253,-0.0117587453933472,0.0222347995660314,-0.00164219360592165
-0.112710816673838,0.0308647991463408,-0.0191323581798807,0.19919291611539,-0.0118921868691744,0.022003528062819,-0.0026240509824602
-0.127361015163155,0.100299010595078,-0.0189120792788262,0.189276329151393,-0.0120511063520513,0.0216651284422031,-0.00353396954390076
-0.141231975274799,0.170129228766354,-0.0187876774617505,0.178460882536262,-0.012231591189203,0.0212050073617844,-0.00435334695674475
-0.154211880400376,0.240360314397819,-0.0187600924819396,0.166580304021849,-0.0124311412236745,0.0206129615297648,-0.00506533220306834
-0.166137015713976,0.310910335061889,-0.0188266716863069,0.153458464126051,-0.0126478330305296,0.0198850141635427,-0.00565549269768683
-0.176814733331356,0.381587081262318,-0.0189787764997458,0.138941591758197,-0.0128792248471364,0.0190247343210227,-0.00611261572626452
-0.186056224914987,0.452081089135623,-0.0192005736997511,0.12293331747491,-0.0131213690769697,0.0180436889303472,-0.00642947279608063
-0.193711836217545,0.521978952467822,-0.0194695189387054,0.105424183256394,-0.0133682529114304,0.0169607788171582,-0.00660334424589988
-0.199700098361932,0.590795123877296,-0.0197584946855554,0.0865073467151024,-0.0136118231204117,0.0158004203317384,-0.00663612398172025
-0.204023923019443,0.658016400311477,-0.0200391020793628,0.0663762073403787,-0.013842608833802,0.0145899102430152,-0.00653395015801324
-0.206770770947513,0.723148646048661,-0.020285200547596,0.0453044304536361,-0.0140507372113036,0.0133564627445135,-0.00630641952207606
-0.208098661345428,0.785756271486211,-0.0204758334687759,0.0236140084741936,-0.0142270780502949,0.0121244958479898,-0.00596556098312378
-0.208213015327615,0.845487533289988,-0.0205969521165267,0.0016393102208131,-0.0143642492546645,0.0109135863086517,-0.00552476989277234
-0.207340576354027,0.90208373743588,-0.020641795750913,-0.0203053209739294,-0.0144573136387464,0.00973729261943016,-0.00499787488949622
-0.205705839160023,0.955375163649949,-0.0206101721759373,-0.0419494384778988,-0.0145041188624378,0.00860282451522593,-0.00439844019700745
-0.203512861866169,1.00526684995543,-0.0205070330272103,-0.0630800608342449,-0.0145052867263119,0.00751135699942931,-0.00373931808441042
-0.20093416957544,1.05172153580897,-0.020340854732353,-0.0835457092753999,-0.0144639740276488,0.00645878185824854,-0.00303244101851978
-0.198105783503902,1.09474151801226,-0.0201221227043464,-0.103253128945408,-0.014385461034925,0.00543664943522227,-0.00228879038253213
-0.195127726377037,1.1343547220174,-0.0198621799299435,-0.122159414188425,-0.0142766909092793,0.00443316700208777,-0.00151850365256085
-0.192068089171052,1.17060406746383,-0.0195724495231249,-0.140261725000953,-0.0141457835533773,0.00343414559393725,-0.000731066997451438
-0.188969710212996,1.20354203949294,-0.019264012261307,-0.157586323571805,-0.0140015770287705,0.00242388206149869,6.44337052272957e-05
-0.185858281734381,1.23322887660128,-0.0189473981600317,-0.174177751386823,-0.0138531856653167,0.00138598968817383,0.00085903239030838
-0.182751235781497,1.25973340270202,-0.0186324495405449,-0.190088439518219,-0.0137095633327968,0.000304226883834987,0.0016435932251706
-0.179666971571434,1.2831352578344,-0.0183281241500668,-0.20536868908192,-0.0135790544196158,-0.00083661815328116,0.00240853169206185
-0.17663395629642,1.30352649927899,-0.0180421383779636,-0.22005676274321,-0.0134689151344389,-0.00204973841967843,0.0031435666700379
-0.173699209637304,1.3210109932464,-0.0177804243108323,-0.234169028569001,-0.0133848138117613,-0.00334519069129522,0.00383752527013944
-0.170935511464569,1.33570083407163,-0.0175464654035391,-0.247690596573721,-0.0133303555549672,-0.00472867132078169,0.00447822734094268
-0.168446088676179,1.3477078151399,-0.0173406392740677,-0.260567175573124,-0.0133066921622558,-0.00620026673059498,0.00505247812624561
-0.166365630500648,1.35713143345909,-0.0171598021244867,-0.272699894132755,-0.0133123282940407,-0.00775333240948851,0.00554620991386836
-0.164855938604314,1.36404380704956,-0.0169973514406812,-0.283944888962468,-0.013343214822581,-0.00937372291721758,0.00594480985565389
-0.164095269668632,1.36847454884087,-0.0168439723459244,-0.294119628391079,-0.0133931915351124,-0.0110396333492459,0.00623367397143211
-0.164261248288371,1.3704000171462,-0.0166891334361866,-0.303017311910843,-0.0134547657233779,-0.0127223069161783,0.0063990079981262
-0.165508808395524,1.36974007344031,-0.0165231637036473,-0.310428795852482,-0.013520092839801,-0.0143877574083494,0.00642884427180768
-0.167946727862133,1.36636585169334,-0.0163394937328229,-0.316169609564262,-0.013581936822482,-0.0159994705976621,0.00631418490436743
-0.171617655800452,1.36011821130038,-0.0161364406432771,-0.320107208315059,-0.0136343316021142,-0.0175217829810392,0.00605010568446622
-0.176486752551392,1.35083419252533,-0.0159179222303661,-0.322182680949292,-0.0136727255430169,-0.0189234000029348,0.00563662125674582
-0.182442191304248,1.33837528717455,-0.015692727904746,-0.322421678539526,-0.0136935343585467,-0.0201803885023013,0.00507913390961973
-0.189307568567929,1.32265078277989,-0.0154724409442802,-0.320932020089418,-0.0136932363389353,-0.0212780635906638,0.00438838355132542
-0.196862891473208,1.30363085586077,-0.0152686130284843,-0.317888992950876,-0.0136673213339972,-0.0222114675976016,0.00357994488390465
-0.204868673881833,1.28134632029637,-0.0150901255404804,-0.313512163682059,-0.0136094737834233,-0.0229844887684269,0.00267342309521427
-0.213087946161986,1.25587667177652,-0.0149417377557108,-0.30803913094765,-0.0135113366960838,-0.0236079893726495,0.00169155052856852
-0.221302515756935,1.22732828409131,-0.0148245561335805,-0.301700510751317,-0.0133630377536844,-0.0240974150155525,0.000659354020604919
-0.229322661235812,1.19580809033662,-0.0147387537414247,-0.294699279067392,-0.0131545019707474,-0.0244703559780153,-0.000396502907080086
-0.236991230104349,1.16139633073545,-0.0146883224362088,-0.287195351210648,-0.0128773823200969,-0.0247443472551839,-0.00144819372642468
-0.244184362567374,1.1241234371408,-0.0146870960316051,-0.279295655437645,-0.0125273107360673,-0.0249350466571784,-0.00246708780578063
-0.250810751694922,1.08395513168698,-0.0147646970304845,-0.271049675758365,-0.0121060409179409,-0.025054786237097,-0.00342412960074136
-0.256810758619479,1.04079172281499,-0.0149705866276096,-0.262451489459375,-0.0116229860455266,-0.0251114966855192,-0.00429041328713258
-0.26215501198531,0.994484440592981,-0.0153741759684667,-0.25344919281754,-0.0110956065812516,-0.0251080129500554,-0.00503812432795659
-0.266841680402707,0.944871356216221,-0.0160594413813894,-0.243962696071181,-0.0105482468375771,-0.0250419273158302,-0.00564195110196602
-0.270890888575424,0.89182746791332,-0.0171138224858724,-0.233908263286886,-0.0100093144976363,-0.024906165292595,-0.00608090238236941
-0.274335884593438,0.835318182683775,-0.018613325865002,-0.223225582531199,-0.00950723132943069,-0.024690420687805,-0.00634024353998927
-0.277212052996779,0.775440343535294,-0.0206077957165501,-0.211900658954052,-0.00906611584362802,-0.0243833351167917,-0.00641307441902032
-0.279546372277278,0.712436492267482,-0.0231110257624036,-0.199977872174265,-0.00870241327940922,-0.0239749855534248,-0.00630105409903631
-0.281350588063186,0.64667740244232,-0.0260990035175647,-0.187557907413761,-0.00842343676435827,-0.0234590565399301,-0.00601400240384661
-0.282619780629518,0.578618054949045,-0.029516539082481,-0.174782754199055,-0.00822805978333277,-0.0228340885875191,-0.00556846207083936
-0.283336591082931,0.508742574775671,-0.0332895687915896,-0.16181347622745,-0.00810904069694948,-0.0221035695607952,-0.00498563667023254
-0.283478978626695,0.437513240047766,-0.037338903976814,-0.148807192844753,-0.00805598979009724,-0.0212749826887813,-0.00428921912652212
-0.283029225792326,0.365335118916916,-0.0415916863145461,-0.135898556254806,-0.00805803505946329,-0.0203582518005286,-0.00350353913271135
-0.281982012446001,0.29253984263439,-0.0459884257589754,-0.123187988484618,-0.00810559412677592,-0.0193640669867164,-0.00265224529723467
-0.28035052853493,0.219386643660085,-0.0504852910524196,-0.110736641656848,-0.00819109771700598,-0.0183024893509182,-0.00175754820423537
-0.278170116785126,0.146075394058847,-0.0550524988942839,-0.0985665962856691,-0.00830881633514463,-0.0171820348032657,-0.000839924630338075
-0.27549947980674,0.0727662976034396,-0.0596701738888468,-0.086664719418944,-0.00845409120812234,-0.0160092829381812,8.18603341894483e-05
-0.272419267433493,-0.000398389809662543,-0.0643230159174144,-0.0749889620936961,-0.00862227948895225,-0.0147889264037799,0.000990556560631778
-0.269028000523935,-0.0732737191362065,-0.0689949268466662,-0.0634766109565234,-0.00880768393836128,-0.0135241370141318,0.00187017445712956
-0.26543466682553,-0.14569488394599,-0.073664360786529,-0.0520542336916461,-0.00900265763214565,-0.0122170763448439,0.00270576063867605
-0.261747913952243,-0.217464831645282,-0.0783009833785829,-0.0406492972517594,-0.00919702892397322,-0.0108694219644379,0.00348325541533704
-0.258062107564986,-0.288347477968705,-0.0828639796928014,-0.0292030692214564,-0.00937793646062582,-0.00948280522061591,0.00418945163474651
-0.254441582471516,-0.35806691747492,-0.0873022199207389,-0.0176838958236627,-0.00953012208440756,-0.00805911547255033,0.00481204705479084
-0.250905296564763,-0.426312745605854,-0.0915563058726771,-0.00609927203838624,-0.0096366742086744,-0.00660066930543892,0.00533976470914152
-0.247415899185692,-0.492752931884473,-0.0955627152926795,0.00549527157589074,-0.00968019859078684,-0.00511031334025483,0.00576253349692076
-0.243874526312042,-0.557052646904368,-0.0992591904817363,0.0169929023094675,-0.00964423520544655,-0.00359143295943935,0.00607168764467672
-0.240123209916109,-0.618896663249337,-0.102590590542958,0.0282393813972489,-0.00951473403300876,-0.00204790537686289,0.00626016400154691
-0.23595536201491,-0.678011482483467,-0.105514198386023,0.0390445138414887,-0.00928137724582045,-0.000484024034538401,0.0063226860208681
-0.231133580661797,-0.7341831390949,-0.108003575886852,0.049200088938779,-0.00893856253068996,0.00109558211728609,0.0062559387606
-0.225413096885348,-0.787268350935598,-0.110050472352314,0.0585019830505732,-0.00848592757541399,0.00268602372288276,0.00605875275648952
-0.218567312571566,-0.837196315230002,-0.111664338412314,0.066773152084081,-0.00792832957350526,0.00428223487639594,0.005732283688043
-0.210411150207451,-0.883959323117955,-0.112869332507153,0.0738838694315333,-0.007275264409228,0.00587906945532641,0.00528015244958556
-0.200819518355934,-0.927597051485775,-0.11369981903832,0.0797663528445462,-0.00653984385134747,0.00747141310002876,0.00470853913958732
-0.189736165481426,-0.968171049939373,-0.114194298428201,0.0844213934824046,-0.00573741843326632,0.00905425899624397,0.00402615338681254
-0.177174565367702,-1.00574412273937,-0.114390223793709,0.0879173790766454,-0.00488415781207204,0.0106227482680121,0.00324414935370805
-0.163208340955655,-1.04035590838818,-0.114319041572754,0.0903817928668754,-0.00399571763990509,0.0121720281623193,0.00237593178361012
-0.147957185594841,-1.07201376681499,-0.114004184725728,0.0919884492514277,-0.00308632360388414,0.0136969892572946,0.00143698761588803
-0.131568375541659,-1.10068578503742,-0.113460599037207,0.0929414058417896,-0.00216833713522301,0.0151917283194086,0.000444729594043944
-0.114200166701577,-1.12631214433589,-0.112697651175116,0.093458458768758,-0.00125246287322851,0.0166489352669809,-0.0005815482387824
-0.0960072650550439,-1.14881935121959,-0.111723451991065,0.0937537597243318,-0.000348524919944973,0.0180591567793179,-0.00162063132213198
-0.0771320535803075,-1.16814807561529,-0.110551352277521,0.0940205730306488,0.000533257713688993,0.0194102785677908,-0.0026492634749774
-0.0577009564160429,-1.18428102327503,-0.109206567701093,0.094413170790122,0.00138075412711599,0.0206873330367318,-0.00364202865917598
-0.0378267861567422,-1.19727296852491,-0.107732329137598,0.0950289884050713,0.00217852848991689,0.0218729812027604,-0.00457135610120417
-0.0176158923307244,-1.20727167956001,-0.106193398021821,0.0958928911863668,0.00290710834776821,0.022948796940282,-0.00540782111082934
0.00282122514509699,-1.21452419843491,-0.104675302240454,0.0969480966798256,0.00354354059352846,0.0238974345008439,-0.00612095645417338
0.0233586537606269,-1.2193582577778,-0.103277501495061,0.0980594777643151,0.00406376206058327,0.0247054080857523,-0.00668076420015157
0.0438468906115121,-1.22213599315126,-0.102100260266691,0.0990346109323823,0.00444688156927128,0.0253659226070668,-0.00706000542175026
0.0641118873127287,-1.22318298187633,-0.101227015816754,0.0996634549284307,0.00468066709256451,0.0258808518007559,-0.00723707137480608
0.0839639009936927,-1.22270996040399,-0.100706884395677,0.0997700459841975,0.00476663424626159,0.0262609917048757,-0.0071989000209493
0.103215163980527,-1.22075171969907,-0.100543271641086,0.0992615933135693,0.00472268024296059,0.0265241139391606,-0.00694313738465099
0.121701155652029,-1.21714741478264,-0.100693422483789,0.0981577638461446,0.00458175659555921,0.0266911635361592,-0.00647881690478141
0.139298097317588,-1.2115719679176,-0.101079703736809,0.0965888860506787,0.00438657341167688,0.0267817063960216,-0.00582529092293958
0.155930937378219,-1.20360685787638,-0.101608571679689,0.0947639544005063,0.00418197976582783,0.0268099687587825,-0.00500977624181371
0.171570904447589,-1.19282522944031,-0.102190570993499,0.0929206746334059,0.00400748259667765,0.02678243945094,-0.00406431278285274
0.18622635341988,-1.17886440406839,-0.102755288138897,0.0912738966716238,0.00389195995798658,0.0266972471811898,-0.00302294219830847
0.199932840689469,-1.16147044375482,-0.103258258662535,0.08997543390785,0.00385146827647722,0.0265449425523144,-0.00191960559040355
0.212747339464986,-1.14051255978575,-0.103680044137461,0.0890913002995788,0.00388989128817702,0.0263100912758861,-0.000786868780635548
0.224748737633259,-1.11597504612383,-0.104019803732046,0.0885964502673589,0.00400151895135904,0.0259732190119121,0.000344687119773195
0.236043449254808,-1.08793620078573,-0.10428621714011,0.0883839938681525,0.00417450488190102,0.0255128724551581,0.00144668335638366
0.246772786577158,-1.05654315771882,-0.10448841763287,0.088285388081892,0.00439433638610415,0.0249077856270713,0.00249302867102446
0.257117511850276,-1.02198748450692,-0.104628885370025,0.0880984744448885,0.00464673031553167,0.0241391881927349,0.00346006385466652
0.267295330941509,-0.984483888250904,-0.104699594702075,0.0876203533356343,0.00491963059523083,0.0231932283407977,0.00432686829065421
0.277548709748493,-0.944252604733242,-0.104681993428208,0.0866813422135848,0.00520419498309474,0.0220633172831133,0.00507573919056035
0.288123122813113,-0.90150553949756,-0.10455060973452,0.0851750910984427,0.00549483481378921,0.0207520306686134,0.00569276788388548
0.299239122521437,-0.856436827858543,-0.104279306309684,0.0830793201960703,0.00578852497356705,0.0192721282580271,0.00616837486037249
0.311063972842497,-0.809218063922093,-0.103848465276775,0.0804624635806837,0.00608371045827106,0.017646315578634,0.00649764082199977
0.323689541149524,-0.759998894422637,-0.103251206041706,0.0774742362690501,0.0063791816030064,0.0159056318407433,0.00668030773900839
0.337121575510996,-0.708912498579275,-0.102497023001649,0.0743219002241251,0.0066732383355334,0.0140866721403015,0.00672040390110092
0.351282282400443,-0.656084387704422,-0.101612031533819,0.07123747807492,0.00696333166197931,0.0122281397423303,0.00662554317491099
0.366024614438932,-0.60164243014278,-0.100636013552354,0.0684429916287839,0.00724620480240259,0.010367360071007,0.00640602366649717
0.381154184426311,-0.545726140735956,-0.0996172618312007,0.0661204213905924,0.00751841453309076,0.0085373297079867,0.00607387861868799
0.396453529788878,-0.488493347203018,-0.0986064956594619,0.0643909011451309,0.00777702877571386,0.00676466043448633,0.00564200551055686
0.411704432880499,-0.430124078386198,-0.0976511536236277,0.0633048823112348,0.00802030066675371,0.00506854364585941,0.0051234591892925
0.426705086039307,-0.370821636941846,-0.096790893447518,0.0628423963465043,0.0082481641188102,0.00346063498841158,0.0045309378384703
0.44128079153496,-0.310811783725642,-0.0960547484649444,0.0629209531436248,0.00846247850945689,0.00194563785966274,0.00387645941112226
0.455288057287734,-0.250340768171988,-0.0954599466519777,0.0634079784100581,0.00866701867767172,0.000522316239132426,0.00317120429842613
0.468612913700663,-0.189672845158827,-0.0950121568454531,0.064134923328297,0.00886725686919803,-0.000815309170392394,0.00242549546676296
0.481164546934517,-0.129087422145573,-0.0947067708880207,0.0649108700903505,0.0090699999726308,-0.00207677003462076,0.00164888638368208
0.492865675599998,-0.0688757647467879,-0.0945308741689017,0.0655343595135167,0.00928294564503862,-0.00327408133156252,0.000850331957518296
0.503640657721101,-0.00933662045056733,-0.0944655448262656,0.0658029399645053,0.00951419446073257,-0.00442084536090644,3.84170543243909e-05
0.513402732963189,0.0492298870424972,-0.0944883207803837,0.0655206102568347,0.00977174166091357,-0.00553152698207803,-0.000778378121893303
0.522041225083309,0.106531103499961,-0.0945756493373367,0.0645036380298689,0.0100629408880628,-0.00662085910669014,-0.00159139870777079
0.529410168814305,0.162294225824256,-0.0947052957599466,0.0625854231285749,0.0103939310826544,-0.00770331513753963,-0.00239154177499158
0.535319896472522,0.216282805713679,-0.09485866838676,0.0596209634052679,0.0107690147540166,-0.00879257326755615,-0.00316900906453416
0.539533596980311,0.26831731792651,-0.0950230245245259,0.0554912336059528,0.0111899922972225,-0.00990089939196741,-0.00391310564251968
0.54177094127531,0.318298639661484,-0.0951934377682874,0.0501073924760304,0.0116554792997274,-0.0110383878909845,-0.00461210446963105
0.541721250504394,0.366231983543484,-0.095374411601909,0.043414350910007,0.0121602776742,-0.0122120396692596,-0.00525320213031941
0.539067210409428,0.412246903541983,-0.0955808083012144,0.0353928179951506,0.0126948926661616,-0.0134247015877269,-0.00582259349303728
0.533519455767448,0.456607916626327,-0.0958378637151145,0.0260588752184552,0.0132453362113386,-0.0146739876838994,-0.00630570612488791
0.524858653192939,0.499709133624741,-0.0961798659051552,0.0154602327671758,0.0137933397325042,-0.0159513767860231,-0.00668763011598932
0.51297941728982,0.54204788464269,-0.0966473469985792,0.00366896677562681,0.014317086255362,-0.0172417810990322,-0.00695377409746674
0.497926878148533,0.584175450528937,-0.0972827908492088,-0.00922862618280451,0.0147924728591936,-0.0185238919088345,-0.00709073680099914
0.479915833054578,0.626628954345131,-0.0981252981922852,-0.0231434427580914,0.0151947860512266,-0.019771529411474,-0.00708732399677193
0.459324431432349,0.669855136763702,-0.0992050703444062,-0.0379939595964678,0.0155005229572478,-0.0209560068476613,-0.00693556964937495
0.436659909934759,0.714141495933761,-0.100538824602937,-0.0537132103365681,0.0156889884698932,-0.0220492089472478,-0.00663157294432258
0.412501761652266,0.759570469463837,-0.102127190856575,-0.0702506264071209,0.0157433167487662,-0.0230268035546717,-0.00617597821680364
0.387434722202281,0.806006953256143,-0.103954705942663,-0.0875682779573733,0.0156507302445249,-0.0238708959114055,-0.00557401420846005
0.361986424421531,0.853119642336888,-0.105992264776753,-0.105632381629446,0.0154020930017369,-0.0245715496712134,-0.00483513546207836
0.336582127630505,0.900427438016584,-0.108201243375113,-0.124401813044562,0.0149910537190584,-0.0251269195078129,-0.0039724268599713
0.311523102784092,0.947357523937891,-0.110538242567005,-0.143815512492358,0.0144132090265822,-0.0255421287160499,-0.00300199159987011
0.286988204945941,0.99330076836365,-0.112959311254674,-0.163779853240779,0.0136656757396771,-0.0258272668758263,-0.00194251325920682
0.263054300154255,1.03765510016964,-0.115422966929897,-0.18415614033776,0.01274735445971,-0.0259950177252248,-0.00081511246395361
0.239729252981497,1.07985221188121,-0.117891672702164,-0.204747672335033,0.0116599929347758,-0.0260583660909652,0.000356487130509255
0.216990778096717,1.11936647002939,-0.120331665244284,-0.225285900549038,0.0104099911306294,-0.0260286791703924,0.00154557249444467
0.194824419351651,1.15570875719141,-0.122711315854456,-0.245416988684996,0.00901074710899437,-0.0259143250414598,0.00272201717981222
0.173252363562568,1.18840932628727,-0.124998192842219,-0.264692860951625,0.00748513300109438,-0.0257198257257617,0.0038520966066701
0.152343926387406,1.21699795206126,-0.127155305485925,-0.282574559537467,0.00586743876672496,-0.0254454863163677,0.0048988948974905
0.132199712881089,1.24099173126602,-0.129137239042186,-0.298457391751456,0.0042038370164797,-0.0250874087202463,0.00582366663304412
0.112908665336132,1.25990508285178,-0.130887709539917,-0.311725290765138,0.00255036808002965,-0.0246379573196778,0.00658838885080426
0.094488536750021,1.27328818316959,-0.132339982463122,-0.321831334346484,0.000967857658731055,-0.0240867918734517,0.00715937442356087
0.076832908328654,1.28079089385207,-0.133421506512981,-0.328387429721693,-0.000485711114525787,-0.0234226705015146,0.00751130373864734
0.0596906896098681,1.28223053142046,-0.134062365991219,-0.331233755550226,-0.00176348939807837,-0.0226359246977347,0.00763058411278901
0.0426928421412719,1.27763634872662,-0.134205578028359,-0.330460732749568,-0.00283606111380118,-0.0217211388265062,0.00751696421154295
0.02541904779087,1.2672478829608,-0.13381579885091,-0.326373011787058,-0.00369366258033193,-0.0206791952909853,0.00718288629225987
0.00747896656244211,1.25146752688475,-0.132883798580855,-0.319409745320981,-0.00434394292614626,-0.0195180083676981,0.00665091727171043
-0.0114210316164419,1.23078254040085,-0.131425364991253,-0.310049581558771,-0.00480663156178838,-0.0182516817492091,0.00595017126017241
-0.0314432431690012,1.20568658603318,-0.129476066824857,-0.298730047196556,-0.00510729669871759,-0.0168985217725771,0.00511275662419951
-0.0526177790389804,1.17661689576685,-0.12708360812674,-0.285796375814453,-0.00527202418827213,-0.0154785232272686,0.00417090306800727
-0.0748652826686922,1.14392305260393,-0.124300852105321,-0.271483568682755,-0.00532398000114935,-0.0140111200469009,0.00315505671796696
-0.0980296030957185,1.10785846926278,-0.121180393521504,-0.255922426013689,-0.00528189699709037,-0.0125135379809866,0.00209284435568069
-0.12190948709292,1.06859500578459,-0.11777225810614,-0.239161196812972,-0.00516009225400574,-0.0110000169245702,0.001008737342925
-0.146282945615927,1.02624372056392,-0.114123732705765,-0.221191821019915,-0.00496940170856257,-0.00948171304509336,-7.58415299245357e-05
-0.170923123287998,0.980882022341928,-0.110281482963843,-0.201976742010344,-0.00471856605339013,-0.00796716418367392,-0.0011421341558785
-0.195606664232496,0.932576398512199,-0.106294356839505,-0.18147199010067,-0.00441567925025934,-0.00646299116794303,-0.00217354391268734
-0.220117712258464,0.881403136890378,-0.10221640081346,-0.159646911504531,-0.0040694986564512,-0.00497465384379225,-0.00315510469970553
-0.24425016312048,0.827463939504285,-0.0981089067970566,-0.136500276660797,-0.00369046948765267,-0.00350705522087131,-0.00407299347196122
-0.267810573383107,0.770897600861088,-0.094040861699222,-0.112073428231208,-0.00329138011316989,-0.00206489109831142,-0.00491412956202433
-0.290623038508533,0.711887766687595,-0.0900872869892457,-0.0864603960063308,-0.00288757725796534,-0.000652699837333211,-0.00566588846595517
-0.312536278818837,0.650666707084179,-0.0863253243541304,-0.059814254826838,-0.00249668185249606,0.000725363492589181,-0.00631594742659166
-0.333432181399568,0.587514907773039,-0.0828283839149588,-0.0323484090216508,-0.00213776785359221,0.00206594382295152,-0.00685227820213248
-0.353233987786648,0.52275556781124,-0.0796590804434214,-0.0043311407436853,-0.00183000911300273,0.00336696461195668,-0.00726330048744741
-0.371912081846755,0.456743961121271,-0.0768621991089617,0.0239278010065924,-0.00159088128273641,0.00462801522063452,-0.00753821516132832
-0.389484871764852,0.389851115485181,-0.0744590542608587,0.0520987930402945,-0.00143411387885286,0.0058505048459954,-0.00766751641585731
-0.406013414654232,0.322443406947308,-0.0724447337271606,0.0798603484570562,-0.00136771948796551,0.00703749163040877,-0.0076436605176671
-0.421589313817359,0.254860324091325,-0.0707892475292074,0.106929575338786,-0.00139252279538219,0.00819318227891099,-0.00746180836866314
-0.436317071937485,0.187394246299684,-0.0694428870331553,0.13308919293497,-0.001501617998289,0.00932220162415009,-0.00712050292416111
-0.45029381106539,0.120276859526273,-0.0683451670549761,0.158204845049932,-0.00168104167192584,0.0104288210545485,-0.00662212022834733
-0.463589784568497,0.0536755681763353,-0.0674357194324673,0.182228220320086,-0.00191166278485257,0.0115163529915589,-0.00597296150043572
-0.476233102381346,-0.0122990554484359,-0.0666649853793221,0.205185268155824,-0.00217195684930626,0.0125868564828891,-0.0051829563335193
-0.488200744834739,-0.0775771054837265,-0.0660025789854128,0.227153010989859,-0.00244108358446436,0.0136411601867512,-0.00426506763577941
-0.499416167639372,-0.142109260552925,-0.0654417960558074,0.248231240833969,-0.00270163116264077,0.0146790548313249,-0.00323457899019634
-0.509753111619676,-0.205848188468849,-0.0649997079988499,0.268515977047502,-0.00294152738264729,0.0156994250921837,-0.00210847534616847
-0.519044463202642,-0.26873569050088,-0.0647129753479944,0.28807953540987,-0.00315484577948158,0.0167000783861312,-0.000905078584098839
-0.527096438446215,-0.330697543488829,-0.064630031751732,0.306959506293293,-0.00334144420501332,0.0176771379174195,0.000355971358762616
-0.533709184143761,-0.391645541226954,-0.0648003207958841,0.325156133563647,-0.00350548732598209,0.0186240065225532,0.00165338452155848
-0.538705832166174,-0.451484088350941,-0.0652612619832632,0.342635785116181,-0.00365294215208509,0.0195300786142592,0.00296359717263209
-0.541972259819329,-0.510117391393289,-0.0660238867770955,0.359337539574244,-0.00378817544463267,0.0203795617861844,0.00425996908727233
-0.543508151618152,-0.567452901286157,-0.0670588554679631,0.375180015313668,-0.00390992771407236,0.0211509433052277,0.0055119815236212
-0.543485047769308,-0.623396884724947,-0.0682858374314747,0.39006586717568,-0.00400727216188431,0.021817737412131,0.00668471390175448
-0.542300098181407,-0.677840366873061,-0.0695708158116225,0.40388280131285,-0.00405668885627279,0.0223511296561851,0.00773901584454456
-0.540604744169534,-0.73063693479188,-0.0707364694194261,0.416501487638305,-0.00402187480060207,0.0227247652082906,0.0086329072913444
-0.539282128542489,-0.781578486839841,-0.071588896815903,0.427773295532979,-0.00385790436398167,0.0229211343785842,0.00932468383553013
-0.539353476006766,-0.830378311567532,-0.0719581455683539,0.437533017944285,-0.00352026754714116,0.0229378891431436,0.00977776155583856
-0.541819056988007,-0.876670710177949,-0.0717415225915942,0.445612195747523,-0.00297704720482322,0.0227916062041274,0.00996641096492598
-0.547475759927398,-0.920029991031589,-0.0709325867346169,0.451864652376881,-0.00222010901823929,0.0225168468428183,0.00988057901574574
-0.556776831021585,-0.960002592231531,-0.0696218350549817,0.456198706416329,-0.0012706477505911,0.0221602282139066,0.00952780345120515
-0.569784994138758,-0.996140393238611,-0.0679682594489948,0.458604714221733,-0.000176821456990575,0.0217716134604343,0.00893130015359356
-0.586221659725553,-1.02802416017628,-0.0661554613238159,0.4591665773255,0.000994954950450561,0.0213956708881903,0.00812507119661995
-0.605569374409252,-1.05527393454895,-0.0643512323891497,0.458052987347519,0.00217104886440792,0.0210662393331889,0.00714807268994924
-0.627173016096089,-1.07755109697686,-0.0626831813461112,0.455492734062381,0.00328031007434625,0.0208040850161343,0.006039362659479
-0.650306358128189,-1.09456011412598,-0.061232253757894,0.451742854982874,0.00426076059790459,0.020617204068118,0.00483515230620158
-0.674200969210078,-1.10605653304657,-0.0600386606515122,0.44705765881487,0.00506341501013661,0.0205024233286387,0.00356769557080937
-0.698052790453395,-1.11186198244263,-0.0591130081344893,0.441662397973578,0.00565411028662862,0.0204473272608357,0.00226544212388922
-0.721024335741564,-1.11188149359509,-0.058447365010191,0.435731594267125,0.00601409518278164,0.020432006516203,0.000953825304698188
-0.742253396650594,-1.10611653818017,-0.0580238230466309,0.429370679733518,0.00613971137035428,0.020430510564217,-0.000343781955106741
-0.760870325898634,-1.09466964422976,-0.0578201644737165,0.422600568566287,0.00604120646043033,0.0204121414149933,-0.00160522668255431
-0.776019698209002,-1.07774026469135,-0.0578131088742428,0.415346301326814,0.00574067110386947,0.0203428476118385,-0.00280900953513077
-0.786881308695774,-1.05561576560383,-0.0579796891459133,0.407432618858125,0.00526922722076565,0.020187017611139,-0.00393407866752295
-0.792689674279525,-1.02866427720191,-0.0582971580936506,0.398590782534651,0.00466377610402902,0.0199099338639089,-0.00496002984029139
-0.792753789797521,-0.997331841482476,-0.0587416017928338,0.388479691384317,0.0039637026461504,0.0194809194980417,-0.00586771538431589
-0.786483664416658,-0.962145169324739,-0.0592858108410925,0.376723567140135,0.00320793459135382,0.0188769763807034,-0.00664020944204229
-0.773424964072684,-0.923712210914223,-0.0598971050855727,0.362962722445633,0.00243262368409907,0.0180862870560603,-0.00726398037236683
-0.753300926638983,-0.882714749383148,-0.0605363427848277,0.346910496563637,0.00166957785752345,0.0171107947690794,-0.00773005128747112
-0.726048797380249,-0.839882688013518,-0.0611588355798943,0.328402703989016,0.000945400407756072,0.0159669657845617,-0.00803484723290266
-0.69184176905386,-0.795954089513015,-0.0617177790300886,0.307428836173396,0.000281214593694311,0.0146843706334392,-0.00818051566321225
-0.651080256423431,-0.751621249288556,-0.062169149284061,0.284134215939546,-0.000307210969768709,0.0133021089026782,-0.00817455256090919
-0.604357747949442,-0.707483387313934,-0.0624773242658831,0.2587965904355,-0.000809078451722481,0.0118640069506854,-0.00802887233312572
-0.552399216439113,-0.664007939156595,-0.062619154668345,0.23178114018835,-0.00121803137438032,0.0104134716713206,-0.00775844399505169
-0.495994445176618,-0.621518095947803,-0.0625861906002558,0.203490433007228,-0.00153153870817109,0.00898919661369969,-0.00737987495413079
-0.435931926690139,-0.580198027702205,-0.0623840051794298,0.174317586284071,-0.00175022119351092,0.00762217542518265,-0.00691008807409269
-0.372949580979248,-0.54011791079675,-0.0620296474768767,0.144613075995143,-0.00187715337870874,0.00633430638140515,-0.0063653161185383
-0.307702767690219,-0.501266701585712,-0.0615476987994168,0.114666063997137,-0.00191716726221247,0.00513830230869487,-0.00576041045221555
-0.240750732377987,-0.463587313978466,-0.0609660714801428,0.0846993920619624,-0.00187620109720763,0.00403853910269598,-0.00510846493420158
-0.172557424835147,-0.427008386920425,-0.0603122962520164,0.0548742538764739,-0.00176073605143242,0.0030324058453637,-0.00442069523596465
-0.10350144431068,-0.391469000389739,-0.0596106929316197,0.0253000855605794,-0.00157735422333315,0.00211179329742783,-0.00370650408543282
-0.0338910978476933,-0.356936127842209,-0.0588806756260962,-0.0039537469240537,-0.00133244344396959,0.00126448724284956,-0.00297368579345852
0.0360190319142387,-0.323415216507694,-0.0581361296291487,-0.0328469829046943,-0.00103205485252719,0.000475335164353174,-0.00222872450173695
0.106012285918524,-0.290954973495319,-0.0573856516891493,-0.0613595372292313,-0.000681903533691836,-0.000272853948623692,-0.00147715108910407
0.175895878382994,-0.259647937013226,-0.0566334375336489,-0.0894849150250304,-0.000287492889967066,-0.000998652167272813,-0.000723935533325323
0.245488857262994,-0.229628254522886,-0.0558806107957937,-0.117225680585553,0.000145663315607024,-0.00172153690083707,2.61036969072459e-05
0.314611645961327,-0.201067188931135,-0.0551267017975508,-0.144590214602312,0.000611751451949356,-0.0024615164946864,0.000767892512316712
0.383076545346892,-0.174167410625833,-0.0543711666233338,-0.171589876818199,0.00110432875627914,-0.00323876700856461,0.00149570984317524
0.45067822015718,-0.149156004554739,-0.0536146942251913,-0.198235494181682,0.00161598196598282,-0.00407318906125367,0.00220283327302478
0.517184049917301,-0.12627668164367,-0.0528602427958653,-0.224532541292118,0.00213799888890749,-0.00498380594711414,0.00288124799597487
0.582323934638253,-0.105780650322448,-0.0521135834997964,-0.250474374485148,0.00266007236670831,-0.00598793948095319,0.00352145491413562
0.645780179550617,-0.0879157880092381,-0.0513832793254978,-0.27603363323504,0.00317004780448934,-0.00710013909631475,0.00411242121071913
0.707178582663526,-0.0729132132574939,-0.050680067909966,-0.3011525723997,0.00365371485312031,-0.00833089372675947,0.0046417203915817
0.766082213689213,-0.0609698421037486,-0.0500157226465327,-0.325733777689743,0.00409463633452544,-0.00968522415020903,0.00509590221578848
0.821991418147479,-0.0522252940672384,-0.0494017299720884,-0.349633998377271,0.00447402868265787,-0.0111613460024789,0.0054611247461409
0.874353392083236,-0.0467311734123465,-0.0488481344536366,-0.372663749793387,0.00477075646465363,-0.0127496503290644,0.00572404498580552
0.922584907148504,-0.0444117931463363,-0.0483628875925607,-0.394594764588795,0.00496160036634444,-0.0144322672835148,0.00587291407874004
0.966111742830612,-0.0450184998065978,-0.0479518519045622,-0.415176033000495,0.00502208368376258,-0.0161834394855855,0.0058987603772888
1.00442327659582,-0.0480850222702334,-0.04761907100772,-0.434155639030482,0.00492820017402766,-0.0179707725404784,0.00579645796220309
1.03713730543682,-0.0528983462999468,-0.0473666675239249,-0.451303925699045,0.00465930041744703,-0.0197572824269778,0.0055654509033493
1.06406225306437,-0.0585042229483868,-0.0471936419357275,-0.466432113461128,0.00420202273751081,-0.0215039891414583,0.00520993635873518
1.0852393485829,-0.0637635848616764,-0.0470934210820071,-0.479402410680488,0.00355455946712466,-0.023172737683812,0.00473845936769322
1.10094759343139,-0.0674621935607828,-0.0470509057079613,-0.490129099112008,0.002729978646931,-0.0247289220751102,0.00416307910696583
1.11166397598215,-0.068454488441744,-0.0470405122723106,-0.498573736295193,0.00175720047376269,-0.0261438285882734,0.00349842829063537
1.11798545542963,-0.065804953125747,-0.047026599049847,-0.504738192610558,0.000678809650238954,-0.0273963074918802,0.00276098091473447
1.12053369648815,-0.0588885686041453,-0.0469668400560374,-0.508658049467289,-0.000454012577557392,-0.0284735286496306,0.00196867901630568
1.11986678933551,-0.0474279162175429,-0.0468179649098462,-0.510395992203003,-0.00158814112145473,-0.0293706610226548,0.00114084355481985
1.11641718192489,-0.0314686254627159,-0.046542679974309,-0.51003432685798,-0.00267506521679648,-0.0300895564805657,0.000298163789454044
1.11046225210091,-0.0113129426449965,-0.0461164918530017,-0.507665957739907,-0.00367600732775997,-0.0306367242350203,-0.000537443619691938
1.10212455375183,0.0125634765857564,-0.0455334293230929,-0.503384896640778,-0.0045649480548243,-0.0310210420912463,-0.00134322865558199
1.09139383352655,0.0395918104247864,-0.0448098120378971,-0.497278197027766,-0.00532952135104144,-0.031251653874675,-0.00209629090890318
1.07816271863755,0.0691768109552005,-0.0439852081998373,-0.489421090217555,-0.0059700849467923,-0.0313364020981259,-0.00277453291418255
1.06226973309125,0.100747010215829,-0.0431197950512631,-0.479876305969471,-0.00649738119851964,-0.0312810034637363,-0.00335783147756928
1.04354421195675,0.133789168281165,-0.0422877816771155,-0.468697337015368,-0.00692923242205538,-0.0310890194911273,-0.00382933061729855
1.02184788113876,0.167868593404772,-0.0415675230369785,-0.455934495969209,-0.00728677230788722,-0.0307625381376655,-0.00417669635828742
0.997106897823013,0.202636639910637,-0.0410301315279969,-0.441641671754793,-0.00759079073083603,-0.0303033298349749,-0.00439311347594862
0.96932968724897,0.237826815596993,-0.0407292838400383,-0.425881944564033,-0.00785878864628725,-0.0297141608713008,-0.00447780021997494
0.938607631866837,0.273241762603083,-0.0406948147181903,-0.408730293628513,-0.00810319333655883,-0.0289998867789392,-0.00443589176424426
0.905100804697996,0.308734764576987,-0.0409316017775524,-0.390273100514253,-0.00833089531513415,-0.0281680521708012,-0.00427769399225405
0.869013775596683,0.344189958673298,-0.0414234925811788,-0.370604816905411,-0.00854391511771596,-0.027228857026654,-0.00401746049201131
0.830569210540904,0.379505154427035,-0.0421405800176685,-0.349823327917112,-0.00874076729374628,-0.0261945667665393,-0.00367194480219934
0.789985241119305,0.414579509528745,-0.0430474522007364,-0.328025301045526,-0.00891801898903083,-0.0250785560379469,-0.00325897989908792
0.747460361482829,0.449306628242113,-0.0441103431908971,-0.305302638770767,-0.00907165003844394,-0.0238942383153563,-0.00279627045367759
0.703166956139633,0.483572433630257,-0.0453019761836699,-0.2817407000028,-0.00919801229002942,-0.0226541095443228,-0.00230048937857794
0.657251774100846,0.517256249848287,-0.0466037926936554,-0.257418158202175,-0.00929435480999971,-0.0213690346342247,-0.00178668498884873
0.60984100324341,0.550233586704206,-0.0480059570549831,-0.232408170976894,-0.00935899580650903,-0.0200478296183132,-0.00126795620821462
0.561047491817121,0.582379392061914,-0.0495058482767638,-0.206780369183123,-0.00939126232895241,-0.0186971225276617,-0.000755333348872174
0.510978324823088,0.613571078103326,-0.0511057948814718,-0.180603242752159,-0.00939131252773748,-0.017321441367565,-0.000257803556642341
0.459741366334394,0.643690809972404,-0.0528106499436029,-0.153946477028045,-0.00935991979541959,-0.0159234543479887,0.000217569665627656
0.40745023743553,0.672626987949595,-0.0546256162907332,-0.126883001093231,-0.0092982660921465,-0.0145042984559863,0.000665469065778589
0.354227687344668,0.700275126775284,-0.0565545451126907,-0.0994906185150254,-0.00920776478950909,-0.0130639460829024,0.0010821129370126
0.30020726935206,0.726538010941976,-0.0585987451076254,-0.0718530592035301,-0.00908990903652089,-0.0116015633207425,0.00146502678343963
0.245533896190197,0.751325688743737,-0.0607562913202341,-0.0440605370417691,-0.00894614273579175,-0.0101158458002555,0.00181280702509325
0.190363486062492,0.774555246117198,-0.0630217299764973,-0.0162098136331072,-0.00877774106246328,-0.00860531167740081,0.00212488354321503
0.134861949462333,0.796150413434456,-0.0653860348204294,0.0115961884599635,-0.00858568959414791,-0.00706854888021499,0.00240128454086097
0.0792041140704881,0.816041448947573,-0.0678367591983704,0.0392490051664226,-0.00837056464178423,-0.00550441985089792,0.00264240989336744
0.0235724920320894,0.834164787505112,-0.0703582546838543,0.0666354349984443,-0.00813240639403592,-0.00391222218342243,0.0028488156031519
-0.0318436010444502,0.850462893073509,-0.0729319134313352,0.0936383402611308,-0.00787059606591359,-0.00229181049886547,0.00302101578653159
-0.0868486657400327,0.864884236129034,-0.0755364298708238,0.120137369577911,-0.00758374297133067,-0.000643685428401946,0.00315930813672969
-0.14124131453002,0.877382738577682,-0.0781480268627994,0.146009478673503,-0.00726958653605461,0.00103095220987709,0.00326362763516326
-0.194814257430486,0.887917604089722,-0.0807407574321467,0.171129297007694,-0.0069249354601418,0.00273017368663323,0.00333343957399216
-0.247354140205869,0.896452719711441,-0.0832868585202653,0.19536932948125,-0.00654565054602206,0.00445132251922453,0.0033676779641152
-0.298641352999588,0.90295570007314,-0.0857572067828144,0.21860008012026,-0.0061266874676605,0.00619103684212086,0.00336473882142094
-0.348450172447528,0.907397316786218,-0.0881219769129195,0.240690394423454,-0.00566221949521531,0.0079452910761049,0.00332254028110621
-0.396549264622917,0.909750358871645,-0.0903514261675677,0.261508037885357,-0.00514584390531573,0.00970944799301429,0.00323865362544334
-0.442702920978297,0.909988887302038,-0.0924168697510758,0.280920873715987,-0.00457088541716424,0.011478314790578,0.00311051326991873
-0.48667308905844,0.9080876902558,-0.0942917727331198,0.298798737427385,-0.00393079250707829,0.0132461920102525,0.00293570402015916
-0.528222133878076,0.904021887486559,-0.0959528676601086,0.315016006856695,-0.00321961365166296,0.0150069017757494,0.00271231698153165
-0.567116440955873,0.897767159860305,-0.0973812505659165,0.32945488884927,-0.00243253160507676,0.0167537901780471,0.0024393582687922
-0.603130141877978,0.889299386996772,-0.0985632536707264,0.342008779893577,-0.00156641613793505,0.0184796821373818,0.00211717946803412
-0.636049471351677,0.878594721074792,-0.0994911638846559,0.352585640217859,-0.000620359397011707,0.0201768061509375,0.00174789805615542
-0.66567652275975,0.865627608043226,-0.100163546414687,0.361110091080826,0.000403854684180764,0.0218366627404682,0.00133575977285362
-0.691833832869804,0.850368363139573,-0.100585411290636,0.367524392356112,0.00150137931709826,0.0234498922845347,0.000887405408477118
-0.714368519622922,0.832777346786885,-0.100767974852429,0.371786912368379,0.00266406721878258,0.0250061197370669,0.000411995036811586
-0.733158615440046,0.812798663681949,-0.100728357945317,0.373869112648619,0.00388039272114673,0.0264938809383812,-7.88385187399109e-05
-0.748120500135677,0.790351686825288,-0.100488925617013,0.373750461881565,0.00513556414559944,0.0279006225247179,-0.000571237576859373
-0.759219785232827,0.765324565815013,-0.100076483834433,0.371413257809762,0.00641187064508052,0.0292128917743364,-0.0010495821615351
-0.766484417547599,0.737570963425826,-0.0995210802132982,0.366838268688415,0.00768930909798083,0.0304167228613591,-0.00149717454244593
-0.770019773690519,0.706914166522918,-0.0988544677291699,0.360003432274607,0.00894653507145616,0.0314982673698968,-0.0018971355475186
-0.770023305196033,0.673161067352113,-0.0981082356510762,0.350887134239838,0.0101621388574966,0.032444634537972,-0.00223347978360333
-0.76679439201824,0.636126155631151,-0.0973116481744036,0.339476400276608,0.0113161546295256,0.033244807721308,-0.00249229935499122
-0.760736792345957,0.59566521132045,-0.0964896630332551,0.325779961840795,0.0123916286968765,0.0338905307440591,-0.00266294558940457
-0.752348957449811,0.551712613429916,-0.095661323671588,0.30984316381865,0.0133759495188301,0.0343769159159101,-0.00273905279069245
-0.742201399375211,0.504315836641863,-0.0948389475992077,0.291761354403725,0.0142616400693308,0.0347026331807168,-0.00271923498092627
-0.730902153214508,0.453659360084299,-0.0940282497292002,0.271687766937064,0.0150463862507771,0.0348695934170118,-0.00260731099186549
-0.719054456535173,0.400072361859169,-0.0932293358560156,0.249833280034935,0.0157322618224769,0.0348821836968988,-0.00241198932269811
-0.707212841799419,0.344018414449212,-0.0924383132627666,0.226457857571713,0.0163243343292878,0.0347462498101793,-0.00214605141304463
-0.695843715948733,0.286069187392388,-0.091649103116749,0.201855762593493,0.0168289905093713,0.0344680679827107,-0.00182517138422599
-0.68529537853386,0.226867340892704,-0.0908550784709249,0.17633824184929,0.0172523597788084,0.0340535306904299,-0.00146656990323688
-0.675780865122768,0.167085304212327,-0.0900503578268501,0.150217635528225,0.0175991449033298,0.0335077099606003,-0.00108770264126714
-0.667373661338128,0.107385518426453,-0.0892306064534426,0.123795356090013,0.0178719906290501,0.0328347931791451,-0.000705134467159229
-0.660015267826222,0.0483865518887611,-0.0883934358713251,0.0973547409551208,0.0180713876250696,0.032038330992435,-0.000333685468422077
-0.653531958620067,-0.0093627110579079,-0.0875385053541543,0.0711581196661464,0.0181959965196606,0.0311216648420324,1.41295915885365e-05
-0.647657252282102,-0.065400368440505,-0.0866673969303648,0.0454465409740835,0.0182432263253014,0.0300883804624363,0.000328390480284709
-0.642057411366695,-0.119360923314632,-0.0857834059386876,0.0204405984934718,0.0182099284616142,0.0289426964632694,0.000601833258589625
-0.636357034435521,-0.17097823096416,-0.0848912500455373,-0.00365894117438756,0.0180930795568988,0.0276897018458543,0.000829735580538159
-0.630163264196957,-0.220083429216395,-0.0839967693725379,-0.0266712831928523,0.0178903861076459,0.0263354364432311,0.00100967426698886
-0.623087289772998,-0.266599110314404,-0.0831065981505445,-0.0484365751043752,0.0176007622172249,0.024886817098757,0.00114119868170808
-0.614762751874121,-0.310530651328188,-0.0822278345121797,-0.0688173418178523,0.0172246668017005,0.0233514534923896,0.00122545802055058
-0.604860653954095,-0.351955236878537,-0.0813676933493779,-0.0876998817935275,0.0167642926775004,0.0217373924846303,0.00126481486934924
-0.593100951865679,-0.391009074972778,-0.0805331903544853,-0.104995203880907,0.0162236215885221,0.0200528467749079,0.00126247282914584
-0.579260536010693,-0.427873154882711,-0.0797308432575021,-0.120639225887759,0.0156083510519361,0.0183059341762373,0.00122213938443067
-0.563177642253738,-0.462758115014551,-0.0789664142444799,-0.134592155779057,0.0149257119894275,0.0165044545349383,0.00114773954744373
-0.544753029120936,-0.495889122132051,-0.0782447403654423,-0.146837194765005,0.0141842059072448,0.0146557256102471,0.00104319022328089
-0.523947941124504,-0.527491493166419,-0.077569624614018,-0.157378707353266,0.0133932809945684,0.0127664725519401,0.000912238230342912
-0.500779503738175,-0.557778022158184,-0.076943806993118,-0.166240100506849,0.0125629808032466,0.0108427740392127,0.000758360848772753
-0.475314197041332,-0.586938712965795,-0.0763690018967627,-0.173461607242802,0.0117035947268015,0.00889005804281248,0.000584723554335844
-0.447660111431619,-0.615133285042732,-0.0758459750548595,-0.179098102915497,0.0108253362346912,0.00691313808125643,0.00039418703143564
-0.417958851253257,-0.642486651628409,-0.0753746568628799,-0.183217084756556,0.00993807389248097,0.00491628501935522,0.000189354695925612
-0.386377641873798,-0.669087064851146,-0.0749542628467449,-0.185896836115292,0.00905112780945934,0.00290332529714011,-2.73486183645934e-05
-0.353102106585246,-0.694986457380964,-0.0745834121181771,-0.187224782095354,0.00817313812332508,0.00087776046227169,-0.000253575486436452
-0.318330000732458,-0.720202428676832,-0.0742602506041525,-0.18729603272229,0.00731200435119996,-0.00115709552550079,-0.000486940181012502
-0.282265971454201,-0.744721303747957,-0.0739825949749884,-0.186212089610206,0.00647488645953782,-0.00319796459078551,-0.000724895861193624
-0.2451171423124,-0.768501554474578,-0.0737480981815612,-0.184079615338565,0.00566825051943116,-0.00524144157054343,-0.000964611795810561
-0.207089468978463,-0.791477482142793,-0.0735544936302234,-0.181009292273979,0.00489794363314757,-0.00728382260030041,-0.00120285806186762
-0.168384435194866,-0.813562521729071,-0.0733998961377865,-0.177114596240247,0.00416927392792429,-0.00932092864946246,-0.00143590543292337
-0.129196040974556,-0.83465248948361,-0.0732832098326247,-0.172510532335122,0.00348707970148707,-0.0113479315052544,-0.00165944952311303
-0.0897078407281666,-0.854628550120748,-0.0732046019224093,-0.167312214907352,0.00285576798069354,-0.0133591904228937,-0.00186856856691797
-0.0500900934452768,-0.873360236819929,-0.0731660176913416,-0.161633321697127,0.00227931037921582,-0.0153481135906567,-0.00205772529851442
-0.0104971874247542,-0.890708788296797,-0.0731716654010107,-0.155584464092698,0.00176118785525559,-0.0173070628226082,-0.00222082344598654
0.0289343452783584,-0.906530986510439,-0.0732283614301513,-0.149271553589299,0.00130428177181185,-0.0192273222778027,-0.00235132837936219
0.0680867721057736,-0.920683713724754,-0.073345615347618,-0.142794319139661,0.000910715583985348,-0.0210991549786857,-0.00244245949377586
0.106860590079021,-0.933029170085356,-0.0735353259159816,-0.136245134204921,0.000581657688855983,-0.022911966284325,-0.00248745757723283
0.145172066794043,-0.943440566939408,-0.0738110021509869,-0.129708319691795,0.000317102524467,-0.0246545862873751,-0.00247992425653243
0.182948786041569,-0.951807836503217,-0.0741864946569702,-0.123260016939633,0.000115652539946403,-0.0263156668872617,-0.00241422183379601
0.220123473486334,-0.958042508149496,-0.0746743147712499,-0.116968574404941,-2.56715726352801e-05,-0.0278841621064734,-0.0022859109412476
0.256626938441618,-0.962081413600104,-0.0752837853814001,-0.110895315953622,-0.000111561428831164,-0.0293498499783651,-0.00209219483661331
0.292381263993206,-0.963887967777124,-0.0760192857976338,-0.10509523245836,-0.000148459773184999,-0.0307038062261881,-0.00183232907200666
0.327294821921412,-0.963451384678665,-0.0768789945902588,-0.0996171884762985,-0.000144475345004723,-0.0319387637092939,-0.00150795712802277
0.361260437786724,-0.960783670929825,-0.0778544116224854,-0.0945030621459648,-0.000109144932475109,-0.0330492727678561,-0.00112333591600065
0.394157655696046,-0.955915284435829,-0.0789308502387856,-0.0897854248252571,-5.30207005654715e-05,-0.0340316201393719,-0.000685429074163183
0.425859224317162,-0.948890544074176,-0.080088885628226,-0.0854836366292799,1.29268885158544e-05,-0.0348835037758501,-0.000203861146314093
0.456240913311921,-0.939763822179551,-0.081306531649346,-0.0815986758506878,7.80809321729633e-05,-0.0356035073577017,0.000309261548441069
0.485192933811363,-0.92859746156554,-0.0825617697254219,-0.0781075992807031,0.000133086810758356,-0.0361904709708634,0.000839652551177055
0.512630463629833,-0.915461412126999,-0.083834935456821,-0.0749590443199603,0.000170822442192904,-0.0366428726663564,0.00137126466052398
0.538500727906353,-0.900434177869877,-0.0851104975682684,-0.0720715927189866,0.000187311082990257,-0.0369583562762302,0.00188683526178801
0.56278410149194,-0.883603285416665,-0.0863777924011759,-0.0693367346767251,0.000182417195840395,-0.0371334967898344,0.00236857683780791
0.585488323836763,-0.865064404518416,-0.0876305615502826,-0.0666276724259983,0.000160146074523528,-0.0371639017774501,0.00279902960553922
0.606635752338572,-0.844917085148711,-0.0888652662642608,-0.0638137699540249,0.000128391721119329,-0.0370446311847865,0.00316206286903166
0.626246398674204,-0.823257605747431,-0.0900785995805149,-0.0607787940216845,9.80637221062015e-05,-0.0367709120879715,0.00344395871402292
0.644320423993253,-0.800169488031398,-0.0912647709980114,-0.05743924765332,8.16676043191369e-05,-0.0363390054062255,0.00363444392201508
0.660825052273543,-0.775714436818473,-0.092413366892127,-0.0537583331577228,9.15743240978211e-05,-0.035747075824432,0.00372749509627792
0.675689552575503,-0.749926256477487,-0.0935084217552295,-0.0497517089269949,0.000138324733199799,-0.0349958794823483,0.00372175048501631
0.688809735299509,-0.722809860982923,-0.0945290091325787,-0.0454834108055869,0.000229315411052692,-0.0340891310389663,0.0036204354662731
0.700060642996316,-0.694346112874075,-0.0954512105374047,-0.0410531817031273,0.000368094589724994,-0.0330334952934082,0.00343082033438895
0.709313360833184,-0.66450092685897,-0.0962508513080016,-0.0365787166095338,0.000554314542476685,-0.0318382108099939,0.00316332858792286
0.716451885457694,-0.63323679765386,-0.0969063264738825,-0.0321772671753094,0.000784220494727015,-0.030514465742171,0.0028304733708966
0.721386066675775,-0.600523852666022,-0.09740082753195,-0.0279503283413245,0.00105146565504514,-0.0290746421938386,0.00244579236286345
0.724058694971713,-0.566348508461051,-0.0977235934373476,-0.0239735610394172,0.00134803755623826,-0.0275315596338863,0.00202290870765177
0.724447205110618,-0.530719253412658,-0.0978701957764785,-0.0202924044922164,0.00166513426135836,-0.0258978398950707,0.00157478930213352
0.722560305261609,-0.493668685671312,-0.0978419108765723,-0.0169224677024774,0.00199389824770037,-0.0241854112369624,0.00111321529881615
0.718432298485862,-0.455253209438067,-0.0976446121428874,-0.0138532561018507,0.00232597600748387,-0.0224052091840523,0.00064845466017317
0.712115794949591,-0.415550386558877,-0.0972873582708898,-0.0110536271294978,0.00265390484936233,-0.0205670214016561,0.000189104291043832
0.703675329121169,-0.374655659721236,-0.0967810985647629,-0.00847773822027374,0.00297134806008968,-0.0186794897077459,-0.000257928345547918
0.693181559719024,-0.332678313158083,-0.0961375165737451,-0.00607058481347157,0.00327319830230539,-0.0167501926507645,-0.00068733731300711
0.680707074304248,-0.289737644794814,-0.0953681911116775,-0.00377269274424343,0.00355557166970939,-0.0147857966142804,-0.00109524920909725
0.666324233665732,-0.245959811065246,-0.0944841506434997,-0.00152384014171535,0.00381571353188723,-0.0127922531774573,-0.00147899655124585
0.650103323349161,-0.201474671228619,-0.0934955744557148,0.000734149161167612,0.00405182835511408,-0.0107749785015919,-0.00183685251282476
0.632112591227116,-0.15641359586954,-0.092411833674277,0.00305532239701202,0.00426286047616998,-0.00873904442977986,-0.00216774521067804
0.612418885136437,-0.110907606288582,-0.0912416596416657,0.00548802899539697,0.00444824220374071,-0.00668934089054614,-0.00247096703211784
0.591087510424955,-0.0650854533096282,-0.0899931988212115,0.00807369696129346,0.00460762311454312,-0.00463068593251613,-0.00274588928623395
0.568183839883672,-0.0190723547693425,-0.0886742806455926,0.0108458061917702,0.00474061830709092,-0.00256792311447218,-0.00299170246921401
0.543773030994069,0.0270116710928183,-0.0872923365248589,0.0138290271454421,0.00484657428898561,-0.000505951394916306,-0.00320718327316325
0.51792090771826,0.0730531984009017,-0.0858544013159561,0.0170385422425863,0.00492439361139256,0.00155027124551447,-0.00339051052526519
0.490693449217896,0.118946885528923,-0.0843668116670301,0.0204796288726769,0.00497241872117703,0.00359577261311486,-0.0035391306075047
0.462156986010181,0.164596723532508,-0.0828349437167579,0.0241476500655809,0.00498840802680066,0.00562563780525712,-0.00364969284308027
0.432378206419953,0.209916908073199,-0.0812628995931605,0.0280285937274126,0.00496961033937339,0.00763510508842313,-0.00371806092395929
0.401424306142008,0.254831924736677,-0.0796532603722531,0.0321002952758731,0.00491294685591243,0.00961966873123358,-0.00373941045143563
0.369363903794328,0.299275563204671,-0.0780070961819566,0.0363344315450518,0.00481530353510374,0.0115751750567315,-0.00370842251880875
0.336268560310481,0.343188449477954,-0.0763242930098745,0.0406992416400012,0.00467391509757181,0.0134978917058733,-0.00361957260062093
0.302215326422418,0.386514116942146,-0.0746043459333968,0.0451628140144793,0.00448681149056981,0.0153845403097747,-0.00346751105942073
0.267289592600852,0.429193334375875,-0.0728475015819507,0.0496965498975217,0.00425326745563126,0.0172322635615218,-0.00324751172119878
0.231588534492168,0.471157591319788,-0.0710562740115955,0.0542783679662809,0.00397419719226638,0.0190385327999325,-0.00295596471346135
0.195224162927058,0.512322278346484,-0.0692370224946231,0.0588950839350891,0.00365242031128041,0.0208009788265215,-0.00259087008182471
0.158325411035426,0.55258084081865,-0.0674013032525964,0.0635435447703232,0.00329274690062925,0.0225171510622891,-0.0021522907504708
0.121038360178912,0.591800953940195,-0.0655665944809618,0.0682303097566171,0.00290185742347438,0.0241842016381014,-0.00164272511940812
0.0835240254307617,0.62982413184492,-0.0637560975748482,0.072970086940557,0.00248800157641874,0.0257985162564681,-0.00106737572867961
0.0459529139197349,0.666468897588818,-0.061997285656179,0.0777834054839259,0.00206057779737373,0.0273552824991609,-0.000434303078756073
0.00849626497998337,0.701538108320906,-0.0603191628055586,0.0826943672740904,0.00162969301061464,0.0288480359761795,0.000245524503050236
-0.028685945730712,0.734830050621557,-0.0587483242855871,0.0877293010023788,0.00120580119496338,0.0302682239495252,0.000958268454135726
-0.0654595506152548,0.766152718148281,-0.0573041698958917,0.0929169297949267,0.000799487891077918,0.0316048639589024,0.00168733233409369
-0.101731861709861,0.79533989487265,-0.0559938645133312,0.0982901273156453,0.000421398059963818,0.0328443941774003,0.00241355583550342
-0.137466064958482,0.822267897657851,-0.0548080157378185,0.103888755255582,8.22128003060063e-05,0.033970872938733,0.00311552992173096
-0.172690872377032,0.846870025871866,-0.0537182340721717,0.109762245533466,-0.000207515974787168,0.0349666447510893,0.00377010951965931
-0.207501192000125,0.869145863291153,-0.0526779382387033,0.115970172449623,-0.000437911907782845,0.03581358104729,0.00435322776353202
-0.242045754311012,0.889161613207691,-0.0516274494198943,0.122578949803238,-0.000600891147783252,0.0364948628750766,0.00484110648723997
-0.27649966954513,0.907038643114735,-0.0505035490710409,0.129653564092635,-0.000691844346801372,0.0369970960277214,0.00521188639881463
-0.311024070359352,0.922929644074521,-0.049252155453186,0.137244858889687,-0.000711558688096487,0.0373123304610572,0.0054475535085786
-0.345720644821369,0.936986197816986,-0.0478411329950777,0.145375055469843,-0.00066773794588908,0.0374394427419073,0.00553585575417594
-0.380593204221086,0.949325343186003,-0.0462693013427532,0.154025752385868,-0.000575374047040476,0.0373843921672518,0.0054717719123984
-0.41552866131861,0.960004984435207,-0.0445683949932556,0.163132606821741,-0.000455489933787165,0.0371591706461175,0.00525812771107454
-0.450304011462401,0.969015255496413,-0.042796997060815,0.172588619688627,-0.00033235017735244,0.0367796564283832,0.00490517481470791
-0.484617074501736,0.976288288874577,-0.041028412847608,0.182254773448505,-0.000229827479550875,0.0362629500622224,0.00442927491272585
-0.518130679451913,0.981722278163243,-0.039336389720421,0.191974147686311,-0.000167890072434326,0.0356248500549348,0.00385107526933959
-0.550517002766329,0.985211823619953,-0.0377827322906753,0.201585096365711,-0.000160028411145231,0.0348779755086683,0.0031936163532087
-0.58149148208597,0.986676530999268,-0.036409480596815,0.210930533848363,-0.00021202563657305,0.0340307850639649,0.00248069275294263
-0.610831172742675,0.98608188707925,-0.0352363775345213,0.219862523346294,-0.00032204820255391,0.033087479183786,0.00173559956531793
-0.638377859280583,0.983449724630373,-0.0342628089263261,0.228243156322795,-0.000481755497493363,0.0320486149681727,0.000980247628988898
-0.664029561090968,0.978858181859837,-0.0334726154746014,0.235943507005915,-0.000678025850617409,0.0309121913033327,0.000234561841466023
-0.687725588540912,0.972433361163582,-0.0328401017333503,0.24284252790692,-0.00089491747170059,0.0296749787681587,-0.000483924376326381
-0.709429336333007,0.964334754219136,-0.0323358490179709,0.248826999215389,-0.00111556306287808,0.0283338661231064,-0.00116033823801032
-0.729112579125779,0.954737840486907,-0.0319314485648234,0.253793182015031,-0.00132379430675042,0.0268870747701669,-0.00178262578284421
-0.746743290453919,0.943816341941503,-0.0316027057852765,0.257649989488451,-0.00150538420962624,0.0253351112053375,-0.00234160468752425
-0.762277773716448,0.931726151416387,-0.0313312437777151,0.260322957075559,-0.00164887102759568,0.0236813722619465,-0.00283090844861409
-0.775657499721867,0.918593080802615,-0.0311047282699541,0.26175819813341,-0.00174598383188989,0.0219323852122088,-0.00324682218706978
-0.786809592533087,0.904504805728335,-0.0309160621750653,0.261925244006274,-0.00179172322915155,0.020097680563821,-0.00358801741326829
-0.795650339662961,0.889507736475031,-0.0307619938658689,0.260818184451719,-0.00178416892896318,0.0181893679474833,-0.00385520502659573
-0.802090250902892,0.873607972613329,-0.0306415276129899,0.258454675658412,-0.00172408839674896,0.0162214915869667,-0.00405073205861918
-0.806039671859778,0.856775538524394,-0.0305544553200438,0.254872963138055,-0.00161441776238641,0.0142092707381238,-0.00417815318865839
-0.807414161739255,0.838950808815965,-0.0305002098568879,0.250127419579585,-0.00145967861264651,0.0121683250993035,-0.00424180807083767
-0.806138997074238,0.820051869384071,-0.0304771172589824,0.244283256073878,-0.00126538514047128,0.0101139635894744,-0.00424643083212259
-0.802152604493008,0.799981923495255,-0.0304820365761956,0.237411141641896,-0.00103748715799197,0.0080605918299352,-0.00419681231442779
-0.795408970695459,0.778636159462929,-0.0305103175187027,0.229582349406645,-0.000781884821055322,0.0060212646928126,-0.0040975283773787
-0.785879041702579,0.755907627679505,-0.0305559760182102,0.220864790445346,-0.000504040644162311,0.00400738328662997,-0.00395273969361101
-0.773551527325892,0.731692297082536,-0.0306120049640137,0.211320179343376,-0.000208704705489954,0.00202852289194925,-0.00376606450156009
-0.758433211028725,0.705893316589795,-0.0306707463616388,0.201002291019052,0.000100241472201645,9.23641231143268e-05,-0.00354051992297417
-0.74054870561063,0.67842448603593,-0.0307242722491997,0.189956111157249,0.00041982565695184,-0.00179530201533972,-0.00327852417679062
-0.71994006014524,0.649213446318846,-0.0307647643995559,0.17821776246878,0.000747920684829567,-0.00363051928047826,-0.00298195307362139
-0.696665809499987,0.618204305318501,-0.0307848689026744,0.165814869577599,0.00108309147354972,-0.0054110833034064,-0.00265223988575906
-0.670799996194059,0.585360254767709,-0.030778048075422,0.152767319298891,0.00142437299699484,-0.00713644393745713,-0.00229051232659201
-0.642430408459291,0.550665460280833,-0.0307389010798662,0.139088105112513,0.00177100011901754,-0.0088075974762367,-0.00189775529805561
-0.611656968234578,0.514126978221068,-0.0306634906317957,0.124784445551393,0.00212211214749012,-0.0104269722596878,-0.00147499604905426
-0.57858965430408,0.475775952493929,-0.030549639843607,0.109859053441676,0.00247645369741786,-0.0119982993371464,-0.00102350272399883
-0.543346196149122,0.435668039127671,-0.0303971872621314,0.0943117184133029,0.00283209428309186,-0.0135264565706901,-0.000544991807289241
-0.506050527071768,0.393883538118189,-0.030208215776703,0.0781415575962734,0.00318619357763736,-0.0150172864279345,-4.1841646325644e-05
-0.466830593141984,0.350525576894051,-0.0299871386242747,0.0613498255243408,0.00353483289837396,-0.0164773426796552,0.00048269643534085
-0.425818105686058,0.305717931150223,-0.0297407200635484,0.0439439432212733,0.00387295152189827,-0.017913593594543,0.00102429047652925
-0.383147774464898,0.2595998395693,-0.0294778295507653,0.0259423943350105,0.00419440442441069,-0.0193329958381724,0.00157733344761577
-0.338959479804606,0.212319874536275,-0.0292090629583323,0.00738099319425261,0.00449218931007112,-0.0207420058729873,0.00213476922051734
-0.293400338508992,0.164026163081355,-0.0289460025075442,-0.0116802282387401,0.00475883910974192,-0.0221459113168544,0.00268794845930999
-0.246630253045908,0.114855440969627,-0.0287003408825512,-0.0311497296647245,0.00498701502549206,-0.0235481105338972,0.00322653596415595
-0.198827511772483,0.0649193761318856,-0.0284827001517811,-0.0508981788494046,0.00517024338647697,-0.0249492200694633,0.00373848150487189
-0.150196691601267,0.0142915348262401,-0.0283015061509263,-0.0707546010410417,0.00530376885379945,-0.0263462242962888,0.00421009893633757
-0.100975841085963,-0.0370037036560456,-0.0281619929688215,-0.090507031031611,0.00538539837485127,-0.0277316881918623,0.00462628910650237
-0.0514415453603184,-0.0889966417453841,-0.0280656580850583,-0.109909671132447,0.00541619732652375,-0.0290932442189265,0.00497096566796368
-0.00190925906154039,-0.141768838720112,-0.0280104353218751,-0.128698042398204,0.00540086965984224,-0.0304135838347219,0.00522774262174202
0.0472739781609458,-0.195438248207707,-0.0279916444371988,-0.146611818720946,0.00534765110382408,-0.0316710861192745,0.00538090295553149
0.0957453906381421,-0.250132436049969,-0.0280036631280268,-0.163422855892766,0.00526763947812483,-0.0328412285828294,0.00541662201520232
0.143149718577088,-0.305952562599853,-0.0280418810190522,-0.178962911170135,0.00517360709061225,-0.0338986451555146,0.00532431093650363
0.189165570374485,-0.362934796892844,-0.0281043913162734,-0.193144301030944,0.00507853386456454,-0.0348195944347032,0.00509787657222161
