-0.667163279291907,0.000606460850419336,0.00529334494523245
-0.998284091115546,0.00173839963421901,0.0156614009091548
-1.32644029982395,0.00373591976049603,0.0341361533825514
-1.6505821278962,0.00684870120524173,0.0624251152541251
-1.96959036784775,0.0113305254027794,0.10170215945731
-2.28226132485773,0.0174252455821074,0.152559776518405
-2.58730197771477,0.0253446593320128,0.215034333973762
-2.88333915289334,0.0352359835777899,0.288711216050461
-3.16894350115389,0.0471361094835506,0.372892599854227
-3.11282189386629,0.0541375812683876,0.41040870521334
-3.04739467849477,0.0610011048835566,0.438067086287858
-2.97306926864728,0.0675752272658951,0.457017683856476
-2.89021168166186,0.0737172849782413,0.468650242923228
-2.79918645487689,0.079278523663506,0.474466380246207
-2.70022750047828,0.0840812953802653,0.475959556472523
-2.59355868624401,0.0879058785090667,0.474540492229638
-2.47925840883379,0.0904817227683229,0.471393403346744
-2.35749687688509,0.0915090524117009,0.467372185830756
-2.2283506206414,0.090686855638182,0.46280437883673
-2.0922311420638,0.0877792266819673,0.45745375535598
-1.94947344117728,0.0826515352200292,0.450395245961867
-1.8010626272962,0.0753387771178527,0.440276400774023
-1.64760513288529,0.0660095422188581,0.425310855554043
-1.4907123675885,0.0549979915246993,0.403961551759057
-1.33073291614933,0.0426527763268771,0.374690155414015
-1.16969905793743,0.0293893540650332,0.337045760703821
-1.00697688093121,0.0154710841668846,0.290544113114433
-0.844798632598839,0.00115325367284637,0.236301713688348
-0.681630611312717,-0.0135048988724296,0.17492240988978
-0.519131078687043,-0.0284984172759309,0.108427342815346
-0.356307888408853,-0.0439082734371272,0.0383743506737413
-0.193442669748984,-0.0598791689026801,-0.0331596093792832
-0.03037850599457,-0.0765569179318307,-0.104118541517822
0.132924553734845,-0.0940732577380005,-0.172396592902373
0.296418992167169,-0.112511529895819,-0.235905339477935
0.459944092330132,-0.13187821218208,-0.292652381989315
0.623196467483861,-0.152077979791849,-0.340856501138971
0.785696988795702,-0.172900541577483,-0.379107186488926
0.946776820013927,-0.194028451426064,-0.406557635209416
1.10559597732391,-0.21506918610376,-0.423104298794388
1.26119695642332,-0.23560696587647,-0.4294834198992
1.41258808656149,-0.255259872246826,-0.427219384384223
1.55884036809964,-0.273720245516302,-0.418397806809096
1.69917177128533,-0.290759283725899,-0.405300338557038
1.83299460756096,-0.306192606080682,-0.389998757062145
1.95991651801615,-0.319826254974948,-0.374025621247888
2.07969860937072,-0.331413843554097,-0.358202122761425
2.19219040489998,-0.340649067487048,-0.342636943270614
2.29726316059045,-0.347195812758373,-0.326849704262655
2.39476244926082,-0.350738716738384,-0.309948674359007
2.48448922562643,-0.351030941275398,-0.290803354380262
2.56620973590896,-0.347924592755569,-0.268183574479333
2.63968370170659,-0.341381688835766,-0.2408682017623
2.70469764141668,-0.331472052793715,-0.207748090180705
2.76109163697255,-0.318365449008844,-0.16795348442046
2.80876892847227,-0.302320765990396,-0.121023695671048
2.84768995892314,-0.283671053252485,-0.0671082599757466
2.87785192543047,-0.262800234372073,-0.00714952067880464
2.89926794550031,-0.240110583516847,0.0570339430215558
2.91195405221467,-0.215984908403762,0.122841872983473
2.9159331645133,-0.190753358384526,0.187191912414482
2.91125310300453,-0.164675011231776,0.246965011575378
2.89800952190104,-0.13793856905346,0.299465679583231
2.87635994548908,-0.110678450742024,0.342758176813279
2.84652528270706,-0.0829962950020405,0.375802111721828
2.80877565799,-0.0549789273196423,0.398397718491077
2.76341048140273,-0.0267079426498158,0.411012618809444
2.71073474513176,0.00173948749703422,0.414573021936135
2.65103901308449,0.0302959445650205,0.410279613288554
2.58458042577116,0.0589119125014186,0.399472227814166
2.51156857228359,0.087563330267014,0.383540171585529
2.43215425628611,0.116255472238211,0.36385874427386
2.34642885336305,0.145020525569875,0.341730757139763
2.25443469535847,0.173906918843815,0.318316095035359
2.15619497988048,0.202960205617025,0.29454492253771
2.05175905714339,0.232197369265658,0.27102239690349
1.94126363229593,0.261579963173106,0.2479476289755
1.82498854480782,0.290992973385546,0.225075447810191
1.70339893819152,0.320238383455458,0.201750218041545
1.57714620527411,0.349047737910017,0.177022607324715
1.44702567903649,0.377113667912307,0.149836754093417
1.31389807183329,0.404132897836862,0.119248362920477
1.1785927987854,0.429847971456698,0.0846208930677307
1.04182387571511,0.454076906519823,0.0457559357225073
0.904138214522131,0.476724482485112,0.00293812511315323
0.765903580293679,0.497775800473502,-0.0430964441877163
0.627329896823608,0.517277348457579,-0.0912402769189401
0.488512249609356,0.535312936655335,-0.140110768489936
0.349481655513026,0.55197950273847,-0.188138809615071
0.210255102664872,0.567365571161471,-0.233639729530533
0.0708814746605045,0.58153279622346,-0.274870686993916
-0.0685156189906281,0.594500822650814,-0.31008939956222
-0.20769638852589,0.606236608118868,-0.337634355617642
-0.346265315925968,0.616651364258455,-0.356044364908537
-0.483638748515455,0.625610713362843,-0.364223590709995
-0.619029618331754,0.632962518471291,-0.361635301973135
-0.751460680015725,0.638584291501971,-0.348479592498803
-0.879811717061201,0.642443457282312,-0.325787495438806
-1.00289430161344,0.644656419299045,-0.295366681075137
-1.11953337745179,0.645527092332307,-0.259572167966776
-1.22862904386957,0.645548966917689,-0.220941473283046
-1.32918039021685,0.645364019586518,-0.181793123207554
-1.42027405677786,0.645680632427319,-0.143903699431958
-1.50106497611245,0.647156399792498,-0.108341351576369
-1.57078888590889,0.650249633084016,-0.075467369495337
-1.62884308191061,0.655048948781058,-0.0450618240746864
-1.67494385521024,0.661109960573714,-0.0165068600463951
-1.70932282565236,0.667359176888359,0.0110294220840778
-1.73287374006278,0.67213871525525,0.038440611799493
-1.74714804115006,0.67342988063619,0.0665670256115252
-1.75415433642284,0.669209973463456,0.0961043174876641
-1.75601980687505,0.657819132213684,0.127513226702519
-1.7546465865538,0.638208524823685,0.160914906360257
-1.75148288894419,0.6100107116104,0.195978571174541
-1.74744720199552,0.573456815682548,0.231835552882503
-1.74297440105189,0.52921127300633,0.267070187003867
-1.73812480690471,0.478190941013179,0.299827731004365
-1.73270876950682,0.421409505268202,0.328041464643403
-1.72640141433679,0.359863815152987,0.349732005508507
-1.71883424116152,0.294462827022024,0.363298469378193
-1.70966012188803,0.225993121335088,0.367725105203158
-1.69859059026332,0.155111044737595,0.362663486165347
-1.68540954962469,0.0823512598046241,0.348397541232673
-1.66996951634532,0.0081426841542567,0.325731099816951
-1.65217823208708,-0.0671744739299657,0.295845918779923
-1.63198017936804,-0.143334164469604,0.260166474452011
-1.60933840702986,-0.220133162517433,0.220249665142302
-1.58421812395834,-0.29742185838596,0.177700222834634
-1.55657432118359,-0.375094705786151,0.134102599441241
-1.52634567603204,-0.453077494807004,0.0909566964563017
-1.49345594629852,-0.531308899980557,0.0496070960177125
-1.45782552878121,-0.609715529114497,0.0111624833734199
-1.41939366956903,-0.688182224119138,-0.023588738691893
-1.37814805387675,-0.766522099642088,-0.0542507356656819
-1.33415844141388,-0.844454341420106,-0.0808572983103807
-1.28760264817661,-0.921596727720009,-0.103851013480166
-1.23877948385988,-0.997479344952617,-0.123992034075698
-1.18810098548136,-1.07157800657668,-0.142203710446968
-1.13606594113516,-1.14335995382739,-0.159384001399047
-1.08322279977197,-1.21232934038581,-0.176224974857875
-1.03013367854983,-1.27806005026557,-0.193080226796478
-0.977348566127028,-1.34020693070327,-0.209902612370231
-0.925396034305223,-1.39849573801536,-0.226251871915239
-0.874788414706947,-1.45269565529186,-0.241353538468189
-0.826035715393584,-1.50258138768107,-0.254183983200832
-0.779660143693714,-1.54789121051322,-0.263560785414087
-0.736202131970519,-1.58828557283705,-0.268228304800364
-0.69620753717256,-1.62330922231417,-0.266939823592043
-0.660185340411577,-1.6523625294472,-0.258546012040608
-0.628524266508112,-1.67468981269854,-0.242101313401217
-0.601363322675783,-1.68939988112506,-0.216995087251493
-0.578426793957402,-1.69553476099797,-0.183102477875502
-0.558864758191419,-1.69219808394805,-0.140934827626916
-0.541172857424082,-1.67873421593375,-0.0917540962368644
-0.523271157904194,-1.6549133338725,-0.0376041139394332
-0.502775134549415,-1.62105199574921,0.0187902437483406
-0.477397120390964,-1.57800115660873,0.0742863928546251
-0.445340239773378,-1.5269866580081,0.125729498743848
-0.405548281335769,-1.46935369201631,0.170408631704579
-0.357753259001083,-1.40630922983315,0.206426989462438
-0.302352331020224,-1.33874550854651,0.232875666462291
-0.240194186938432,-1.2671810302457,0.249789032111285
-0.172353278967868,-1.19180319790866,0.257949343826619
-0.0999420492389626,-1.11256930290629,0.258644756304506
-0.0239793771018695,-1.02932091753109,0.253461755330517
0.0546876387470233,-0.941883325654956,0.244141710565959
0.135419441917103,-0.850140707705534,0.23248502792946
0.217786896039425,-0.754089187798971,0.220261820070913
0.301545686907414,-0.653873460725158,0.209087895003048
0.386582970882853,-0.549809659978941,0.200245088110366
0.472838287669785,-0.442392272420907,0.19446003579
0.560207868814908,-0.332278854147643,0.191695494097846
0.648452523278529,-0.22024812857966,0.191037482965963
0.737137114974851,-0.107133357573404,0.190758020131849
0.825626872979799,0.00625699610563255,0.188584828774142
0.913147995441138,0.119212400779896,0.182128570956694
0.99889375123943,0.231168989430041,0.169346715906369
1.0821386936143,0.341724275488518,0.148906447750388
1.1623238795834,0.450620407020826,0.12035794752354
1.23909318443762,0.557707194125882,0.0841110266307567
1.31228288123584,0.662899612567503,0.0412745519028879
1.38188099116782,0.766141550146055,-0.00655775013923115
1.44797472283958,0.867382436326964,-0.0575057461567866
1.51069983973218,0.966569193356618,-0.109548221632408
1.5701977109808,1.06365149258585,-0.160609546173742
1.62657900111555,1.15859499839845,-0.208604857947569
1.67989126028421,1.25139551738445,-0.251473362598071
1.73008731429895,1.34208444265416,-0.287232886474601
1.77699722065362,1.43071778400719,-0.314084581315359
1.82031047687393,1.51734206151637,-0.330582450236908
1.85958065296974,1.60193801312216,-0.335857123652097
1.89426139612969,1.68435051887554,-0.329847742656299
1.92377680172973,1.7642255834624,-0.31346229943101
1.94761288085439,1.84098040975762,-0.288575495250089
1.96540337707969,1.9138286327405,-0.257806917462439
1.97698012501947,1.98186499080271,-0.224101320435165
1.98236781881665,2.0441856875054,-0.190221291701941
1.98172949680922,2.10000643684675,-0.158306739376554
1.97528599858111,2.14874028623529,-0.129622770397876
1.96323919645446,2.19001868417183,-0.104530796806588
1.94572169649556,2.2236645526407,-0.0826314830481909
1.92277898412245,2.24963660086726,-0.0629856557451743
1.89438314336828,2.2679680675899,-0.0443277002287169
1.86046625793804,2.27870741839156,-0.025224378931563
1.82096938195073,2.28186824338687,-0.00417650209939033
1.77589651152993,2.27738233771579,0.0203054269536245
1.72537229545288,2.26506254954232,0.0496043413442082
1.66969278604443,2.24457970613478,0.0848363111380727
1.60936164960874,2.21547324953643,0.126612533940274
1.54509347241087,2.17720689206188,0.174757035382539
1.47777126092418,2.12927603814481,0.228067398766364
1.4083496745604,2.07134638726446,0.284236414793531
1.33771647563766,2.00338519783103,0.340028200520135
1.26654444667259,1.92573915738811,0.391714238185153
1.19517711839783,1.83912968441076,0.435661045194725
1.12358662600799,1.74457137292248,0.468891187386887
1.05141522933963,1.64324144925519,0.489456413033478
0.978086187393195,1.53634071234924,0.49655252374668
0.902946404937686,1.42497499734677,0.490407125571437
0.825399787467078,1.31007565169994,0.472035002482528
0.744998357892512,1.19236317311816,0.442964479989228
0.661477568046205,1.07235106263161,0.405010337082971
0.574738220190819,0.950378090941477,0.360125621681952
0.48479157671413,0.82665886912719,0.310328476445048
0.391686810189247,0.701341497703707,0.257674395627699
0.295441153194981,0.574567238563382,0.204234787406284
0.195989271683969,0.4465274414821,0.152042981227545
0.0931673386113882,0.317515762270191,0.102980819458067
-0.0132581772732252,0.187968770130121,0.058598090553783
-0.123513057439337,0.0584872890795236,0.0198869219665012
-0.237699614106052,-0.0701724513726572,-0.0129339680930119
-0.355671207872835,-0.197145582723556,-0.0405440744513275
-0.47694097855744,-0.321542189250815,-0.0644745706448329
-0.600668238339624,-0.442550809134825,-0.086852350852621
-0.725740936304775,-0.55953117853309,-0.109975278173606
-0.850932599752231,-0.672064041163301,-0.135836272175444
-0.975080214426929,-0.779941799361816,-0.165740279829305
-1.09722497703079,-0.88310741602188,-0.200114151816045
-1.21668321340127,-0.981567959248727,-0.238524444873196
-1.33304514762589,-1.07531075259099,-0.279843731329967
-1.44612435890254,-1.16424405822731,-0.3224761384557
-1.55588393225242,-1.24817095809968,-0.364564939833553
-1.66235898688918,-1.32679688222043,-0.404139261523556
-1.76558612670894,-1.39976835338632,-0.439193438112616
-1.86553603969747,-1.46673444132055,-0.467719460339269
-1.9620510924998,-1.52742801609909,-0.487732681196878
-2.05478585471298,-1.58175479748616,-0.497336763767567
-2.14315979606838,-1.62987431505982,-0.494868739124643
-2.22634199774921,-1.6722499921633,-0.479141194282918
-2.30328669709128,-1.70963778129972,-0.449752348614176
-2.37283669783965,-1.74299601085371,-0.407379225591424
-2.43388116401601,-1.77331924700188,-0.353926019981489
-2.48552865407482,-1.8014391324105,-0.292412588312365
-2.52723344066214,-1.82785876643808,-0.226571169020101
-2.55883040099908,-1.85268581624323,-0.160245652219862
-2.58046754914888,-1.87568355462246,-0.0967798324038177
-2.59247604240406,-1.89641021677452,-0.038581060275179
-2.59522945165051,-1.91437868409439,0.013045353321221
-2.58904317850531,-1.92918044451466,0.0578122608740794
-2.57412648090666,-1.94054084074581,0.0962169473002664
-2.55058678201276,-1.94831430422133,0.129270884577359
-2.51846115727576,-1.95243733742958,0.158271980633327
-2.47776027096208,-1.95286663968724,0.184647372489958
-2.42851036972183,-1.94951904158051,0.209851377080901
-2.37078894929958,-1.94222559144749,0.235279161183565
-2.30475517553364,-1.93070980080447,0.262154095873595
-2.23067437141544,-1.91459695348617,0.291363360644047
-2.14893733801044,-1.89346143464834,0.323249362229401
-2.06007047316285,-1.86690988853364,0.357404903918917
-1.9647306131444,-1.83468438526882,0.392552581634151
-1.86367980409734,-1.79675554306859,0.426591847610347
-1.75773891241638,-1.75336906813144,0.456854442918548
-1.64772671644907,-1.70502158272807,0.480529406640497
-1.53439723965277,-1.65236911075971,0.495141691564288
-1.41839052091292,-1.59610074548266,0.498942053447551
-1.30020835917126,-1.53682249007783,0.491108476200903
-1.1802157771234,-1.47498321766523,0.471741396320477
-1.05866269067102,-1.41085389506718,0.44170863767859
-0.935713398812246,-1.34454867815408,0.402425630367064
-0.811473152549412,-1.27606916600348,0.355645227796329
-0.686004723076893,-1.20535455744118,0.303298261549038
-0.559333994427222,-1.13232819615467,0.247392663914449
-0.431447901959977,-1.05693681467332,0.189955326884132
-0.302292074284625,-0.97918302069695,0.132989632785286
-0.17177686340826,-0.899152305007696,0.078419927048267
-0.0398009839389878,-0.817034606972539,0.0280005723856024
0.0937017775392161,-0.733137722421335,-0.0168197459647326
0.228694351317178,-0.64788713105139,-0.0550678744587782
0.364958132831116,-0.561806472657155,-0.0864149185143297
0.502027361222908,-0.475475192967464,-0.111286962106608
0.639163687502479,-0.389467252724388,-0.130855131773021
0.77539221072223,-0.304285360735336,-0.146866108420548
0.909599672384518,-0.220310089483999,-0.161327627166958
1.04067075565952,-0.137781501066233,-0.176125036840905
1.16761957380451,-0.0568171486408779,-0.192678227758466
1.2896780343401,0.0225430854361917,-0.211731387594543
1.40632152589565,0.100284337778062,-0.233310293669989
1.51723872055449,0.176374000495746,-0.256819394489664
1.6222684756902,0.250739528173225,-0.281214564269343
1.72132865504274,0.323269250673543,-0.305185882730926
1.81435654287253,0.39383295919476,-0.327307322403741
1.90126741953734,0.462315751662763,-0.346138962169128
1.98193103086832,0.528657013926388,-0.360291799621092
2.05616240534088,0.592885397988779,-0.36847964227464
2.12372200883852,0.655139510012115,-0.369585639474281
2.18432534436724,0.715665162702109,-0.362763996202637
2.2376608725903,0.774782558539597,-0.34757928855363
2.28342003562538,0.832825355053378,-0.32416177079657
2.32133643332483,0.890063082855704,-0.293331411164052
2.35123177319984,0.946630337528734,-0.256630926583237
2.37305768012536,1.00248848833739,-0.216218800070243
2.38692746225039,1.05743904895754,-0.174614672225254
2.39312854047735,1.1111847862471,-0.134345640313223
2.39211671993258,1.16341365766304,-0.0975864620585158
2.38449312118892,1.21386840161995,-0.0658895073356363
2.37096654209216,1.26237432117931,-0.0400602912184934
2.35230289193217,1.30882039458651,-0.020176156695778
2.32926473747307,1.35311045514066,-0.00570227551952177
2.30254554703868,1.39510905472833,0.00435304275343733
2.27270817322218,1.43460269356285,0.0112879616145051
2.24013596813372,1.47128448823932,0.0165815605479536
2.20500310220326,1.50475960005319,0.0217908660702554
2.16726921133831,1.53456430068406,0.0284543321012949
2.12669776930221,1.56019007825847,0.0379813282017318
2.08289906594776,1.58111062208051,0.051512924128096
2.03539189940236,1.59681144864192,0.0697548074890533
1.98367964412901,1.60682778781756,0.0928068032009874
1.927329195158,1.61079253765687,0.120037611759324
1.86603750183373,1.6084894469253,0.150064696062469
1.79967108969283,1.59989931620686,0.180883559824353
1.72826738384549,1.58522110160173,0.210144663003506
1.65199922074747,1.56485542275412,0.235518054442137
1.57111682268452,1.53935141602725,0.255047822067866
1.48588643366393,1.50933060054776,0.267404138335259
1.39654359589735,1.47540985091102,0.271986246366229
1.30326798436249,1.43814116912047,0.268886111447668
1.20617906535447,1.39797882949546,0.258761691276646
1.10534502362901,1.35527381285144,0.242678155778039
1.00079746236247,1.31028986007317,0.221961908448643
0.892547731056122,1.26323390363819,0.198088978418596
0.780603165986175,1.21429235622503,0.172606784430737
0.664985913753606,1.16366725061208,0.147073293455533
0.545757218086114,1.11160575580134,0.122990904974135
0.423049052396756,1.05841700435691,0.101714922375446
0.297101486346214,1.0044709253257,0.0843276133285483
0.168298634481794,0.950175430075112,0.0714872595517456
0.0371913742738031,0.895933356460439,0.063283620486368
-0.0955064600097147,0.84208783066984,0.0591487130896367
-0.228957111955196,0.7888710375379,0.0578735647652942
-0.362270379242702,0.736374867121629,0.0577593916548593
-0.494591423581262,0.684555487559173,0.0568879727898755
-0.625180268821999,0.633271915027468,0.0534494023287935
-0.753461049018136,0.582345546719706,0.0460410670136771
-0.879031408270213,0.531620400413545,0.0338642178025578
-1.00163792205726,0.481007114146613,0.0167864674806559
-1.12113262582801,0.430502152457003,-0.00471415040404647
-1.2374281600511,0.380183976271567,-0.029677343654939
-1.35046332932556,0.330192679807803,-0.056809451126087
-1.46018433565244,0.280701064200007,-0.0846155290044904
-1.56654019669748,0.231883283148406,-0.111499115445507
-1.66948734264827,0.183885406594557,-0.135834605170493
-1.76899472851988,0.136800807732337,-0.156030824403017
-1.86504232441294,0.0906538583674475,-0.170609479371799
-1.95760596254904,0.0453957736617518,-0.17831776564304
-2.04662645674732,0.000916678664553594,-0.178280506030855
-2.1319665704428,-0.0429241327848298,-0.170174588400622
-2.21336746003345,-0.0862527090192858,-0.154382327874008
-2.29042111553596,-0.129129880887136,-0.132061523567341
-2.36257521108071,-0.171511825641219,-0.105073817597148
-2.42917832286479,-0.213238065829257,-0.0757495248818219
-2.48955645669501,-0.254054342425431,-0.0465281583452234
-2.54309868328368,-0.293663125369364,-0.0195694932787456
-2.58932516267056,-0.331782540129859,0.00355502387415502
-2.62791855094729,-0.368192687503397,0.0220174081859683
-2.65871706003578,-0.402757105020735,0.0357265552720497
-2.68167877502169,-0.435418996854594,0.045206261230089
-2.69683183373093,-0.466180095582336,0.0514243352847332
-2.70422369833035,-0.495072216548793,0.0556267018166976
-2.70387619236879,-0.522129220523519,0.0592015764773684
-2.69575228875555,-0.547364484789955,0.0635708370379381
-2.67973369247472,-0.570755883047106,0.0700879523969907
-2.65562117293318,-0.59224169341479,0.0799185872489467
-2.6231552824198,-0.611727889625184,0.09388969131966
-2.58207312140352,-0.629110218181076,0.112315544333529
-2.53218492889015,-0.644306486668696,0.134836425754602
-2.47347341165179,-0.657296242111934,0.160330284279584
-2.40616505487513,-0.668150586549272,0.186958502289787
-2.33076993206785,-0.677045380866084,0.212379437880629
-2.24803429358939,-0.684240669906798,0.234099725507648
-2.15885301587127,-0.690040296351204,0.249877971986623
-2.0641238971858,-0.69473265418641,0.258061447110035
-1.9646416572873,-0.69854718190491,0.257774707562816
-1.86100747944175,-0.701623564446458,0.248930909097657
-1.75361926924395,-0.704014216717093,0.232112101408514
-1.64268399838038,-0.705698824333758,0.208381896781639
-1.52827264718368,-0.70661531325056,0.17910100484492
-1.41036938189363,-0.706688066329842,0.145780693199429
-1.28892343994292,-0.705855457322695,0.109987558366723
-1.16388900124678,-0.704089957025539,0.0732872167403172
-1.03525952204983,-0.701412169751077,0.0372054878263249
-0.903097881846763,-0.697897662337542,0.0031825040239328
-0.767564915754572,-0.69367634693063,-0.0274993390927342
-0.628944151498057,-0.688923379080718,-0.0538211279767886
-0.487657329465545,-0.683841769345662,-0.0751570255536809
-0.344262644691199,-0.678638920994727,-0.0913980004729268
-0.199428968608435,-0.673502111591703,-0.103024622250327
-0.0538855113264472,-0.668579803633018,-0.111083334861968
0.0916436253298903,-0.663975862684353,-0.117042726310587
0.236503355163632,-0.659759209925015,-0.122547258799359
0.380152187318783,-0.655985762021654,-0.129127556545708
0.522177042182074,-0.652725128877496,-0.137945004961983
0.662279464875327,-0.650083847513366,-0.149632561568713
0.80024361082258,-0.648219990169326,-0.164253393226095
0.935899424051245,-0.647348371667468,-0.181357450237884
1.06909181074313,-0.647738471203474,-0.20009239560303
1.19966061561626,-0.649707076050065,-0.219324179893558
1.32743178560709,-0.653606926487858,-0.237737588453243
1.45221463965337,-0.659809294609176,-0.253907512186791
1.57379943529769,-0.668677902388437,-0.266350996137771
1.69194749336432,-0.680530508486588,-0.273583302245148
1.80636915721087,-0.695587341081713,-0.274206920199649
1.91668700686694,-0.713909348531781,-0.26705661265142
2.02239158046119,-0.735337648021296,-0.251403848905065
2.12280320772543,-0.759451640782255,-0.227188110758685
2.2170628350123,-0.785566656769993,-0.1952015778065
2.30417196219063,-0.812783497776149,-0.157130498076102
2.38308696786908,-0.840083012064484,-0.115381629229291
2.45284857138379,-0.866436977674779,-0.0727028236337569
2.5127074897186,-0.890897130718808,-0.0317048739948668
2.56220725751255,-0.912635700013531,0.00555879158576836
2.60120607918109,-0.930936350651918,0.0378332578948546
2.62984495759527,-0.945156376665612,0.0646942444446538
2.64848498122363,-0.954688108930047,0.0864251357234121
2.65763464019746,-0.958939073689186,0.103826363367444
2.65788046840617,-0.957337072262605,0.118028653949567
2.649822506532,-0.94935367290571,0.130341992791256
2.63401620909354,-0.934535973393032,0.142134702555971
2.61092548554976,-0.912538231665999,0.154715639952061
2.58089514098046,-0.88314922735243,0.169191165066578
2.54415749969029,-0.846316832075561,0.186286390144937
2.50087825744848,-0.80216961787894,0.20615092980678
2.45123991544601,-0.751033527548891,0.228203416035741
2.39553851761259,-0.693434034133803,0.251087519995109
2.33425975304654,-0.630073133953735,0.272798102613947
2.2681001748992,-0.561775273873657,0.29098265123548
2.19791856640589,-0.489408591484071,0.303350719748294
2.12463330657011,-0.413800770725732,0.308073725258722
2.04910521047116,-0.335673047038127,0.304062344825257
1.97204342036327,-0.255607119570288,0.291064939895043
1.89395795933256,-0.174046319822228,0.269602864184182
1.81515980776565,-0.091320284718366,0.240806522609464
1.73579428940178,-0.00767806792313638,0.206224951929201
1.65589275436334,0.0766821778701599,0.167661898492167
1.575429501793,0.161592668545214,0.127060362822761
1.4943804120247,0.246903339533663,0.0864310241707607
1.41278202528523,0.332470888581537,0.0478019280570028
1.33079127983937,0.418140542729029,0.013159076103415
1.24874238332928,0.503712038069481,-0.0156510831809231
1.16718946698471,0.588885455669323,-0.037075089258955
1.08691643036033,0.673191093925782,-0.0500574533425052
1.00889326458244,0.755919654333348,-0.054261647525374
0.934164811772553,0.836079592741075,-0.050240798630405
0.863678933555661,0.912411262283867,-0.0394790938163001
0.798088189468076,0.983475366983211,-0.0242480925377261
0.737579120850106,1.04780763552836,-0.00728243319550828
0.681782132870037,1.10410474247988,0.00864901514855397
0.62978864873779,1.15139226100308,0.0211581425231627
0.58026689111129,1.1891340661425,0.0285318431150288
0.531638403255181,1.21726380125271,0.0298535225324014
0.482269658514042,1.23614535191191,0.024964257556119
0.430640110470571,1.24648435055104,0.0143193136037204
0.375463682204261,1.24921747280744,-0.00119236330146785
0.315755657008881,1.24540249304132,-0.0204106707200188
0.250846868480156,1.23612348828905,-0.042018150432502
0.180353726379581,1.2224200455958,-0.0645993782610591
0.104115400415067,1.20524239485209,-0.086660573750527
0.022112452282782,1.18543074649734,-0.106637393849682
-0.065616018724144,1.16371303805281,-0.12292485956891
-0.159037297761688,1.14071182569817,-0.133961306519665
-0.25815244940773,1.11694909349642,-0.13838659423398
-0.362970995986662,1.09284124230391,-0.135272178672794
-0.4734290003573,1.06868049157481,-0.124387607745031
-0.589265322861789,1.04460986921084,-0.10643209251993
-0.709893170495532,1.02060530855596,-0.0831358984103019
-0.834320807721346,0.996480837008443,-0.0571459579730362
-0.961171640858848,0.97192461121563,-0.031667325790642
-1.08882185034434,0.946560463176623,-0.00992595605911702
-1.21562177672462,0.920017164552799,0.00539629806854387
-1.34012622997508,0.891985691661946,0.0125822257821389
-1.46125720615471,0.862252718267759,0.0110466774418375
-1.57835917441557,0.830708517541624,0.001252146236613
-1.69115722807881,0.797335276611417,-0.0155367186393372
-1.79965811314913,0.762182470727677,-0.037541390130798
-1.90403738048236,0.725334620931584,-0.0627107546290112
-2.00453974903221,0.686874538219902,-0.0888779378543831
-2.10140093560881,0.64684500619958,-0.11384251877173
-2.19478636269616,0.605213513573168,-0.135417640624045
-2.28473898772434,0.561847920334164,-0.15149257443578
-2.37113251527397,0.51651396285614,-0.160155913108663
-2.45363517217758,0.468906305981356,-0.159903166249653
-2.53169801730688,0.418720087819979,-0.149914474949023
-2.60458511039989,0.365757227914821,-0.130337854213988
-2.67145587312606,0.310042596453735,-0.102467987290628
-2.73148852082537,0.251907475566875,-0.0687013762268346
-2.78401137683293,0.191997270107914,-0.0322051072260189
-2.82859586909258,0.13118533402774,0.00364753186297767
-2.86507638154663,0.0704179624302808,0.0359048746541555
-2.89349775765995,0.0105487716193358,0.0625211755945657
-2.91401825149324,-0.0477794087773427,0.0825620696365674
-2.92681178572993,-0.104177385347436,0.0961256971328752
-2.93199816922346,-0.158486444385093,0.104078191950969
-2.92961635115773,-0.210719010765446,0.10773454856433
-2.91963244032287,-0.260992768155279,0.1085859924087
-2.90197132938614,-0.309475709127667,0.108121325988379
-2.87655861140292,-0.356346213045721,0.107742351046079
-2.84335976304848,-0.401763244999645,0.108744349771945
-2.80241370013704,-0.445839486770226,0.112321117848267
-2.75385108919272,-0.488611310533077,0.119553686494182
-2.69789955639829,-0.530005964655168,0.131350931055301
-2.6348674542947,-0.569811945980431,0.148326490539157
-2.56511302262662,-0.607666862698939,0.170623136674419
-2.48899903937941,-0.643077600683381,0.197728170592763
-2.40684913958229,-0.675483324535831,0.228353193786548
-2.31891695207231,-0.704354574784737,0.260456861598971
-2.2253836668982,-0.729303740330143,0.291454665170587
-2.12638315299926,-0.750169317828029,0.318587486775988
-2.02204659956457,-0.767044705766009,0.339348092959649
-1.91254663579064,-0.780244270471965,0.351836154382375
-1.79812715941915,-0.790225788948467,0.354948723729708
-1.67911105778068,-0.797499675686167,0.348386786213222
-1.55589230763449,-0.802553241491767,0.332525954296001
-1.42891538260911,-0.805801876901896,0.308226972414497
-1.29865632738869,-0.807571317677393,0.276656471622791
-1.16559900425471,-0.808099698979795,0.239157461137171
-1.03021562171747,-0.807554919061545,0.1971842093646
-0.892939337156787,-0.806053688736495,0.152289756398818
-0.754137560754951,-0.803682350179157,0.106145111495028
-0.614078005663547,-0.800509701104211,0.060557228531973
-0.472901401034521,-0.796595562666893,0.0174529322301571
-0.330607091350454,-0.791990860089025,-0.0212059805528086
-0.187068363314534,-0.786731212439376,-0.0536013182550108
-0.042091047800241,-0.780825148434814,-0.0783337505095743
0.104480250724219,-0.774239943082952,-0.0947570639906333
0.252624949855348,-0.766888216038615,-0.103280091549883
0.402020078050326,-0.75862228671448,-0.105503333162177
0.551982567715773,-0.74924269136526,-0.104069582381822
0.701522743177923,-0.738523537920318,-0.102202288399982
0.849502838128979,-0.726250645965706,-0.103051041551604
0.994839497431029,-0.712259549549769,-0.109067062379965
1.13667060295522,-0.696460499871222,-0.121613158756796
1.27443481716265,-0.678843055181701,-0.140886322975793
1.40786250490226,-0.659462315243409,-0.166091735430054
1.53691051701794,-0.638413125989002,-0.195735981604879
1.66168224846732,-0.615799798334786,-0.22791715560843
1.78235795499642,-0.591703733229371,-0.260542070366386
1.8991455444719,-0.566150585865951,-0.291457173015774
2.01224659700741,-0.53907768574549,-0.318519049031462
2.12182736707547,-0.510306217851641,-0.339650348425839
2.22798381214408,-0.479527410836588,-0.352929560989181
2.33069901601163,-0.446317463434047,-0.356750585780644
2.42979490446119,-0.410194121878544,-0.350057695931116
2.5248937997988,-0.370719867108277,-0.332617706481379
2.61541012836562,-0.327636568615577,-0.305243136039986
2.70058998266511,-0.28099215060007,-0.269854139944486
2.77960232825955,-0.231206046010856,-0.229292789215922
2.85165903808182,-0.179032911579197,-0.186889274893768
2.91612595652745,-0.125426261162713,-0.145891204904366
2.97258668548511,-0.0713505162619781,-0.108934661873579
3.02084272047013,-0.0176107126667477,-0.0777129401985898
3.06086348604129,0.0352485119980502,-0.0529028581530135
3.09271559935576,0.086962016573271,-0.0343036409188725
3.11649925060874,0.137501468860306,-0.0210853204708579
3.13230924320755,0.187003205879635,-0.0120438244671126
3.14022133383036,0.235693354803353,-0.00579609783384258
3.14029928821416,0.283823970940818,-0.000892624305888892
3.1326120394945,0.331622177666085,0.00414037607317073
3.11725249270745,0.379247831024529,0.0107954735551785
3.0943519888956,0.426754506211716,0.0205723946638417
3.06408461936864,0.474052233097344,0.0349180855794214
3.02666076617918,0.52087738414876,0.0550876786464529
2.98231106219396,0.566782106029105,0.0819198809483838
2.93126676268014,0.611159278446113,0.115558525679486
2.8737464585749,0.653314140010405,0.155197530835989
2.80996062580917,0.692577896184307,0.198959916745759
2.7401358831906,0.728434804353753,0.244013322702249
2.6645514488434,0.760617781762606,0.286955178320149
2.5835686789109,0.789132532956549,0.32438758916976
2.49763491138372,0.814200265459942,0.353506851491528
2.40725865249351,0.836147293273021,0.372521833762139
2.3129655928636,0.855288582185616,0.380799137218091
2.21525439153333,0.871844980307687,0.3787549130465
2.11456188610463,0.885908384900398,0.367597549146187
2.01124170007483,0.897448911234284,0.349041463051581
1.9055481605429,0.906347048030447,0.325073887187416
1.79761972582567,0.912436251699368,0.297802603138984
1.68745799843835,0.915546326830899,0.269367282178051
1.57490643259888,0.91554350625447,0.241871954907699
1.4596407182148,0.912365752504507,0.217290508833205
1.34118823925894,0.906051351102972,0.197308944693263
1.21899335335828,0.896756271096839,0.183096356153494
1.09253515380037,0.884753334960554,0.175039019170904
0.961482748871526,0.870406659157145,0.172518742676941
0.825844165530997,0.854119729637859,0.173845070552183
0.686049599682129,0.836268263387729,0.176432122927939
0.542919828553576,0.817139236654761,0.177229468786673
0.397516691566856,0.796900297294559,0.173302467281757
0.250927755778769,0.775612021340115,0.162379184414494
0.104065653189363,0.753275972331329,0.143195320859764
-0.0424534324198896,0.729897761853291,0.115566724407336
-0.18833259954206,0.705541750281968,0.0802328517009429
-0.33353877187534,0.680364597389081,0.0385805252120934
-0.478207934728815,0.654623035276821,-0.00764265793944355
-0.62254566515583,0.628659341884532,-0.0565550812921425
-0.766743390529482,0.602869140274379,-0.106284461209973
-0.910916970480529,0.57765667447382,-0.155037977444504
-1.05506390796385,0.553380656792802,-0.201126387614221
-1.19903415800583,0.530296830530957,-0.242973483524544
-1.34250874749733,0.508503162825551,-0.279138105019604
-1.48498680474157,0.487898410564211,-0.308366943388926
-1.62578327930538,0.468165030104928,-0.329682329437908
-1.76404490778255,0.44878771470504,-0.342492920970897
-1.89878856821276,0.429111351946831,-0.346698433527592
-2.02896403213725,0.408432053974953,-0.342750722810919
-2.15353313870542,0.38610159761615,-0.33163730067555
-2.27155275761148,0.361618849833914,-0.314773610687058
-2.38224115784074,0.334683241183322,-0.293818737880315
-2.48501723592725,0.305199597990894,-0.270456037602246
-2.57950273281868,0.273239027853663,-0.246189429972639
-2.66549643736744,0.2389752760396,-0.222198249098878
-2.74292814830918,0.202618461259165,-0.199269666820235
-2.81181139980371,0.164364433029659,-0.177803236155924
-2.8721996869134,0.124367166345939,-0.157863182444647
-2.92415894021252,0.0827342212656247,-0.139249261585748
-2.9677485742771,0.0395386678248378,-0.121561108398437
-3.0030132433689,-0.00515936624995948,-0.104243600338962
-3.02997347418809,-0.0512879860844532,-0.0866137783579729
-3.04861847670708,-0.0987396754480408,-0.0678823948990074
-3.05889278139975,-0.147351477088219,-0.0471904779829268
-3.06068909196788,-0.196891921276977,-0.0236832974302568
-3.05384701894216,-0.247057772035573,0.00336325452686437
-3.03817586256848,-0.297483932982008,0.0343658379760729
-3.01350171662217,-0.347767926319798,0.0692348377711352
-2.97974072679569,-0.397506982496044,0.1072099130906
-2.93697862950137,-0.446339915323272,0.146801524254443
-2.88553134717284,-0.493982054340871,0.185895876369153
-2.82595590316211,-0.540241235906584,0.222030826874529
-2.75899965057602,-0.58500961977049,0.252782255304447
-2.68550075725254,-0.628236091099778,0.276151062720447
-2.60627085976226,-0.669891065602016,0.290841641573994
-2.52199903319885,-0.709937216981324,0.296373746813166
-2.43319619783194,-0.748313333511943,0.293036644162727
-2.34018439943137,-0.784933011368636,0.281742058907741
-2.2431188208871,-0.819695318718632,0.263842932976836
-2.14202196825705,-0.852501670033602,0.240966475535235
-2.0368236319147,-0.883277554061846,0.214882812385118
-1.92739554604273,-0.911992817680749,0.187404186246173
-1.81358668129134,-0.938679215801966,0.160296388300236
-1.69526350024333,-0.96343998540547,0.135180654806645
-1.57236143745044,-0.986447210288757,0.113412002257366
-1.44494696460262,-1.00792257172914,0.0959360358845863
-1.31328313424591,-1.02810146360168,0.0831479191434081
-1.17787972931432,-1.04718509278241,0.0747963995373013
-1.03950604791514,-1.06529271021784,0.0699823241141379
-0.899150041816385,-1.08243002298841,0.0672841136604993
-0.757925151665606,-1.09848706575645,0.0650022937831631
-0.616948477591669,-1.11326885888475,0.0614679729476916
-0.477227473534694,-1.12654949497809,0.0553325216726397
-0.339587858456459,-1.13813153801257,0.0457647328568853
-0.204656922787353,-1.14789326300138,0.0325212406976479
-0.0728946325242693,-1.15581288723313,0.0159018529809335
0.055347815470865,-1.16196852471062,-0.0033685137749807
0.17976459879521,-1.16651672115099,-0.0242833569108294
0.300043111737094,-1.16965626898415,-0.0456868570918372
0.415831363552162,-1.17158069193305,-0.0663768000216245
0.526726556378558,-1.1724245087291,-0.0851772664666933
0.632282622409953,-1.17220592876203,-0.100991992659137
0.732033276416114,-1.17077316959026,-0.11285403011035
0.825526855506875,-1.16776389309029,-0.119985014877231
0.912368576445158,-1.16258889538063,-0.121868839434344
0.992266477186993,-1.15445238572899,-0.118332423955935
1.06507466304474,-1.14241147152168,-0.109614327155128
1.13082877656505,-1.12546982018612,-0.0963962437650589
1.18976809969193,-1.10268743515218,-0.0797761668995845
1.24234104617767,-1.07328314419213,-0.0611756326245096
1.28919361023585,-1.03670914448826,-0.0421917792544196
1.33114214481783,-0.992686526256707,-0.0244205226492175
1.3691324616473,-0.941202641246278,-0.00928403498425967
1.40418952064371,-0.882481960718018,0.00210798590758274
1.43735996610564,-0.81694268597201,0.00904541728259253
1.46965311993064,-0.745151036324322,0.0112494947663258
1.50198451773033,-0.66777860656004,0.0088570633575471
1.53512795542671,-0.585565521345455,0.00237083574517349
1.56967815638624,-0.499288369210761,-0.00741100762038699
1.60602766815638,-0.409733517240115,-0.0194763738516323
1.6443569458806,-0.317675341721431,-0.0326874177999582
1.68463810973306,-0.223860755267207,-0.0458741329466216
1.72665108621077,-0.129000998742014,-0.0579327119183303
1.7700125632713,-0.0337717946062622,-0.0679252063678452
1.81421526032164,0.0611786644951908,-0.0751717521471234
1.85867587415217,0.155215605602368,-0.0793210249978533
1.90278516997218,0.247701449282907,-0.0803816838613734
1.94595263868369,0.337982757539328,-0.0787005963706688
1.98763698455091,0.425385901799821,-0.0748839169374798
2.0273558371076,0.509225221270202,-0.069672527019292
2.06467432021394,0.588824157723742,-0.0637981520278597
2.09917730869293,0.663545759118621,-0.0578535533472541
2.13043697932171,0.732826601865739,-0.0522056956764838
2.15798566492548,0.796207140487635,-0.0469663965021625
2.18130273909635,0.853353546457323,-0.0420175753073244
2.19981819289801,0.904068645592023,-0.0370749497217542
2.21293083198056,0.948292145983237,-0.0317688948215969
2.22003538562272,0.986091673281516,-0.0257235787180648
2.22055408811837,1.01764750559027,-0.0186220584580825
2.21396558375428,1.04323246205173,-0.0102520994141402
2.19982820837378,1.06318923852223,-0.000532821910715936
2.17779579602344,1.07790726016222,0.0104749447542381
2.14762326649687,1.08780015543117,0.0225709880014211
2.10916438300224,1.09328682146602,0.0354276519738222
2.06236192408499,1.09477741542763,0.0486092405766554
2.00723370991173,1.09266607617563,0.0615974666469747
1.94385735422681,1.08733056980077,0.0738217632999384
1.87235727324736,1.07913803225869,0.0846930583068694
1.79289716358748,1.06845494085963,0.0936391812477617
1.70567750714157,1.05565737338522,0.100139551846188
1.61094047720855,1.04113990629773,0.103756970874538
1.50897834818985,1.02531940208766,0.1041645282563
1.40014480742682,1.00863331608077,0.101166693785387
1.28486593664973,0.991531902268494,0.0947145150679892
1.16364894199826,0.974465226712042,0.084915713295338
1.03708661485855,0.957866123587535,0.0720407680026722
0.905855940280995,0.942130548426595,0.056525772469941
0.770709637601746,0.927597160221301,0.0389718554604409
0.632458839530227,0.914527549785714,0.0201393093840865
0.491947050103008,0.903090054839478,0.000932765049592582
0.350016282717991,0.893349799954595,-0.0176280413729725
0.2074693859297,0.885267865909741,-0.0344580992455934
0.0650358862727905,0.878711571235158,-0.0484824803454865
-0.0766490173470817,0.873475504297192,-0.0587377547025699
-0.217043217922577,0.869309722386405,-0.0644919141410317
-0.355670145435921,0.865948672957317,-0.0653644854330093
-0.492070117218902,0.863133780237571,-0.0614184645894482
-0.625746124698968,0.860624542460643,-0.0531918592504373
-0.756125489475881,0.85819822190896,-0.0416445107501262
-0.88255561700355,0.855643379847704,-0.0280168218066296
-1.0043390864957,0.852754722476386,-0.0136250910083313
-1.1207968468959,0.84933510923231,0.000358934840670733
-1.2313367628822,0.84520528071467,0.0130909409451164
-1.33550430228041,0.840216528654228,0.0241606590273569
-1.43300183552236,0.834259171901904,0.0336103811330533
-1.52367626506105,0.827261208300785,0.0418787111692066
-1.60748425095738,0.819175330156315,0.0496959572788752
-1.68444772113132,0.80995690363819,0.0579568912034842
-1.75461025370074,0.79953853461559,0.0675877901134679
-1.81800130359147,0.787808460162205,0.0794156455884113
-1.87461180664211,0.774599676612314,0.0940438179743193
-1.9243829602395,0.75969480313549,0.111741664457118
-1.96720874030007,0.742847837673833,0.132362785207606
-2.00295234274437,0.723819325874537,0.155311714469653
-2.03147331868383,0.702416099758985,0.179575919394599
-2.05266122322071,0.678525002260421,0.20382701220906
-2.066466468268,0.652130352906729,0.226575559023926
-2.07292323367999,0.623311715095261,0.246347848343682
-2.07215669895274,0.592223300625666,0.261847161999082
-2.06437611885151,0.559063123459797,0.272070542121938
-2.04985508492656,0.524040147156415,0.276367710803745
-2.02890740920292,0.487347466820729,0.274445894691043
-2.0018609967801,0.449144416582524,0.266334357961969
-1.96904158623366,0.4095502426832,0.252327875329639
-1.93075663242318,0.368644757796594,0.232923561114007
-1.88729573521636,0.32647749437215,0.208764812861223
-1.83892423050906,0.283077921239359,0.180594884206038
-1.78589523231611,0.238470553183999,0.149224713463006
-1.72844248007493,0.192686610087035,0.115507600744725
-1.66679807497768,0.14577916312729,0.0803215059608881
-1.60117811412968,0.0978317666712309,0.044547504606051
-1.53179941043209,0.0489683473154475,0.00904580110851916
-1.45886605789194,-0.000644853947891321,-0.0253787609380283
-1.3825792948287,-0.050801048409597,-0.0580185822672355
-1.30313638642418,-0.101262632282739,-0.0883117217270095
-1.22074016940365,-0.151777435004498,-0.115889852355167
-1.1356107827116,-0.202100403693161,-0.14061662893831
-1.04800124679652,-0.252017363288833,-0.162605169355415
-0.958212090793738,-0.301366103368063,-0.182203760080844
-0.866600913643363,-0.350049832251443,-0.199942968456095
-0.773581208398125,-0.398039047674686,-0.216445023364531
-0.679609106400449,-0.445361035606569,-0.232306708029666
-0.585159307751261,-0.492079547344784,-0.247975812695103
-0.490695960087959,-0.538270433575992,-0.26364482917348
-0.396645178986792,-0.58400000191985,-0.279181288230233
-0.303374756860382,-0.629311992538508,-0.294104070716152
-0.21118286662587,-0.674226066491328,-0.307603733566563
-0.120295178527759,-0.718748269411179,-0.318598307316942
-0.0308682092485386,-0.762891022780226,-0.325815630489123
0.0570018036804863,-0.806699385028579,-0.327898576240393
0.143263461218223,-0.850278425044316,-0.323534817844106
0.227885328631464,-0.893816582211973,-0.311614186588287
0.310819698137889,-0.937598614544666,-0.291408662936328
0.391956898972546,-0.982002467446008,-0.262753078263963
0.471078379140929,-1.02747637114625,-0.226183342987226
0.54782257038745,-1.07449693853002,-0.182976185007905
0.621678140533805,-1.12351351910151,-0.13504483539878
0.692011630090692,-1.17488592222084,-0.084685885584753
0.758123074154561,-1.2288194854849,-0.0342304086710938
0.819312465657599,-1.28529598878247,0.014303971348124
0.874939305032154,-1.34399769719763,0.0594622864377518
0.924467569733896,-1.40423349614642,0.100447463341802
0.967498949752286,-1.46489638609052,0.137066023438855
1.00379861283795,-1.52449453861244,0.169573506960714
1.03331002371667,-1.581282914249,0.198483753848107
1.05614974441785,-1.63347802348599,0.224395672217369
1.07257702630677,-1.67948965835901,0.247868064708129
1.08294567910939,-1.71809185473092,0.269349773447753
1.08765301041369,-1.74848730251611,0.289155455818701
1.08709855464837,-1.77027145053021,0.307469543516297
1.08165731986705,-1.7833382731697,0.324361075373421
1.07166518500917,-1.78777445879056,0.339796743445763
1.05741244162222,-1.78377434306276,0.353645926698889
1.03914299009705,-1.7715885448432,0.365677547079754
1.01705835733988,-1.75150388864373,0.375553174906279
0.991327353164403,-1.72384557303868,0.38282398556547
0.962101448262865,-1.68898990143057,0.386939774195196
0.92953333571969,-1.64737518316838,0.387275712031172
0.893796292547731,-1.59950478343007,0.383178707455185
0.855098199518744,-1.54593543650076,0.374028131663609
0.813687836223219,-1.48725370483745,0.359301867965913
0.769851367326621,-1.42404388740079,0.338635713519268
0.723900455629715,-1.35685398887309,0.311866154541221
0.676156195989357,-1.28616732536332,0.279051663966539
0.626932165063301,-1.21238245949655,0.240472818662312
0.576521210953069,-1.13580496181607,0.196617330610708
0.525186555461979,-1.05664836167949,0.14815751277618
0.473157818854555,-0.975042395699298,0.0959281501848021
0.420631333161509,-0.891047616443465,0.040910496934869
0.36777117570869,-0.804670819271996,-0.0157763663690591
0.314712013263466,-0.715885748384581,-0.0728782879836508
0.261560066504324,-0.624653671412609,-0.129010236636665
0.208395278398483,-0.530949775846839,-0.182671943191538
0.155274537464825,-0.43479258383023,-0.232288708059823
0.102239737665331,-0.336277825964274,-0.276291171692995
0.0493332114603024,-0.235612671762732,-0.31324338929404
-0.00337794535177613,-0.133143114635768,-0.342016476519855
-0.0557705649225054,-0.0293631569709302,-0.361983975870334
-0.107632948727564,0.0751045057460687,-0.373190821417907
-0.15864105291776,0.179561513169317,-0.376430340758892
-0.208353430284299,0.283313506124953,-0.373172021473854
-0.256230417091362,0.385756538572018,-0.365323978722974
-0.301674499797772,0.48644336986465,-0.354877754787237
-0.344080974004499,0.585107023220652,-0.343534101732467
-0.382886339073464,0.681632458422292,-0.332415053798306
-0.417607215140033,0.775982823158526,-0.321925676154283
-0.447870245644699,0.868099519987549,-0.311767414762285
-0.473436039650755,0.957804490954857,-0.301059792600605
-0.49421526533537,1.04474004949774,-0.288516150448601
-0.510266822002957,1.1283789778506,-0.272634667677955
-0.521766743048361,1.2081143777764,-0.251889367273865
-0.528948659585502,1.28339857935532,-0.224921921795108
-0.532033597725325,1.35386811965273,-0.190737169534353
-0.531173336789805,1.41939685819869,-0.148894449756388
-0.526422968678794,1.48005990965113,-0.0996675225786189
-0.517744670467028,1.53603405066902,-0.0441270892501771
-0.505037075105082,1.58748091410916,0.0159021805687537
-0.488182236486923,1.63445593921707,0.0780310108461691
-0.46709928921232,1.67686839110987,0.139611556198142
-0.441790841683665,1.71449661213123,0.198083699068702
-0.412369044573177,1.74704352383658,0.251271877652842
-0.379055776407835,1.77420756633117,0.297569520313549
-0.342161152954799,1.79574435867225,0.335995129134434
-0.302051416155159,1.81150439378097,0.366144516325602
-0.259117354176699,1.82144237093474,0.388082532851953
-0.213750557245774,1.82560446083343,0.402216896811777
-0.166328839836183,1.82410082628984,0.409183557110834
-0.117208927303053,1.81707353593655,0.409758051568321
-0.0667226884929351,1.80466496243386,0.404793340258432
-0.0151741284641822,1.78699127235776,0.395176338331302
0.037164130477869,1.7641245689702,0.381792096032496
0.0900546178588876,1.73608542118076,0.365485482808175
0.143297455082844,1.70284775166273,0.347014943070919
0.196729380667298,1.66435801523038,0.32699938982603
0.250217453428615,1.62056605844365,0.305864865980228
0.30364645325499,1.57146380094358,0.283802310014527
0.356900882179629,1.51712556113308,0.260749080415563
0.409844276029844,1.45773897386138,0.236403743618811
0.462300918116975,1.39361948340773,0.210278772325865
0.514045353614128,1.32520128186081,0.181787466498856
0.564803637314699,1.25300321261732,0.150353728379058
0.614268056136492,1.17757803488401,0.11552788262086
0.662121109604945,1.09945332227314,0.0770887635354047
0.708063141416626,1.01907963408616,0.0351160206929948
0.751836314905437,0.936796305135222,-0.0099763728813683
0.793239228226104,0.852819295589334,-0.0574449359426987
0.832132143969957,0.767253355004125,-0.10625112281589
0.86843221892439,0.680120224613143,-0.155113911425071
0.902102614128882,0.591398089935266,-0.202570644460962
0.933138007634748,0.501066194146219,-0.24704228890274
0.961546070335309,0.409149004948657,-0.28690592467884
0.98732769555563,0.315758836891411,-0.320583076611559
1.01045415157661,0.221131558809102,-0.346652380747275
1.03084523408855,0.125650978583733,-0.3639897241952
1.04834977293839,0.0298534991074536,-0.371923825727841
1.06273576173201,-0.0655931634949492,-0.370377297605412
1.07369567203468,-0.159938827915339,-0.359946755498599
1.08087034387138,-0.252419294636467,-0.341874751940025
1.08388974488329,-0.342326638952095,-0.317889932607771
1.08242086575896,-0.42905946643625,-0.289936010108235
1.07621043951863,-0.512136929641266,-0.259856473796173
1.06511134098705,-0.591173592543632,-0.229122438990205
1.04908984472749,-0.665826304318819,-0.198673381099361
1.02821803330806,-0.735731073090397,-0.16889444884711
1.0026598061234,-0.800446537087055,-0.139706814013917
0.972657121003054,-0.859414699771788,-0.110720728653718
0.938516191903538,-0.911943930008321,-0.0814001543618282
0.900587500106072,-0.95721918529051,-0.0512048068506419
0.859228948222439,-0.994348360854147,-0.019696901738869
0.814743195639337,-1.02245915594705,0.0133835233790661
0.767290512151844,-1.04086020028833,0.0480637740802449
0.716798131215162,-1.04926347261724,0.084096413532575
0.662907639071011,-1.04802482245142,0.120933178512987
0.60500793668597,-1.03831108232353,0.157730433817697
0.542372536003839,-1.02208352730961,0.193404662899756
0.47436336037149,-1.00184171129209,0.226742016417747
0.400618719215103,-0.980189471652525,0.256539879247391
0.321149901486658,-0.959384179180224,0.281740158362747
0.236325327084801,-0.941032513478425,0.301519418326713
0.146776162157696,-0.926002954708907,0.315324115745663
0.0532780410198109,-0.91451909964691,0.322861973681438
-0.0433501323051783,-0.906344137923328,0.324069807902535
-0.142314063879044,-0.900973757130266,0.319075247334093
-0.24288065419513,-0.897790544137531,0.308162408656556
-0.344392854712104,-0.896166503309458,0.29174505642257
-0.446272434843896,-0.895520127027228,0.270347047042258
-0.548017448584676,-0.895341246496696,0.244588117191874
-0.649198025830151,-0.895196307063226,0.215172376003172
-0.749451986683563,-0.894724051208146,0.182876806614634
-0.848479929567379,-0.89362743874369,0.148536784533315
-0.946039125949644,-0.891665959268553,0.113026143172028
-1.04193474479166,-0.888649756361725,0.077229650059305
-1.13600750463341,-0.884436353193858,0.0420070972145425
-1.22811682270963,-0.878929183236531,0.00814994121511892
-1.31812074644092,-0.872077599054841,-0.023665890278534
-1.40585360352103,-0.863876062917628,-0.0529248262261879
-1.49110514356107,-0.854361502704988,-0.0793054606437057
-1.57360499917866,-0.84360750333557,-0.102694081707909
-1.65301625198687,-0.831715061354206,-0.123170590372105
-1.72894072153481,-0.818801086047359,-0.140964427429942
-1.80093596281326,-0.804986975914148,-0.156385136322011
-1.86853979873763,-0.790389625366622,-0.169738966336272
-1.93129781675094,-0.775117889811497,-0.181247082125619
-1.98878575076858,-0.759274992204907,-0.190980398011429
-2.04062242607346,-0.742967109579041,-0.198821760689401
-2.08647019928082,-0.726316468862465,-0.204459680710482
-2.12602258303853,-0.709476515987648,-0.207412069596445
-2.15898344230669,-0.692647238467285,-0.207075316578093
-2.18503945526275,-0.676086861550153,-0.202792927048325
-2.20383326454596,-0.660117428946264,-0.19393881181415
-2.21494070923472,-0.645119382310147,-0.180009797355587
-2.21786128203555,-0.631511310861821,-0.160720295963576
-2.21202461082895,-0.619708927129876,-0.136087629712995
-2.19682352330122,-0.6100615574153,-0.106493006203689
-2.17167192349685,-0.602765511177603,-0.0727011952719957
-2.13609034868315,-0.597763921644127,-0.0358269410707941
-2.08980649217138,-0.594650690668771,0.00275373946180504
-2.03285489002694,-0.592608954605199,0.0415350195383375
-1.96564789091534,-0.590418669052963,0.0790315483619214
-1.88898640361584,-0.586558063778781,0.113918685066961
-1.80399113381658,-0.579395487627555,0.145137641871586
-1.71195822911748,-0.56742812811384,0.171950895963975
-1.61417780129994,-0.54949789165483,0.193946513004132
-1.51177082511045,-0.524920155884864,0.211001686084262
-1.40559193015096,-0.493499075001219,0.223222808858798
-1.29621313404779,-0.455447958499916,0.230879861936605
-1.18397213409171,-0.411260482568388,0.234348286660904
-1.06905300952286,-0.361578840202002,0.234064559014484
-0.951569040956175,-0.307087863955515,0.230495177473495
-0.831629592294271,-0.24844486550323,0.224114750610524
-0.709384955198927,-0.186241932430543,0.215387468274733
-0.585050298401066,-0.120992207639523,0.204746919667566
-0.45891325028414,-0.0531319675229616,0.192571502719791
-0.331329700146312,0.0169675274359533,0.179155574422643
-0.20271166360589,0.0889822801773774,0.164679628538604
-0.0735103160959412,0.162614655146864,0.1491856017565
0.0558035541432851,0.237572074823131,0.132565005946244
0.184759443488846,0.313548492533922,0.114567630938947
0.31290551966116,0.390212061772061,0.0948359157897692
0.439823779775134,0.467201690775808,0.0729649754081014
0.56514059128425,0.544133257383527,0.0485815833216171
0.688532074150113,0.620614039830062,0.0214295471536791
0.809724146966664,0.696261167138693,-0.00855397709801096
0.928488652589156,0.770719957907408,-0.0411844090588933
1.04463678643447,0.843677975659153,-0.0760052680158736
1.15801215973909,0.914873571342816,-0.112293232586573
1.26848421052081,0.984098720424572,-0.149087209596161
1.37594310993417,1.05119839377486,-0.185234031100222
1.4802953598581,1.11606802544168,-0.219445232324823
1.58145835635429,1.17864973966547,-0.25036326181862
1.67935230091138,1.23892700446262,-0.276639348309474
1.77388635398063,1.29691473927721,-0.297026553052886
1.86493883275232,1.35264269249903,-0.310489325257213
1.95233338083383,1.40613066636198,-0.316323839396646
2.0358146194223,1.45735580986509,-0.314272406258864
2.11503249450003,1.50621853428206,-0.304604612379134
2.18954193149218,1.55251528018578,-0.288132060760792
2.25882520848929,1.59593057813771,-0.266131585899445
2.32233321656363,1.63605415490348,-0.240174287212568
2.37953907915041,1.67242428753396,-0.211890871387336
2.42998691344155,1.7045848557891,-0.182729487331393
2.47332348430106,1.73214058802908,-0.153767523784637
2.50930353258701,1.75479396228122,-0.125617861638912
2.5377738775208,1.77235883045237,-0.0984359802284212
2.55864051385764,1.78474966811228,-0.0720037455486349
2.57183317091306,1.79195697355277,-0.0458525478836393
2.57727321389855,1.79401569291594,-0.019391501868031
2.57485133475647,1.79097415036801,0.00798025457986259
2.56441654616,1.78286656371087,0.0367839507584021
2.54577937797851,1.76969233991605,0.0673913250622228
2.51872644494462,1.75140132428993,0.0999681867285307
2.48305164665767,1.72789078218679,0.134427608128753
2.43859452415678,1.69901095622979,0.170394319479306
2.3852904618154,1.66458685774493,0.207188674610862
2.32321197190318,1.62444562352807,0.243840634912165
2.25260828353133,1.57845612341625,0.279144293671832
2.17391081704177,1.52655607502028,0.311752086810823
2.08773299886634,1.46878154051957,0.340302095362272
1.99482205043966,1.40526215433768,0.363551885389678
1.89602932767521,1.33622400870254,0.380501776364543
1.79223521686363,1.26195243383468,0.390473440830349
1.68432705986372,1.18278614507742,0.393148724412551
1.57313408124544,1.09907686180045,0.388550671352255
1.45943005719132,1.01119619704271,0.377002434184682
1.34389033918929,0.919509406111523,0.359055433105421
1.22710846211605,0.824390549866747,0.335428399961563
1.1095756664752,0.726208813475465,0.306944153500549
0.991697783067523,0.625337778468454,0.274488699774894
0.873795167884924,0.522149476533822,0.238977824652064
0.756119649206071,0.41701775931383,0.201336857332728
0.638868112095867,0.310318606051177,0.162482574828806
0.522202610337759,0.20243550073914,0.12330467936141
0.406269297608273,0.0937659951619654,0.0846405513472953
0.291216922900188,-0.0152698652830583,0.0472417937700318
0.177211069864766,-0.124222305367422,0.0117332057384403
0.0644420164664477,-0.232608639612488,-0.0214307996938031
-0.0468756180984795,-0.339917178590109,-0.0520037615390908
-0.156511798492414,-0.445620029233418,-0.0799680630200973
-0.264237088475309,-0.549194737181975,-0.105529412393142
-0.369842619992366,-0.650151617729074,-0.129079587650812
-0.47315971996545,-0.748062498383365,-0.151129342466458
-0.574074081102697,-0.842583468979985,-0.172220593123842
-0.672531686322425,-0.933468209320133,-0.19283267932287
-0.768534754834166,-1.020568413649,-0.213297995886128
-0.862128808593151,-1.10382226534513,-0.233739177781827
-0.95338382667344,-1.18323460108717,-0.254034222682333
-1.04237297818806,-1.25885339542094,-0.273810199805787
-1.12915052356536,-1.33074494709093,-0.292462320672819
-1.21373215244516,-1.39897208993435,-0.309195206332011
-1.29607754614288,-1.463574596151,-0.323084046469477
-1.3760779619264,-1.52455375306592,-0.333156099657038
-1.45354975694694,-1.58186011855201,-0.338492524205884
-1.5282378434059,-1.63538718830315,-0.338347591778144
-1.59983002185777,-1.68497150581668,-0.332273854930429
-1.66798507382222,-1.73040420732179,-0.320232423889934
-1.73236852483883,-1.77145169128809,-0.302658293965004
-1.79269140711588,-1.80788586676265,-0.28045251295963
-1.84873945956291,-1.83951505114623,-0.254885945897989
-1.90038520659094,-1.86620803999654,-0.227425581232738
-1.94757912257282,-1.88790339568695,-0.199520837871866
-1.99032437114812,-1.90460171098285,-0.172402037199605
-2.02864518661922,-1.91634462028087,-0.146937390675955
-2.0625584702173,-1.9231871359901,-0.123572124560582
-2.09205774303374,-1.92517255128445,-0.10234654930921
-2.11711008827789,-1.92231385098079,-0.0829702382884771
-2.13766623849529,-1.91458551168421,-0.0649235297559863
-2.15367791167045,-1.90192380200893,-0.0475619793623407
-2.16511948098561,-1.88423609854686,-0.0302092420363118
-2.17200819944967,-1.8614169746567,-0.0122330820204848
-2.17441951651375,-1.8333707763124,0.00689470394756488
-2.17249369425366,-1.80003929282422,0.0275516607154984
-2.16643124480517,-1.7614323143482,0.0499295722169135
-2.1564757616982,-1.71765658270925,0.0740115334641966
-2.14288560099472,-1.66893735703557,0.0995639546382629
-2.12589880599917,-1.61562635584325,0.126146774975788
-2.10569815935106,-1.55819142134922,0.153143631166412
-2.08238519005191,-1.49718774895179,0.179810725255294
-2.05596902259109,-1.4332142182788,0.205339594795354
-2.0263744906395,-1.36686429125969,0.228926516469296
-1.99346637901882,-1.29868073028641,0.249840006890255
-1.95708469627493,-1.22912367918983,0.267478731482855
-1.9170811421998,-1.15855582151995,0.281413941702349
-1.87334955609055,-1.08724488148971,0.291413795284198
-1.82584424536817,-1.0153787190198,0.297450005199316
-1.77458465479302,-0.943087094578134,0.299690119588716
-1.71964738462866,-0.870464141900087,0.298480055553856
-1.66114876273008,-0.797587514401038,0.294321177732161
-1.59922206120265,-0.724532441722092,0.287844245395104
-1.53399320499186,-0.651380650872633,0.279779564347438
-1.46555885512781,-0.578225341152584,0.270919869986918
-1.39397103164976,-0.505173859305657,0.262070945259256
-1.31923155998636,-0.432349006343616,0.25398552400453
-1.24130068933243,-0.359889837389144,0.247280074898432
-1.16012089516413,-0.287951246224939,0.242340531525955
-1.07565500545396,-0.216701594741287,0.239232019609567
-0.987932592187592,-0.146317384083128,0.23763542931942
-0.897093429797277,-0.0769746019316246,0.23683645985743
-0.803414814100102,-0.00883781294710317,0.235786520552461
-0.707311239850695,0.0579508010864057,0.233237836621669
-0.609302973550422,0.12327962382116,0.227931951358631
-0.509960212001785,0.187070778627996,0.218800791844114
-0.409839220912688,0.249277469525792,0.205133686846762
-0.30942767492285,0.309876238712715,0.18667485287842
-0.209112322636851,0.368855997791051,0.16363960171221
-0.109171730596246,0.426205517372818,0.136660295484466
-0.0097901213429667,0.48190121802297,0.106687241440637
0.0889166946864346,0.535896088467471,0.0748702882060012
0.186871257746204,0.588111395067668,0.0424400383195832
0.28400635188264,0.63843207389054,0.0105974685088993
0.380241884040614,0.686708118754269,-0.0195857025478078
0.475467802499196,0.732762493955951,-0.0472557034242038
0.569533478780912,0.776406821895989,-0.0718511703463422
0.662244097079369,0.817463815904933,-0.093155233667295
0.75336380090337,0.855791916879372,-0.111313109667554
0.842626050513693,0.891307704958907,-0.126803802461604
0.929748385382582,0.923997887317363,-0.140361485941211
1.01445243740936,0.953920579818488,-0.15285512371266
1.09647795349718,0.981186764457573,-0.165146675631998
1.17559870282442,1.00593801104342,-0.177958205605375
1.25162561797529,1.02831458783898,-0.191773064968059
1.32440870461587,1.04843278106611,-0.206788456708193
1.39383053699754,1.06636823295634,-0.222918893997425
1.45980053282339,1.08215283136465,-0.239839545771633
1.52224786574382,1.09577977923553,-0.257050638795908
1.58111675996468,1.1072155864157,-0.273945538384014
1.63636371415122,1.11641494375348,-0.289869675440985
1.6879558521832,1.12333571868037,-0.30416412468361
1.7358693145361,1.1279525515328,-0.316193563221886
1.78008672208795,1.13026851485895,-0.325362515760084
1.82059211698652,1.13032406768546,-0.33112589396457
1.85736380484412,1.12820348016559,-0.333000449999885
1.89036468274881,1.12403747039728,-0.330582571916702
1.91953215124705,1.11800151029441,-0.323575611013842
1.94476989728377,1.1103088330614,-0.311826197472025
1.96594451897457,1.10119794174197,-0.295364583719509
1.98288945526443,1.09091559216713,-0.274439759391921
1.9954175242366,1.07969797534478,-0.249537571419045
2.00334110764771,1.06775412002174,-0.221370890544812
2.00649577540362,1.05525531039785,-0.190835787889725
2.00476252115571,1.04233352543995,-0.15893612871241
1.99808295474463,1.02908879258232,-0.126687676895514
1.9864642985281,1.01560284341916,-0.0950185873345524
1.96997401509302,1.00195467413354,-0.0646833015758661
1.94872604544236,0.988233272144531,-0.0362015954851674
1.92286266851832,0.974544519162006,-0.0098266278970206
1.89253539395284,0.961010995331876,0.0144611598017913
1.85788765670295,0.947765174853251,0.0369406736247663
1.81904130277948,0.934937348051871,0.0581224924413424
1.77608858142357,0.922639654079465,0.0787075575020571
1.72909200698383,0.910947509024738,0.0995275641210781
1.67809551677564,0.899880014824268,0.121459239737843
1.62314985426195,0.889381488107186,0.145306566650182
1.56435279285114,0.879307491063532,0.171653939106805
1.50189966263924,0.869419930294403,0.200708940366363
1.43613200474666,0.859395498977443,0.232171346811542
1.36756681455244,0.848849654311132,0.265175882154812
1.29688915496548,0.837373601856103,0.298348809922271
1.22490064689002,0.824576497251352,0.329987581815139
1.15243306716444,0.810122432663334,0.358327930755061
1.08025117390957,0.793753695337421,0.381826912925542
1.00897247782392,0.775297082771655,0.399384839914414
0.939023388187719,0.754656588195946,0.410457126362387
0.870635096425701,0.731799038200425,0.415050173076659
0.803869338661611,0.706739273467137,0.413630064829045
0.738659323914922,0.67952957973598,0.40698660745187
0.674852520299758,0.650254698026044,0.396089599403852
0.612247817369768,0.61903156430995,0.381960104337931
0.550624732558387,0.586011262453842,0.365565625271369
0.48976600818069,0.551380478369593,0.347739832156961
0.429475563016475,0.515359627083067,0.329124612123252
0.369593461205497,0.478196052354781,0.310133607625956
0.310007931081015,0.440151824901018,0.290938516485316
0.25066322091154,0.401487228853158,0.271480313259659
0.191561762249521,0.36244263879062,0.251505967342534
0.132759159138906,0.323221575165689,0.230626702375807
0.0743527707844489,0.283978781712767,0.20838998534283
0.0164653357456956,0.244814768798899,0.184353425211218
-0.0407729643260073,0.205777993517753,0.158149716316582
-0.0972409820540386,0.166873332802622,0.129534259148917
-0.152839192986166,0.128074955896812,0.0984123762571444
-0.207497298631141,0.089340170258018,0.0648468543484594
-0.261177083522541,0.050622353887394,0.0290507289642507
-0.313871295322551,0.0118805328583371,-0.00862944844813088
-0.365599236620375,-0.0269156183032736,-0.0477347403264323
-0.416399990547485,-0.0657850722812306,-0.0877148733318345
-0.466324463548273,-0.104738639292065,-0.127946871012755
-0.515427644280205,-0.143785547485444,-0.167751060163564
-0.563759446808807,-0.182942294721631,-0.20640541200015
-0.611354814719013,-0.222242175180291,-0.243160530653584
-0.658222567796775,-0.261743777598335,-0.277258125789645
-0.704334702583738,-0.301536683867375,-0.307956706571875
-0.7496169597254,-0.341742465072892,-0.334567034255786
-0.793943474440868,-0.382509679001799,-0.356498583360979
-0.837138095333978,-0.424002168129492,-0.373314987680194
-0.878984499222893,-0.466381102379141,-0.384792199354379
-0.919246483709335,-0.509783068921601,-0.390968813069512
-0.957696296158911,-0.554297542625901,-0.392174129295132
-0.99414712705363,-0.599948646479805,-0.389019856808247
-1.02848186599221,-0.6466850710434,-0.382345534518149
-1.0606713794547,-0.694381203851463,-0.37311864697702
-1.0907766290498,-0.742848885970146,-0.362302970596753
-1.11893394445224,-0.791855975580949,-0.35071983687635
-1.14532863432976,-0.841145778629911,-0.338930894549202
-1.17016452317594,-0.890450126585306,-0.327164891001526
-1.19363811369165,-0.939491246857566,-0.315298855100538
-1.21592262396903,-0.987970966433968,-0.302890525761134
-1.23716311505633,-1.03555078239823,-0.289250144352496
-1.25748015919542,-1.08183080239527,-0.273537464163625
-1.27697759475014,-1.12633798081674,-0.254872434287299
-1.2957500035058,-1.16853317745138,-0.232451677675589
-1.31388728074253,-1.20784157145672,-0.205664569966914
-1.3314751572859,-1.24370363712245,-0.174200512414697
-1.3485915017456,-1.27563605369053,-0.138134245793231
-1.36529895017417,-1.30328804366005,-0.0979713885228832
-1.381634621554,-1.32647846997408,-0.0546361858763618
-1.39759890122275,-1.34520387536903,-0.0093912258305005
-1.41314649534794,-1.35961534229503,0.0363050148672717
-1.42818345763434,-1.36997076005805,0.0809774259177259
-1.44257204288149,-1.37657523093969,0.123311073841208
-1.45614300486639,-1.37972495139278,0.162286026972984
-1.46871173683173,-1.37966625781992,0.197245011294579
-1.48009363477246,-1.37657507184594,0.227890695883044
-1.49011513343892,-1.3705554416671,0.254228810251503
-1.49861889878483,-1.36165152909352,0.276482970890757
-1.50546356023539,-1.34986609577277,0.295006141280252
-1.51052019770981,-1.33518026206662,0.310206054149863
-1.51366739371889,-1.31757077906367,0.322492259967156
-1.51478702945573,-1.29702369495635,0.332244757623316
-1.51376177895497,-1.27354406483877,0.339799308584809
-1.51047487852937,-1.24716219634891,0.345442805064033
-1.50481209495137,-1.21793690820258,0.349412396723561
-1.49666538402334,-1.18595610872883,0.351893698121403
-1.48593760430319,-1.15133497147687,0.353015672789816
-1.47254697283509,-1.11421153727086,0.352842040428546
-1.45643078522182,-1.07474042920039,0.351361415734242
-1.43754727292398,-1.03308503432267,0.348479728117862
-1.415875049848,-0.989408885674178,0.344019061140385
-1.39141029036772,-0.943867786082885,0.337726441840605
-1.36416214456285,-0.896603481413837,0.329294209053661
-1.33414683930713,-0.847739521903061,0.318390931265974
-1.30138224456505,-0.797380035977252,0.304699655439757
-1.26588306075873,-0.745610507604699,0.287958262107407
-1.22765780811018,-0.692500105869094,0.267996809549347
-1.18670825855446,-0.638104784363146,0.244767852268063
-1.1430310905006,-0.582470172914581,0.218367558640719
-1.09662059778691,-0.52563331643898,0.189047302237224
-1.04747502343017,-0.467624949894147,0.15721756677513
-0.995602334017289,-0.408470794154725,0.123444627033818
-0.941028701232714,-0.348194791035418,0.088440972125807
-0.883807317758935,-0.286824400006791,0.0530472687600866
-0.824024944242465,-0.224398250433282,0.0182016872397595
-0.76180902412181,-0.160978181910592,-0.0151083395450467
-0.697327116104953,-0.0966623981429202,-0.0459174694648432
-0.630781938543932,-0.0315993797983046,-0.07337751931674
-0.562398175250211,0.0340022476289864,-0.0968699768417201
-0.492400941439772,0.0998723991916992,-0.116118578709511
-0.420992629400919,0.16569019456158,-0.131274423137715
-0.348330138941802,0.231107922497933,-0.142941059169699
-0.27451277475055,0.295784443442449,-0.152115160804102
-0.199584369739654,0.359419843217539,-0.160039492494974
-0.123550692600753,0.421781360411761,-0.167994512185746
-0.046405938969062,0.482713241570078,-0.177078085474062
0.0318402988148563,0.542128559551455,-0.188027252322723
0.111144817465795,0.59998672838893,-0.201118929095441
0.191425365973111,0.656265109078505,-0.216158436940579
0.272568096718739,0.710931186277674,-0.232539166500265
0.35444433189543,0.763921616010573,-0.249345485046868
0.436931881581073,0.815130213272901,-0.265472299266409
0.51993609786885,0.8644057598055,-0.279744595707855
0.603406052639604,0.911559140100736,-0.291030509785203
0.687341467372737,0.956378858247431,-0.298347572805937
0.771786636190441,0.998653264318679,-0.300961770741282
0.856809253102709,1.03819639953256,-0.298473953269877
0.942465736222773,1.0748730779776,-0.290881378509498
1.02875868658564,1.10861674648408,-0.278597751467758
1.11559701494247,1.13943500266482,-0.262417929296715
1.20277027575753,1.16739981503612,-0.243423862902897
1.28994585740025,1.19262436990278,-0.222844045791285
1.37669135365614,1.21523378962346,-0.201892985851411
1.46251577030847,1.23533851476391,-0.181622986793308
1.54691779294601,1.25301776436648,-0.162815608184824
1.62942871740627,1.26831611121466,-0.145926987417709
1.70964075047759,1.28125067791027,-0.131085846051653
1.7872177697961,1.29182377069961,-0.118131525108194
1.86189072418221,1.30003519970174,-0.106674449029731
1.93344233985623,1.3058899838674,-0.0961627953885399
2.00168704355067,1.30940043583453,-0.0859445679499978
2.06644975551859,1.31058329183399,-0.0753207874120934
2.12754661250578,1.30945488196472,-0.0635911788077875
2.18476820466254,1.30602699035355,-0.0500970455116261
2.23786653556892,1.30030626805009,-0.0342666888154747
2.28654654029785,1.29229829466166,-0.0156666605872822
2.33046419681075,1.28201591639377,0.00594205472658074
2.3692338540531,1.26948970471708,0.0305492414601712
2.40244606525306,1.2547766285987,0.0578533647279773
2.42969663872246,1.23796349829913,0.0872463584211046
2.45062313594554,1.21916230248165,0.117837838825934
2.46494197834842,1.19849721677642,0.148524732204608
2.47247849921405,1.17608647223562,0.178101569416919
2.47318144002441,1.15202343764108,0.205395107416469
2.46711872642917,1.12636236484596,0.229399221812199
2.45445624859884,1.09911242160756,0.249385595687221
2.43542568908896,1.07024138336058,0.264972774330946
2.410289023629,1.03968768158762,0.276147798538165
2.37930685728965,1.00737866708533,0.283245426474737
2.34271342375279,0.973251830783529,0.286895811770515
2.30069921832916,0.937276334185234,0.287951568662771
2.2534004737598,0.899472222875091,0.287400886634861
2.20089323959252,0.85992389949431,0.286268103402174
2.14319422062487,0.81878543792773,0.285501248614349
2.08026897868161,0.776274175389215,0.285848403773867
2.01205178168013,0.732651522626935,0.287733183607344
1.93847716577409,0.688191628707502,0.291150175404838
1.85952130544144,0.643143332655587,0.295609913458358
1.77524475337067,0.597694234636677,0.300162028718129
1.68582503695419,0.551947591539883,0.303510569621525
1.5915667743852,0.505919641816771,0.304208412973298
1.49288278949769,0.459558237739379,0.300889199718071
1.39025154997457,0.412776606692988,0.292480458613814
1.28416011226605,0.365489669605818,0.278347693175464
1.17504970812068,0.317642329653758,0.258345745518649
1.06327481405002,0.269222797594409,0.232783666788776
0.949081233773114,0.220260376736298,0.202331028532095
0.832604094572712,0.170811905400715,0.167900365176044
0.713880101281127,0.120941897557677,0.130533566425248
0.592870082513395,0.0707017067542306,0.0913086326202543
0.469488787713543,0.0201116161563907,0.051271555455532
0.343636497508846,-0.0308521439463483,0.0113893643481047
0.215236280252955,-0.0822627354455637,-0.0274815491084379
0.0842692790259468,-0.134239805871201,-0.0646196937484377
-0.0491890752637215,-0.186936811787711,-0.0994588428867536
-0.184938878569864,-0.240518915198133,-0.13160564769874
-0.322635702924447,-0.295133272644485,-0.16085149377206
-0.461786495981482,-0.350876531107054,-0.187173550434188
-0.601765366476006,-0.407765610823883,-0.21071920250308
-0.741849757705174,-0.465719779846385,-0.231770976191853
-0.881271201817738,-0.524558880020808,-0.25069301232426
-1.01927132096835,-0.58401970031882,-0.267866264207749
-1.15515095416776,-0.643786572423629,-0.283623277001614
-1.28830311443061,-0.703528798611471,-0.298194435851104
-1.41822443035577,-0.762935489207973,-0.311674167042734
-1.54450675785515,-0.821740725105758,-0.32401025645101
-1.66681483243171,-0.879735368271448,-0.33501350334945
-1.78485794529408,-0.936765874937141,-0.344380996757385
-1.89836331420547,-0.992723457322386,-0.351725117363575
-2.00705575662642,-1.04752766543334,-0.356601411286228
-2.11064720330736,-1.10110904553388,-0.358531500810165
-2.20883381307644,-1.15339258995346,-0.357019850850709
-2.30130014628351,-1.2042840924688,-0.351566948941579
-2.38772673155354,-1.25365925121222,-0.341683534137363
-2.46779757879914,-1.30135505256891,-0.326912070795282
-2.54120720607493,-1.34716447376354,-0.306861876320442
-2.60766397772515,-1.3908342557467,-0.281261365587207
-2.66689240195597,-1.43206866386916,-0.250026357526271
-2.71863378205386,-1.47054000816773,-0.213335237400163
-2.76264895030964,-1.50590769414717,-0.171694039780252
-2.79872362263276,-1.5378438035255,-0.12596886684186
-2.82667805536025,-1.56606166293354,-0.0773649160252658
-2.8463782942409,-1.59034042663843,-0.0273421086176718
-2.85774772322164,-1.61054046254206,0.0225245121593894
-2.86077379960857,-1.62660520786626,0.0707134754030824
-2.85550783364475,-1.63855039046574,0.115918721688869
-2.84205646070653,-1.64644437213775,0.157172060399274
-2.82056639339277,-1.650385178684,0.193907773653768
-2.79120346589381,-1.65047766217937,0.225967794673385
-2.75413371662911,-1.6468156874515,0.25355865297124
-2.70950330432264,-1.63946606086692,0.277174794789138
-2.65742909107657,-1.62845907752913,0.297501585552069
-2.5979928867613,-1.61378005393956,0.315304750368308
-2.5312535165442,-1.59537014434668,0.331312152853715
-2.45726625922462,-1.57313158535848,0.346092746922178
-2.37611969799105,-1.54694623938288,0.359945909111577
-2.28797335561071,-1.51670031953903,0.372818544891525
-2.19309812864919,-1.48231885483352,0.384274008993864
-2.09189455260815,-1.44379401255842,0.39352841026122
-1.98489403376329,-1.40120776487112,0.399559651251699
-1.87272491419219,-1.35473172384987,0.401268885898971
-1.75606568080027,-1.3046132719063,0.397662065621333
-1.6355816991072,-1.25114111142842,0.388006985226187
-1.51187874592039,-1.19461188806943,0.371937564513795
-1.38546650027293,-1.1352945582779,0.349488381901628
-1.25675196041206,-1.0734105237087,0.321069991763425
-1.12604773559235,-1.00912243274752,0.287401677705887
-0.993597599928322,-0.942537459044505,0.249426627448042
-0.85960645535368,-0.873717457610774,0.208226568100656
-0.724271472800036,-0.802695604092723,0.16494740159
-0.587809868888551,-0.729496535055525,0.120739165732592
-0.450480043227623,-0.654157770978578,0.0767084278649149
-0.312595739100677,-0.576751514659929,0.0338794045696994
-0.174532654945263,-0.497405451012556,-0.0068400298390213
-0.0367270501686985,-0.41631979990614,-0.0446896310901047
0.100332265733916,-0.333778983617909,-0.0790848867572452
0.236117394744654,-0.250154649467515,-0.109639402969346
0.370077503471113,-0.165899347193932,-0.136177598378312
0.50165532552909,-0.0815295231119492,-0.158733574688185
0.630301292667418,0.0024000707682185,-0.177533291601686
0.755483239183007,0.0853275562900087,-0.192959196764084
0.876690931265146,0.166715853537648,-0.205499641803061
0.993436053877392,0.24608089036133,-0.215688429013569
1.10524913032863,0.323012921635543,-0.224042115020726
1.21167653189222,0.397190100473061,-0.231003632646589
1.31228020587574,0.468385666938246,-0.236899233271451
1.40664206427806,0.536471319890814,-0.241912558404589
1.49437522889673,0.601419716438198,-0.246075938735669
1.57514060320727,0.663307022253019,-0.249275428567239
1.64867080798314,0.722316197617082,-0.251265549747952
1.71479565941556,0.778737518048839,-0.251689618090378
1.77346860322677,0.832964119121189,-0.250105171007401
1.82478726670445,0.885478399425643,-0.246016332782557
1.86900422321295,0.936827733908122,-0.23891760219121
1.90652334287175,0.987589565718929,-0.228353120748573
1.93787926975103,1.03832849826011,-0.213992069604836
1.96369956939488,1.08954964317301,-0.195714084293527
1.98465301970408,1.14165401120325,-0.17369019637406
2.00138965088831,1.19490151005194,-0.148437510026272
2.01448216684685,1.24938732241803,-0.120824217034904
2.02437929251583,1.30503591600063,-0.0920087433859386
2.03138017310231,1.36161438188424,-0.0633133542403005
2.03563470365725,1.41876334832127,-0.0360534752627357
2.0371677265746,1.47603965424131,-0.0113602604017248
2.0359187118828,1.53296212694739,0.00996268590655089
2.03178597668924,1.58905181944336,0.0275191062492875
2.02466447271787,1.64385957030206,0.041327701509584
2.014472847219,1.69697953435332,0.0517687324342804
2.00116698416518,1.74804889114312,0.0594921932468684
1.98474317784281,1.79673838146602,0.065311417714866
1.96523439536722,1.84273840399006,0.0701001511302094
1.94270285450238,1.8857448419402,0.0747030151513767
1.9172320130482,1.92544829095871,0.0798627409116293
1.88891951702505,1.96152852927014,0.0861640992990769
1.85787255195356,1.99365538428311,0.0939940455320785
1.82420593528931,2.02149543156485,0.103518815482259
1.78804287229446,2.04472290130181,0.114680079650342
1.74951817102621,2.06303267752848,0.127212219674828
1.70878172061732,2.07615129707653,0.140680749536888
1.6660016685969,2.08384429874558,0.154538330687305
1.62136423851365,2.08591657806272,0.168190632115119
1.57507066858115,2.08220758178923,0.181061917975639
1.52732941219096,2.07258110473082,0.192650011292447
1.47834586363297,2.05691445775739,0.202563509097686
1.42831000444163,2.03508888465441,0.210538562735034
1.37738396636767,2.00698414502157,0.216437439190229
1.32569110260592,1.97247877569855,0.220234387425926
1.27330770239595,1.93145632659201,0.221995450386303
1.22025704719078,1.88381562879685,0.221857718047609
1.16650693435331,1.82948539483192,0.22001150780391
1.11196914493985,1.76844008869636,0.216685745102425
1.056500609297,1.70071628614461,0.212134572253872
0.999905504628948,1.62642806315562,0.206621586867718
0.941937358169359,1.54577899058115,0.200397858328273
0.882303077011532,1.45907106463154,0.19367189555563
0.820669563180054,1.36670672991978,0.186572509808023
0.756676396682403,1.2691829703954,0.179110256245024
0.689957576434948,1.16707637766354,0.171147117394149
0.620172604841603,1.06101824918099,0.162385627707504
0.547044051033512,0.951661644972293,0.152386401534881
0.470395292815207,0.839645408370262,0.140616566355669
0.390179520736107,0.725560891025165,0.126522681989782
0.30649224201137,0.609926930501334,0.109614353087883
0.219564117442123,0.493177099546331,0.0895422099926989
0.129735854313482,0.375659144796721,0.0661566733072748
0.0374212900725898,0.257643847033727,0.0395404326619761
-0.0569333403236831,0.139339338671836,0.0100144807236867
-0.152887138493672,0.0209062923958708,-0.0218780437837132
-0.250034201690551,-0.0975281710977592,-0.0554042748828072
-0.348022951521484,-0.215859376952848,-0.0896856915317705
-0.446564368128594,-0.333996105032436,-0.123751315823312
-0.545429401630041,-0.451852401044114,-0.156599450966047
-0.644436296645023,-0.56933859119968,-0.187267756299271
-0.743428930627816,-0.686350227175031,-0.214909673796054
-0.842248536916702,-0.802754908440098,-0.238871482083596
-0.940702264656131,-0.918377930143329,-0.258759280201388
-1.03853477349666,-1.03298997985879,-0.274481633429959
-1.13540872452953,-1.14629971340361,-0.286253064244249
-1.23090156156704,-1.25795587873445,-0.294549698813846
-1.32452010964784,-1.36755925001069,-0.300018723380917
-1.41573168880318,-1.47468375550776,-0.303357149645141
-1.50400427157301,-1.57890203993313,-0.30518499576705
-1.58884566371417,-1.67980919284574,-0.305939866513229
-1.66983326100681,-1.77703963931745,-0.305812815194974
-1.74662884539124,-1.87027361133076,-0.304732436155917
-1.81897886950928,-1.959233883081,-0.302391855909156
-1.88670339597089,-2.04367485106549,-0.298305340426173
-1.94967833579797,-2.12336711544015,-0.291879586236127
-2.00781610169663,-2.19808167428346,-0.282487794982124
-2.06104697830344,-2.26757576792536,-0.269539132604446
-2.10930380216857,-2.33158364504639,-0.252540550597673
-2.15250937578152,-2.38981255023194,-0.23114982838778
-2.19056818138907,-2.44194634191924,-0.205219118000157
-2.22336133078881,-2.48765535272885,-0.174826649854704
-2.25074745974964,-2.5266139391128,-0.140293139603382
-2.27256796854208,-2.55852117312588,-0.102178509130692
-2.28865768275896,-2.58312255234449,-0.0612561708928605
-2.29886010142082,-2.60022908473122,-0.0184650433152102
-2.30304312122698,-2.60972811152092,0.025156511912676
-2.30111495277935,-2.61158680410931,0.0685468272328451
-2.29303435537002,-2.60584498801795,0.110697224729771
-2.2788161164476,-2.59260264764843,0.150718813122688
-2.25852894697661,-2.57200300032151,0.187892585110834
-2.23228870657915,-2.54421731419875,0.221699485651291
-2.20024701467898,-2.50943276859724,0.251830755611847
-2.16257850493386,-2.46784677727793,0.27818173275169
-2.11946731718212,-2.41966705478673,0.300833085772746
-2.07109368001488,-2.36511624317084,0.320022722128615
-2.01762341584166,-2.30444155788788,0.336110199237305
-1.95919833177829,-2.23792371070038,0.349532926484364
-1.89593215014498,-2.16588632560405,0.360753575413726
-1.8279113648187,-2.08870069782937,0.370198289820297
-1.75520507028432,-2.00678655032242,0.378189168014392
-1.67788152683521,-1.92060417297446,0.384878048533676
-1.59603291261536,-1.83064101470785,0.390194283657136
-1.50980156139803,-1.73739102398345,0.393820420371659
-1.41940279186638,-1.64133122246431,0.395208549171917
-1.32513649165687,-1.54289842660693,0.393642240260619
-1.22738348713854,-1.44247137961434,0.388338105518398
-1.12658524473781,-1.34036050097256,0.378568945431192
-1.02321166216407,-1.23680678872041,0.363783653888117
-0.917725300338468,-1.13198896815862,0.34369983272937
-0.810549540318328,-1.02603472863596,0.318352871430008
-0.702047189704629,-0.919032285278311,0.288097639267881
-0.592512763459342,-0.811040044827061,0.25357011911146
-0.482176272246613,-0.702091848850382,0.215621880376649
-0.371216664924728,-0.592199201952311,0.175241940587939
-0.259779976996717,-0.481350952170422,0.133476733463367
-0.148001194940995,-0.36951564962638,0.0913560810919471
-0.0360250868972653,-0.256646505364453,0.0498277516342216
0.0759741447230374,-0.142693455674407,0.00970322668773331
0.187777581207268,-0.0276214996106768,-0.0283840377347511
0.299113188962924,0.0885676625697301,-0.0640055889334482
0.409655918347543,0.205813025306079,-0.0969466029344311
0.519035775121395,0.323976107180144,-0.127193293107653
0.626852589135905,0.442829712941558,-0.154898162380231
0.732694818315215,0.562057005767519,-0.180326410996919
0.836160325301014,0.681262701317531,-0.203791284301573
0.936875311151982,0.799994858350055,-0.225588721999585
1.03450826864931,0.917773038303774,-0.245942039644211
1.12877594086441,1.03411624230181,-0.264964667570628
1.21944306522802,1.14856688221903,-0.282645202597437
1.30631491440433,1.26070523992544,-0.298853101871119
1.38922818624122,1.37015610158931,-0.313360672285046
1.46804103070276,1.47658714695965,-0.325873908255792
1.54262379287593,1.57970098892039,-0.336065145581404
1.61285506892441,1.67922699636549,-0.343602888984724
1.67861723412519,1.77490926591202,-0.348174498101585
1.73979750646008,1.86649883860012,-0.349502427553123
1.79628773717943,1.95374497747482,-0.347353967709649
1.84798638302607,2.0363902924812,-0.341547779373774
1.89479923093847,2.11416698171731,-0.331959509213161
1.93664046137491,2.18679636637768,-0.318529430350375
1.97343214119727,2.25398983472944,-0.301273394828739
2.00510529302808,2.31545454197868,-0.280297680814379
2.03159951505656,2.37090002767114,-0.255815405189516
2.05286638916535,2.42005082760638,-0.228161565538274
2.06887145038587,2.46265798755746,-0.197800996696975
2.07960031971101,2.49851462746322,-0.165324837573584
2.0850626272381,2.52746698100591,-0.131431025077058
2.08529737351059,2.54942441385763,-0.0968882668518881
2.08037437236789,2.56436198291253,-0.0624856659742837
2.07039404049199,2.57231861690777,-0.0289741080989744
2.05548210515448,2.57338822492118,0.00299283679340839
2.03578226874363,2.56770812573644,0.0329104099850926
2.01144507854202,2.55544390039799,0.0604601821340173
1.98261686385252,2.53677575284428,0.0855296621942505
1.94942770418441,2.51188476132273,0.108212334584457
1.91198231700042,2.48094290593873,0.128787975882742
1.8703535554568,2.44410495195613,0.147683494204197
1.82458202539392,2.40150490386581,0.165414968397992
1.77468280085533,2.35325679810836,0.182512534149763
1.7206605243368,2.29946088804346,0.199432589722615
1.66253343543258,2.24021695092897,0.216466642886669
1.60036211264625,2.175642269404,0.233661488842734
1.5342782952305,2.10589339966762,0.250769701340137
1.46450537686362,2.03118600145949,0.267248399663252
1.39136227270589,1.95180627519706,0.282316063258045
1.31524781294416,1.86811045412664,0.295062795941666
1.23660668688338,1.78050918439141,0.304592650146408
1.15588644200075,1.68944127593172,0.310166196106154
1.07349641319411,1.59534248885094,0.311311365803216
0.989779499771119,1.49861797206292,0.307882055125761
0.90500136760267,1.39962307935062,0.300060047988272
0.81935726330946,1.29865554895413,0.288310514952223
0.732991784646145,1.19595813867989,0.273308689843799
0.646024986001936,1.0917282087286,0.255855348375027
0.558579581400424,0.986132369991187,0.236794704466928
0.470804210548128,0.879322594091763,0.216942188930435
0.382890047547552,0.771452655057405,0.197025500794394
0.295078994047402,0.662693377774939,0.177639758204249
0.207662842873983,0.553245546043113,0.159217087532024
0.120973794725761,0.443348545751736,0.142011031243788
0.0353681873296631,0.33328316557314,0.126096287486897
-0.0487935589727139,0.223367275518905,0.111383537050461
-0.131167155122629,0.113943686550825,0.0976474656630577
-0.211441021975459,0.00536179567386126,0.0845646648801194
-0.289346632104433,-0.102044759196718,0.0717564966029244
-0.36466159526855,-0.207980058132581,0.0588322117880542
-0.43720629020472,-0.312203578461028,0.0454280610275905
-0.506836110295666,-0.41454016503784,0.0312396717624358
-0.573432130889904,-0.514880791355501,0.0160465121286747
-0.636892319509455,-0.613174494842066,-0.000271590646256592
-0.697125325142917,-0.709414055741913,-0.0177249749030641
-0.75404676042176,-0.803617914206277,-0.0362105942395494
-0.807579333391579,-0.895812580932817,-0.0555131646890755
-0.85765434673454,-0.986015801479438,-0.0753103607935134
-0.904217114865892,-1.07422477302665,-0.0951821257830992
-0.947231871068814,-1.16040569098191,-0.114625117239673
-0.986688166004519,-1.24448715100894,-0.133074434236255
-1.02260624326418,-1.32635525813456,-0.149935167983588
-1.05504031912545,-1.40585043385009,-0.164625978574531
-1.08407887338066,-1.48276703618735,-0.176635105278506
-1.1098403119942,-1.55685651638422,-0.185585587642902
-1.13246345922638,-1.62783575599097,-0.191301622838575
-1.15209407830127,-1.69540269574928,-0.193862997844601
-1.16886792901991,-1.7592570133971,-0.193631122124179
-1.18289483542982,-1.81912500483124,-0.19123197070813
-1.19424692012831,-1.87478310061003,-0.187488531812014
-1.20295405516864,-1.92607431334115,-0.183308312641913
-1.20900844616622,-1.97291432250287,-0.179545549057357
-1.21237580821124,-2.01528408909338,-0.176866658537582
-1.2130111448928,-2.05321309076872,-0.175647528945288
-1.21087313878242,-2.0867547793322,-0.175921322768682
-1.20593578889477,-2.11596205396825,-0.177381678337321
-1.19819467802307,-2.14086462377891,-0.17943323653621
-1.18766883778825,-2.1614513888386,-0.181274952247839
-1.17440004782875,-2.17765909223752,-0.182001102848169
-1.15845125754228,-2.18936798163282,-0.180708171067626
-1.13990557673269,-2.19640491228007,-0.17659917747077
-1.11886655783128,-2.1985552892161,-0.169078530122937
-1.09545981062837,-2.19558500629529,-0.157829249767528
-1.06983436469311,-2.18727038340178,-0.142861993894524
-1.04216239088129,-2.17343297944358,-0.124524671319662
-1.01263657344312,-2.15397398764926,-0.103464819940629
-0.981463573478835,-2.12889907150144,-0.0805454229866178
-0.948855081932367,-2.09832807516295,-0.0567266339888592
-0.915018325780469,-2.0624856231781,-0.0329360516182098
-0.880148872015632,-2.0216737202748,-0.00995416473026148
-0.844428187995727,-1.97623177585474,0.0116630074282835
-0.808027129758198,-1.92649261066043,0.0316133409896481
-0.771114000702307,-1.87274219521469,0.0498325150478683
-0.733864831623965,-1.8151922104555,0.0664450329072269
-0.696472074615562,-1.75396966359899,0.0816995149109335
-0.659149054278056,-1.6891264250264,0.095904421821298
-0.622128690754145,-1.62066585710999,0.109375558224259
-0.585657276544401,-1.54858021437377,0.122400543821175
-0.549985250321479,-1.47288938177093,0.135219796439436
-0.515357358642936,-1.39367246549618,0.148019793146359
-0.4820037119143,-1.3110867189084,0.160932774826072
-0.4501321749576,-1.22537278953984,0.174037427820635
-0.41992173833517,-1.1368486304373,0.187356712379779
-0.391516338240511,-1.04589557754068,0.200851192121718
-0.365019090545081,-0.95293979859503,0.214408488098264
-0.340487721978096,-0.858431630076829,0.227831543007556
-0.317932457805395,-0.762824450218566,0.240829821076064
-0.29731757342199,-0.66655435584886,0.253018033990574
-0.278567382598239,-0.570022480303589,0.263926364233258
-0.261576477112266,-0.473582056834189,0.273024306300596
-0.24622269296249,-0.377531500359677,0.279757248360861
-0.232380735962139,-0.282114530599798,0.283592214805551
-0.219934008299011,-0.187526600685197,0.284066894008123
-0.208782742913034,-0.0939258265283557,0.280835480473447
-0.198847439684264,-0.0014457410390796,0.273705711708809
-0.190067724426173,0.089792757941245,0.262663613965773
-0.182397386428691,0.179672445894874,0.24788448948485
-0.175796875961826,0.268074833626211,0.229730480267198
-0.170224448792721,0.35487931006422,0.208735403171133
-0.16562710386924,0.439965597462577,0.185577223863721
-0.161932222198331,0.523218118030591,0.161037452991333
-0.15904099302036,0.604530717481731,0.135946527053005
-0.156824746915297,0.683809942346996,0.111115063629849
-0.155125608686975,0.760975799800755,0.0872541432496948
-0.153762290614943,0.835958413000417,0.0648923191808708
-0.152541462164435,0.908691355225676,0.0443031216443052
-0.151273292931807,0.97910207083932,0.0254602611179681
-0.149788439812949,1.04710199207188,0.00803713122595954
-0.147952554370331,1.11257912645819,-0.00854039685998569
-0.145674633018759,1.17539599815732,-0.0249920954077148
-0.142906842277858,1.23539224897159,-0.042051196334165
-0.139636618071622,1.29239397662163,-0.0603300498832925
-0.135873268132363,1.34622491543331,-0.0802120339018627
-0.131632683430358,1.39671618162124,-0.101788938946332
-0.126923679858219,1.44371503608866,-0.124849468825468
-0.121737345359669,1.4870865642158,-0.148911908142311
-0.116040413191275,1.52671301796547,-0.173287222010425
-0.109771942334487,1.56248865369434,-0.197157293714808
-0.102842796924689,1.5943133839107,-0.219656102110035
-0.0951373465453821,1.6220861905377,-0.23994571579207
-0.0865172672173604,1.64570080086681,-0.257282698675007
-0.0768273262893794,1.66504313378445,-0.271072126374411
-0.0659032310421741,1.6799940459362,-0.280907343582072
-0.0535808203273229,1.69043426444294,-0.286592508238201
-0.0397056599456975,1.69625370620309,-0.288145927770016
-0.0241413656207633,1.69736206193628,-0.285782935708061
-0.00677503050385516,1.69369925576199,-0.279880166541063
0.0124814194519049,1.68524390185351,-0.270926417481987
0.033694207310359,1.67201803640442,-0.259467917624258
0.0569142557979896,1.65408755607799,-0.2460566216033
0.0821858149555213,1.63155842856518,-0.231208508628353
0.109555475776223,1.60456913124745,-0.215375541480827
0.139080255963925,1.57328146449604,-0.198931414238738
0.17083405207331,1.53787025420376,-0.182168146543531
0.204912405757773,1.49851377745868,-0.165299476996009
0.241435928695241,1.45538649608817,-0.148467136538943
0.280552627155212,1.40865450570318,-0.131747124225572
0.322439127655529,1.35847531708486,-0.115154768528499
0.367300085289203,1.30500233991198,-0.0986486899796125
0.415364363684141,1.24839473532684,-0.0821349969899442
0.46687585025358,1.18883285234631,-0.0654737741559186
0.522076293162877,1.12653890423689,-0.048490118352323
0.581177610535823,1.06180157275919,-0.0309914437418175
0.644322023503598,0.995001499627571,-0.0127913700914753
0.711530666420017,0.926632784640423,0.00626165607494177
0.782645070602321,0.857313816488799,0.0262552908171821
0.857270446722243,0.787780047062036,0.0471897638306493
0.93473400747917,0.71885366003136,0.0689658033692266
1.01407294789016,0.651390070944774,0.0913875621095575
1.09406303602988,0.586208140798232,0.114180040480095
1.1732904844232,0.524017771857021,0.137016602774681
1.2502576271981,0.465360624120132,0.159550138561303
1.32350294200618,0.410576760998674,0.181442018841769
1.39171149754779,0.359802197772195,0.202385204284221
1.45379577606741,0.312993565913962,0.222120097000902
1.50893617998452,0.269969699432065,0.240442792125829
1.55658251100918,0.230458426249817,0.257205664815924
1.59642620485663,0.194139100126211,0.272310328104219
1.62835653817523,0.160675703370259,0.285693605997108
1.65241320641844,0.129739504479525,0.297308348835876
1.66874327034193,0.101022796841918,0.307101976590025
1.67756633374911,0.0742462771597317,0.314996388274505
1.67914851436025,0.0491624202524136,0.320872938493338
1.67378377677296,0.0255564427063038,0.324565505281985
1.66178011946975,0.00324564528992988,0.325863300944289
1.64344957320888,-0.0179225573583685,0.324523654474585
1.61910018040515,-0.0380738843283339,0.320292939306638
1.58902942804058,-0.0573115667606471,0.312932447050343
1.55351947420217,-0.0757215266597513,0.30224525311832
1.51283403447114,-0.0933778574295267,0.288099995347536
1.46721639524304,-0.110348014454482,0.270448249194683
1.41689018974117,-0.126697307271103,0.249334094534295
1.36205992799984,-0.142492283890525,0.224895107271342
1.30291406186157,-0.157803129050625,0.197356544096199
1.23962687192001,-0.172704991792297,0.167020034378028
1.17236257994727,-0.187278835537584,0.134249706267079
1.10127567663242,-0.20161150444509,0.0994567943438531
1.02651556069666,-0.215796280393434,0.063085604539795
0.94822516665976,-0.229932788760208,0.0256003019458306
0.866543977047107,-0.244127964081666,-0.0125256882186524
0.781606711995236,-0.258496744972824,-0.0508186707897382
0.693543337309238,-0.273163536149253,-0.0888117590971404
0.602479439972233,-0.288264457851093,-0.126050710237567
0.50853443493172,-0.30394960152062,-0.162098874721942
0.411821752517879,-0.320386579356891,-0.196541793743637
0.312448382922084,-0.337764559655124,-0.228991643959099
0.210514775405285,-0.356298932678505,-0.259091625335489
0.106115817370726,-0.376236721899121,-0.286520362499941
-0.000657123892421061,-0.397861893096847,-0.31099576827901
-0.109711676160352,-0.421500143233195,-0.332278089801315
-0.220946352991891,-0.447521254043276,-0.350171165224339
-0.334236710574529,-0.476336568194757,-0.364521137536902
-0.449413423735324,-0.508387740321275,-0.375211878623858
-0.566229944080887,-0.544121210269647,-0.382156441756074
-0.684318995114119,-0.583942582277418,-0.385284833173485
-0.803140663204873,-0.628146122086276,-0.384529164587758
-0.921931288544632,-0.67682050301516,-0.379808879123993
-1.0396700859426,-0.729743358358371,-0.371020141481669
-1.15508580321215,-0.786293246502268,-0.358034263333199
-1.26672141520004,-0.845419862784957,-0.340708671802161
-1.37305786835784,-0.905709837888337,-0.318910519333974
-1.47267072023073,-0.965555437543414,-0.292547921980585
-1.56437369354986,-1.02338702519594,-0.261600792904641
-1.64730485551387,-1.07789432584741,-0.226144336782549
-1.72093637454747,-1.128164430395,-0.186363474874127
-1.78502153971257,-1.17370609183743,-0.142562026893956
-1.83951226437238,-1.21438027031997,-0.0951721153367377
-1.88447943029302,-1.25028512451705,-0.0447660691665688
-1.92005583415078,-1.2816424371028,0.00793239864298845
-1.94640618464368,-1.3087127891756,0.0620454764303955
-1.96371847782412,-1.33174587755939,0.116555573260048
-1.97220712555678,-1.35095913357322,0.170341902048897
-1.97211944239463,-1.36653373217614,0.222238379134592
-1.96373923106911,-1.37861785162017,0.271105195361661
-1.94738537533214,-1.38733121541346,0.315901926297255
-1.92340568018692,-1.39276830512879,0.355749348061748
-1.89216812870631,-1.39500034804434,0.389970369855848
-1.85405189361085,-1.3940771272539,0.418106042161393
-1.8094401900514,-1.39002987330385,0.439908369456838
-1.75871546029895,-1.38287549137278,0.4553155585781
-1.70225759563126,-1.37262260012411,0.464417235290614
-1.64044315385848,-1.3592778103801,0.467416165802257
-1.57364606377935,-1.34285256877592,0.464592041539759
-1.50223737575991,-1.32336855530322,0.456270101757795
-1.42658526581215,-1.3008624295877,0.442796633127414
-1.34705281024116,-1.27538760877705,0.424521024155973
-1.26399617586768,-1.24701500927786,0.401784849217879
-1.17776182301582,-1.21583131898308,0.374916807979951
-1.08868378675538,-1.1819355776686,0.3442328799868
-0.997082005102005,-1.1454350916657,0.310040952077475
-0.903261761784815,-1.10644093806487,0.272648821711438
-0.807513515315171,-1.06506307543249,0.232374192780218
-0.710115175011661,-1.02140754805555,0.189556227486
-0.611334501976065,-0.975574129927446,0.14456683168421
-0.511431926456379,-0.927655079694813,0.0978207992189353
-0.410664760522664,-0.877736925101372,0.0497842268726058
-0.309289230086324,-0.825900275066405,0.000979520066017675
-0.207563815244373,-0.772222901419355,-0.0480125632267427
-0.105750543949802,-0.716780188129564,-0.0965548339539089
-0.00411668487699156,-0.659647054410162,-0.143959135850052
0.0970642496052825,-0.60089900719448,-0.189495567451417
0.19751170938144,-0.540612717262439,-0.232405427727092
0.296937222914291,-0.478867447432977,-0.271918355654823
0.395043502878645,-0.415746459584201,-0.307274071353483
0.491522736402251,-0.351338946218059,-0.337749112909805
0.586053789504687,-0.285743424420119,-0.362688997600972
0.678297665729482,-0.219072631404617,-0.381545049411519
0.767891307619839,-0.151460434902924,-0.393914053059346
0.854439822407728,-0.0830703709846068,-0.399576522664866
0.937508500954275,-0.0141054391319872,-0.398527674405823
1.01661619682853,0.0551819370082986,-0.390993494968636
1.09123177539113,0.124480996676881,-0.377424609287177
1.16077492822856,0.1934158680191,-0.358463537475773
1.22462161747306,0.261541743528719,-0.334886332890039
1.28211179594908,0.328344449411302,-0.307525881238726
1.33255674501697,0.393244033455235,-0.277190055279358
1.37524270974993,0.455604044478833,-0.24458980341184
1.4094295516037,0.51475028869378,-0.210289981735101
1.43434865538013,0.570005981562952,-0.174690142908787
1.4492086454573,0.62075171700088,-0.138035419179725
1.45322456568101,0.666517206298914,-0.10045297324965
1.44568769814631,0.707102567547681,-0.0620078011368822
1.42608692484516,0.742709292718559,-0.0227731338320517
1.39427409104497,0.774039820386976,0.0170875803877464
1.35063537473037,0.802312696858125,0.0572324469223578
1.29620681568133,0.829155904306556,0.0970613189276376
1.23267269540882,0.856385283566206,0.135672720251846
1.1622221081329,0.885726607208898,0.171891793485047
1.08729488449139,0.918565104210076,0.204388518923303
1.01028759289639,0.955788399934918,0.231868888489524
0.933296592307368,0.997745698282016,0.253284197746868
0.857951162331635,1.04430507016661,0.267991691931098
0.785354126578087,1.0949692306863,0.275822351601999
0.716115950243697,1.14900860597314,0.277052353129043
0.650450191459187,1.20558167516746,0.272308461391053
0.588293894716895,1.2638265312591,0.262449295936252
0.529424635710051,1.3229212466594,0.24845700181307
0.473557242772654,1.3821176749469,0.231357091911496
0.42041437068466,1.44075660743219,0.21216871621176
0.369772030167596,1.49827154909452,0.19187754096626
0.321484320616669,1.55418656439253,0.171419368199084
0.275491577271383,1.60811008983381,0.151662701751846
0.231815687360584,1.65972609026739,0.133381789246996
0.190544850409304,1.7087811659403,0.117216211581701
0.151809970610649,1.75506710338024,0.103619203110609
0.115755230811808,1.79839868731119,0.0928031894998662
0.0825066686063579,1.83858840550937,0.0846965188355416
0.0521439718054432,1.87542157317113,0.0789278229629897
0.0246814440561677,1.90863779680892,0.0748518004221911
6.30244473853905e-05,1.93792269588451,0.0716213224587373
-0.0218264996315802,1.96291358466682,0.0682980028200577
-0.0411362024210066,1.98321753310019,0.0639810306980618
-0.0580156227565808,1.99843657003739,0.0579280415885518
-0.0725812024438802,2.00819242301889,0.0496450352351066
-0.0848898917845505,2.0121450354533,0.0389334156753702
-0.0949245918261321,2.00999892717807,0.0258955537268645
-0.102593076060431,2.00149971999655,0.0109106433383586
-0.107739536674,1.98641975254208,-0.00540417816120166
-0.110167126838886,1.96454027888948,-0.0222355081116456
-0.109669507192952,1.93563020663251,-0.0386142377627744
-0.106069775877374,1.89942975258892,-0.0534600753539221
-0.0992638497880569,1.85563672166522,-0.0656428041372682
-0.0892638923147562,1.80390695467586,-0.0740758108214753
-0.0762335631448169,1.74386494001109,-0.0778525474065545
-0.0605051066294383,1.67513365969146,-0.0764218814565923
-0.0425684657350903,1.59737832106036,-0.0697742998149718
-0.0230293120148054,1.5103581330633,-0.0585853643640406
-0.00254494017925276,1.41397444650412,-0.0442498600849725
0.0182401105746606,1.30830058990851,-0.0287559980081244
0.038732010065195,1.19358977402192,-0.0143985611139614
0.058382798691595,1.07026612253554,-0.00339409739166232
0.0766487674870496,0.938914607467365,0.0024951993088541
0.0929394500616553,0.800282721577213,0.00222696085702134
0.106590936227513,0.655293626732532,-0.00441978546944751
0.116884768419064,0.50505585540535,-0.0168987093382244
0.123111045257748,0.350849280114677,-0.0340556116494211
0.124654546420922,0.194073857156617,-0.054332486331392
0.121075172354684,0.0361642596045083,-0.07596891324869
0.112159480612427,-0.12151157863889,-0.0971757525317963
0.0979333734245981,-0.277744922721511,-0.11627563732209
0.0786393232512106,-0.431548408399766,-0.131816342475972
0.0546895659431187,-0.582177625898431,-0.142665980170654
0.0266080811172258,-0.729113885256539,-0.148094459250619
-0.00502853814622701,-0.872018507277977,-0.147836713920319
-0.0396448358173725,-1.01067235615197,-0.142124028125185
-0.0767104770485427,-1.14491337078865,-0.131665621706314
-0.115770647687896,-1.27458287400231,-0.117567800646167
-0.156459794016048,-1.399487986523,-0.101192296156775
-0.198497974381232,-1.51938457543907,-0.0839741001973567
-0.241672947447862,-1.63398030778915,-0.0672332548800817
-0.285814766728306,-1.74295314356624,-0.0520177052821994
-0.330770924416092,-1.84597654720077,-0.0390039497925989
-0.376388602942419,-1.94274298684104,-0.0284641394808837
-0.422507164808124,-2.03297952407088,-0.0202906240091826
-0.468960588443329,-2.11645365439265,-0.0140584607273781
-0.515587261842555,-2.19297134825419,-0.00910522687676091
-0.562243341423495,-2.26237049450203,-0.00461354697674805
-0.608815666066926,-2.32451368262335,0.000309206548649459
-0.655230032457405,-2.37928275671631,0.00655178432208754
-0.70145085978142,-2.42657668914997,0.0149146407267196
-0.747469104556164,-2.46631338010391,0.0260162834820403
-0.793277481865364,-2.49843566316547,0.0401936391179527
-0.838835053965842,-2.52291897298169,0.0574100526302021
-0.884029086424701,-2.53978155837931,0.0771943956462573
-0.928643733999028,-2.54908976432767,0.0986381904196308
-0.972349090285441,-2.55096079667031,0.120470507892916
-1.01471653235809,-2.54555543422109,0.141210512126804
-1.05526109976338,-2.53306578514448,0.159372212007405
-1.09349877038068,-2.51369665706889,0.173675501291356
-1.12900347463425,-2.48764852983044,0.183214591365631
-1.16144735864678,-2.45510349978692,0.187550298709878
-1.19061673915694,-2.41621869551674,0.186719385021534
-1.21640382612935,-2.37112653815766,0.181177745342394
-1.23878087329724,-2.31994037578736,0.171705963348669
-1.2577660008121,-2.26276381901077,0.159304165572471
-1.2733873488657,-2.19970006242888,0.145092838970863
-1.28565150814542,-2.13086119535933,0.13022483068516
-1.29451835525051,-2.0563751946285,0.115804924370135
-1.29988529071324,-1.97639233953565,0.102810656980057
-1.30158252584945,-1.89109088727923,0.0920105946237847
-1.29938168812492,-1.80068326860082,0.0838836144561933
-1.29301722254315,-1.70542122151007,0.0785516044616417
-1.28222039318464,-1.60560221543828,0.0757451980342001
-1.26675621325999,-1.50157034787184,0.0748218293559999
-1.24645782567625,-1.39371499546617,0.0748467920260593
-1.22124523862114,-1.2824609117126,0.0747299921310331
-1.19112628057192,-1.16825473402767,0.0733929248439437
-1.15617830966519,-1.0515475101743,0.0699288091560864
-1.11651911766329,-0.932778809543445,0.0637215715300901
-1.07227658888403,-0.812365547518121,0.0545040627061271
-1.02356522681393,-0.690696940985147,0.0423554534784153
-0.970474237176059,-0.568135448252541,0.0276534122174738
-0.913067950570142,-0.445022113372975,0.0110033129524837
-0.851395296551354,-0.321683204301015,-0.00683562713662497
-0.785504980629562,-0.198436277435108,-0.0250149287662522
-0.715463176913412,-0.0755946240996095,-0.0426487132802602
-0.641371121427764,0.0465298913398399,-0.0588566411015421
-0.56338123416221,0.167624397104668,-0.0728057053191005
-0.481710336751278,0.28737148624691,-0.0837589143408471
-0.396648488549682,0.405443219682696,-0.0911353879894983
-0.308561928483344,0.521492343210723,-0.0945796945924357
-0.217888240769142,0.635142087155991,-0.0940297699063971
-0.12512280495153,0.745977893590381,-0.0897653270226771
-0.0307969684931797,0.853545553867047,-0.0824159918835288
0.0645493656312116,0.957359514211997,-0.0729137952166058
0.160395838126606,1.05692255810723,-0.0623884016129629
0.256264739768422,1.15175364189927,-0.0520211229453899
0.351734494171282,1.24141716918583,-0.0428877351825081
0.44644191295624,1.32554616083266,-0.0358235235973389
0.54007548016125,1.40385450072017,-0.0313353540190909
0.632364786016186,1.47613759056155,-0.0295696804035726
0.723071777127852,1.54226433248839,-0.0303300164828428
0.811988049175875,1.60216566765221,-0.0331285054995345
0.898939070733914,1.65582336899177,-0.0372555229102227
0.983793152873648,1.70326113747176,-0.0418565383290486
1.06647082804858,1.74453827989987,-0.0460126518647436
1.14694935750282,1.77974502012663,-0.0488264610928476
1.22525732018079,1.80899787494838,-0.0495157170182502
1.30145653269583,1.8324346677077,-0.047512901697619
1.3756108063211,1.85020780228334,-0.0425606568470965
1.44774619181768,1.86247660547054,-0.0347842226597136
1.517811130113,1.86939934445381,-0.0247173940715672
1.58564707951661,1.87112559754076,-0.0132626123526536
1.65098010768434,1.86779118022067,-0.00158022746606371
1.71343667627547,1.85951500126976,0.00907715521377665
1.77258184919513,1.84640015786696,0.0175508199843196
1.82796760156704,1.82853648961431,0.0229411255782809
1.8791803563992,1.80600635537911,0.0247185181224165
1.92587434990176,1.77889000572227,0.0227659487752264
1.96778745376047,1.7472720927091,0.017358586018511
2.0047381443309,1.71124716096124,0.00909989740286783
2.0366077464614,1.67092385448852,-0.00116358509736408
2.06331432781024,1.62642845823566,-0.0124313000487591
2.08478210248766,1.57790608894524,-0.0236324601217064
2.10091185915525,1.52552076578487,-0.0337033794143714
2.11155517506771,1.46945330049325,-0.0416616179318089
2.11649816213673,1.40989901669914,-0.0466804441515945
2.11545619188165,1.3470642494277,-0.0481634259324294
2.10808483547586,1.2811643975487,-0.0458128465566211
2.09400722691222,1.21242419925207,-0.039679602456502
2.07285404686177,1.14108042815935,-0.030179310712822
2.04431161785383,1.06738844546494,-0.0180620030654065
2.00816670692949,0.991630186632893,-0.00433147252115534
1.9643398894627,0.914122083414647,0.00987710706934145
1.91290058284045,0.83521982814148,0.0234409975315616
1.85406276247784,0.755317915636033,0.0353888156000342
1.7881657991587,0.674843461382304,0.0450103961672858
1.71564623639747,0.594244670834379,0.0519225682129218
1.63700773094158,0.513976093873856,0.0560879439750331
1.55279235628974,0.434482333771101,0.0577940422057918
