0,0,0,0,0,0,0
0.166917823475629,0.000168659384268821,0.000762262198057435,0.0437456814776818,0.000112111633828129,-0.000825101404689089,-0.000993098756159597
0.333382962956401,0.000538483923893052,0.00149613651100619,0.0874025541669063,0.00021380953282445,-0.00165912797846005,-0.00196198837865899
0.498951223585397,0.00131552230565252,0.00217385911739789,0.13089590539488,0.000293662436044602,-0.00250911133853492,-0.00288197479660048
0.663191788225953,0.00271361643639753,0.00276927082749018,0.174174467494458,0.000338590311117969,-0.00337832669558998,-0.00372761473739599
0.825685365469132,0.0049535157964426,0.00325937330249492,0.217210801482503,0.000333978598345239,-0.00426458149528087,-0.0044728684385289
0.986013673934531,0.0082567230648198,0.00362642432666184,0.259989954483066,0.00026480645956219,-0.0051589208287415,-0.00509180368426133
1.14374061151615,0.0128331360508904,0.00386021895568533,0.302486433011158,0.00011785377556749,-0.0060451401030857,-0.00555987220802054
1.29838873265639,0.0188620807310605,0.00395994142911652,0.344633546120142,-0.000115278151251922,-0.00690050468284254,-0.00585562162556135
1.4494176842855,0.0264666961517011,0.00393488245785311,0.38629302797406,-0.000435012095400564,-0.0076978888940186,-0.00596254807345016
1.59621292500253,0.0356817609852437,0.00380349031164816,0.427234696174702,-0.000831525405401673,-0.00840917196536141,-0.00587070952908709
1.57167252022573,0.0424704091331387,0.00348207149113363,0.422810565250191,-0.00129351854253445,-0.00810314847154149,-0.00469467854852739
1.54219451813915,0.0491161324263452,0.00322676601550944,0.41664174052168,-0.00175640280251944,-0.00767870958198287,-0.00341937982086944
1.50778702114453,0.0554572927264073,0.00304135828343133,0.40861201990761,-0.00220962688596147,-0.00715994987408494,-0.00208284962243522
1.46855283779294,0.0613792112194173,0.00292548454149886,0.398717600178445,-0.00265074255301578,-0.00657344254560286,-0.000720701306506039
1.42466128710393,0.066796449928692,0.00287745788033123,0.387031672574475,-0.00308246405025649,-0.00594590573990129,0.000633709895949316
1.37631355386196,0.0716279283828671,0.00289561156164602,0.373660578875823,-0.00350903651854497,-0.005302850011476,0.00194880039917865
1.32370934629684,0.0757714706156607,0.00297813393918158,0.358700363012821,-0.00393274207756466,-0.00466774932760182,0.0031942363288569
1.26702029796675,0.0790848634937835,0.00312185626424062,0.342200471680025,-0.00435113316188011,-0.00406124060635327,0.00434060280761569
1.20637462809854,0.0813798869148399,0.00332076964916771,0.324140481385552,-0.00475543040677095,-0.00350001461866749,0.00535944809026797
1.14185669181977,0.0824336357746542,0.00356514012095232,0.304425077628298,-0.00513043008219102,-0.00299534820055692,0.00622384317154264
1.07352313211128,0.0820174950763266,0.00384190217359624,0.282900691128757,-0.0054561206088827,-0.00255156795599855,0.00690951951626967
1.00143385365696,0.0799386450738082,0.00413652762585304,0.259393117134348,-0.00571089650090206,-0.00216501358233599,0.00739650580687127
0.925691096609293,0.0760834206080177,0.00443590483527683,0.233759164669677,-0.00587577582637377,-0.00182413570895383,0.00767098628992554
0.846475626414261,0.0704489105603995,0.00473120587729061,0.205939101610008,-0.00593855015243825,-0.00151111247630989,0.00772692025322425
0.764067874935475,0.0631513545945187,0.00501959450458699,0.175993896416963,-0.00589662141159644,-0.0012048437819925,0.00756690898083349
0.678846318504232,0.0544074261419843,0.00530407587444233,0.144115035099184,-0.00575762722159111,-0.000884621777523579,0.00720196309107187
0.591263180336308,0.0444940906994519,0.00559158949147919,0.1106040570669,-0.00553773108409609,-0.000533492203648271,0.0066501650167369
0.50180587059632,0.0336996068181042,0.00589015117591389,0.0758296782219066,-0.00525827457580655,-0.000140482764168849,0.00593458358338818
0.410956031124475,0.0222792535808464,0.00620609882106491,0.0401767568077667,-0.00494192861059041,0.000298634366060676,0.00508098872394152
0.319156415002978,0.0104249644040011,0.0065422420351563,0.00400121556985025,-0.00460939879117874,0.000781842809471635,0.00411587346969506
0.226790655340745,-0.00174789720223496,0.00689724265096336,-0.0323999047297788,-0.00427729882202088,0.00130212743781277,0.00306508716103236
0.134176428905617,-0.0141983760444106,0.00726608456856536,-0.0688000217304034,-0.00395731261291862,0.00184890176905154,0.00195315816747881
0.0415724478192528,-0.0269460728553804,0.00764126946435671,-0.10503701548397,-0.00365645483986521,0.00240921410474326,0.000803259501410486
-0.0508003903710679,-0.0400495267746588,0.00801438333096544,-0.140993584473213,-0.00337814424696108,0.00296858398050892,-0.000362288786035645
-0.142729354356916,-0.0535805647439396,0.00837774083729256,-0.176570696549302,-0.00312379343857587,0.00351157096379013,-0.00152118396634772
-0.233982426236589,-0.0675974725100603,0.00872574388754299,-0.211660165212567,-0.00289459229210253,0.00402230162371355,-0.00265025594183739
-0.324287464136477,-0.0821186932231034,0.00905554556241738,-0.246118822135855,-0.00269318549637512,0.00448518184425977,-0.00372475090994306
-0.413317257174299,-0.0970991291220606,0.00936676392058963,-0.279746615781006,-0.00252498001727109,0.00488598726178282,-0.00471793176273847
-0.500681332725804,-0.11241309174056,0.00966018754344623,-0.312273232272328,-0.00239877476825188,0.0052134279433266,-0.00560116622550262
-0.585928586992903,-0.127849672045998,0.00993568504193752,-0.34335937476595,-0.00232635311582504,0.00546107394629359,-0.00634469925142768
-0.668564992422252,-0.143126075849715,0.0101898909090985,-0.372617691588272,-0.00232075252154017,0.00562923830446382,-0.00691924512058694
-0.748087361751283,-0.157920762032797,0.0104145888517898,-0.399653829306675,-0.00239322930304357,0.00572616234988584,-0.00729835209524299
-0.824028528751617,-0.171920808241204,0.0105967922229114,-0.424120723662837,-0.00254946826869041,0.00576781368059858,-0.00746121120547993
-0.896003172637278,-0.184869251028108,0.0107210480619084,-0.445771455609261,-0.00278616925973975,0.00577592574704556,-0.00739529896379249
-0.963740970870057,-0.196594199535539,0.0107734995087777,-0.464492967462449,-0.00308939374656561,0.00577452926412423,-0.00709814063398242
-1.02709671045423,-0.207006805027695,0.0107461425487624,-0.480307845903231,-0.00343573976379886,0.00578585646293602,-0.00657767594897157
-1.08603482685872,-0.216069875900412,0.0106393222513247,-0.493343395595201,-0.00379640286184414,0.0058267315099498,-0.00585116613491648
-1.14059426140105,-0.223753736872971,0.0104611986955058,-0.503779774303501,-0.0041430172268113,0.0059062658018636,-0.00494306763774737
-1.19084471708032,-0.230001078475485,0.0102243765308143,-0.511795401200439,-0.00445339381643756,0.00602506762742719,-0.00388256724788621
-1.23684638895373,-0.234714705216978,0.00994118431968984,-0.517525978891975,-0.00471533728704437,0.00617565806462513,-0.00270142810774969
-1.27862267441476,-0.237768112295453,0.00961944911584796,-0.521046091717185,-0.00492754804108795,0.00634359240088601,-0.00143252765255046
-1.31615118478633,-0.239028947536407,0.00926003737609126,-0.522374498442262,-0.00509770519412081,0.00650888832621588,-0.000109158897666884
-1.34937352366401,-0.238384294812201,0.00885652824311048,-0.521498856979041,-0.00523862815612146,0.00664759311196659,0.00123505382178169
-1.37822005402732,-0.235761633166959,0.00839675612690834,-0.518413083799629,-0.00536368644134502,0.00673354851163506,0.00256587415601759
-1.40264275778236,-0.231144633769159,0.00786578293666252,-0.513159410665065,-0.00548249762275136,0.00674056114138842,0.00384808387112307
-1.42264773969128,-0.224585157568157,0.00724992888559332,-0.505866206558116,-0.00559770744064344,0.00664520626743249,0.00504530832486108
-1.43831822414547,-0.216211571121168,0.00654148322403519,-0.496771267722595,-0.00570346609568715,0.00643032472537187,0.00612033652133017
-1.4498195908805,-0.206230677011304,0.00574345222564657,-0.486219893209459,-0.00578607642548816,0.00608888935995427,0.00703622755127955
-1.45738063227927,-0.194918490883186,0.00487324750986126,-0.474629917812059,-0.00582701068736413,0.0056273898444905,0.00775839392235252
-1.46125120390415,-0.182595973382938,0.00396390212422954,-0.462424309123116,-0.00580790772628754,0.00506745610111891,0.00825758373428347
-1.46164551917103,-0.169590564262701,0.00306166492420127,-0.449945349794386,-0.00571633622988741,0.00444448616881803,0.00851325891860534
-1.45868887274604,-0.156191423190826,0.00221988729794947,-0.437377019667315,-0.00555045378708223,0.0038028359612854,0.00851646304838105
-1.45238787776328,-0.142611568515835,0.00149064034615999,-0.42470488796783,-0.00532077221930768,0.00318848312987755,0.0082711915425257
-1.44263642555801,-0.128969168127194,0.000916591325465657,-0.411730236742306,-0.00504826813851819,0.00264127540634466,0.00779370542630842
-1.42925457773911,-0.115293022287492,0.000525627418733817,-0.398132548907674,-0.00475959325695122,0.00218906591641858,0.00710999418766297
-1.41204480455941,-0.101547065907543,0.000329352176053167,-0.383555674917294,-0.00448119319899462,0.00184516254875033,0.00625224445745485
-1.39084569702681,-0.087662971880536,0.000325011493132478,-0.367688079538961,-0.00423425540093993,0.00160904834480928,0.00525533933920496
-1.3655689025492,-0.0735695755288087,0.000499259685185326,-0.350316628829927,-0.00403166267701041,0.0014692825228262,0.00415412622668608
-1.3362141714414,-0.0592121621427406,0.000832016736645523,-0.331347489442501,-0.00387718517001063,0.00140717369642427,0.00298172695883488
-1.30286499742517,-0.0445597978519337,0.00129918755802737,-0.310798793285307,-0.00376647375652045,0.00140013053734553,0.00176879848813382
-1.26567094933772,-0.0296026025306769,0.00187379452142819,-0.288774586012007,-0.00368917128876764,0.00142414680612384,0.00054348039878211
-1.22482290950114,-0.0143426069023218,0.00252577985432771,-0.265429456191471,-0.0036315164904472,0.00145536647609644,-0.000668254813610267
-1.18052621319405,0.00121782776853674,0.00322121695588677,-0.24093099440371,-0.00357899548430902,0.00147097833092587,-0.00184208217789785
-1.13297523274154,0.0170864118172178,0.0039218993513407,-0.21542495253578,-0.00351876173695523,0.00144981044920088,-0.00295480855543534
-1.08233232445412,0.0332871345036991,0.00458625659448856,-0.189006753962411,-0.00344163909343465,0.00137298029197736,-0.00398399010404147
-1.02871409186665,0.0498600215655032,0.00517227333206437,-0.16170278885291,-0.00334354545582914,0.00122484679372149,-0.00490778883867105
-0.972187946353584,0.0668532723057178,0.00564255478731744,-0.133465008912794,-0.00322616412763071,0.000994332062233061,-0.00570515986991118
-0.912781422468006,0.0843082185490263,0.0059709294132912,-0.104181757161354,-0.00309670247109642,0.000676455859092389,-0.00635643499832742
-0.850504604725372,0.10223968347939,0.00614915670382835,-0.0737055367669791,-0.00296666684976112,0.000273700986819398,-0.00684430645249159
-0.785382337926748,0.120616494978494,0.00619171256629658,-0.0418943034772219,-0.00284977524299663,-0.000203315986038528,-0.00715510412932079
-0.717488859310389,0.139348156222292,0.00613663769830803,-0.00865789450091939,-0.00275939086675291,-0.000736356240345474,-0.00728012336439851
-0.646975119120455,0.158282927317403,0.00604130539048017,0.0260023245934255,-0.00270608398014549,-0.00130146503018056,-0.00721666217441986
-0.574080368423843,0.177219487646231,0.00597353941463591,0.0619720770209831,-0.00269597505199121,-0.00187203813810875,-0.00696844521852333
-0.49912469988971,0.195929943141635,0.00600015122852369,0.0990273102577892,-0.00273030268833682,-0.00242239032261571,-0.00654527577725215
-0.422485523547705,0.214188162197069,0.00617585745166453,0.136860062276179,-0.00280625784285351,-0.00293098901406382,-0.00596200147242467
-0.344565969947116,0.231796173658323,0.00653525238326935,0.17511819861554,-0.00291872136672723,-0.00338267494129811,-0.00523709061044165
-0.265764250171942,0.248602838949678,0.00708927729084605,0.213447164947551,-0.00306231667278637,-0.00376958136264615,-0.00439119163192175
-0.186451075484321,0.264512229186875,0.00782615056320554,0.251523523227523,-0.00323320918180246,-0.00409087276863238,-0.00344598660355945
-0.106958485952495,0.279482176318514,0.0087156503601615,0.289074349339116,-0.00343027322295299,-0.00435167585030235,-0.00242350546322901
-0.0275802918773376,0.293515381833516,0.00971525010133155,0.325881172399573,-0.00365548015792631,-0.00456162263489763,-0.00134592474425435
0.0514177005253185,0.306645850743681,0.0107767704460056,0.361770300088856,-0.0039135409534676,-0.00473331884050869,-0.000235771695971773
0.129780160508438,0.31892299165122,0.0118526302400007,0.396592982104888,-0.00421093855349712,-0.00488088293564357,0.000883598164699385
0.207240023053256,0.330395061646319,0.0129011648156678,0.430199414003515,-0.00455453470026956,-0.00501854623236023,0.00198740711497669
0.283494453206705,0.341093456898733,0.0138906781149024,0.462411024355601,-0.00494997846489954,-0.00515921023372838,0.00304891964951184
0.358182650942737,0.351019851513956,0.0148018902998365,0.492996272633456,-0.00540020976923261,-0.00531285002593796,0.00403916388207076
0.430870404422759,0.360139259986093,0.0156283503435663,0.521656242295126,-0.0059044351613775,-0.00548474779219714,0.00492713274868631
0.50104718190103,0.36838310492246,0.0163744048457025,0.548026767874104,-0.0064579980010081,-0.0056737346839315,0.00568068508907191
0.568140610036572,0.375666159866358,0.0170506532293063,0.571702105082995,-0.00705346859524641,-0.00587086146930524,0.00626828983552804
0.631549062683584,0.381918734335531,0.0176675492200256,0.59227999015389,-0.00768294739419484,-0.00605908902064067,0.00666156351413244
0.690685891094221,0.387130435137346,0.0182287247547746,0.609419756425008,-0.00834101824733617,-0.0062145230453335,0.00683825438251489
0.745021415176987,0.391395743338099,0.018726229354707,0.622897287313884,-0.00902721460074173,-0.00630931248052951,0.00678503687805482
0.794106262493803,0.394947411740218,0.0191396946349008,0.632638276400112,-0.00974662033500515,-0.00631569834320161,0.00649938206984492
0.83756602288958,0.39816371720292,0.0194403532265937,0.63871802055351,-0.0105075829317375,-0.00621018427462683,0.00598999205166326
0.875071410719626,0.401539540228818,0.0195993361582195,0.641329473169307,-0.0113164092592522,-0.00597676244510175,0.00527575938415768
0.906303660909607,0.405616413048254,0.0195984204250947,0.640733987456814,-0.0121699991190778,-0.00560863459849485,0.00438368245625318
0.930943870629438,0.410871735220395,0.0194406975635106,0.637213879349946,-0.0130483339248194,-0.00510859797614092,0.00334638621932356
0.948711851483373,0.417575336616846,0.0191582586011464,0.63104073386295,-0.0139094672913124,-0.0044887466915168,0.00219980465909347
0.959462824690759,0.42563811146722,0.0188137761758988,0.622462710233192,-0.0146899992214138,-0.00377007992143923,0.00098131465203967
0.963320404150392,0.4345013642332,0.0184933824982889,0.611704672586504,-0.0153133276299395,-0.00298206534203294,-0.000271636920727491
0.960792094013996,0.443129900657598,0.0182905883739267,0.598972197320506,-0.0157054535692109,-0.0021615674024932,-0.0015224824809277
0.952801117158724,0.450150237511486,0.0182851895000223,0.584455025950814,-0.0158141020582747,-0.0013503434097101,-0.00273611882655558
0.940596998347082,0.454111191092098,0.0185247039419765,0.568332426034865,-0.015623884494191,-0.000590826360085665,-0.00387916673617738
0.925568736497471,0.453775222744892,0.0190154180215794,0.550784679567434,-0.0151611710209607,7.91524241675653e-05,-0.00492001826415087
0.909035150209829,0.448331227341679,0.019725129294671,0.532008855318542,-0.0144872984417662,0.000631413896217234,-0.00582893672031705
0.892087623945347,0.437467421407601,0.0205940239901023,0.512228760858539,-0.0136840325972357,0.00105105591168025,-0.00657856255674718
0.875517500001499,0.421314241217364,0.0215480035480388,0.491687178826803,-0.0128372075287801,0.00133799802624473,-0.00714507288421429
0.859814334878254,0.400311448307445,0.0225105088627438,0.47061614678476,-0.0120230287931358,0.00150628710062623,-0.00750994514090768
0.845202393509724,0.375057746282749,0.0234116745410966,0.449193464597415,-0.0112990256837687,0.00158129411409121,-0.00766192046531711
0.831689802631039,0.346182784525751,0.0241950699720092,0.427502787334171,-0.0106999342877081,0.00159521627796317,-0.00759853428303776
0.819119847358608,0.314260360051335,0.0248221530658555,0.405514994048083,-0.0102380522378577,0.00158169859946531,-0.00732662576343465
0.807222966981453,0.279765924555789,0.0252740473488921,0.383099710866721,-0.0099071741653614,0.00157071817838262,-0.00686156566570331
0.795668659560572,0.243071240954362,0.0255503204590249,0.360063023808829,-0.00968875690184571,0.00158483246839888,-0.00622539542127508
0.784113509537332,0.204463275909943,0.0256651268768156,0.336197660509025,-0.00955867000001521,0.00163740698529525,-0.00544441020324117
0.772239986895091,0.16417316324258,0.025641814614485,0.311329669582443,-0.00949303734490946,0.0017327580812998,-0.00454679440433502
0.759782074724224,0.122403762630999,0.02550739473977,0.285350168022306,-0.00947224280460362,0.00186762507076195,-0.00356075486265044
0.746536843942273,0.0793491376179771,0.0252880628994761,0.258228011176054,-0.00948286453632305,0.00203321388367561,-0.00251333820282754
0.732363859125611,0.0352039834073507,0.0250064714678485,0.230005319558588,-0.00951782644678588,0.00221718994457305,-0.0014299000118533
0.717175868672442,-0.00983570949741192,0.0246809435364039,0.200780966144629,-0.00957529796153923,0.00240527796494171,-0.000334074419186888
0.700924384021583,-0.05557795125939,0.0243264252978474,0.170687600285749,-0.00965688336986201,0.00258239955184008,0.000751939890715934
0.68358340612796,-0.101842860086446,0.023956718857766,0.139866937376218,-0.00976554207959584,0.00273346864270575,0.00180694473385179
0.665133880823339,-0.148470697182453,0.0235873652013494,0.108446874884856,-0.00990356777387494,0.00284405304920203,0.00281029761603758
0.645551185684554,-0.195327365300499,0.0232384279867525,0.0765232660705681,-0.0100708851526094,0.00290111192521523,0.003741573693234
0.624797710764436,-0.242305405140543,0.0229363467545992,0.0441488312598258,-0.0102638967357674,0.00289394884719289,0.0045804391254711
0.602822473921513,-0.289319220227693,0.0227140471546916,0.0113314538902151,-0.0104751024998248,0.00281539685100355,0.00530683044180563
0.579569158515703,-0.336294426577143,0.0226087036934343,-0.0219566387619546,-0.0106936649005028,0.00266308190283815,0.00590150801710321
0.554992469639995,-0.383152599346258,0.0226570404124837,-0.0557589639406098,-0.0109069558362207,0.00244045937806107,0.00634699383274447
0.529080480445652,-0.429794631166081,0.0228888214660427,-0.0901070930975993,-0.0111028790987746,0.00215722009987336,0.00662879951501271
0.501878270852766,-0.476086707183122,0.0233200155939706,-0.124990882797527,-0.0112724873784641,0.00182872104422518,0.00673673529722868
0.473506761683292,-0.521853098250072,0.0239476485427558,-0.16033425541169,-0.0114122049106467,0.00147431879038004,0.00666600231753079
0.444171383436593,-0.566878156852808,0.0247481510641876,-0.195983386716471,-0.0115249957358901,0.00111482900538998,0.00641778375294143
0.414158221057364,-0.610917109879484,0.0256799967010113,-0.231710682489325,-0.0116201036279671,0.000769637794288573,0.00599917690648069
0.383819368422031,-0.653712350444434,0.0266899762455778,-0.267232890266169,-0.0117114361192633,0.000454102400740059,0.00542250554939868
0.35355268569882,-0.695010395843037,0.0277212729787155,-0.30223742501345,-0.0118150648072567,0.000177743352913794,0.00470422889511574
0.323782347771446,-0.734574897026181,0.0287211169056104,-0.336409271871727,-0.0119464908847076,-5.65678566774037e-05,0.00386374111250763
0.294945344812868,-0.772192633712045,0.0296462704542327,-0.36945196450075,-0.0121182432556076,-0.000252523466964335,0.00292231826870822
0.267486354755423,-0.807671388676991,0.0304655684084922,-0.401099076196517,-0.0123381304936419,-0.000419673395548377,0.00190236129268485
0.241860201169085,-0.840830021558697,0.0311597189381802,-0.431115878894636,-0.012608189702119,-0.0005723932365316,0.000826963888254116
0.218538147759957,-0.871481803461742,0.0317192645644875,-0.459293359570196,-0.0129241647602602,-0.000728715835133522,-0.000280252911453693
0.198011547323184,-0.899412417483911,0.032141922936655,-0.485438342600305,-0.0132752442429225,-0.000909055997870323,-0.00139513845851071
0.180783688134155,-0.924354671444563,0.0324305281672377,-0.509364207011077,-0.0136438103044015,-0.00113470790468251,-0.00249293879575014
0.167338473795239,-0.945963526682304,0.0325925085873128,-0.53088667212123,-0.0140051176575192,-0.00142590727224833,-0.00354821182656266
0.158074847896821,-0.963797984055335,0.0326412393677564,-0.549828185025152,-0.0143271757522487,-0.00179927317791967,-0.00453473695812863
0.153202476332747,-0.977320082271325,0.0325986892857886,-0.566032138254692,-0.0145716214611047,-0.00226462377421722,-0.00542538620276849
0.152611026156421,-0.985923602031014,0.0324977703527047,-0.579384508617602,-0.0146967990480427,-0.00282151783017552,-0.00619196871591277
0.155750675308115,-0.989001710750689,0.0323822789120286,-0.589836543016311,-0.0146640420379729,-0.00345634756231732,-0.00680525828896898
0.161581475031136,-0.986049911985761,0.032302927650919,-0.597419975323101,-0.0144467135439581,-0.0041411843710957,-0.00723571632480612
0.168641446917674,-0.976780273706605,0.0323096551141607,-0.602247686823411,-0.014039223984135,-0.00483552190946922,-0.00745554570659956
0.175238032240191,-0.96120663405676,0.0324421194089457,-0.604497329735277,-0.0134617597007459,-0.00549132999124469,-0.00744226971242771
0.179708260957188,-0.939662977266895,0.0327210054288339,-0.604380855228506,-0.0127577469478012,-0.00606058500083841,-0.00718303981984875
0.180662278382602,-0.912741894141462,0.0331426162997736,-0.602107130812627,-0.0119848038155863,-0.00650329126419342,-0.00667804244941824
0.177141788657657,-0.881173472822234,0.0336787486090102,-0.597847140341854,-0.0112032299184418,-0.00679366191299557,-0.00594151426756503
0.168669416198625,-0.845687414058404,0.0342828002930806,-0.591710827127985,-0.0104664996407443,-0.00692286078605779,-0.00499999152920023
0.155205111149145,-0.806901809391485,0.0349010280463584,-0.583740855014688,-0.00981609305849104,-0.00689811246520841,-0.00388866347901208
0.137045666365509,-0.765264303927934,0.0354856969851632,-0.573922820243312,-0.00928043190852234,-0.0067392574508178,-0.00264725954776568
0.114704416325965,-0.721048147808177,0.0360060079307618,-0.562206943855664,-0.00887626160925396,-0.00647434802649091,-0.00131665610658094
0.0887981266145329,-0.674389003295396,0.0364535773922908,-0.548534950558924,-0.00861070884181036,-0.00613559702062221,6.32431090967355e-05
0.059955011304186,-0.625342983682868,0.0368410619379158,-0.532867171359942,-0.0084828456699399,-0.00575629466183012,0.00145437209268105
0.0287473531931947,-0.573949276669765,0.0371942383960533,-0.51520684881065,-0.0084843137326166,-0.00536863827298665,0.00282045538503363
-0.00435326518356873,-0.520286363588652,0.0375390848147285,-0.49561967756505,-0.00859913219374866,-0.00500202401199038,0.00412649231098657
-0.0390010046129762,-0.464515097064353,0.0378863471785811,-0.474246302121228,-0.00880319696529018,-0.00468127767183984,0.00533820346996992
-0.0749821794847697,-0.406903618502406,0.0382170231703417,-0.451304497345081,-0.00906421208177311,-0.00442450595763166,0.00642182378556478
-0.112202022477784,-0.347829443282462,0.0384730762454842,-0.427077333002002,-0.00934285916982917,-0.00424065280435323,0.00734456447614268
-0.150650625353278,-0.287755387806164,0.0385578686856887,-0.401885188039537,-0.00959581242349066,-0.00412732963722067,0.00807594980710876
-0.190350205030221,-0.227180556951192,0.0383492740083012,-0.376043881842233,-0.00978065106788815,-0.00406985703398855,0.00859000626567068
-0.231292454383324,-0.166575454764785,0.0377245941061292,-0.349817465990792,-0.00986187229672973,-0.00404244842146064,0.00886793630703856
-0.273381629494138,-0.106318306523617,0.0365911303079139,-0.323379227644058,-0.00981640975828283,-0.00401191124511113,0.00890056218183064
-0.316401141465624,-0.0466524844801103,0.0349122430128462,-0.296794238066672,-0.00963684001765888,-0.00394326941705033,0.00868969960141486
-0.360015133241075,0.0123212401320291,0.0327190689349729,-0.270029757755199,-0.00933113029793878,-0.00380581909099912,0.00824788663581444
-0.403803647318658,0.0706170532766904,0.030103507758848,-0.242989116020015,-0.00891908608522647,-0.00357787870459693,0.00759648076025755
-0.447317560821733,0.128313479898817,0.0271957474243647,-0.215556353863169,-0.00842686646878193,-0.00324908803254822,0.00676272114679384
-0.49013459119489,0.185497908043224,0.0241350079672738,-0.187637318952484,-0.00788138152036706,-0.00282013379094569,0.0057766226068071
-0.531901270373309,0.242221955543641,0.0210429244781242,-0.159187334773492,-0.00730600355124853,-0.00230064796055046,0.00466842859841372
-0.572354332397499,0.298475589879368,0.0180058128429237,-0.130222438018685,-0.00671822620224115,-0.00170638698015736,0.00346699022074741
-0.611322653149739,0.35418063439081,0.0150678280119624,-0.100816466820785,-0.00612918331865361,-0.00105663382989666,0.00219909291526057
-0.648714694683608,0.409199952070372,0.0122338723090754,-0.071088594195405,-0.00554456527818775,-0.000372340475897924,0.000889545934594493
-0.684497029199893,0.463357069759845,0.00947969170986986,-0.0411858330601006,-0.00496640725890089,0.00032487891188638,-0.000438208954170661
-0.718667891441322,0.516461428233703,0.00676653608173052,-0.0112637941650343,-0.00439533628944432,0.00101310628674153,-0.00176119197750105
-0.751228011365744,0.568335312609254,0.00405818501815533,0.0185322126162337,-0.0038330001437953,0.00167020682268032,-0.00305586492345005
-0.78215027716747,0.618838925181256,0.00133834845673854,0.0480842210808742,-0.00328446109589401,0.00227408903547015,-0.00429715750317753
-0.811350249880007,0.667889983001725,-0.00137383366392638,0.0773150962425127,-0.00276029569460869,0.00280357154169551,-0.00545772028363815
-0.838661874979536,0.715473375598855,-0.00401330990810452,0.106196016995919,-0.00227798942284799,0.0032401532822209,-0.00650762829971362
-0.86382503597024,0.761636059095217,-0.00646747178953638,0.134744806522152,-0.00186206118815619,0.00357071793985492,-0.00741480630740629
-0.886492913264892,0.806463274934311,-0.00858685756618167,0.163012169860225,-0.00154232179419477,0.00379076454452582,-0.0081464286577596
-0.906264842462463,0.850035913453175,-0.0102093006061146,0.191055008682686,-0.00134995905380763,0.00390724629487363,-0.00867138850547705
-0.922743175298938,0.892375711427045,-0.011193852346323,0.218900358686425,-0.0013118442548086,0.00393975989324967,-0.00896359309374292
-0.935601922781765,0.93339283034293,-0.0114552887418641,0.246508896238365,-0.00144439749742466,0.00391899316223058,-0.00900540962335891
-0.944646076524952,0.972854373928146,-0.0109871356007992,0.273750284874571,-0.00174901783068395,0.00388218052465622,-0.00879029840535374
-0.949840517508329,1.01038818968854,-0.00986398608337115,0.300400653210565,-0.00221088685892304,0.00386655632726218,-0.00832379081551561
-0.951298262576411,1.04552361469277,-0.00822203548020324,0.326164696673533,-0.00280175676372976,0.00390273509208146,-0.00762253303340408
-0.949234225882624,1.07775640189701,-0.0062257196727366,0.350715173287276,-0.00348574018021233,0.00400996465587131,-0.00671183244626222
-0.943902986162373,1.1066171077104,-0.00403286092361192,0.373736527974287,-0.00422606652121447,0.00419428819018382,-0.00562259757707064
-0.935541380882002,1.13172421506038,-0.0017690006670039,0.394959968236952,-0.00499076920005749,0.00444942798805265,-0.00438855648635747
-0.924330674707059,1.15281203923052,0.000483984961000228,0.414182939609803,-0.00575608516828118,0.00475936391433608,-0.00304429948867137
-0.910384161337058,1.16973275993991,0.00268556015615343,0.431272542347554,-0.00650735031944845,0.00510141307656211,-0.00162428702580718
-0.893759123092981,1.18243754909702,0.00482449829513913,0.446156828215718,-0.00723786986108327,0.00544897254409468,-0.000162678899831657
-0.874488447382299,1.19094303686882,0.00690214671713103,0.458809245066562,-0.00794650619157391,0.00577363561197263,0.00130629016793633
-0.852625928950565,1.19528838667746,0.00891554920836109,0.469230732708606,-0.00863469560026024,0.0060468703134914,0.00274769808055647
-0.82829834670499,1.19548748641919,0.0108441483182487,0.477432513088981,-0.00930347730315643,0.00624172160607258,0.0041254000193507
-0.801755214923337,1.19148185568403,0.0126430284058758,0.483421495225103,-0.00995102161843054,0.00633501397279994,0.00540189039643297
-0.773403612709975,1.18310319737628,0.0142448116279881,0.487189940898589,-0.0105710968038511,0.00631027171350019,0.00653887647542309
-0.743812300917352,1.17005813164468,0.0155708357005659,0.488711350946097,-0.0111528374964669,0.00616106506019145,0.00749880729639703
-0.713670155753736,1.15194792459176,0.0165497256889522,0.48794465779301,-0.011681958853966,0.00589387297980869,0.00824739712141072
-0.683693136994761,1.12832956997545,0.0171383357502147,0.484847822277938,-0.0121431601598137,0.00552914402803927,0.00875682446969988
-0.654492214896423,1.09881067317258,0.0173378129962585,0.479399090140373,-0.0125230108760066,0.00509942571430654,0.00900888226272671
-0.626435682371195,1.06315471965574,0.017198175841061,0.471620189098832,-0.0128123976482587,0.00464438361341508,0.00899714658007952
-0.599550745108228,1.0213648174112,0.0168089626605603,0.461592938720264,-0.013007844650059,0.00420387035953038,0.00872744721720516
-0.573501235406067,0.973719315012945,0.0162793455242258,0.449461776796203,-0.0131115768890405,0.00381113048315397,0.00821652827129923
-0.5476520962197,0.92074931873553,0.0157152588640244,0.435420120646991,-0.0131306581099164,0.0034881192725763,0.0074894326000494
-0.521200236414527,0.863167448507184,0.0152013460295481,0.419685776458223,-0.0130756068344119,0.00324388135480975,0.00657644977524978
-0.493330434160127,0.80177034110911,0.0147923506405294,0.402475229758471,-0.0129586941796197,0.00307568309050665,0.00551033824014862
-0.463352259191819,0.73734140643532,0.0145142672802968,0.383986034520932,-0.0127920148339786,0.00297180183715761,0.00432418972836804
-0.43078739449931,0.670575939679075,0.0143722815611895,0.364391559380945,-0.0125855554871206,0.00291475052830582,0.00305001173787122
-0.395397502260369,0.602040861434214,0.0143612254077734,0.343846461533325,-0.0123456934281442,0.00288405273309611,0.0017179633466404
-0.357161076391813,0.532170319426122,0.0144747417600194,0.322497581424869,-0.012074599537319,0.00285816724040767,0.000356143960317582
-0.316217505275814,0.461290075055184,0.014710782370039,0.300494391667959,-0.0117708344032035,0.00281557707515608,-0.00100917281055501
-0.272797321340216,0.389659665687576,0.0150726145563331,0.277994540863833,-0.0114311283203934,0.00273532464458805,-0.00235298247501593
-0.227153153707519,0.317521306544639,0.0155657103500565,0.255162070510582,-0.0110530652393057,0.00259739699556479,-0.00365081072743645
-0.179500664009694,0.245146289808874,0.0161916742287256,0.232157812962779,-0.0106381956200405,0.00238337318924635,-0.00487794968363987
-0.129975273433405,0.172871105726487,0.0169408999795854,0.209123112331368,-0.0101949504353288,0.00207765811480021,-0.00600884658167686
-0.0786095024483747,0.101116400220484,0.0177860964925628,0.186159820751583,-0.00974060420623184,0.00166944409814358,-0.00701685074925643
-0.0253357089103429,0.030382645912985,0.0186791175746413,0.16331130214988,-0.00930147804246468,0.00115524993010608,-0.00787455033508984
0.029982301245983,-0.0387811703748871,0.0195533446493483,0.140550463256392,-0.008910718151959,0.000541502985924759,-0.00855490832323785
0.0874902209021143,-0.105833946213368,0.0203327372157839,0.117780591214694,-0.00860348816365222,-0.00015374427895528,-0.00903326747713402
0.147267131432494,-0.170313254149539,0.0209463971806679,0.0948521940185917,-0.00841031646644546,-0.00090101300554476,-0.00928999814187898
0.20925261316316,-0.231900943464973,0.0213447004730018,0.0715941755038091,-0.00835036798083843,-0.00166220745448692,-0.00931318690461296
0.27320164424868,-0.290460775712364,0.0215112917693651,0.0478523256897217,-0.00842696009607581,-0.00239582672573019,-0.00910053518967282
0.338685037370301,-0.346032560959313,0.0214660883281283,0.0235248808948514,-0.00862713223893786,-0.00306329219429005,-0.00865978465727866
0.405136461398798,-0.398783253392659,0.0212580074280093,-0.0014142196432489,-0.00892554470470261,-0.00363451909257183,-0.00800751666757014
0.471929348347911,-0.448931477841126,0.0209504153176239,-0.0269093069025363,-0.00929125501655636,-0.00409119639275596,-0.00716678469711422
0.538458139530286,-0.496669095215999,0.0206048355872847,-0.0528333354302127,-0.00969500083942077,-0.00442726913587998,-0.00616437992894248
0.604201452170185,-0.542099352451363,0.0202680777010032,-0.0790094824455681,-0.010114878399205,-0.00464718106936437,-0.00502846479701276
0.668755417553837,-0.585201166198174,0.0199656180791281,-0.10523719066307,-0.0105393114978178,-0.00476299342020226,-0.00378699757101152
0.731836791174818,-0.625820171388161,0.0197014767836554,-0.131316620849599,-0.0109672483431541,-0.00479146343291114,-0.00246704465789804
0.793262636199567,-0.663682775884486,0.0194631368082897,-0.157067590888186,-0.0114061444164358,-0.00475177856633877,-0.00109486301715
0.852915308010548,-0.698429135320268,0.019229447139969,-0.182341274837633,-0.0118684402025945,-0.00466417740429408,0.000303460178007928
0.910699629231547,-0.729662354857592,0.0189795322901769,-0.207024316141566,-0.0123671219318633,-0.00454930963633078,0.0017010478636084
0.966496663513964,-0.75701241138073,0.0187010050702772,-0.231035409876976,-0.0129108185554696,-0.00442794408439549,0.00306919196981347
1.02011751372245,-0.780212234612645,0.0183959298817953,-0.254314208174595,-0.0134989169644919,-0.00432051701900584,0.00437648307696954
1.07126282847422,-0.79917930467825,0.0180830297420086,-0.276802580367365,-0.0141174404954868,-0.0042460288652557,0.00558839877079367
1.11949764518697,-0.814088242659881,0.0177948589447938,-0.298419636650761,-0.014736823438205,-0.0042199796488605,0.00666767585068462
1.16425445931785,-0.825411156331765,0.0175695512081875,-0.31903513397516,-0.015312944278392,-0.00425143289895322,0.00757576836567371
1.20487517093217,-0.833898839744279,0.0174385586436132,-0.338449995334338,-0.0157924186038848,-0.00433987889360136,0.00827552394885907
1.24069204450321,-0.840485789029614,0.0174141001024195,-0.356394956294397,-0.0161219006750641,-0.00447311363624799,0.00873484823469911
1.27113044384944,-0.846128417445545,0.0174814764181328,-0.372554877976161,-0.0162592476654703,-0.00462746188310545,0.00893065199214104
1.2958011805017,-0.851619826384374,0.0176003869353822,-0.386615863397878,-0.0161828929178823,-0.00477103578639235,0.00885203856838885
1.31454903750088,-0.857444567837907,0.0177155757687735,-0.398319638439676,-0.0158959078945969,-0.00486947872917329,0.00850176960894969
1.32744098345773,-0.863725231014816,0.0177725061965486,-0.407503790689081,-0.0154233480772976,-0.00489248556993117,0.00789560394278292
1.33470325677529,-0.870272272344884,0.0177313614684033,-0.414112710218682,-0.0148043839544916,-0.00481906336475111,0.00705985043405752
1.33663564956849,-0.876704556995677,0.0175740708364523,-0.418178667792367,-0.0140825963879597,-0.00464017954549916,0.00602799754737331
1.33353385123866,-0.882586295336145,0.017303008149809,-0.419785311657286,-0.0132977457316856,-0.00435862800284547,0.00483735999693177
1.32563961406153,-0.887533716672497,0.0169337960877739,-0.419030051232146,-0.0124808604429048,-0.00398691831586529,0.0035264103943641
1.31312346412549,-0.891269404560202,0.0164863776510914,-0.415997775915536,-0.011652839465246,-0.00354436052359806,0.00213307876449986
1.2960938034029,-0.893626147074843,0.0159780858709518,-0.410751131261417,-0.0108257464540847,-0.00305431401308663,0.000693989362916516
1.27462217065159,-0.894515583279385,0.015420881410869,-0.403336612586711,-0.0100057052648005,-0.00254207377345168,-0.00075557510379235
1.2487751942321,-0.893879681653978,0.0148232772830795,-0.393802491678274,-0.00919647358994518,-0.00203336553544109,-0.0021812610122591
1.21864632663156,-0.891640148886035,0.01419620680475,-0.382223337870616,-0.00840302770242938,-0.00155308745319284,-0.00354907230017138
1.18438242522526,-0.887656969264354,0.0135611799615017,-0.368725265052174,-0.00763463736850753,-0.00112383308005308,-0.00482492247628803
1.14620110698969,-0.88170480056796,0.0129583296511679,-0.353505359675622,-0.00690691773187022,-0.000763860588614897,-0.00597458759276149
1.10439486754382,-0.873474302395731,0.0124513694803095,-0.336838244615624,-0.00624230602095855,-0.000484507383284955,-0.00696432039688116
1.05931884364076,-0.862602775923039,0.0121264257615665,-0.319063732481893,-0.00566849398638228,-0.000287514562152978,-0.00776231100338886
1.01136191306638,-0.848732434771119,0.0120827587301219,-0.300553390074203,-0.00521471517010995,-0.000163160369085511,-0.0083409887795685
0.960906059454597,-0.831585184645396,0.0124159200433246,-0.281660934952798,-0.00490647768839893,-9.02512562135704e-05,-0.00867984084936485
0.908284413287095,-0.81103308783116,0.0131973654402212,-0.262669333927273,-0.00476012074126385,-3.8647168360627e-05,-0.00876807191367708
0.853750910658288,-0.787140248207078,0.014457243647999,-0.243751749630267,-0.00477898689838352,2.58889429448511e-05,-0.00860626180578792
0.797471259311756,-0.760159502437016,0.0161769696824782,-0.22496008358268,-0.00495262105009536,0.000135734263852297,-0.00820638189379807
0.73953681895407,-0.730484284726214,0.01829462797017,-0.206244392175822,-0.00525927674754239,0.000316083848434557,-0.00759008284148716
0.679994440682774,-0.698573225893498,0.0207210086116528,-0.187494572667131,-0.00567073342639663,0.000581697463145258,-0.00678577661070243
0.618881019923786,-0.664872933699041,0.0233601945023762,-0.168589046068331,-0.00615772488522239,0.000936217703734852,-0.00582536886043267
0.55625250766601,-0.629759964872525,0.0261279986766039,-0.149436068162021,-0.00669442508367612,0.00137358630566605,-0.00474142597738615
0.492201592303405,-0.593511620345386,0.0289637823996922,-0.129999328742476,-0.00726114418282655,0.00188055209506721,-0.00356522586322838
0.426862851486489,-0.556304078269189,0.0318343711419485,-0.110306172495245,-0.00784514783754566,0.00243927426155023,-0.00232577611426455
0.360407319250194,-0.51823027331298,0.0347312411024978,-0.0904412104345723,-0.0084399917210368,0.00302937671730865,-0.0010496444509769
0.293029583114822,-0.479328742252017,0.0376632381160144,-0.0705296402256878,-0.00904390540254881,0.00362923778728159,0.00023864428983465
0.224930700242661,-0.439616620925317,0.0406470990881297,-0.0507143040643007,-0.0096576897410367,0.00421663756321872,0.00151588175455061
0.15629989204206,-0.399122249717716,0.0436975848608909,-0.0311296344697058,-0.0102824595250468,0.00476908547731652,0.00275931716292872
0.0872978373870034,-0.357914886259036,0.0468185170088079,-0.0118751201661439,-0.0109174713058586,0.00526422383013431,0.00394582635608774
0.0180447131193997,-0.316128911272899,0.0499958710702145,0.00700858741248737,-0.0115582788146352,0.00568068640907015,0.00505126629439459
-0.0513836129326872,-0.273979444432156,0.0531940314985608,0.0255567052409439,-0.0121955277283184,0.0059996673878945,0.00605018734783529
-0.120948010414569,-0.231765110513499,0.056356331296897,0.0438850072351215,-0.012814786565885,0.00620723729533376,0.00691609853971325
-0.190625016250941,-0.189853522141988,0.0594106605177793,0.0621764887327554,-0.0133978041257665,0.00629709272206068,0.00762246277505072
-0.260373401078958,-0.148647351350661,0.0622799195812085,0.0806468895300728,-0.0139253606034349,0.00627304371503358,0.00814448848564664
-0.330094244626783,-0.108534338052162,0.0648954628854999,0.0994919711713277,-0.0143813938700916,0.0061502696699326,0.008461550695098
-0.399595246681131,-0.0698319509810491,0.0672100187383278,0.118827769638104,-0.014757456703356,0.00595445531351398,0.00855976985101834
-0.468571786043829,-0.0327428104686645,0.06920592472761,0.138641588790762,-0.0150561197343903,0.00571848394524313,0.00843405228819157
-0.536613356564662,0.00266390619446147,0.0708957487376784,0.158771198038785,-0.0152920511519757,0.00547726505437891,0.00808894065864007
-0.603235060984492,0.0364384042001335,0.0723152240196319,0.178920630773799,-0.0154902676802802,0.00526205002229576,0.00753799475936966
-0.667924297450317,0.0687091905770874,0.0735114291380939,0.198707203438084,-0.015682101635474,0.005095772316227,0.00680195179451274
-0.730187977852721,0.0996299026553487,0.0745306124253856,0.217723570004336,-0.0159001825924623,0.00499043685358174,0.00590630380520277
-0.789587861922806,0.129330853519828,0.0754094386424646,0.235596188635147,-0.0161738398245442,0.00494672792237583,0.00487899376311988
-0.845758243658243,0.157887356510624,0.0761714533240725,0.252026809276622,-0.0165258816064147,0.0049552961357337,0.00374870992688321
-0.898407085955046,0.185309605112464,0.0768284997673512,0.26681175977797,-0.0169710749116688,0.00499890355098123,0.0025439403993754
-0.947305768312445,0.211552832850517,0.0773855041340449,0.279840335379028,-0.0175161587149479,0.00505472328562312,0.00129269975066442
-0.992273396106875,0.236543088132839,0.0778465859565384,0.291076661647503,-0.0181609920502818,0.00509641106425524,2.27146301751666e-05
-1.03316035090124,0.26021268720935,0.0782205746819701,0.300529739442581,-0.0189004083431342,0.00509590083496715,-0.00123816967772306
-1.06983400452265,0.282539035344115,0.078524410291102,0.308215798508768,-0.019726402405901,0.0050251117810989,-0.00246157570881961
-1.10216820091768,0.303580120721053,0.0787834229607828,0.314117173048108,-0.0206303177239147,0.00485784308942226,-0.00361835329279141
-1.13003750208661,0.323499455088508,0.079028132255258,0.318143440044695,-0.0216046906151139,0.00457206445877374,-0.00467866535305484
-1.15331712505254,0.342573247610532,0.0792880384599805,0.320103197319725,-0.0226443709596704,0.00415259487511042,-0.00561253295281835
-1.17188937361383,0.361174310694715,0.0795838414585252,0.319696995483991,-0.0237465493874079,0.00359384273925332,-0.00639094135093593
-1.18565712643736,0.379731758827359,0.0799203901439025,0.316541175168945,-0.0249094770476632,0.00290195903952793,-0.00698753652858613
-1.19456411259931,0.398672820091119,0.0802829721816336,0.310226294194368,-0.0261300124705364,0.00209559070799847,-0.0073807949861181
-1.19862032730845,0.418360794536425,0.0806388615393153,0.30040231016924,-0.0274006112168835,0.00120458125636635,-0.00755632884801012
-1.19792935978575,0.43904711281879,0.0809442922694105,0.286869623213224,-0.0287067879575279,0.000266508083484927,-0.00750877292665393
-1.19271277697943,0.460851489924887,0.0811548218130602,0.269647746810019,-0.0300261458233183,-0.000678300200648516,-0.0072426425898725
-1.18332576076931,0.483772500980214,0.0812355481015537,0.248998112624862,-0.0313296255037001,-0.00159203498917354,-0.00677177863261349
-1.17025834824932,0.507717507748646,0.0811677813175565,0.225393780636986,-0.0325848077832591,-0.00244366839128126,-0.00611746324140162
-1.15411851629932,0.532534141458463,0.0809504971245472,0.199448261701655,-0.0337603221606655,-0.0032113984692653,-0.00530576210307834
-1.13559678577695,0.558029264693703,0.0805971270141522,0.171827906507767,-0.0348300733925978,-0.00388320889899893,-0.00436485652128293
-1.11541640604574,0.583971761520451,0.0801297564390151,0.143172791643065,-0.0357762136040464,-0.00445603263241641,-0.00332299654133897
-1.09427669125111,0.610084914149747,0.0795730623527192,0.114042649137144,-0.0365903323182764,-0.00493418825013084,-0.00220736719006996
-1.07279855190091,0.636037555813851,0.0789496617491952,0.084893564819897,-0.0372728877804398,-0.00532762534412808,-0.0010438269381285
-1.05148016525532,0.661440757259671,0.0782776054361871,0.0560826777632418,-0.0378312492238728,-0.00565025918486015,0.000142720706276165
-1.03066770763061,0.685851874374566,0.0775700110860281,0.0278933739804792,-0.0382768379943134,-0.00591844123424701,0.00132761666268657
-1.01054253898477,0.708783864140052,0.0768364395796337,0.000571606494784074,-0.0386218465257945,-0.00614946166042618,0.00248566419033858
-0.991123137971512,0.72971652570665,0.0760854747661978,-0.0256365072408478,-0.0388759867473989,-0.00635992337482725,0.00359050072699658
-0.972278246203697,0.748107877910478,0.0753279176532143,-0.0504556466284849,-0.0390437464355528,-0.00656387095402338,0.00461432639683016
-0.95374723499257,0.7634071418926,0.0745799278294872,-0.0735700186699314,-0.0391227019435705,-0.00677071226022017,0.00552818344012724
-0.935164485573383,0.775073930222642,0.0738653186435267,-0.0946367485550436,-0.0391034535634493,-0.00698322286795124,0.00630294789620629
-0.91608619143265,0.782609079824372,0.0732161517813619,-0.11332545746218,-0.0389715692442533,-0.0071961946191928,0.00691108508025992
-0.896019597009141,0.785599236533458,0.072670972827121,-0.129376928409564,-0.0387114306593168,-0.0073964153526313,0.00732900545756948
-0.874455236901251,0.783769838914892,0.0722706268867789,-0.142664300002662,-0.0383111420972971,-0.00756446253080293,0.00753958266946955
-0.850901713855035,0.777032922463341,0.0720525101838713,-0.153235084458312,-0.0377670276264276,-0.00767821355261397,0.00753419853895996
-0.824920178916773,0.765512536484971,0.0720449235402503,-0.161316354267154,-0.0370861518075633,-0.00771724579034404,0.00731371910377744
-0.796153548900465,0.7495354860794,0.0722633819589379,-0.167278721820516,-0.0362859656460877,-0.00766684625057368,0.00688812580818749
-0.764345219984726,0.729586997577065,0.0727100821079777,-0.171570750083292,-0.035391302895122,-0.00752048708618207,0.00627497958633605
-0.729344140251293,0.706243293807444,0.0733765532325426,-0.17464536593953,-0.0344299042191995,-0.00728027531457879,0.00549723802140469
-0.691096663729406,0.680099548373536,0.0742484409730263,-0.17689922896772,-0.033427959978952,-0.0069556527905952,0.00458102433666761
-0.649628809388922,0.651710181737665,0.075310847563628,-0.178637243046103,-0.0324068286911435,-0.00656110640831081,0.0035537923323901
-0.60502423210068,0.62155171375517,0.0765527371803472,-0.180063646334187,-0.0313814570448642,-0.00611371290753706,0.00244308936542419
-0.557403173404258,0.590010659169238,0.0779693725157776,-0.18129341935634,-0.0303604645430003,-0.00563110556628227,0.00127591920385394
-0.506906366348655,0.557393105380108,0.0795622827862658,-0.182374755715122,-0.0293475313047375,-0.0051301137888919,7.85955739400076e-05
-0.453686250991325,0.523949601684549,0.0813367280927011,-0.183314110125353,-0.028343632544571,-0.00462604176992503,-0.00112306032998255
-0.397906273853603,0.489907989171809,0.0832969877029866,-0.184097957632633,-0.0273496848410287,-0.00413237567426593,-0.00230332888572937
-0.339747709884081,0.455506790983107,0.0854401416012516,-0.184708342083521,-0.0263692071814781,-0.00366063935396636,-0.00343615802073559
-0.279422167101624,0.421021958980773,0.0877494082492001,-0.185131699918348,-0.0254105926478243,-0.00322013618332537,-0.00449484612232693
-0.217186580833289,0.386780129964181,0.0901885563658393,-0.185362034033699,-0.0244885368936103,-0.00281740532869031,-0.00545201809121757
-0.153356087870515,0.353152694129193,0.0926992754959995,-0.185400238978716,-0.0236241336984319,-0.00245537668820472,-0.00628007475591333
-0.0883092050353187,0.320527973587542,0.0952033658241259,-0.185251342338847,-0.0228432324813211,-0.00213241207650768,-0.00695225463048296
-0.0224801420677797,0.289264317913061,0.0976108297795152,-0.184920870247774,-0.0221729680625442,-0.00184161744878659,-0.00744432631615946
0.0436642761915312,0.259634124103373,0.0998332464842042,-0.184410871849442,-0.0216369405423006,-0.00157090205416162,-0.00773672310631955
0.109660635488084,0.231774899899007,0.101799585387136,-0.183715877796113,-0.0212501849868033,-0.00130413761423258,-0.00781669659308377
0.175089784383136,0.205664491229857,0.103469897749488,-0.182819420936064,-0.0210154729331874,-0.00102340784933913,-0.00767992580241364
0.239610950726645,0.181131071102609,0.104842300978009,-0.181692293452776,-0.0209222757352433,-0.000711872230030025,-0.00733109303162719
0.302978885141588,0.157896379378311,0.105950774289357,-0.180293669822755,-0.0209488478796656,-0.000356457502439876,-0.00678324180286599
0.365039813475162,0.13563889078462,0.106854595867594,-0.178575146258061,-0.0210667496028483,5.03597923453259e-05,-0.00605612856958845
0.425709638119536,0.114058093075148,0.107623075569345,-0.176486217108792,-0.0212463256354873,0.000510028317229957,-0.00517406741157681
0.484943239218937,0.0929236874723127,0.108320279173737,-0.173978841953444,-0.0214615547484271,0.00101851060070778,-0.00416382398467933
0.542704842046036,0.0721013267678584,0.108993615796182,-0.171009230829702,-0.0216931892235149,0.00156750655036133,-0.00305296833987094
0.598946881065079,0.0515547206790094,0.109668345709459,-0.167536497129754,-0.0219298246317945,0.00214577142776825,-0.00186886711948225
0.653600760096212,0.031329278628841,0.110348289206957,-0.16351953318635,-0.0221671175245065,0.00274014707758726,-0.00063829869093146
0.706579260007538,0.0115242400209929,0.111021833186496,-0.158914588038657,-0.0224056554311616,0.00333617634905926,0.000612440687145682
0.757787957421878,-0.00774040379628752,0.111671767592677,-0.15367631028874,-0.022648036143976,0.00391840387316257,0.0018571144771105
0.807141721494534,-0.0263573682350594,0.112287230639,-0.14776449901549,-0.0228956657133962,0.00447062500184926,0.00306898751755001
0.85458174899988,-0.0442621714629084,0.112875789791146,-0.141157606311083,-0.0231457577973283,0.00497641020962679,0.00422031164536709
0.900088236462359,-0.0614563100285116,0.113473260654853,-0.133872110417443,-0.0233890559359844,0.00542019459954033,0.00528204583264605
0.943683811377274,-0.0780194431258952,0.11414841105247,-0.125984241033758,-0.0236088709334706,0.00578906736195086,0.00622401917256588
0.985423804802946,-0.0941061646819095,0.114999667880082,-0.117647561372745,-0.0237820119565658,0.00607511873989093,0.00701574406262132
1.02537207630461,-0.109924061416317,0.116141999705126,-0.109097764804735,-0.023881934677077,0.00627784350662648,0.00762802044107734
1.06356567763334,-0.125693509904658,0.117684761500657,-0.100636702960095,-0.0238838309390519,0.00640578842297708,0.00803529260024135
1.09997714920241,-0.141596009348268,0.119705101985341,-0.0925929089816997,-0.0237705416714365,0.00647657341008112,0.008218428062191
1.13448697316762,-0.15772446890928,0.122224901697922,-0.0852652848940676,-0.0235374740564456,0.00651478679052491,0.00816728353524227
1.16687752233996,-0.174051567305288,0.125199740010778,-0.0788660883491411,-0.0231946733085035,0.00654801240134362,0.00788229830341179
1.19685274665027,-0.190427719995506,0.128524708457153,-0.0734826663211611,-0.0227650988614651,0.00660204105050276,0.00737457015823755
1.22407793696311,-0.20660932258346,0.132055349154336,-0.0690710425689289,-0.0222796296782519,0.0066966737359079,0.00666438207036266
1.24822644196355,-0.222306492828917,0.135636185657385,-0.065481479173588,-0.0217705487536673,0.0068432060708359,0.00577868817714671
1.26901926552686,-0.237233878994471,0.139127418749644,-0.0625042055793959,-0.0212655816521263,0.00704391353684557,0.00474833822425444
1.28624818659591,-0.251150265841917,0.142422690682752,-0.0599187418135099,-0.0207839753257404,0.00729311206827569,0.00360572407674869
1.29977986167118,-0.263879764759001,0.145455196029485,-0.0575331029727096,-0.0203351275403873,0.00757900505104638,0.00238321347801791
1.30954361597424,-0.275314655491213,0.1481932534045,-0.055205780132095,-0.0199194678792864,0.00788558847586289,0.0011124085807262
1.31550816406012,-0.285404535982387,0.150628517773366,-0.052849565940689,-0.0195308964546188,0.00819419531650462,-0.000175941512668501
1.3176527698513,-0.29413790441991,0.152760467955412,-0.0504200347516404,-0.0191600387767614,0.00848461076609821,-0.00145162553181769
1.31593795453491,-0.301521795816639,0.154580500059869,-0.0478930362906406,-0.0187976883079396,0.00873595474010843,-0.00268450796681796
1.31028074752363,-0.307563911576107,0.156058604082954,-0.0452361224232586,-0.0184379198151019,0.00892765903758002,-0.00384415890833224
1.30053979247885,-0.312260561328356,0.157135441377554,-0.0423794472128632,-0.0180803989519291,0.00904085410951477,-0.0048998024102342
1.28651590957106,-0.315592803636384,0.157722450387531,-0.0391926437627629,-0.0177314200015897,0.00906032377407705,-0.00582079624923498
1.26797271755889,-0.317532007744936,0.157711801221121,-0.0354748035727861,-0.0174032774059207,0.00897689474539145,-0.00657780596573358
1.2446781952642,-0.318054093388633,0.156995995908322,-0.0309635677160661,-0.0171118390338506,0.0087897580657326,-0.00714470148451081
1.21646129196138,-0.31715886070478,0.155493638023896,-0.0253652118271517,-0.0168726915703947,0.00850791785528043,-0.00750096284077894
1.18326968168934,-0.314888006008127,0.153174424716515,-0.0184006479411972,-0.0166968421564945,0.00814994507830967,-0.0076340895923867
1.14521000766887,-0.311334517246602,0.150074842041682,-0.0098551026289975,-0.0165873608295012,0.0077416351108837,-0.00754132278724582
1.10255490299747,-0.306638640462155,0.146298189366798,0.000383927091662094,-0.0165381855240652,0.0073119297027352,-0.00723008049469454
1.05571237344407,-0.30097098531831,0.141998191459811,0.0123121819234474,-0.0165355296314428,0.00688817769527625,-0.00671690841488364
1.00516732797742,-0.294508704664138,0.137351744259944,0.0258202848602066,-0.0165613116016883,0.00649204033303497,-0.00602526447830856
0.951414136479211,-0.287412893974052,0.132529768143024,0.0407247113352581,-0.0165973362060561,0.00613697229524023,-0.00518280341095455
0.89489921276682,-0.27981368413075,0.127674288093526,0.056806134766857,-0.0166289216676076,0.00582751095550458,-0.00421885112811644
0.835985206926327,-0.271805573391409,0.122885997961441,0.073843710993603,-0.0166471490655188,0.00556000205316012,-0.00316252437731885
0.774939380475745,-0.263452020559541,0.118222365861796,0.0916380095357596,-0.0166495395709222,0.0053241305554757,-0.00204164767355522
0.711942010619138,-0.254796439711705,0.113703599627354,0.11002012595523,-0.016639419696605,0.00510469213929616,-0.000882390315134411
0.647108108392864,-0.245876544350442,0.109322989412395,0.128848122212759,-0.0166244233635624,0.00488327868118641,0.000290563240594409
0.580516095906288,-0.2367395518615,0.10505864696508,0.147993905496641,-0.0166145639137033,0.00463980426253435,0.00145351841520275
0.512238778315827,-0.227456312512271,0.100884655824558,0.167324455831901,-0.0166202113659396,0.00435397967923796,0.0025831425450157
0.442373454169568,-0.218132551738139,0.0967805202460667,0.186681647611257,-0.016650223576267,0.00400692203711365,0.00365587510504525
0.371068463835825,-0.20891510390267,0.0927382747230223,0.20586521728755,-0.0167104436292186,0.0035830555249968,0.00464753817565851
0.298543055834133,-0.199990743613084,0.0887667559449091,0.224623755030153,-0.0168027874771358,0.00307232322901434,0.0055333077238624
0.225096402636771,-0.191575466139464,0.0848924962004735,0.242658352786919,-0.0169251478417878,0.00247249898429844,0.00628819257247968
0.151101419318607,-0.1838936182243,0.0811568337129378,0.259641942485564,-0.0170722741087202,0.00179111600390707,0.00688811220112477
0.0769807405596631,-0.177149253756588,0.0776093413717442,0.275253600200128,-0.0172375884043102,0.00104632381382947,0.00731153767298706
0.00316673472481617,-0.171495949923159,0.0742986376128287,0.289221596412323,-0.0174155871401997,0.000266006683344027,0.00754146812158504
-0.0699464252066253,-0.167014160049367,0.0712626878765646,0.301363683825818,-0.0176041651652326,-0.000515138155531762,0.00756732059141616
-0.142045741371353,-0.163704802459479,0.0685212318494695,0.311611299481609,-0.0178060809057949,-0.00126020722850583,0.00738622785699619
-0.212924398056455,-0.161503218043853,0.0660724616869185,0.320008342268001,-0.0180289955568328,-0.00193536020832858,0.00700335942631315
-0.282481568302791,-0.160310530961634,0.0638945860638311,0.326683995652435,-0.0182840170275428,-0.00251442825110849,0.00643118507237816
-0.350698888397102,-0.160033478095234,0.0619511796887242,0.331808410049202,-0.0185832168998872,-0.00298179706969739,0.00568794284016796
-0.417603060357227,-0.160621935386138,0.0601981279497415,0.335545158023825,-0.0189368898139149,-0.00333317144873491,0.00479578096182755
-0.483226686500864,-0.162095959441438,0.0585899763990506,0.338013508961061,-0.019351284965169,-0.00357453401358758,0.00377904276828231
-0.547577063070297,-0.164558893654678,0.0570843315481901,0.339268550049868,-0.0198272562510047,-0.00372002923182442,0.00266300982490738
-0.610617729268229,-0.168197196247855,0.055644048901628,0.339301405200654,-0.0203599447041354,-0.00378954255050964,0.00147322519891386
-0.672262836537604,-0.173269564109523,0.054237794297817,0.338057701783387,-0.0209393697063805,-0.0038065140851704,0.000235370578043239
-0.732381396267612,-0.180087628869961,0.0528399753693237,0.335470518883397,-0.0215517056062794,-0.00379619979610408,-0.00102440985193278
-0.790807212413058,-0.188988890237071,0.0514310246902856,0.331503328151716,-0.0221810147713298,-0.00378430142817081,-0.00227888207954203
-0.847350378721287,-0.200300931387773,0.0499986920469747,0.326197608880092,-0.0228112348704913,-0.00379569511638317,-0.00349896164949719
-0.901806852458458,-0.214295559235843,0.0485404413972484,0.319717736787955,-0.0234282141764605,-0.00385292002535604,-0.00465303753374521
-0.953963476733671,-0.231133486258431,0.0470663336678778,0.312382341264471,-0.0240215276018832,-0.00397415945284632,-0.00570667540292033
-1.00359685429517,-0.250805143216757,0.0456010614305464,0.304668035736891,-0.0245857013951637,-0.00417067905071737,-0.00662307586725854
-1.05046594291809,-0.273080378865373,0.0441834030005985,0.297171587940856,-0.0251203957282504,-0.00444408109749304,-0.00736466998811513
-1.09430026156624,-0.297485713478668,0.0428617173401474,0.29052441529062,-0.0256291615206975,-0.00478420266305881,-0.0078960474639363
-1.13478830163586,-0.323326722379203,0.0416855012258448,0.285270681737699,-0.0261167372073874,-0.00516879157386748,-0.00818795569209323
-1.1715728454772,-0.349760349477487,0.040695090529226,0.281741753376749,-0.0265854796756828,-0.00556589751762303,-0.00822148942636614
-1.20425992158129,-0.375900386100636,0.0399131135497231,0.279971929204068,-0.0270321751146797,-0.00593904154836702,-0.00799117824303383
-1.23244464595233,-0.400921502794243,0.0393409634443275,0.279690184043636,-0.0274466676997229,-0.00625398641972199,-0.00750587581713377
-1.25575108113953,-0.424127022279856,0.0389612245440246,0.280391456467974,-0.0278131550724366,-0.00648508120831165,-0.00678718621753075
-1.27387771686371,-0.444964967048288,0.0387441791174898,0.28145737679949,-0.0281138595104504,-0.00661931665059855,-0.00586613461232758
-1.28663790671163,-0.463002393395546,0.0386551079585272,0.282280932848267,-0.028333765106536,-0.00665729285269633,-0.0047792978564963
-1.29398617040454,-0.4778832977513,0.0386596975271368,0.282357911585618,-0.0284647812834726,-0.00661153735551973,-0.00356546762540065
-1.29602493495868,-0.489294370933059,0.0387266038944077,0.281329181218504,-0.0285080841552998,-0.00650332642233404,-0.002263402991624
-1.2929901338042,-0.49695114102003,0.0388278250799023,0.278977533435576,-0.0284741212712872,-0.00635917243618189,-0.000910724249863295
-1.2852175346746,-0.500604048731369,0.038938302766847,0.275193438201783,-0.0283804453510935,-0.00620769938102573,0.000456299406762538
-1.27309452445562,-0.500055835455742,0.0390361037910491,0.269926090973735,-0.0282479766927417,-0.00607709532006165,0.00180242102414802
-1.25700480856219,-0.495179717317209,0.0391039559404324,0.263133705507269,-0.0280965083193494,-0.0059929519857142,0.00309289997847963
-1.23727588533037,-0.48593037441853,0.0391321376154442,0.254743794020134,-0.0279403624595185,-0.00597617279630158,0.00429312595987386
-1.21414081367695,-0.472344300584572,0.0391219407201747,0.244631774051172,-0.0277851502828791,-0.00604075376478047,0.00536868133103233
-1.18772538611298,-0.45453041047869,0.0390882859734573,0.232624010886508,-0.0276265381927136,-0.00619156221527533,0.00628609383744248
-1.15806807131172,-0.432654861652359,0.0390598078665998,0.218527574338038,-0.02745165521105,-0.00642264106564214,0.00701441973359015
-1.12517168220024,-0.406925104878272,0.0390751432676089,0.202182079604425,-0.0272431471184894,-0.00671684928561593,0.00752757207216516
-1.08907421708576,-0.377577291696463,0.0391754320337677,0.183520059604935,-0.026984948847727,-0.00704756679257238,0.00780698340906697
-1.04991627524311,-0.344868811736817,0.0393948356949874,0.162615675835272,-0.0266679730237619,-0.00738260972370748,0.00784389387751456
-1.00798066592035,-0.309075116071302,0.0397522662123549,0.139702806302056,-0.0262936787374791,-0.00768960080450437,0.00764049541561808
-0.963689553392996,-0.270488304454475,0.0402474478352724,0.115154490632854,-0.0258742263956394,-0.00794132003847573,0.0072094710860878
-0.917561740532906,-0.22941491432553,0.0408626976417715,0.0894313428460633,-0.0254293416298172,-0.00811951408353643,0.00657203461928658
-0.8701477678024,-0.18617157032377,0.0415693778253673,0.0630178535871909,-0.0249812892159206,-0.00821632260890137,0.0057550861235751
-0.821965631060966,-0.14107863915247,0.0423362791126302,0.0363667100232033,-0.0245498157744524,-0.00823344613162908,0.00478828655916347
-0.773454584804326,-0.0944528858601005,0.0431369912817676,0.00986378016279708,-0.0241485014219135,-0.00817987931382229,0.00370168979212636
-0.724954513459378,-0.0466002021292666,0.0439543054234014,-0.0161837089460162,-0.0237831367426458,-0.00806921216309372,0.00252423861918746
-0.676709739976914,0.00219090250114651,0.0447810319291936,-0.0415407549585727,-0.0234520241809005,-0.00791726287054571,0.00128313091770523
-0.628891874054483,0.0516546515420246,0.0456176537063242,-0.0660279407243835,-0.0231477360917736,-0.00774040810221429,3.89067872522518e-06
-0.58163573331875,0.101551696541443,0.0464677626053239,-0.0895022244962247,-0.0228598036261122,-0.00755462055818979,-0.00128907555802096
-0.535083492224235,0.151670065461014,0.0473323963429788,-0.11184083821822,-0.0225779013370709,-0.00737499242306828,-0.00257164948876975
-0.489432820013154,0.201821391973309,0.0482044349705295,-0.132931709602806,-0.0222951713482061,-0.00721541462804275,-0.00381909668565831
-0.444983602526691,0.251829714119544,0.0490642864683521,-0.152671804394032,-0.0220113053125872,-0.00708807151192704,-0.00500529011790954
-0.402174625484117,0.301510228511122,0.0498781721135019,-0.170973026514767,-0.0217348534948223,-0.00700248731774332,-0.00610229255245155
-0.361597551708062,0.350637156186267,0.0506002254830849,-0.187773735944213,-0.0214840324671238,-0.00696403566983922,-0.00708055322071944
-0.323973504116133,0.398903901230842,0.0511790547749981,-0.203052671008622,-0.0212852308629309,-0.0069721024324346,-0.00790994186814573
-0.290081377813609,0.445884404885556,0.051568178419166,-0.216841405589333,-0.0211686992013119,-0.00701842625885339,-0.00856169108092941
-0.260639489075206,0.491009743404048,0.0517380362529067,-0.229231769172899,-0.0211617182566516,-0.00708638505760356,-0.00901102741417868
-0.236161084700983,0.533574704557492,0.0516858567845611,-0.240375754180958,-0.021280707918472,-0.00715193576523028,-0.0092399289659731
-0.216821073252715,0.572782486944039,0.0514396031157801,-0.250476848213925,-0.0215246913629321,-0.0071864296941716,-0.00923924903430363
-0.202374821048781,0.607822897796882,0.0510540476574896,-0.259772979346418,-0.0218725357442227,-0.00716076704042874,-0.00900957094998344
-0.192155104094693,0.637966531595393,0.0506000473424887,-0.268512538281331,-0.0222851885266438,-0.00704973866918798,-0.00856059841036359
-0.185147049925124,0.662651437592653,0.0501506636261941,-0.276926645600676,-0.0227122767525509,-0.00683531677521715,-0.00790940019213068
-0.180116983001565,0.681542450337492,0.0497685294106833,-0.285202654770547,-0.0231009541855866,-0.00650813536123845,-0.00707813201141299
-0.175760123603116,0.694553676829872,0.049497707897145,-0.293464682352669,-0.0234044709690945,-0.00606712798225552,-0.00609184323982397
-0.170835273210909,0.701835697765974,0.0493611782080581,-0.301765640184951,-0.0235885452934178,-0.00551786950396731,-0.00497674609854334
-0.164266186426753,0.70373673170024,0.0493631858284502,-0.310092106651651,-0.0236346769712372,-0.00487040338361046,-0.00375906785523387
-0.155202094038319,0.700749966588373,0.0494946275285559,-0.318379736036183,-0.0235404801345376,-0.00413725596741738,-0.00246444034479108
-0.143039309644122,0.693458701414955,0.0497394270486269,-0.326534330286107,-0.0233176574029849,-0.00333208858385256,-0.00111772375866924
-0.127410710951221,0.682488413915343,0.0500801672626264,-0.33445280138495,-0.0229884010152152,-0.00246914743009785,0.000256833808699712
-0.108151131867033,0.668471588259818,0.050501727592471,-0.342038777905318,-0.0225809375982056,-0.00156341564958336,0.00163518302435152
-0.0852462704253921,0.652027679794898,0.0509921462765974,-0.349208978252644,-0.0221247887427902,-0.000631179407257738,0.00299288612456226
-0.0587722976471846,0.633756958357547,0.0515403842683041,-0.355888245309736,-0.0216461967815479,0.000309405425542091,0.00430445378436144
-0.028833808013276,0.614243252901564,0.0521312355430614,-0.361993270352385,-0.0211641089849671,0.00123821141625502,0.00554273734585575
0.00449096407383265,0.594057376059814,0.0527384218627725,-0.367407678942626,-0.0206871320798926,0.00213392561485393,0.00667855094460804
0.0411873333602463,0.57375155332299,0.0533179034747646,-0.371954412507428,-0.0202119437815234,0.00297597266647026,0.0076807441126999
0.0813132150810073,0.553836865173455,0.0538043178705702,-0.375374663903916,-0.0197236998913847,0.00374748953397262,0.00851697336701355
0.124972249432741,0.534741665348582,0.0541136498944567,-0.377324747591915,-0.0191988682028902,0.00443879730177785,0.00915538656329867
0.172250808517273,0.516758357081096,0.0541540437877467,-0.377400889342359,-0.0186104872062778,0.00505034918628712,0.00956727258723784
0.223131376255913,0.49999540947194,0.0538438025915052,-0.37519477994216,-0.0179350461320505,0.00559392503941612,0.00973040372488744
0.277408740831149,0.484355630933329,0.0531318544729518,-0.370370143078086,-0.017159273026051,0.00609115954836625,0.00963237891547655
0.334642218921142,0.469555771982287,0.0520132862765616,-0.362737541608091,-0.0162846589030274,0.00656938945239233,0.00927298283838055
0.394168473673062,0.455187349293623,0.0505331789471256,-0.35230002000096,-0.0153280677301528,0.0070559361201243,0.00866468693909348
0.455175791342099,0.440801648248961,0.0487764039700555,-0.339251641485547,-0.014318236771951,0.00757265019515879,0.00783101588018698
0.516814570354899,0.425993161449895,0.0468469940445817,-0.323930658068587,-0.0132895944607774,0.00813234865620418,0.00680330794112332
0.578306232382098,0.410459502258459,0.044844619484581,-0.306746818461103,-0.0122756588131307,0.00873779539068042,0.00561693094237906
0.639019657449394,0.394027912878568,0.0428456422442048,-0.288108147013079,-0.0113039738340535,0.00938276734640975,0.00430800359415023
0.698502706830736,0.376650679510285,0.0408931324331497,-0.268366075122458,-0.0103935261805811,0.0100541334432667,0.00291124406547705
0.756473670417443,0.358378481120639,0.038996569183541,-0.247786207630565,-0.00955457427426504,0.0107339140664835,0.00145906018025813
0.812786129268853,0.339321526975901,0.0371395459475857,-0.226542599772323,-0.00879025571674685,0.0114007398129206,-1.83431920909955e-05
0.867380933250216,0.319605973004307,0.0352930036122393,-0.204729196630706,-0.00809923227797674,0.0120306544413306,-0.00149218935697216
0.920234857437285,0.299330495979202,0.0334316425990448,-0.182382140622137,-0.00747876833143844,0.0125976038852518,-0.00293402964019486
0.971311228971496,0.278526888444381,0.0315513333162999,-0.159508635982893,-0.00692779222951757,0.0130741644223532,-0.00431461476857413
1.02051572595306,0.257129530361981,0.0296849705145135,-0.136119795262215,-0.00644952861778162,0.0134330914202708,-0.00560301205093748
1.0676611639207,0.234960901320146,0.027913251834474,-0.112265063387761,-0.00605319959953423,0.0136501050998338,-0.00676625704330711
1.11244757017043,0.211742178190641,0.0263658828151919,-0.0880640675475077,-0.00575417424468058,0.0137079358418108,-0.00776985279854266
1.15446575366443,0.187136603941292,0.0252088915806058,-0.0637287926415983,-0.00557199247490935,0.0136010203368332,-0.00857939220381214
1.19323102339596,0.160826012245882,0.0246164671541043,-0.0395669942081382,-0.00552612010297325,0.013339514104969,-0.00916338072158691
1.22824606117388,0.132607223616388,0.0247314944887463,-0.015959690191136,-0.00563016842023915,0.0129508341321895,-0.00949692153312722
1.25907949289184,0.102480116670954,0.0256259109974678,0.0066867115654704,-0.00588632149951327,0.0124772664238971,-0.00956539944017027
1.28543604433751,0.0706932919899227,0.0272756700098636,0.0280017031855856,-0.00628219197158056,0.011969484864983,-0.00936698726180069
1.30719327045014,0.0377249186981888,0.0295614756972153,0.0477052037450738,-0.00679163398589829,0.0114776194624473,-0.00891302260252509
1.32439284210395,0.00420263424810412,0.0322957924597614,0.065636499144662,-0.00737940122503914,0.0110426901587775,-0.00822609341592277
1.33719344112077,-0.0292082862085404,0.0352654000228992,0.081750149477762,-0.00800788016927349,0.0106909475117702,-0.00733655771479095
1.34580610311477,-0.0619105239937998,0.0382738236535412,0.0960854490126523,-0.00864352300217183,0.0104321636594682,-0.00627867254177403
1.35043462139185,-0.0934464720872062,0.0411712788176885,0.108724485537939,-0.00926121637202519,0.0102612487178788,-0.0050873435142462
1.35123586707755,-0.123527656902651,0.0438674611970753,0.119753866459907,-0.00984600403555768,0.0101616501064052,-0.00379599693105884
1.34830460606362,-0.152028918142666,0.0463293732971234,0.129239677239327,-0.0103925586072507,0.0101090087494456,-0.00243559591935501
1.3416800352935,-0.178960947363518,0.0485696972427913,0.137218806781784,-0.0109032246458465,0.0100741180025753,-0.00103456112447485
1.33136794926901,-0.204433550741867,0.0506312303529608,0.143705226304566,-0.011385418826987,0.0100248970942744,0.000380705062057025
1.31737196905505,-0.22861710079749,0.0525711865045906,0.148707587862421,-0.0118489272593402,0.00992759234104261,0.00178495561464887
1.29972783452445,-0.25170462761533,0.0544472225201158,0.152253718853414,-0.0123033961931211,0.00974770148336583,0.00315311284872709
1.27853496798104,-0.273873884288744,0.0563057117321883,0.154417096187239,-0.012756173909256,0.00945121429115964,0.00445935167562476
1.25397888012095,-0.295248312364124,0.0581723082514901,0.155339499723306,-0.0132106446185553,0.0090067065083387,0.00567645290273485
1.22633716208931,-0.31585822658861,0.0600451124596534,0.155242869815927,-0.0136652609850175,0.00838860249045565,0.00677565203473335
1.19596224551616,-0.335608076836931,0.0618914069725639,0.154422933949899,-0.0141135514815276,0.00758149792838951,0.00772721686335841
1.16323750048857,-0.354260422073521,0.0636494264967494,0.153219141404226,-0.0145453442980389,0.00658481776476635,0.00850192380044112
1.12851097249146,-0.371449014974182,0.0652363262930913,0.151961470342385,-0.0149492175922206,0.00541643855631676,0.00907341251728672
1.0920216941712,-0.386728530396344,0.0665620173229175,0.150904398649137,-0.0153157488844506,0.00411358599395761,0.00942107537285637
1.05384202105886,-0.399656032747548,0.0675461702555539,0.150167830843925,-0.0156406563145063,0.00272974016237897,0.00953279231810039
1.01385901248759,-0.409883983516986,0.0681337134552471,0.149707441073849,-0.0159267091048991,0.00132755254824968,0.00940667304388632
0.971805528731938,-0.417235834259129,0.0683040920874902,0.149328269838544,-0.0161835889372821,-3.0602524217944e-05,0.00905120064891904
0.927332265294176,-0.421740137040083,0.068071867499966,0.148738406299652,-0.0164256433831435,-0.001291785887574,0.008483730717152
0.880096796107829,-0.423615873915889,0.0674796932829309,0.147623970017687,-0.0166682868390817,-0.00241891117165198,0.00772788169164706
0.829842869676839,-0.423220160998158,0.0665872588990151,0.145721228968086,-0.0169242186754014,-0.00339323864038511,0.0068106292533324
0.776452230429,-0.420979761937359,0.0654602798882831,0.142867685020439,-0.0172004931989639,-0.00421326226042695,0.00575980658081587
0.719964503109425,-0.417327134365098,0.0641623650508444,0.139025288153381,-0.0174969877618578,-0.00489127541225194,0.00460238107535248
0.660570718943646,-0.412653988683663,0.0627507551598165,0.134278558767374,-0.0178062951267106,-0.00544909840370944,0.00336355451453789
0.598590201811823,-0.407286469545861,0.0612754842172809,0.128814939446037,-0.0181147359796988,-0.00591410096546568,0.0020665453364
0.534439487195665,-0.401479574967365,0.0597807685364799,0.122894583954034,-0.018404084470244,-0.00631610883932185,0.00073285771939226
0.468598698275788,-0.395425372904401,0.0583072808411039,0.116814332473444,-0.0186536644619369,-0.00668529958489307,-0.000617130444615194
0.401577374530618,-0.389269089832885,0.0568941304821609,0.110867947418829,-0.0188426069251263,-0.00705086804742371,-0.0019633768100438
0.33387947566742,-0.383128082296169,0.0555796493872269,0.105303195812419,-0.0189521835023364,-0.00744007610220146,-0.00328525560059133
0.265966392551266,-0.377109876551046,0.0544003639400917,0.100276690192196,-0.018968188226036,-0.00787725557089754,-0.00456057434074299
0.198217604657139,-0.371326286903849,0.0533878414811668,0.0958097787864772,-0.0188833005087637,-0.0083823809961078,-0.00576462357860474
0.130891203144927,-0.365900741496756,0.052563504798253,0.0917529432816217,-0.0186992102902773,-0.00896897026749755,-0.00686944324377611
0.0640909780571815,-0.360965744388266,0.0519321335904522,0.0877710862801075,-0.0184280460607702,-0.00964133909703595,-0.00784362125189996
-0.0022481034289175,-0.356647679816366,0.0514756287658117,0.0833651600383924,-0.0180923961943563,-0.0103916581548973,-0.00865306430426731
-0.068341567230312,-0.353038427505205,0.0511494932793658,0.0779425115621109,-0.0177231435027933,-0.0111977925643164,-0.0092631721598106
-0.134494607171135,-0.350158453195986,0.050884759401157,0.0709348209801834,-0.0173547065990286,-0.0120233043110892,-0.00964253345701545
-0.201004263852402,-0.347923024823813,0.0505969646308179,0.0619393608090878,-0.0170182643921825,-0.0128208310443659,-0.00976758140485891
-0.268050812165812,-0.346127639200465,0.0502010402633874,0.0508374940448902,-0.0167348518983807,-0.0135389769575904,-0.00962687631108876
-0.33561727621686,-0.344464893338953,0.0496277915938582,0.0378418395378748,-0.0165109722508326,-0.0141311434360026,-0.00922341114663381
-0.403467906695358,-0.342572054911863,0.0488362382457722,0.0234497832221045,-0.0163386890615559,-0.0145634588220255,-0.00857399339086654
-0.471189827646579,-0.340093973424566,0.0478177963486388,0.00832271913435217,-0.0162001788608355,-0.0148191968422214,-0.00770604091270553
-0.538274842268477,-0.336739803659776,0.0465920277912359,-0.00686016899904879,-0.0160747324132008,-0.0148987346623202,-0.00665316000878131
-0.604207686191547,-0.332317562519905,0.0451969059495138,-0.0215243419507695,-0.0159454928006851,-0.0148160059702132,-0.00545103009332016
-0.668534676071714,-0.32674198014651,0.0436775844134331,-0.0352709324789286,-0.0158039487718731,-0.0145934004506058,-0.00413454476087013
-0.730902209719356,-0.320020331186929,0.0420767343982199,-0.0478936711363305,-0.0156515160029304,-0.014256922327402,-0.00273642346925213
-0.791067399279954,-0.312224339976857,0.0404278903082987,-0.0593542447159457,-0.0154985667172631,-0.013832664488824,-0.00128703218875151
-0.848889138648386,-0.303455059029434,0.0387519279298256,-0.0697324073785533,-0.0153616852983759,-0.0133448649455413,0.000184999171810978
-0.90430818916534,-0.293804916836414,0.037056159476257,-0.0791641857451541,-0.0152598767962558,-0.0128152730526965,0.0016517331872676
-0.957322324223358,-0.283319509562713,0.0353354823744317,-0.0877770885362926,-0.0152102365330602,-0.0122632837839912,0.00308473702928966
-1.0079595187257,-0.271962316888515,0.0335752995136495,-0.0956287020464352,-0.0152234473809731,-0.011706215825988,0.00445398131392716
-1.05624990147587,-0.259588205762055,0.0317562411686383,-0.102655581477718,-0.015299539457546,-0.0111591517867596,0.00572707067922418
-1.10219678520774,-0.245935120376394,0.0298607847542286,-0.108642249594997,-0.0154246418879516,-0.0106339355205662,0.00686911452097813
-1.14574846606771,-0.230644936685864,0.0278814137104572,-0.113222808504556,-0.0155698276405035,-0.0101372714083853,0.00784359774893047
-1.18677567412545,-0.213320667790814,0.0258289270109832,-0.115926069057836,-0.015693278419764,-0.00966840283154967,0.00861454023051824
-1.2250627176477,-0.193615591902249,0.0237382733333147,-0.116265209457946,-0.0157464458535713,-0.00921740332471666,0.00914992252311933
-1.26032052575864,-0.171332916114615,0.0216687887956942,-0.113854881173108,-0.0156834637333882,-0.00876533532917812,0.009425803726677
-1.29222405297943,-0.146501596014829,0.0196970013006484,-0.108520271222574,-0.0154712580422869,-0.00828704336473122,0.00943000429018824
-1.32046590324107,-0.119396534112436,0.017903253901706,-0.100357408412182,-0.0150967957428887,-0.00775617604047974,0.0091640885111757
-1.34480858275752,-0.0904926333050585,0.0163566139176221,-0.0897203040940246,-0.0145687400448869,-0.00715081879691092,0.00864290717716509
-1.3651170221679,-0.060370552683014,0.0151035495406031,-0.0771412783937954,-0.0139131984091904,-0.00645772745946402,0.00789191783918551
-1.3813621899793,-0.0296095564918327,0.0141638437767066,-0.0632170822170284,-0.0131657225425802,-0.00567387680322228,0.00694329959834633
-1.39359971541832,0.00129923134503016,0.0135336809840104,-0.0485004554698655,-0.0123627596789132,-0.00480533431969622,0.00583208737608704
-1.4019361029604,0.0320016960458915,0.0131931036954899,-0.0334250920865918,-0.0115351183255143,-0.00386448847548906,0.00459320435115905
-1.4064961680597,0.0622914654160719,0.0131142911895358,-0.0182732300944698,-0.0107045667499451,-0.00286695427908708,0.00325972686920575
-1.40740090102795,0.0920924871024194,0.0132679842942264,-0.00318041309611167,-0.00988341758935127,-0.0018291609893751,0.00186229206106128
-1.40475913060011,0.121425553864559,0.0136268332873463,0.0118343686448218,-0.00907631686407149,-0.000767068686997081,0.000429361328407366
-1.3986718218545,0.150368010042315,0.0141656852126309,0.0268245965744841,-0.00828337368577711,0.000304038523837831,-0.00101197244677465
-1.38924526894538,0.179011666544891,0.0148595890952144,0.0418663244561297,-0.00750394965498298,0.00136905749460962,-0.00243489903229398
-1.3766081353827,0.207420862872933,0.0156806694114152,0.0570074593770526,-0.00674061424729885,0.00241239934202258,-0.00381174541878278
-1.36092661343949,0.235591798364357,0.0165951759276366,0.0722200494067023,-0.00600281813382223,0.00341771128571754,-0.00511297928078452
-1.34241158215749,0.263415921162215,0.0175620458552282,0.0873606462539696,-0.00530970528843105,0.00436846719215975,-0.00630660017439694
-1.32131223964685,0.290653737301431,0.01853414370364,0.102146754460393,-0.0046912522201687,0.00524969076035804,-0.00735821020388214
-1.29789322409015,0.316929206446638,0.0194627886779174,0.116160022902999,-0.00418678223725195,0.00605068673924451,-0.00823208082283758
-1.27239762402829,0.341755943444731,0.0203051007202112,0.128885955101393,-0.00384015141325548,0.00676812322764795,-0.0088934434555107
-1.24500567410447,0.364601139947342,0.0210322649444068,0.139792207534989,-0.00369180176906987,0.00740831327911575,-0.00931194016252532
-1.21580477810295,0.384979827822037,0.0216356983203118,0.148432536287947,-0.00376935162256623,0.00798742745117912,-0.0094656766075999
-1.18478573913092,0.402554892814746,0.0221282397309896,0.154546824634842,-0.00407976079820331,0.00852893783155426,-0.00934481538167493
-1.15187046334635,0.417207700544744,0.022539304606409,0.158120652401151,-0.00460628115074319,0.00905876939880579,-0.0089534929297977
-1.11696209932644,0.42905080774525,0.0229056348591313,0.159379542644303,-0.0053117673762318,0.00959978171843328,-0.00830930270338
-1.07999867948656,0.438377784503353,0.0232611310729298,0.158719977131386,-0.0061471957232208,0.0101675217205137,-0.00744051351774896
-1.04099209874188,0.445571792797394,0.02362912534826,0.156605456361078,-0.00706213122178969,0.0107684279606617,-0.0063820410394684
-1.00004355525753,0.451007734768121,0.0240187540343531,0.153465528814229,-0.00801364075873822,0.0114003960053077,-0.00517146336749075
-0.957336890619645,0.454977346036228,0.0244252256638522,0.149626358601591,-0.00897153634382492,0.0120546821043136,-0.00384602867582198
-0.913116689375681,0.457650532431175,0.0248327955094856,0.145283126283179,-0.00991963210990556,0.0127179451273344,-0.00244100030124028
-0.867657944478648,0.459071121927522,0.0252192349965778,0.140509152775031,-0.0108538895403921,0.0133736357002387,-0.000989200674036533
-0.821231296242364,0.459177367151967,0.0255610180335662,0.135289409023041,-0.0117786668000115,0.0140025308086107,0.000478603805439543
-0.774065251953163,0.457836788271668,0.0258388389046114,0.129565766122797,-0.0127020926929554,0.0145826911294075,0.00193284978934174
-0.726306020347415,0.454887864285871,0.0260431816813144,0.123284104672807,-0.0136312691017082,0.0150893966500494,0.00334416298718253
-0.67797741462097,0.45018437298671,0.0261794561080062,0.11643608283596,-0.0145678378677189,0.0154957163100851,0.00468243392479471
-0.628947146819643,0.443639574916875,0.0262717884063778,0.109089512580504,-0.0155045026374805,0.0157743038785635,0.00591622506619928
-0.57891069874762,0.43526622619375,0.026364110165292,0.101401240278459,-0.0164232894468237,0.0159007546162162,0.00701278076671993
-0.527407044335932,0.425205055470057,0.0265170431591316,0.0936067401777819,-0.0172964373510652,0.0158583462803502,0.00793893139280422
-0.473877977621569,0.413731087440639,0.0267996479409804,0.0859835561534688,-0.0180905273021299,0.0156432457497514,0.00866310360760932
-0.417771129371438,0.401227750563201,0.0272766616026652,0.0787928040280175,-0.0187735561381754,0.0152685212108224,0.00915837527930378
-0.358666882841452,0.388126603256194,0.0279940998523809,0.0722129763169324,-0.0193232857649791,0.0147650424804802,0.0094060428998027
-0.29639019360599,0.374825123381139,0.028967879449823,0.0662880477511012,-0.0197340479544695,0.0141780563494373,0.00939869775097235
-0.231064532743411,0.361609201419431,0.030179919177367,0.0609105098606413,-0.020019240957123,0.01355986595195,0.00914169855054583
-0.163084734411778,0.348609604925544,0.0315834304242147,0.0558469375670953,-0.020208372416421,0.0129607766334737,0.00865240889557938
-0.0930201558235088,0.335808447982081,0.0331152223122915,0.050795468399585,-0.0203398648078589,0.0124211750151769,0.00795744575192556
-0.021487465161201,0.323089881462982,0.0347102471778366,0.0454523644291859,-0.0204524399673768,0.0119668321568131,0.00708891256064547
0.0509623484281022,0.310312698300444,0.0363137042158138,0.0395651987530294,-0.0205778887403755,0.0116079133068053,0.00608075674150194
0.12391381262326,0.297379271175763,0.0378881320716936,0.0329602245316467,-0.0207367915786885,0.0113407953383012,0.00496603628991001
0.197107129217647,0.284283001466527,0.039415345726581,0.025543227691768,-0.0209373131712093,0.0111512434245268,0.00377535761707199
0.270418520338367,0.271127601589215,0.0408945648237137,0.0172807596229399,-0.0211762886703571,0.0110176948550446,0.00253636141705899
0.343816998232744,0.258120113742294,0.0423384313490498,0.00817099977720312,-0.0214415892857971,0.0109139370269951,0.0012739609697311
0.417312369219187,0.245543512395927,0.0437682514838616,-0.00178743094122927,-0.0217149708091848,0.0108109982859091,1.10498330830479e-05
0.490905336032349,0.23371525341119,0.0452091682297805,-0.0126223271440959,-0.0219749337213897,0.0106784424078243,-0.00123060839651651
0.564545619501324,0.222937036853466,0.0466854522326266,-0.0244054782365142,-0.0221994055512084,0.0104854403125342,-0.00242951438447305
0.638100848275845,0.213440656260824,0.0482158019365726,-0.0372568092409009,-0.0223681727729491,0.0102020305595086,-0.00356379304307423
0.711337168556117,0.205336027940949,0.0498085920017098,-0.0513316664022612,-0.0224649904362787,0.00980090127590987,-0.00461093797301717
0.78391223486096,0.198569984552465,0.051457353389534,-0.0667896829798303,-0.0224792109806691,0.00925983679055146,-0.00554805008101774
0.855381507009632,0.192906477741516,0.0531372834208119,-0.0837474708918283,-0.0224066740241147,0.00856467657952799,-0.00635260245225523
0.925218317435271,0.187937983843922,0.0548040060390126,-0.102222938422011,-0.0222495689560213,0.00771227537355156,-0.0070036556808269
0.992846256992808,0.183132277701713,0.0563958128466109,-0.122084528267916,-0.0220151070259961,0.00671265235850135,-0.00748332771838064
1.057679506999,0.177908716033208,0.057839983213917,-0.143021114812209,-0.0217131464694062,0.00558944793840564,-0.00777823235009626
1.11916423991915,0.17172728468677,0.0590625607309009,-0.16454512504262,-0.0213533120179747,0.00437809744834806,-0.00788058695648699
1.17681356093479,0.164167351518721,0.059999591349398,-0.186032549262065,-0.0209424395556745,0.00312174930822167,-0.00778877010203292
1.23023055604293,0.154975442203566,0.0606069907584222,-0.206792133447402,-0.020483168597018,0.00186567075995674,-0.00750725620632805
1.27911748285157,0.144071889904457,0.0608663717456833,-0.226147096259044,-0.0199741368447444,0.000651370696807208,-0.00704600451442052
1.32327299142834,0.131520079510021,0.0607853577708716,-0.24351006768131,-0.0194116690960494,-0.000488290996564708,-0.00641948405188832
1.36258140942763,0.117472777260259,0.0603925830115844,-0.258436008876134,-0.0187923508510774,-0.0015321360451336,-0.00564554987175984
1.39699864597935,0.102113903621676,0.0597290571744173,-0.270646119503173,-0.0181156591210203,-0.00247158626469194,-0.00474436452752636
1.42653818245433,0.0856111291881888,0.0588383323631692,-0.280024293786552,-0.0173859249960315,-0.00330977144036809,-0.00373750557841033
1.45125902286039,0.068087907126716,0.057757863258239,-0.286593607911258,-0.0166132133595042,-0.0040594484371582,-0.00264733948301927
1.47125578930162,0.0496165348466133,0.0565133261524704,-0.290482397751655,-0.015813046068754,-0.00474039315084524,-0.00149668593889761
1.48665008078086,0.030228918211259,0.0551168382957968,-0.291888321051263,-0.015005141176014,-0.00537676405882288,-0.000308750998973154
1.49758159504505,0.00993943274794445,0.0535692704691192,-0.291045801291117,-0.0142114494469099,-0.00599468738926664,0.00089272853602912
1.50419752928049,-0.0112260466796975,0.0518662833068388,-0.288199017667094,-0.0134537799928126,-0.006620081188792,0.00208321359416062
1.50663929025536,-0.0332004048263607,0.0500072626514886,-0.283580237639869,-0.0127512864863101,-0.00727658357804576,0.00323706913048301
1.50502657798167,-0.05584994236656,0.0480058243329569,-0.277392311731859,-0.0121180929091625,-0.00798341229251505,0.00432737180145312
1.49944062563709,-0.0789586229626826,0.0458999038771349,-0.269794585894106,-0.0115613950041065,-0.00875307199504751,0.00532596190505476
1.48991022476159,-0.102227212170996,0.0437587157714224,-0.260892820104605,-0.0110804465266664,-0.00958903571587081,0.00620389861636073
1.47640580265156,-0.125291697260597,0.0416834543885646,-0.25073520216686,-0.0106668505868167,-0.0104838172805834,0.00693247183599502
1.45884680758947,-0.147762206392805,0.0397991484316596,-0.239317163100901,-0.0103064183678224,-0.0114181180567843,0.00748485858070477
1.43712523487096,-0.169277688198705,0.0382371748196711,-0.226596672725636,-0.00998246663584369,-0.0123618036353138,0.00783834891603801
1.41114276396548,-0.189564209923546,0.0371114759938231,-0.212518827471739,-0.00967986177570619,-0.0132771633369204,0.00797681149311779
1.38085269333435,-0.208479605025735,0.0364951605537086,-0.197044909298628,-0.00938863220991084,-0.0141241938301085,0.0078928225502244
1.3462940576383,-0.226028738527461,0.0364056002228987,-0.180178631218185,-0.00910590707270728,-0.0148667825105382,0.00758881763691664
1.30760691336735,-0.242343207216169,0.03680371430392,-0.161982689079009,-0.00883547815841797,-0.0154781354488821,0.00707686031820462
1.26502481570319,-0.257632717886086,0.0376076136916039,-0.142582129001708,-0.00858521679992664,-0.0159439891634005,0.00637708340755748
1.21884903068145,-0.272125271126222,0.0387152083104636,-0.122155581132882,-0.00836339330783512,-0.0162629999708312,0.00551529588271842
1.16941432627535,-0.286014643088596,0.0400278054855765,-0.100918709564858,-0.00817521409897571,-0.0164447206080189,0.00452043132893102
1.11705635591881,-0.299427463113638,0.041467914706186,-0.0791050302142658,-0.00802057685862503,-0.0165062212236771,0.00342240253200982
1.06208699727573,-0.312413383508979,0.042987863240275,-0.0569479206952463,-0.00789345065763983,-0.0164684911466727,0.00225065741586157
1.00477964571247,-0.324955087369069,0.0445692350161212,-0.0346655006532154,-0.00778276527266601,-0.0163534268386444,0.00103347244180427
0.94536322798075,-0.336991796990991,0.0462152777637579,-0.0124482320818588,-0.00767442077442046,-0.0161817446147957,-0.000202143876401735
0.88402277762281,-0.348449909658766,0.047939127401782,0.00955164752559953,-0.0075539579502705,-0.0159717868390172,-0.00143012553855694
0.820904553596954,-0.35927527731836,0.0497506403363491,0.0312295771847993,-0.00740951369094904,-0.0157389472512642,-0.00262480641169624
0.756124953319059,-0.369462571024668,0.0516442345401934,0.0525364321124568,-0.00723470835162269,-0.0154953861966146,-0.00376035745918632
0.689783351549776,-0.379077123892114,0.0535899427625107,0.0734824394739515,-0.00703111319083337,-0.0152497378204832,-0.00481041261666342
0.621979234693547,-0.388264229270495,0.055529720041235,0.0941336713012169,-0.00680985885475267,-0.0150066428876102,-0.00574810394038894
0.552833158221965,-0.397241074338478,0.0573806547091695,0.114597349307747,-0.00659187355343393,-0.0147661341852756,-0.0065467122968888
0.482509089048611,-0.406268708197201,0.0590456415866666,0.134994217753657,-0.00640630388085042,-0.0145231197482311,-0.00718104771086519
0.411233368148591,-0.415606549378997,0.0604300776431193,0.155420751527017,-0.00628700400027642,-0.014267369745898,-0.00762946934766068
0.339304284234963,-0.42545898869299,0.0614606749492348,0.175909605327633,-0.00626759302595223,-0.0139843987448201,-0.00787617332473688
0.267087705925775,-0.435929390693751,0.0621007826504468,0.196400373608609,-0.006376258257226,-0.0136573738667977,-0.00791314953099259
0.194998566102869,-0.446996979825365,0.0623570388888161,0.216731228700579,-0.00663181540594542,-0.0132697408261111,-0.00774120381128305
0.123473466938244,-0.458525032764017,0.0622750988945434,0.236654950335476,-0.00704220890568118,-0.0128078800759223,-0.00736972531100503
0.0529431278646692,-0.470297457561296,0.0619262855496366,0.255873809370825,-0.00760572774489184,-0.0122630299373802,-0.00681532079308681
-0.0161871815673306,-0.482071207904214,0.0613900901185251,0.274081833268648,-0.00831420838984693,-0.0116319997324349,-0.00609979460125683
-0.083545021430143,-0.493628621604879,0.0607380964838998,0.291002898855208,-0.00915691730876616,-0.010916667621532,-0.0052480581664949
-0.148786614058474,-0.504816709501845,0.0600233114207388,0.30641752333858,-0.0101238363341288,-0.0101226517769307,-0.00428641858859429
-0.211585166923285,-0.515566489188743,0.0592763690548526,0.320176719200953,-0.0112075280809683,-0.00925770421944953,-0.00324145764705296
-0.271616893334818,-0.525891145520568,0.0585079128882204,0.332205046596579,-0.0124033115787889,-0.00833030784970281,-0.0021395003932323
-0.328549439609294,-0.535865376532827,0.0577152320076483,0.342496195710994,-0.0137079045724321,-0.00734875916304613,-0.00100654262035348
-0.382036221235302,-0.545589790431206,0.0568908661979551,0.351103647056223,-0.0151169313105289,-0.00632079621043851,0.000131549612486457
-0.431718965342837,-0.555144868701581,0.0560310627531841,0.358127412122281,-0.0166218128123196,-0.00525365252253199,0.00124876743684698
-0.477239691823618,-0.56453983370374,0.0551423424766616,0.363696553916163,-0.0182066290425473,-0.00415430851081127,0.00231880493331241
-0.518262202150487,-0.573663306155137,0.0542448879955426,0.367946912295809,-0.0198456073639306,-0.00302968147753022,0.00331519079840208
-0.554501678871682,-0.582244612407555,0.0533720525735233,0.370994689179507,-0.0215019232226412,-0.00188654741253372,0.00421182496601247
-0.58575910053347,-0.589835485056732,0.0525660642877819,0.372909009311645,-0.0231284097342496,-0.000731114378396438,0.00498395618798704
-0.611955453247046,-0.59582024026554,0.0518709541472993,0.373689445431462,-0.0246704862926006,0.000431656382693867,0.00560952286809693
-0.633159863534415,-0.599457250164747,0.051324594356222,0.373256000010418,-0.0260711199056424,0.00159872074354151,0.00607066079388047
-0.64960653321192,-0.599946768270874,0.0509521005112073,0.371457569100684,-0.0272770500986636,0.00276927738265551,0.00635509996386008
-0.661697529469974,-0.596512707334289,0.0507624168928211,0.368099932519152,-0.0282450564215115,0.0039444859849182,0.00645716455836569
-0.66999117346471,-0.588482252134075,0.0507487512498377,0.362987449813319,-0.0289469420383739,0.005126526737094,0.00637816490273961
-0.675177820027912,-0.575348920987343,0.0508921572232354,0.355967101560836,-0.0293722237660593,0.006317211537092,0.00612610478420488
-0.678045611227149,-0.556810644951791,0.0511666166058282,0.346962230644365,-0.0295281381786525,0.00751654172662063,0.00571477815954649
-0.679438844759867,-0.532781617147525,0.0515438420139731,0.335987176617234,-0.0294372552284827,0.00872162308621996,0.00516245406754711
-0.680211768402221,-0.50338210959649,0.0519966171196199,0.32314103226503,-0.0291334944854331,0.00992619594839774,0.00449041550367361
-0.681181172587799,-0.468912805333948,0.0525003762162005,0.308585541958776,-0.0286575297205472,0.011120802343877,0.00372161107590091
-0.683081843617009,-0.429820126896024,0.0530334473394946,0.292516026493705,-0.0280524644271053,0.0122934118649713,0.00287960631155376
-0.686528884024724,-0.386657731487402,0.0535766914063186,0.275134274622249,-0.0273603692080045,0.0134302417777554,0.0019879128793587
-0.691989936000284,-0.340047962781925,0.0541132005328491,0.256629701221379,-0.0266199355795046,0.0145165449339575,0.00106966910488382
-0.699768775114474,-0.290645961920289,0.054628439063842,0.237171465349504,-0.0258652191671959,0.0155372526280091,0.000147572732304676
-0.710000260688285,-0.239108324788688,0.0551108902905643,0.216911053739969,-0.0251252611891213,0.0164774824304966,-0.000756064569849942
-0.722655844524231,-0.186067614267879,0.0555530164680131,0.195992700125513,-0.0244242911470497,0.0173230049206913,-0.00161927038698106
-0.737558744443419,-0.132113611680669,0.0559521776412941,0.174567858767777,-0.0237821995055977,0.0180607848876823,-0.00242048313853751
-0.754408072184804,-0.0777818919478142,0.0563110890573502,0.152809501176865,-0.0232150039222616,0.0186796719099348,-0.00313882606088742
-0.772811152846772,-0.0235500544305265,0.056637442253441,0.130922104897065,-0.0227351080025257,0.01917122989936,-0.00375463410135653
-0.792322400416323,0.030158513701474,0.0569424782568609,0.109143860937207,-0.0223512600460515,0.0195305895797928,-0.00425023911942558
-0.812485360924681,0.0829642908495298,0.057238582610402,0.0877390431728539,-0.0220682531739729,0.0197571182191721,-0.00461095771356271
-0.832872494877645,0.134516842456783,0.0575363227976116,0.0669807440858557,-0.021886542663466,0.0198546690374622,-0.00482615462360664
-0.853115919901378,0.184479039083119,0.0578416399249016,0.0471269162539461,-0.0218020408664308,0.0198312255968734,-0.00489019278455777
-0.872922974246998,0.23251442580555,0.0581539945691942,0.0283950256763754,-0.02180634025692,0.0196978964095235,-0.00480305994886763
-0.892073562783778,0.278281485140175,0.0584660517558497,0.0109415162276477,-0.0218874938550178,0.0194673977095977,-0.00457050590326747
-0.910401028850801,0.321436822472132,0.0587650185029572,-0.00514895477933027,-0.0220312903350749,0.0191523143244448,-0.00420363124204276
-0.927762854415913,0.361646804897181,0.0590352150025315,-0.019862580936157,-0.0222227834301151,0.0187634842713791,-0.00371800168854257
-0.944009888541398,0.398604887691265,0.0592611099912433,-0.0332453786222196,-0.0224477534741764,0.0183087948130431,-0.00313246767385607
-0.95896212906634,0.432050618386258,0.0594300162174339,-0.0453862265209571,-0.0226938195599496,0.0177925433277554,-0.0024679080033993
-0.972396052048997,0.461786401009625,0.0595338892268821,-0.0563988568625964,-0.0229510496490858,0.0172153729914588,-0.00174608568448566
-0.984044667458457,0.487689176950689,0.0595700397746788,-0.0664067229734265,-0.0232120656595237,0.0165746937640177,-0.000988730383392073
-0.993608311126059,0.509715575633401,0.05954088465899,-0.0755328277262248,-0.023471753822452,0.0158654595679906,-0.000216881505708203
-1.00077242408427,0.527900302823101,0.059453033963627,-0.0838947566827496,-0.0237267453603299,0.0150811786026317,0.000549535624799809
-1.00522808128383,0.542348325470038,0.0593160400437424,-0.091603864247435,-0.0239748328656342,0.0142150559302951,0.00129196178092414
-1.00669147354927,0.553221907743666,0.0591410770624286,-0.0987669624496865,-0.0242144556023187,0.013261184504209,0.00199335418383063
-1.00491929388818,0.560723867774888,0.0589397314835767,-0.105488832294246,-0.0244443369679276,0.0122156993533887,0.00263829706285105
-0.999717981502417,0.565078812472977,0.0587230165501418,-0.111874221722196,-0.0246633070519958,0.0110777958157548,0.00321311600231623
-0.990945753357615,0.566514469575113,0.0585006761785403,-0.118028507961721,-0.0248702945778264,0.00985049503765645,0.00370601681376938
-0.978507562139786,0.565245553828955,0.0582808212821274,-0.124056767093201,-0.0250644361059245,0.0085410377854843,0.0041072467127955
-0.962344305391519,0.561462538307522,0.0580699152452463,-0.130061494348693,-0.0252452255416561,0.00716081120696829,0.00440925616909939
-0.942418782628645,0.555327162458556,0.0578730938487533,-0.136139592807024,-0.025412622195532,0.00572476977038568,0.00460682795381622
-0.918701594076778,0.546975378627964,0.0576947570564671,-0.142379413687543,-0.0255670481033776,0.00425039138592361,0.00469713784700078
-0.891160267462506,0.536527008281555,0.0575393243709429,-0.148858568835008,-0.0257092356240447,0.00275629486529712,0.00467972015628358
-0.859754143516668,0.524099965644324,0.0574120094216304,-0.155642947230074,-0.0258399231120183,0.00126070934927467,0.00455632779856464
-0.824436267438395,0.50982602782958,0.0573194657620201,-0.162786953581513,-0.0259594336222554,-0.00021998868613745,0.00433069723199968
-0.785161953839367,0.493864969869164,0.0572701787500727,-0.170334553333997,-0.0260671960856098,-0.0016724778437573,0.00400824678652477
-0.741902425083526,0.476414526496571,0.0572745301812875,-0.178320405370768,-0.0261612802667811,-0.00308730115209077,0.00359574931227549
-0.694661080429853,0.45771470311871,0.0573445147967952,-0.18677024232011,-0.02623801123647,-0.00445922872201614,0.003101023528535
-0.643489882998584,0.438046205291942,0.0574931445360339,-0.195699786490348,-0.0262917194759463,-0.00578719398121795,0.0025326851887225
-0.588503595475399,0.41772366968087,0.0577336096435801,-0.205111778251885,-0.0263146662214379,-0.00707387587383347,0.00189999001657353
-0.529890134971948,0.397084949202598,0.0580782954835282,-0.21499113301244,-0.0262971730180536,-0.00832502246741975,0.00121278940282158
-0.467915710225652,0.376477851076962,0.0585377762553104,-0.225298738878964,-0.0262279748994693,-0.00954860751186605,0.000481607766415073
-0.40292362712925,0.356245680344016,0.059119938897434,-0.235964934438703,-0.0260948086855072,-0.0107538890233022,-0.000282162227036186
-0.335325746486536,0.336712884646428,0.0598294329732488,-0.246884207576224,-0.0258852349947617,-0.0119504082164019,-0.00106596538099916
-0.265585848765089,0.318172158156025,0.0606676841247219,-0.257913046571922,-0.0255876690296717,-0.0131469380100727,-0.00185572843866412
-0.194195057741932,0.300874538424911,0.0616337244052605,-0.268873029540867,-0.0251925608613419,-0.0143503734488126,-0.00263550492311763
-0.121641236416573,0.285024009016371,0.0627260194737416,-0.279560896745469,-0.0246936190937692,-0.0155645595459837,-0.00338720863198197
-0.0483769070939456,0.270777599850819,0.0639452615353606,-0.289766308551449,-0.0240889276618913,-0.0167890862506293,-0.00409054750603103
0.0252070564954316,0.258250634995412,0.0652977099762978,-0.299296077732156,-0.0233817772627377,-0.0180181493420693,-0.00472327983581895
0.0987933959953844,0.247524809765355,0.0667981623899029,-0.308001076045462,-0.0225810413722256,-0.019239673913936,-0.00526189960511747
0.172129271690052,0.238655008666825,0.0684712237045709,-0.315799457204398,-0.0217009844900354,-0.0204349938593454,-0.00568280658806579
0.244994736006263,0.231670471676133,0.0703495196126321,-0.322688532716558,-0.0207604933583789,-0.0215794177142291,-0.00596392537615203
0.317156102280223,0.22656805536835,0.0724681552109386,-0.328738947331253,-0.0197818478475407,-0.0226439188740376,-0.00608661520634162
0.388319082402938,0.223299562967557,0.0748560496893062,-0.334069326696799,-0.0187892549080916,-0.0235979289015053,-0.00603758872218022
0.458099095134268,0.221759414958465,0.0775263263638287,-0.338806298862226,-0.017807412821258,-0.0244128399832927,-0.00581048308745992
0.526021015835913,0.221780483149353,0.0804688799707927,-0.343040882727909,-0.0168603243057847,-0.0250654900219317,-0.00540675279031399
0.591549546422874,0.223143187879763,0.0836478974006323,-0.346794483424086,-0.0159704508794772,-0.0255408035629505,-0.00483569964253163
0.65413977019349,0.225597062502629,0.0870054477459851,-0.350004586956905,-0.0151581486067291,-0.0258329839572131,-0.00411367837930987
0.713291195433339,0.22888821444056,0.0904700652985886,-0.352533248152294,-0.0144412169209096,-0.0259451103701088,-0.00326272466288353
0.768589999176325,0.232783534781246,0.0939675864183596,-0.354194148560746,-0.0138343677691725,-0.0258874625213261,-0.00230895828969458
0.819731093128792,0.237084041552087,0.0974310338767006,-0.354789551617829,-0.0133484797689024,-0.0256751703865036,-0.00128108821393977
0.866519620303411,0.241623981276911,0.100807013490581,-0.354147849004097,-0.0129896077484075,-0.0253257948778693,-0.000209222581498924
0.90885699305157,0.246257019285851,0.10405735714891,-0.352154366651525,-0.0127578368709917,-0.0248572594367308,0.000875968712024646
0.946718455176666,0.250834435188969,0.107156051812956,-0.348770753271194,-0.0126461826389591,-0.0242863043820138,0.00194382436324257
0.980128339292535,0.255182232534476,0.110082551604696,-0.344040396822059,-0.0126398332551212,-0.0236274416611378,0.00296416191835089
1.00913714008939,0.259084523336089,0.112813319945196,-0.338078775149275,-0.0127160853891943,-0.0228922985003369,0.00390783659959112
1.03380269671184,0.262279545985839,0.115313928017683,-0.33104927711978,-0.0128452987991125,-0.0220892577586945,0.00474753692845234
1.05417655828105,0.264471960491874,0.117534126913787,-0.323127512598013,-0.0129930388276947,-0.0212233800989794,0.00545886559046648
1.07029616719962,0.26536070702933,0.119407831015432,-0.314460495422751,-0.0131232806307354,-0.0202966667941491,0.00602161329492702
1.0821832110262,0.264676553959153,0.12085874420372,-0.305129989352747,-0.0132021849534988,-0.0193087246949854,0.00642099721514676
1.08984799288563,0.262219476452978,0.121810639592473,-0.295129821884458,-0.0132016802635791,-0.0182578081755747,0.00664856891246446
1.09329870959128,0.257885298017645,0.122199670907435,-0.284363794903457,-0.0131020618254891,-0.0171420759375284,0.00670254628765149
1.09255326880105,0.25167432861235,0.121985284133174,-0.272664648123136,-0.0128930931143884,-0.0159607932342506,0.00658747740005354
1.08765069283582,0.243680723260367,0.121156762904217,-0.259828128603304,-0.0125735542298168,-0.0147152063017341,0.00631333016642142
1.07865934869279,0.234067075933202,0.119733920619416,-0.245652387011703,-0.0121496058112921,-0.0134089143123869,0.00589423253905461
1.06568056452216,0.223032086844695,0.117762295655797,-0.229973064847255,-0.0116325603700565,-0.0120477196364546,0.0053471213592572
1.0488477659642,0.21077923736832,0.115304642423775,-0.212687621857567,-0.0110366372528778,-0.0106390750266928,0.0046905081077547
1.02832255439494,0.197492209631165,0.112431147924939,-0.193766723196777,-0.0103771048486355,-0.00919132424418058,0.00394348409362368
1.00428952332545,0.183319749045931,0.109210620461075,-0.173254013034202,-0.00966899651643979,-0.00771293936530184,0.00312500709550094
0.976951039167301,0.168369994980348,0.105704169195955,-0.151257491169896,-0.00892640802176357,-0.00621191185952342,0.00225345620670755
0.946522572879184,0.152712679920942,0.101962034286941,-0.127936146785017,-0.00816228145960131,-0.00469538816491675,0.00134641516829384
0.913228432173898,0.13638694146464,0.098023466025687,-0.10348490357343,-0.00738854211079999,-0.00316957131552874,0.000420636084975346
0.877297808310708,0.119412632312578,0.0939190927654704,-0.078119982289673,-0.00661646280848409,-0.00163985692562846,-0.00050786253576821
0.838961476066648,0.101803462549353,0.0896750134581513,-0.0520657794814029,-0.00585715469711663,-0.000111132473378897,-0.0014236078043283
0.798449485230462,0.083580639495277,0.0853177596779029,-0.0255434373068941,-0.00512210042858007,0.0014118595103387,-0.00231144209234084
0.755989656679149,0.0647857361706594,0.0808792154718203,0.00123935668905857,-0.00442364940665158,0.00292420587821118,-0.00315630226655524
0.711805757333559,0.0454913804148979,0.0764005311641967,0.028098003954311,-0.00377538602877959,0.00442065924119191,-0.00394306024581967
0.666114054849459,0.0258081569209714,0.0719341271649724,0.0548802517031988,-0.00319227748300433,0.00589568659908511,-0.00465646734024344
0.619117609456353,0.00588625424069518,0.0675431202936963,0.0814745435966505,-0.00269050518052897,0.00734375002161806,-0.00528123434409084
0.570999205014658,-0.0140894070800036,0.063297925048572,0.107815929902144,-0.00228690321442375,0.00875976849068725,-0.00580226775214777
0.52191489703714,-0.0339111252162859,0.0592703090439315,0.133887475168103,-0.00199795973203658,0.010139667017962,-0.0062050743542329
0.471990767803024,-0.0533669319328036,0.0555257653117974,0.159715076647232,-0.00183840341271945,0.0114808810499558,-0.00647633441176952
0.421325176691335,-0.0722636551549741,0.0521155822116033,0.185354433701336,-0.0018194959357088,0.0127826737488949,-0.00660462329439509
0.369997554378434,-0.0904508858059472,0.0490702917147725,0.210870590133978,-0.00194727046799671,0.0140461451677501,-0.00658122847971298
0.318082985886413,-0.107841010557333,0.0463961192896344,0.236312739137398,-0.0022210600476132,0.0152738715738041,-0.00640096838739721
0.265669800346495,-0.124420383811028,0.0440755233044598,0.261689055899212,-0.00263269311564813,0.0164691980812007,-0.00606288376743522
0.21287609141872,-0.140248216255884,0.0420719611444847,0.286947264201844,-0.00316664863478062,0.0176352974167081,-0.00557066628832885
0.15986105416969,-0.155442726237986,0.0403378720650123,0.311965710816157,-0.00380125374475741,0.0187741660686008,-0.0049327302387936
0.10682838558881,-0.170157651912214,0.0388239143072809,0.33655705514198,-0.00451073322351724,0.0198857302726241,-0.00416191994276237
0.0540210973490509,-0.184555002974776,0.0374871044891491,0.360483310780291,-0.00526768957311338,0.0209671738415285,-0.00327494525706285
0.0017090343044723,-0.19878089643359,0.036295850809938,0.383478390873235,-0.0060455019810373,0.0220125108296582,-0.00229170688401752
-0.0498285510741055,-0.212950293540657,0.0352307977458757,0.405273463965447,-0.00682020947677761,0.0230123570483265,-0.00123468166242282
-0.10032292172543,-0.227144143234495,0.0342815525140885,0.425621272101678,-0.00757163885331939,0.0239538456746626,-0.000128486339508632
-0.149536224473392,-0.241419836922354,0.0334403892485083,0.444317192442377,-0.00828376570632634,0.0248206917730281,0.00100034907583025
-0.197280489709423,-0.255833614541174,0.0326947326079665,0.461216108563372,-0.00894448657595428,0.0255935118962178,0.00212346226267066
-0.243433091841765,-0.270471651731855,0.0320205790499179,0.476244389821079,-0.00954509887508921,0.0262506005523255,0.00321074196635628
-0.287945563108394,-0.285484621596875,0.031379029817289,0.489405415195048,-0.0100798242253577,0.0267693961292326,0.00423062576333331
-0.330841687708503,-0.301118351041295,0.0307177148724162,0.500775853803258,-0.0105456599777554,0.0271287789799308,0.00515085312853361
-0.372200821113805,-0.317731247248786,0.0299779138428553,0.510489581709245,-0.0109426797260979,0.0273120954486328,0.0059398772735872
-0.412124574017239,-0.335788917136318,0.0291065431889844,0.518708140788615,-0.0112746190310385,0.0273104228324331,0.00656899290813681
-0.450689831661086,-0.35582956675647,0.0280701644117271,0.525581471974401,-0.0115492386270052,0.0271252119242652,0.00701496503491174
-0.487897330607649,-0.378400857713453,0.0268666520269675,0.531208774058769,-0.0117777328751397,0.0267693085010497,0.00726261530515264
-0.523629447146185,-0.403977407783328,0.0255302757440214,0.535612896439559,-0.0119725874915,0.0262656796412953,0.00730661317486087
-0.557630021116826,-0.432873230050741,0.0241281637135372,0.538738758726169,-0.0121439183968973,0.0256439364851349,0.00715182267708161
-0.589512565512465,-0.465162180333251,0.0227494185731266,0.540476708922485,-0.0122952763769277,0.024935597956063,0.00681200978673461
-0.61879483099701,-0.50061496888357,0.0214905423179641,0.540700347410314,-0.0124206980261001,0.0241694784061486,0.00630730897180531
-0.644952357684858,-0.538660881172623,0.0204410010717877,0.539302294354385,-0.0125048498619269,0.0233683606633342,0.00566125801992811
-0.667482333019499,-0.578388736724582,0.0196713446197363,0.536214356153538,-0.0125271035869877,0.0225474196802812,0.00489824054723136
-0.685968533132188,-0.618606205072953,0.0192250263965502,0.531408492322277,-0.0124685104098403,0.0217141433769828,0.00404186790347383
-0.700135812012499,-0.657965363020577,0.0191148087333774,0.524885523707464,-0.0123188624970624,0.0208691227554339,0.00311438247631047
-0.70988126752863,-0.695133153371327,0.0193245414739061,0.516663213089852,-0.0120806487312548,0.020007133539941,0.0021367899995492
-0.715274085032017,-0.728957358201655,0.0198159755334334,0.506772075739779,-0.0117682915268718,0.0191182311203509,0.00112927629198209
-0.716526786345161,-0.758576304140052,0.0205383635811419,0.49525944654859,-0.0114035808611135,0.0181888611970923,0.000111547893388048
-0.713950276879611,-0.78344771651773,0.0214374574353282,0.482196160735786,-0.011009884764526,0.0172031005433773,-0.000897056766611945
-0.707907155728806,-0.803307951546995,0.022461142316365,0.467679127232004,-0.010607581225904,0.0161441025076415,-0.00187766055526886
-0.698772766202899,-0.818094110334229,0.0235608198691936,0.45182608339911,-0.010211820853196,0.0149957360683039,-0.00281204906350158
-0.686906609692453,-0.827861942327021,0.0246894926991027,0.43476270217354,-0.00983238154903525,0.0137443421959789,-0.00368290364885
-0.672632435671789,-0.832720666828134,0.0257985015622776,0.416604880307722,-0.00947471030208264,0.0123804914006298,-0.00447404029805685
-0.656224401346956,-0.832792653025242,0.0268349607459279,0.397440097806862,-0.00914124588933345,0.0109005871740662,-0.00517066569847051
-0.637897880657204,-0.828196858222019,0.0277414304689482,0.377311788468479,-0.00883244748280191,0.0093081163902406,-0.00575967058794462
-0.617805140149659,-0.819050488080756,0.0284585479800294,0.356210176280364,-0.00854732824169774,0.00761431942591392,-0.00622996601473073
-0.596036995322825,-0.805481810600822,0.0289303999862097,0.334072050986432,-0.00828356837035118,0.00583806947079623,-0.00657284198465598
-0.572631364831836,-0.787647060955806,0.0291115309010351,0.310790458372277,-0.00803742682228402,0.0040048366914895,-0.00678230235707399
-0.547588402454374,-0.76574513246947,0.0289738490189744,0.286233294219748,-0.00780369791377703,0.00214476518633405,-0.00685531416466134
-0.520890313921575,-0.740025343788507,0.0285115344373108,0.260267798514473,-0.00757590125693563,0.000290077166238321,-0.00679191210686416
-0.492522516058475,-0.710785599177938,0.0277424615815107,0.232786404290413,-0.00734678477894944,-0.00152782153047527,-0.00659511855777667
-0.46249244573081,-0.678360932051935,0.0267055481197265,0.203729081868756,-0.00710910694084743,-0.00328108232158256,-0.00627067473097915
-0.430842919119932,-0.643104688358084,0.0254545188524316,0.173098230721338,-0.00685657648338414,-0.00494758749692178,-0.00582661548770684
-0.397658554737353,-0.605366331299526,0.0240494715612094,0.14096419569448,-0.00658479223696638,-0.00651228414716065,-0.00527275167488529
-0.363065648603213,-0.565470460577254,0.0225480644404384,0.107461826436097,-0.00629204116970052,-0.00796760329993758,-0.00462014067902668
-0.327227390076948,-0.523701017921172,0.0209980240508248,0.072780360187394,-0.00597986123032718,-0.00931307933892307,-0.00388062478761619
-0.290336715495395,-0.480293228812592,0.0194321826929045,0.0371496777349259,-0.00565333487475325,-0.0105544133547801,-0.00306649897347573
-0.252608278941692,-0.435432757082303,0.01786650121807,0.000825596132576623,-0.00532110428984757,-0.0117022509213772,-0.00219033362879768
-0.214269841872376,-0.38925979735102,0.0163009714296517,-0.0359238700397886,-0.00499511267108777,-0.012770877623005,-0.00126495106892228
-0.175553475985539,-0.341876236666565,0.0147229537660229,-0.0728298163122421,-0.00469007644812734,-0.0137769420756449,-0.000303551127630929
-0.136687638576515,-0.293356201146984,0.0131124428079835,-0.109630552924238,-0.00442269310458265,-0.0147382568789835,0.000680013533013368
-0.097890602632148,-0.243760846331428,0.0114487395534886,-0.146077045794071,-0.00421056474992643,-0.0156726745975984,0.0016708278355301
-0.0593649164040548,-0.193157331393226,0.00971792314211062,-0.181937058865382,-0.00407079057891935,-0.0165969680936772,0.00265241236296706
-0.0212919845058942,-0.141640943679904,0.00792033405479735,-0.21699959144383,-0.00401819162633094,-0.017525594005651,0.00360619551156736
0.0161733979095663,-0.0893585793484518,0.00607694729018272,-0.251080501290435,-0.00406320863148806,-0.0184692291176753,0.00451105312015252
0.0529078803085076,-0.0365303396169912,0.00423309210474762,-0.284029223368908,-0.00420966458483751,-0.0194330514998806,0.00534305213470266
0.0888221298845662,0.0165361288930343,0.00245768049343225,-0.315735213828147,-0.00445279635881773,-0.0204148983940925,0.00607558917283211
0.123858805053297,0.0694458343479101,0.000836347772250915,-0.34613155436972,-0.00477817489179833,-0.0214036613159388,0.0066801523757457
0.157983538754165,0.121738421797285,-0.000541871668671407,-0.375192576212019,-0.0051622158315909,-0.0223785100931786,0.00712789868069298
0.191167645262318,0.172935140529812,-0.00160238666177965,-0.402923167323521,-0.00557474960995525,-0.0233096379041571,0.00739206728196252
0.223363765275332,0.222605355061135,-0.0023027151434373,-0.429339807898112,-0.00598346030192648,-0.0241610003572344,0.00745093361094942
0.254479041706248,0.270436547317893,-0.00264370184245209,-0.454446769455401,-0.00635907846705056,-0.0248949102355556,0.00729066489482181
0.284353167040002,0.316285159206663,-0.0026692767464658,-0.478213594644104,-0.00667952629488372,-0.0254775401695181,0.0069072939344034
0.3127490092617,0.360188450501547,-0.00245399947327612,-0.500560214425719,-0.00693133491799429,-0.0258838442155802,0.00630725694841933
0.339360951278203,0.402329554079436,-0.00208277980562824,-0.521353571693551,-0.00710772515032099,-0.0261005484086623,0.0055064746047039
0.363841758141306,0.442962693412546,-0.00163020633420456,-0.540415940342117,-0.00720426378527345,-0.0261266448965371,0.00452848284715313
0.385844482146149,0.482316606377721,-0.00114638550697479,-0.557542506274521,-0.00721420038314037,-0.0259717685195742,0.0034023411209598
0.405072131022945,0.520500633133016,-0.000653003392811076,-0.572525236694656,-0.00712591151133768,-0.0256534010735984,0.00216089776515404
0.42132403421972,0.557441804674527,-0.000149384794261659,-0.585180744468796,-0.00692415148393236,-0.0251938402374204,0.000839644186396118
0.434525240940594,0.59288000696452,0.000375040228578037,-0.595380106761819,-0.00659513858135288,-0.0246174822174964,-0.000523933426639075
0.444727899683032,0.626433330630353,0.000927548808915769,-0.603077425909124,-0.00613349617378394,-0.023948548062621,-0.00189076051379223
0.452083761716335,0.65771546905937,0.00150393510504023,-0.608331829349627,-0.00554794725703091,-0.0232091723615483,-0.00322060292280937
0.456799284529282,0.686458742391734,0.00208854884062167,-0.611316010371009,-0.00486339086216789,-0.022417777577973,-0.00447273094872692
0.459089315325994,0.712592979528055,0.00266188849791281,-0.612304447831637,-0.00411898831225976,-0.0215877454588162,-0.00560700331928863
0.459139360360826,0.736254301463596,0.00321195064945924,-0.611636932811409,-0.00336345800247597,-0.0207264873966319,-0.00658552603327228
0.457078163494616,0.75772896437075,0.00374449072813575,-0.609659044280802,-0.00264903535098259,-0.0198351174045643,-0.00737490691757131
0.452959936448318,0.777357706373325,0.00428810839695544,-0.606650421375583,-0.00202512612558107,-0.0189089967169302,-0.00794884567105015
0.44675864899237,0.795432771075596,0.00489192501556003,-0.602760496113274,-0.00153247703068976,-0.01793932040719,-0.00829049083902295
0.438378769977665,0.812117109833338,0.00561613498120597,-0.597973385791264,-0.00119879951721211,-0.0169155926791534,-0.00839388372554066
0.427683442694279,0.827405616946511,0.00651828223245091,-0.592115042244164,-0.00103671695704852,-0.0158284410369638,-0.00826403294363377
0.414534087352378,0.8411335318855,0.00763971112872454,-0.584899856147298,-0.00104436856877218,-0.0146720178816473,-0.0079156225993153
0.398830226944244,0.853022162710169,0.00899644622495082,-0.575999670524318,-0.00120822521782039,-0.0134453758055771,-0.00737077961888898
0.380538689420014,0.86274284835705,0.0105768731176237,-0.56511309080531,-0.00150710414316277,-0.0121525898159079,-0.00665649840481562
0.359706544228633,0.869979296310649,0.0123460069192731,-0.552017776290926,-0.00191626244395431,-0.0108018151847337,-0.00580223601564519
0.336458517976599,0.874474174039474,0.0142540262885372,-0.536598095282331,-0.00241073137470223,-0.00940373627991605,-0.00483798331164333
0.310983916096941,0.876053978557091,0.0162458426295955,-0.518849463660698,-0.00296749057368015,-0.00796992472421354,-0.00379291938254982
0.283519105599777,0.874633097507444,0.0182688086271444,-0.498865743741997,-0.00356646681659577,-0.00651152204892511,-0.00269462304380038
0.25433025305608,0.870202052418385,0.0202767991497608,-0.47681719103035,-0.0041905792928373,-0.00503847299191721,-0.00156874430268591
0.223698717956514,0.862806171125619,0.0222302365293546,-0.452924979070106,-0.00482514221067051,-0.0035593369508719,-0.000439009265666569
0.19190949286098,0.852520460118543,0.0240927568557977,-0.427436029638785,-0.00545692498471766,-0.00208155154158,0.000672572300147401
0.159241839049543,0.839425180032693,0.0258259479242202,-0.400599813762467,-0.00607311695230319,-0.000611935376956251,0.00174541759301727
0.125960872899719,0.823585402954152,0.0273839408958896,-0.372647587440605,-0.00666038920336022,0.000842802481849429,0.00276010164270818
0.0923091249339957,0.805036895264497,0.0287096635908938,-0.34377424209278,-0.00720420900035047,0.00227574445586261,0.00369818658766383
0.0584978071996806,0.783779952953351,0.0297342836454129,-0.314123370410566,-0.00768854006281546,0.00367976245371477,0.00454220054664774
0.0246984714259349,0.759782055521594,0.0303807618318944,-0.283776892005819,-0.00809603859016633,0.00504785989650464,0.00527578854202643
-0.00896331735972314,0.732989272874251,0.0305715067318611,-0.252751246354518,-0.0084088110071106,0.00637378367239116,0.00588402984207661
-0.0424100930271013,0.703344900612335,0.030238982663621,-0.221002173344565,-0.00860971740771408,0.00765274526790806,0.00635388983129511
-0.0756082673255923,0.670812453205294,0.0293370488362754,-0.188439354315677,-0.00868410058772833,0.00888204880140607,0.00667475802413346
-0.108556568189855,0.635399043948879,0.0278502597391025,-0.154950433419361,-0.00862168084143292,0.0100614259522736,0.00683900678808349
-0.14126797748897,0.5971746349461,0.0257984360794695,-0.120431599899531,-0.00841828288666145,0.0111929617278118,0.00684250671704919
-0.173748534243479,0.55628350895255,0.0232349813848308,-0.0848195181305856,-0.00807703619349582,0.0122806068963818,0.00668503131709572
-0.205977877019428,0.512944921959226,0.0202389330793977,-0.0481178492970472,-0.0076087364385972,0.0133293770492421,0.00637047353049195
-0.237896354265891,0.467441341551597,0.0169024496834663,-0.0104119142972817,-0.00703121846147159,0.0143444044882996,0.00590679986766941
-0.269401206927131,0.420094850465592,0.0133166193716383,0.0281320931089636,-0.0063677951264162,0.0153299932844756,0.00530569400368625
-0.30035138051547,0.371236582766214,0.00955889925753023,0.0672821957141687,-0.00564505963997954,0.0162887941028979,0.00458192775425086
-0.330578561349272,0.321177082130872,0.0056848730942457,0.106764890178331,-0.00489051064936431,0.017221181165712,0.0037525983074499
-0.359901600672449,0.270185414635076,0.00172580291936294,0.146291931236864,-0.00413047453230687,0.018124873552827,0.00283641937784528
-0.388141582416885,0.218480801819582,-0.0023080863019301,0.18558400389827,-0.0033886479036008,0.018994775166772,0.0018532187071759
-0.415135321020768,0.166236878263046,-0.00641969875676268,0.22438765039265,-0.00268538317721431,0.0198229691505683,0.000823717475523838
-0.440745836393185,0.113596535075097,-0.0106141809157925,0.26248394329083,-0.0020376598045273,0.0205988231637524,-0.000230413790402466
-0.464869038909957,0.0606945676020585,-0.0148868687639923,0.299689080819251,-0.00145955758310252,0.0213092312091491,-0.00128629607105713
-0.487436199392689,0.0076850869806399,-0.0192119802747223,0.335848155289375,-0.00096297052101745,0.0219391015930611,-0.002319506043301
-0.508411708545035,-0.0452300415644408,-0.0235341704379742,0.370823894747789,-0.000558252551927926,0.0224722465585142,-0.00330383290510867
-0.527785305063492,-0.0977765536977079,-0.0277652976325435,0.404482432596071,-0.00025446572848254,0.0228928210202859,-0.00421132824401674
-0.545558337006467,-0.149593453108227,-0.0317886751262113,0.436678665944594,-5.89312560639208e-05,0.0231873311344649,-0.00501285656971858
-0.561724567508744,-0.20023603549981,-0.0354721261405619,0.467244280400367,2.40868233563991e-05,0.0233470165328558,-0.00567931106017484
-0.576248140539042,-0.249201473730049,-0.0386889371043281,0.495981921661271,-4.53713834460334e-06,0.0233701191471304,-0.0061835319141694
-0.589043876383067,-0.295976463288356,-0.0413425528681768,0.522668519612734,-0.000136435309397824,0.0232633269231221,-0.00650274557401277
-0.599966580834035,-0.34009761290418,-0.0433878881944348,0.547068661385324,-0.000353960031807718,0.0230416867090569,-0.00662108474578783
-0.608815191523882,-0.381207125820834,-0.0448415031697112,0.568955544973571,-0.000629878510378962,0.0227266481741513,-0.00653158174015684
-0.615353594924749,-0.419084179020693,-0.0457759819069507,0.588133722621485,-0.000929078864301642,0.022342540605732,-0.00623708682878839
-0.61934438699798,-0.453639300336185,-0.0462998171498823,0.604456709617799,-0.00121208775063975,0.0219123930138852,-0.00574987763807661
-0.620587558036581,-0.484872281922675,-0.0465298391990332,0.617834647618213,-0.00143950660592444,0.0214542342906912,-0.00509015171163182
-0.618955271448747,-0.512806671196486,-0.0465655420551126,0.628231596127524,-0.00157622227307794,0.0209787367076733,-0.00428390699176547
-0.614416415347339,-0.537419548108935,-0.0464726931156446,0.635656305017738,-0.00159455666452581,0.0204884949896001,-0.00336077716243986
-0.607048173166016,-0.558583304874572,-0.0462791783285044,0.640152473553152,-0.00147616567799723,0.0199787015235044,-0.00235223447825399
-0.597034035856914,-0.576030515355703,-0.0459818250198169,0.641794080461908,-0.00121312017465519,0.019438706944047,-0.00129033786266359
-0.584647334865236,-0.589348725346832,-0.0455605840907126,0.640689073091411,-0.000808923081127049,0.018853950322047,-0.000207002880830807
-0.570217342618712,-0.598011676297087,-0.0449959280783643,0.636991395363579,-0.000280092389503699,0.0182078798650984,0.000866363080028932
-0.554073993416574,-0.601455611328513,-0.0442856251475241,0.630917452117507,0.000341693181876957,0.0174836405530259,0.00189910484393862
-0.5364711408605,-0.599207849174055,-0.0434571724006157,0.622758741753111,0.00100798500452173,0.0166654289046073,0.00286174995312566
-0.517500153096917,-0.591061126951907,-0.0425719736154423,0.612878842532658,0.00165476607163181,0.0157395387341103,0.00372693633965712
-0.497022987343884,-0.577256713883335,-0.0417179274123183,0.601683531993121,0.00220902680313571,0.0146952756977751,0.00447099605823138
-0.474664027971659,-0.558603824456993,-0.0409901494208679,0.589561759894937,0.00260149284967294,0.0135260334828552,0.00507597611483934
-0.449885382668314,-0.536455178493871,-0.0404652255460339,0.576812008072125,0.00278242212608653,0.0122307190068383,0.00553140304321425
-0.422128569309886,-0.512508142202717,-0.0401793342359336,0.563583003040978,0.0027339310340168,0.0108152987020812,0.00583491189454411
-0.390964170689573,-0.488491033777719,-0.0401199121450165,0.549855759578116,0.00247277015397724,0.00929377289222975,0.00599128320134447
-0.356186568335249,-0.465858178594901,-0.0402334314639576,0.535473282909503,0.00204242072181535,0.00768783138341822,0.0060102547076903
-0.317827703140506,-0.445602613288319,-0.04044361880914,0.520200532593154,0.00149901013278612,0.00602494943952268,0.00590404774981876
-0.27610861985311,-0.428220530204184,-0.0406711218227142,0.503788012783248,0.000897556366387718,0.00433537178170633,0.00568546131149262
-0.231367743071501,-0.41379001405243,-0.0408480459049718,0.486019815576689,0.00028295265901731,0.002648814135273,0.00536685777923565
-0.183997393336629,-0.402099532070141,-0.0409253316802675,0.466740438553405,-0.000313392410645101,0.000991644530582973,0.00495988195526569
-0.134401789737266,-0.392773939785818,-0.040874201038556,0.445864032819134,-0.000872716096771399,-0.000615022753763031,0.00447557261596095
-0.0829755843340961,-0.385371830137164,-0.0406839914946302,0.423372575404866,-0.00138595500572987,-0.00215623189468742,0.00392458620122006
-0.0300960357523761,-0.379449039750766,-0.040358411112629,0.399308323302739,-0.00185033847607245,-0.00362323051852459,0.00331739041136301
0.023878178977364,-0.37459384124968,-0.0399115420613582,0.373763772928833,-0.00226644314523378,-0.00501289793975647,0.00266439420277791
0.0786063295479138,-0.370442309384966,-0.0393643063991319,0.3468707054011,-0.00263605005697055,-0.00632680770896333,0.00197603334560426
0.133765708924029,-0.366681474668427,-0.0387416971746867,0.318788974693418,-0.00296081049149363,-0.00757013213058804,0.00126284192543886
0.189053355999503,-0.363045890487368,-0.0380708279841453,0.289695287880175,-0.00324158367242096,-0.00875053294849487,0.000535531660407622
0.244189450254718,-0.359311370396932,-0.0373796977002336,0.259772070524349,-0.00347827737004765,-0.00987711850525714,-0.000194913063910468
0.298921942720904,-0.355288304952535,-0.0366964697741131,0.229196525836765,-0.00367003947289919,-0.010959495218686,-0.000917129246515249
0.35303171837954,-0.350816045983913,-0.0360490063662707,0.198130092221041,-0.00381567788511667,-0.0120069049455936,-0.00161927357966668
0.406337367665744,-0.345759267294679,-0.0354643839874587,0.166708748555336,-0.00391421050900182,-0.0130274235031976,-0.00228894847834133
0.45869842309292,-0.340006768808426,-0.034968149794622,0.135034946697546,-0.00396546005747594,-0.0140271993389782,-0.00291318662284889
0.510015744845352,-0.333472785476739,-0.034583164524087,0.103172319625938,-0.00397061086756621,-0.0150097346319305,-0.00347853079961367
0.560227700599281,-0.326100381603693,-0.0343280157566501,0.0711445662804173,-0.00393264173239928,-0.0159752488370808,-0.00397124810491021
0.609301177995032,-0.317866059796783,-0.0342151722664812,0.0389399097636972,-0.00385655039776427,-0.0169202121800368,-0.00437771270530092
0.6572172566148,-0.308784196429437,-0.0342492334289988,0.00652195992331212,-0.00374930074435911,-0.0178371721873669,-0.00468497333696022
0.703952717589542,-0.298909650766279,-0.0344257617071545,-0.0261533437229734,-0.00361946334244613,-0.0187150043150804,-0.00488148832953927
0.749460074349967,-0.288336976392271,-0.0347311834891882,-0.0591166950871507,-0.00347658301221892,-0.019539673650181,-0.00495796445165253
0.793649967844361,-0.277195298920441,-0.0351440536408864,-0.0923639417488526,-0.00333038010292532,-0.0202954948110571,-0.00490818912969103
0.83637999117691,-0.26563912535078,-0.0356376227130675,-0.125838710524141,-0.00318994667746464,-0.0209667424529148,-0.00472972000006296
0.877452787430051,-0.253836659748618,-0.036183205053897,-0.15942335695047,-0.00306310877908406,-0.0215393480134359,-0.00442430659025111
0.916623877761866,-0.241958357674962,-0.0367535487839108,-0.192940348277937,-0.00295606555507441,-0.0220023594947845,-0.00399797648608302
0.95361717550586,-0.230168728235393,-0.037325346016947,-0.226163587237966,-0.00287331971698281,-0.0223489031337594,-0.0034607976250681
0.988143956098557,-0.218623736923841,-0.0378802782706674,-0.258836484380026,-0.00281780268488821,-0.0225765102738624,-0.00282640202240454
1.01992060163978,-0.207474877025526,-0.0384044540273844,-0.290692257786387,-0.00279103351679168,-0.0226868410042055,-0.00211139426119501
1.04868098034049,-0.196879380986939,-0.0388865763735062,-0.321472044653655,-0.00279315309013022,-0.0226849589492912,-0.00133475824517261
1.07418101726151,-0.187014710129294,-0.0393155503037235,-0.350937773499302,-0.00282274757745888,-0.0225783704613392,-0.000517331189625089
1.09619476772548,-0.178094367322373,-0.039678411810728,-0.378878597359963,-0.00287649574541695,-0.0223760240524266,0.000318646409490392
1.11450310596464,-0.170381175042224,-0.0399594471315406,-0.405111492970504,-0.00294881513870246,-0.0220874063625152,0.00114994987100346
1.12887760339391,-0.164193188934882,-0.0401411751499522,-0.429477958022854,-0.00303180791677863,-0.0217217941060767,0.00195283696376073
1.13906367897099,-0.159896464986722,-0.0402074979784775,-0.451839547165962,-0.00311587171057449,-0.0212876585818109,0.00270364335424831
1.14476835732437,-0.157878380942165,-0.0401487610044031,-0.472075114588081,-0.00319127504573447,-0.0207921768921499,0.00337955459922875
1.14565877849772,-0.158496195811933,-0.0399677411325692,-0.490081949968557,-0.00325072377341711,-0.0202407889266514,0.00395953294793703
1.14137735713617,-0.161999534570805,-0.0396848500119295,-0.505781360454901,-0.0032924356107967,-0.0196367552471178,0.004425289270144
1.13157713712144,-0.168433872564773,-0.0393403891296888,-0.519126745686839,-0.00332261216225628,-0.0189807227951436,0.00476212436483203
1.11597583325157,-0.177544673363209,-0.0389919215065443,-0.530109767395172,-0.00335579613867376,-0.0182704023009199,0.0049594727774409
1.09441927837575,-0.18871452295061,-0.0387060243354817,-0.538759411552799,-0.00341191463364825,-0.0175005784261151,0.00501109134779514
1.06693677852224,-0.200969471826562,-0.0385457688257643,-0.545131109167536,-0.00351011288572183,-0.0166637309715591,0.00491499605550823
1.03376719363277,-0.213076029333232,-0.0385574854111053,-0.549288340886046,-0.00366134763106207,-0.0157514277487407,0.00467334639565353
0.995340698917793,-0.223716211016684,-0.0387614141197399,-0.55128421570957,-0.00386292839959605,-0.0147563209351304,0.00429240921329821
0.952217557908697,-0.231690959154534,-0.0391496944059855,-0.551151407332353,-0.00409761894997024,-0.0136742021425992,0.00378254313405655
0.90500365459474,-0.236087114504762,-0.0396921400096153,-0.548904362013368,-0.00433765665755171,-0.0125054335396078,0.00315799958746581
0.854271057677648,-0.236361732666757,-0.0403471126991632,-0.544551074289778,-0.00455165918617412,-0.0112553177661908,0.00243637283145906
0.800505756420669,-0.232336440627935,-0.0410733679992934,-0.538107858028419,-0.00471147150016333,-0.00993344121634399,0.00163771396901031
0.744089756459366,-0.224127731027596,-0.0418394086199691,-0.529611231172238,-0.00479682249249427,-0.00855240305487645,0.000783494553773446
0.685311374598186,-0.212050854421139,-0.0426286645031947,-0.519124425960973,-0.00479721155203601,-0.00712643616902912,-0.000104349796887452
0.624391697229015,-0.19652772932507,-0.0434404678354029,-0.506739137633941,-0.00471162790345631,-0.0056702769842929,-0.001004138685053
0.561515889063511,-0.178014639693249,-0.0442876816881417,-0.49257429708055,-0.00454710599722354,-0.00419840690680279,-0.00189488658983446
0.496861823181118,-0.156953054685674,-0.045192053600484,-0.476773287082523,-0.00431694337595891,-0.00272460427597394,-0.00275651007620852
0.430622175102924,-0.133740117466934,-0.0461782500897793,-0.459500039929097,-0.00403902690868114,-0.00126166014467583,-0.00356989286083615
0.363018579269711,-0.108713439222013,-0.0472673934188118,-0.440933741142692,-0.00373438328759482,0.000178886009681821,-0.00431690415850334
0.294307656668596,-0.0821456299315038,-0.0484708958691214,-0.421261665967577,-0.00342587751314152,0.00158707784212573,-0.0049804499887171
0.224779356390247,-0.0542457272121999,-0.049785467544253,-0.400670078010485,-0.00313692125228644,0.00295494931636234,-0.00554461420217557
0.154748471222898,-0.0251662037657705,-0.0511902462120733,-0.379333799085947,-0.00289008183113863,0.00427694186553697,-0.00599492199782907
0.0845407453440557,0.00498496409393911,-0.0526469227943706,-0.357405810918666,-0.00270556636395515,0.00555021569754917,-0.00631873468210299
0.0144756844731027,0.0361277727354294,-0.0541033812891385,-0.335008758036382,-0.00259966394827908,0.00677472716998267,-0.00650575782758482
-0.0551511509400499,0.0681906563847532,-0.0555006905167441,-0.312230254424426,-0.00258333289637682,0.00795297597857172,-0.0065486132991769
-0.124083193221823,0.101090537971441,-0.0567823905876468,-0.289123404248667,-0.00266118703778958,0.00908939756396778,-0.00644339207378679
-0.192112286901887,0.134715892671157,-0.0579041839103545,-0.265712939862576,-0.00283113139979375,0.0101894687369668,-0.00619007937540159
-0.259080477738985,0.168916133931112,-0.0588417564675478,-0.242006165234253,-0.00308480461335129,0.0112586779737339,-0.00579274430945397
-0.324873839626054,0.203499334938234,-0.059594797097619,-0.218006771075915,-0.00340881668412753,0.0123015518100488,-0.00525942474814593
-0.389409954244263,0.238238198755986,-0.0601863266844066,-0.193728901602865,-0.00378657902323888,0.013320904158831,-0.00460170994004329
-0.452622230126371,0.27288214970581,-0.0606578047201876,-0.169208790538317,-0.00420038064870545,0.0143173924453385,-0.00383410283694812
-0.514444891876523,0.307172304775745,-0.0610615849347528,-0.144511820613916,-0.004633323465371,0.0152893583864797,-0.00297329876740446
-0.574802003528337,0.340856242251675,-0.0614527247751446,-0.119733740570998,-0.0050707954706338,0.0162328474323388,-0.0020375259178321
-0.633602585783515,0.373700609741823,-0.0618818627559718,-0.0949956896382376,-0.00550129303761782,0.017141672416726,-0.00104605884740339
-0.690742301948947,0.405501042385721,-0.0623901408829213,-0.0704334229477938,-0.00591654602884543,0.0180074212658447,-1.89590143147698e-05
-0.746110753406388,0.436089926922665,-0.0630063486122862,-0.0461816546228748,-0.00631101250824435,0.018819387563369,0.0010229626783539
-0.799602343558938,0.46534288116732,-0.0637458950757321,-0.0223548962410549,-0.00668088472387964,0.0195644988240959,0.00205801467384345
-0.851128083906937,0.493184466539752,-0.0646110089918284,0.000973184369931508,-0.00702280206687086,0.0202274078861272,0.00306341560735018
-0.900625267277807,0.519592624546331,-0.0655916589574402,0.0237889045049413,-0.00733251911421625,0.0207909666478881,0.0040151307629876
-0.94806180534752,0.544600053584154,-0.066666980076227,0.0461519800933338,-0.00760383661691915,0.0212372986577725,0.0048879082833107
-0.993432349442034,0.56828965545489,-0.0678073184375579,0.0681979145131368,-0.00782814721149139,0.0215495969473688,0.00565568992599791
-1.03674442870172,0.590780929910638,-0.0689771885212645,0.0901241047081413,-0.0079949189843332,0.0217145727961616,0.00629255703345759
-1.07799534120361,0.612205670539623,-0.0701393464837974,0.112156756263835,-0.00809327034152465,0.0217251883850307,0.00677428854947386
-1.11714408680077,0.632674779034533,-0.0712597416689447,0.134501075559413,-0.00811444684124401,0.0215830024376441,0.00708043037232971
-1.15408613304356,0.652242750641257,-0.0723124614686625,0.157284627314598,-0.00805457637224308,0.0212993099675973,0.00719653336339005
-1.18864006611364,0.670880078828206,-0.0732832863682759,0.180509850154497,-0.0079167686624969,0.0208944361958669,0.00711601851488129
-1.22055236279376,0.688463617250471,-0.0741705408360527,0.204032057298145,-0.00771168541619109,0.0203950831091215,0.00684111874688895
-1.24952005484116,0.704789676358434,-0.07498270851102,0.227571682719768,-0.00745621007816156,0.0198303152881536,0.00638259921955473
-1.27522411704294,0.719606524115766,-0.0757334325674699,0.250757035080703,-0.00717056353708349,0.0192272463322179,0.0057583722189868
-1.2973627400851,0.732656349411602,-0.0764353990262036,0.273183087699038,-0.00687475025489314,0.0186074926334671,0.00499147252109359
-1.3156749091939,0.743714960568362,-0.0770947655087332,0.294468320079797,-0.00658532041305952,0.0179850484005461,0.00410796670863662
-1.32994943951532,0.752620500571392,-0.0777073159516898,0.314295742116469,-0.00631314246587662,0.0173656896819958,0.00313523206981375
-1.34001972916097,0.759287505936014,-0.0782567980320936,0.332432092600499,-0.00606244045907985,0.0167476128124756,0.002100791797638
-1.34574788480981,0.763706874551925,-0.0787153336606802,0.348726373249252,-0.00583099017586401,0.0161228644869591,0.00103167702566537
-1.34700320309967,0.765934431324324,-0.0790455438436174,0.363093078288521,-0.00561118111440508,0.015479175793604,-4.58315396138544e-05
-1.34364012991552,0.766071113379641,-0.0792040339951554,0.375486817697686,-0.00539161446696889,0.0148019574115855,-0.00110625865352325
-1.33548039282189,0.764237198135242,-0.0791459563622533,0.385874662594487,-0.00515895112544394,0.0140763445658468,-0.00212494277662474
-1.32230398922101,0.760542782276997,-0.078830378647772,0.394211763944207,-0.00489979060816704,0.013289248679774,-0.00307811789680865
-1.30385320757732,0.755057031343667,-0.078226026634981,0.400424958010629,-0.00460241545427422,0.012431353255203,-0.00394315321521827
-1.27985290779651,0.747779905035543,-0.0773167043195803,0.404408189825846,-0.00425827049886941,0.0114989083006668,-0.00469899982608491
-1.25004779425705,0.738621292333093,-0.0761054304997091,0.40603200107968,-0.00386306746160192,0.0104950675425881,-0.00532685449189297
-1.2142535544962,0.727393051239736,-0.0746162675965822,0.405166675895821,-0.00341742573537894,0.00943044202259246,-0.00581100246623141
-1.17241398173549,0.713818331364356,-0.0728930937613206,0.401714983151625,-0.0029269889451047,0.00832257607195044,-0.00613974398143554
-1.12465219277043,0.697559417129513,-0.0709952049368494,0.395646813960584,-0.00240199868106996,0.00719422627802586,-0.0063062527961116
-1.07130278068915,0.678260721503592,-0.0689904592741208,0.387026048019778,-0.00185636261025393,0.00607061713996543,-0.00630918146509817
-1.0129145510521,0.655598980554681,-0.0669473739044376,0.376021147647459,-0.00130632153274025,0.00497615939184933,-0.00615284096860699
-0.950220316476996,0.629330157717998,-0.06492785506895,0.362895520051192,-0.000768890439220152,0.00393130994593173,-0.00584685479525341
-0.884078829452934,0.599323301277183,-0.062981959998376,0.347979989858505,-0.000260302450987702,0.00295022124075214,-0.00540530492200043
-0.815401137000491,0.565575492312499,-0.0611453978546576,0.331635116788159,0.000205304691198734,0.00203957512371369,-0.00484550986693514
-0.745076432762878,0.528207252295794,-0.0594396706048006,0.314213216253864,0.000616769981224931,0.00119863535291525,-0.00418665467139069
-0.673910689514729,0.48744257856155,-0.0578741711945926,0.29602849506604,0.000966271645604793,0.000420244011797497,-0.00344850521140378
-0.602585968224775,0.443580323529851,-0.0564493121135807,0.277339833337524,0.00124920618983741,-0.000307663540836911,-0.00265038666721468
-0.531642157051689,0.396963801973797,-0.0551598356260274,0.258346567519828,0.00146371776549797,-0.00100042858194636,-0.00181051963055342
-0.461478185764518,0.347953999467643,-0.053997718227916,0.239194707254748,0.00161005901662064,-0.00167519495088823,-0.00094572189541091
-0.392367309077683,0.29690950937411,-0.0529543659470886,0.219989775099869,0.00168995865334089,-0.00234970231360014,-7.14216803263214e-05
-0.324480816123505,0.244174334983858,-0.0520220244257746,0.200812606133947,0.00170612907501149,-0.00304132955967456,0.000798103770944296
-0.257915466660445,0.190073229888313,-0.0511944524742732,0.181735207857755,0.00166199065088377,-0.00376629746650888,0.00164935832791739
-0.192721371229886,0.134913473810906,-0.0504669662054594,0.162834663730137,0.00156163368173779,-0.00453891873452335,0.00246921387296692
-0.128928135265834,0.07899155145274,-0.0498359743147007,0.144203680403941,0.00140999016855524,-0.00537080287474483,0.0032445316456791
-0.0665676541030438,0.0226028880270749,-0.0492981282668075,0.125956695129177,0.00121314506719234,-0.00626997095226598,0.0039618856462807
-0.00569208803541579,-0.0339474946771469,-0.0488492428346499,0.108230678605201,0.000978679933804848,-0.00723990297515474,0.00460744665973331
0.0536145360656536,-0.0903359886539675,-0.0484831717462652,0.091179978931637,0.000715918670839768,-0.00827862015242308,0.00516707676056931
0.111232753453702,-0.146215663517052,-0.0481908957533683,0.074965255437821,0.000435928744068007,-0.00937797717180465,0.00562666131015504
0.167012991356702,-0.201218355912826,-0.0479600738208426,0.0597374185169398,0.000151170684614028,-0.0105233953312301,0.00597268430977755
0.220789572197737,-0.254964880713552,-0.0477752868543537,0.0456189554247692,-0.000125253281820723,-0.0116942639144139,0.00619300463246785
0.272401454500945,-0.307082876663098,-0.0476190433623863,0.0326862495056913,-0.000380668769091154,-0.0128651505968582,0.00627774402982433
0.321715749684369,-0.3572294855629,-0.0474734278783825,0.0209571507880605,-0.000604024836060341,-0.0140078083080886,0.00622015373116982
0.36864909291717,-0.405114169101605,-0.0473220348821021,0.0103874534472146,-0.000786917104642292,-0.0150937525491226,0.00601731102073939
0.413182139075962,-0.450516407702977,-0.0471517092259225,0.000878000324844988,-0.000924142965281607,-0.0160970044915878,0.0056705222742468
0.455364163913434,-0.493294265619933,-0.0469536485488051,-0.00770866953450667,-0.00101360360523819,-0.0169965188618924,0.00518537493890501
0.495307189020109,-0.533382309919469,-0.0467236089154367,-0.0155258774301758,-0.00105556207028167,-0.017777880006851,0.00457146399254438
0.533171449741808,-0.570780305830108,-0.0464612434277637,-0.0227198188715756,-0.00105147096329515,-0.018434040109222,0.00384189190824917
0.569145345353209,-0.6055361201884,-0.0461688461603584,-0.0294112004400161,-0.0010027182619293,-0.0189651042747588,0.00301267672480986
0.603423168742568,-0.637726961938502,-0.0458499093293405,-0.0356852354522188,-0.000909663050738338,-0.0193773593265737,0.00210219764189395
0.636183218761162,-0.667442553546177,-0.045507901199592,-0.0415916826377828,-0.000771253643215102,-0.0196818400181469,0.00113077030963148
0.667567758693659,-0.694772344260489,-0.0451455533841685,-0.0471546201737134,-0.000585380962833161,-0.0198927127014223,0.000120389441610866
0.697665492031219,-0.71979724336242,-0.0447647882101833,-0.0523900588438245,-0.000349965921159639,-0.0200256699555747,-0.000905379533842448
0.726497145778149,-0.74258501025993,-0.0443672637009819,-0.0573282753317659,-6.46357548715298e-05,-0.0200964170368743,-0.00192142936812657
0.754005513479796,-0.763187749572999,-0.0439553900235526,-0.0620366787328854,0.000267287225882473,-0.0201192417630484,-0.00290117495942448
0.780052573217479,-0.781640031735884,-0.0435335713565806,-0.0666380261956997,0.000636886024854467,-0.0201056300318322,-0.003816803119931
0.804427306276163,-0.797956944806391,-0.0431093433043131,-0.0713181919077259,0.0010283466280782,-0.0200629398312271,-0.00463987541498478
0.826867522600122,-0.812132603841061,-0.042694020879531,-0.0763182574841511,0.00141879865110151,-0.0199932703908138,-0.0053424253738617
0.847096235718244,-0.824140612718732,-0.042302484802007,-0.0819083770701517,0.00177972627093068,-0.0198928082795878,-0.00589859416337542
0.864868010305742,-0.833938189524452,-0.0419518926811845,-0.0883460541265955,0.00208002794019484,-0.0197520069656818,-0.00628667252325616
0.88001514508319,-0.841474742191358,-0.0416594266566687,-0.0958278485928859,0.00229025395120723,-0.0195568714247389,-0.00649120242103543
0.892480308382598,-0.846703711644616,-0.0414395999736795,-0.104448250225285,0.00238700195808718,-0.0192913006377365,-0.00650464700735658
0.902324920658124,-0.849594727095251,-0.0413019262554033,-0.114178999673547,0.00235622184280452,-0.0189400410437684,-0.0063281688655045
0.909710440616433,-0.850142463825798,-0.0412497092106906,-0.124875685721282,0.00219448434461427,-0.0184914929207765,-0.0059712978263646
0.914859249625743,-0.848369687747429,-0.0412803164138857,-0.136308714529938,0.00190800178545274,-0.0179396358386629,-0.00545061497829508
0.918008176635777,-0.844323848048891,-0.0413867397116191,-0.148207795109045,0.00150998879071514,-0.0172846207116242,-0.0047878521601424
0.919367817472339,-0.838068560751714,-0.0415598666449301,-0.160306454366689,0.00101738450202504,-0.0165320939424691,-0.00400788905181989
0.919096371105762,-0.829672179724032,-0.0417907967741289,-0.172375950258188,0.000447926649184403,-0.0156916562190696,-0.00313702800818479
0.917290664741273,-0.819195690613705,-0.0420727292677502,-0.184243490926748,-0.000181808063412605,-0.0147750135075709,-0.00220173817752895
0.913992359120175,-0.806681805264561,-0.0424022335439707,-0.195794924157693,-0.000857231425007078,-0.013794301707309,-0.00122788588839596
0.909204929583873,-0.79214683035739,-0.0427799359545506,-0.206965348994833,-0.0015656081263218,-0.0127608734424331,-0.000240358024860898
0.902916517415135,-0.775576830110932,-0.043210742025972,-0.21772231102427,-0.00229528900394259,-0.0116846290022449,0.000737059585014194
0.895124138444713,-0.756929587525083,-0.0437036764402468,-0.228046079327052,-0.00303467183217779,-0.0105738173117576,0.00168168795258037
0.88585529003306,-0.736143568072034,-0.0442713232966548,-0.237910770258333,-0.00377120414594598,-0.00943514899399559,0.00257196337035235
0.875183470404519,-0.713154210365581,-0.0449287628578669,-0.247269285960083,-0.00449067700721952,-0.00827404701253826,0.00338753672778834
0.863234676233798,-0.68791630311243,-0.0456918931768115,-0.256044306276337,-0.00517699135739153,-0.00709489407594224,0.00410951619422402
0.850182963999851,-0.660429219934665,-0.0465751342058878,-0.264126798712761,-0.00581250506414124,-0.00590119963270957,0.0047208655288717
0.836234878262633,-0.630759961932367,-0.0475887264426803,-0.271382494660083,-0.00637897554512527,-0.00469568018276789,0.00520692795582141
0.821604891592728,-0.599058158939722,-0.0487360883636828,-0.277665449056845,-0.00685899565206995,-0.00348030275242943,0.00555600742770729
0.806486406043414,-0.56555809797362,-0.0500118731880337,-0.282836311018148,-0.00723769615488033,-0.00225636480654357,0.00575991417864687
0.791024461052262,-0.530565589029332,-0.0514013526929283,-0.286781672207691,-0.00750439374449375,-0.00102466800904733,0.0058143772745124
0.775296333544294,-0.494431361457585,-0.0528815070606484,-0.289430321679234,-0.00765384080800508,0.000214202309009297,0.00571924566051952
0.759304453494585,-0.457516369966056,-0.0544237732113125,-0.29076276457745,-0.00768680488712606,0.00145953273247174,0.00547843624847109
0.74298295411965,-0.420156491797736,-0.0559979492642043,-0.290811938896045,-0.00760985822884308,0.00271014702705677,0.00509963320526307
0.726215780431708,-0.382633888146282,-0.0575764437564372,-0.289655265019452,-0.00743444423147385,0.00396415456101359,0.00459378618518712
0.70886167495303,-0.345159990719782,-0.05913800153553,-0.287400273676397,-0.00717544709652152,0.00521882075236504,0.00397448726204993
0.690780302479063,-0.307871710943399,-0.0606702313087214,-0.284167425470505,-0.00684957719233336,0.00647054806264142,0.00325732080072986
0.671854315444081,-0.270839309850807,-0.0621705962938751,-0.280074006495275,-0.00647388217610788,0.00771491424440764,0.00245927525271417
0.652003829622058,-0.2340823583493,-0.0636458691335219,-0.275222260418885,-0.00606462033077447,0.00894669998998882,0.00159828382756792
0.631191787800068,-0.197589625280647,-0.0651102817079906,-0.269693588619224,-0.00563662277816031,0.0101598560048961,0.000692928553574619
0.609420484367697,-0.1613392959056,-0.066582689402783,-0.263549233637342,-0.00520316091931557,0.0113474027320536,-0.000237692305088418
0.586720708071865,-0.12531700960219,-0.0680830450405735,-0.256836663780942,-0.00477624481192679,0.0125013085408618,-0.00117396463696669
0.563135637080255,-0.0895302729104103,-0.0696284238788944,-0.249600043790264,-0.00436721273134045,0.0136124380276089,-0.0020956825052393
0.53870201371694,-0.0540184832030049,-0.0712288411442231,-0.241892641201209,-0.00398742606725579,0.0146706869856189,-0.00298197037860537
0.513431430048172,-0.0188579962250772,-0.0728832079552299,-0.233788634164893,-0.00364885045218947,0.015665412182069,-0.0038112921424955
0.487295039180605,0.0158384031732723,-0.0745760025942715,-0.225391575818988,-0.00336428833610396,0.0165862177320323,-0.00456164415478191
0.46021530424885,0.0499283184922118,-0.0762754967463019,-0.216836747019203,-0.00314704588302644,0.0174240697206717,-0.00521102750095043
0.432068319777151,0.0832531040442577,-0.0779345421888407,-0.208285173977646,-0.00300989890495204,0.0181725922128762,-0.0057382712049867
0.402698954099913,0.115656847694706,-0.0794947454021104,-0.199908418580278,-0.00296339001299516,0.0188292739736361,-0.00612421891907369
0.371948373656041,0.147008163961037,-0.0808941852257315,-0.191865589503298,-0.00301373352481193,0.0193962409270994,-0.00635319137979982
0.33968952616862,0.177220055162942,-0.0820776657653354,-0.18427688541531,-0.00316085310703046,0.0198802756064594,-0.00641451104751817
0.305862372573227,0.206262261031875,-0.083007246561131,-0.177200339147259,-0.00339720329289571,0.0202919274547404,-0.00630377398703438
0.270499028590543,0.234161799915396,-0.0836701040959093,-0.170618787171482,-0.00370790813300773,0.0206438207156261,-0.00602354270634256
0.233731144829096,0.260990838217937,-0.0840812371444155,-0.164441608662645,-0.004072373838663,0.020948528013991,-0.00558325346859613
0.195777466400651,0.286845228370884,-0.0842801271347316,-0.158521098904604,-0.00446704215221948,0.0212165108230915,-0.00499835225095526
0.156915962595639,0.311819851958937,-0.0843224468652002,-0.152678489580062,-0.00486858199755952,0.0214545597782061,-0.00428889383274941
0.117449275642977,0.335987069101811,-0.0842693336857077,-0.146731989093385,-0.00525674166112451,0.0216649564679392,-0.00347795745605907
0.0776726032742803,0.359382262451893,-0.0841769671259744,-0.140519610841381,-0.00561629466122419,0.0218453315041856,-0.00259020543865511
0.0378503255758418,0.381997358946185,-0.0840884260752006,-0.133912329732808,-0.00593786189944666,0.0219890376176969,-0.00165078341737945
-0.00179639207712288,0.403780706292753,-0.084028619852212,-0.126816501548888,-0.00621770573483192,0.0220858180391921,-0.000684608181850571
-0.041092103881014,0.424640544837835,-0.0840021216919485,-0.119167190890556,-0.00645677473340803,0.0221226045387472,0.000284024395434258
-0.0799024126261167,0.444449455266127,-0.0839932769224839,-0.110915594470054,-0.00665933053784863,0.0220843696541167,0.00123163140330695
-0.118124955922486,0.463048499799156,-0.0839680568524782,-0.102014423968839,-0.00683146612407904,0.0219550575964714,0.00213565807650145
-0.155678528802818,0.480252328484684,-0.0838776339048539,-0.0924053471772989,-0.00697978410709616,0.02171871951604,0.0029746244186005
-0.192492936377475,0.495858828614162,-0.0836640696430404,-0.0820121730134909,-0.00711045216338603,0.021361004714491,0.00372840358203079
-0.228502027488349,0.509665661857203,-0.0832681465647182,-0.0707418670829737,-0.0072287509111557,0.0208709808357357,0.00437870898202785
-0.263640829230015,0.521491874890597,-0.0826384398147804,-0.0584933345221501,-0.00733909176081826,0.0202429757338095,0.00490979143422415
-0.297845778150362,0.531199768775652,-0.0817400047391118,-0.0451721278890614,-0.00744536912537873,0.0194779869301523,0.00530924631339225
-0.331056408559776,0.538712200802051,-0.0805609139120797,-0.0307079179053588,-0.00755145300812459,0.0185842676606471,0.00556876420214082
-0.36321717758536,0.544021610622036,-0.0791151417401127,-0.0150705639148752,-0.00766161087106658,0.0175768714630873,0.00568464659399908
-0.394278854283751,0.547188524320603,-0.0774409316226476,0.00171938066151587,-0.00778068637838452,0.016476162662853,0.00565794947531334
-0.424199159811679,0.54832966802317,-0.0755948813742122,0.0195885345448832,-0.0079139466090502,0.0153055511583032,0.0054942013504717
-0.452942743975011,0.547598185954873,-0.0736430560348448,0.0384172902375039,-0.00806662639186408,0.0140888864997238,0.00520274427416918
-0.480481028458666,0.545160390813096,-0.0716511115806726,0.0580529726150898,-0.00824329629849782,0.0128480030346377,0.004795831023404
-0.506792205314203,0.541173976721543,-0.0696755044600895,0.0783259044980733,-0.00844721403284723,0.0116008096531835,0.00428764764807485
-0.531861776025475,0.535771508243013,-0.0677572392141771,0.0990645514341925,-0.00867980338020308,0.0103601345863548,0.00369341480291494
-0.5556836960571,0.52905107762201,-0.065918761156269,0.120106888696318,-0.00894034480147286,0.0091333380015873,0.00302867117929655
-0.578262065728826,0.521074219562346,-0.0641638331785561,0.141306580490668,-0.00922589826392229,0.00792256635766922,0.00230878541766727
-0.599613119887849,0.511869847917322,-0.0624797521387222,0.16253389234289,-0.00953142874492466,0.00672545842829191,0.00154869538827839
-0.619767222786516,0.501442529589535,-0.0608411274687463,0.183672186904239,-0.00985008111732293,0.00553611901020986,0.000762844516489655
-0.638770476436404,0.489783487748375,-0.0592145469147705,0.20461133645108,-0.0101735491111259,0.00434622117159664,-3.47300148844281e-05
-0.656685435640991,0.476883088432744,-0.0575636608520369,0.225239560873381,-0.0104924956162428,0.00314615522909024,-0.00083020790416082
-0.673590309366864,0.462743914644312,-0.0558544004019388,0.245435235310886,-0.0107969991390999,0.00192619134713263,-0.00160974752191503
-0.689575957712605,0.447393654694579,-0.0540601208185115,0.265060212279679,-0.0110770152829633,0.000677649975522033,-0.00235925204696843
-0.704740070101811,0.430896860128076,-0.0521664015160383,0.283956187693741,-0.0113228475020837,-0.000605925266443709,-0.00306419422912148
-0.719178199285609,0.413364188757516,-0.0501750580816374,0.301945514390935,-0.0115256155442135,-0.00192762475045501,-0.00370955435649957
-0.732971955139095,0.394957264773987,-0.0481067106136696,0.318837497650633,-0.0116776955540899,-0.00328614170095556,-0.00427992291195218
-0.74617555600723,0.375887019226438,-0.0460011222636668,0.334440417426784,-0.011773087430415,-0.00467499344406828,-0.00475980884669848
-0.758803002915291,0.356403733202682,-0.043914617623822,0.348578281391491,-0.0118076530378685,-0.00608218279028277,-0.00513417219117575
-0.770818998158671,0.33677824224423,-0.0419143123098875,0.361109768694575,-0.0117791734083039,-0.00749049357070893,-0.00538916329669221
-0.78213695721511,0.317275881878041,-0.0400696260784734,0.371945444404418,-0.0116872029982171,-0.00887855259206678,-0.00551300336032042
-0.792626612313561,0.298127231559478,-0.0384424256205457,0.381058741739658,-0.0115327529940902,-0.0102226511849255,-0.0054968926992516
-0.802131720424084,0.279501604596642,-0.0370778135828257,0.38848700011984,-0.0113178995215149,-0.0114991287307188,-0.00533580271823353
-0.810495663189765,0.261489480653097,-0.0359976891666309,0.394321080709934,-0.0110454592257425,-0.0126869406409868,-0.00502901262512854
-0.81759027098026,0.244098234953262,-0.0351985943390995,0.39868518878857,-0.0107188781318929,-0.0137699429313929,-0.00458030071599735
-0.823341930704619,0.22726204551415,-0.0346541970551734,0.40171134569497,-0.0103424267834456,-0.0147384746523548,-0.00399778024551535
-0.827749552111917,0.210863135413749,-0.0343215096011387,0.403514433046251,-0.00992169966152938,-0.0155899977783167,-0.00329345405476013
-0.83089089640415,0.194758958651996,-0.0341490859533151,0.404173392313393,-0.00946431072642935,-0.0163287886429725,-0.00248261904836425
-0.832916275550304,0.178809358876965,-0.0340852538314143,0.403722409746901,-0.00898059383211149,-0.01696487343672,-0.0015832645641451
-0.834030728078661,0.162898875220185,-0.0340848438288665,0.402153600849293,-0.00848407428674673,-0.0175124977350279,-0.000615580320092129
-0.834467007180806,0.146951330657901,-0.0341135815457037,0.399430630647004,-0.00799147587031738,-0.0179884062033343,0.000398363146005393
-0.834452248599448,0.13093565408388,-0.0341499825772206,0.395511194392062,-0.00752205930747481,-0.0184101184071875,0.00143475737595022
-0.834171649549658,0.114863063585341,-0.0341850380054179,0.390375191125057,-0.00709615704459667,-0.0187942744426339,0.00246807214119978
-0.833733407210572,0.0987763972415884,-0.0342201733056291,0.384054331888992,-0.00673289601083988,-0.0191550384521524,0.00347104350323481
-0.83314059987323,0.0827331343856605,-0.0342640080374067,0.376657589556082,-0.00644731313323182,-0.0195025249933064,0.00441477928401191
-0.832276876477828,0.0667851586432358,-0.0343284728984456,0.368385564273994,-0.00624736725544027,-0.0198412740716861,0.00526916980144164
-0.830912208995747,0.0509606081414692,-0.0344249260267113,0.359526418249875,-0.00613165734370512,-0.0201689448504078,0.00600380868344266
-0.828731271651023,0.0352550905578765,-0.0345610056061072,0.350428052006647,-0.00608879126167238,-0.0204755875128522,0.00658957735575505
-0.825380286898195,0.0196388835829146,-0.0347389037255476,0.341446868881349,-0.00609908969625008,-0.0207439822865416,0.00700088174144968
-0.820520810647685,0.00408171376153768,-0.0349554036881413,0.332882274341623,-0.00613856445986797,-0.020951448912426,0.00721825213996097
-0.81387511040445,-0.0114117075518639,-0.0352034341001253,0.324914552817403,-0.00618411383883211,-0.0210731292870501,0.00723072945030945
-0.805250538522848,-0.0267694461884942,-0.0354743351087115,0.317566426670206,-0.00621818268765384,-0.0210861295257963,0.00703734735931848
-0.794539065672293,-0.0418380634365165,-0.0357598593221708,0.310701877348886,-0.00623126631028858,-0.0209734164155937,0.00664722237634644
-0.781698018112173,-0.056393424253484,-0.0360532521573274,0.304061907293946,-0.00622161453647401,-0.0207263507426174,0.00607822541570629
-0.766723569364273,-0.0701724906864737,-0.0363493335245308,0.297323424491035,-0.00619273231285205,-0.0203452655286393,0.00535468041478645
-0.749627516088742,-0.082913887802375,-0.0366439450598915,0.290161526720342,-0.00615004287105731,-0.0198382456119238,0.00450476397575511
-0.730422513475685,-0.0943938623928501,-0.0369332169194759,0.282298673210832,-0.00609806384883475,-0.0192188124517415,0.00355819874592905
-0.709115407325808,-0.104448825061981,-0.0372129212212028,0.273532613074828,-0.00603887672609944,-0.0185033546863812,0.00254456858118012
-0.68570522981866,-0.112982084342657,-0.0374779288340196,0.263743155070307,-0.00597199942374655,-0.0177089404561636,0.00149231025038635
-0.660182293947742,-0.119957394846935,-0.0377216495747024,0.252882879238945,-0.00589532148314492,-0.0168518112327742,0.00042825896792166
-0.632526472519392,-0.125384356301356,-0.0379353623202457,0.240958439511712,-0.00580660086457707,-0.0159465615884096,-0.000622445178993432
-0.602704719632105,-0.129300906935792,-0.0381074820736735,0.228008395870897,-0.00570505958437135,-0.0150058284644445,-0.00163628195592164
-0.570669500918202,-0.131757149554432,-0.0382229954536632,0.2140820149609,-0.00559273206222849,-0.0140402539444733,-0.00259126477371004
-0.536360433741477,-0.132803314385334,-0.0382634283599167,0.199221982498576,-0.00547533390081867,-0.0130585118315911,-0.00346695736784043
-0.499711116143126,-0.13248325421866,-0.0382077203049605,0.183452827870424,-0.00536250717508452,-0.0120672691503306,-0.00424465938908953
-0.460661867179981,-0.13083362598249,-0.0380342174947582,0.166775983975589,-0.00526737429003437,-0.0110710562113373,-0.00490777524428307
-0.419177195363351,-0.127887868719868,-0.0377236675676637,0.149171595045389,-0.00520542014197093,-0.0100721129386266,-0.0054423259253384
-0.375264845700323,-0.123683293323411,-0.0372626937289905,0.130606310990019,-0.00519283324093764,-0.00907033682876989,-0.0058375140652741
-0.32899195430125,-0.118269138844189,-0.0366469032939505,0.11104537065228,-0.0052445551205968,-0.00806345742305687,-0.00608622174685743
-0.280493976426529,-0.111713466739481,-0.0358827288547893,0.0904665267742923,-0.00537237678083729,-0.0070475053149976,-0.00618532362251785
-0.229973808928855,-0.104107291032691,-0.0349873950124715,0.0688730656569837,-0.00558343866057903,-0.00601755267027221,-0.00613573971218395
-0.177691344051491,-0.0955652899200308,-0.0339869824281863,0.0463035003863158,-0.00587941881831495,-0.004968616929927,-0.00594222363697304
-0.123945966857989,-0.0862233995010733,-0.0329131660976519,0.0228362037407782,-0.00625654417728114,-0.00389656190957355,-0.00561294989958188
-0.069054163211153,-0.0762337819903045,-0.0317994069996601,-0.00141215497726321,-0.00670636492862799,-0.00279879775222807,-0.00515897322846907
-0.013323505851507,-0.0657570748056952,-0.0306770340634855,-0.0262944718594153,-0.00721699400529914,-0.00167458597153188,-0.00459355858175014
0.0429719024251874,-0.0549527956183714,-0.0295715407304342,-0.0516444269535571,-0.00777440868241382,-0.00052493799650002,-0.00393140246419661
0.0996052161686886,-0.0439719353990206,-0.0285002540754615,-0.077286260944198,-0.00836361056856785,0.000647653183048904,-0.00318797556094141
0.156398806913839,-0.0329542602558687,-0.0274721588014795,-0.103041648157589,-0.00896959115305412,0.00183948280657727,-0.00237916481889609
0.213219755503663,-0.0220293336775945,-0.0264893245085661,-0.128734210037256,-0.00957798368546555,0.00304589081372663,-0.00152115631989155
0.26997118395145,-0.0113197388388031,-0.0255491654900226,-0.154191543801792,-0.0101753072928545,0.00426146848483029,-0.000630466848771553
0.326579611187467,-0.000945702162484278,-0.0246470857276578,-0.179244747732888,-0.0107488467421751,0.00548017006344347,0.000275916523952159
0.382978530006559,0.00896981272787339,-0.0237792067867432,-0.203726321564151,-0.011286293242814,0.00669533625932089,0.00118032670154243
0.439088975941562,0.0182967755366783,-0.022944865736179,-0.227467955273976,-0.0117753057259292,0.00789969269082254,0.00206419476024633
0.494798454352099,0.0268959149461431,-0.0221485112015738,-0.250299859921793,-0.0122031595601727,0.0090854156345328,0.00290789259024243
0.549940698951223,0.0346199834557893,-0.0214005887469041,-0.272053115934309,-0.0125566498942883,0.0102443564953215,0.00369072716981672
0.604280026734237,0.0413192995117727,-0.0207170193101839,-0.292565838716122,-0.0128223927480623,0.0113684780472828,0.00439117476762623
0.657505332774651,0.0468515152728778,-0.0201170345633313,-0.31169293278093,-0.012987615060272,0.0124504866890354,0.00498742880388875
0.709238965817081,0.051094247430864,-0.0196194823789438,-0.329317840741043,-0.0130414288846604,0.0134845559852559,0.00545829737224181
0.759063951651992,0.0539577698547443,-0.0192382391928534,-0.345363416917829,-0.0129764552286405,0.0144669582507,0.00578442208316214
0.806568615705785,0.0553940061665015,-0.0189779037094812,-0.359798391326803,-0.0127905293256208,0.0153963901639523,0.00594970543696159
0.851401169054473,0.0553983038642692,-0.0188312186731777,-0.372636379892986,-0.0124881312092941,0.0162738268399015,0.00594275132005472
0.893320463988685,0.0540023098941783,-0.0187793903489222,-0.383926202525299,-0.0120811844770517,0.0171018665580046,0.0057580761114633
0.932226392496675,0.0512593003330207,-0.0187955716621092,-0.393734983317725,-0.0115889574745616,0.0178836923530011,0.00539686711627452
0.968157019617698,0.0472262862352308,-0.0188505253835223,-0.402128073252656,-0.0110369460384158,0.0186218975740386,0.00486715468238028
1.0012497739537,0.0419486560740364,-0.018918480717123,-0.409151233055905,-0.0104547777226047,0.0193174376392054,0.00418339600686335
1.03167726988332,0.0354522521429717,-0.0189810178202916,-0.414820144254905,-0.00987335015673753,0.0199688745467207,0.00336559343683599
1.05957847124551,0.0277450661360423,-0.0190276402189684,-0.419120305713428,-0.00932161570437224,0.0205719373913013,0.00243814760217644
1.08500778377721,0.018827536123149,-0.0190531514917911,-0.422017546821742,-0.0088236182403551,0.0211193249234523,0.00142866241463592
1.10791714181906,0.00870807754874512,-0.0190533158139529,-0.423476707464679,-0.00839645860585076,0.0216006794612366,0.000366880530942289
1.12817336016972,-0.00258042269306998,-0.019020925285491,-0.423484271577714,-0.00804969423321137,0.0220027540351406,-0.000716151282829693
1.1456012079087,-0.0149671730877041,-0.0189441269815007,-0.422069973751732,-0.00778626591848055,0.0223099073129224,-0.00178868988016003
1.16003659763254,-0.0283364049714081,-0.0188079373157826,-0.419322363944741,-0.00760454984019182,0.0225051220552687,-0.00281878037435786
1.17137438437128,-0.0425291842799906,-0.0185987145553043,-0.415393664434257,-0.00750076715201173,0.0225717004712067,-0.00377479329566585
1.1795991915668,-0.057355642183332,-0.0183103038815386,-0.410490196915474,-0.00747088822241487,0.0224956286503951,-0.00462620821411073
1.18479270988819,-0.07261741746923,-0.0179498061143881,-0.40484679747031,-0.00751136902525955,0.0222683376942782,-0.0053447855983282
1.18711611524313,-0.0881372861777427,-0.0175406456154445,-0.398687533262628,-0.00761849544814277,0.0218892899967917,-0.00590613982353128
1.1867717691306,-0.103789600754266,-0.0171210793825876,-0.392180209060183,-0.00778666710270452,0.021367615343166,-0.00629153879281682
1.18395397865116,-0.11952286499173,-0.0167376343595515,-0.385396629647523,-0.00800643727890234,0.0207220762607667,-0.00648956989567252
1.17880249892679,-0.135366457074109,-0.0164348768619398,-0.378291453867185,-0.00826331137769469,0.0199790442979764,-0.0064972248306837
1.17137217421412,-0.151417943120605,-0.0162445663800541,-0.370707881299366,-0.008538046293792,0.019168815742124,-0.00632004817389824
1.16162659053394,-0.16781404316725,-0.0161776796796637,-0.362409519454905,-0.00880856927906798,0.0183211858441245,-0.00597125678919676
1.14945506707993,-0.1846938550425,-0.0162216791845388,-0.353128815946663,-0.00905296244872254,0.0174614201991751,-0.00547004953956171
1.13470489135345,-0.202164637985159,-0.0163433462024679,-0.342617898336228,-0.00925258683567276,0.0166075102154714,-0.00483953322851123
1.11721756691322,-0.220277945269506,-0.0164956027482226,-0.330689178736641,-0.00939448818096452,0.0157690569165842,-0.00410470936170006
1.09685946588147,-0.239019163615879,-0.0166258192120716,-0.317238799089607,-0.00947260893570489,0.0149476003861189,-0.00329083358434864
1.07354145260776,-0.25830911738223,-0.0166832605416054,-0.302252367906488,-0.00948777404310613,0.0141379114489798,-0.00242227557739243
1.04722650421081,-0.278013929095849,-0.0166241533540456,-0.285796877318257,-0.00944673000920228,0.0133297244711742,-0.00152185915007006
1.01792729140828,-0.297958900462342,-0.0164138375503188,-0.268004301214155,-0.00936063618243915,0.0125095193988553,-0.000610581782783567
0.985697055308167,-0.317943113520573,-0.0160262587797548,-0.249051870382403,-0.00924337882311197,0.0116621437497254,0.000292409077466364
0.950617192995863,-0.337752842533412,-0.015441543911148,-0.229142478479308,-0.00910997735753839,0.0107722178463885,0.00116969503439495
0.91278439577182,-0.357173088216815,-0.014642611777587,-0.20848705628788,-0.00897524088532144,0.00982535667530999,0.00200541049220362
0.872299466756429,-0.375997314571456,-0.0136117866065618,-0.187289596284674,-0.00885274510759349,0.00880926953148971,0.00278507687803514
0.829259258873448,-0.39403573411312,-0.0123282683788901,-0.165734942853834,-0.00875414326774799,0.00771477828393882,0.00349549196408189
0.783752611302014,-0.41112236503165,-0.0107671060213566,-0.14397939733826,-0.00868879405471988,0.00653674634417324,0.00412470027408737
0.73586062305214,-0.427120791180328,-0.00890003703707552,-0.122144359216538,-0.008663671128517,0.0052748539698934,0.0046620535181524
0.685661021010223,-0.441928050350699,-0.00669816937783458,-0.100313501392079,-0.008683510342801,0.00393410471160209,0.00509835358469876
0.63323579171476,-0.455476080839515,-0.00413610028564917,-0.0785339377731037,-0.00875113309452477,0.00252493484013931,0.00542605624091516
0.57868069220374,-0.467730057779886,-0.00119667768875177,-0.0568216565763219,-0.0088678749103778,0.00106281490978594,0.00563950179448583
0.52211472598725,-0.478683355889768,0.00212462329111512,-0.035170900972066,-0.00903403626554686,-0.000432700468858955,0.00573513155342093
0.463687649754292,-0.4883495079662,0.00581674208722183,-0.0135665023781801,-0.00924927399900661,-0.00193942137283681,0.00571164948837061
0.403583826411338,-0.496752131091297,0.00985226103021969,0.00800246204409697,-0.00951286475584429,-0.00343431374947401,0.00557009620169029
0.342021473092104,-0.50391424926061,0.0141890974001467,0.0295296306972091,-0.00982379926855975,-0.00489539862930204,0.00531381750618063
0.279247404256105,-0.509848624081125,0.018774353569761,0.0509807520909103,-0.0101807036547503,-0.00630349802658573,0.0049483300986648
0.21552828660705,-0.514550351001258,0.0235495144159063,0.07228677747104,-0.0105816192214763,-0.0076435993233209,0.00448110504514344
0.151140185062729,-0.517992639722113,0.0284559039528382,0.093341176417494,-0.0110237032763726,-0.00890569160985532,0.00392130520640993
0.0863584766189837,-0.520125740086668,0.0334393073091371,0.114001112132115,-0.0115029277354173,-0.0100850308526798,0.00327951827512282
0.0214501046573651,-0.520878885367592,0.0384529061913236,0.134091714829532,-0.0120138569388222,-0.0111818859762013,0.00256752701402915
-0.0433303905954105,-0.520164683314186,0.043458073674103,0.153412479025083,-0.0125495791697932,-0.0122008820526189,0.00179814866172731
-0.1077403793268,-0.517885405467863,0.0484229918285773,0.171745060783376,-0.0131018517768187,-0.0131500783542955,0.000985160451726944
-0.171544291781183,-0.513940841859259,0.0533194384569785,0.188862229501212,-0.0136615052159931,-0.0140399063251091,0.000143310696897797
-0.234505263507365,-0.508237178488033,0.0581183586738778,0.204538115795558,-0.0142191224783528,-0.0148820468593498,-0.000711605472601015
-0.296374619073774,-0.500696302024318,0.0627850411941726,0.218560106264336,-0.0147659785462833,-0.0156882788250759,-0.00156264280001975
-0.356880936204766,-0.491264666122354,0.0672748607686938,0.230742552095795,-0.01529517848632,-0.0164692951411848,-0.00239162629471661
-0.415720859747499,-0.479920589524533,0.0715306419838337,0.24094187078326,-0.0158028761609137,-0.0172334797357585,-0.00317915917284066
-0.472554288570927,-0.466678517630678,0.0754826792385224,0.249071625880634,-0.0162893896313042,-0.0179856739499539,-0.00390479385136073
-0.52700683214301,-0.451588571498429,0.0790522105611929,0.255114988325843,-0.0167599707898688,-0.0187260337322859,-0.00454744781064377
-0.57868206566531,-0.434729837340381,0.082158566556679,0.259131023843783,-0.0172249626312078,-0.0194491698992207,-0.00508613598523488
-0.627184600004747,-0.416196641362143,0.0847292679313134,0.261251155745103,-0.0176991257581265,-0.0201438351553644,-0.00550104897489336
-0.672152259933163,-0.396078792695695,0.0867112136023765,0.261663608896387,-0.0182000701083895,-0.0207934241605428,-0.00577492283281414
-0.713292197451619,-0.374439082309526,0.0880801994787924,0.26058675436264,-0.0187459760424278,-0.021377434462519,-0.00589453225579476
-0.750413031698767,-0.351293404525211,0.0888459113908453,0.258236299110413,-0.0193530584781083,-0.0218737950461574,-0.00585203770718297
-0.783444784950808,-0.326599451161882,0.0890505921684491,0.254794440152406,-0.0200333867290391,-0.0222616762670168,-0.00564588859085089
-0.812441305150991,-0.300258187669098,0.0887615583307602,0.250389541411761,-0.0207936040140207,-0.0225241838688355,-0.00528106787778135
-0.837565273093002,-0.272128735565478,0.0880598075609036,0.245091946258744,-0.0216347906524706,-0.0226503376643443,-0.00476863947501832
-0.859061303632287,-0.242053403482916,0.0870281102022934,0.238926347518684,-0.0225533138675334,-0.0226359595339445,-0.00412474953492584
-0.877225607484675,-0.209887257951916,0.0857417316662178,0.231896075012311,-0.0235421984795431,-0.0224834389790292,-0.00336935086158754
-0.89238019215717,-0.175526645975178,0.0842635875954674,0.22401175776176,-0.024592463561314,-0.0222006457162911,-0.0025249268873459
-0.904856410745363,-0.138932929608902,0.0826439641622373,0.21531665078,-0.0256939930913594,-0.0217994029122784,-0.0016154110687962
-0.914988710256568,-0.100150100949293,0.0809236666302381,0.205902774140238,-0.0268357466196072,-0.0212939117290789,-0.000665384831688322
-0.923115994114052,-0.059316643022235,0.0791388693551479,0.195914616773192,-0.0280053515780779,-0.0206993836663702,0.00030046094696795
-0.929586026467405,-0.0166724861327183,0.0773259664656449,0.185539683020737,-0.0291882934045567,-0.0200309787216435,0.00125767648756619
-0.934757671107638,0.0274387593613588,0.075525096781775,0.174987281399943,-0.0303670163894404,-0.0193030210189398,0.00218231514784718
-0.938996368151483,0.0725733694797447,0.0737815242809069,0.164458809960802,-0.0315202812068423,-0.0185283997663207,0.00305120285676365
-0.942659862328595,0.118199055908634,0.0721445718436733,0.154114495999164,-0.0326230997779013,-0.0177180624577871,0.00384228929366991
-0.946073807336303,0.163716873477459,0.0706643079738303,0.144042972454381,-0.0336474831614504,-0.0168805577187524,0.00453512182045386
-0.94950000726714,0.208494593797108,0.0693866442935371,0.134240662936121,-0.03456408079429,-0.0160216581687769,0.00511144265104646
-0.953103185753283,0.251909887262632,0.0683478807523055,0.124607041537495,-0.0353445768669168,-0.0151441607177032,0.00555586823463968
-0.95692404080282,0.293398105089547,0.0675699272946271,0.114958970187017,-0.035964481335383,-0.014247986510681,0.00585657501746716
-0.960866022476381,0.332496512195044,0.0670573469999867,0.105062817997642,-0.0364057855589226,-0.0133306667256996,0.00600589580703783
-0.964700473470602,0.368876037639182,0.0667969785299918,0.094678151338337,-0.036658920120852,-0.0123882079296571,0.00600073125898505
-0.96809016236255,0.402353784267536,0.0667602803312944,0.0836032077202316,-0.0367235842702555,-0.0114162121132174,0.00584270142213279
-0.97062654750165,0.432884207455721,0.0669078855538258,0.0717116631778987,-0.0366082852697042,-0.0104110329717298,0.00553799984293574
-0.971872959127014,0.4605323151909,0.0671953674349651,0.0589727966023455,-0.0363287406340739,-0.00937072344874,0.00509696063184507
-0.971405321634282,0.485436403071531,0.0675790393372137,0.0454520994186151,-0.0359055530572275,-0.00829558643087355,0.00453339824948338
-0.968843871481734,0.507769303539806,0.068020769841857,0.0312947678021687,-0.03536168711987,-0.00718825864306312,0.00386381828715298
-0.963872481564466,0.52770575983443,0.0684911786872164,0.0166984395226077,-0.0347202378743116,-0.00605338932646152,0.00310661353611334
-0.956245503947426,0.54540042258845,0.06897104014602,0.00188295646196857,-0.0340028286988993,-0.00489707195057838,0.00228134873615582
-0.945784355545433,0.560977512887026,0.0694510957992405,-0.0129360599769803,-0.0332287745048184,-0.00372621837276787,0.00140820318885728
-0.932367254298696,0.574530654027025,0.0699307004618859,-0.0275655059511474,-0.0324149704251704,-0.00254803321922158,0.00050759572472548
-0.915915595900814,0.586130102340934,0.0704157767732668,-0.0418434846197587,-0.0315763458189331,-0.00136967357042115,-0.000400026534139384
-0.896380064178752,0.595834476759438,0.070916496528528,-0.0556392747804216,-0.0307266678923123,-0.000198097427139581,-0.00129428622726634
-0.873728962086965,0.603704481861148,0.0714449968140206,-0.0688470110209891,-0.0298794655250392,0.000959961399672145,-0.00215492981854653
-0.84794072560566,0.609816571698601,0.072013339559387,-0.081376242274966,-0.0290488540245009,0.00209798885304581,-0.00296191270469246
-0.819001922244162,0.614274616966938,0.072631852924666,-0.0931426177944047,-0.0282500576315903,0.00320975234135008,-0.0036955854009678
-0.786911272599124,0.61721756509584,0.0733079737587293,-0.104061545395395,-0.0274994583919714,0.00428948977956671,-0.00433703575315742
-0.751689004322349,0.618820969300626,0.0740457077493728,-0.114046845540227,-0.0268140537189569,0.00533222915404802,-0.0048686162939119
-0.713389402037125,0.619290650712635,0.0748458179300049,-0.123015240056719,-0.026210302030073,0.00633417607454537,-0.00527464902288832
-0.672113045002931,0.61884794830094,0.0757067975242732,-0.130896059318472,-0.0257024757904414,0.00729305491624173,-0.00554225434176764
-0.62801456256496,0.617708045222808,0.0766265572577133,-0.137644065665731,-0.0253008013611931,0.00820827306271155,-0.00566220413752888
-0.58130233724466,0.616055231722555,0.0776045716437428,-0.143252161621191,-0.0250097918037376,0.009080810292438,-0.00562966423545376
-0.532228594231334,0.614020725493985,0.0786440455413867,-0.147760416085948,-0.0248272067389178,0.00991281052668447,-0.00544468458163199
-0.481071212181606,0.61166882933222,0.0797535749056569,-0.151258577711566,-0.0247439598434174,0.0107069436000377,-0.00511232814913998
-0.4281112858808,0.60899531664896,0.0809478540319137,-0.153880951231786,-0.0247450549560759,0.0114656717843926,-0.00464239994293502
-0.373611869789387,0.605938534761967,0.0822472196082004,-0.155794654633918,-0.024811348299841,0.0121905703434574,-0.00404882645763155
-0.317802918909265,0.602400136521366,0.0836761226499793,-0.15718407200966,-0.024921719035036,0.0128818113193269,-0.00334881260069614
-0.260875577608066,0.598270031764447,0.0852608515514467,-0.158235126492103,-0.0250551652508953,0.0135378518051993,-0.0025619398252946
-0.202986513315317,0.593449738505095,0.0870268930862509,-0.159122601560084,-0.0251924323656283,0.0141553085441881,-0.00170935516635373
-0.14427092703063,0.587869641983085,0.0889962289418885,-0.160002460845691,-0.0253169694093823,0.0147289779103881,-0.000813147738936509
-0.084861571842413,0.581497762054099,0.0911846958864778,-0.161009499789839,-0.0254152087451176,0.0152519757274604,0.000104060488033049
-0.0249105346394707,0.574339666185515,0.0935994089688842,-0.162259254555823,-0.025476317651526,0.0157160095669516,0.00101934653973355
0.0353897042682695,0.56643062183378,0.0962362352405687,-0.163852180726224,-0.025491651674416,0.0161118310428229,0.00190962319065211
0.0957895949977756,0.557821990867982,0.0990774419236038,-0.165877776850895,-0.0254541587212443,0.0164299253570871,0.00275178676704078
0.155973993824764,0.548564451970441,0.102089887709183,-0.1684165061188,-0.025357954755655,0.0166614652010053,0.00352298591429061
0.215565233479545,0.538691130710742,0.10522438735314,-0.171538000696234,-0.0251982280209152,0.0167994842543478,0.00420110519689344
0.274139933158344,0.528204056405493,0.108417008718279,-0.175295049000388,-0.0249715304470031,0.0168401237429079,0.00476551859175096
0.331259042608341,0.517067263346323,0.111592904583481,-0.179714170891125,-0.0246763891828703,0.0167837052859377,0.00519810326419993
0.38650684527235,0.505208882452848,0.1146727433487,-0.184784934451681,-0.0243140405670685,0.0166353305507541,0.00548441782555509
0.439530886135525,0.492532539761365,0.11758095391361,-0.190451131108857,-0.0238889982584842,0.0164047489282497,0.00561486136519404
0.490072844271636,0.478935688291466,0.12025413727687,-0.196606997745783,-0.0234091689906551,0.0161053865158777,0.00558557569670814
0.537981789536965,0.464330154535133,0.122647557735795,-0.203100551239676,-0.022885348170461,0.0157526570269345,0.00539887026352584
0.583206171689716,0.448659360165285,0.124737949807785,-0.209744004116938,-0.0223301314071614,0.015361890752512,0.00506304897101088
0.625767463596104,0.431907935873717,0.126521935733195,-0.216328948382134,-0.0217564810362358,0.0149463243512221,0.00459166967977801
0.665723698537736,0.414102235021446,0.128010699106454,-0.222642515030437,-0.0211762957528201,0.014515544764709,0.00400240698157927
0.703133063685819,0.395303316184746,0.129222621075736,-0.228480685745964,-0.0205993076661007,0.0140746108221506,0.00331576031549622
0.738025916890143,0.375595940183748,0.13017594945146,-0.23365621568016,-0.0200325008850194,0.0136238730633222,0.00255383365319563
0.770389626188109,0.355077500635418,0.130883246674299,-0.238000551338193,-0.0194800830826023,0.0131593633442194,0.00173933542287187
0.800166502796849,0.333849822369203,0.131348634551158,-0.241360890845686,-0.01894391131121,0.0126735688831653,0.000894851872790252
0.827262213022764,0.312015121998751,0.131568066535813,-0.243594637664123,-0.0184242057397861,0.0121564274506767,4.23692201344416e-05
0.851560816693871,0.289675819057606,0.131532236063932,-0.244563852204974,-0.0179203751720585,0.0115964407110759,-0.000797025386270381
0.87294258152222,0.266936712246899,0.131231322206126,-0.244132046411015,-0.017431802532629,0.0109818587878469,-0.00160334879934718
0.8913014092211,0.243907483437549,0.130660550949605,-0.2421650144144,-0.0169584767621736,0.0103019153433757,-0.00235791013150355
0.906559548291773,0.220703541096531,0.129825451713438,-0.238536472573369,-0.0165013965506247,0.00954807999355703,-0.0030435391110318
0.918677935772978,0.197443763941976,0.128745691832979,-0.233138151273779,-0.0160627070755428,0.00871525070490317,-0.00364488284779844
0.927661165789701,0.174244682828005,0.12745654301761,-0.225892800664856,-0.0156455693874424,0.00780275537667042,-0.00414876740792198
0.933556657514773,0.151211774699178,0.126007397363763,-0.216767506995986,-0.0152538012732873,0.00681499357648755,-0.00454458972034221
0.936448316543495,0.128429593283127,0.124457328892964,-0.205784127929242,-0.0148913678765254,0.00576155414696932,-0.00482468165693813
0.936445823286708,0.105953091236061,0.122868390083515,-0.193023855294195,-0.0145618307772407,0.00465670592496977,-0.00498457838749171
0.933671399399622,0.08380243616951,0.121297936112932,-0.178624002770698,-0.014267873232285,0.00351826926625277,-0.00502313129815155
0.928246397680717,0.0619628775016454,0.119791580606542,-0.162766909601628,-0.0140110018863731,0.00236600641154773,-0.00494243165328575
0.920279997935827,0.0403899783022308,0.118378248106107,-0.14566277113405,-0.0137914810845732,0.00121977467581883,-0.00474754707086995
0.909861603989321,0.0190192079493658,0.117068223967602,-0.127529603454756,-0.0136084967889317,9.77317127359524e-05,-0.00444610742201747
0.897057722492628,-0.00222204852662163,0.115854344459136,-0.10857403801503,-0.0134604955839796,-0.000985145311172442,-0.00404780161636708
0.881912886734744,-0.023402375811568,0.114715706760377,-0.0889760528387548,-0.0133456070585567,-0.00201805214493793,-0.00356385360481247
0.864453605381022,-0.0445761526219969,0.113622822629026,-0.0688795444074564,-0.0132620529565816,-0.00299479803412478,-0.00300653989377964
0.844693890347786,-0.0657767169338515,0.112542996829638,-0.0483892040869574,-0.0132084609669456,-0.00391373213681256,-0.00238879362149592
0.82264112360316,-0.0870135070041855,0.111444901334672,-0.0275730034728995,-0.0131840321681128,-0.00477725980917479,-0.0017239202930081
0.798301344833781,-0.108273157330594,0.110301667457404,-0.00646888894741754,-0.0131885422607794,-0.00559107745655882,-0.0010254302525664
0.77168357920907,-0.129524084655068,0.109092232377439,0.0149059146101254,-0.0132221842783376,-0.0063632446572765,-0.00030697656680272
0.742803176443536,-0.150723844918559,0.107801024281955,0.0365444518316979,-0.0132852780754626,-0.00710318151026793,0.000417626099817575
0.711684466697289,-0.1718284024088,0.106416341439333,0.0584395891967661,-0.0133778851380078,-0.00782064434799325,0.00113433521887537
0.678363112051866,-0.192802309846676,0.104927945187193,0.0805744303733798,-0.0134993763902467,-0.00852470638497927,0.00182880691796536
0.642888631691743,-0.21362862671935,0.103324501555779,0.102914274197884,-0.0136480133207037,-0.00922276226528074,0.00248635966641043
0.605327399819008,-0.234317172442058,0.101591538396705,0.125400761968832,-0.0138206137769381,-0.00991958828045579,0.00309202178082262
0.565766141612328,-0.254909531173124,0.0997105457316339,0.147948908449593,-0.0140123816748475,-0.0106165215600954,0.00363070789602073
0.524315529775503,-0.275479247397697,0.0976596905661935,0.170447708589595,-0.0142169749497127,-0.0113108610323467,0.00408756106270879
0.481113078225899,-0.29612609423312,0.0954163225013795,0.192764808557608,-0.014426860799267,-0.0119956238307841,0.00444847780783662
0.436324196255253,-0.316964260153509,0.0929610019320953,0.214755190241945,-0.014633954809343,-0.0126597893943679,0.00470080051473175
0.390140365541865,-0.338105790295973,0.0902822982103924,0.2362729886545,-0.0148304711061445,-0.0132891135679271,0.00483411860252242
0.342773851563956,-0.359642202909094,0.0873812101616209,0.25718460882677,-0.0150098399962173,-0.0138674896819046,0.00484107701923267
0.294449234008988,-0.381628306548492,0.0842739699612847,0.277380623832906,-0.0151675102135649,-0.0143786968252109,0.00471806518237932
0.245393040969617,-0.404072244605881,0.0809923190201631,0.296783897975966,-0.0153014699742946,-0.0148082539922254,0.00446566774218077
0.195823484159721,-0.426934416674008,0.0775810289381968,0.315352130866314,-0.0154123975253974,-0.0151450445103734,0.00408880448393168
0.14594247266362,-0.450135600892601,0.0740932541541299,0.333074392420702,-0.015503465287356,-0.015382420608749,0.00359655800849267
0.0959315894401447,-0.473572130962696,0.0705849064640087,0.349962661764171,-0.0155799246115853,-0.0155186273837586,0.00300175731846126
0.045952822177413,-0.497134334562871,0.0671094206271488,0.366040388981509,-0.0156486524502449,-0.0155565495156274,0.00232042801329218
-0.00384614403605468,-0.520724043992511,0.0637139969800676,0.381330333504035,-0.0157178281556401,-0.0155029193990343,0.00157122239488443
-0.0533230229428038,-0.544267798674505,0.0604378333838215,0.395843515492308,-0.0157968422081092,-0.0153671941517291,0.000774910868442913
-0.102329836231102,-0.567723864170294,0.0573122240735522,0.409570382410149,-0.0158964460068309,-0.0151603065747409,-4.60350301468491e-05
-0.150701339646257,-0.591082818635842,0.0543618982522977,0.422474617259843,-0.0160290592928182,-0.0148934454691251,-0.000867790911437776
-0.198244882435739,-0.614362899032623,0.0516067109966056,0.434489697765761,-0.0162090786308409,-0.0145769612212311,-0.0016655247331959
-0.244733785973016,-0.637602342671971,0.0490628059495893,0.445518349606448,-0.0164529834156122,-0.0142194511554455,-0.00241382939531547
-0.289906263075762,-0.660851575757803,0.0467426359198669,0.455435277328211,-0.016779022975039,-0.013827071223635,-0.0030873347153082
-0.333471250810535,-0.684168113070643,0.0446537025397815,0.464093673479046,-0.0172062975758275,-0.0134031399527121,-0.00366156455841701
-0.375121025198872,-0.707616248565963,0.0427964636391286,0.471335747070887,-0.0177531289671644,-0.0129481255654195,-0.00411405000696626
-0.414548164049298,-0.731271660167172,0.04116236932598,0.477006666542586,-0.0184347502028047,-0.0124601011487445,-0.00442563343661167
-0.451462109769317,-0.755228119008751,0.0397332081016237,0.480970164753612,-0.0192605164956068,-0.0119356905164385,-0.00458182218982164
-0.485599524964213,-0.779600216251031,0.0384826844157985,0.483123046293469,-0.0202310109932216,-0.0113714047590493,-0.00457400302712486
-0.516724094795086,-0.804513973629428,0.0373804143004352,0.483405614651738,-0.0213355529104174,-0.0107651250610572,-0.00440033277313276
-0.544615629179875,-0.830078168749924,0.0363975580348807,0.481805844615565,-0.0225506773514005,-0.0101173856314763,-0.00406617614492283
-0.569053896436054,-0.856334409466113,0.0355125213225748,0.478356700437499,-0.0238401237026325,-0.0094321124032045,-0.00358404231628201
-0.589806872728219,-0.883192859029319,0.0347149292132409,0.473127650746288,-0.0251567112398078,-0.00871659712757171,-0.00297304157879746
-0.60663328667735,-0.910370128495938,0.0340065694049583,0.46621258308665,-0.0264461593553572,-0.00798069662297873,-0.00225792304336527
-0.619304362013196,-0.937351411642609,0.0333990592368217,0.457716822282887,-0.0276524299195584,-0.00723546663634125,-0.00146777079084367
-0.627641182695704,-0.963395896107159,0.0329091859692754,0.447745959451196,-0.0287236502040355,-0.00649158560278682,-0.000634449801029518
-0.631556330445256,-0.987591915643035,0.0325536677214579,0.436398819264117,-0.0296173605394985,-0.00575794306819219,0.000209084427564316
-0.63108578196999,-1.00895083880346,0.032345092526473,0.423765958658435,-0.0303039536648293,-0.00504066324601493,0.00103047699684627
-0.626401112673636,-1.02651485330678,0.0322900186496057,0.409933481935496,-0.0307677561952439,-0.00434266496119944,0.00179952854243211
-0.617800249249803,-1.03945066205698,0.032389094860252,0.394990020183779,-0.0310059856710054,-0.00366370706269662,0.00248950558639093
-0.605682389432495,-1.04710935531143,0.0326381952621781,0.379033272946378,-0.0310264067331383,-0.00300079009039338,0.00307814591966859
-0.590515720156459,-1.04904691935024,0.0330293751808108,0.362172444913256,-0.030844655296851,-0.00234878484905747,0.003548343648516
-0.57280503236395,-1.04501246046205,0.0335509309108905,0.344524439259035,-0.0304819239262105,-0.00170119620776191,0.00388852320109729
-0.553062780056677,-1.03491760415023,0.0341866261271641,0.326204208590646,-0.0299632429519809,-0.00105099913318581,0.00409271510348324
-0.531784296796711,-1.01880032949307,0.0349147748304192,0.307312088506031,-0.0293162147386462,-0.000391481960611477,0.00416034289196332
-0.509426934860093,-0.996792236032329,0.0357080449391893,0.287922177980366,-0.0285699078647402,0.000282989371080571,0.0040957369097562
-0.486393397585508,-0.969093133721185,0.0365345492394655,0.268075449874342,-0.0277536884645223,0.000976383863853341,0.00390741423561359
-0.463020227306881,-0.935952884102664,0.0373602302839534,0.247779531112819,-0.0268959450396663,0.00169067254818696,0.00360719661099214
-0.439572487685326,-0.897658486743532,0.0381520261203819,0.227014882033338,-0.0260228297218753,0.00242577637448562,0.00320926449016553
-0.416244924553516,-0.854524033352452,0.0388810388137261,0.205745294203423,-0.0251572112275818,0.0031797586411665,0.00272925099703228
-0.393168842213014,-0.80688181420373,0.0395249794299618,0.183929830083895,-0.0243180087170209,0.00394917782599574,0.00218346218551525
-0.370423071056722,-0.755073725165702,0.0400694350824988,0.161533533959491,-0.0235199862514957,0.00472949977894926,0.00158827621444054
-0.34804708468014,-0.699442852232139,0.0405078470366271,0.138535121125577,-0.0227739882383528,0.00551548276971573,0.000959736192395241
-0.326054560924833,-0.640325602346897,0.0408403801120768,0.114930941367451,-0.0220875246114735,0.00630148390561288,0.000313319754104799
-0.304446182264433,-0.578044876180471,0.0410720359129486,0.090735416440818,-0.0214655781070235,0.0070816754989647,-0.000336152698733135
-0.28322107877489,-0.512904838952049,0.041210427028038,0.0659787547347244,-0.0209115045000808,0.00785019392048762,-0.000974519205821169
-0.262386675989696,-0.44518757296109,0.0412636000201058,0.0407029748178198,-0.0204279052937308,0.00860126228398216,-0.00158823724346158
-0.241966972833754,-0.375151831062547,0.0412382342261597,0.0149573156449072,-0.0200173734024804,0.00932933286318899,-0.00216435119001963
-0.222009219573645,-0.303033817864776,0.0411384462524205,-0.0112060151009508,-0.0196830238676802,0.0100292823304944,-0.0026905056152664
-0.202588978952608,-0.229050028886181,0.0409653465444889,-0.0377349261625074,-0.019428745760527,0.0106966725337631,-0.00315503347542024
-0.183813480286742,-0.153402134058679,0.0407173919631246,-0.06457873823425,-0.0192591367468404,0.0113280623297605,-0.00354713558953519
-0.16582320530061,-0.07628382734086,0.0403914665815777,-0.0916873462447262,-0.0191791208648765,0.0119213306882158,-0.00385715258691272
-0.148791786926953,0.00211068275405323,0.0399845014573718,-0.119008305909258,-0.0191933012222148,0.0124759545563508,-0.00407691350466116
-0.132924456711285,0.0815773730989665,0.039495309497086,-0.146482371402983,-0.0193051442273978,0.0129931766225292,-0.00420012582055531
-0.118455557454405,0.161893457508091,0.0389262294347872,-0.17403843033292,-0.0195161283940842,0.0134760078699113,-0.00422275489159255
-0.105645899734362,0.24280998360719,0.0382841868935344,-0.20158904516295,-0.0198249993915612,0.0139290377460699,-0.00414333247071814
-0.0947807770985251,0.324046780423238,0.0375809086913206,-0.229027786981246,-0.0202272368187258,0.0143580620515254,-0.00396313840755242
-0.0861691555534601,0.405289791290394,0.0368322680870595,-0.256229254405023,-0.0207147664586266,0.014769578360357,-0.0036862198192961
-0.0801437475929783,0.486189930205807,0.0360570082513351,-0.283052143049481,-0.0212758558678784,0.0151702216730296,-0.0033192416572386
-0.0770604227228194,0.566361873215012,0.0352752986641333,-0.309345121149108,-0.0218950469841448,0.0155662103046108,-0.00287119310916099
-0.0772938685192442,0.645381037777357,0.0345076471248071,-0.334954767327364,-0.0225529463966608,0.0159628446287116,-0.00235299719121421
-0.081224858787387,0.722777594563023,0.033774574158597,-0.359734470696032,-0.0232257352577614,0.0163640540593061,-0.00177708075828277
-0.0892133982824893,0.798027898223147,0.0330971862616997,-0.383553011445792,-0.0238843963511607,0.0167719395045678,-0.00115696228722959
-0.101552144699457,0.870546112543365,0.0324984110877124,-0.406301383338945,-0.0244938796314415,0.0171862258670871,-0.000506910764102854
-0.118397040014778,0.939681654076199,0.0320042639475921,-0.427896194231676,-0.0250127112266031,0.0176035441445624,0.000158274320324603
-0.139678407996058,1.00473054410764,0.0316442181054877,-0.448277828461766,-0.0253938199033657,0.01801653248619,0.000823317903789671
-0.165006439717634,1.06496882918813,0.0314497029119769,-0.467401749885738,-0.0255874462970712,0.0184128925904885,0.00147234014788503
-0.193597916812903,1.11971185698155,0.0314501540782299,-0.485222581077387,-0.0255467002667685,0.0187747506193157,0.00208858865301748
-0.224259680600025,1.16839307499527,0.0316669681949322,-0.501673201446547,-0.0252354668976528,0.0190788577486804,0.00265418875692961
-0.255459122416571,1.21064299429882,0.0321069369462762,-0.51664454645917,-0.0246370588194391,0.0192981617415539,0.00315018640869181
-0.28548678700897,1.24634063034891,0.0327575849753126,-0.52997409701924,-0.0237608718593693,0.0194049296689628,0.00355718816879298
-0.312677864790138,1.27561469210236,0.0335865345399092,-0.541449822479969,-0.0226442138949618,0.0193749309854796,0.00385674964829334
-0.335629136039522,1.2987912348979,0.0345454202436219,-0.550830928074919,-0.02134793483385,0.0191915256766831,0.00403333757592768
-0.35334735244628,1.31630745719838,0.0355768781633678,-0.557879583772092,-0.0199469114546999,0.0188483049125668,0.00407635998379451
-0.365296350236241,1.32862288300441,0.0366221025347561,-0.562393303950911,-0.0185184194860171,0.0183494224590453,0.00398164789890226
-0.371352561202322,1.33615311820988,0.037626978051857,-0.564228374623944,-0.0171318109354668,0.0177076649012344,0.0037519659161969
-0.371706653032483,1.33923545885996,0.0385461798748787,-0.563309715188138,-0.0158417521924584,0.0169410994060849,0.00339650014274625
-0.366752643210757,1.33812173603392,0.0393457213870058,-0.559628270487096,-0.0146855495895351,0.0160694256184531,0.00292959704628842
-0.356992520842482,1.33298814068274,0.0400046499122377,-0.553230583669305,-0.0136837813542864,0.0151109484130746,0.00236916533153105
-0.342967437659841,1.32395276052949,0.0405161844873455,-0.544205787077787,-0.0128429373190283,0.0140806394088136,0.00173510897039453
-0.325214534940891,1.31109511837707,0.0408881167421634,-0.532673911638334,-0.0121588688146707,0.0129893379650174,0.00104802281486967
-0.304243099490233,1.29447484072589,0.0411420912999059,-0.5187773701108,-0.011620219417834,0.0118438854825366,0.000328240244708429
-0.28052305608987,1.27414818594427,0.0413114760678463,-0.502675755798785,-0.0112113870041477,0.0106478973150403,-0.000404778468045771
-0.254480243147139,1.25018183003754,0.0414377811130523,-0.484543037073226,-0.0109148462872822,0.00940289456298733,-0.00113278170727348
-0.226494786338368,1.22266343621151,0.0415658466820056,-0.464565738565786,-0.0107128254281373,0.00810957809329372,-0.00183886880841704
-0.196900529001902,1.19170866056206,0.0417382417706658,-0.44294071791862,-0.0105884104044222,0.00676908834110316,-0.00250751956696927
-0.165984692069746,1.15746431586537,0.0419894841685207,-0.419871447187154,-0.0105261782821614,0.00538413551608249,-0.00312457922917621
-0.133987789767644,1.12010757958217,0.0423408199021746,-0.395562225323191,-0.0105124622138302,0.00395990528909275,-0.00367725079311375
-0.101104364788169,1.07984136582988,0.0427963647906066,-0.370210378742382,-0.0105353432559458,0.00250465332577149,-0.00415412834101563
-0.0674853585105701,1.03688638162524,0.0433413697397006,-0.343997192134942,-0.0105844569290308,0.00102991186037115,-0.00454528673142164
-0.033242863451715,0.991470775026413,0.0439431652403406,-0.317078874308503,-0.0106506977405315,-0.000449745521970093,-0.00484242493954064
0.00154233869822292,0.943818803017824,0.0445549538365941,-0.289579244565834,-0.0107259032380162,-0.0019173902589721,-0.00503904453658138
0.0368106389105746,0.894140209463491,0.0451220833735302,-0.261585797580764,-0.0108025938197221,-0.00335482257634558,-0.00513063244330694
0.0725117103396587,0.842622091040738,0.0455898743971587,-0.233150384195045,-0.0108738325652981,-0.00474392812756003,-0.00511481114304871
0.108592274200767,0.789424636325022,0.0459116513952547,-0.204294910902864,-0.0109332458398651,-0.0060681246166459,-0.00499142113272772
0.144985186573528,0.734681445579516,0.0460555040169729,-0.175021457069309,-0.0109752135043026,-0.00731368964293777,-0.0047625108280658
0.18160136202592,0.678504210935499,0.0460085499563602,-0.145325271433243,-0.010995201922325,-0.00847078016659238,-0.00443222622382234
0.218325527400572,0.62099070340875,0.0457780368898791,-0.115208535938245,-0.0109901831106326,-0.00953401628457476,-0.00400661285398919
0.255016056632784,0.562234393509955,0.0453893313021072,-0.0846926936313997,-0.0109590650906433,-0.010502589540259,-0.00349336004221141
0.291508408478262,0.502333870806911,0.0448814903198143,-0.0538275373024181,-0.0109030563996194,-0.011379943519567,-0.0029015283031832
0.327621199319953,0.441400496604293,0.0443014992318212,-0.0226959638062179,-0.0108258974091652,-0.012173137810989,-0.00224130171774944
0.363163671551917,0.379563033917323,0.0436983921725275,0.00858598941610174,-0.0107339107994442,-0.0128920309684348,-0.00152380163088719
0.397943530620522,0.316968863399595,0.0431182249429138,0.0398735275731553,-0.0106358390360368,-0.0135484071203679,-0.000760983851191258
0.431774361434565,0.253781729702766,0.042600579484596,0.0710012972791624,-0.0105424546004955,-0.0141551313866838,3.43710707362106e-05
0.464482213669205,0.190176476062002,0.0421768582437468,0.101794615444139,-0.0104659372513578,-0.0147253677182432,0.000848580548137832
0.495911316766189,0.126331491253093,0.0418702832455963,0.132082934961743,-0.0104190233271199,-0.0152718442358613,0.0016669149882193
0.525928831635652,0.0624199869725739,0.0416972556696029,0.161714526290548,-0.010413947558465,-0.0158061158164185,0.00247342063544556
0.554428628149485,-0.00139858289411344,0.0416695486278019,0.190571097804257,-0.0104612284931093,-0.0163377613535837,0.00325076112249746
0.58133370599889,-0.0649851567995208,0.0417967144482358,0.218580376648885,-0.0105684006156171,-0.0168734741024331,0.00398014963954247
0.606596538203433,-0.12822364274821,0.0420880399306074,0.245723903457553,-0.0107388650159177,-0.0174160585305328,0.00464146384076467
0.630196518514176,-0.191017251893366,0.0425534312227739,0.272036772791239,-0.010971104779822,-0.0179634428844962,0.00521364902158014
0.652133902785363,-0.253277064654362,0.0432027778122995,0.297596358369904,-0.0112585499013973,-0.0185079285259718,0.00567550465442684
0.672420230653778,-0.314902905909119,0.0440436827701576,0.3224987502553,-0.0115903278104535,-0.0190359810160054,0.0060068936250833
0.691066575307416,-0.375759123131265,0.0450779741757897,0.346825039168373,-0.01195296603345,-0.019528872737457,0.00619030536077485
0.708072131472912,-0.43565044867048,0.0462979495982304,0.370603704457304,-0.0123328237109555,-0.0199643390029529,0.00621255901059061
0.72341651603629,-0.494304504357195,0.0476836226222928,0.393778554121475,-0.0127187263194152,-0.0203191270452585,0.00606631419475391
0.737058693487827,-0.551366323329821,0.0492020506935121,0.416191630965044,-0.0131041158146023,-0.0205719852907551,0.0057510376537491
0.748943803491829,-0.606406501020373,0.050809117090251,0.437586494328247,-0.0134881364114496,-0.0207064306953297,0.00527319602001511
0.75901683717217,-0.658939722242601,0.0524532170848424,0.457630733711255,-0.0138754326902119,-0.0207126696816847,0.0046456658293027
0.767240156883157,-0.708446823754291,0.0540796467008421,0.475950665006092,-0.0142748661303177,-0.0205883284370624,0.00388656707597517
0.773610956052906,-0.754392858181198,0.0556344360337559,0.492168635086939,-0.0146976391185279,-0.0203380248970274,0.00301783745996231
0.778174905704308,-0.79623583937145,0.0570668770250209,0.505934847147141,-0.0151553377408504,-0.0199721075321374,0.00206384317292333
0.781032774593742,-0.833424694009706,0.0583307536547889,0.516949613766202,-0.0156582076231089,-0.0195049904662084,0.00105021334604807
0.78233714183697,-0.865389089521578,0.059384937660831,0.524976275746637,-0.0162137013977824,-0.0189534419894518,2.96133248534739e-06
0.782276190677536,-0.891527430344275,0.0601943266169785,0.529848027408715,-0.01682512645412,-0.0183350150230918,-0.00105213061741089
0.781041635282868,-0.911202310343415,0.0607319968173283,0.531473012343475,-0.0174901808176696,-0.0176666423489046,-0.00208991797906081
0.778779100446097,-0.92375457765446,0.0609829273418351,0.529841245765198,-0.0181993361083328,-0.0169633235852272,-0.00308613458716821
0.775523132430674,-0.928546772825572,0.0609488297059867,0.525034494483965,-0.0189343872941153,-0.0162368412104444,-0.00401748415467674
0.771126138727123,-0.925042182786779,0.0606527257330291,0.517236748342208,-0.019667908004975,-0.0154945565298974,-0.0048615992659277
0.765199269447834,-0.912915489435523,0.060141325534695,0.506739292107449,-0.0203645532541278,-0.014738499168578,-0.00559694139682412
0.75708924633395,-0.892176467821453,0.0594833979474481,0.493932572750704,-0.0209848279144475,-0.0139650834352912,-0.00620282211352791
0.745912267925972,-0.863274854428367,0.0587633575456498,0.479278972451338,-0.0214909992300101,-0.0131657512007782,-0.00665980629846131
0.730651517694106,-0.827150685638707,0.0580709029541136,0.463266948017532,-0.0218536828919792,-0.0123286127966821,-0.00695070054535307
0.71030266491232,-0.785204993360825,0.0574889890910367,0.44635537009449,-0.0220570356830339,-0.0114408115822191,-0.0070620858959457
0.684032682793669,-0.739187745937807,0.0570830249236989,0.428922640353333,-0.0221009544254349,-0.0104910506487692,-0.00698603158261048
0.651311271235272,-0.69102377075551,0.0568937762953272,0.411234541181026,-0.0219999475828774,-0.009471649054019,-0.00672143719506755
0.611983566535255,-0.64261339350272,0.0569353209041137,0.393437926800087,-0.0217795755903958,-0.00837966827546803,-0.0062745325669426
0.566272212343058,-0.59564822794691,0.0571980315170037,0.375578299550665,-0.0214718843968774,-0.0072169677353678,-0.00565836623025343
0.5147176254585,-0.55147495895397,0.0576553788615576,0.357632748822268,-0.0211110518931016,-0.00598936838447292,-0.00489145560396518
0.458079797040397,-0.511024874412448,0.0582726156001867,0.339547768801446,-0.0207299224245788,-0.00470531316073687,-0.00399599188728946
0.397229704841821,-0.474809814023382,0.0590152671630471,0.321273437279668,-0.0203576109810934,-0.00337447194545532,-0.00299603563785798
0.333053996900081,-0.442971380939889,0.0598557498794868,0.302789071639572,-0.0200180646141682,-0.00200666181397493,-0.0019160430301208
0.26638693581807,-0.415363196864178,0.0607771345820914,0.284118798200035,-0.019729345792202,-0.000611293996742204,-0.000779904591812129
0.197973413841733,-0.391646063854829,0.0617737972439393,0.265337520193734,-0.0195033793642355,0.000802620663426599,0.000389473957410382
0.128459373825185,-0.371380710983884,0.0628492389483329,0.246568429174518,-0.0193459318960382,0.00222602908204543,0.00157012816319949
0.0584022459867151,-0.354109101651672,0.0640116752714261,0.227972981267864,-0.0192566544489637,0.00364918029462457,0.0027406652454059
-0.0117067703237563,-0.339420393966258,0.0652681621264509,0.209733767865126,-0.0192291098860527,0.00506103068987883,0.00387972187587628
-0.0814159603183372,-0.327000395160644,0.0666181616929017,0.192030580598288,-0.0192508184533874,0.00644898418279156,0.004965396669725
-0.150288033865577,-0.316663767007995,0.0680476264730794,0.175010654119884,-0.0193034777701338,0.00779919195484537,0.00597479237137056
-0.2178816963594,-0.308367207275312,0.0695248732833715,0.158755817959288,-0.0193636246221315,0.00909753169216817,0.00688379556885489
-0.283743531863734,-0.302200562871975,0.0709995970761432,0.1432519138183,-0.019404065339617,0.0103312227319466,0.00766722353250138
-0.347412188914385,-0.298352739926993,0.0724061353406951,0.128368585251086,-0.0193963528332693,0.0114908238333491,0.00829946993356131
-0.408434515018557,-0.297051800646095,0.0736713551121763,0.113858971280084,-0.0193143766010463,0.0125721485558466,0.00875575889588714
-0.46639043080004,-0.298484636695883,0.074726240415557,0.0993869515533058,-0.0191387374446311,0.013577496939034,0.00901402822633691
-0.520920562133599,-0.30271044349387,0.0755186693854778,0.0845829571048218,-0.0188610825727849,0.0145156395085394,0.00905727430186588
-0.571748858142351,-0.309590431969039,0.076023642727248,0.0691187338206478,-0.0184871922184103,0.0154002715270185,0.00887592836034857
-0.61869264908769,-0.318757909193103,0.0762472547039846,0.052781111534459,-0.018037628492773,0.0162471524222016,0.00846962640338367
-0.661655376743554,-0.329643157738144,0.0762224965415751,0.0355212343411347,-0.0175453521076645,0.017070664364653,0.00784776704310396
-0.700602318979642,-0.341548282260888,0.0759980539228921,0.0174629420908682,-0.0170507275040997,0.0178807770446479,0.00702861151091946
-0.735525111353011,-0.353747971243262,0.0756240137942928,-0.00113076979377164,-0.0165952638759894,0.0186811978563136,0.00603721315773088
-0.76640445372751,-0.365584174974819,0.0751393016230136,-0.0199195674695587,-0.0162157730268344,0.0194689219857303,0.00490286300697227
-0.793180592798659,-0.376529533835953,0.0745644138322434,-0.0385557158700276,-0.0159402404302632,0.0202348159352104,0.00365678966806994
-0.815738665674255,-0.386209916558437,0.073900655910785,-0.0567449153729241,-0.0157859310341816,0.0209645903390429,0.00233059942943087
-0.833912440889497,-0.394391027756231,0.0731350122814661,-0.0742887104583301,-0.015759542290161,0.0216396172676064,0.000955589547524104
-0.847506938242025,-0.400941924381835,0.0722486861208729,-0.0911064348257775,-0.0158588401389174,0.0222373851298594,-0.000437207455206618
-0.85633798500644,-0.405789209680897,0.0712271303098639,-0.107238341638749,-0.0160751570140834,0.0227317618021509,-0.00181653413352788
-0.860284093215677,-0.408872610784186,0.0700695325753084,-0.122831690892043,-0.0163962309296473,0.0230935144453516,-0.003150304118004
-0.859342439311813,-0.410108849367233,0.0687958415685851,-0.138110078115394,-0.0168089635839007,0.0232916507122207,-0.0044052126236356
-0.853676099152652,-0.409367849212905,0.0674494787400415,-0.153325746794257,-0.0173016947106354,0.0232960561943599,-0.00554686711398085
-0.843635675449856,-0.406463440500064,0.0660941901882081,-0.168697211331682,-0.0178655598574528,0.0230815647841354,-0.00654068905075087
-0.829738363515581,-0.401158734129671,0.0648045060996242,-0.184340908095543,-0.0184945317807156,0.0226330044993196,-0.00735371445055802
-0.812595390680081,-0.393183240099708,0.0636512125997326,-0.200213717584808,-0.0191839751036481,0.0219500396210634,-0.00795719466742827
-0.792796462472925,-0.382255050469607,0.0626856528676362,-0.216087929014467,-0.0199280175028465,0.0210501212893392,-0.00832958968871184
-0.770782226307049,-0.368099147641871,0.0619282614335121,-0.231575548624263,-0.0207166005281483,0.019967997916667,-0.00845926682316372
-0.746750525367829,-0.350454857033374,0.0613660378983257,-0.24620299857391,-0.0215333836447412,0.018751237338545,-0.00834614335213915
-0.720636564773831,-0.329071986978265,0.0609603337290657,-0.259516515602498,-0.0223554409874218,0.0174527271164561,-0.00800175340183233
-0.692179518984906,-0.303702867792784,0.0606619234363804,-0.27118482514244,-0.0231549524967521,0.0161223279014819,-0.00744770047726217
-0.661052536246619,-0.274101138051766,0.0604274359269188,-0.281067504728161,-0.0239022616992691,0.014800040813349,-0.00671293547729612
-0.627009663859177,-0.240035192668975,0.0602314263003815,-0.289233126158701,-0.0245692251035505,0.0135121779825235,-0.00583054906352583
-0.590003012139417,-0.201316906552864,0.0600711197020939,-0.295930758984873,-0.0251318832994954,0.0122707190304413,-0.0048347337348631
-0.550242140300523,-0.157839345986087,0.0599641858157332,-0.301531726719362,-0.0255719454648553,0.0110750262792273,-0.0037583612294652
-0.508191960090991,-0.109614281861481,0.0599420743174027,-0.306461912668106,-0.0258770780527322,0.00991473027975446,-0.00263137763851902
-0.46452341467125,-0.0568017111170207,0.0600419059051396,-0.31114072199018,-0.0260403111106173,0.00877278640102933,-0.00148002466844556
-0.42003806458976,0.000272860441133969,0.0602991588138901,-0.315935659818196,-0.0260589825731368,0.00762813989933649,-0.000326771596652895
-0.375585462659625,0.0611144653946071,0.0607422506609835,-0.321135080728909,-0.0259335954754108,0.0064578571278202,0.000809219574043512
-0.331985723714411,0.125067781652892,0.0613892025625782,-0.326937563791431,-0.0256668406623602,0.00523885546525631,0.00191128903915096
-0.289963607133892,0.191339243107648,0.0622461276687669,-0.333454538309397,-0.0252628978264968,0.00394948173491865,0.00296431375936859
-0.250097060460332,0.259032624402976,0.0633072379699664,-0.340722339369629,-0.0247270029269276,0.002571184022352,0.00395373661717461
-0.212782630481266,0.327197928083109,0.0645562121679641,-0.348719907687905,-0.0240651891021526,0.00109043444178802,0.00486472406616344
-0.178220916650408,0.394890775527547,0.065968892341302,-0.357388283278051,-0.0232840943760361,-0.000499087212138534,0.00568157448885674
-0.14642528207059,0.461235323988836,0.0675172168354999,-0.36664784176141,-0.0223907942326373,-0.00219423456769464,0.00638749195741482
-0.117254751799024,0.525479699422473,0.0691739811388597,-0.376409268614994,-0.0213927324109246,-0.00398046785577951,0.00696482214681493
-0.0904672235813228,0.587031516899214,0.0709175393495098,-0.386575273919466,-0.0202979215411935,-0.00583085754077436,0.00739580239649824
-0.0657832014875684,0.645464141848268,0.0727351459243062,-0.397032439964391,-0.0191155692025702,-0.00770667825689049,0.00766379545829784
-0.0429459136311517,0.700491992912188,0.0746236138674053,-0.407636149541909,-0.0178571019338813,-0.00956007099371705,0.00775486240882362
-0.02176349675604,0.751922901700249,0.0765865476721097,-0.418195024923643,-0.0165372617031522,-0.0113387747744286,0.00765941334509765
-0.00212396040384685,0.799603135614141,0.0786285192053406,-0.428462899277485,-0.0151747079425153,-0.0129922586052782,0.00737360453924343
0.0160176335189742,0.843372400054492,0.0807477478542,-0.438144647409218,-0.0137915687131536,-0.0144779930983274,0.00690017695240795
0.032671529216966,0.883040975295523,0.0829295119929443,-0.446917387809897,-0.0124117153242666,-0.0157664102416925,0.00624856740961423
0.0478518051068243,0.918391753458101,0.0851422750694445,-0.454462662329257,-0.0110580462677587,-0.0168434625366978,0.00543432657757694
0.0616080054293772,0.949201004106456,0.0873374848028419,-0.460500982960171,-0.00974948938839893,-0.017710458038345,0.00447806200967018
0.074041373797113,0.97526702293766,0.0894527590379266,-0.464819386011132,-0.00849855419783418,-0.0183816459159274,0.0034042147276896
0.0853030861481987,0.996436203012776,0.0914173049678639,-0.467285083772725,-0.00731006814727933,-0.0188805117607723,0.00223995248098306
0.0955764970664653,1.0126198889802,0.093158235648867,-0.46784233627053,-0.00618136277493735,-0.019235791189875,0.00101435813450278
0.105047779621017,1.02379980881006,0.0946068183589953,-0.466493405491181,-0.00510382361705446,-0.0194779258475727,-0.000242036899629348
0.113870118607496,1.03002331618046,0.0957042741694003,-0.46326718863364,-0.00406549355273965,-0.0196362790139645,-0.00149743363074665
0.122127108018953,1.03139138965188,0.0964071405172216,-0.458180976049257,-0.00305432087062876,-0.0197370740136395,-0.00271879906782204
0.1298021351137,1.02804285348831,0.0966921659976746,-0.451202466568665,-0.00206160335584957,-0.0198018177245031,-0.00387194681939682
0.13676216464975,1.02013824334636,0.0965601930083703,-0.442220967182846,-0.00108512444901013,-0.0198459522857666,-0.00492190355509016
0.142765044317646,1.00784647920754,0.0960377310503436,-0.431037851858139,-0.00013138567801761,-0.0198776273904619,-0.00583382281577591
0.147496919578466,0.991336948610217,0.0951744400313128,-0.417384996926095,0.000783721282519031,-0.0198967539000511,-0.00657466269743676
0.150638663738107,0.970778332604856,0.0940351665266962,-0.400973906772274,0.00163633677166404,-0.0198947765979686,-0.00711566310360917
0.151948132253222,0.946343207415863,0.0926868696932219,-0.381567223469281,0.00239822429699446,-0.019855706882367,-0.00743531457022094
0.151333795376908,0.918215041068979,0.0911833265303663,-0.35905221539221,0.00304183456844113,-0.019758714094659,-0.0075221143234089
0.148892960934983,0.886592805708667,0.0895524559262575,-0.333490094068459,0.00354540389361631,-0.0195819789379612,-0.00737621091313991
0.14489925120902,0.851689765190248,0.0877908756653044,-0.30512198551887,0.0038964555847411,-0.0193068680864737,-0.00700928151890666
0.139744593545552,0.8137262522058,0.0858675391260987,-0.274329999174846,0.00409269292930699,-0.0189212290389233,-0.00644261613570786
0.13385859480115,0.77291970448147,0.0837346139340742,-0.241569954518338,0.00414038768920369,-0.0184209517217379,-0.00570404052468329
0.127632814851972,0.729476526621292,0.081341406295298,-0.207300330637051,0.00405129954582707,-0.017809669252704,-0.00482460799666043
0.121369162519671,0.683589208993991,0.0786471718553104,-0.171927597852024,0.00383944051616567,-0.0170971213043081,-0.00383583767697847
0.115258224745434,0.635439547023035,0.0756303552905663,-0.135776968458051,0.00351866725364502,-0.0162969672571947,-0.00276787843192383
0.109382683685019,0.585205760736333,0.0722936550047739,-0.099087118252278,0.00310150727510705,-0.0154247023523369,-0.0016485985483112
0.103736325892517,0.53306911740572,0.0686653603433175,-0.0620218277697246,0.0025991417174951,-0.0144959991859983,-0.000503390394659735
0.0982496386461633,0.479215996231623,0.0647976681301289,-0.0246911647012471,0.00202222109063262,-0.0135255007015612,0.000644553401967119
0.0928165439946582,0.423836856848002,0.0607629069357917,0.0128221458835454,0.00138216143184212,-0.0125260109344989,0.00177366518903897
0.0873210055619248,0.367130025563624,0.0566488393062488,0.0504333552830703,0.000692625579574522,-0.0115081106081683,0.00286326364834326
0.0816637494407221,0.309314889504452,0.0525535759895101,0.088027219119071,-2.91276656095196e-05,-0.0104801590816136,0.00389284792033596
0.0757879848321739,0.250646522662267,0.0485789567072131,0.125436468559335,-0.000761418282612417,-0.00944839493632436,0.0048416507766506
0.0697011779343476,0.191420482151576,0.0448210891706545,0.162431703971778,-0.00147821904058436,-0.00841683147458549,0.0056885798460089
0.0634896864743983,0.131963847472387,0.0413583801336228,0.198724465470924,-0.00215035629237445,-0.00738692538223691,0.00641256907699733
0.0573230022961185,0.0726152428454291,0.0382393448093884,0.233983924902304,-0.0027478459255885,-0.00635725312498296,0.00699331680963143
0.0514445882628071,0.0136987028540686,0.0354735410258862,0.267866102798676,-0.00324309212165001,-0.0053234938479542,0.00741234394431171
0.0461480584916227,-0.0445027998464545,0.0330289377167484,0.300051610333004,-0.00361437018378756,-0.00427894460220586,0.00765424081784756
0.0417409938342758,-0.101767851861774,0.0308376837120602,0.330284516831923,-0.00384879823140558,-0.00321561962231719,0.00770790612613412
0.0385029442116761,-0.157945587198784,0.028809808255315,0.358402900939536,-0.00394400819686097,-0.00212575960082501,0.00756754939738534
0.0366471623972175,-0.21295021039899,0.0268517267824102,0.384352491752839,-0.00390801009261165,-0.00100338385177475,0.0072332524207691
0.0362955121933592,-0.26674188553193,0.0248847614056672,0.408178930547927,-0.00375723017634653,0.000154545361157169,0.00671097147440404
0.0374722842794001,-0.319298453297587,0.0228590355803447,0.430000263426735,-0.00351320831003323,0.0013476641133871,0.00601199222855862
0.040116715788184,-0.370584615369691,0.0207599639802656,0.44996702743579,-0.00319876365917901,0.00257252011370071,0.00515198425985542
0.0441083898302901,-0.420525212527913,0.0186071299302201,0.468220217231552,-0.00283447125663231,0.00382344657898106,0.00414988848778143
0.0492966817594344,-0.468987458768665,0.0164474401092188,0.484856925373377,-0.00243607518300158,0.00509359819184977,0.00302688547501157
0.0555257492956978,-0.515774395332576,0.01434532243249,0.499910219280334,-0.00201313790260295,0.00637571953352771,0.00180563839897571
0.0626494129749212,-0.56062958005546,0.0123724070451855,0.513345831016194,-0.00156894674977765,0.00766233002673127,0.000509917709929762
0.0705340983793872,-0.60325177703691,0.010598120165629,0.52507502459143,-0.00110155673408938,0.00894520990918727,-0.000835371163666311
0.0790515596051999,-0.643318203845913,0.00908155540664455,0.53498116809651,-0.000605842450803099,0.0102142969826238,-0.00220380184819894
0.0880658647774329,-0.680515347014784,0.00786432306738478,0.542956733552184,-7.64875088662955e-05,0.0114563165011967,-0.0035667759872979
0.0974211358387887,-0.714576663106059,0.00696402236375381,0.548946608208723,0.000488157851328224,0.0126536497581501,-0.00489274761228961
0.106937870746292,-0.745325896505349,0.00636855435208188,0.552991804332547,0.00108159955559811,0.0137840840672192,-0.0061465315167162
0.116425794170395,-0.772722402818416,0.00603255064535937,0.5552643996823,0.00168481542517252,0.0148221232770614,-0.00728901089649819
0.125718561478414,-0.796900276765691,0.00587836449338928,0.556080658794452,0.00226341175667267,0.0157423557093356,-0.00827769320735258
0.134728215562172,-0.818186874702845,0.00580460476819527,0.555877607018951,0.00276848366614935,0.0165248125478934,-0.00906864290558949
0.143504542240014,-0.837081724294269,0.00570396621551993,0.555143647627138,0.00314332985886271,0.0171612337508541,-0.00962016966423438
0.152270877811339,-0.854180112438431,0.00548828216358235,0.55430996071442,0.00333652990457146,0.0176599843819609,-0.00989807707495984
0.16140447496763,-0.870042933047701,0.00511323558738017,0.553633161968115,0.00331843852827078,0.0180468751096572,-0.00988132312085496
0.171347249431773,-0.885043184569463,0.00459170650189041,0.553116348563976,0.00309457313485118,0.0183603009113785,-0.00956614987404766
0.182468926143269,-0.899243184466235,0.00398764546163308,0.552506964855168,0.00270882977933476,0.0186418547013988,-0.0089669191139473
0.194937129091901,-0.912354486644432,0.00339168320412908,0.551374250032381,0.00223369367101784,0.0189261542990946,-0.00811327963428888
0.208652246250663,-0.92380060757963,0.00288928149618341,0.549230128485481,0.00175129140882683,0.0192339338504731,-0.00704499839730916
0.223274109203932,-0.932859497778173,0.00253513007654667,0.545643370772447,0.00133349077214112,0.0195702472631873,-0.00580654314958859
0.238323072575355,-0.938832720603179,0.00234253678710223,0.540312331055456,0.0010285458407718,0.0199268041394865,-0.0044429647255678
0.253307861521758,-0.941184246195003,0.00228835722458457,0.533087770859929,0.000857341137357606,0.0202860016182548,-0.00299753903017435
0.267831899569127,-0.939611818187594,0.00232789009551318,0.523955387283908,0.000817575206453753,0.0206245509732608,-0.0015108532501931
0.28165281128778,-0.934044948749548,0.00241245485644092,0.51299306943552,0.000891855749300711,0.0209158224987726,-2.07970857090271e-05
0.294696580361581,-0.92458906952096,0.00250415294564913,0.500316198014529,0.00105599264098281,0.0211311254347591,0.0014369954078154
0.307041776986513,-0.911445068312094,0.0025851711667704,0.486021367429558,0.00128542760079427,0.0212406648197667,0.00282858770893634
0.318888002099649,-0.894829616668849,0.00266100902438734,0.470137416192072,0.00155925074930798,0.0212149519120122,0.00412134147462302
0.330514403647506,-0.874912875235906,0.00275778470184693,0.452592574324578,0.00186200766709638,0.021027189724185,0.00528392876501602
0.342227871271199,-0.851782821928364,0.00291401410667127,0.433206550659474,0.00218367241285482,0.0206567224894728,0.00628696839865291
0.354300808879695,-0.825440534468269,0.00316788595003916,0.411714296451387,0.00251817527209043,0.0200930764194098,0.00710438777116797
0.366904788041596,-0.795825877579693,0.00354243981573724,0.387821877310238,0.0028609990693771,0.0193395485030287,0.00771539571828622
0.380054685520904,-0.762866278053818,0.00403265421053578,0.361284298049517,0.00320659218837895,0.0184149865266324,0.00810665925188335
0.393581764184615,-0.726533840649743,0.00459901814682934,0.331984105553259,0.00354648028504701,0.0173526571626012,0.00827403395763984
0.407148551232247,-0.686892200367466,0.00517060800633021,0.299985066160744,0.00386876520820265,0.0161959991631864,0.00822318803567692
0.420304038336263,-0.64411805927309,0.00565723187837889,0.265542282895687,0.00415916128661316,0.0149922373047681,0.00796877640494082
0.432562291998005,-0.598492763360317,0.00596661008293506,0.229066699135358,0.004403100562566,0.0137856327944443,0.00753233785710851
0.443480186284858,-0.55037087086956,0.00602093644715169,0.191058867292738,0.00458809022366932,0.0126121120605033,0.00693951588117622
0.452714122485445,-0.500139212581539,0.00576825129496987,0.152034997951819,0.00470557644374722,0.0114962590867177,0.00621731996122902
0.46004705191559,-0.448179384138893,0.00518680678412964,0.112465326556038,0.00475192345639285,0.0104507031308515,0.00539195636460051
0.465388399695282,-0.394841322737884,0.00428328181997141,0.072735275547283,0.00472850029796977,0.00947726755100858,0.00448744368331283
0.468755871814784,-0.340429814989471,0.00308718737720048,0.0331302542053548,0.00464111023304374,0.0085690345901685,0.00352497094652032
0.470248925418706,-0.285201965164067,0.00164397528477592,-0.00616094235782576,0.00449906911496236,0.00771261064632117,0.00252282813342327
0.470021406348902,-0.229372402326631,8.72533155595913e-06,-0.0450308521977176,0.00431419616368822,0.00689014952574135,0.0014967229375686
0.468258022182175,-0.17312403009649,-0.00175861124252593,-0.0834317466369193,0.00409989694835718,0.00608097606520517,0.000460340962796195
0.465157496881343,-0.116623120958623,-0.00359623747802965,-0.121351622874067,0.00387043224969001,0.00526285617035698,-0.000573950471757353
0.460923473366009,-0.0600375310253614,-0.00544221688164432,-0.158790512459764,0.00364038922092589,0.00441306886984402,-0.0015943395943392
0.455760985961484,-0.0035554285572975,-0.00723559602578046,-0.19573888439439,0.00342429972752328,0.00350944886868429,-0.00258883702565742
0.449873415925852,0.0525983563835758,-0.00891770773686667,-0.232158507219822,0.0032363117313174,0.00253154522378699,-0.00354464350942317
0.443455102961583,0.10814963932085,-0.010434239875217,-0.267965136375907,0.00308983548172071,0.00146203074988237,-0.00444765607588169
0.436678466132369,0.162766326870143,-0.0117383304450271,-0.303013486752202,0.0029971337826735,0.000288450496270373,-0.00528214449389918
0.429676794975055,0.216055424673269,-0.0127945597199715,-0.337086858762847,0.00296886142288096,-0.000994725620062312,-0.00603065311407459
0.422525649812412,0.267568281790907,-0.0135832070946679,-0.369895438125845,0.00301358103853208,-0.0023839724325468,-0.00667420600973342
0.415227038706861,0.316816780600257,-0.0141036510692885,-0.401087500847253,0.00313729001020907,-0.00386493974448415,-0.00719289174705752
0.407701658171211,0.363301590935495,-0.0143755412498201,-0.430276237770909,0.00334298477222199,-0.00541164392711584,-0.00756687128514446
0.399794026801787,0.406550480732319,-0.014436611284472,-0.457081163848577,0.00363025942803235,-0.00698724206542724,-0.00777777802239645
0.391292462166284,0.446160890558193,-0.0143368674595524,-0.481177772967847,0.00399489578275727,-0.00854679450691062,-0.00781036924759479
0.38196056390971,0.481838236558322,-0.0141301997607853,-0.502344154855941,0.00442837950887879,-0.0100419492803758,-0.00765417378340135
0.371570918281136,0.51342151515353,-0.0138656587982764,-0.52049137120534,0.00491731379874677,-0.0114268679619959,-0.00730481445986743
0.359928660566091,0.540891634680964,-0.0135810160144962,-0.535667713527087,0.00544283593936988,-0.0126642111377657,-0.00676472168975192
0.346875135612588,0.564363605726291,-0.013300383676162,-0.548034771682337,0.0059803611209489,-0.0137298709609468,-0.0060430988127221
0.332270713460667,0.584067753686453,-0.0130359636260087,-0.557822356952784,0.00650017796247778,-0.0146154725136477,-0.00515519818530475
0.315967190402337,0.600324434986267,-0.0127923880840999,-0.565275476249839,0.00696940033442148,-0.0153283085641614,-0.00412113141093313
0.297787787973062,0.613512473284802,-0.0125715739275507,-0.570607586787266,0.0073553581765859,-0.0158890372849185,-0.00296451321271833
0.277530529459219,0.624028942371521,-0.0123767319701439,-0.573970803874818,0.00762975008490436,-0.0163279274832927,-0.00171122819924665
0.254997997801112,0.632242312517757,-0.0122153596665617,-0.575448034382459,0.00777225311887339,-0.0166806011799926,-0.000388549777616972
0.230040096289878,0.638450597034911,-0.012101492061209,-0.575066112845434,0.00777240974101758,-0.0169840995658691,0.000975250316059977
0.20258796192695,0.642862344796601,-0.0120566901973686,-0.572824589668199,0.00762961977126396,-0.0172737343120497,0.00235078058132007
0.172662641737536,0.645612976085001,-0.0121079679367084,-0.568732435112367,0.00735224558871584,-0.0175806920690756,0.0037070073195657
0.140356678428044,0.646813743183893,-0.0122804896357692,-0.562844534962087,0.00695721302185147,-0.0179299473197961,0.00501055819001658
0.10579977401746,0.646614885515463,-0.012584263516311,-0.55529036971234,0.00647073499380882,-0.0183379228856943,0.00622516669094126
0.0691247989800411,0.64525644668757,-0.0129970483444033,-0.546287620800819,0.00592944407747466,-0.0188096288602848,0.00731165601884168
0.0304481390803328,0.643081502969149,-0.0134493299726762,-0.536133544936443,0.00538014366245904,-0.0193356657185429,0.00822894416675428
-0.0101279328480617,0.640496462149677,-0.0138198506934579,-0.525168947629556,0.00487623782251333,-0.0198902974234823,0.00893653711211467
-0.0524915741677596,0.637881108267921,-0.0139493865873179,-0.513716354193761,0.00447001910022093,-0.020432347486633,0.00939865915260967
-0.0964862927443688,0.635474567343362,-0.0136742645916138,-0.502006221478015,0.00420222862302202,-0.0209103164316297,0.00958942608061234
-0.141881051474841,0.633282131400155,-0.0128706923604636,-0.490117230323935,0.00409261297743186,-0.0212714964437517,0.00949756604892668
-0.188361275773492,0.63104641622602,-0.0114924846099979,-0.477957959977855,0.00413582015175435,-0.0214725840784464,0.00912883657832071
-0.235546496013332,0.628298752081196,-0.00958562668092501,-0.465301259485319,0.00430484005973132,-0.0214879796490361,0.00850503342757091
-0.283027044757916,0.624468360698039,-0.00727430752853575,-0.451857417289114,0.00456045286871957,-0.0213128557134518,0.00766000627678194
-0.330404709673082,0.619003917565686,-0.00472671740099158,-0.437355477826563,0.00486248049468803,-0.0209606308706929,0.00663431310347553
-0.377324388094901,0.611466791006156,-0.00211574779642203,-0.421603986673857,0.00517869045375115,-0.0204568265364936,0.00547029673914916
-0.423491677047672,0.601577469718969,0.000412583676531806,-0.404517582561869,0.005489267700329,-0.0198320682758549,0.00420864903676098
-0.468678508763064,0.589218237030602,0.00275715223545014,-0.386111483724711,0.00578701187160262,-0.0191163297163994,0.00288665073721045
-0.512722056078403,0.574406168381006,0.00486662165750662,-0.366474302350199,0.00607464944079068,-0.0183353312003524,0.00153773344378761
-0.555521485002252,0.557251578654772,0.00673477816997956,-0.345730654646677,0.00636081082997901,-0.0175090431742302,0.000191858218245907
-0.597034594099593,0.537913246302503,0.00839022713104883,-0.32400243831933,0.00665581571607138,-0.0166517449445524,-0.00112372714744135
-0.637273638773785,0.51655742910249,0.00988335891163909,-0.301374808264831,0.0069679179006745,-0.0157729631100464,-0.00238366908741092
-0.676297618169596,0.493324739476295,0.0112722881472084,-0.277871248338838,0.00730032897006493,-0.0148786899523962,-0.00356385066533892
-0.71419766811388,0.468307647395846,0.012608759997672,-0.253441675011073,0.00764921095766118,-0.0139724442800099,-0.00464106236363526
-0.751073215861466,0.441540841249595,0.0139250048765243,-0.227967088522452,0.00800282834810987,-0.0130559266794816,-0.00559312446383215
-0.786999493429765,0.413006014167395,0.0152230495742675,-0.201282697560513,0.00834206039498152,-0.0121292230918909,-0.00639951785555692
-0.821991121408696,0.382650818822174,0.0164685867078919,-0.173217735760732,0.00864237486913279,-0.0111906981547375,-0.00704246624811009
-0.85597041980586,0.350418764762168,0.0175915265779792,-0.143644898848478,0.00887709613293646,-0.0102368539601568,-0.00750826187928703
-0.888750452927012,0.316283479935925,0.0184942999105695,-0.112527479828431,0.00902141651135928,-0.00926245008819714,-0.00778849520961299
-0.920040050832416,0.280278819697905,0.0190669082519145,-0.0799508907180988,0.00905627763933062,-0.00826106305268834,-0.00788082017629779
-0.949471448530108,0.24251712674583,0.0192054346542211,-0.0461290973470877,0.00897119123519578,-0.00722604841590381,-0.00778900655896487
-0.976643695439231,0.203191584736628,0.0188294059572009,-0.0113844546656507,0.00876536151420279,-0.00615166562155305,-0.00752225971163607
-1.00117031890616,0.162563462388693,0.0178937959077729,0.023892231290711,0.0084469965509902,-0.0050340403301824,-0.00709401269383212
-1.02271979094633,0.120938942607645,0.0163933738455195,0.0592897214681624,0.00803120788706877,-0.00387170499912515,-0.0065205113666974
-1.04104153290829,0.0786419251107972,0.0143595715428996,0.0944208019211584,0.00753719333871152,-0.00266562573324681,-0.00581949460298278
-1.05597564868388,0.0359886508198911,0.011851998687183,0.128955250026008,0.0069854179699771,-0.00141879973863514,-0.00500916712951146
-1.06744909054169,-0.00673180182325829,0.00894761473207396,0.162638206441685,0.00639533156454961,-0.000135624669452765,-0.0041075452037497
-1.07546328903736,-0.04926919119992,0.00573037893004709,0.195294774950681,0.00578391137998252,0.0011787273278389,-0.00313216964691533
-1.08007824016562,-0.0914157336023757,0.00228333588339978,0.226823792480126,0.00516509429511017,0.00251873959396002,-0.00210013429404551
-1.08139681717821,-0.13300250675796,-0.00131598171252005,0.257184169918961,0.0045500133032049,0.0038786769033342,-0.00102836167593506
-1.07955088111719,-0.173889908155642,-0.00499690659824476,0.286376517411563,0.0039478770358098,0.00525239604715363,6.59463549198904e-05
-1.07468910276822,-0.213953454419104,-0.00869448829888478,0.314421728621979,0.00336730725609921,0.00663291915384044,0.00116475430816755
-1.06696504138893,-0.253066139607321,-0.0123469589283259,0.341337316402636,0.00281793838739736,0.0080119202840687,0.00224860945192577
-1.05652373998101,-0.291078763841109,-0.0158930626916227,0.367112107139119,0.00231205680597876,0.00937932514919034,0.00329611281016781
-1.04348574875927,-0.327800319605513,-0.0192704393921413,0.391680647007692,0.00186599753023881,0.0107232408972859,0.00428354823963233
-1.02792906125713,-0.362981632044503,-0.0224160028129186,0.414900346617037,0.00150093108309327,0.0120304008213429,0.00518480205511204
-1.00987194790022,-0.396306642244934,-0.0252687822491905,0.436536656683556,0.00124260877296797,0.0132872092011641,0.00597173699285381
-0.98926253910034,-0.427396248839054,-0.0277749890141493,0.456263476051856,0.00111967253753103,0.0144812972012853,0.00661519831612926
-0.965982788900147,-0.455828369728436,-0.0298942178142307,0.47368585204285,0.0011603737352045,0.0156032755284154,0.00708678776587446
-0.939873308019253,-0.481173961157233,-0.0316049532526314,0.488388026550159,0.00138803411959066,0.0166481705704182,0.00736139520082892
-0.910780032077836,-0.503042405427892,-0.0329073241834715,0.500001421201132,0.00181622394510369,0.0176159806508708,0.00742021065605622
-0.878614124565026,-0.52112317035059,-0.0338216732358389,0.508276541709122,0.00244511971175961,0.018510988134566,0.0072536205508316
-0.843407460631281,-0.535208336969488,-0.0343829816160664,0.513136119403997,0.00326042979493846,0.0193399006657001,0.00686320576409339
-0.80534335323733,-0.545185893018311,-0.0346329206738873,0.514690177052413,0.00423544745595493,0.0201093704744163,0.00626220053637511
-0.764749435145437,-0.551005777735464,-0.0346123619948403,0.513207890557954,0.00533552685941827,0.0208236738885729,0.00547425937730653
-0.72205324220599,-0.552633219409553,-0.0343569108037571,0.509058594251757,0.00652329776923325,0.0214831726267786,0.0045309649988314
-0.677713282947877,-0.550009857216684,-0.0338966088857571,0.502644731511035,0.00776281604102608,0.0220837595581768,0.00346885293342019
-0.632143126684645,-0.543039896358271,-0.0332592163404558,0.494347890283563,0.00902157228587282,0.0226171097294054,0.00232667215782671
-0.585643572032875,-0.531609318206827,-0.0324752583944778,0.484498681592547,0.0102703371328854,0.0230714217272015,0.0011432705072878
-0.53835268824178,-0.515635905782672,-0.0315826331073701,0.473369431682205,0.0114816606731855,0.023432428368798,-4.38668941966726e-05
-0.49021963810449,-0.495139633701159,-0.0306288883457876,0.461181084222465,0.01262820513993,0.0236846234321989,-0.00119961786415404
-0.441006556640085,-0.470317369011141,-0.0296700313224535,0.448113935869077,0.013681986831763,0.0238127429815036,-0.00229199940129255
-0.390321252252682,-0.441602647853007,-0.0287657315097566,0.434314493228039,0.0146151636257483,0.0238034940386875,-0.00329288134899052
-0.337679798892496,-0.409691609214366,-0.0279718645526342,0.419895735132631,0.0154023880694295,0.0236473866419556,-0.00417867495296869
-0.282591320148642,-0.375521436142275,-0.0273322621565963,0.40493295786079,0.0160241302268703,0.023340383698243,-0.00493092634746649
-0.224649692559825,-0.340198466589946,-0.0268719552358328,0.389460335309243,0.0164699620497282,0.0228850298266613,-0.00553669615972595
-0.163612493341572,-0.304887172386909,-0.0265938794334552,0.373473254844851,0.0167407465266707,0.022290793960294,-0.00598862927993369
-0.0994494718099971,-0.270683465849303,-0.0264799929243853,0.356938653583992,0.0168490163304947,0.0215735288217707,-0.00628469241118853
-0.0323511344699434,-0.238500967232092,-0.0264964036514769,0.339811561138508,0.0168174097341034,0.0207541345403546,-0.00642763622064203
0.037300595734835,-0.208994597899378,-0.0266009528889261,0.322053109177778,0.0166756090753631,0.0198566514388003,-0.00642428368753979
0.108988035949252,-0.182533997002657,-0.026751167178975,0.303644758276994,0.0164565761236627,0.0189060722060391,-0.00628474335660192
0.182123535579577,-0.15922490790914,-0.0269106895808306,0.284595355375598,0.0161929153705609,0.0179261717043003,-0.00602161436759644
0.256110328284862,-0.138965272998331,-0.0270530435095194,0.264940535574546,0.015913982690078,0.0169376213404981,-0.00564921867161709
0.330388368435553,-0.121517581106939,-0.0271625155790589,0.244736424972252,0.0156440369395687,0.0159565930147947,-0.00518288290126117
0.404461290415012,-0.106580131776558,-0.0272327170662872,0.22405064513865,0.015401435946421,0.0149939635493593,-0.00463829399417233
0.477905839149201,-0.093845182132699,-0.0272637992781298,0.202953367496594,0.0151986840983657,0.0140551234146074,-0.00403095722913214
0.550368183406039,-0.0830384703736595,-0.0272593278268705,0.181510136287596,0.0150430549049283,0.0131402966200144,-0.00337578150442357
0.621552499341359,-0.0739401185167042,-0.027223588823499,0.159777125943682,0.0149375183720235,0.0122452233786032,-0.00268680536362762
0.691206577759259,-0.0663902739702725,-0.0271597547429182,0.137798698279039,0.0148817547017777,0.0113620446601186,-0.00197706064088297
0.759107903269157,-0.0602841291963909,-0.0270690250904837,0.115606805746189,0.0148731079315962,0.0104802569604456,-0.00125855664562331
0.825052176888865,-0.0555607376330799,-0.0269506344608297,0.0932217644784626,0.0149073985273572,0.0095876515970355,-0.000542357658691226
0.888845044173578,-0.0521890917569717,-0.0268025029671102,0.0706540903796902,0.0149795655678959,0.00867120026598557,0.000161278262455035
0.950296895305912,-0.0501538220031321,-0.0266222629722279,0.0479072899046508,0.0150841422944201,0.00771788323904391,0.000842731829956631
1.00922012528309,-0.0494419643757861,-0.0264084038845388,0.0249816565660601,0.015215587906372,0.00671547527891956,0.00149285642476012
1.06542797436708,-0.0500316390567125,-0.0261613034640534,0.00187916258376356,0.0153685042671482,0.00565330490016908,0.00210283878315669
1.11873405508669,-0.0518831675799959,-0.0258839529588908,-0.0213905486252978,0.0155377649469907,0.00452298994798147,0.00266410587460022
1.16895180767478,-0.0549330252825383,-0.0255822326338976,-0.0448032785510842,0.0157185780343461,0.00331913037203434,0.00316829062048232
1.21589342219211,-0.0590909549645983,-0.0252646607982807,-0.0683130214575624,0.0159064970209072,0.00203991360088556,0.00360726222472728
1.25936817342344,-0.0642404420885069,-0.0249416260207558,-0.091845220542351,0.0160973879553203,0.000687565236289288,0.00397322060889049
1.29918041540451,-0.0702424888967785,-0.0246242101055877,-0.115291698045091,0.0162873558785646,-0.000731435581140732,0.0042588489881679
1.33512791928356,-0.0769422248057136,-0.0243228092171551,-0.138508538475404,0.016472635331184,-0.00220645307393587,0.00445751529068378
1.36700137690793,-0.0841773908569996,-0.0240458280217179,-0.161318035976356,0.0166494540821146,-0.00372315769028112,0.00456351123522569
1.39458601632747,-0.0917872730124337,-0.0237987371058172,-0.183515334283435,0.0168138900832661,-0.00526436522340503,0.0045723178276342
1.41766615357353,-0.0996203797139901,-0.0235837249317766,-0.204879631685176,0.0169617538152766,-0.00681120570751031,0.00448088617835116
1.4360331790466,-0.107539214844709,-0.0234000452898301,-0.225188932599707,0.0170885385274789,-0.00834451607861676,0.00428792168158739
1.44949702085646,-0.115420984828925,-0.0232449867450262,-0.244236517103424,0.0171894857301217,-0.00984630208639787,0.00399415728076396
1.45790046867632,-0.123153979215016,-0.0231152168426576,-0.26184677835864,0.0172598072914244,-0.0113010898467755,0.0036025980716372
1.46113495019437,-0.130630526652388,-0.0230081366493205,-0.277888006843372,0.0172950856885786,-0.0126969931846153,0.00311871688820502
1.45915556500607,-0.137738565522424,-0.0229228677770361,-0.292280136131454,0.0172918392669859,-0.014026359766112,0.00255058126639397
1.45199255813719,-0.144354602389914,-0.0228606041539784,-0.304996323370872,0.0172481911195206,-0.0152859189181065,0.00190889746790876
1.43975618363205,-0.150340808024013,-0.0228242756189302,-0.316058316742964,0.0171645249863,-0.0164764227654288,0.00120696586365212
1.42263229980164,-0.155548045177354,-0.0228177316872178,-0.32552660316038,0.0170439631224355,-0.0176018340692045,0.000460550307007458
1.40086731291237,-0.159824888423617,-0.0228448791249876,-0.333487126275518,0.0168924811802991,-0.0186681585527912,-0.000312332167747993
1.37474311386555,-0.163030664133386,-0.0229093088492646,-0.340036773862816,0.0167185045870118,-0.0196820431644773,-0.0010916991322132
1.34454528981813,-0.165048933653812,-0.0230148681201403,-0.345269889071664,0.0165319247418069,-0.0206492733192626,-0.00185597735605199
1.31053028140147,-0.165797297585148,-0.0231673553393415,-0.349267786164068,0.0163426211787248,-0.0215733106822826,-0.00258248874147024
1.27289883926272,-0.165230289728932,-0.0233770892795221,-0.35209280845222,0.0161587475502572,-0.0224540317857756,-0.00324808471625362
1.23178298817242,-0.163334250914393,-0.0236616377651751,-0.353787800312819,0.0159851743044344,-0.0232868509479044,-0.00382996882138836
1.18725145523712,-0.160115792210655,-0.024047652042856,-0.354380995123475,0.0158225195591313,-0.0240624241781019,-0.00430673134051453
1.13933408953612,-0.155587789974817,-0.0245707256614464,-0.353895216186524,0.015667096853865,-0.0247671018861804,-0.00465957718575414
1.08806022335819,-0.149757864179323,-0.0252726142133437,-0.35235915283525,0.0155118676310664,-0.0253841992998152,-0.00487365737349598
1.03350089273201,-0.142623408103481,-0.026195983706391,-0.349817674114642,0.0153481704836901,-0.0258959764203248,-0.00493933030239749
0.975802675929494,-0.13417466418441,-0.0273778356938169,-0.346338175804034,0.0151677290849357,-0.0262860058807507,-0.00485311921599016
0.915203003240704,-0.124404073354382,-0.0288434336776156,-0.342010996084546,0.0149643431109851,-0.0265414403127589,-0.00461814140486951
0.852022868912138,-0.113317648522333,-0.030602530770795,-0.336943710376314,0.0147348065824218,-0.0266546662386941,-0.00424388404719648
0.786640472666499,-0.100943585512891,-0.0326489146776278,-0.331250909138573,0.0144789205219444,-0.0266239893384,-0.00374536219759889
0.719454935986851,-0.0873348162178288,-0.0349631092425104,-0.325042083959729,0.0141988130908474,-0.0264532779310232,-0.00314184612359245
0.650850799897353,-0.0725647953389715,-0.0375170778081253,-0.31841024028919,0.0138979898224929,-0.026150777933206,-0.00245542243540797
0.581171586566969,-0.0567181707084875,-0.040279368409135,-0.311423070960796,0.0135805380241491,-0.0257274871721169,-0.0017096342150964
0.510706219873907,-0.0398792582371447,-0.0432193584208389,-0.304117516388534,0.0132507475429246,-0.0251954948114575,-0.000928357131066144
0.439687949328678,-0.0221213612775601,-0.0463098462077747,-0.296497846930678,0.0129131940460336,-0.024566592317695,-0.000134961664684899
0.368302768359819,-0.00349933734804743,-0.0495278696654468,-0.288537121502764,0.0125731522863196,-0.0238513121048694,0.000648274295074817
0.296703389597604,0.015953094464288,-0.052854092268762,-0.280181884621905,0.0122371114136973,-0.0230584139197959,0.00140058456881468
0.225025126978974,0.0362207380372484,-0.0562713259835647,-0.271360006860341,0.0119131541357841,-0.0221947522768579,0.00210305465743131
0.153400771228256,0.05729934203868,-0.0597627860578118,-0.261991346925111,0.0116110141597116,-0.0212654196371516,0.00273894894039808
0.0819724144501864,0.0791843122158199,-0.0633105764173044,-0.252000407695269,0.0113417218835445,-0.0202740619973758,0.00329405072055383
0.0108989371213665,0.101857791424151,-0.0668947368223504,-0.241329437117125,0.0111168613710642,-0.0192232813625202,0.00375699531325316
-0.0596413465193603,0.125276704408238,-0.0704930052242573,-0.229949900158156,0.0109475710055146,-0.0181150650302593,0.00411954103112418
-0.129452655896118,0.149364304634167,-0.0740812658231558,-0.217870138594817,0.0108434919783424,-0.0169511948856999,0.0043767093438969
-0.198327349194021,0.174007025711331,-0.0776345207499425,-0.205137668226298,0.0108118854245995,-0.0157336012888398,0.004526740441621
-0.266053665388252,0.19905717365573,-0.0811281341529911,-0.191835685365853,0.0108570892940188,-0.014464629582187,0.00457084736055633
-0.332423908618508,0.224340640543913,-0.0845390870246394,-0.178074671480713,0.0109803926391693,-0.0131471967533417,0.00451279702710701
-0.397241589171792,0.249667810122755,-0.0878470247359965,-0.163980955247926,0.011180299947196,-0.0117848285000623,0.0043583817274646
-0.460326536664611,0.27484544657421,-0.0910349646121473,-0.149684456448727,0.011453077945908,-0.0103815845137441,0.00411485896320596
-0.521517629241921,0.299687608660763,-0.0940896325392659,-0.135307592167611,0.0117934412521999,-0.00894189796033868,0.00379043085019657
-0.580673326205245,0.324024265430404,-0.0970014823006018,-0.120956677988953,0.0121952390846637,-0.0074703678105025,0.00339381320879442
-0.637670519023443,0.347707010855662,-0.099764503700225,-0.106716412749418,0.0126520382642228,-0.00597154795402933,0.00293391952730346
-0.692402372211903,0.370611900577585,-0.102375952779583,-0.0926474461957111,0.0131575411642814,-0.00444977600278983,0.00241966439018619
-0.74477577478674,0.392639810913619,-0.104836123821919,-0.078786662189689,0.0137058153102219,-0.00290907613778,0.00185987714891298
-0.794708962370043,0.413714920906833,-0.107148258710222,-0.0651496946768614,0.0142913404890397,-0.00135315853880741,0.00126331014926567
-0.842129681799586,0.433781891734304,-0.109318631004468,-0.0517352158516208,0.0149088952783629,0.000214478074866476,0.000638723248979231
-0.88697420246411,0.452802246778644,-0.111356792064987,-0.038530654612787,0.0155533151386085,0.00179035031004945,-4.97366407194035e-06
-0.929187090854787,0.470750156525019,-0.113275865659762,-0.0255190820681435,0.0162191543199439,0.0033707268977097,-0.000658539105660814
-0.968721629675222,0.487607712636189,-0.115092730456119,-0.0126870663899943,0.0169002899325988,0.00495133796396387,-0.00131219857630869
-1.00554033657155,0.503359487152652,-0.116827841298361,-3.32217503092955e-05,0.017589507874485,0.00652710684869252,-0.00195544468328859
-1.03961507080377,0.517986201923328,-0.118504437997606,0.0124229973250303,0.0182781234812691,0.00809195959710036,-0.00257686333682938
-1.07092615516009,0.53145742850594,-0.12014691525935,0.0246330309587036,0.0189557042657592,0.00963876616393572,-0.00316401591106467
-1.09946025164484,0.543723665322501,-0.121778257134329,0.0365126683380345,0.0196099827503152,0.0111594584037342,-0.00370341450193172
-1.12520693239116,0.554708646372359,-0.123416629523565,0.0479388275852713,0.0202270584555099,0.0126453485296661,-0.00418063465972287
-1.14815441058498,0.56430346851598,-0.125071522586988,0.0587514897752561,0.0207919853742391,0.014087638764568,-0.00458061428556798
-1.16828521893862,0.572364647572715,-0.126740141868107,0.0687623992988175,0.0212898015691442,0.0154780678355998,-0.00488818205752278
-1.18557283617019,0.578718296942553,-0.12840498768151,0.0777712356423811,0.0217069721029584,0.0168095915082565,-0.00508883652729168
-1.19998034101642,0.583171948849779,-0.130033605919439,0.0855882788369703,0.0220330893926035,0.0180769586601149,-0.00516975294849724
-1.21146171965614,0.585533765154409,-0.131581173346656,0.0920603767461903,0.0222625298117329,0.0192770358910303,-0.00512093022377116
-1.21996591234137,0.585636492096456,-0.132995911942017,0.0970950116872277,0.022395668735279,0.0204087705096865,-0.00493632288855267
-1.22544292436646,0.583361211301785,-0.134226431897383,0.100676476814786,0.0224392726143968,0.0214727591005616,-0.00461476116894648
-1.22785062175128,0.578654910604677,-0.135229321559559,0.102869438420259,0.0224058540741033,0.0224704840512505,-0.00416047602868645
-1.22716050707182,0.571536994158541,-0.135975020092045,0.103808468920726,0.0223120606643794,0.0234033584937471,-0.00358312606619113
-1.22336093331339,0.562092859647167,-0.136450412362319,0.103676357379159,0.0221764609294556,0.0242717512804697,-0.00289734457454565
-1.21645662424154,0.550456242493039,-0.136657514035418,0.102677372430588,0.0220172624985741,0.0250741399674241,-0.00212193701981648
-1.20646419078849,0.536784760538445,-0.136608712134949,0.101012812909022,0.0218504819120881,0.0258064902201136,-0.00127891597210771
-1.19340419539064,0.521233998616405,-0.136319872974386,0.098864867110798,0.0216889042454679,0.0264619157857731,-0.000392544906266997
-1.17729116070636,0.503934756398139,-0.135803037149211,0.0963918343995031,0.0215419118079207,0.0270306570718036,0.00051150696599277
-1.15812376061516,0.484976658540459,-0.135060436392408,0.0937343600655638,0.0214160217698009,0.0275004279314615,0.00140688382683922
-1.13587795514149,0.464399950132664,-0.134081301579737,0.0910294207098725,0.0213158086619604,0.0278571917225681,0.00226719502058315
-1.11050597817879,0.442196378069875,-0.132842486381389,0.088426842153897,0.0212448235594839,0.0280864098693121,0.00306669917257453
-1.08194361264125,0.418319390122389,-0.131313295405763,0.0861023135535701,0.0212061604366235,0.0281747350861929,0.00378112054592312
-1.0501266268776,0.3927029052353,-0.1294640065155,0.0842613432059481,0.0212024535287373,0.0281119888938896,0.0043886532712891
-1.0150147646202,0.365286377345295,-0.127276496755107,0.083130614347368,0.0212353021684041,0.0278931040194768,0.00487112349292205
-0.976618687850441,0.336041925709187,-0.12475439966756,0.082936690140354,0.0213043573460387,0.0275195925008627,0.00521517120745803
-0.935022929338452,0.304997727078675,-0.121929827366133,0.0838762467939026,0.0214064774312363,0.027000103194122,0.00541322296554149
-0.890397735821828,0.272251763907878,-0.118864322137152,0.0860854568766321,0.0215353786859423,0.0263498092164351,0.00546400550239684
-0.842995359989558,0.237972010681366,-0.115643345155349,0.0896170975130011,0.0216820367444454,0.0255886777146562,0.00537242947516115
-0.793131222175837,0.202382824078292,-0.112365667496461,0.0944316794831558,0.0218358101725355,0.0247389980785538,0.00514883156768853
-0.741155216898886,0.165741202691016,-0.109130567133842,0.100404299042343,0.0219859951728415,0.0238227332622371,0.00480773224968728
-0.687421020876232,0.12830903680742,-0.106026087109727,0.107344132621434,0.022123400347825,0.0228592386858195,0.00436636912481557
-0.632260678763191,0.0903276371160885,-0.103120777827363,0.115020524102394,0.0222415800849409,0.0218637041384192,0.00384326859060005
-0.575968874634021,0.0519990628636553,-0.100459910143197,0.123189220991771,0.022337525039215,0.0208464278740215,0.00325704404953906
-0.518797744249286,0.0134761339025069,-0.098065789956586,0.131613921271823,0.0224117839919898,0.0198128289363239,0.00262550735861536
-0.460960408818315,-0.0251393462804308,-0.095940982429263,0.14008071791795,0.0224681204583277,0.0187639960887376,0.0019650957326047
-0.402640163861338,-0.0637920847023189,-0.0940730327223048,0.148405230144397,0.0225128678813591,0.017697553067085,0.00129056687876626
-0.344002204436143,-0.102464902311031,-0.0924394711866017,0.156433649270107,0.0225541479478068,0.0166086552062961,0.000614897338187293
-0.285205502579541,-0.141168564522565,-0.0910122994645789,0.164039568644457,0.0226010858260785,0.0154909913401216,-5.06784218189008e-05
-0.22641329522237,-0.179931323275118,-0.0897615539289368,0.171118480042918,0.0226631090005626,0.0143377170791466,-0.000696539941803683
-0.167801423152071,-0.218788968223312,-0.0886578621035441,0.177581506277782,0.0227493743922457,0.0131422857055693,-0.00131450291304233
-0.109564239282347,-0.257775630910124,-0.0876740951454946,0.183349492791573,0.022868333714284,0.0118991642943084,-0.00189761991657934
-0.0519180626478105,-0.296915247098031,-0.0867863075821686,0.188348162741857,0.0230274257705019,0.0106044315822269,-0.00243997968144133
0.00489778878947985,-0.336213439694833,-0.0859741632123794,0.192504692571359,0.023232872162409,0.00925625293114899,-0.00293651862671073
0.0606223723271396,-0.375649624923505,-0.0852210207378191,0.195745825398149,0.0234895509151945,0.00785522375731601,-0.00338285420125828
0.114976949351714,-0.415169291195384,-0.084513805058065,0.197997466973202,0.0238009244245794,0.00640456757275061,-0.00377514662855025
0.167671339093818,-0.454676628366456,-0.0838427462747932,0.199185597902615,0.0241690040775663,0.00491017276987464,-0.00410999363667636
0.218412821406784,-0.494027934350227,-0.0832010303032264,0.199238253060522,0.0245943402955018,0.00338045433955377,-0.00438436096808519
0.26691747250631,-0.533026480128774,-0.0825843827524261,0.198088266357057,0.02507603402022,0.00182603441874271,-0.00459554967484271
0.312923576731452,-0.571419689771721,-0.081990593588072,0.195676435941181,0.0256117703277525,0.000259247850737686,-0.00474119882915766
0.356206437214794,-0.608899568222125,-0.0814189903349329,0.191954753143521,0.026197878168338,-0.00130650462993415,-0.00481931954870524
0.396593544885323,-0.645107197044861,-0.0808698722214503,0.186889351057467,0.0268294194499464,-0.00285751520153328,-0.00482835306983007
0.433978763028191,-0.679641859338906,-0.0803439342639576,0.180462898968663,0.0275003092949185,-0.00438058296541522,-0.00476724310950931
0.46833399446329,-0.712074870734768,-0.0798417198755376,0.172676265745385,0.0282034634941304,-0.0058638155599252,-0.00463551082843724
0.499716836712697,-0.741967627680241,-0.079363151583959,0.163549419470814,0.0289309642711572,-0.00729734823929637,-0.00443332065745802
0.528272998857185,-0.768892766292142,-0.0789071875413505,0.153121677227182,0.0296742296527699,-0.00867391780585812,-0.00416152684335195
0.554232782468056,-0.792456869952069,-0.0784716464180109,0.141451562460197,0.030424170470727,-0.00998924606484834,-0.00382169443783802
0.57790156300078,-0.812322859090886,-0.0780532219691825,0.128616605257004,0.0311713183928563,-0.011242210911233,-0.00341609328210534
0.599644878287357,-0.828230191456693,-0.0776476862591439,0.114713432675607,0.0319059124993793,-0.0124348082552214,-0.00294766925852916
0.61986930137604,-0.840011263491762,-0.0772502591261126,0.099858418052402,0.0326179392141006,-0.0135719294904699,-0.00242000261564722
0.639000641761774,-0.84760283457708,-0.0768561036481126,0.0841889835013704,0.0332971287141035,-0.0146609923492391,-0.00183726765893666
0.657461192561542,-0.851051845250402,-0.0764609020006704,0.0678653944245864,0.0339329211458256,-0.0157114659850295,-0.00120421135581727
0.675647746603683,-0.850515553551651,-0.0760614727400196,0.0510725552344777,0.0345144266789155,-0.0167343239819249,-0.000526170121834715
0.693912000626473,-0.846256389254566,-0.075656407124618,0.0340209262979957,0.0350304137968152,-0.0177414436932781,0.000190855792999453
0.712544775333386,-0.838632241680217,-0.0752467207138884,0.016945260832152,0.0354693678278192,-0.0187449494202034,0.000940052321433259
0.731765278997956,-0.828083136998495,-0.0748365387825954,9.94765048072527e-05,0.0358196690421818,-0.0197564761875572,0.00171355095946294
0.751716295173487,-0.81511530554839,-0.0744338398506125,-0.016254259051119,0.0360699398227277,-0.0207863131993348,0.00250208801707999
0.772465598095083,-0.800283514684428,-0.0740512615490993,-0.0318640191538376,0.0362096016004748,-0.0218423781832274,0.00329456413704996
0.79401301376391,-0.784172262120248,-0.0737069158279262,-0.046515174716707,0.0362296624958788,-0.0229289857087563,0.0040775228411361
0.816301132559068,-0.76737575588984,-0.0734250349144582,-0.0600651744356076,0.0361237132859851,-0.0240454117167052,0.0048345998658252
0.839226023287109,-0.750475744171302,-0.0732360901328656,-0.0724820785679644,0.0358890459070094,-0.0251843402953248,0.00554605002032392
0.862642772477997,-0.734015273053622,-0.0731758162182879,-0.083878607151527,0.035527719251992,-0.0263304130287816,0.00618853681233523
0.886360444834005,-0.718466130022695,-0.0732824587260175,-0.0945291203755013,0.0350473036134824,-0.0274592806076267,0.00673545605561655
0.910123468715568,-0.704189075019304,-0.0735917323836994,-0.104854939980656,0.0344609789781286,-0.0285377254321197,0.00715810695300171
0.933582366865042,-0.691389903674638,-0.0741296401994361,-0.115367211234455,0.0337867184106403,-0.0295254589829013,0.00742793540051993
0.956265063931543,-0.680080533760702,-0.0749044703537258,-0.126568691510032,0.0330455297060987,-0.0303789323305445,0.00751977685949898
0.977566116097625,-0.670059386566255,-0.0759004919525457,-0.138834505522932,0.0322591257598826,-0.0310568387447863,0.007415551101775
0.996769429364495,-0.660924620764721,-0.0770762423027036,-0.152308187341055,0.0314477631293332,-0.0315261295372858,0.00710743654532734
1.01310782809754,-0.652124307204375,-0.0783690921383288,-0.166850978453416,0.0306290264836975,-0.0317668072652073,0.00659951020881861
1.02584583685994,-0.64303300476862,-0.0797052760601796,-0.18206393810539,0.0298179041733837,-0.0317739987865193,0.00590733481354477
1.03436113504585,-0.633033263190665,-0.081012198097443,-0.197372884393394,0.0290278209188868,-0.0315568360537545,0.00505576296185292
1.03820211949305,-0.621580104443548,-0.0822290174081634,-0.212143229564128,0.0282718144209916,-0.0311348772737369,0.00407582472186033
1.0371110564595,-0.608235645351978,-0.0833125736004595,-0.2257872575804,0.0275630544830709,-0.030533492431326,0.00300166175489258
1.0310156985777,-0.592673046866441,-0.084237700347393,-0.237838217189952,0.0269143187508975,-0.0297795824399178,0.00186814739904466
1.01999993277213,-0.574657610878134,-0.084992733181074,-0.247982916541402,0.026336536822519,-0.0288984575318287,0.000709382952617925
1.0042649905891,-0.554016297083448,-0.0855720152296897,-0.256057889610986,0.0258368435276854,-0.0279120840091443,-0.000442075269626784
0.984089641150102,-0.530606580089856,-0.0859675455616848,-0.262020449685922,0.0254166784225544,-0.026838478872378,-0.0015555562184893
0.959793852882904,-0.50429346115953,-0.0861619152753891,-0.265906661058973,0.0250704053507664,-0.0256918480449005,-0.00260249060915787
0.931707572115334,-0.474940633332635,-0.0861244855221066,-0.267786432163868,0.0247847963539146,-0.0244830693789414,-0.00355674303910245
0.900145171538112,-0.442418400065512,-0.0858122909283089,-0.267723729538365,0.0245395783623223,-0.0232202382808864,-0.0043951878597545
0.865386189145021,-0.406626708732448,-0.0851761926959206,-0.265747971409341,0.0243090726518278,-0.0219091457162243,-0.00509852291277777
0.827663536218054,-0.367527143559858,-0.0841713564584098,-0.261840667347115,0.0240647576943267,-0.0205536929337672,-0.0056521805801917
0.787160369138804,-0.325174237337986,-0.0827695497931229,-0.255938677141943,0.0237783714790714,-0.0191563175816547,-0.00604709925502152
0.744015921264451,-0.279735834919929,-0.0809697600396174,-0.247952030480923,0.0234250093377346,-0.0177184989336744,-0.00628010568595058
0.698338884212632,-0.231495313618084,-0.0788038579656736,-0.237790869161961,0.0229856472867705,-0.0162413440090027,-0.00635374822570532
0.650225136928848,-0.180834234775845,-0.0763355432313743,-0.225394037860917,0.0224486633404111,-0.014726178271739,-0.00627557895571357
0.599775798599507,-0.128200011890004,-0.0736529708322028,-0.210752140640682,0.0218101986534969,-0.0131750256941241,-0.00605703689235945
0.54711186421743,-0.0740667832736717,-0.070857261971108,-0.193920259931155,0.0210734816162712,-0.0115908755966379,-0.00571216576823587
0.492383148525228,-0.0188979841196225,-0.0680498886437667,-0.175018994692178,0.0202474387115566,-0.00997769226271296,-0.00525639084206132
0.43577103777103,0.0368832236487445,-0.0653215976536029,-0.154225579828767,0.019344984626455,-0.0083401923762504,-0.00470550756014632
0.377486061672353,0.0929128273902114,-0.0627445384989131,-0.131758728212381,0.0183813410975593,-0.00668346987778939,-0.00407494896863761
0.317762140656553,0.148894211303578,-0.0603681220141702,-0.107861286475008,0.0173726282663229,-0.00501257322142735,-0.00337933266143662
0.256849604063855,0.204597637296573,-0.0582182649229577,-0.0827841936160419,0.0163348581725456,-0.0033321378854042,-0.00263225340540603
0.195008684843021,0.259853498050006,-0.0562991903919278,-0.0567740354858366,0.0152833606724424,-0.00164615080800594,-0.00184627587245481
0.132504661698119,0.314541752794245,-0.0545968581450736,-0.0300652579760799,0.0142326093185742,4.21115346163252e-05,-0.00103308431488276
0.0696051269828886,0.368579411653178,-0.053083243995589,-0.00287705305383858,0.0131963780767885,0.00172996808235187,-0.000203751298021027
0.00657924768879912,0.421907308962076,-0.0517209355537278,0.0245858034274717,0.0121881396586294,0.00341507491685348,0.000630909321551212
-0.0563016771030807,0.474476667766317,-0.0504678150983317,0.0521292746382198,0.0112216164665695,0.00509507491500731,0.00145993560657559
-0.118763266240597,0.526235726825061,-0.0492817234096196,0.079564865605693,0.0103113757006426,0.00676723602080994,0.00227179272671807
-0.180527844745595,0.577116322736872,-0.0481251381532922,0.106704196235452,0.00947336520675783,0.00842814952574428,0.00305396397485223
-0.241315940672704,0.62702057138178,-0.0469697877278005,0.133354558682493,0.00872526561846155,0.0100735609638549,0.0037925993574502
-0.3008501751692,0.675808344497693,-0.045800936639182,0.159316497239726,0.00808652675206216,0.0116983846195229,0.00447227116369361
-0.358861708564203,0.723287172827495,-0.0446207749725777,0.184384194579142,0.00757795464255483,0.0132969212726453,0.00507589844992258
-0.415098639633823,0.769207284539116,-0.0434500315031925,0.208349054419817,0.00722074080201316,0.0148632543357782,0.0055849159897418
-0.469334837736704,0.813265388334307,-0.0423267650747446,0.231006326927677,0.00703489743740171,0.0163917490355047,0.00597977143896897
-0.521376734981224,0.855120668025989,-0.0413014598688936,0.252163905643925,0.00703719199624246,0.0178775310286867,0.00624082214269571
-0.571065115057626,0.894424828443308,-0.0404282549855083,0.27165170760041,0.00723885761199324,0.0193167975192245,0.00634965398145428
-0.618269225182014,0.930864192322985,-0.0397533531534176,0.289329459604204,0.00764354217513635,0.0207068281451808,0.00629074513309372
-0.662872131476289,0.964206822291408,-0.0393030594120816,0.305090639910005,0.00824606396382708,0.0220456304464911,0.00605326400365325
-0.704748856930432,0.994343208529197,-0.0390747927462096,0.318860976805341,0.00903246279832555,0.0233312566463304,0.00563267335546136
-0.743741655706965,1.02130807088837,-0.0390340813545463,0.330591379585584,0.009981527515407,0.0245609236803121,0.00503178859623076
-0.779638633123351,1.04527514044762,-0.039118822924778,0.340247229509974,0.011067518819188,0.0257301081633627,0.00426105805540447
-0.81216170136797,1.06652492374417,-0.0392496538798144,0.347797806499538,0.0122633778778627,0.0268317404469311,0.00333806459209204
-0.840967858392673,1.08539377081279,-0.0393433800664296,0.353210549065833,0.0135435182711641,0.0278555247288464,0.00228648453520868
-0.865665078172615,1.10221693556723,-0.0393259867966044,0.35645434362306,0.0148854240908451,0.0287873426138318,0.0011348646786074
-0.885841911035579,1.11727725841387,-0.0391427211415235,0.357514150346195,0.0162696440213859,0.0296087274845828,-8.44560210668686e-05
-0.901108753921227,1.1307665758003,-0.0387642818062117,0.356416436185923,0.0176782297619212,0.0302965472823829,-0.00133610740321937
-0.911147856798233,1.14276201397796,-0.0381893071384699,0.353261421056015,0.0190920989161093,0.0308232459063576,-0.00258215861203458
-0.915767370429358,1.15321650293795,-0.0374436721770165,0.34825440375752,0.0204881668125341,0.031158167008212,-0.00378251015326739
-0.914951160679545,1.16196238305584,-0.0365767635604852,0.341724981103194,0.0218373579988801,0.0312704799354979,-0.00489555740542564
-0.908891546527141,1.1687276777419,-0.0356545006398491,0.33412139924817,0.0231046733318484,0.0311339156072294,-0.00587953131119411
-0.897989426044029,1.17316419996722,-0.0347490734640209,0.325970106913897,0.0242521439328629,0.0307328295075362,-0.00669483091251619
-0.882810311209485,1.17488402405764,-0.0339265060908301,0.31780020596953,0.0252445802274965,0.0300681818120196,-0.00730735084160259
-0.863998727771101,1.1734968264293,-0.0332348130671458,0.310047967953768,0.0260566699822417,0.0291613122116454,-0.00769228850326535
-0.842173827315658,1.16863858879082,-0.0326965036700483,0.302971088107572,0.0266788655944333,0.0280535316296345,-0.00783740455013429
-0.817843802412308,1.15998535358828,-0.0323082543648734,0.296605152900533,0.0271195354985459,0.0268008740883906,-0.00774457982907378
-0.791372614573791,1.14725358475994,-0.03204769133031,0.290779914348734,0.0274023707229069,0.0254653285007644,-0.00742900210862512
-0.763008390179286,1.13019601081048,-0.0318840793976437,0.285187117495252,0.0275602163581108,0.0241053093613039,-0.00691622102397152
-0.732953601218659,1.10860319253903,-0.0317884092208508,0.279470939221554,0.0276279113496252,0.0227681333027999,-0.00623807105201633
-0.701441638454214,1.08231576817773,-0.0317395581631417,0.273308436192853,0.0276365850457916,0.0214860187484689,-0.00542865086678281
-0.668789337826156,1.05124465806192,-0.031725671360171,0.266459233297833,0.0276106069737318,0.0202755751898485,-0.00452119844299237
-0.635412504588417,1.01539160436927,-0.0317419637023048,0.258780351464258,0.0275670412017894,0.0191397418565883,-0.00354616645005395
-0.601808617953257,0.974862178369627,-0.0317869255339075,0.250213993336846,0.0275167096390564,0.0180708914748281,-0.00253039115590722
-0.568520075355598,0.929866768337358,-0.0318586298591351,0.240760329427832,0.0274658902798061,0.0170540898007475,-0.00149705973360524
-0.536091924793247,0.880709296419754,-0.0319521208298233,0.230445909505261,0.0274179671035805,0.0160699460878178,-0.000466159822579231
-0.505033626316728,0.827766522095689,-0.0320582184777714,0.219294738877612,0.0273747020061501,0.0150968771704648,0.00054484801111575
-0.475788995923652,0.771462230830594,-0.0321636963814383,0.207305807677705,0.027337058542127,0.0141128571022931,0.00152032143095565
-0.448714439343404,0.712240532886859,-0.0322526298234512,0.194438852160631,0.0273056391843705,0.0130968348028925,0.00244581666939163
-0.424063729994802,0.650541724922746,-0.0323086504167451,0.180609280751309,0.0272808408716126,0.0120300099034446,0.0033076393266556
-0.401977638296514,0.586783252111226,-0.032317773569511,0.165692917617364,0.0272628329510577,0.0108970962950241,0.00409261467843728
-0.38247793489492,0.521347477133838,-0.0322713466373088,0.149540825500052,0.0272514471008047,0.00968760102123784,0.00478809848570955
-0.365466815691462,0.454577168926146,-0.0321685298998921,0.132003461595947,0.0272460517234056,0.00839702783853737,0.00538221822108822
-0.350733847117222,0.386778753153669,-0.0320176586223528,0.112961659557969,0.0272454646541101,0.00702781005430414,0.00586429786009447
-0.337972459545362,0.318232309781364,-0.031835942063495,0.0923597587659143,0.0272479341795044,0.00558972113269071,0.00622538138643142
-0.326806529046076,0.24920611903778,-0.0316472816359226,0.0702344290962233,0.0272511878584015,0.00409953524404314,0.00645874199047884
-0.31682511734216,0.179972695958872,-0.0314784898314447,0.0467324157992457,0.0272525274813386,0.00257982692245064,0.00656026145421746
-0.307620781586293,0.110822900289286,-0.0313546870716349,0.022112141068045,0.0272489381605814,0.00105698032047814,0.00652859407730048
-0.298825260432319,0.0420751867679414,-0.031294944194402,-0.0032723499395812,0.0272371901654927,-0.000441333273139505,0.0063650868399979
-0.290136535809658,-0.0259218004950103,-0.0313091840234853,-0.0290023875142298,0.0272139331253899,-0.00188882579443795,0.00607349173499799
-0.281333256239856,-0.0927936518731135,-0.0313969756595351,-0.0546345307280894,0.0271758001168839,-0.00326300779481965,0.00565955346802204
-0.272275479125919,-0.158150711967459,-0.0315483072774766,-0.0797417513026034,0.0271195406685775,-0.00454703129471399,0.00513057085320404
-0.262893673978449,-0.221602913215094,-0.0317459256414354,-0.103949123245388,0.0270421958536591,-0.00573079177138829,0.00449501688174979
-0.253169928187322,-0.282776807423356,-0.0319685194280497,-0.126959399337411,0.0269413094851192,-0.00681128005185077,0.00376227075953375
-0.243116186505264,-0.341332733007922,-0.0321939683697847,-0.14856659253954,0.0268151650472415,-0.00779230082511216,0.00294248518585132
-0.232754038430845,-0.39698030526549,-0.0324020192187628,-0.168658077934323,0.0266630329103312,-0.00868374406489548,0.00204658936232037
-0.222099371511708,-0.449490545892777,-0.0325759974940203,-0.187207245891521,0.02648540144628,-0.00950060332237304,0.00108641560208228
-0.211153593071291,-0.498702955423022,-0.0327034507983823,-0.204259305096543,0.0262841534359543,-0.0102618922866492,7.49341039219487e-05
-0.199901199613428,-0.544525584633181,-0.0327758665537396,-0.219912568727904,0.0260626154326955,-0.0109895297369197,-0.000973420583901071
-0.188311729013818,-0.586926269864253,-0.0327878166259059,-0.234296962657778,0.0258253857454583,-0.0117071687300352,-0.00204234821567174
-0.176342667458674,-0.625914026572678,-0.0327360242656309,-0.247550951362678,0.025577837686134,-0.0124388568426144,-0.00311323130634962
-0.163939067133025,-0.661511576163897,-0.0326189118380963,-0.259797959773581,0.0253252224070947,-0.0132073558109124,-0.00416467866857725
-0.151025935810575,-0.693723206368326,-0.0324371319548472,-0.27112387819077,0.0250713791423702,-0.0140319523975891,-0.0051721470008657
-0.137491462130685,-0.722506160320268,-0.032195348961852,-0.2815583311416,0.0248172102536394,-0.0149256964252709,-0.00610777834760987
-0.123163273117007,-0.747757335580013,-0.031905074965786,-0.291063743220801,0.0245592853558251,-0.0158922434266639,-0.00694065469082319
-0.107785763364067,-0.769327954318326,-0.0315876984298027,-0.299537045571935,0.0242891402503744,-0.0169228545248876,-0.00763771654023872
-0.0910120385164827,-0.78707397145033,-0.0312761728398394,-0.306827916156149,0.0239938996686335,-0.0179945155123471,-0.00816556635463412
-0.0724252841803864,-0.800937285438578,-0.0310135902102129,-0.312773636080427,0.0236586056117994,-0.0190703464772399,-0.00849320973218696
-0.0515973297907545,-0.811035022758506,-0.0308475793381748,-0.317244306261093,0.0232699969352388,-0.0201031810801696,-0.00859545082542133
-0.0281763138052126,-0.817720319534814,-0.0308212752914841,-0.320185864565609,0.0228206324269492,-0.0210422395331161,-0.00845624884407033
-0.00197748199537321,-0.821580381017784,-0.0309637709379225,-0.321646424819486,0.022311679329316,-0.0218414792155732,-0.00807110241735404
0.0269566811745426,-0.823360903771389,-0.0312840255582512,-0.32177677384993,0.0217529403842131,-0.0224672217628129,-0.00744770107948933
0.0583506500069359,-0.823839126266922,-0.0317711003087577,-0.320806346303558,0.0211598244618808,-0.0229027496695498,-0.00660466845807342
0.0917447706394209,-0.823690208204915,-0.0324007808941331,-0.319005415679296,0.0205483562718001,-0.0231487950412281,-0.00556890736173988
0.126577675201125,-0.823389952133394,-0.0331458812227495,-0.316647022155178,0.0199301109122463,-0.0232204596201052,-0.00437245053874314
0.162273235248083,-0.823176012157783,-0.0339863514196025,-0.31397795589055,0.0193087829168514,-0.0231421904073359,-0.00304967312799766
0.198309969467635,-0.823065504843547,-0.0349159430572304,-0.311200871108355,0.0186792759348518,-0.0229425857940844,-0.0016353826165616
0.234264243057282,-0.822912058865823,-0.0359437246153236,-0.308463737474169,0.0180293298233903,-0.0226502560592878,-0.00016392285549281
0.269829877490099,-0.822482383991252,-0.0370902007827469,-0.305850533370723,0.0173431750900632,-0.0222911945713433,0.0013308320906169
0.304821758802152,-0.821536592677551,-0.038378742704078,-0.303368374348721,0.0166065370573862,-0.0218874886168004,0.00281484607430279
0.339169984653474,-0.819901609394257,-0.0398236411896594,-0.300930310966246,0.0158122893785404,-0.0214568374469783,0.00425296340445054
