0.4,-1.5690860141,-1.4795687841,-0.137132142,-1.09768027,0.135447267,0.0749668433
0.399696724669393,-1.56908051138077,-1.47960795779943,-0.137423009658347,-1.09768237435449,0.135530074768306,0.0746563802430322
0.398787392692202,-1.56906407267838,-1.47972522074757,-0.138294195060071,-1.09768869311898,0.135778258540728,0.0737353850432259
0.397273484618811,-1.56903690502897,-1.47991979636765,-0.139741445225901,-1.09769924400646,0.136191086067366,0.0722348423038043
0.395157462527372,-1.56899934906936,-1.48019038414838,-0.141757671664482,-1.09771405851702,0.136767292422581,0.0702057317917761
0.392442763642149,-1.56895187250447,-1.48053515278534,-0.144332948887381,-1.09773318470199,0.137505015698346,0.0677180284801091
0.389133791175362,-1.56889506110551,-1.4809517356622,-0.147454513762208,-1.09775669069938,0.138401712881271,0.064859284743949
0.385235903636161,-1.5688296074319,-1.48143723274915,-0.151106765747606,-1.09778466879702,0.13945406117966,0.0617327837877979
0.380755402359788,-1.56875629751736,-1.48198822332291,-0.155271269825925,-1.09781723985305,0.140657851685768,0.0584552559576871
0.375699518916863,-1.56867599587334,-1.48260079317254,-0.159926762507869,-1.097854558023,0.142007882605506,0.0551541598397832
0.370076402314062,-1.56858962920979,-1.48327057907761,-0.165049163275931,-1.09789681594288,0.143497860163258,0.0519645419472639
0.363895106629088,-1.5684981693515,-1.4839928316773,-0.170611593436168,-1.09794425072084,0.14512031492964,0.049025507487978
0.357165579599704,-1.56840261586758,-1.48476249601932,-0.176584404705927,-1.09799715127234,0.146866540573975,0.0464763562832966
0.349898652490152,-1.56830397893966,-1.48557430723391,-0.182935220202329,-1.09805586763467,0.14872656070073,0.0444524619096413
0.342106031678968,-1.56820326297379,-1.48642289713155,-0.189628990448231,-1.09812082286176,0.150689127471747,0.0430809970014854
0.333800291665898,-1.56810145139647,-1.487302906422,-0.196628067598832,-1.09819252790457,0.152741753610634,0.0424766310795339
0.32499486973868,-1.56799949300567,-1.48820909658761,-0.203892300401178,-1.09827159950036,0.154870776807059,0.042737347869671
0.315704061844896,-1.56789829014784,-1.48913645553939,-0.211379152655049,-1.09835878056879,0.157061453411855,0.0439405439347832
0.305943019565207,-1.56779868890392,-1.49008029172218,-0.21904384716168,-1.09845496198061,0.159298076331794,0.0461395782772104
0.295727747581399,-1.567701471379,-1.49103631238676,-0.22683953696603,-1.09856120392008,0.16156411090751,0.0493609415010863
0.285075101106108,-1.56760735012397,-1.49200068298316,-0.234717504917708,-1.09867875448767,0.163842342084826,0.0536022022262761
0.274002782697452,-1.56751696466873,-1.49297006595626,-0.242627391820363,-1.09880906278617,0.166115026587314,0.0588308670305488
0.262529337763529,-1.56743088011173,-1.49394163849514,-0.250517452678489,-1.09895378358646,0.168364044965277,0.0649842585339419
0.250674147977252,-1.5673495876867,-1.49491308990243,-0.258334839714216,-1.09911477083968,0.170571050100152,0.0719704752723805
0.23845742194252,-1.56727350720602,-1.49588260015615,-0.266025909837623,-1.09929405781453,0.172717610656566,0.0796704483845024
0.225900182359992,-1.56720299125191,-1.49684880197043,-0.273536553444105,-1.09949382247921,0.174785349838471,0.0879410567015398
0.213024248969273,-1.5671383309487,-1.49781072920893,-0.280812540567244,-1.09971633784711,0.176756081214086,0.0966192068391092
0.199852216743246,-1.56707976310161,-1.49876775488316,-0.287799879583174,-1.09996390825187,0.178611944069029,0.105526732164448
0.186407428637569,-1.56702747843016,-1.49971952222733,-0.29444518320267,-1.10023879377597,0.180335540675956,0.11447591851586
0.172713942579616,-1.56698163056959,-1.50066587240711,-0.300696035900451,-1.10054312616152,0.181910076899949,0.123275428490793
0.158796492324946,-1.56694234546551,-1.50160677236001,-0.306501356842866,-1.10087882036151,0.183319506026532,0.131736373731468
0.144680441978296,-1.56690973075802,-1.50254224602096,-0.311811752399394,-1.10124748634442,0.184548673788078,0.139678277399892
0.130391734167016,-1.56688388474659,-1.50347231178472,-0.31657985259923,-1.10165034581448,0.185583460679217,0.146934677562367
0.115956831964861,-1.56686490454954,-1.50439692852644,-0.320760626430736,-1.10208815819103,0.186410916160989,0.153358145542657
0.101402654691379,-1.56685289312165,-1.50531595188766,-0.32431167159662,-1.1025611595901,0.187019378534163,0.158824529041716
0.0867565082341121,-1.56684796486479,-1.50622910185382,-0.327193475031581,-1.10306901776422,0.187398574258909,0.163236274382676
0.0720460102945594,-1.56685024965242,-1.50713594203972,-0.32936964149512,-1.10361080513279,0.187539691417982,0.166524732370298
0.0572990114175782,-1.5668598951817,-1.50803587051498,-0.330807088349365,-1.10418499122031,0.187435423652762,0.168651403354752
0.0425435125405296,-1.56687706765867,-1.50892812155939,-0.331476205554398,-1.10478945509849,0.187079983099742,0.16960812624286
0.0278075802797454,-1.56690195090594,-1.50981177738328,-0.331350980694112,-1.10542151776595,0.186469083299227,0.169416260241508
0.0131192609859761,-1.56693474405366,-1.51068578866107,-0.330409089687181,-1.10607799381456,0.185599895454937,0.168124945400556
-0.00149350532071914,-1.56697565803104,-1.51154900264307,-0.328631954531866,-1.10675526115193,0.184470983481502,0.165808557095718
-0.0160029698326959,-1.56702491111498,-1.51240019762797,-0.326004770100799,-1.10744934694255,0.183082224796348,0.162563490242838
-0.0303816575961359,-1.56708272381395,-1.51323812271805,-0.32251650257773,-1.10815602730526,0.181434724604292,0.158504421371391
-0.0446024466809548,-1.5671493133692,-1.51406154197854,-0.318159862646337,-1.10887093763836,0.17953073147257,0.153760201399127
-0.0586386430006576,-1.56722488814312,-1.51486928243285,-0.312931256881823,-1.10958968981488,0.177373561254694,0.148469529859763
-0.0724640498476104,-1.56730964213505,-1.51566028568793,-0.306830721063512,-1.11030799191007,0.174967535066615,0.142776553745007
-0.0860530314167396,-1.56740374982124,-1.51643366343401,-0.299861839220259,-1.11102176567707,0.172317935152841,0.136826522182684
-0.0993805696653947,-1.56750736145827,-1.51718875757044,-0.292031652214342,-1.11172725669975,0.16943098033889,0.130761613279783
-0.112422314272279,-1.56762059892273,-1.51792520628662,-0.283350559338225,-1.11242113207369,0.16631382047054,0.124717032724757
-0.125154625135432,-1.56774355207851,-1.51864301798278,-0.273832216342204,-1.11310056054107,0.162974547206878,0.118817466867834
-0.137554607530996,-1.56787627557898,-1.51934265550185,-0.263493432631527,-1.1137632703119,0.159422216580531,0.113173956279079
-0.149600139892733,-1.56801878591237,-1.52002513356954,-0.252354070058458,-1.11440758023073,0.155666877346629,0.107881240890069
-0.161269894431616,-1.56817105838994,-1.52069213254118,-0.24043694519269,-1.11503240056644,0.151719598135364,0.103015614785541
-0.172543350885329,-1.56833302365158,-1.52134613126987,-0.227767736564417,-1.11563720053788,0.147592485942104,0.0986333180519552
-0.183400804198545,-1.56850456312703,-1.52199056082249,-0.214374897539727,-1.11622194090967,0.143298688296797,0.0947694845043395
-0.193823366588968,-1.5686855027289,-1.52262997826306,-0.200289575549278,-1.1167869717861,0.13885237194175,0.0914376577696077
-0.203792965066509,-1.56887560390262,-1.52327025513409,-0.185545537524633,-1.11733289858468,0.134268671375831,0.0886298826598643
-0.213292335348675,-1.56907455103411,-1.52391876751466,-0.170179101272957,-1.11786042351915,0.129563601793709,0.0863173737664129
-0.222305013287006,-1.5692819342089,-1.5245845626543,-0.1542290720925,-1.11837017637708,0.124753932602033,0.08445175701652
-0.230815325015563,-1.56949722655962,-1.52527846059633,-0.137736683461369,-1.11886255725235,0.119857020334549,0.0829668710825117
-0.238808376835954,-1.56971975613378,-1.52601302888047,-0.120745540542338,-1.11933762471873,0.114890604201856,0.0817811019932615
-0.246270045965971,-1.56994867362604,-1.52680234870387,-0.10330156445525,-1.11979507358865,0.109872574167278,0.0808002036808975
-0.253186972913423,-1.57018291961904,-1.52766148149536,-0.085452935124533,-1.12023435191116,0.104820731230987,0.0799205279090903
-0.259546555977092,-1.57042119806413,-1.52860556168864,-0.0672500302853209,-1.12065495911487,0.0997525715423895,0.0790325493546446
-0.265336948419707,-1.57066196586588,-1.52964850290921,-0.0487453574220204,-1.12105693677707,0.0946851366523198,0.0780245309050461
-0.270547058520172,-1.57090344996089,-1.53080141930992,-0.0299934762885043,-1.12144150575557,0.0896349758215589,0.0767861432614819
-0.275166553261804,-1.57114370107015,-1.53207101157666,-0.0110509094439226,-1.12181172828558,0.0846182539250779,0.075211850376288
-0.279185866856639,-1.57138068588777,-1.53345828748846,0.00802396080447265,-1.12217301165455,0.0796510063166015,0.0732039143958868
-0.282596215842772,-1.57161240800572,-1.53495799644223,0.0271710097264967,-1.1225332637819,0.0747494958689346,0.0706749589197277
-0.285389622642935,-1.57183703687238,-1.53655900539374,0.0463285017021737,-1.12290258671805,0.0699305861416449,0.0675501279098081
-0.2875589490484,-1.57205301941611,-1.53824557004301,0.0654332364393238,-1.12329253228568,0.0652120306138638,0.0637689420349857
-0.289097939821934,-1.57225915372439,-1.53999918596101,0.0844207100806702,-1.12371508099303,0.0606126017836109,0.0592869506839748
-0.290001275493681,-1.57245461610499,-1.5418005709375,0.103225293468013,-1.12418157421133,0.0561520333580746,0.0540772112813459
-0.290264632233825,-1.57263894581813,-1.54363137611897,0.121780428733097,-1.12470180697835,0.0518508000378974,0.0481315399705043
-0.289884746391425,-1.57281200025279,-1.54547539055682,0.140018846122881,-1.12528340423912,0.0477297901900023,0.0414614157490756
-0.288859481250087,-1.57297389572835,-1.54731919349712,0.157872801025453,-1.12593150613011,0.0438099338469547,0.0340983997650961
-0.287187893769448,-1.57312494608572,-1.54915233644066,0.175274331822321,-1.12664872182641,0.0401118343883781,0.0260939700018535
-0.284870299318416,-1.57326560709719,-1.55096719863603,0.192155535735888,-1.1274352781981,0.036655436424643,0.017518714282303
-0.28190833261858,-1.57339643024657,-1.55275865659145,0.208448860178508,-1.12828928957177,0.0334597449957945,0.00846088556130538
-0.278305003213188,-1.57351802646662,-1.55452367800395,0.224087406120012,-1.12920708881971,0.0305426005304737,-0.000975628074478545
-0.274064744016608,-1.57363103878035,-1.55626091303348,0.239005239062915,-1.13018357793174,0.0279205082521087,-0.0106738288388669
-0.269193451705871,-1.57373612217771,-1.55797032382822,0.253137703382879,-1.1312125718202,0.0256085181707478,-0.0205065157964566
-0.263698518046905,-1.57383392904358,-1.55965287041177,0.266421735758625,-1.13228712032379,0.0236201510266927,-0.0303394448998019
-0.257588851347032,-1.57392509872246,-1.56131025704121,0.278796174367493,-1.13339980057838,0.0219673651843408,-0.0400346118759369
-0.250874887688132,-1.57401025014556,-1.5629447355171,0.29020206046027,-1.13454297607054,0.0206605592677207,-0.0494535317832836
-0.243568591469803,-1.57408997677316,-1.56455895872389,0.300582930395188,-1.13570902109054,0.0197086047115242,-0.0584604013108683
-0.235683444800859,-1.57416484336123,-1.56615587684304,0.309885096610499,-1.13689051062294,0.01911890189579,-0.0669250466586422
-0.227234425583934,-1.57423538424417,-1.5677386690727,0.318057916025776,-1.13808037648137,0.018897453102147,-0.0747255797418008
-0.218237973566178,-1.57430210295607,-1.56931070482502,0.325054045339212,-1.13927203116065,0.0190489452491069,-0.0817507081041796
-0.208711944396198,-1.57436547308246,-1.5708755293985,0.330829681797493,-1.14045946120944,0.0195768355578007,-0.0879016651540982
-0.198675551403867,-1.57442594028399,-1.57243687037543,0.335344788620675,-1.14163729232188,0.0204834337181218,-0.0930937486278958
-0.188149295365341,-1.57448392547662,-1.57399866260621,0.338563303892241,-1.14280082803018,0.021769974881026,-0.0972574741010624
-0.177154882753987,-1.57453982906038,-1.57556508725112,0.340453331737036,-1.14394606628066,0.0234366791567677,-0.100339360357182
-0.165715133297232,-1.57459403634246,-1.57714062838125,0.340987314812716,-1.14506969302322,0.0254827940286736,-0.102302384440936
-0.153853878331513,-1.57464692407124,-1.57873014372515,0.340142187106059,-1.14616905676652,0.0279066178783275,-0.10312614078955
-0.141595851338642,-1.57469886817166,-1.58033895098377,0.337899506367166,-1.14724212487022,0.0307055040813411,-0.102806746735924
-0.128966572772581,-1.57475025282628,-1.5819729317706,0.334245565638578,-1.14828742195645,0.0338758467179991,-0.10135653345349
-0.115992231340049,-1.57480148099552,-1.58363865186434,0.329171483762208,-1.14930395130895,0.0374130493452742,-0.0988035616980115
-0.102699563857121,-1.57485298681766,-1.58534350419477,0.322673274608406,-1.15029109750101,0.041311481669514,-0.0951909854500675
-0.0891157363639611,-1.57490525026058,-1.58709587461354,0.31475189541167,-1.15124850953496,0.0455644283423602,-0.0905762874096876
-0.0752682287048227,-1.57495881468755,-1.58890533319692,0.305413274498973,-1.15217596294106,0.0501640365945367,-0.0850303965084919
-0.0611847249256412,-1.57501430822976,-1.59078285204555,0.29466831891422,-1.15307319971417,0.0551012707629691,-0.0786366898926139
-0.0468930116044407,-1.57507247016987,-1.59274104759549,0.282532902510804,-1.15393974634105,0.0603658835124764,-0.0714898746226429
-0.0324208859511903,-1.57513418391363,-1.59479443943395,0.269027835074683,-1.15477471326634,0.0659464154602727,-0.0636947394230716
-0.0177960751701797,-1.57520051853413,-1.59695970629887,0.254178812941638,-1.15557658511732,0.0718302369009782,-0.055364764751126
-0.00304616848115054,-1.57527278123282,-1.59925589971554,0.238016351714848,-1.15634302165998,0.0780036469768339,-0.0466205803848462
0.0118014377282078,-1.57535258317395,-1.60170454135238,0.220575700977886,-1.15707070757406,0.0844520466275793,-0.0375882619071283
0.0267195809225516,-1.57544192056861,-1.60432947406892,0.201896741238054,-1.15775531825874,0.0911601995611024,-0.028397458984095
0.0416813600289653,-1.57554327076007,-1.60715625139763,0.182023862265502,-1.1583917129653,0.0981125879713941,-0.0191793418266915
0.0566601501513024,-1.57565969785206,-1.61021073314842,0.161005821983352,-1.15897452641614,0.105293849773519,-0.0100643288122695
0.0716296062362683,-1.57579495180783,-1.61351642501987,0.138895583793262,-1.15949939588106,0.112689243075791,-0.00117950230582598
0.0865636585026594,-1.57595352633617,-1.61709002935086,0.115750129976652,-1.15996509506982,0.120285009339216,0.00735448066068902
0.101436504400751,-1.57614061398575,-1.62093483496032,0.0916302487163263,-1.16037676095675,0.128068396014324,0.0154273139015922
0.116222604125416,-1.57636186996165,-1.62503225608322,0.0666002938966338,-1.16075004746279,0.136026981131456,0.0229442381831817
0.130896687687892,-1.57662289514348,-1.62933329223498,0.0407279221278705,-1.16111529156164,0.144146916311281,0.0298328240930011
0.145433779609575,-1.5769284171059,-1.63375365465966,0.0140838188471984,-1.16151977522591,0.152409950168356,0.0360510434930641
0.159809238423698,-1.57728131165602,-1.63817734184068,-0.0132585667032158,-1.16202565500291,0.160789736211258,0.0415951301944038
0.173998795761398,-1.57768180135959,-1.64247128852517,-0.0412232597501225,-1.16270225815607,0.169248738308818,0.0465045222740731
0.187978572885247,-1.57812721410898,-1.64650791339908,-0.0697319692481232,-1.16361441851413,0.177737316578377,0.0508612299478928
0.201725061601487,-1.57861245665858,-1.65018685280706,-0.0987042869868295,-1.16481133717339,0.186195725276993,0.0547829427874822
0.215215078846535,-1.57913098648174,-1.65344726616272,-0.128057906427987,-1.16632036391635,0.194558265790243,0.0584119397349338
0.228425719677108,-1.57967585902944,-1.65626800645262,-0.157708880345856,-1.16814704937682,0.202757920239166,0.0619031379305223
0.241334331094801,-1.58024051317591,-1.65865918540881,-0.187571916573717,-1.17027962907628,0.210730057033194,0.0654138094780707
0.253918515347222,-1.58081918683893,-1.66065081142774,-0.217560698146662,-1.17269501633104,0.218414693309409,0.0690958091403267
0.266156159303748,-1.58140702956632,-1.66228266687729,-0.247588213149142,-1.1753641663711,0.22575752045672,0.0730899724800212
0.278025481651676,-1.58200003583556,-1.66359710779448,-0.277567084577194,-1.17825594910394,0.232710157389378,0.0775220075261359
0.289505090374218,-1.58259490332705,-1.66463475330046,-0.307409895882457,-1.18133954563848,0.239230037772816,0.0824993637478683
0.300574045491007,-1.5831888794835,-1.66543233942693,-0.337029510817961,-1.18458573693552,0.245280180871784,0.0881088298066867
0.311211924093488,-1.5837796258942,-1.66602195118651,-0.366339386578195,-1.18796748340987,0.250828961387552,0.0944148022113985
0.321398886286996,-1.58436510974536,-1.66643102728024,-0.395253879455256,-1.19146010201594,0.255849911827097,0.101458252521866
0.331115741194613,-1.58494352175587,-1.66668274159528,-0.423688541252586,-1.19504124039666,0.260321551606245,0.109256430998302
0.34034401260418,-1.58551321631898,-1.66679652959816,-0.451560404538143,-1.19869076408224,0.264227222939232,0.117803315752332
0.349066003876739,-1.58607266908847,-1.66678863441816,-0.478788254412179,-1.20239062017542,0.267554916982095,0.127070770733885
0.357264861849837,-1.58662044739067,-1.66667261516633,-0.505292884553687,-1.20612470399099,0.270297071068689,0.137010336765418
0.364924639439065,-1.58715519011211,-1.66645979265158,-0.530997335560763,-1.20987874161701,0.27245033154904,0.147555539529749
0.372030356723298,-1.58767559435803,-1.66615962813372,-0.555827114098072,-1.21364019006386,0.274015279165494,0.158624576638956
0.378568060194838,-1.5881804069098,-1.66578003915254,-0.579710391518488,-1.21739815297149,0.274996119427434,0.170123232908264
0.384524880010374,-1.58866841905547,-1.66532765999668,-0.602578181651373,-1.22114330847898,0.275400344081127,0.181947872461941
0.389889085024814,-1.5891384637607,-1.66480805522158,-0.624364497810912,-1.22486784571778,0.275238372107942,0.193988365745055
0.394650135503548,-1.58958941444307,-1.66422589420717,-0.645006489962961,-1.22856540689545,0.274523180000616,0.206130827434699
0.398798733444458,-1.59002018482166,-1.66358509382439,-0.664444563458647,-1.23223103253676,0.273269931531462,0.218260064986909
0.402326870624189,-1.59042972947294,-1.66288893522674,-0.682622481478152,-1.23586110802269,0.271495617127902,0.230261665125044
0.405227874819682,-1.59081704485029,-1.66214015977787,-0.699487454299461,-1.23945330999591,0.26921871251278,0.242023674831483
0.407496455136502,-1.59118117062026,-1.66134104827052,-0.71499021939675,-1.24300655133669,0.266458865726978,0.253437862199791
0.409128748211951,-1.59152119124671,-1.6604934869453,-0.729085117490956,-1.24652092318918,0.263236621378933,0.264400569347876
0.410122368693472,-1.59183623787039,-1.65959902329139,-0.741730173440896,-1.24999763239135,0.259573190756223,0.274813195168271
0.410476469343902,-1.59212549063489,-1.65865891430642,-0.752887194823451,-1.2534389320898,0.255490276585494,0.284582367798399
0.410191818336937,-1.59238818192441,-1.65767416901172,-0.762521913632354,-1.25684804510939,0.25100995817949,0.293619892711656
0.409270897636817,-1.59262360153779,-1.65664558410619,-0.770604213848854,-1.26022908717933,0.246154628238798,0.301842594458264
0.407717997002246,-1.59283110596343,-1.65557376100249,-0.777108505650625,-1.26358702527099,0.240946916847264,0.30917222010523
0.405539178347847,-1.59301013417721,-1.65445906861198,-0.782014232360031,-1.26692776324908,0.235409409305433,0.315535584197791
0.402741871498156,-1.59316022439248,-1.65330151586523,-0.785306097249372,-1.27025842072237,0.2295639510645,0.320864825851646
0.39933417280319,-1.59328100953711,-1.65210062170997,-0.786973227888118,-1.2735875224885,0.223430984838141,0.32509699488244
0.39532452398783,-1.59337218658115,-1.65085544934472,-0.78700766430687,-1.27692469246286,0.217029836079241,0.328172810477503
0.390721945148521,-1.59343349607197,-1.6495647225935,-0.785403697007711,-1.280280174046,0.210379572524594,0.330036015361814
0.385536321246184,-1.59346472632133,-1.64822686478746,-0.782158185364676,-1.2836645952613,0.203499575272519,0.330633966710277
0.379778522906768,-1.59346572708837,-1.6468399616182,-0.777271102846956,-1.28708891324455,0.196409784047894,0.329918961391136
0.373460414039286,-1.59343642240715,-1.64540169280499,-0.770745965032906,-1.29056439288103,0.189130840036719,0.327849923142517
0.366594810809416,-1.59337682057497,-1.64390925130637,-0.762590123108575,-1.29410256740489,0.181684228994594,0.324394365162231
0.359195423382323,-1.59328702181662,-1.64235925264289,-0.752814972250432,-1.29771517524057,0.174092444260162,0.319530615027486
0.351276792090202,-1.59316722426698,-1.64074763163841,-0.741436111900178,-1.30141407943137,0.166379161282649,0.313250269979336
0.34285422287178,-1.59301772867137,-1.63906952238457,-0.728473478147414,-1.30521117729428,0.158569410874203,0.305560811825673
0.333943724602932,-1.59283894195098,-1.63731911819105,-0.71395145755025,-1.30911830681235,0.150689734907066,0.296488279251235
0.324561949693918,-1.59263137985938,-1.63548950445437,-0.697898985762032,-1.31314715914888,0.142768314816216,0.28607985003317
0.314726139528965,-1.5923956688515,-1.63357245893426,-0.680349631140121,-1.31730920597705,0.134835059319173,0.274406166415622
0.304454075766402,-1.59213254743242,-1.63155821079274,-0.661341661380973,-1.32161565339121,0.126921641971719,0.261563208262129
0.293764038466244,-1.59184286738769,-1.62943514763818,-0.640918090285724,-1.32607743627882,0.119061481609992,0.247673504985306
0.282674771766132,-1.59152759549848,-1.62718945669833,-0.619126701168789,-1.33070526948778,0.111289662552983,0.232886474789489
0.271205457473294,-1.59118781661485,-1.62480468222322,-0.596020043088925,-1.33550977448427,0.10364279629809,0.21737769259623
0.259375696670464,-1.59082473932866,-1.62226117614928,-0.571655396325373,-1.34050170220445,0.0961588323159952,0.201346919038619
0.24720549888537,-1.5904397059841,-1.6195354127086,-0.546094703576861,-1.34569227449548,0.088876831884783,0.185014772997259
0.23471527815643,-1.59003420947154,-1.61659913012437,-0.519404464354514,-1.35109366761332,0.0818367257602099,0.168617999606898
0.221925854868098,-1.5896099202536,-1.61341825397191,-0.491655590721429,-1.35671966188282,0.0750790831941731,0.152403370856365
0.208858461915852,-1.58916872853168,-1.60995154834672,-0.462923223481702,-1.36258648139321,0.0686449267232526,0.13662035198824
0.195534753637142,-1.58871280859626,-1.60614893544563,-0.433286509057678,-1.36871384548823,0.062575634852297,0.121512766289384
0.181976816046488,-1.58824471551118,-1.60194942782735,-0.402828338457377,-1.37512624709163,0.0569129845631639,0.10730978422906
0.16820717711625,-1.58776752870884,-1.59727864372079,-0.371635050311175,-1.38185445538276,0.0516993993962929,0.094216640049917
0.154248816618546,-1.58728506313474,-1.5920459511059,-0.339796100492307,-1.38893719866047,0.0469784889019683,0.0824055308469859
0.140125175910324,-1.58680217612956,-1.58614146168624,-0.30740369944163,-1.39642289215698,0.0427959914754456,0.0720071718929521
0.12586017001643,-1.58632520576413,-1.57943346245556,-0.274552415923114,-1.40437108898337,0.0392012589623302,0.0631034654354353
0.111478206656749,-1.5858625785202,-1.57176757454248,-0.241338738868659,-1.41285297827845,0.0362494241465653,0.0557216931846766
0.0970042201337025,-1.58542560728539,-1.56297014510256,-0.20786057718847,-1.42194964389472,0.0340043107016057,0.0498305882093722
0.082463730648001,-1.58502943493894,-1.55286017202058,-0.174216659949507,-1.43174590064385,0.0325418505100364,0.0453386299121198
0.0678829368510545,-1.58469391449415,-1.54127590097557,-0.140505782146778,-1.44231661769181,0.0319530558771599,0.0420950204618321
0.0532888309311633,-1.58444390750608,-1.52812198614997,-0.106825849188707,-1.45370260406059,0.0323442782072876,0.0398941207022396
0.0387092750617165,-1.58430809218293,-1.5134361465245,-0.0732727522152082,-1.4658767028031,0.0338309000728231,0.0384845493264658
0.0241728975742275,-1.58431528268483,-1.49745602749294,-0.0399392956779038,-1.47870998953654,0.0365204548990842,0.0375840939353224
0.00970862741963245,-1.58448818666939,-1.48064384444707,-0.00691461832267411,-1.49195962819143,0.0404854556626554,0.0368999740827644
-0.00465517036817685,-1.58483665550462,-1.46362620808406,0.0257154768453659,-1.50529988316974,0.0457353844337919,0.0361505993912557
-0.0188916530786799,-1.58535410131317,-1.44705479935924,0.0578673515701655,-1.51839322073574,0.0522036125295172,0.0350824097327273
-0.0329760432396992,-1.58601937490363,-1.43145765377863,0.0894582071737376,-1.53096599692471,0.0597581416541239,0.0334775025777258
-0.0468855059668584,-1.58680272090475,-1.41715748712914,0.12040538366916,-1.54284997728398,0.0682290532998013,0.0311535595709885
-0.0605985769250992,-1.58767228000202,-1.40427559725423,0.150626534169853,-1.55398035033933,0.0774371274595592,0.0279611622888513
-0.0740945360994612,-1.58859859106099,-1.39278653221582,0.180040376626782,-1.56436793322172,0.0872131429487441,0.0237823050672328
-0.0873529705811798,-1.5895566314555,-1.3825811834561,0.208567589328078,-1.57406706975794,0.0974064893120932,0.0185308438047511
-0.100353561879106,-1.59052613293024,-1.37351552094631,0.236131580195196,-1.58315079808368,0.107886581440159,0.0121538661398662
-0.113076031869072,-1.59149105362552,-1.36544064183596,0.262659051674438,-1.5916955009024,0.118540891706588,0.00463280319148869
-0.125500171797817,-1.59243879280395,-1.35821818507859,0.288080384592037,-1.59977299205041,0.129272020193009,-0.00401641570539005
-0.137605903340887,-1.5933594341859,-1.35172655191159,0.312329891469446,-1.60744728080375,0.139994919945509,-0.0137443828462853
-0.149373345355209,-1.59424511839814,-1.3458621274047,0.335345983042798,-1.61477388137462,0.150634630626783,-0.0244703240981394
-0.160782875803811,-1.59508955702863,-1.34053812936,0.35707127764054,-1.62180032906983,0.161124532559205,-0.0360850773205993
-0.171815186646251,-1.59588766822764,-1.3356825405721,0.377452671664699,-1.62856715885169,0.17140502050149,-0.0484546660538288
-0.182451332837904,-1.59663530675224,-1.3312358579766,0.396441381488564,-1.63510897024716,0.181422482796661,-0.0614242045114395
-0.192672777668689,-1.5973290639812,-1.32714898990125,0.413992962608298,-1.6414554087304,0.191128491707041,-0.0748219042985688
-0.202461436801987,-1.59796611862214,-1.32338142453261,0.430067309553472,-1.64763200128653,0.200479137131743,-0.0884630004264358
-0.211799722613106,-1.59854412382713,-1.31989969270427,0.44462863791294,-1.65366083608142,0.209434458298852,-0.102153464916698
-0.220670590100491,-1.59906112049315,-1.31667610437956,0.457645449072767,-1.65956109968241,0.217957945285139,-0.115693426565693
-0.229057584883813,-1.599515469509,-1.31368772275994,0.469090476657315,-1.66534949397285,0.22601609391153,-0.128880260534472
-0.236944892962334,-1.59990579780899,-1.31091553767874,0.478940611543275,-1.67104055668906,0.233578005106581,-0.141511349104477
-0.244317391414458,-1.60023095451599,-1.30834380311045,0.487176799793709,-1.67664690874556,0.240615024678845,-0.153386544195879
-0.251160697897683,-1.60048997427947,-1.30595950851497,0.493783902562688,-1.68217944984186,0.24710042116672,-0.164310380820761
-0.257461214921617,-1.60068204535442,-1.30375196166456,0.498750499721692,-1.68764752097763,0.253009099174102,-0.174094091889071
-0.263206161206327,-1.60080647976869,-1.30171246121777,0.502068605257407,-1.69305905352123,0.25831734115604,-0.182557475370339
-0.268383574726478,-1.60086268264424,-1.29983404891861,0.503733246890208,-1.69842071785734,0.263002562382046,-0.189530627711905
-0.27298225518824,-1.60085011727944,-1.29811133748423,0.503741848747472,-1.70373807103202,0.267043045634588,-0.194855520766104
-0.276991583720052,-1.6007682644188,-1.29654042696808,0.502093395791703,-1.70901565217969,0.270417596875913,-0.198387374232001
-0.280401131304676,-1.60061658450305,-1.29511894695409,0.498787597732906,-1.71425684801192,0.273105060849617,-0.199995919242703
-0.283200061534854,-1.60039451949473,-1.29384626331617,0.49382491165202,-1.71946319351587,0.275083786564883,-0.199567306605686
-0.285376775088753,-1.60010159200524,-1.29272375617209,0.487208764824466,-1.72463306064412,0.276331594935355,-0.197008477035478
-0.2869196104847,-1.5997375826844,-1.29175485575626,0.478949524824098,-1.72976080554595,0.276826973811433,-0.192254921560844
-0.28781840894511,-1.59930264561881,-1.290944743008,0.469066936662119,-1.73483746643674,0.276551016963157,-0.185278885613738
-0.288065621971438,-1.59879730150221,-1.29030011580005,0.457589612194361,-1.73985212397339,0.275488739987666,-0.176094634620082
-0.287656489108206,-1.59822238660576,-1.28982927718206,0.444553397340762,-1.74479269019545,0.273629483562181,-0.164761107109432
-0.286588754792005,-1.59757901987309,-1.28954245316176,0.430000079562692,-1.74964606868995,0.270966950852404,-0.151383466193051
-0.284862327083465,-1.59686859706875,-1.28945221534528,0.41397663155275,-1.75439804489119,0.267499255421215,-0.13611404257804
-0.282479005806776,-1.59609280487777,-1.28957396538286,0.396534789249663,-1.75903311088093,0.263229072260511,-0.119152450258898
-0.27944228480884,-1.59525365001599,-1.28992648325997,0.377730792038821,-1.76353427892533,0.258163879718699,-0.100744486387021
-0.275757206353078,-1.59435350262545,-1.29053255164081,0.357625188991199,-1.76788287900886,0.252316270249518,-0.0811794541832886
-0.271430247904647,-1.59339515616367,-1.29141965896518,0.336282663580295,-1.77205832643712,0.245704317690351,-0.0607856328685495
-0.266469227088165,-1.59238190853437,-1.29262076457302,0.313771851068983,-1.77603785170856,0.238352017316151,-0.0399237080955777
-0.260883215441348,-1.59131767061615,-1.29417506161598,0.290165135820033,-1.77979621481,0.230289820338391,-0.0189781012165125
-0.254682453958895,-1.59020710957764,-1.29612859121431,0.265538420311143,-1.78330547134438,0.221555300867488,0.00165373850533753
-0.247878265440789,-1.58905583394582,-1.29853441257491,0.239970861582579,-1.78653493848537,0.212193995324682,0.0215738738959681
-0.240482960864902,-1.58787062314484,-1.30145178721889,0.21354457216574,-1.78945163835207,0.202260439014161,0.0403979055992023
-0.232509740834245,-1.5866596914611,-1.30494346612175,0.186344281852552,-1.79202168677597,0.19181937160786,0.0577699928660028
-0.223972601274895,-1.58543294729956,-1.30906971271273,0.158456957095514,-1.79421332629742,0.180946959333046,0.0733782125762533
-0.21488626605188,-1.58420215315493,-1.31387737683164,0.129971374775927,-1.79600245828763,0.169731639342362,0.0869693704681137
-0.20526618833163,-1.58298080760922,-1.31938277185628,0.100977653724718,-1.79738129496196,0.158273810574604,0.0983620244523941
-0.195128677737798,-1.58178348853598,-1.32554939850807,0.0715667642461418,-1.79836957176232,0.146683188113941,0.107456005145609
-0.184491197166101,-1.58062441726063,-1.33226658606679,0.0418300647108281,-1.79902519722918,0.135072628323803,0.114236378195664
-0.173372799469422,-1.57951528233265,-1.33934126386592,0.0118589388958031,-1.799448116059,0.123548333882013,0.118770270941706
-0.161794546920269,-1.5784629257412,-1.34651593960734,-0.0182554085491832,-1.7997707834942,0.112198806300378,0.121197015689052
-0.149779674139504,-1.57746796255032,-1.35351448882108,-0.0484220230288887,-1.80013454051697,0.101087200295441,0.121715078129235
-0.137353348089158,-1.57652515304682,-1.36009813843564,-0.0785502511720874,-1.80066096904693,0.0902510192869779,0.12057067300635
-0.124542112986326,-1.57562534555398,-1.36610540060892,-0.10854990078833,-1.80143159344918,0.079708907534319,0.118050700535468
-0.111373270817326,-1.57475795052816,-1.37146180514545,-0.138331545894327,-1.80248308296029,0.0694703290950208,0.11447854448817
-0.0978744088723147,-1.57391292225194,-1.37616486221506,-0.167806915445136,-1.80381512974705,0.0595436300637625,0.110209181334766
-0.0840731384007275,-1.57308184034642,-1.38025903449058,-0.196889277515759,-1.80540345305268,0.0499404855283829,0.105621071867115
-0.069996999717335,-1.5722582240178,-1.38381256018627,-0.225493765313039,-1.80721189552501,0.040677129580583,0.101104480710475
-0.055673461157545,-1.57143739955945,-1.38690103449485,-0.253537635978838,-1.80920110486913,0.0317736944250802,0.0970473497542603
-0.0411299568322749,-1.57061619067512,-1.38959778483601,-0.2809404791268,-1.8113337635351,0.0232528341412384,0.093820290380956
-0.0263939336413193,-1.56979258766817,-1.39196921277123,-0.307624398057602,-1.81357727084685,0.0151383310091136,0.0917620885716212
-0.0114928957585579,-1.56896546246712,-1.39407318211266,-0.333514182188714,-1.81590482994277,0.00745398047476132,0.091166753827925
0.00354555657765825,-1.56813434663795,-1.39595904041443,-0.358537482428164,-1.81829563886243,0.000222812553024848,0.0922727852533133
0.0186936942329643,-1.56729926771282,-1.39766839498656,-0.382624995149335,-1.82073462073465,-0.00653340358237584,0.0952550318730536
0.0339236319857988,-1.56646063233878,-1.39923615344014,-0.405710655550769,-1.82321193726612,-0.0127944611645458,0.10021929249992
0.0492073072707844,-1.56561914443814,-1.40069158070689,-0.42773183875558,-1.82572241242202,-0.0185419113053322,0.107199625601324
0.0645164654951849,-1.56477574848762,-1.40205926152198,-0.448629565633176,-1.82826492734232,-0.0237592215397336,0.116158214466711
0.0798226528869734,-1.56393159026317,-1.4033599297713,-0.468348710449512,-1.83084181297812,-0.0284319423545953,0.126987550812337
0.0950972176719932,-1.56308798933195,-1.40461116173813,-0.486838207886467,-1.83345824997409,-0.0325479023134501,0.139514653229961
0.110311320284048,-1.56224641904543,-1.4058279461551,-0.504051257914445,-1.83612167810605,-0.0360974314009586,0.153507017445878
0.12543595299072,-1.5614084908834,-1.40702314962344,-0.519945527485146,-1.83884121572641,-0.0390735961544177,0.168679994598447
0.140441969142642,-1.56057594081027,-1.40820789659994,-0.534483348206078,-1.84162709085469,-0.0414724200260708,0.184705304328797
0.155300122251302,-1.55975061593156,-1.40939188146601,-0.547631908897615,-1.84449008830791,-0.0432930584029658,0.201220405778208
0.16998111489628,-1.55893446026889,-1.41058362754301,-0.559363440943646,-1.84744102042199,-0.044537899357573,0.217838467540438
0.18445565779711,-1.55812949890289,-1.41179070507777,-0.569655393587664,-1.85049023167931,-0.0452125677188214,0.234158696278389
0.198694539001237,-1.55733782014385,-1.41301991747804,-0.57849059492483,-1.85364714894751,-0.045325819907593,0.249776801344607
0.212668703344288,-1.55656155569151,-1.41427746314666,-0.585857393854156,-1.85691988892543,-0.0448893293444741,0.264295392808119
0.226349341884381,-1.55580285908209,-1.41556907622761,-0.591749777570541,-1.86031493165038,-0.0439173711160739,0.27733411848689
0.239707990856054,-1.5550638827563,-1.41690015275808,-0.596167459756261,-1.8638368661276,-0.0424264309550611,0.288539381076167
0.252716638985093,-1.55434675433224,-1.41827586302837,-0.599115934946378,-1.8674882082982,-0.0404347658070151,0.297593473122518
0.265347841533468,-1.55365355261405,-1.41970125306668,-0.600606495761827,-1.87126928680056,-0.0379619509787928,0.304222987705482
0.277574839089403,-1.55298628383344,-1.42118133753226,-0.600656210932342,-1.87517818740302,-0.0350284498060477,0.308206366681117
0.28937167835551,-1.55234685856254,-1.42272118634005,-0.599287863149976,-1.87921074375368,-0.0316552402530209,0.309380447109197
0.300713332410606,-1.55173706961932,-1.42432600751602,-0.596529846815179,-1.88336056110896,-0.0278635284909002,0.307645859205463
0.311575817637872,-1.55115857122086,-1.42600122880297,-0.592416026223242,-1.88761906078958,-0.0236745730075327,0.302971116611867
0.321936304932059,-1.55061285955911,-1.42775258102022,-0.586985554823467,-1.89197553610687,-0.0191096336232342,0.295395224229593
0.331773223167575,-1.550101255067,-1.42958618299659,-0.580282656098641,-1.89641721730081,-0.0141900535856636,0.285028630528573
0.341066353377936,-1.54962488649815,-1.43150863272031,-0.572356365784712,-1.90092934504604,-0.00893746431320033,0.27205233166549
0.34979691302718,-1.54918467717551,-1.43352710338547,-0.56326023482757,-1.90549526115341,-0.00337409762392728,0.256714976405196
0.357947629283668,-1.5487813338144,-1.43564944440736,-0.553051992822187,-1.91009652669555,0.00247682486160783,0.239327855961383
0.365502801525371,-1.54841533836099,-1.43788428622344,-0.54179317139491,-1.91471307983233,0.00859066587275357,0.220257736759381
0.37244835245048,-1.54808694336114,-1.44024114661126,-0.529548688878031,-1.91932344327421,0.0149409580577556,0.199917595561607
0.378771867360609,-1.54779617131011,-1.44273053555892,-0.516386399362922,-1.92390498649919,0.0214990518118766,0.17875543771209
0.38446262087528,-1.54754281830109,-1.44536405516222,-0.502376611676512,-1.92843424062216,0.0282338727841305,0.157241510584226
0.389511590057488,-1.54732646206974,-1.44815449063362,-0.487591586488131,-1.93288725581647,0.0351118262345824,0.135854349815829
0.393911452833027,-1.54714647424368,-1.45111588818744,-0.472105022227879,-1.93723998418557,0.0420968690318315,0.115066198515079
0.397656570996096,-1.54700203628007,-1.45426361530548,-0.455991541587238,-1.94146866685086,0.0491507500008961,0.0953284032264566
0.400742957621895,-1.54689215827633,-1.45761439837102,-0.439326190578397,-1.9455502035321,0.0562333982976552,0.0770574070963476
0.403168229441819,-1.54681569960588,-1.46118633165969,-0.422183961658994,-1.9494624862172,0.0633034209510523,0.0606219287610785
0.404931545877979,-1.54677139018545,-1.46499885037272,-0.40463934983534,-1.95318468529806,0.0703186584547996,0.0463318393082354
0.406033537205465,-1.54675785116414,-1.46907265814903,-0.386765949123911,-1.9566974846341,0.0772367420220794,0.0344291448854726
0.406476225233383,-1.54677361391866,-1.47342959716701,-0.368636092513031,-1.9599832707245,0.0840156000461766,0.0250813602096453
0.406262940024877,-1.54681713646708,-1.4780924454477,-0.350320537729115,-1.96302628778724,0.0906138711216685,0.0183774384166407
0.405398236248037,-1.54688681674678,-1.48308462274765,-0.331888198097751,-1.96581277551802,0.0969911971129984,0.0143263109495456
0.403887812219867,-1.54698100266281,-1.48842978299816,-0.313405916997706,-1.96833110846057,0.103108388031699,0.0128579974560454
0.401738433993225,-1.54709799940171,-1.49415126874946,-0.294938283717494,-1.97057195603302,0.108927469378798,0.0138271688220659
0.398957866096898,-1.54723607523278,-1.50027140242578,-0.276547488710103,-1.97252848060703,0.114411639756727,0.0170189841311186
0.395554809749507,-1.54739346789059,-1.50681059269889,-0.258293215260598,-1.9741965880374,0.119525180954921,0.0221569700746841
0.391538848831515,-1.54756839458924,-1.5137862436168,-0.240232564867532,-1.97557523989571,0.124233372271468,0.0289126652799911
0.386920403588577,-1.54775906964631,-1.52121147261455,-0.222420013122291,-1.97666682855449,0.128502465287344,0.0369167091768208
0.381710691617753,-1.54796373438057,-1.52909367396555,-0.204907391367349,-1.97747760357834,0.132299773768062,0.0457710160056011
0.375921695717259,-1.54818070402642,-1.53743300636922,-0.187743889920796,-1.97801811923064,0.135593924378174,0.0550616398568103
0.369566137629776,-1.54840843550676,-1.54622093604688,-0.170976077200917,-1.97830364903615,0.138355298066581,0.0643719107595808
0.362657456584956,-1.54864561759403,-1.5554390196519,-0.154647930304068,-1.97835448725817,0.140556668296329,0.0732954067698461
0.355209790913536,-1.54889128113866,-1.56505815090864,-0.138800872626727,-1.97819603612674,0.142174012962728,0.0814483284082894
0.347237960895767,-1.54914492190969,-1.57503849987109,-0.123473815742991,-1.9778585715618,0.14318744433938,0.088480862488645
0.338757450991239,-1.54940662312674,-1.58533032629964,-0.108703203488199,-1.97737659911218,0.143582171475751,0.0940871673614709
0.329784390216167,-1.54967716048088,-1.59587574055866,-0.0945230568226538,-1.97678776097923,0.143349388935921,0.0980136824345822
0.32033553058925,-1.54995807108753,-1.60661132923054,-0.0809650179499745,-1.9761313295717,0.142486981655586,0.100065559655306
0.31042822438269,-1.55025167064401,-1.61747139430584,-0.0680583906283297,-1.9754464065222,0.140999951951903,0.100111124715372
0.300080402616046,-1.55056101004513,-1.62839142152192,-0.0558301735774077,-1.97477001447914,0.138900510008772,0.0980843847929644
0.289310556977838,-1.55088977241137,-1.63931134182225,-0.0443050820180975,-1.97413529970922,0.136207815929648,0.0939856899007806
0.278137727376849,-1.5512421212517,-1.6501781956009,-0.0335055529012972,-1.97357004624855,0.132947408409099,0.0878807096940905
0.266581495864005,-1.55162251772459,-1.66094793871446,-0.0234517295941404,-1.97309564323942,0.12915039117657,0.0798979014432935
0.254661986640148,-1.55203552797544,-1.67158629818756,-0.0141614235050849,-1.97272656611422,0.124852467399056,0.0702246240198131
0.242399870505867,-1.55248564020204,-1.68206874599545,-0.00565005154572834,-1.97247035330655,0.120092913690191,0.0591020127997988
0.229816371389068,-1.55297710650731,-1.69237977352916,0.00206945001754984,-1.97232800148135,0.114913573555698,0.0468186905342978
0.216933272272379,-1.55351381885558,-1.70251170272449,0.00898673307253535,-1.97229467260516,0.109357934692898,0.0337033654585091
0.203772918146257,-1.55409922195615,-1.71246326856806,0.015094163245106,-1.97236059982687,0.103470330889063,0.0201163690859619
0.190358214013893,-1.55473626186193,-1.72223816845354,0.0203869585289913,-1.97251209403079,0.0972952986138548,0.00644021382783198
0.176712616336593,-1.55542736557956,-1.73184371858722,0.0248633351257007,-1.97273257309624,0.0908771019217572,-0.00693070192854945
0.162860116763764,-1.55617444545738,-1.74128970087438,0.0285246536291517,-1.97300355847426,0.0842594285387318,-0.0196010542142983
0.148825217441047,-1.55697892170401,-1.75058743607548,0.0313755580808132,-1.9733056028505,0.0774852494196486,-0.0311859712513595
0.134632897486776,-1.55784175680764,-1.75974908456212,0.0334241003317776,-1.9736191271789,0.0705968234551218,-0.0413225267630684
0.120308570491883,-1.55876349653699,-1.7687871546377,0.0346818425494775,-1.97392515545398,0.0636358185175175,-0.0496810065245215
0.105878033421303,-1.55974431333158,-1.77771418769295,0.0351639315330567,-1.97420594215026,0.0566435106717583,-0.0559755815966005
0.0913674075513719,-1.56078404906613,-1.78654258667842,0.0348891397099503,-1.97444549126847,0.049661016192729,-0.0599740144789569
0.0768030724147889,-1.5618822552445,-1.79528455616144,0.0338798689519963,-1.97462996810508,0.0427295075540684,-0.0615060324846973
0.0622115939654267,-1.56303822955159,-1.80395212613377,0.0321621145044585,-1.9747480056815,0.0358903657620698,-0.0604700241733732
0.0476196484631046,-1.5642510482957,-1.81255723582867,0.0297653872399567,-1.97479090759853,0.0291852278962239,-0.0568377484257099
0.0330539434125127,-1.56551959462982,-1.82111185736563,0.0267225930504417,-1.97475274833377,0.0226559001144105,-0.0506567918680288
0.0185411367762379,-1.56684258254243,-1.82962814150691,0.0230698685428358,-1.9746303711922,0.0163441221063313,-0.0420505702443657
0.00410775592720042,-1.56821857649396,-1.83811856937017,0.018846372659165,-1.97442328388814,0.0102911876399204,-0.0312157459690887
-0.0102198828448899,-1.56964600645794,-1.84659609605001,0.0140940343406835,-1.97413345267726,0.00453744475779413,-0.0184170287998993
-0.0244157530068889,-1.57112317795084,-1.85507427435241,0.00885725749974578,-1.97376499847271,-0.000878283312789539,-0.00397943987098636
-0.0384541937479129,-1.57264827667269,-1.86356735086532,0.0031825860271824,-1.97332380250467,-0.00591930290257563,0.0117217536679252
-0.0523099822661212,-1.57421936758258,-1.87209033158005,-0.0028816664777346,-1.97281703441442,-0.010551620757733,0.0282730935009614
-0.0659584011865083,-1.575834388554,-1.88065901987481,-0.00928581538482884,-1.97225262141564,-0.0147444239692435,0.0452365083127458
-0.0793753002706759,-1.57749113964921,-1.88929003457384,-0.015979223270588,-1.97163868217933,-0.0184704225447313,0.0621638476096869
-0.0925371515154235,-1.57918726901151,-1.89800081988931,-0.0229107278233468,-1.97098295269211,-0.0217060265113441,0.0786117321268093
-0.105421097153167,-1.58092025740678,-1.90680965931726,-0.0300290688266849,-1.97029223197018,-0.024431351489873,0.0941560632370432
-0.118004990395173,-1.58268740340143,-1.91573570394732,-0.037283304381199,-1.9695718737977,-0.0266300691547187,0.1084055602706
-0.130267429293405,-1.58448581115547,-1.92479902152395,-0.0446232080246917,-1.96882534616963,-0.0282891384844002,0.121013768617687
-0.142187784312975,-1.58631238242796,-1.93402066731136,-0.0519996403422653,-1.96805387382103,-0.0293984668328764,0.131689090343191
-0.153746220555458,-1.58816381384085,-1.94342277306046,-0.0593648908514157,-1.96725617206939,-0.0299505551105609,0.140202519438729
-0.164923715591761,-1.59003659979859,-1.95302864703892,-0.0666729877919292,-1.96642827329083,-0.0299401784915758,0.146392900260212
-0.175702073751662,-1.59192704087123,-1.96286287686707,-0.0738799747949577,-1.96556344160224,-0.0293641443103112,0.150169657495751
-0.186063937590597,-1.5938312570317,-1.97295142778297,-0.080944154239175,-1.96465216728787,-0.0282211542804165,0.151513060105627
-0.195992796946059,-1.59574520489824,-1.9833217311194,-0.0878262973794049,-1.96368223033251,-0.0265117813848163,0.150472175221844
-0.205472995721586,-1.59766469807512,-1.99400276043011,-0.0944898213602689,-1.96263882181636,-0.0242385552572618,0.147160740328816
-0.214489736607418,-1.59958542980763,-2.00502509535214,-0.100900933447046,-1.96150471229982,-0.0214061356073012,0.141751234644
-0.223029083638516,-1.60150299725234,-2.01642097461095,-0.107028742902935,-1.96026045711327,-0.0180215428761975,0.134467466307332
-0.231077962788169,-1.60341292683239,-2.02822434034261,-0.112845341702356,-1.95888462905223,-0.0140944096059774,0.125576013475648
-0.23862416096261,-1.60531070023332,-2.04047087553622,-0.118325856195086,-1.95735406915527,-0.00963721527578877,0.115376866419463
-0.245656323989425,-1.60719178062986,-2.05319803533844,-0.123448472951502,-1.95564414603891,-0.0046654712885582,0.104193615284892
-0.252163954390437,-1.60905163872741,-2.066445071448,-0.128194443095596,-1.95372901399586,0.000802169434534886,0.0923635145755636
-0.258137410057694,-1.61088577824962,-2.08025304758404,-0.13254807039734,-1.95158186010493,0.00674389360280769,0.0802277303268491
-0.263567905031257,-1.61268976056886,-2.09466484291197,-0.136496688806821,-1.94917513137989,0.0131348035909704,0.0681220404273358
-0.268447513372403,-1.61445922826947,-2.10972513941068,-0.140030634836271,-1.94648073474414,0.0199470817282494,0.0563682146789284
-0.272769177303169,-1.61618992782119,-2.12548039098329,-0.143143219702211,-1.9434702048688,0.0271502282983363,0.0452662503809618
-0.276526720039274,-1.61787773189986,-2.14197877534045,-0.145830704549369,-1.94011483737627,0.0347113540046158,0.0350875882480796
-0.279714862862513,-1.61951866259866,-2.15927013937009,-0.148092280126391,-1.93638578589296,0.0425955085494976,0.0260693857251271
-0.282329243502181,-1.62110891764333,-2.17740596766196,-0.149930049177773,-1.93225411906159,0.0507660339528149,0.0184098882737707
-0.284366427156839,-1.62264490240333,-2.1964394341312,-0.151349004800662,-1.92769082600762,0.0591849430645667,0.0122649222858086
-0.285823890155864,-1.62412326917679,-2.21642561957018,-0.152356990149536,-1.92266674947873,0.0678133292416377,0.00774554318056013
-0.286699943135016,-1.62554095868906,-2.23742192894443,-0.152964617648906,-1.91715243360961,0.0766117847705576,0.00491689247189654
-0.286993566719686,-1.62689522422221,-2.25948849281536,-0.153185133398706,-1.91111794233633,0.0855407029167119,0.00379827456581966
-0.286704197287532,-1.62818361111432,-2.28268797681342,-0.153034257413718,-1.90453282680068,0.0945602334775557,0.00436423930007779
-0.285831591825694,-1.62940389739077,-2.3070843771926,-0.152530083671225,-1.89736642009189,0.103629808944273,0.00654618026305601
-0.284375870156772,-1.63055404792322,-2.33274124155162,-0.151693091571145,-1.88958838879627,0.112707540565294,0.0102341222630991
-0.282337684039498,-1.63163222361377,-2.35972011921783,-0.15054621823814,-1.88116931179336,0.121749852129185,0.0152789133340089
-0.279718399659887,-1.63263683415449,-2.38807946484853,-0.149114907839106,-1.87208118219568,0.130711414216842,0.0214952550051924
-0.276520237776422,-1.63356660448207,-2.41787374067074,-0.147427099095993,-1.86229787694743,0.139545254908567,0.028665794186696
-0.272746374200957,-1.63442063789458,-2.44915247417235,-0.145513151783844,-1.85179565658378,0.148202956486604,0.0365462725778684
-0.268401021563225,-1.63519847131527,-2.48195917397527,-0.1434057235585,-1.84055372437091,0.1566349188941,0.0448716285036003
-0.263489509608738,-1.63590012294419,-2.51633011023764,-0.141139604895699,-1.82855484347203,0.164790707576499,0.0533629115471312
-0.258018374307851,-1.6365261324211,-2.55229300614809,-0.138751515136083,-1.81578599583372,0.172619507372289,0.0617348426642186
-0.251995461265882,-1.63707759208203,-2.58986569747831,-0.13627986006094,-1.80223906020151,0.180070694313285,0.0697038178480849
-0.245430044904981,-1.63755616640414,-2.62905482491227,-0.133764450341907,-1.78791148101471,0.187094524967148,0.0769961191654977
-0.238332962127731,-1.63796409542698,-2.6698546240481,-0.131246180683582,-1.77280689685181,0.193642929093769,0.0833560680513381
-0.230716756290833,-1.63830417713108,-2.71224587730514,-0.128766670650676,-1.7569356944945,0.1996703790268,0.0885538396191927
-0.222595825010712,-1.63857972351604,-2.75619508409715,-0.126367870017134,-1.74031545519665,0.205134798242654,0.0923926558292914
-0.213986562651838,-1.63879448568939,-2.80165389625881,-0.12409163325632,-1.72297126178968,0.20999846404365,0.0947150917812943
-0.204907486611555,-1.63895254469762,-2.84855884901006,-0.121979269568248,-1.70493584144995,0.214228854756283,0.0954082607559552
-0.195379334892377,-1.63905816717428,-2.89683140155042,-0.120071075955285,-1.68624952672095,0.217799391681692,0.094407687656765
-0.185425122194231,-1.6391156279739,-2.9463782826036,-0.118405861443834,-1.66696002794706,0.220690029488603,0.091699732370933
-0.175070142499855,-1.63912900555686,-2.99709212080786,-0.117020470361117,-1.64712202116936,0.222887656017085,0.087322480442288
-0.164341908199425,-1.6391019595703,-3.04885232884074,-0.115949311795411,-1.62679656578489,0.224386272810114,0.0813650744157464
-0.153270019124203,-1.6390375033613,-3.10152620534785,-0.115223901215829,-1.60605037443266,0.225186940400928,0.0739655125877739
-0.141885959169282,-1.6389377865807,-3.15497022076116,-0.114872419016815,-1.58495496252504,0.225297486595001,0.0653069909833686
-0.130222823235911,-1.63880390419,-3.20903146049324,-0.114919289823788,-1.56358570635509,0.224731990743763,0.0556129084110841
-0.118314982346209,-1.63863574780315,-3.26354921066775,-0.115384786008191,-1.54202083661178,0.223510071350989,0.0451406928869466
-0.106197699848092,-1.63843191329825,-3.31835668278777,-0.116284659180004,-1.52034038998319,0.221656017270697,0.034174640452871
-0.0939067155160963,-1.63818967511895,-3.37328288423063,-0.117629804453518,-1.49862513551754,0.219197813230083,0.0230179833411564
-0.0814778176092805,-1.63790503294883,-3.42815464376186,-0.119425963841507,-1.47695548788666,0.216166117566041,0.0119844235585172
-0.0689464240659697,-1.63757283090514,-3.48279879875048,-0.121673476963437,-1.4554104159984,0.212593252997854,0.0013893785120589
-0.0563471937650013,-1.63718694361581,-3.53704453831038,-0.124367088962552,-1.43406635536296,0.2085122694772,-0.00845881218972721
-0.0437136867123393,-1.63674051810825,-3.59072587707339,-0.127495826694125,-1.41299613585109,0.203956131473103,-0.0172674750096019
-0.0310780884097893,-1.63622625594175,-3.64368420962074,-0.131042954482542,-1.39226794279722,0.198957070781824,-0.0247677539077326
-0.0184710085949284,-1.63563671695264,-3.69577087072398,-0.134986019840577,-1.37194433707907,0.193546130835811,-0.0307221094848509
-0.00592135904686737,-1.6349646247238,-3.74684960370962,-0.13929699724663,-1.35208136784255,0.187752911076408,-0.0349309690734566
0.00654369102975205,-1.63420315453801,-3.79679882655226,-0.143942534675582,-1.33272781632273,0.181605501715372,-0.0372383508940605
0.0188986886906108,-1.63334618705369,-3.84551358163452,-0.14888430304172,-1.31392461055099,0.17513058257382,-0.0375363054588253
0.0311198113591107,-1.63238851484118,-3.89290706683558,-0.154079443795966,-1.29570444555875,0.168353646167937,-0.0357680392176811
0.0431847355323571,-1.63132599373646,-3.93891166795775,-0.159481104842846,-1.27809163346748,0.161299296873389,-0.0319296106561805
0.0550724758572886,-1.63015563602359,-3.98347944609719,-0.165039050544189,-1.26110219232528,0.153991575463531,-0.0260701205537573
0.0667632101240742,-1.6288756471669,-4.02658207144893,-0.170700328105778,-1.24474416477975,0.146454262063867,-0.0182903579923215
0.07823810424325,-1.62748541167867,-4.06821023337997,-0.176409970524036,-1.22901813982264,0.138711119750853,-0.0087399131237798
0.089479148826484,-1.62598543644212,-4.10837259024751,-0.182111715589139,-1.21391793571298,0.130786054194084,0.00238717422251375
0.100469016059492,-1.6243772613294,-4.14709434795488,-0.187748721144948,-1.19943139182551,0.122703179812931,0.0148580973464982
0.111190942504649,-1.6226633473616,-4.1844155715359,-0.193264258648015,-1.18554121281079,0.114486797645797,0.028408099888009
0.121628640462268,-1.62084695220064,-4.22038933837974,-0.198602369650033,-1.17222581037391,0.106161302545292,0.0427481716481087
0.131766238438147,-1.61893200160138,-4.25507983856953,-0.203708473166591,-1.15946009441556,0.0977510453179319,0.0575733214683892
0.141588249027197,-1.61692296402282,-4.28856051512772,-0.208529915076026,-1.14721617620832,0.0892801790826516,0.072571097356127
0.151079561325856,-1.6148247339476,-4.32091232136025,-0.213016454076212,-1.13546395826569,0.080772517597886,0.0874300185723585
0.160225454122727,-1.61264252783997,-4.35222215400394,-0.217120681790873,-1.12417159769517,0.0722514278673204,0.101847602341162
0.169011625605686,-1.61038179519169,-4.38258150193217,-0.220798377281763,-1.11330584054666,0.0637397712827277,0.115537707489571
0.177424235330592,-1.60804814577284,-4.41208533322047,-0.224008798517963,-1.10283223277131,0.0552598982424575,0.128236974633303
0.18544995418488,-1.60564729316064,-4.44083122798363,-0.226714915013953,-1.09271521911292,0.0468336924999988,0.139710210319342
0.193076018279915,-1.60318501382801,-4.46891875220527,-0.228883587029593,-1.08291814432688,0.0384826543675466,0.149754634011886
0.200290283308849,-1.60066712043483,-4.49644905996573,-0.230485697489119,-1.07340317169258,0.0302280067008333,0.15820297526803
0.20708127586697,-1.59809944776178,-4.52352470436767,-0.231496242836778,-1.06413113371597,0.0220908055755485,0.164925466701947
0.213438238810478,-1.5954878495607,-4.5502496352633,-0.231894388961415,-1.05506132821644,0.0140920372034194,0.169830824498228
0.219351167705362,-1.59283820479951,-4.57672935962659,-0.23166349783282,-1.04615127174679,0.00625268474535974,0.172866339010082
0.224810835704375,-1.59015643203824,-4.60307124061617,-0.230791130046647,-1.03735642079572,-0.00140624828113469,0.174017214970642
0.229808804121685,-1.58744851121379,-4.62938491028717,-0.229269028169451,-1.02862987079064,-0.00886376706287356,0.173305305282232
0.234337416155751,-1.58472051274067,-4.65578276924127,-0.227093086023194,-1.01992204324144,-0.0160989716981029,0.17078737784268
0.238389771767991,-1.58197863447618,-4.68238054325368,-0.224263309977893,-1.01118037271661,-0.0230912011743473,0.166553044207463
0.241959682524568,-1.57922924786117,-4.70929785904805,-0.220783780207384,-1.00234900869682,-0.0298202318847956,0.160722464714728
0.245041607272556,-1.57647895475443,-4.73665879317706,-0.216662622086032,-0.993368551363687,-0.036266525517,0.153443927591874
0.247630572164543,-1.57373465606859,-4.76459233793058,-0.211911999376686,-0.984175845699048,-0.0424115206637701,0.14489137775068
0.249722081544756,-1.57100363165854,-4.79323272196557,-0.206548139342826,-0.974703863119564,-0.0482379640116733,0.135261941113493
0.251312027884525,-1.56829362813192,-4.82271952209754,-0.2005913935162,-0.964881703660624,-0.0537302786619997,0.12477345109477
0.252396607723229,-1.56561294803816,-4.85319750476327,-0.194066326602687,-0.954634754333458,-0.0588749662543149,0.11366194040683
0.252972246046255,-1.56297053124647,-4.88481613684718,-0.187001812618205,-0.943885041125086,-0.0636610336904332,0.102179025003524
0.25303552515249,-1.56037601846068,-4.91772869556907,-0.179431107642915,-0.932551815808426,-0.0680804231651823,0.090589091830039
0.252583109293964,-1.55783978715366,-4.95209088962155,-0.171391865539158,-0.920552422874345,-0.0721284094172151,0.0791662102554508
0.251611655756999,-1.55537295113017,-4.98805888042588,-0.162926067876262,-0.907803496320152,-0.0758039140012784,0.0681907107867796
0.250117707106149,-1.55298731422709,-5.0257865907987,-0.154079845506874,-0.894222531643601,-0.079109678163028,0.0579453916781591
0.248097566209337,-1.55069526735897,-5.06542220731497,-0.144903176278772,-0.879729865303081,-0.0820522325175777,0.0487113162382146
0.245547163547401,-1.54850961635907,-5.10710383955402,-0.135449447901498,-0.864251065413881,-0.0846416046165847,0.0407631447459162
0.242461933781839,-1.54644332784518,-5.15095439028015,-0.125774879632442,-0.847719694227703,-0.0868907144508765,0.0343639138763887
0.238836725068394,-1.54450918306265,-5.19707581227111,-0.115937803285161,-0.830080346212204,-0.0888144251660157,0.0297591459681976
0.234665769009096,-1.54271933611314,-5.24554307621961,-0.105997813215627,-0.811291797608079,-0.0904282445480969,0.0271701564748955
0.229942741225561,-1.54108478416274,-5.29639831763734,-0.096014809436073,-0.791330038212145,-0.0917467127908194,0.0267864519891055
0.22466094026454,-1.5396147718027,-5.3496457509675,-0.0860479737076513,-0.770190903312144,-0.0927815627826623,0.0287571891059757
0.218813605338706,-1.53831616816735,-5.40524799050178,-0.0761547345733632,-0.747892003027649,-0.0935397940133612,0.0331818089901696
0.212394380418662,-1.53719287014095,-5.46312437384434,-0.0663897885775739,-0.724473669450304,-0.094021849788405,0.0401001702424606
0.205397914610183,-1.53624529419774,-5.52315172612311,-0.0568042480610226,-0.699998715799237,-0.0942201160134652,0.0494827510425817
0.19782056922195,-1.53547001960848,-5.58516774398586,-0.0474449781976582,-0.674550919605164,-0.0941179555916625,0.0612217363165104
0.18966118402914,-1.53485963519242,-5.64897686186351,-0.0383541668557174,-0.648232283295563,-0.0936894481374415,0.0751239890803584
0.180921843679914,-1.53440282158994,-5.71435814604075,-0.0295691441688502,-0.621159265423072,-0.0928999223589341,0.0909069683536886
0.171608581306479,-1.53408467469488,-5.78107452232682,-0.0211224377484596,-0.593458282175114,-0.0917072608949355,0.108198561844458
0.161731962464975,-1.53388724887658,-5.84888251389819,-0.013042022513766,-0.565260839387386,-0.0900638456610918,0.126541540853422
0.151307505335071,-1.53379027591959,-5.91754167507968,-0.00535170439653345,-0.536698660493316,-0.0879189196599943,0.145402950860195
0.140355910251778,-1.53377200084496,-5.98682302964716,0.00192843134973598,-0.507899136659148,-0.0852210885537763,0.164188285435811
0.128903089663576,-1.53381007010625,-6.05651601808581,0.008781573859728,-0.47898135706194,-0.0819206825522946,0.182259831852193
0.116980005453708,-1.53388241018675,-6.12643368142449,0.0151937975753846,-0.450052895022319,-0.0779717447372024,0.198958200166037
0.10462233310677,-1.53396804325754,-6.19641601633473,0.0211537684019262,-0.421207442947566,-0.0733334935138279,0.213625807990579
0.0918699812126451,-1.53404779887589,-6.26633160068018,0.0266525638464415,-0.392523313448414,-0.067971205501166,0.225631014315904
0.0787665004045009,-1.53410489462051,-6.33607770146717,0.0316836076960683,-0.364062759061517,-0.0618565606684838,0.23439166830653
0.0653584182214313,-1.53412537248206,-6.40557914113818,0.0362427049701757,-0.335872010755315,-0.0549675675857448,0.239397025767498
0.0516945364131918,-1.53409839055159,-6.47478621899049,0.0403281524516722,-0.30798189937917,-0.0472882343324472,0.240227232887472
0.0378252237339308,-1.53401638011762,-6.54367197990248,0.0439408949237754,-0.2804089039068,-0.0388081675219369,0.236569828452368
0.0238017321813607,-1.5338750858913,-6.61222909373271,0.047084696248383,-0.253156470792811,-0.0295222725452343,0.228232923791681
0.00967555688345562,-1.53367351115729,-6.68046657208466,0.049766297227411,-0.226216466222038,-0.0194306981000611,0.2151548563138
-0.00450214846661613,-1.53341378996363,-6.74840650417082,0.0519955370100914,-0.199570657146591,-0.00853912405573532,0.197410170086396
-0.0186810973067432,-1.53310100524928,-6.81608094958484,0.0537854205226642,-0.173192160157377,0.00314056244757317,0.175211770208013
-0.0328123403608382,-1.53274296585649,-6.88352908227275,0.0551521196157097,-0.147046843151829,0.0155892186667488,0.14890905953418
-0.046848687657424,-1.53234994801098,-6.95079464289595,0.0561148998298592,-0.121094703025038,0.0287791067679497,0.118981840068525
-0.0607450902807526,-1.5319343998222,-7.01792372740174,0.0566959677651407,-0.0952912648367336,0.0426724082512749,0.0860297921054357
-0.0744589863628572,-1.53151060255094,-7.08496291892889,0.0569202365790987,-0.0695890479579475,0.0572197913610731,0.0507574678447538
-0.0879506095294662,-1.53109428141027,-7.15195775849275,0.0568150100862849,-0.0439391209695704,0.0723592626622363,0.0139549668199604
-0.101183250733802,-1.53070216229115,-7.21895154651812,0.0564095901160868,-0.0182927241685061,0.0880155323319056,-0.0235252188207257
-0.114123457926474,-1.53035147861497,-7.28598446625013,0.0557348174422644,0.00739711113082727,0.104100079403681,-0.0607943374009437
-0.126741154935946,-1.53005944272802,-7.35309301887625,0.0548225631098618,0.0331740589950364,0.120512020593871,-0.0969553033594928
-0.139009663309001,-1.52984270612484,-7.42030975860679,0.053705192771978,0.0590772438044563,0.137139778945367,-0.131131004167014
-0.150905617221173,-1.52971683950549,-7.48766330494422,0.0524150299166358,0.0851403540711835,0.153863437198826,-0.16249151381828
-0.162408771993876,-1.52969586516724,-7.55517859790661,0.0509838431377175,0.111391204070659,0.170557572205559,-0.19027886088288
-0.173501717755086,-1.52979187005903,-7.62287734832566,0.0494423775427384,0.137851760194658,0.187094318385286,-0.213828279958724
-0.184169519081051,-1.53001471915902,-7.69077862538724,0.0478199419237949,0.164538582944852,0.203346407204374,-0.232585254753465
-0.19439930683521,-1.53037187800949,-7.75889951850841,0.0461440534051404,0.191463580749117,0.219189968826814,-0.246118062557449
-0.204179849745863,-1.53086834287685,-7.82725581460689,0.0444401320903642,0.218634940563858,0.234506946301732,-0.254125886462931
-0.213501130629072,-1.53150666916642,-7.89586264074486,0.0427312316908251,0.246058095116723,0.249187042403999,-0.256442826836837
-0.222353947404046,-1.53228708441504,-7.96473503578044,0.0410377892421836,0.273736605464596,0.263129179605728,-0.253038301208844
-0.230729553884529,-1.53320767132015,-8.03388843076247,0.0393773779755071,0.301672873113175,0.276242495965738,-0.244014378297724
-0.23861935073425,-1.53426460785495,-8.10333903094078,0.0377644517711876,0.329868638172449,0.288446921802928,-0.229600569041151
-0.246014634169085,-1.53545245421281,-8.17310410410246,0.0362100763705611,0.358325262105642,0.299673388527715,-0.210146523092568
-0.252906408690858,-1.53676447872909,-8.24320218751263,0.0347216505606791,0.387043828595265,0.309863718084898,-0.186112979438736
-0.259285269751338,-1.53819301595527,-8.31365322780749,0.0333026286667591,0.41602511959715,0.318970235847258,-0.158061217786423
-0.265141362234865,-1.53972984919826,-8.38447866777757,0.0319522625547323,0.445269535049537,0.326955147144186,-0.126641170102614
-0.270464419880615,-1.54136660710508,-8.45570148975857,0.0306653857992759,0.47477702296917,0.333789719996656,-0.09257829220772
-0.275243888696264,-1.54309515987356,-8.52734621908532,0.0294322636858581,0.504547073359505,0.339453323815305,-0.0566592719032768
-0.279469133782008,-1.54490799639966,-8.59943888315365,0.0282385297371018,0.534578806691728,0.343932382916382,-0.0197166661337718
-0.283129724116626,-1.54679856030714,-8.67200691257515,0.0270652226192013,0.564871159148203,0.347219310546574,0.0173873884102059
-0.286215784799047,-1.54876152155136,-8.7450789661756,0.0258889275033689,0.595423138903582,0.349311489658336,0.0537781738090941
-0.288718401511716,-1.55079296164196,-8.81868465411634,0.0246820151480855,0.626234102328838,0.350210357413415,0.088585803031466
-0.290630059132809,-1.55289045484023,-8.89285413467048,0.0234129621941647,0.657303985334146,0.34992063144567,0.120962696396707
-0.291945095366073,-1.55505303419043,-8.96761756264775,0.0220467296903976,0.68863342293378,0.348449688760047,0.150100760404287
-0.292660150983264,-1.55728103900893,-9.04300437678669,0.0205451749420239,0.720223702394786,0.345807077270359,0.175247947668907
-0.29277459965344,-1.55957584799442,-9.11904242112922,0.0188674746261138,0.752076516246493,0.342004110537069,0.195723961786732
-0.292290941481194,-1.56193950825976,-9.19575689813849,0.0169705436115789,0.784193505121354,0.337053473690393,0.21093498221938
-0.291215144682074,-1.56437427445297,-9.27316914061811,0.0148094422059469,0.816575597793214,0.330968757210477,0.220387397257409
-0.289556919467608,-1.56688207357673,-9.35129516230852,0.0123377726452362,0.849222160463739,0.323763838019821,0.223700629600807
-0.287329907636467,-1.56946391081777,-9.43014391054822,0.00950807192599384,0.882129958736063,0.315452044569692,0.220619207805882
-0.284551770759157,-1.5721192308145,-9.50971510692581,0.00627221172306576,0.915291915923158,0.306045072892068,0.211024265056478
-0.281244158699924,-1.57484524911602,-9.58999654202238,0.00258181665872809,0.948695629174774,0.295551660918589,0.194944613835781
-0.277432538257248,-1.5776362714767,-9.6709606882089,-0.00161128984486064,0.982321583729789,0.283976077894949,0.172567421537461
-0.273145859009771,-1.58048302571843,-9.7525605214272,-0.00635460676932049,1.01614099567329,0.271316543873514,0.14424827099944
-0.268416031836782,-1.5833720427626,-9.8347244928694,-0.0116944419745005,1.05011321985811,0.257563762918508,0.110520021924641
-0.263277197584448,-1.586285140325,-9.91735067888319,-0.017675363203278,1.08418269719081,0.242699830508349,0.0720994131461413
-0.25776477290395,-1.58919908288807,-10.0003002684021,-0.0243396080822035,1.11827549617817,0.22669785411781,0.0298898227743016
-0.251914280952183,-1.59208551106758,-10.0833907412383,-0.0317264344591586,1.1522956423816,0.209522689267772,-0.0150218643558271
-0.245760008772109,-1.59491124531581,-10.1663893577378,-0.0398713702244011,1.18612162974491,0.191133215585232,-0.061376610012915
-0.239333579087462,-1.59763906348436,-10.2490079218263,-0.0488052949263532,1.21960375572319,0.171486524893415,-0.107765080975713
-0.232662575266845,-1.60022901824557,-10.3309001506654,-0.0585532646220768,1.25256316612496,0.150544236918354,-0.152661841106617
-0.225769400090237,-1.60264029131194,-10.4116632944994,-0.0691329952571286,1.28479364751907,0.128280883081809,-0.194472837466414
-0.218670562633545,-1.60483347781493,-10.4908457315106,-0.0805529694034302,1.31606713977732,0.104693922568751,-0.231595943171709
-0.211376554576742,-1.60677307157523,-10.567961892979,-0.0928102385304345,1.34614353239244,0.0798145350055783,-0.262492918614095
-0.2038923875164,-1.60842981326652,-10.6425148758046,-0.105888149002729,1.37478450048972,0.0537179580198289,-0.285769668451592
-0.196218727748935,-1.60978251298404,-10.7140254574618,-0.11975438028961,1.40177001972541,0.0265319084510593,-0.300260186878794
-0.188353419548384,-1.61081900711224,-10.782064279752,-0.134359778632539,1.42691507923727,-0.00155838202164163,-0.305108213451166
-0.180293086182015,-1.61153606845161,-10.8462823887046,-0.149638427248608,1.45008345177361,-0.0303097485639418,-0.299839566912596
-0.17203448878724,-1.61193832293845,-10.906434892589,-0.165509184992416,1.47119561362856,-0.0594260781477063,-0.284417674387197
-0.163575422210362,-1.61203645778125,-10.9623936596085,-0.181878590547739,1.49022916196614,-0.088568896575126,-0.259275237376965
-0.154915099130936,-1.61184514752961,-11.0141474465254,-0.198644678070221,1.50721200862019,-0.117373079202181,-0.225316407233184
-0.146054148059305,-1.61138112619151,-11.0617907001399,-0.215701012959971,1.52221051756882,-0.145466455709323,-0.183886262902395
-0.136994454962649,-1.61066170734879,-11.1055044337834,-0.232940225003637,1.53531585795979,-0.172491292267085,-0.136707684685316
-0.127739075869551,-1.60970386421568,-11.1455334152708,-0.250256502891547,1.54663178493846,-0.19812496439435,-0.0857896651921623
-0.118292353829695,-1.60852380654521,-11.1821634517425,-0.26754684754696,1.55626598263396,-0.22209686443427,-0.0333151546763106
-0.108660241379763,-1.60713688773082,-11.215701354188,-0.284711240025582,1.56432556252745,-0.244199001602459,0.0184802487477819
-0.0988507219038623,-1.60555765882437,-11.2464588379735,-0.301652139905751,1.57091596119998,-0.264288900878742,0.0674261754851306
-0.0888741806330756,-1.60379993445582,-11.274740586733,-0.318273818346251,1.57614177035246,-0.282284984598501,0.111520627579826
-0.0787436027742043,-1.60187680854659,-11.3008361020867,-0.334481945247099,1.5801080398327,-0.298156084120922,0.149010627708904
-0.0684745445603886,-1.59980061898902,-11.3250147086469,-0.350183656643574,1.58292109281555,-0.31190759989862,0.178447238347757
-0.0580848959264525,-1.59758289224492,-11.3475230406982,-0.365288114128833,1.5846885327292,-0.323566933790157,0.198716110864153
-0.047594503263008,-1.59523430230518,-11.3685843910939,-0.37970740533902,1.58551862593188,-0.333170320886458,0.209047684744467
-0.0370247383974357,-1.59276466569489,-11.3883993919854,-0.393357556643993,1.585519491309,-0.340752422903721,0.209012463836241
-0.026398090834006,-1.59018297798993,-11.4071475972733,-0.406159433637387,1.58479853447214,-0.346339317747207,0.198506692617586
-0.0157378366766112,-1.58749748571994,-11.4249896369746,-0.418039366483881,1.58346241466377,-0.349944994531264,0.177732735243541
-0.00506781042600263,-1.58471578288991,-11.4420697058235,-0.428929426084522,1.58161761799232,-0.351571157966731,0.147177018865435
0.00558771961361641,-1.58184492185422,-11.4585182249192,-0.438767369894456,1.5793714986034,-0.351209985499377,0.107586911564702
0.0162040914702553,-1.57889153130222,-11.4744545660821,-0.447496354135036,1.57683348168203,-0.348849361363686,0.0599466094137797
0.0267562394013197,-1.57586193674785,-11.4899897531113,-0.455064562057163,1.57411602482491,-0.344479956052448,0.00545116417854989
0.0372186767534033,-1.57276227991294,-11.5052290549554,-0.461424916971938,1.57133492629899,-0.338103304408192,-0.0545226942150718
0.0475655165478416,-1.56959863269509,-11.52027437428,-0.466535029902636,1.56860866176992,-0.329739805496338,-0.118450221874267
0.0577705677471137,-1.56637709978983,-11.5352263283896,-0.470357476939229,1.56605662079808,-0.319435421905788,-0.184697483921177
0.0678075290010788,-1.56310390302277,-11.5501859334217,-0.472860420129765,1.56379636983869,-0.307265910267058,-0.251564962722305
0.077650278393362,-1.55978544114704,-11.5652558461122,-0.474018497187562,1.56194032892434,-0.293337739866058,-0.317334350927139
0.0872732335216119,-1.55642832121842,-11.5805411870487,-0.473813833776992,1.56059243741562,-0.277785423225611,-0.380315893478997
0.0966517370218718,-1.55303936137562,-11.5961500454781,-0.472236998350272,1.55984543590023,-0.260765652943519,-0.43889315275351
0.105762415160053,-1.54962556860364,-11.6121938254283,-0.469287733584303,1.55977928435344,-0.24244921120766,-0.491562334620334
0.114583463275068,-1.54619409807233,-11.6287876174667,-0.464975353909101,1.56046100464123,-0.223011921046498,-0.536964270991528
0.123094828067098,-1.54275220307797,-11.646050764532,-0.459318776705608,1.56194595253437,-0.202625881119504,-0.573908501678975
0.13127827788421,-1.53930718645489,-11.6641077469227,-0.452346232515158,1.56428027150498,-0.181451931566657,-0.601390240696546
0.139117371053103,-1.53586636612579,-11.6830894591082,-0.444094759178008,1.56750411382941,-0.159633882066291,-0.618602011328138
0.146597344658966,-1.53243706904614,-11.7031349073167,-0.434609618227845,1.57165515133459,-0.137294644408888,-0.624942227532049
0.153704950394963,-1.52902666854371,-11.7243933299044,-0.42394377997659,1.57677192443995,-0.11453415145715,-0.620022987073365
0.160428260970755,-1.52564267886691,-11.7470267290865,-0.412157611763316,1.58289666608284,-0.0914288461614776,-0.603678914262537
0.166756461463503,-1.52229291661853,-11.7712127874434,-0.399318877896273,1.59007736046259,-0.0680325680772394,-0.575978145180024
0.17267962830376,-1.51898572979622,-11.7971481087055,-0.385503120357617,1.5983689398865,-0.044378788209158,-0.537235542901127
0.178188485679503,-1.51573028078154,-11.8250516449869,-0.370794435928027,1.60783367700766,-0.0204842685020459,-0.488026984337145
0.183274118866247,-1.51253684917214,-11.8551680379911,-0.355286593408001,1.61854098369646,0.00364574414759221,-0.429202113169589
0.187927619312887,-1.50941709608606,-11.887770405144,-0.339084345931678,1.63056695386856,0.028010818946013,-0.361891460831008
0.192139641724278,-1.50638420867697,-11.9231618664246,-0.32230469931504,1.64399403413632,0.0526075205601489,-0.287502671824987
0.195899872731917,-1.5034528309801,-11.9616748908665,-0.305077823778478,1.65891110541158,0.0774213661377355,-0.207700338880523
0.199196444644287,-1.50063869562352,-12.0036674232732,-0.287547281100069,1.6754139597236,0.102419953214147,-0.124365338128111
0.20201537251862,-1.49795790678769,-12.0495148165465,-0.269869309714154,1.69360568645794,0.127548841774327,-0.0395328575600452
0.20434013833477,-1.49542588466703,-12.0995968908072,-0.25221106142322,1.71359599122322,0.152731410061799,0.044687038653695
0.206151578921076,-1.49305605075123,-12.1542799594301,-0.234747865464304,1.73549821341232,0.177872960589179,0.126198038328027
0.207428242371607,-1.49085839290632,-12.2138943585601,-0.217659736692051,1.75942302887599,0.202868130671922,0.203004830029933
0.208147353537968,-1.48883808915167,-12.2787088558713,-0.201127395237401,1.78546859936799,0.227609676300626,0.273289333487793
0.208286467257922,-1.48699439367628,-12.3489042444268,-0.185328041965591,1.81370807161081,0.25199637747818,0.335469922770022
0.207825783771181,-1.48532000644225,-12.4245493038016,-0.170431101774332,1.84417643472503,0.275938255846687,0.388242234613148
0.20675095527556,-1.48380115280907,-12.5055828206263,-0.156594160530884,1.87685936998993,0.299358250566835,0.43060377141312
0.205056045124886,-1.48241856467627,-12.5918050754585,-0.143959380863461,1.91168656660416,0.322190545803261,0.461866168868502
0.202746159082629,-1.48114944663394,-12.6828808494325,-0.132650725861221,1.9485310105266,0.344376523508063,0.481658858345769
0.199839216266313,-1.47997032340826,-12.7783537443991,-0.122772277918909,1.98721427340844,0.36585965116638,0.489926728616741
0.196366415429995,-1.47886044090351,-12.8776691349624,-0.114407785989473,2.02751635200371,0.386580527175226,0.486923116810288
0.192371178259144,-1.47780521262004,-12.980201285022,-0.107621351595173,2.06918764658317,0.406472945469958,0.473198473051558
0.187906652413869,-1.47679914172654,-13.0852797137805,-0.102458954675721,2.11196049711625,0.425461399377621,0.449584374164809
0.183032136334922,-1.47584773396539,-13.1922108528096,-0.098950397031958,2.15555826122113,0.44346008288438,0.417172042770309
0.177808963265541,-1.47496811385857,-13.3002928973489,-0.0971112312165075,2.19970090334359,0.460373243404474,0.377284071163524
0.172296418984794,-1.47418829333236,-13.4088238469956,-0.0969443231492104,2.24410711745003,0.476096695050085,0.331437766790064
0.166548186782194,-1.47354524612768,-13.5171044678021,-0.0984408236812822,2.28849386284119,0.490520347672268,0.281298696932584
0.160609665871496,-1.47308207251105,-13.6244390136837,-0.101580456851683,2.33257475253063,0.503531657539676,0.228623864092182
0.154516351218008,-1.47284459654214,-13.7301369490103,-0.106331151686761,2.3760589779501,0.515019882290593,0.175195548568902
0.148293328041687,-1.47287775030526,-13.8335186495405,-0.112648150301949,2.41865238438345,0.524880897428216,0.122748964357635
0.141955828032518,-1.47322209804573,-13.9339271529096,-0.120472825157044,2.4600619079902,0.533022142078583,0.072898960276544
0.135510700827591,-1.47391084984256,-14.0307465199453,-0.129731529810057,2.50000383597177,0.539367101869094,0.0270724020377315
0.128958558688852,-1.47496769073887,-14.1234254283147,-0.140334867495073,2.53821533524809,0.543858711727892,-0.0135469708601025
0.122296262624771,-1.47640567237875,-14.2115026779143,-0.152177752909632,2.57446764143411,0.546461224614331,-0.0480557484174457
0.115519368652473,-1.47822726170194,-14.2946299931866,-0.165140535158521,2.60857855979426,0.547160405671391,-0.0758472465755424
0.108624180936829,-1.48042544003271,-14.3725874744012,-0.17909125039903,2.64042182997691,0.545962259553683,-0.0966074432701556
0.101609173111736,-1.48298556021611,-14.4452884573538,-0.193888833383508,2.66993154809772,0.542890750880251,-0.110293742540985
0.0944757055225896,-1.48588756663501,-14.5127729404803,-0.209386916711217,2.69710100595299,0.537985058675281,-0.1171017510969
0.0872281242930109,-1.4891081926011,-14.5751912353632,-0.225437751001822,2.72197655641483,0.531296825135689,-0.117425745065727
0.0798734277698728,-1.49262284999308,-14.6327812259606,-0.241895808129996,2.74464801520974,0.522887688858693,-0.111817756343417
0.0724207105242129,-1.4964070641484,-14.685843171593,-0.258620753877185,2.76523744771232,0.512827215945456,-0.100948740373699
0.0648805610868851,-1.50043743152852,-14.7347154877681,-0.275479640017755,2.78388801246764,0.50119121391082,-0.0855736935850855
0.0572645285958677,-1.50469215993,-14.7797538419848,-0.292348315006611,2.8007540500481,0.488060349685888,-0.0665012987380215
0.0495847123765547,-1.50915128794011,-14.8213147023811,-0.309112157104931,2.81599305037427,0.473518981988379,-0.044567868796059
0.0418534828199206,-1.51379668341753,-14.8597434979673,-0.325666285526037,2.82975966209874,0.457654138486881,-0.0206150091029519
0.03408331483714,-1.51861190571853,-14.8953669183852,-0.341915414013371,2.84220159186162,0.440554598507608,0.00452960965329156
0.0262867038814898,-1.52358199530962,-14.9284885753579,-0.357773491603612,2.85345707556045,0.422310069557759,0.0300688314098313
0.0184761335318525,-1.52869323463153,-14.9593871811155,-0.373163242323677,2.86365355284368,0.403010463839501,0.0552502211465913
0.01066406826562,-1.53393290847041,-14.9883164738647,-0.388015679806968,2.87290719717656,0.382745288181292,0.0793780131778431
0.00286295203516748,-1.53928908090311,-15.0155062596704,-0.402269640708499,2.88132301169945,0.361603159713566,0.101822826397543
-0.00491479963895973,-1.54475039841111,-15.041164094295,-0.415871355911145,2.88899527147565,0.339671453063774,0.122029153578567
-0.0126568202044011,-1.55030592393301,-15.0654772694552,-0.428774061538956,2.89600816055783,0.317036076093377,0.139520670073027
-0.0203508264170512,-1.5559450033521,-15.0886148826326,-0.440937641594316,2.90243650942659,0.293781363473934,0.153903475950429
-0.0279846645343243,-1.56165716396608,-15.1107298573046,-0.452328290217473,2.90834658210668,0.269990070425271,0.164867460723448
-0.0355463643749447,-1.56743204302654,-15.1319608414034,-0.462918181307997,2.91379689168203,0.24574344478647,0.172186039101986
-0.0430241966357079,-1.57325934363136,-15.1524339524088,-0.472685135969829,2.91883904006387,0.221121352367431,0.175714538643988
-0.0504067290077139,-1.57912881471669,-15.1722643616192,-0.481612282041682,2.92351858478145,0.196202428706516,0.175387520547939
-0.0576828774195645,-1.58503025162618,-15.191557723005,-0.489687704177048,2.92787593515016,0.171064229192816,0.171215286168361
-0.0648419498446796,-1.59095351361235,-15.2104114573566,-0.496904086846957,2.93194727503488,0.145783349170136,0.163279771316599
-0.071873681426312,-1.59688855466016,-15.2289159034735,-0.503258355974461,2.93576550196203,0.120435486174115,0.151729967601799
-0.0787682608870764,-1.6028254640607,-15.2471553467125,-0.508751327256593,2.93936116439457,0.0950954189518124,0.136776945120568
-0.0855163491914588,-1.60875451319697,-15.265208932925,-0.51338737051782,2.94276337215758,0.0698368829804659,0.118688493483013
-0.092109092295647,-1.61466620519752,-15.2831514741129,-0.517174099709103,2.94600065057354,0.0447323296050729,0.0977833559354716
-0.0985381301423651,-1.6205513242189,-15.3010541507338,-0.520122097087845,2.94910170750291,0.0198525668389115,0.0744250103881527
-0.104795604031204,-1.62640098135977,-15.3189851153289,-0.522244678018709,2.95209608476626,-0.00473370710600311,0.0490149540853156
-0.110874164237344,-1.63220665474324,-15.3370100033605,-0.523557699882869,2.9550146713638,-0.0289604531453811,0.0219854739290547
-0.116766978869176,-1.63796022172706,-15.3551923583132,-0.524079414898254,2.95789006472126,-0.0527648854776789,-0.00620807061384014
-0.1224677441504,-1.6436539820231,-15.3735939804055,-0.523830363011401,2.9607567770686,-0.0760880629592402,-0.0350953701369474
-0.127970695289155,-1.6492806712583,-15.3922752098832,-0.522833297708931,2.96365129527011,-0.0988754246833494,-0.0641995548879197
-0.133270616343871,-1.65483346538947,-15.4112951571448,-0.52111313522515,2.96661201245956,-0.121077217973305,-0.0930456657874516
-0.138362846953069,-1.66030597708627,-15.4307118918144,-0.518696916493997,2.96967905707975,-0.142648774259718,-0.121168991665265
-0.14324328378023,-1.66569224584204,-15.4505826017893,-0.515613771425813,2.9728940484618,-0.163550601629733,-0.148123051241826
-0.147908374829929,-1.67098672387036,-15.4709637305388,-0.511894876574388,2.97629980745324,-0.1837482794709,-0.173487014840645
-0.152355105514971,-1.67618425993307,-15.4919110973064,-0.507573399651213,2.97994004629039,-0.203212158874777,-0.196872396881168
-0.156580976307901,-1.68128008308897,-15.5134800006647,-0.502684427150698,2.98385905489771,-0.221916889685802,-0.217928898445043
-0.160583972802231,-1.68626978797183,-15.5357253014977,-0.497264874112067,2.98810139243672,-0.239840809211291,-0.236349330932993
-0.164362529885247,-1.69114932267759,-15.5587014774193,-0.491353377379592,2.99271158464129,-0.256965237485423,-0.251873599135503
-0.167915492372542,-1.69591497974964,-15.5824626372918,-0.484990175376051,2.99773382049395,-0.273273729301202,-0.264291759113037
-0.171242074842114,-1.70056339022441,-15.6070624824407,-0.478216978190685,3.00321163704251,-0.288751334511293,-0.273446190086311
-0.174341823393081,-1.70509152013135,-15.6325541997558,-0.471076831928986,3.00918757891778,-0.303383915535492,-0.279232929151038
-0.177214581793716,-1.70949666841564,-15.6589902717271,-0.463613980769442,3.01570281951719,-0.317157565988593,-0.281602215598631
-0.179860464038076,-1.71377646501302,-15.6864221897956,-0.45587372908823,3.02279673365811,-0.330058167595133,-0.280558281059337
-0.182279834633726,-1.71792886755181,-15.7149000588971,-0.44790230485732,3.030506415973,-0.342071113848986,-0.276158406458284
-0.184473297248269,-1.72195215511932,-15.7444720837622,-0.439746724126531,3.03886614498988,-0.353181219182253,-0.268511251746649
-0.186441691691799,-1.72584491768675,-15.7751839314685,-0.431454654822914,3.04790679909203,-0.363372821638783,-0.257774452840045
-0.188186098537161,-1.7296060398843,-15.807077968117,-0.423074276929098,3.05765523619434,-0.372630074586511,-0.244151475698738
-0.189707850282447,-1.73323467828276,-15.8401923734333,-0.414654134548688,3.0681336542614,-0.380937410386842,-0.227887721511406
-0.191008547554838,-1.73673023156385,-15.8745601413625,-0.406242974686816,3.07935895304719,-0.388280145200316,-0.209265891492983
-0.19209007877231,-1.74009230353052,-15.9102079820799,-0.397889566596094,3.09134211974306,-0.394645181935827,-0.188600643074287
-0.192954641609569,-1.74332065919227,-15.9471551465717,-0.389642495636911,3.10408766113583,-0.400021757602395,-0.16623260124428
-0.193604764739756,-1.74641517461787,-15.9854122032756,-0.381549925790207,3.11759310392211,-0.40440217471106,-0.142521824763797
-0.194043328408647,-1.74937578144193,-16.0249798032405,-0.373659326281669,3.13184858222842,-0.407782454313614,-0.117840864857998
-0.194273582497512,-1.75220240717596,-16.0658474788804,-0.36601715945715,3.14683652880928,-0.410162852327997,-0.0925675876664617
-0.194299160701093,-1.75489491256777,-16.1079925282325,-0.358668529706373,3.16253148344754,-0.411548190613924,-0.0670779585139566
-0.194124089327926,-1.75745302738503,-16.1513790424156,-0.351656796328056,3.17890002967946,-0.411947969449609,-0.0417390014313387
-0.193752789021984,-1.75987628624764,-16.1959571383571,-0.34502315646063,3.19590086954087,-0.411376246971518,-0.0169021483932972
-0.193190067481863,-1.76216396639983,-16.2416624585074,-0.338806207667572,3.21348504457634,-0.409851291550163,0.00710282007512211
-0.192441101151915,-1.76431502977972,-16.288415995659,-0.333041502661041,3.23159631031688,-0.407395032771342,0.0299730687635606
-0.19151140401873,-1.76632807222521,-16.3361242911949,-0.327761111026993,3.25017166932622,-0.40403235342655,0.0514371005828959
-0.190406782141109,-1.76820128321578,-16.3846800423411,-0.322993203952481,3.2691420654245,-0.39979027689316,0.0712581608636674
-0.189133273485362,-1.76993241979669,-16.4339631339893,-0.318761678345349,3.28843323654687,-0.394697110691859,0.0892366164684804
-0.187697073912711,-1.77151879836303,-16.4838420901081,-0.315085835633036,3.3079667179399,-0.388781607399704,0.10521132478053
-0.186104451705278,-1.77295730743214,-16.5341759156323,-0.311980128632396,3.32766097951054,-0.382072199191115,0.119060053677562
-0.184361654534843,-1.77424444349883,-16.5848162776619,-0.309453986991239,3.34743267318033,-0.374596352864374,0.130699051981533
-0.182474814069783,-1.77537637048599,-16.6356099542553,-0.307511728355993,3.36719795792998,-0.366380079837909,0.140081896887855
-0.180449854199585,-1.77634900139217,-16.6864014634428,-0.306152558753842,3.38687386341905,-0.357447621581282,0.147197759812596
-0.178292408975624,-1.77715809871446,-16.7370357748684,-0.305370662039953,3.4063796481916,-0.347821316724455,0.152069234555135
-0.176007755758984,-1.77779938838703,-16.7873610024725,-0.305155374858528,3.42563810619805,-0.337521642851736,0.154749862841459
-0.173600767815078,-1.77826868059681,-16.8372309785727,-0.305491440553498,3.44457677587158,-0.32656741473324,0.155321474333232
-0.171075888820382,-1.77856199014381,-16.8865076184706,-0.306359332929462,3.46312900983069,-0.314976111821256,0.153891434011019
-0.168437129852065,-1.77867564906599,-16.9350629962671,-0.307735638754295,3.48123486897235,-0.302764302227908,0.15058986261939
-0.165688087455585,-1.77860640508289,-16.9827810709604,-0.309593486423616,3.49884181376541,-0.289948127072954,0.145566869119535
-0.162831979851535,-1.77835150082533,-17.0295590199226,-0.311903007278303,3.51590517505583,-0.276543809121225,0.138989810599759
-0.159871697166586,-1.777908730642,-17.0753081584731,-0.314631815721261,3.53238839793207,-0.262568151495766,0.131040577233915
-0.156809861056469,-1.77727647373262,-17.1199544437929,-0.317745494450925,3.5482630627539,-0.248038996521565,0.121912889182818
-0.153648888974627,-1.77645370420441,-17.1634385817429,-0.32120807196682,3.56350869810596,-0.232975619785433,0.111809588806039
-0.150391058827556,-1.77543998021397,-17.2057157703302,-0.324982480750649,3.57811240876471,-0.217399041127478,0.100939915233919
-0.147038570445719,-1.77423541549779,-17.2467551271369,-0.329030986322329,3.59206834884079,-0.201332240776019,0.0895167572176067
-0.143593601180833,-1.77284063726556,-17.2865388569004,-0.333315579506026,3.60537707480272,-0.184800275429511,0.0777538924822685
-0.140058353856746,-1.77125673465624,-17.325061219973,-0.337798326571324,3.61804481516522,-0.167830295294418,0.0658632352921286
-0.136435096179937,-1.76948520182394,-17.3623273624948,-0.342441674227669,3.63008269323638,-0.150451468753777,0.0540521265133338
-0.132726191353854,-1.7675278792641,-17.3983520668301,-0.347208708756306,3.64150593722426,-0.132694825565935,0.0425207098390483
-0.128934120228723,-1.76538689640046,-17.4331584743739,-0.352063370446243,3.65233310777751,-0.114593033153468,0.0314594435494248
-0.125061495689029,-1.76306461776894,-17.4667768251958,-0.356970626057963,3.66258536788501,-0.0961801227407805,0.0210467980798951
-0.121111070170157,-1.76056359442316,-17.4992432506142,-0.361896603203323,3.67228581434763,-0.0774911828929931,0.0114471859749959
-0.117085737319982,-1.75788652155369,-17.5305986456822,-0.366808691181088,3.68145888401061,-0.0585620378802834,0.00280916348240568
-0.112988528866582,-1.75503620278099,-17.5608876399362,-0.371675613043946,3.69012984223378,-0.0394289271619301,-0.00473606703624477
-0.10882260770005,-1.75201552113324,-17.5901576774049,-0.376467473626272,3.69832435609618,-0.0201282001319142,-0.0110758363906736
-0.10459125808481,-1.74882741637586,-17.6184582106444,-0.381155787965554,3.70606815066939,-0.00069603752685151,-0.0161168639526623
-0.100297873896018,-1.74547486818441,-17.6458400080426,-0.385713493995773,3.71338674331784,0.0188317917537051,-0.0197857945084802
-0.0959459455950755,-1.74196088446552,-17.6723545704385,-0.39011495293624,3.72030524887659,0.0384201330658401,-0.0220294315061601
-0.0915390466281845,-1.73828849412543,-17.6980536500111,-0.394335940167906,3.7268482470481,0.0580346048850894,-0.0228146888560613
-0.0870808197912078,-1.73446074355897,-17.7229888630748,-0.398353628932925,3.73303970285348,0.0776417140715137,-0.0221282885493565
-0.0825749640104112,-1.7304806961749,-17.7472113875852,-0.402146568760042,3.73890293100117,0.0972089296025611,-0.0199762341534306
-0.0780252218867525,-1.72635143433136,-17.7707717360145,-0.40569466018573,3.74446059554934,0.116704718514777,-0.0163830910864338
-0.0734353683326386,-1.72207606319755,-17.7937195941549,-0.408979127038396,3.74973473696744,0.136098548637269,-0.0113911039277298
-0.0688092004347483,-1.71765771604049,-17.8161037175717,-0.41198248748152,3.75474681983186,0.155360863861764,-0.00505917915173625
-0.0641505286927472,-1.71309956059278,-17.8379718776258,-0.414688524823507,3.75951779529655,0.174463037544099,0.00253824083313702
-0.0594631696742731,-1.70840480618916,-17.8593708499871,-0.417082259074343,3.76406817353093,0.193377309718548,0.0113123893255696
-0.0547509400640059,-1.70357671141144,-17.8803464393375,-0.41914992018577,3.76841810221725,0.212076713447569,0.0211614525472508
-0.0500176520433865,-1.69861859203296,-17.9009435346352,-0.42087892387059,3.77258744796429,0.230534995026343,0.0319718950205921
-0.0452671098997541,-1.69353382908974,-17.9212061899643,-0.422257850859081,3.77659587813558,0.248726532062953,0.0436198180668462
-0.0405031077299955,-1.68832587692538,-17.9411777265885,-0.423276430403372,3.78046294110819,0.26662625271945,0.0559723384053236
-0.0357294280348328,-1.68299827101781,-17.960900852529,-0.423925528777819,3.78420814342123,0.284209558820221,0.0688889756432465
-0.030949841044,-1.67755463546055,-17.9804177961862,-0.424197143403932,3.78785102254246,0.301452254591878,0.0822230387144142
-0.0261681046091461,-1.67199868997675,-17.9997704509257,-0.424084403122951,3.79141121424811,0.318330482164341,0.0958230024936626
-0.0213879644257856,-1.66633425625236,-18.019000528229,-0.423581575002904,3.79490851389653,0.334820664702028,0.109533867122683
-0.0166131544985455,-1.66056526353425,-18.0381497167563,-0.422684077905446,3.79836293097867,0.350899457094681,0.123198493237477
-0.0118473976491767,-1.65469575328883,-18.0572598455179,-0.42138850288196,3.80179473663611,0.3665437043115,0.136658907730421
-0.00709440602202323,-1.64872988287485,-18.0763730490979,-0.419692640311372,3.80522450394826,0.381730406885266,0.149757575440801
-0.00235788146123716,-1.64267192806236,-18.0955319335669,-0.417595513515912,3.80867314107984,0.396436693306306,0.162338633662446
0.00235848419441547,-1.6365262844153,-18.1147797413779,-0.415097418477368,3.81216191748307,0.410639798696962,0.174249087182586
0.0070510089311793,-1.63029746743581,-18.1341605141537,-0.412199969113514,3.81571248361749,0.424317049649186,0.18533996308211
0.0117160203858985,-1.62399011152376,-18.1537192519457,-0.40890614749995,3.81934688473103,0.437445854987986,0.195467425362569
0.0163498556035278,-1.61760896774235,-18.1735020678339,-0.405220358300595,3.8230875694083,0.450003702701784,0.204493850616804
0.020948860561559,-1.61115890048151,-18.1935563363974,-0.401148486628373,3.82695739360097,0.461968163390051,0.212288866560943
0.0255093892940615,-1.60464488310044,-18.2139308344637,-0.396697958491923,3.83097962085169,0.473316900944073,0.218730355785765
0.0300278024335666,-1.59807199263418,-18.2346758722086,-0.391877802929804,3.8351779193237,0.4840276914461,0.223705427224549
0.0345004649510991,-1.59144540368942,-18.255843412034,-0.386698714917729,3.83957635602364,0.494078451409126,0.227111357566674
0.0389237428834307,-1.58477038163514,-18.2774871719738,-0.381173118091406,3.84419938830162,0.503447276638641,0.228856504288516
0.0432939988779977,-1.57805227512761,-18.2996627095975,-0.375315226240864,3.84907185231786,0.51211249308079,0.228861191025889
0.0476075863642128,-1.57129650804843,-18.322427481015,-0.369141102522606,3.85421894757037,0.520052720803275,0.227058564678112
0.0518608422713382,-1.56450857079164,-18.3458408685328,-0.362668715167954,3.8596662159704,0.52724695214348,0.223395422094627
0.0560500782529075,-1.55769401082396,-18.3699641687879,-0.355917988378905,3.86543951312645,0.533674644576023,0.217833002386776
0.0601715704974536,-1.55085842235152,-18.3948605315062,-0.348910846925422,3.87156496860206,0.539315828330529,0.210347739066828
0.0642215483636036,-1.54400743482621,-18.4205948372418,-0.341671252731286,3.87806893093174,0.54415122811648,0.200931964396075
0.0681961822696941,-1.53714669994449,-18.4472335005951,-0.334225231479275,3.88497789213826,0.548162397495416,0.189594556706803
0.0720915714791162,-1.53028187677684,-18.4748441834601,-0.326600887031645,3.89231838540899,0.551331863522563,0.17636152034317
0.075903732747563,-1.52341861457439,-18.5034954016179,-0.318828401085986,3.90011684870605,0.553643278422437,0.161276487183825
0.0796285911006499,-1.51656253287002,-18.5332560069426,-0.310940015216323,3.90839944632779,0.555081574168469,0.14440112888862
0.0832619743721231,-1.50971919859283,-18.564194527489,-0.302969992151478,3.91719184010561,0.555633115129175,0.12581546999546
0.0867996135097543,-1.50289410010052,-18.5963783491323,-0.294954552874529,3.9265189021927,0.555285843461616,0.10561809373156
0.0902371509647715,-1.49609261841677,-18.6298727252362,-0.286931786034916,3.93640436238018,0.5540294117667,0.08392623498003
0.0935701597567899,-1.48931999639348,-18.6647396061635,-0.278941526110984,3.94687038496897,0.551855297778778,0.060875757486246
0.0967941758917333,-1.48258130717333,-18.7010362879165,-0.271025196991339,3.95793707340194,0.548756896556893,0.0366210149270351
0.099904746686503,-1.47588142407509,-18.7388138894341,-0.263225618082784,3.96962190533944,0.544729586804116,0.011334596847417
0.102897497096974,-1.46922499489294,-18.7781156805681,-0.255586770833113,3.98193910647586,0.539770769515469,-0.0147930399767757
0.105768215314437,-1.46261642442923,-18.8189752973944,-0.248153524613307,3.99489897801453,0.533879878994345,-0.0415540575935438
0.108512957575189,-1.45605986987039,-18.8614148965738,-0.240971322378696,4.00850719964219,0.527058368271696,-0.0687238496814238
0.111128170371117,-1.44955925407837,-18.9054433151967,-0.234085828221837,4.02276413656957,0.519309672836064,-0.0960618005886872
0.113610826075882,-1.44311830189821,-18.9510543147001,-0.227542540835747,4.0376641847256,0.510639158134647,-0.123312222973708
0.115958565553688,-1.43674060401404,-18.9982249949132,-0.221386378889022,4.05319519150028,0.501054057406625,-0.150205520424623
0.118169838887285,-1.43042971145456,-19.0469144661606,-0.215661246050264,4.06933798996365,0.49056340680816,-0.17645963475942
0.120244033206019,-1.4241892616784,-19.0970628612865,-0.210409584862884,4.08606608131381,0.479177984728319,-0.201781846720138
0.122181575197444,-1.41802313406785,-19.1485907571222,-0.205671929400107,4.10334549396931,0.46691026147232,-0.225871001687472
0.123983995537106,-1.41193562909287,-19.2013990555846,-0.201486466722315,4.12113483816637,0.453774364684796,-0.248420225578065
0.125653943566264,-1.40593166152215,-19.2553693521494,-0.197888616337297,4.13938556377466,0.43978606492319,-0.269120180235475
0.127195143184066,-1.400016954535,-19.3103647954568,-0.194910635353716,4.15804241728549,0.42496278518413,-0.287662882329927
0.128612285094081,-1.39419821884524,-19.3662314206211,-0.192581254892916,4.17704408346264,0.409323637739559,-0.3037460779517
0.129910855904642,-1.38848329969797,-19.4227999214684,-0.190925351004921,4.19632398871278,0.392889491628597,-0.317078129653588
0.131096910643824,-1.38288127509115,-19.4798878161969,-0.189963651081161,4.2158112379888,0.375683073926557,-0.327383338317738
0.132176801271472,-1.37740249111849,-19.5373019556455,-0.189712475030724,4.23543165461215,0.357729107272256,-0.334407592093849
0.133156878977573,-1.37205852483756,-19.5948413217468,-0.190183509566169,4.25510889206938,0.3390544845993,-0.337924211446065
0.1340431917147,-1.36686207114798,-19.6523000631916,-0.191383613981093,4.27476558746517,0.319688479129581,-0.337739844229866
0.134841199959005,-1.36182675709295,-19.7094707139002,-0.193314656825026,4.29432452699889,0.299662982822082,-0.333700257200955
0.135555532777133,-1.35696689412713,-19.76614753347,-0.195973384737122,4.31370979304837,0.279012760162364,-0.325695868402126
0.136189802922269,-1.35229718523091,-19.8221298975728,-0.199351327018124,4.33284786032541,0.257775696467846,-0.313666866260273
0.13674649422433,-1.34783240845331,-19.8772256516254,-0.203434741920927,4.35166860585626,0.235993011361996,-0.297607762943324
0.137226927593923,-1.34358710095811,-19.9312543252592,-0.208204612689871,4.37010619548429,0.213709400035664,-0.277571228867263
0.13763130435249,-1.33957526771015,-19.9840500908215,-0.213636702514084,4.3880998095917,0.190973059541224,-0.253671051245635
0.137958818289725,-1.33581013632964,-20.0354643439462,-0.219701677658723,4.40559417568908,0.16783555530333,-0.226084051606986
0.138207821668298,-1.33230397506177,-20.0853677877392,-0.226365306597498,4.42253988512169,0.14435148782565,-0.195050789040862
0.138376026091675,-1.32906798453156,-20.1336519210116,-0.233588740327598,4.43889348681303,0.120577930878392,-0.160874871482097
0.138460717120905,-1.32611226719331,-20.1802298597359,-0.241328874742828,4.45461736918987,0.0965736331974747,-0.123920707305769
0.138458961937319,-1.32344587158738,-20.2250364620373,-0.249538790710388,4.46967946086912,0.0723980028348114,-0.0846095613029971
0.138367791989074,-1.32107690270071,-20.2680277725933,-0.258168261349378,4.48405279631732,0.0481099254413287,-0.0434138426222672
0.138184346990308,-1.31901268537474,-20.3091798476226,-0.267164309499825,4.49771500129407,0.0237664998511053,-0.000849650663822813
0.137905972199272,-1.3172599650791,-20.3484870623562,-0.276471792512622,4.51064775274876,-0.000578200524543645,0.0425322686602615
0.137530266817594,-1.31582512974801,-20.3859600308534,-0.286033986489939,4.52283625786626,-0.0248742179779,0.0861568619688205
0.137055086845839,-1.31471443739106,-20.4216232834996,-0.295793139434766,4.53426878067947,-0.0490765331133315,0.129435978022185
0.13647851013542,-1.31393423661867,-20.4555128465577,-0.305690962497631,4.54493622524914,-0.0731455199499304,0.171779928663963
0.135798774242621,-1.31349117040545,-20.4876738537401,-0.315669031221801,4.55483176714811,-0.0970469672770883,0.212608847684279
0.135014198895401,-1.31339235672377,-20.5181582935739,-0.325669073684408,4.56395051330587,-0.120751639966612,0.25136333024437
0.134123104596306,-1.3136455423311,-20.5470229646558,-0.335633129420822,4.57228916689648,-0.144234393114076,0.287513941245031
0.133123737563912,-1.31425922737319,-20.5743276778436,-0.345503570879301,4.57984567865533,-0.16747288231745,0.320569339975192
0.132014209432535,-1.31524275805496,-20.6001337155407,-0.355222987470942,4.58661887742512,-0.190445931424777,0.350082958414
0.130792458475326,-1.31660638217034,-20.6245025363598,-0.364733940721356,4.59260808813414,-0.213131624067621,0.375658366039806
0.129456237863093,-1.31836125797147,-20.6474947032521,-0.373978609194644,4.59781276282627,-0.235505183746042,0.396953635403923
0.128003135717261,-1.32051940141566,-20.6691690129391,-0.382898354202714,4.60223216666479,-0.257536705002586,0.413685166466298
0.126430630971072,-1.32309355187529,-20.6895818155377,-0.391433253855482,4.60586517424234,-0.279188806651174,0.425631514080713
0.124736187496144,-1.32609693457166,-20.7087865319346,-0.399521673339336,4.60871023868947,-0.300414304649867,0.432637761356535
0.122917385601772,-1.32954290261654,-20.7268333962722,-0.407099959843058,4.61076559251367,-0.321154048754203,0.43462085489648
0.12097208439321,-1.33344445520994,-20.7437694611395,-0.414102362814962,4.61202971967415,-0.341335123138663,0.431576035853271
0.118898601101767,-1.33781365137015,-20.7596388937756,-0.420461273397165,4.61250210041294,-0.360869655120237,0.423584070390234
0.116695886543152,-1.34266096586174,-20.7744835560676,-0.426107841496045,4.6121841769288,-0.379654477026608,0.410818477683029
0.114363672902006,-1.34799465554275,-20.7883438028408,-0.430972964868989,4.61108043147752,-0.397571817721982,0.39355152332936
0.111902573296804,-1.35382021055719,-20.8012593761561,-0.434988569419056,4.60919942827904,-0.41449106857998,0.372157564694995
0.109314122121872,-1.36013995061048,-20.8132702432731,-0.438089039366014,4.60655466298964,-0.430271505286047,0.347112505499907
0.106600757560007,-1.36695279699626,-20.8244172414861,-0.440212633705402,4.60316509294432,-0.44476570338513,0.318988601603109
0.103765758347356,-1.37425421753373,-20.8347424490375,-0.441302747070805,4.5990552771958,-0.457823301094582,0.28844449380142
0.100813152536584,-1.38203631557768,-20.8442892794466,-0.441308926169664,4.59425512133886,-0.469294743045285,0.256210919499374
0.0977476161063514,-1.39028802186924,-20.8531023544097,-0.440187612620008,4.58879927358363,-0.479034686204391,0.223072954894274
0.0945743757447444,-1.3989953472126,-20.8612272592752,-0.437902634779686,4.58272626171956,-0.486904811896744,0.189849780982499
0.0912991248508511,-1.4081416622209,-20.868710286484,-0.434425498931516,4.57607747377636,-0.492775883966077,0.157372941028984
0.0879279574355775,-1.41770798048966,-20.8755982607086,-0.429735540512992,4.5688960888947,-0.496528984977037,0.126463883158613
0.0844673210357772,-1.42767323253674,-20.881938510828,-0.423819989449805,4.56122604989921,-0.498055965089711,0.0979113605258471
0.0809239878367137,-1.4380145263662,-20.8877790229856,-0.416673988507609,4.5531111474228,-0.497259231952945,0.0724490369944945
0.0773050421805892,-1.4487073968769,-20.893168780623,-0.40830058495297,4.54459425821681,-0.4940510949399,0.0507334695562138
0.0736178822453845,-1.45972605010538,-20.8981582751159,-0.398710698375888,4.53571675374576,-0.488352942534878,0.0333225445941054
0.0698702333722467,-1.47104360996768,-20.9028001555532,-0.387923054242238,4.52651807408095,-0.480094570973596,0.0206544580703969
0.0660701701846647,-1.48263237439076,-20.9071499777597,-0.375964066050992,4.51703545165645,-0.469213989887709,0.0130274651269629
0.0622261440732068,-1.49446408481224,-20.9112670105357,-0.36286764982351,4.50730377317382,-0.455658002550452,0.0105808823010542
0.0583470118780819,-1.50651020808002,-20.9152150609822,-0.348674962764834,4.4973555874324,-0.439383790205341,0.0132781897034492
0.0544420611737208,-1.51874222237644,-20.9190632904487,-0.33343407234671,4.48722130080257,-0.420361619337214,0.0208935123644391
0.0505210277600797,-1.53113188995898,-20.9228870073537,-0.317199579108005,4.47692964303447,-0.398578637580085,0.0330031903838592
0.0465941024886389,-1.54365149005319,-20.9267684387566,-0.300032231811324,4.46650852062209,-0.374043537145012,0.0489844757663164
0.042671927767073,-1.55627397735812,-20.930797489212,-0.281998581624579,4.45598638203633,-0.346791666826698,0.0680234916864989
0.0387655889218052,-1.56897302819927,-20.9350724748093,-0.263170717942958,4.44539417353511,-0.316890004402791,0.0891343255930988
0.0348866112014141,-1.58172294028131,-20.939700746068,-0.243626110701489,4.43476784348783,-0.284441312531857,0.11119040853456
0.0310469773529411,-1.59449836649717,-20.9447989582013,-0.223447553838213,4.42415114756942,-0.249586837562012,0.132968165420274
0.0272591809903732,-1.60727388758606,-20.9504924972973,-0.202723171274205,4.41359823531946,-0.212507091089575,0.153201448280794
0.0235363240392291,-1.62002346180935,-20.9569132529021,-0.181546419415552,4.40317521328423,-0.173420540642295,0.170643770566919
0.0198922504083503,-1.63271982747975,-20.9641946400691,-0.160016009572205,4.39295967585345,-0.132580340317667,0.184134184192609
0.0163416824905327,-1.64533397102219,-20.9724627168691,-0.138235683859945,4.3830372021676,-0.0902694401045866,0.192662044923103
0.0129002958928202,-1.65783480143857,-20.9818227082419,-0.116313806374415,4.37349418629639,-0.0467944454066083,0.195425951420533
0.00958464100968,-1.67018917799427,-20.9923415116454,-0.0943627697326352,4.36440721601274,-0.00247847702779993,0.19188263556121
0.00641181541872858,-1.68236240094457,-21.0040288259919,-0.0724982547746033,4.35583050650164,0.0423468499178087,0.181782221503332
0.00339883026065737,-1.69431917511565,-21.0168217813868,-0.0508384079581448,4.34778426590759,0.0873501459833543,0.16518686027661
0.000561707268028235,-1.70602489855301,-21.0305789838221,-0.0295030064379632,4.3402475702046,0.13220911815262,0.142470395912542
-0.00208553213404924,-1.71744697097709,-21.0450882789789,-0.00861265589164917,4.33315855147437,0.176618542781288,0.114297817383203
-0.00453173091728877,-1.72855575552679,-21.0600881352801,0.011711983110128,4.32642233864403,0.220296067409939,0.0815851354179022
-0.00676906619840106,-1.73932493017941,-21.0752973723651,0.031350994598953,4.31992426414659,0.262984995735195,0.0454427580353104
-0.00879299980209314,-1.74973119354547,-21.0904450430775,0.0501860968346721,4.31354414510144,0.304454078980906,0.00710799053328812
-0.0106017605937703,-1.75975351777515,-21.1052933006637,0.0681016459831308,4.30716773391323,0.344495302241972,-0.0321264372929822
-0.01219554339159,-1.76937224694165,-21.119649862017,0.0849856977799426,4.30069341939555,0.38292093649058,-0.070980663613275
-0.0135756463074632,-1.77856830167345,-21.1333707063614,0.100731002672451,4.29403436345596,0.419560843049943,-0.108246875337314
-0.0147437191537552,-1.78732263190745,-21.1463560051353,0.115235783479715,4.28711750908342,0.454260396086598,-0.142835401360759
-0.0157012080151066,-1.79561593913846,-21.1585426840015,0.128404161962558,4.27988107811577,0.48687885216101,-0.173805954236915
-0.016448999429137,-1.80342861271033,-21.1698962286966,0.140146137474493,4.27227170619931,0.517287739355949,-0.200384235946704
-0.0169872123126804,-1.81074079506271,-21.1804032440523,0.150377042453261,4.26424172905395,0.545368832470407,-0.221965542159326
-0.0173150557776322,-1.81753248827279,-21.1900653789219,0.159016371846327,4.2557466218234,0.571011375772975,-0.238107700636786
-0.0174306538708071,-1.82378361622278,-21.1988946857201,0.165985776278845,4.24674225198361,0.594108259471642,-0.248515661803062
-0.0173307163538121,-1.82947393377894,-21.2069102204906,0.171205764424432,4.23718135662224,0.614550687355684,-0.253019370271453
-0.0170098893109427,-1.83458258229417,-21.2141355646189,0.17459018144378,4.22700839404252,0.632220281583989,-0.251545247713788
-0.0164595420676468,-1.83908681489479,-21.2205967464484,0.176036677400276,4.21615172246394,0.646976081500485,-0.244080106174037
-0.0156657357013372,-1.84295866801158,-21.2263193164792,0.175410451506865,4.20451305329107,0.658630716117143,-0.230627276924
-0.0146068383054833,-1.84615683649264,-21.2313212003019,0.172521188942116,4.19196165597874,0.666906161955236,-0.211172638952657
-0.0132547500627704,-1.84861164589253,-21.235596123495,0.167114625028335,4.17836572519928,0.671373401158323,-0.185750808913376
-0.0115870668615183,-1.85021833136698,-21.2390996808154,0.158938930552805,4.16369328912443,0.671459958496921,-0.154747898577113
-0.00960009806771112,-1.85086969962442,-21.2417813823872,0.147859891189603,4.14806445460499,0.666616524554988,-0.119180790677986
-0.00730395551239859,-1.85049525609044,-21.2436376920031,0.133877463908521,4.13166476130336,0.656458084769232,-0.080552414896911
-0.00471302848597816,-1.84906326172252,-21.2447265492196,0.117073941144534,4.11467819564407,0.640753669469326,-0.0405963206029791
-0.00184244901752121,-1.84656753428521,-21.2451637444577,0.0975785881998341,4.09728393510562,0.619378665077407,-0.00114355573179953
0.00129190822265884,-1.84301754653038,-21.245123916955,0.0755532942182389,4.07967059954462,0.592290753453946,0.035951927337794
0.00467215407956562,-1.8384333068453,-21.2448442436771,0.0511867833482616,4.06204682624678,0.559527143470283,0.0688904411161902
0.00827659824062498,-1.83284314412554,-21.2446190439398,0.0246913808762956,4.04464152498426,0.521213320219665,0.0960262955384531
0.0120780542706079,-1.82628281772963,-21.2447714666408,-0.00369968850428869,4.02768906876053,0.477576056818161,0.115989506949358
0.0160431867167105,-1.81879459197074,-21.2455968719664,-0.0337350175672912,4.01139872489083,0.428953975953606,0.127815326617741
0.0201338157782528,-1.81042519857474,-21.2472944586298,-0.065147741484235,3.99591849432155,0.375799478951536,0.131058480905938
0.0243101493476868,-1.80122255308856,-21.2499233630178,-0.0976580740791348,3.98131321357936,0.318669533506662,0.125870398465681
0.0285346187875038,-1.79123233227589,-21.2534101540295,-0.130975482691486,3.96757125180826,0.25820841441138,0.113028601121503
0.0327746667961977,-1.78049589083813,-21.2575989765133,-0.164800489776065,3.95463473059103,0.195127748854406,0.0939159855720945
0.0370037465237727,-1.76905018567545,-21.2623107347671,-0.198826259223534,3.94243443999606,0.13018651714746,0.0704467903389288
0.0412008548687964,-1.75692935317745,-21.2673840496294,-0.232740225856028,3.93091351424438,0.0641704831768399,0.0449340413542711
0.0453493139684343,-1.74416715297215,-21.2726914343722,-0.266226044551106,3.92003506296276,-0.00212946353787928,0.0199006443151914
0.0494353788719029,-1.73079957184409,-21.2781379941858,-0.298966084709828,3.90977726001741,-0.0679385088633264,-0.00214820368011555
0.0534470074998568,-1.71686711309184,-21.283652664066,-0.330644581089267,3.90012211407705,-0.132515831776896,-0.0189594435477838
0.0573729532652328,-1.70241651155597,-21.2891789094023,-0.36095139895481,3.89104338149574,-0.195167166485677,-0.0287369257651431
0.0612022166333252,-1.6875017897361,-21.2946678613101,-0.389586243358683,3.88249705815156,-0.255252025194469,-0.030286782449657
0.0649237938511581,-1.67218469498861,-21.3000741449073,-0.416263090890171,3.87441588635184,-0.312187521739379,-0.0230878925098363
0.0685266011958706,-1.65653461359363,-21.3053534786412,-0.440714648574165,3.86670794217632,-0.365451403444338,-0.00728743261301401
0.0719994483511203,-1.64062805205986,-21.3104610371181,-0.462696699477903,3.85925871887146,-0.414586149974635,0.0163664853541675
0.0753309795472534,-1.62454774155357,-21.3153499871107,-0.481992228302005,3.85193592919323,-0.459204450555535,0.0466363738515949
0.0785095677681379,-1.60838139723162,-21.3199700653821,-0.498415205987893,3.84459618786117,-0.498994876278064,0.0819305653336741
0.0815232041518393,-1.59222016720403,-21.3242663357682,-0.511813869350072,3.83709264478577,-0.533725783782956,0.120443258324314
0.08435945123389,-1.57615682982717,-21.328178305991,-0.522073297070629,3.82928255890836,-0.563245642830632,0.160284744272677
0.0870055211810037,-1.56028382641528,-21.3316394767182,-0.529117084580474,3.82103384437714,-0.587478858184044,0.199592407273681
0.0894485087080477,-1.54469123444342,-21.3345772389435,-0.532907961132922,3.81222984032511,-0.606417288804058,0.236618346659832
0.0916757681673478,-1.5294647918102,-21.3369129070736,-0.533447255107351,3.80277190698661,-0.620108585662399,0.269793753916503
0.09367538890119,-1.51468408087854,-21.3385616069268,-0.530773182044057,3.7925798277107,-0.628642913575552,0.297772935805229
0.0954366998526948,-1.50042098161916,-21.3394317266019,-0.524958003530455,3.78159030222701,-0.632139591803672,0.319461100979857
0.0969507269850864,-1.48673850363779,-21.3394236651641,-0.516104200842685,3.76975400107476,-0.630734874417387,0.334030139330713
0.0982105348864954,-1.47369009763723,-21.3384276595656,-0.50433993482399,3.757031712542,-0.624571722958928,0.340926184833428
0.0992114044325173,-1.46131951252374,-21.3363205194954,-0.489814202300516,3.74339006949118,-0.613792151959047,0.339872194985008
0.0999508253755051,-1.44966120166212,-21.3329611397323,-0.472692194090163,3.72879721302613,-0.598532572050294,0.330868225597202
0.100428307442525,-1.4387412055754,-21.3281846768211,-0.453151348506112,3.71321854832783,-0.57892243547737,0.314191379498512
0.100645027335861,-1.42857838252094,-21.3217952665884,-0.431378460803723,3.69661250510875,-0.555086306949419,0.290396350025786
0.100603328748341,-1.41918584651931,-21.3135571384137,-0.407567992182526,3.67892597509579,-0.527149183348883,0.260316034814674
0.100306080905844,-1.41057251238728,-21.3031840075259,-0.381921502176461,3.6600889330715,-0.495244479946621,0.225060112617821
0.0997558850822071,-1.40274471676046,-21.2903268001529,-0.354647956989626,3.64000773625787,-0.45952362682852,0.186008192301607
0.0989541046688417,-1.39570796181457,-21.2745602634545,-0.325964570589477,3.61855686318775,-0.420165769877168,0.144793654218918
0.0978996899810746,-1.38946889019336,-21.2553701070096,-0.296097790806541,3.59556955451433,-0.377385781070576,0.103274975007904
0.096587786842482,-1.38403763381463,-21.2321444244402,-0.265284013980105,3.570829160808,-0.331438863120063,0.0634931942928419
0.0950081859946485,-1.37943066743801,-21.204176729598,-0.233769539506672,3.54406516836871,-0.282620689637735,0.0276165818952778
0.0931438385844604,-1.37567419927127,-21.1706931830706,-0.201809095301565,3.51496082915799,-0.231263338189875,-0.00212523462178275
0.0909699904253735,-1.37280785747785,-21.1309222473981,-0.169661958828757,3.48318230251715,-0.177729048958909,-0.0235182001552963
0.0884549683328241,-1.37088785643125,-21.0842263531157,-0.137584436810866,3.44843978270612,-0.122405431928635,-0.0344616169055872
0.0855640394686101,-1.36998791346636,-21.0303021968339,-0.105817796335458,3.41058436206482,-0.06570596733951,-0.0331107512695568
0.0822673972207198,-1.37019532801471,-20.9694180641607,-0.0745725007275519,3.3697251966893,-0.00807707335829383,-0.0180953425282366
0.0785514188119979,-1.37159997031469,-20.9025989830278,-0.0440130036785109,3.32632308909759,0.049992584839866,0.0111782104047727
0.0744292449076283,-1.3742767318763,-20.8316375809131,-0.0142504007001426,3.28120054338236,0.107970230606566,0.0542012492106903
0.0699450487681164,-1.3782665730388,-20.7588609109919,0.0146510159124766,3.23543407470473,0.16529324068223,0.109152581185562
0.0651688999293102,-1.38356390644564,-20.6867159668636,0.0426542751191452,3.1901590464274,0.221398950344485,0.172948974475953
0.0601846068826622,-1.39011540899894,-20.6173436797572,0.0697261080971655,3.14636900983894,0.275759511058501,0.241594821528276
0.0550764344853897,-1.39782933241682,-20.5522990552734,0.0958195133201685,3.10478507075556,0.327909869117482,0.310720584844749
0.0499195676362297,-1.40659004022518,-20.4924721856792,0.120867361988782,3.06582054191049,0.377463172344137,0.376125823436563
0.0447757841256869,-1.41627222613534,-20.4381674357071,0.144785213816893,3.02961920765328,0.424114425317824,0.434181320230107
0.0396931703016407,-1.42675156791672,-20.389259907805,0.167478490068541,2.99612798658667,0.467635939779139,0.482039761598338
0.0347079328478289,-1.43791106269623,-20.3453600958667,0.188849899653989,2.96517159390645,0.507868073769651,0.517683174518715
0.0298467843432886,-1.44964378404966,-20.3059481969335,0.208805139149552,2.93651218558138,0.544707945703732,0.539867550361976
0.025129104583396,-1.46185326939783,-20.2704664800018,0.22725657090915,2.9098898418576,0.578098092182693,0.548020758176402
0.0205686256442537,-1.47445261459443,-20.2383737559647,0.244125366316445,2.8850466796731,0.608016409000602,0.542131033567578
0.0161746694893305,-1.48736302373755,-20.2091717900828,0.259342757204457,2.86173948142488,0.634468072780123,0.522645102715457
0.0119530621786872,-1.50051225728261,-20.1824136215014,0.272850922656965,2.83974527357593,0.657479523162328,0.49038258916241
0.00790685161137263,-1.51383321235053,-20.1577016626218,0.28460385806873,2.81886301168076,0.677094115547376,0.446466459453023
0.00403692466910897,-1.52726274896665,-20.1346810623734,0.294568398187759,2.79891329967589,0.693368824942681,0.39226607077078
0.000342580763989286,-1.54074081423484,-20.1130318569349,0.302725405769702,2.77973717117006,0.706371410526549,0.329348339403539
-0.00317791871176637,-1.55420988421412,-20.0924619941504,0.309070995618515,2.76119439495676,0.716177680498615,0.259432724137066
-0.00652683719295788,-1.56761471864314,-20.072702276813,0.313617555436571,2.74316146294662,0.722868815423121,0.184346647519175
-0.00970652051175831,-1.58090239778577,-20.0535034833956,0.316394278158034,2.7255292956578,0.726528988946503,0.105979388098566
-0.0127190683052721,-1.59402258050626,-20.0346353305143,0.317446956130159,2.70820069708818,0.727243659268788,0.0262341237809619
-0.0155661557842081,-1.60692789601386,-20.0158865460367,0.316836906583038,2.69108765030279,0.725098848891573,-0.0530206419100445
-0.018249022773361,-1.61957436683258,-19.9970651653563,0.314639068666777,2.67410861944328,0.72018151618783,-0.129997935498023
-0.0207686208877513,-1.63192176478056,-19.9779982553661,0.310939481224825,2.65718607177235,0.712580848994758,-0.203034723575866
-0.0231258857723901,-1.64393382592683,-19.9585305578656,0.305832462329943,2.64024443028086,0.702390095172046,-0.27062751517575
-0.0253220864453247,-1.65557828754359,-19.9385219204429,0.299417834493126,2.62320861204809,0.689708470572127,-0.33145972254443
-0.0273592010680115,-1.66682674991688,-19.9178437295647,0.291798476094155,2.60600321701856,0.674642765251837,-0.384420504978677
-0.0292402761722447,-1.67765439735781,-19.89637479732,0.283078362175579,2.5885523357042,0.657308455173032,-0.428615868566675
-0.0309697402816674,-1.688039631755,-19.8739972534592,0.27336112846598,2.57077986658593,0.637830336275723,-0.463373515797724
-0.0325536574795336,-1.6979636765625,-19.8505929866173,0.262749087930499,2.55261019340185,0.616342857004787,-0.488243240923632
-0.0339999180648017,-1.70741020401976,-19.826041109799,0.251342567503784,2.53396907161976,0.592990388546005,-0.502994587300947
-0.0353183699473296,-1.7163650280902,-19.8002168401184,0.239239415306611,2.51478460734521,0.567927630588374,-0.507613109664672
-0.0365208957201674,-1.72481589384025,-19.7729921043317,0.226534545608702,2.49498827023758,0.54132022441341,-0.502296020940833
-0.0376214375261776,-1.73275238252426,-19.7442381072317,0.213319426066378,2.47451595233056,0.513345471875602,-0.487447340143125
-0.0386359666449464,-1.74016594040772,-19.713830006887,0.199681456601538,2.4533091537856,0.484192883643076,-0.463671965727174
-0.0395823890570596,-1.74705002716421,-19.6816536988223,0.185703232967415,2.43131643029069,0.454064150521829,-0.431767440580485
-0.0404803739247052,-1.75340036577644,-19.6476144969184,0.171461725430142,2.4084952581658,0.423172091306391,-0.392711631415325
-0.0413510904172001,-1.75921526050272,-19.6116472130989,0.157027432400938,2.38481444569338,0.391738212879771,-0.347644244065827
-0.0422168405834048,-1.76449593578932,-19.5737268120769,0.142463587927283,2.36025712730039,0.359988728343056,-0.297840210971524
-0.0431005819840405,-1.76924684079554,-19.5338785197218,0.127825509779471,2.33482421965414,0.328149186302553,-0.244673698109667
-0.0440253425985016,-1.77347586525945,-19.4921860793113,0.113160170450807,2.30853801506583,0.296438194511503,-0.189572867018219
-0.0450135407304693,-1.77719442380865,-19.4487968523265,0.0985060571088415,2.28144538358052,0.265060971406676,-0.13396744439794
-0.0460862334317666,-1.780417384313,-19.4039226804071,0.0838933609131051,2.25361991616516,0.234203537857978,-0.0792331523630947
-0.0472623286978942,-1.78316283511204,-19.3578358411276,0.069344505657883,2.2251623336479,0.20402823489461,-0.0266384929503394
-0.0485578100344883,-1.78545170013317,-19.310859986187,0.0548749958011537,2.19619865114015,0.174670971428912,0.0227003174615006
-0.0499850360213139,-1.7873072193813,-19.2633565683163,0.040494535446402,2.16687591287365,0.14624027416935,0.0678515366912892
-0.0515521875569404,-1.78875431843805,-19.2157078683177,0.0262083446198015,2.13735573435969,0.118817944258225,0.108084645622125
-0.0532629345238664,-1.78981889946723,-19.1682982317826,0.0120185769291621,2.10780629981043,0.0924609787838133,0.142871707692689
-0.0551163759630736,-1.79052709848467,-19.1214954151554,-0.0020742722848375,2.07839375402509,0.0672043841770878,0.171875703928701
-0.0571072738644254,-1.79090456489024,-19.0756339326188,-0.0160700809193731,2.04927402179497,0.0430645424307996,0.194929682853774
-0.0592265578732172,-1.79097582254458,-19.0310019664572,-0.0299680367190675,2.02058597066436,0.0200428425832491,0.212011004552932
-0.0614620386495895,-1.79076376287093,-18.9878328155312,-0.0437658626036121,1.9924465485632,-0.001870668289796,0.223214508464245
-0.0637992419197026,-1.7902893007521,-18.946301154921,-0.0574593548966348,1.96494816583652,-0.0226938259394313,0.22872743394093
-0.0662222690482311,-1.78957119927602,-18.9065237218999,-0.0710422164935819,1.93815824005151,-0.0424492590283479,0.22880775381019
-0.0687146017111484,-1.78862604670401,-18.8685635632366,-0.0845061339822488,1.91212055475198,-0.0611618016734998,0.22376653575533
-0.071259791737814,-1.78746835365548,-18.8324367360159,-0.0978410296803363,1.88685793290756,-0.0788564879666128,0.213954185103972
-0.073842004670998,-1.78611073219366,-18.7981203368477,-0.111035417317774,1.86237568885399,-0.0955571517244732,0.199749979317195
-0.0764464103287808,-1.78456412009182,-18.7655608855716,-0.124076799150864,1.83866537398947,-0.111285602932951,0.181554130777546
-0.0790594319158819,-1.7828380201997,-18.7346823297464,-0.136952057935218,1.81570843363853,-0.126061312373942,0.159781627653914
-0.0816688759206338,-1.78094073349616,-18.705393196333,-0.149647814041371,1.79347951211121,-0.139901509981417,0.134857220196316
-0.084263969086766,-1.77887957279956,-18.6775926483782,-0.162150732599948,1.77194925548915,-0.152821590130808,0.107211078365087
-0.0868353281469294,-1.77666105083225,-18.6511753818163,-0.174447776668728,1.75108655273134,-0.164835716384837,0.0772748044931749
-0.0893748846060198,-1.77429104105686,-18.6260354173655,-0.186526409094206,1.73086022213129,-0.175957525392277,0.0454776213578204
-0.0918757824067552,-1.77177491250067,-18.6020689105939,-0.198374749200333,1.71124019248553,-0.186200842592577,0.0122426624712071
-0.0943322618137892,-1.76911764114134,-18.5791761327284,-0.209981691308433,1.69219825163164,-0.195580338537499,-0.0220166325113812
-0.0967395389542295,-1.76632390080051,-18.5572627780787,-0.221336991594394,1.67370844402842,-0.204112072595739,-0.0568999661793134
-0.0990936873203149,-1.76339813636507,-18.5362407424329,-0.232431328474022,1.65574719881542,-0.211813889036259,-0.0920233991732595
-0.101391525218653,-1.76034462180342,-18.5160284979206,-0.243256340377807,1.63829326350834,-0.218705648113874,-0.127022250599976
-0.103630511536146,-1.75716750502691,-18.496551168715,-0.253804643834683,1.62132750864735,-0.224809290801296,-0.161553608426472
-0.105808651036466,-1.7538708413762,-18.4777403923047,-0.264069833931725,1.60483265780391,-0.230148749058089,-0.195298392177532
-0.10792440965449,-1.75045861730618,-18.4595340333892,-0.274046468923621,1.58879298580856,-0.234749723723473,-0.227962933293482
-0.109976639781734,-1.74693476568346,-18.441875802353,-0.283730040864784,1.57319401685552,-0.238639358793721,-0.259280063758925
-0.111964515165495,-1.74330317409597,-18.4247148183526,-0.293116934125173,1.55802224444184,-0.241845843837866,-0.289009726747407
-0.113887474824751,-1.73956768753066,-18.4080051471001,-0.302204373895908,1.54326488648942,-0.244397976272286,-0.316939143432118
-0.115745175247979,-1.73573210670907,-18.3917053353917,-0.310990367032636,1.52890968193291,-0.24632471263228,-0.342882585879514
-0.117537450038387,-1.73180018331212,-18.375777958171,-0.319473637644629,1.51494472976858,-0.247654733586345,-0.366680816112784
-0.119264276121912,-1.72777561324205,-18.3601891889717,-0.327653559790541,1.50135836780824,-0.248416042096639,-0.388200256484766
-0.120925745642235,-1.72366202891979,-18.3449084005621,-0.335530089564522,1.48813908586989,-0.248635608551169,-0.407331957236251
-0.122522042687049,-1.71946299149381,-18.3299077997095,-0.343103698569816,1.4752754669604,-0.248339071408294,-0.423990423832312
-0.124053424068147,-1.71518198363096,-18.3151620975402,-0.35037531056424,1.46275614948933,-0.247550497329023,-0.43811236103954
-0.125520203428012,-1.71082240347197,-18.300648215592,-0.357346242577898,1.45056980407992,-0.246292201120851,-0.449655382753658
-0.12692273807137,-1.70638756009319,-18.2863450261909,-0.364018151603673,1.43870511900298,-0.244584623146782,-0.458596728400942
-0.128261417997675,-1.70188067071895,-18.2722331252046,-0.37039298751422,1.42715078939574,-0.242446260096868,-0.464932017649681
-0.129536656699794,-1.69730485983437,-18.2582946348558,-0.37647295249465,1.41589550658675,-0.239893644091982,-0.468674066589642
-0.130748883416218,-1.69266316013932,-18.2445130337313,-0.382260467131312,1.40492794468106,-0.236941364715963,-0.469851780686234
-0.131898536568811,-1.68795851531551,-18.2308730114317,-0.387758142862518,1.39423674291232,-0.233602128735975,-0.468509132356023
-0.132986058211679,-1.68319378444076,-18.2173603451158,-0.392968760388472,1.38381048301542,-0.229886852638455,-0.464704224840164
-0.134011889374843,-1.67837174782313,-18.2039617952794,-0.397895253460375,1.37363766168116,-0.225804783605253,-0.458508438558948
-0.134976466221265,-1.67349511403413,-18.1906650183578,-0.402540697278961,1.3637066589408,-0.2213636451028,-0.45000565163858
-0.13588021697603,-1.66856652787229,-18.1774584938136,-0.406908300665509,1.35400570382643,-0.216569803678368,-0.439291522729236
-0.136723559612906,-1.66358857894706,-18.1643314634257,-0.411001401127196,1.34452283902903,-0.211428453812171,-0.426472821402885
-0.137506900286952,-1.65856381059998,-18.1512738807105,-0.41482346187448,1.33524588664995,-0.205943817802255,-0.411666789514506
-0.138230632505943,-1.65349472887144,-18.1382763684819,-0.418378069868602,1.32616241729051,-0.200119357566706,-0.395000515787168
-0.138895137025591,-1.64838381123652,-18.1253301826696,-0.421668934016155,1.31725972478167,-0.193957994999692,-0.376610305585849
-0.139500782446153,-1.64323351479425,-18.1124271804803,-0.424699882738128,1.30852480867787,-0.187462337062008,-0.356641028125374
-0.140047926450414,-1.63804628375112,-18.0995597914345,-0.427474860161933,1.29994436666015,-0.180634901479897,-0.335245425119733
-0.14053691762342,-1.63282455589405,-18.0867209895033,-0.429997920441622,1.29150479834292,-0.173478338245945,-0.312583366362233
-0.140968097746773,-1.62757076797019,-18.0739042651958,-0.432273219763343,1.28319222183647,-0.165995641941691,-0.288821041258009
-0.141341804455034,-1.62228735978138,-18.0611035962693,-0.434305005870755,1.27499250359112,-0.15819034945587,-0.264130078265969
-0.141658374108056,-1.6169767769861,-18.0483134163103,-0.436097605072478,1.26689130162956,-0.150066717820996,-0.238686588839739
-0.141918144728434,-1.61164147256258,-18.035528580483,-0.437655406940242,1.25887412143498,-0.141629877009748,-0.212670136487781
-0.142121458841551,-1.60628390700758,-18.0227443282091,-0.438982847064101,1.25092638317955,-0.132885953176092,-0.186262636402437
-0.142268666062103,-1.60090654733698,-18.0099562427128,-0.440084388413071,1.24303349824168,-0.123842158589027,-0.159647195190178
-0.142360125279218,-1.59551186509967,-17.9971602079099,-0.440964501947047,1.2351809525582,-0.114506845797817,-0.133006904632061
-0.142396206319247,-1.59010233355403,-17.9843523631602,-0.441627647232664,1.22735439379544,-0.104889524757153,-0.106523606090884
-0.142377290992448,-1.58468042425038,-17.9715290567999,-0.442078253819534,1.21953971918718,-0.0950008432240578,-0.0803766447192669
-0.142303773467675,-1.57924860325712,-17.9586867994926,-0.442320704107031,1.21172316081797,-0.084852532210692,-0.0547416336060869
-0.14217605995866,-1.57380932723877,-17.9458222184626,-0.44235931834381,1.20389136525157,-0.0744573196372632,-0.0297892477403479
-0.141994567746975,-1.56836503965091,-17.9329320138501,-0.442198342262416,1.19603146485954,-0.0638288166904081,-0.00568406672577376
-0.141759723620835,-1.56291816720334,-17.9200129183608,-0.441841937677427,1.18813113868726,-0.0529813824171694,0.0174165176022194
-0.141471961761343,-1.5574711167788,-17.9070616602114,-0.441294176227892,1.18017866091506,-0.0419299717146187,0.0393633150892963
-0.141131721300905,-1.552026272842,-17.8940749315749,-0.440559036124219,1.17216293669932,-0.0306899743025307,0.0600162635249384
-0.140739443626109,-1.54658599547369,-17.8810493618825,-0.439640401711205,1.1640735247944,-0.0192770500896881,0.0792452611686519
-0.140295569584806,-1.54115261897002,-17.8679814966572,-0.438542065418193,1.15590064773074,-0.00770696681354139,0.0969309037204993
-0.139800536783506,-1.5357284510257,-17.8548677807529,-0.437267731482616,1.14763519013141,0.00400455404008119,0.112965127296387
-0.139254777068177,-1.53031577236341,-17.8417045470115,-0.435821020857058,1.13926868755119,0.0158419794919726,0.127251761239095
-0.138658714353244,-1.52491683671836,-17.8284880089025,-0.434205476556626,1.13079330730544,0.027790091158792,0.139706997380063
-0.138012762902125,-1.51953387105363,-17.8152142565765,-0.432424568753455,1.12220182354289,0.0398340924863972,0.150259783147405
-0.137317326147885,-1.51416907586264,-17.8018792554277,-0.430481698960331,1.11348758872416,0.051959695137283,0.158852146472635
-0.136572796114791,-1.50882462539855,-17.7884788461454,-0.428380202726269,1.10464450353022,0.0641531833364309,0.165439460092326
-0.135779553478713,-1.50350266771345,-17.7750087452965,-0.426123350401821,1.09566698704083,0.0764014555577327,0.16999065169901
-0.134937968273752,-1.49820532437846,-17.7614645454374,-0.423714345676223,1.08654994863562,0.0886920435399424,0.172488364807209
-0.134048401226416,-1.49293468979103,-17.7478417138501,-0.421156321766611,1.07728876266523,0.101013109035334,0.172929073077577
-0.133111205667584,-1.48769282997968,-17.734135589044,-0.418452335314686,1.06787924642135,0.11335341910662,0.171323148442347
-0.132126729957487,-1.48248178091428,-17.7203413744765,-0.415605358268917,1.05831764154722,0.12570230093322,0.167694880822394
-0.13109532031793,-1.47730354626724,-17.7064541288665,-0.412618268168991,1.04860059836215,0.13804957758654,0.162082444699593
-0.130017323959897,-1.47216009470493,-17.6924687529292,-0.409493837466837,1.03872516228092,0.150385486279348,0.154537805427079
-0.128893092363432,-1.46705335675819,-17.6783799724093,-0.406234722629631,1.02868876098831,0.162700581052205,0.145126556103433
-0.127722984561119,-1.46198522140701,-17.6641823176672,-0.402843453907056,1.01848919081286,0.17498562208336,0.133927674315427
-0.126507370255219,-1.4569575324931,-17.6498701001756,-0.399322426674111,1.00812460044653,0.187231454331816,0.121033187052493
-0.125246632610161,-1.45197208516735,-17.6354373867186,-0.395673895308675,0.997593470232203,0.199428878496398,0.106547732074638
-0.1239411705532,-1.44703062253438,-17.6208779721341,-0.391899970463433,0.986894585212705,0.211568517880801,0.0905880046570167
-0.122591400443252,-1.44213483271922,-17.606185351792,-0.388002620500916,0.976027000500831,0.223640685056503,0.0732820804939921
-0.12119775699238,-1.43728634656992,-17.5913526951236,-0.383983677663962,0.964989997933202,0.235635252595767,0.0547686083111867
-0.119760693353812,-1.43248673617324,-17.5763728215306,-0.37984484928026,0.953783033474049,0.24754153243525,0.0351958693524738
-0.11828068035119,-1.42773751438909,-17.5612381801606,-0.375587734040146,0.942405675619521,0.25934816833998,0.0147207056265823
-0.116758204859408,-1.42304013551155,-17.5459408347559,-0.371213843002877,0.930857535636981,0.271043045896878,-0.00649267632510138
-0.115193767420098,-1.4183959971737,-17.53047245475,-0.366724624690397,0.919138191319687,0.282613223871714,-0.0282740138047697
-0.113587879225202,-1.41380644353712,-17.5148243134199,-0.362121493287026,0.90724710654018,0.29404489008926,-0.0504483909774865
-0.111941058654749,-1.40927276975491,-17.4989872935329,-0.357405858691218,0.895183549416974,0.305323344002373,-0.072837714305503
-0.110253827598445,-1.40479622764748,-17.4829519004966,-0.35257915696763,0.882946512256521,0.31643300691905,-0.095262234365909
-0.108526707809734,-1.40037803245852,-17.466708282467,-0.347642879612634,0.870534636476083,0.327357459605675,-0.117542085629698
-0.106760217576958,-1.39601937058598,-17.4502462566404,-0.342598600113732,0.857946145757427,0.338079505486028,-0.13949881445713
-0.104954868949078,-1.39172140805125,-17.4335553401639,-0.3374479962726,0.845178790017308,0.348581256664069,-0.16095686672895
-0.103111165753812,-1.38748529953136,-17.4166247840127,-0.332192867038082,0.832229802389191,0.358844238741455,-0.181745008385985
-0.101229602606873,-1.38331219778215,-17.3994436079808,-0.326835142885774,0.819095870686067,0.3688495095933,-0.201697655769052
-0.0993106650274907,-1.37920326322764,-17.3820006345571,-0.321376889036512,0.805773123778217,0.378577786946899,-0.220656097720373
-0.0973548307432849,-1.37515967358865,-17.3642845197727,-0.315820301258068,0.792257132683034,0.388009579295346,-0.238469596503249
-0.0953625721928805,-1.37118263342928,-17.3462837791628,-0.310167694329857,0.77854292529163,0.397125314949554,-0.254996360519934
-0.0933343601558138,-1.36727338350486,-17.3279868070967,-0.304421483538655,0.764625012851092,0.405905464606842,-0.270104387633359
-0.091270668428876,-1.36343320992354,-17.3093818884795,-0.298584159986236,0.750497426089547,0.414330653340489,-0.2836721827781
-0.0891719793715517,-1.35966345306473,-17.2904572017562,-0.292658260564489,0.736153758149898,0.422381759050723,-0.295589358569937
-0.0870387901595771,-1.35596551632764,-17.2712008130086,-0.286646333741951,0.721587211650601,0.430039995159106,-0.305757130917165
-0.0848716195286221,-1.35234087473835,-17.2516006610042,-0.280550902276698,0.706790646919881,0.437286976445256,-0.314088724633942
-0.0826710148333088,-1.34879108355436,-17.2316445338835,-0.274374424121846,0.69175662892435,0.444104767618183,-0.320509705542044
-0.0804375591963432,-1.34531778692227,-17.2113200380015,-0.268119252586614,0.676477470285465,0.450475915172142,-0.324958256669527
-0.0781718785867151,-1.34192272673961,-17.1906145601386,-0.261787596861926,0.660945268448034,0.456383463483399,-0.327385415912839
-0.0758746486608879,-1.33860775182642,-17.169515224241,-0.255381483813902,0.645151935258009,0.461810956606507,-0.327755291949755
-0.0735466012546472,-1.33537482754736,-17.1480088441826,-0.248902721868152,0.62908921777974,0.466742427376766,-0.326045273847451
-0.0711885304064238,-1.33222604595835,-17.1260818737135,-0.242352867531955,0.612748709303085,0.471162375566262,-0.322246248051921
-0.0688012979009225,-1.32916363663928,-17.103720355381,-0.235733195130141,0.596121850353915,0.475055736571051,-0.316362834312678
-0.0663858382725863,-1.32618997823182,-17.0809098692939,-0.229044669911698,0.57919991924559,0.478407842070871,-0.308413649619559
-0.0639431633501245,-1.32330761081448,-17.0576354833774,-0.222287924790299,0.561974012692134,0.481204373588162,-0.298431606690925
-0.0614743664013663,-1.3205192491295,-17.0338817059576,-0.21546324062642,0.54443501679415,0.483431309651534,-0.2864642506781
-0.0589806260576556,-1.31782779673595,-17.0096324419924,-0.208570529988758,0.526573569426968,0.485074866809076,-0.272574135060145
-0.0564632102105938,-1.31523636108387,-16.9848709537066,-0.201609324057402,0.508380014981119,0.486121434486712,-0.256839234625954
-0.0539234801897116,-1.31274826954365,-16.9595798268119,-0.194578762327203,0.489844353001375,0.486557503405132,-0.239353390708232
-0.0513628956113571,-1.31036708641515,-16.9337409436572,-0.187477584661945,0.470956182610865,0.486369587203795,-0.220226781076408
-0.0487830203399542,-1.30809663091077,-16.9073354646219,-0.180304125053628,0.451704644718867,0.485544137016554,-0.199586403893647
-0.0461855301787171,-1.30594099620566,-16.8803438205054,-0.173056306601083,0.432078365085112,0.484067449058678,-0.177576563139208
-0.0435722229239274,-1.30390456960826,-16.8527457188601,-0.165731636972546,0.41206540133097,0.481925565893711,-0.154359339935033
-0.0409450315486252,-1.30199205400497,-16.8245201690367,-0.158327203744304,0.391653198015419,0.479104172923817,-0.130115032158126
-0.0383060413601257,-1.30020849081072,-16.7956455326784,-0.150839669087683,0.370828554815277,0.475588492887398,-0.105042542445394
-0.0356575119509339,-1.29855928470632,-16.7660996080893,-0.143265263212961,0.349577613347005,0.471363182612091,-0.0793596914062211
-0.0330019048303983,-1.29705023061429,-16.7358597606035,-0.135599776381052,0.327885869891232,0.466412238187184,-0.0533034301478503
-0.0303419174782023,-1.29568754343503,-16.7049031136569,-0.12783854936685,0.305738221995989,0.460718916785796,-0.0271299209130095
-0.0276805244491927,-1.29447789121825,-16.67320681948,-0.11997646277862,0.283119058709488,0.454265685842669,-0.00111444844628953
-0.0250210258016307,-1.29342843250027,-16.640748431051,-0.112007925884054,0.260012404896885,0.447034212729199,0.0244488857086484
-0.0223671027644254,-1.29254685863224,-16.6075064007755,-0.103926866357294,0.236402131797112,0.439005410853653,0.049247746831333
-0.0197228799475543,-1.29184144189019,-16.5734607330012,-0.09572672298475,0.212272246586943,0.430159560720398,0.0729525084510573
-0.0170929926770901,-1.29132109004473,-16.5385938178914,-0.0874004443318235,0.18760727428486,0.42047652705176,0.0952176558443505
-0.0144826570909875,-1.29099540778183,-16.5028914709647,-0.0789404973798509,0.162392744575384,0.409936095097901,0.115683787092787
-0.0118977395837213,-1.29087476489422,-16.466344195737,-0.070338891524521,0.136615794534599,0.398518450658199,0.133980383951855
-0.00934482105858683,-1.29097037041861,-16.4289486748061,-0.0615872250406077,0.110265895155122,0.386204828602384,0.149729565895247
-0.00683125020895489,-1.29129435083171,-16.3907094744649,-0.0526767627602337,0.0833357033289194,0.372978352480137,0.162551083461411
-0.0043651790572232,-1.29185982904925,-16.3516409216381,-0.0435985558933577,0.0558220331523361,0.358825082877962,0.172068843474991
-0.00195557328194688,-1.29268099928622,-16.3117690779727,-0.0343436170291616,0.0277269295443733,0.343735282631013,0.177919280522643
0.000387810279751433,-1.29377319096843,-16.271133696427,-0.0249031651527875,-0.000941186449435462,0.32770489120428,0.179761882170256
0.00265448586094671,-1.29515291304869,-16.2297900057514,-0.015268956715805,-0.0301663463416156,0.310737177277328,0.177292121971184
0.0048333459825894,-1.29683786865055,-16.1878101333409,-0.00543371842056788,-0.0599238986799432,0.292844506368888,0.170256934341372
0.00691281623331503,-1.29884692938898,-16.1452839572096,0.00460830517707038,-0.0901794858202942,0.274050120165748,0.158472658719356
0.00888105672700166,-1.30120005947744,-16.1023191825049,0.0148606819272886,-0.120888221359032,0.254389779102895,0.141845073668712
0.0107262056578898,-1.30391818221586,-16.0590404739007,0.0253240028682395,-0.151994164834632,0.233913076345996,0.120390734656122
0.0124366570291995,-1.30702298558447,-16.0155875465099,0.0359949901723105,-0.183430192940073,0.212684202112679,0.0942583462622816
0.0140013624243094,-1.31053666914756,-15.9721122150092,0.0468655369922704,-0.215118365670004,0.190781936249927,0.063748394372714
0.0154101456539437,-1.31448164015153,-15.9287745123861,0.0579217331179195,-0.246970877524484,0.168298692528167,0.0293288273697826
0.016654018895978,-1.31888017131017,-15.8857380946008,0.0691429470753843,-0.278891664660508,0.145338541935807,-0.00835567334415545
0.0177254885894661,-1.32375403539561,-15.8431652241584,0.0805010450272618,-0.310778702372311,0.12201430276413,-0.0484832291809831
0.0186188376485944,-1.3291241314535,-15.8012116674813,0.091959823181143,-0.342526961028688,0.0984439842102056,-0.0900650238570417
0.0193303675278461,-1.33501011474569,-15.7600218433488,0.103474711178128,-0.374031892509741,0.0747470621271653,-0.131967292356592
0.0198585806575705,-1.34143003858996,-15.7197245282651,0.114992770720828,-0.405193206241699,0.0510411907828908,-0.172944802117237
0.0202042834295335,-1.34840001240056,-15.6804293677776,0.126452973369156,-0.435918594967936,0.0274399586913972,-0.211684242940312
0.0203705949937805,-1.35593387783076,-15.6422243625684,0.137786705941806,-0.466127029823507,0.0040521537373028,-0.246854801695424
0.0203628585786933,-1.36404290456415,-15.6051743969627,0.148918432853741,-0.495751296794845,-0.0190172644071805,-0.277162541375162
0.020188468012452,-1.37273550845631,-15.5693207633871,0.159766448048118,-0.524739596131104,-0.041664611061116,-0.30140516320848
0.0198566383650378,-1.38201699670998,-15.5346815232559,0.170243673666306,-0.553056239718917,-0.0637837692152675,-0.318524235818811
0.0193781611187285,-1.39188934625484,-15.5012524565774,0.18025849888336,-0.580681694649469,-0.0852619673489856,-0.327652783570733
0.0187651871367812,-1.40235102221865,-15.4690083095292,0.189715688675613,-0.607612367399792,-0.105975786945915,-0.328156929168063
0.0180310733892117,-1.41339684251775,-15.4379040673559,0.198517416576846,-0.633860550790173,-0.125788157464626,-0.319670819829678
0.0171903128181177,-1.42501789277384,-15.4078760564727,0.206564480475364,-0.659454850350465,-0.144547046717174,-0.3021241955394
0.0162585438355469,-1.43720149306194,-15.3788427989934,0.213757742112496,-0.684441186462156,-0.162086450544289,-0.275761689723942
0.0152526113987023,-1.44993121388644,-15.350705675446,0.2199997890867,-0.708884183535826,-0.178230102745123,-0.241152433072788
0.0141906313144681,-1.4631869340034,-15.323349554085,0.225196758832193,-0.732868485701897,-0.192798021005533,-0.199188010602712
0.0130920000917677,-1.47694492712614,-15.296643577803,0.229260198863593,-0.756499369009971,-0.205615547647749,-0.151066609475512
0.0119773000662848,-1.49117795891863,-15.2704422350061,0.232108786055056,-0.779902035075762,-0.216523971996246,-0.0982615823931554
0.0108680757346541,-1.50585537144005,-15.2445866834578,0.233669713348707,-0.803219211104823,-0.225391266972744,-0.0424737972329124
0.00978649770325928,-1.52094313224484,-15.2189060901977,0.233879593318235,-0.826607112782354,-0.232121145485549,0.0144310521272573
0.00875497384113078,-1.53640382947601,-15.1932185775101,0.232684824435091,-0.850230324871127,-0.236658739003907,0.0704969333158549
0.00779579745777742,-1.55219660361443,-15.1673313017713,0.230041493263034,-0.874256545331491,-0.238991792492294,0.123758817780499
0.00693092699583175,-1.56827701613075,-15.1410392866764,0.225914998916907,-0.898852260130512,-0.239147223590167,0.172325183394376
0.00618196723666005,-1.58459686211999,-15.1141228693648,0.220279638872212,-0.924180204842229,-0.237183915797683,0.214456485896444
0.00557037628429621,-1.60110393207056,-15.0863439437288,0.213118363099807,-0.95039898188531,-0.233183388661841,0.248635991708066
0.00511787051421063,-1.61774171768683,-15.0574415359335,0.204422795828011,-0.977664590031607,-0.227240329687271,0.273631459141083
0.00484695609376054,-1.63444903881626,-15.027127604237,0.194193479285547,-1.00613304363105,-0.219454898528644,0.288547993206737
0.00478148873070275,-1.65115955028834,-14.9950843559716,0.182440158636216,-1.03596281836338,-0.209928384297465,0.292873297776901
0.00494715258915155,-1.66780107449167,-14.9609649184109,0.169181840975511,-1.06731557213527,-0.198763389683898,0.286516056489891
0.0053717470288396,-1.6842947094218,-14.9244000029152,0.154446342091621,-1.10035340410815,-0.186069301043369,0.26983614617925
0.00608516357726937,-1.70055369827123,-14.885014332734,0.13826908260828,-1.13523075564915,-0.171973272976674,0.243662003839909
0.00711891080579172,-1.71648214062972,-14.8424579369952,0.120690999787611,-1.17207889341824,-0.156636028907782,0.209286372785766
0.00850499132033406,-1.73197381432655,-14.796458321903,0.101755594733879,-1.21098088927981,-0.14027011077968,0.16842824383923
0.0102738664869261,-1.74691169517861,-14.7468984235174,0.0815053520240736,-1.25193566139328,-0.123155651887345,0.123148585067598
0.0124512366206613,-1.76116918667002,-14.6939192316901,0.0599781056633997,-1.29481212938373,-0.105645800543853,0.075713961782237
0.0150535870400704,-1.77461441281202,-14.6380317512708,0.037204442381966,-1.33930042088297,-0.0881522881606589,0.0284184518019376
0.0180830966528947,-1.78711871005137,-14.580200835127,0.0132078413279442,-1.38487661526954,-0.0711042871946887,-0.0166011943121643
0.0215235041360548,-1.79856905775131,-14.5218443280565,-0.0119905463825575,-1.43080633521376,-0.0548833006702922,-0.0575013121255971
0.0253391840847812,-1.80888156562251,-14.4646986580902,-0.0383616326594568,-1.47620991040658,-0.0397517318804219,-0.0927669437857763
0.0294789294782204,-1.8180107795646,-14.4105553288148,-0.0658544524301942,-1.52018832938943,-0.0258036961325845,-0.121141337196771
0.0338836005030888,-1.82595005027817,-14.3609512003814,-0.0943832139041954,-1.56197276126669,-0.0129612977518711,-0.141508258157396
0.0384945623932075,-1.83272236661176,-14.3169355136471,-0.123820448880062,-1.60104009388534,-0.00101688631441248,-0.152817780090225
0.0432597352018823,-1.83836594567251,-14.2789945247913,-0.153998429333954,-1.63715465514919,0.0103016325049059,-0.154112977433699
0.0481360283843257,-1.8429205284912,-14.2471251360742,-0.184716940742401,-1.6703378018859,0.0212710608089494,-0.144647749511714
0.0530889673938574,-1.84641819212317,-14.2209868112714,-0.215753374593669,-1.70079750691227,0.0321349992156754,-0.124041876168124
0.0580910536181043,-1.84887924752502,-14.2000584055401,-0.246871681423436,-1.72885289553225,0.0430878909880157,-0.0924190334743506
0.0631200273596983,-1.85031181830803,-14.1837588507758,-0.277828573741288,-1.75487410573292,0.054272511550474,-0.0504964114620315
0.068157529223426,-1.85071332427619,-14.1715228703477,-0.308376958287117,-1.77924230188603,0.0657821185830538,0.000384261702156383
0.0731881676781439,-1.85007255403337,-14.1628401190197,-0.338267369888643,-1.80232587396568,0.0776622464859896,0.0582836299143338
0.0781987867943333,-1.84837161194773,-14.157270436396,-0.367248311129215,-1.82446650043649,0.0899111970390591,0.120744711780613
0.0831777104184702,-1.84558749029626,-14.1544458585739,-0.395066151214816,-1.84597002550675,0.102480883715372,0.184918012381354
0.0881138243758516,-1.84169332800934,-14.1540663425519,-0.421464839282236,-1.86709960691978,0.115280352670195,0.247719347337637
0.0929954724812999,-1.83665962065957,-14.1558929254082,-0.446185364523293,-1.88807080407371,0.128183280337315,0.30600387306514
0.0978092293217875,-1.8304557722214,-14.1597398630687,-0.468964851335706,-1.90904935951769,0.141038867845645,0.356739361418674
0.102538650537476,-1.82305242124501,-14.1654661424554,-0.489535538582006,-1.93015223910974,0.153683960242232,0.39716700687439
0.107163110309474,-1.81442488172582,-14.1729664198167,-0.507624597320267,-1.95145156156989,0.165953781980789,0.424947477622307
0.111656855534619,-1.804557728303,-14.1821616868174,-0.522956445410438,-1.97298017832899,0.177689475446977,0.438298371534706
0.115988445122392,-1.79344999127785,-14.192990597213,-0.53525931768955,-1.9947373915817,0.188741946456161,0.436130530681446
0.120120742155872,-1.78111980627253,-14.2054030538995,-0.544276779363843,-2.0166935229929,0.198972380731555,0.41818191228197
0.124011529932414,-1.7676071496629,-14.2193578061305,-0.549782805368775,-2.03879236580457,0.208249729250831,0.385133107569808
0.127614688849907,-1.75297382033707,-14.2348250476232,-0.55159721642885,-2.06095095376454,0.216444972070619,0.338677401699831
0.130881829770316,-1.73730084122246,-14.2517935896686,-0.549597955097081,-2.08305696078596,0.223422116092759,0.281516576905086
0.13376433515179,-1.72068428467616,-14.2702808570036,-0.543727972138122,-2.10496532403692,0.229027231294314,0.21726024618197
0.136215753930571,-1.70323075932195,-14.2903433409728,-0.533996409187195,-2.12649635140299,0.233078839973365,0.150218249243989
0.138194332073833,-1.68505349566149,-14.3120854753506,-0.520475419743374,-2.1474366611675,0.23536426327161,0.0850919937694867
0.13966526076529,-1.66626941066857,-14.3356660868012,-0.5032949132607,-2.16754214366638,0.235645770426297,0.0265896353660564
0.140602214290548,-1.64699699537224,-14.3613031738208,-0.48263744880621,-2.18654039821841,0.233677391470959,-0.0209952713925057
0.140988016651641,-1.62735458083168,-14.3892790346859,-0.45873441421205,-2.20413037843849,0.229229434566437,-0.0541984336975089
0.140814671469059,-1.60745858194752,-14.4199480644884,-0.431863038151466,-2.21997928580039,0.222114994259409,-0.0707561727618664
0.140083260825329,-1.58742157864767,-14.4537487834585,-0.402342652131164,-2.23371935451946,0.212211815541018,-0.0699045668305238
0.138804212803596,-1.56735032316716,-14.4912202068305,-0.370528690180099,-2.24494796329424,0.199473189749114,-0.0525774039041446
0.136998196394295,-1.5473437597239,-14.5330207342556,-0.336804160552482,-2.25323269383322,0.183922612949681,-0.0214656309733011
0.134697627557952,-1.52749091230604,-14.5799447126734,-0.301569875559856,-2.25812003463885,0.165629571841821,0.0191054941799316
0.131948718427858,-1.50786828978333,-14.6329260671933,-0.265235252039495,-2.25914604010363,0.144669179286558,0.0635144894086682
0.128814291563299,-1.48853668924807,-14.69300811603,-0.228210009770987,-2.25585316689549,0.121075380455789,0.105392975800801
0.125377907817105,-1.46953828768464,-14.761244953821,-0.190893963278851,-2.24782954617067,0.0948023198199534,0.138331360672461
0.121749362384792,-1.45089664471753,-14.8384923228295,-0.153659551483997,-2.23479685725539,0.0657086149964807,0.156653919604356
0.118069349629803,-1.43262382798974,-14.9250688744081,-0.116823096507388,-2.21676397411897,0.0335770095478335,0.156187205037799
0.114507453352973,-1.41473818366972,-15.0203511169941,-0.0806083823560981,-2.19421906791982,-0.00182013374494231,0.134974926000598
0.111245993033495,-1.39729070005731,-15.1224904960401,-0.0451179376866661,-2.16826286546385,-0.0406074604473713,0.093868731427875
0.108447809507024,-1.38038881991446,-15.2284892157091,-0.0103338224145466,-2.1405555855996,-0.0826694867950632,0.0368141494525992
0.106218068508581,-1.36420296144829,-15.3347103184815,0.0238408168323208,-2.1130341896106,-0.127546001515321,-0.0294356518465571
0.104577596448562,-1.34895029131914,-15.437617813631,0.0575125801860325,-2.0875109650175,-0.174414350071585,-0.0963199702126283
0.103459697391136,-1.33486474920628,-15.5344169446589,0.0907311428882226,-2.06533769189206,-0.222162955529738,-0.15498495569376
0.102729674440722,-1.32216827556092,-15.623379114883,0.123449754799104,-2.04725486556512,-0.269507682134578,-0.197825823040333
0.102216530983009,-1.31105354061631,-15.7038310571504,0.155518895664154,-2.03343148888731,-0.315094323065268,-0.219594136569318
0.101743782787261,-1.30168007382921,-15.7759219310575,0.186704352491408,-2.02362577835299,-0.357562822288104,-0.217893974020132
0.101150379286577,-1.29417949533631,-15.8403195226468,0.216716383159804,-2.0173803762352,-0.395586515155055,-0.193168757415845
0.100299553463934,-1.28866367994382,-15.897947415872,0.245238486382613,-2.01418842512394,-0.427915454372882,-0.148371813565247
0.0990785747717349,-1.28523108562933,-15.9498073739628,0.271948118619635,-2.0136008353774,-0.453442265765472,-0.0884630676730738
0.0973942707765912,-1.28396898565893,-15.9968796789296,0.29652579093011,-2.01527150539767,-0.47128395512474,-0.019806618592718
0.0951686731663617,-1.28495139571026,-16.0400735270532,0.318653376110271,-2.01895252670099,-0.48085208855262,0.050481363654945
0.0923374797139113,-1.28823336277241,-16.0802019878349,0.338007087208854,-2.02445840343327,-0.481882025291004,0.115186645226429
0.0888518825708664,-1.29384248168046,-16.1179693696653,0.354254558548439,-2.03161940998082,-0.474409813793363,0.167620374269225
0.0846818701916458,-1.30177023015501,-16.1539728863472,0.367065247177507,-2.04024151517143,-0.458704581946972,0.202201665687153
0.0798175486651114,-1.31196850370101,-16.1887227400825,0.376133104317318,-2.05008391674642,-0.435171088618039,0.214967221471598
0.0742667857992178,-1.3243539112655,-16.2226730066248,0.381197382212663,-2.06085303020894,-0.404247154101363,0.203939689157316
0.0680508122701782,-1.33881536190319,-16.2562522686325,0.382050364980211,-2.07220162330454,-0.366334869125303,0.169333985211157
0.0612000759022175,-1.35521956767935,-16.2898923905982,0.378533239638726,-2.08372414676769,-0.321795005149378,0.113644668322808
0.0537513401210448,-1.3734131028068,-16.324058818305,0.370527034399663,-2.09494930545983,-0.271006789746592,0.0416290253273557
0.0457458443434124,-1.39322248133523,-16.3592849724399,0.357946388309165,-2.1053393130651,-0.214469405232204,-0.0398781283757943
0.037227592651641,-1.4144544351434,-16.3962124330204,0.34074333095709,-2.11430589970939,-0.152900180508002,-0.122422345526098
0.0282405418968678,-1.43689776611357,-16.4356388767352,0.3189240369444,-2.12124170813826,-0.0872761198431784,-0.19671077174719
0.0188238644798806,-1.46032600395893,-16.4785764832268,0.29257348234519,-2.12554682828802,-0.0187867435668212,-0.25362802784068
0.00900531712473841,-1.48449766978971,-16.5263223708319,0.261876616372517,-2.126621205812,0.0512877123994096,-0.285272075030715
-0.00120670951985777,-1.50914983056216,-16.5805318895967,0.227125872627481,-2.12381078582283,0.121724900930555,-0.285790816214883
-0.0118316708548226,-1.5339812616637,-16.6432480606281,0.188711651026609,-2.11633913088493,0.191496545066247,-0.251906851679377
-0.0229233468719113,-1.5586238279794,-16.7167484189785,0.147096354894857,-2.10332259047262,0.259889145351377,-0.183144089789584
-0.0345657366216868,-1.58260817769465,-16.8029195644219,0.102768610369095,-2.08405335866086,0.326618921704394,-0.0819130956634753
-0.0468409926038639,-1.60535133548279,-16.9018303481979,0.0561721837198132,-2.05875786199291,0.391876672397014,0.0461455118514009
-0.0597586489705608,-1.62622622293733,-17.0097921372077,0.00763250493499019,-2.02968280331604,0.456075825777196,0.191121715304008
-0.073185978355961,-1.6447551410691,-17.1187174405271,-0.0426384510458091,-2.00143849116324,0.519124397842423,0.337896426216487
-0.0868672694268145,-1.66082037352562,-17.2188611698561,-0.0944024291314772,-1.9793393210122,0.579710878940787,0.468016386334309
-0.100534724401955,-1.67466979413511,-17.3034145762316,-0.147221726322979,-1.96672459517547,0.635523305841865,0.565060951188771
-0.113990120766944,-1.6867023625011,-17.3705681242911,-0.200414503145283,-1.9639389412367,0.684234103474296,0.619217084953176
-0.127100740053566,-1.6972603134779,-17.4220532945055,-0.253152039449217,-1.96939971620635,0.724190612511129,0.627937247289194
-0.139762173875565,-1.70655652455704,-17.4608204608674,-0.304591240914831,-1.98101952272168,0.754475113974177,0.59423183575147
-0.151872567862579,-1.71469325713326,-17.4896652227715,-0.353969569597074,-1.99695456859075,0.774697535778305,0.524782898396523
-0.163323916247118,-1.72170486642973,-17.5108066867278,-0.400653149557552,-2.01577406107708,0.78480834853607,0.42851557181303
-0.17400454646685,-1.72759468524556,-17.5259142193969,-0.444146934245469,-2.03639574813292,0.784988250727374,0.315494012222283
-0.183807747524281,-1.73235947253534,-17.5362479642763,-0.484075976227289,-2.05799133078096,0.775588315458595,0.195974846293736
-0.192641990384668,-1.73600220344499,-17.5427797734377,-0.520151207677681,-2.07992691147631,0.757099817002269,0.0795803242769966
-0.200438498748902,-1.73853668776014,-17.5462680658596,-0.552137709874354,-2.10173365718498,0.730148260445115,-0.0253660718267042
-0.207153969243453,-1.73998901563921,-17.5473015406487,-0.579840290583505,-2.12308278642938,0.695509898181411,-0.11229709633348
-0.212769385767101,-1.74040066492217,-17.5463336283447,-0.603111501395208,-2.14374581981871,0.654150037612022,-0.176661467453841
-0.217288273236549,-1.73983634079926,-17.5437217879397,-0.621879020447802,-2.16353795261915,0.607286983222435,-0.216059832039792
-0.220738593572699,-1.73839705183173,-17.5397754871746,-0.636188370146956,-2.18225825511467,0.556480218164145,-0.230357347258871
-0.223181747137937,-1.73623403047432,-17.534805328748,-0.646259998697789,-2.19965752345902,0.503684975712979,-0.221791029669384
-0.224726522906238,-1.73354653965858,-17.5291434360259,-0.652546072702535,-2.2154886309866,0.451064024290249,-0.19477955695234
-0.22552899170176,-1.73053733799009,-17.523089737206,-0.655712435798138,-2.2296622967642,0.400339241777802,-0.154803857947243
-0.22575616453231,-1.7273480673772,-17.5168238209007,-0.656468006271266,-2.24234270807762,0.352192418077648,-0.106608896312728
-0.225542573357302,-1.72404637185498,-17.5104018242527,-0.655376236955452,-2.25383240951567,0.306488945829942,-0.0533706216792286
-0.224980109816418,-1.72065666710894,-17.5038164417838,-0.65281414194719,-2.26442639280245,0.262834333540137,0.00291820185133973
-0.224129107252374,-1.71718614699802,-17.4970401095007,-0.649021361450115,-2.27436285449568,0.220861924409234,0.0608826532532579
-0.223030384542044,-1.71363646354677,-17.4900417514398,-0.644152552561905,-2.28382790402987,0.180297005328001,0.119436255883122
-0.221713076930359,-1.71000787044613,-17.4827912851989,-0.638311789669899,-2.29297053730213,0.140945839935134,0.177631881553088
-0.220199125719597,-1.70630053418393,-17.4752601360893,-0.631572898960847,-2.30191465224796,0.102672268914954,0.234601441687981
-0.218505795473814,-1.70251489717766,-17.4674207124995,-0.623991480185679,-2.31076679396901,0.0653781276292761,0.289535279461584
-0.216647103807211,-1.69865174346004,-17.4592457241534,-0.615612233965343,-2.31962082592625,0.0289896424057107,0.34167887989052
-0.214634660082925,-1.69471217823784,-17.4507075630398,-0.606473566310507,-2.32856075986842,-0.00655122777506542,0.390336656498113
-0.212478185187448,-1.69069758511559,-17.4417777747878,-0.596610529200494,-2.33766260204717,-0.0412918916025626,0.434877949777301
-0.210185862126157,-1.68660957758017,-17.4324266013315,-0.586056687629927,-2.34699573318175,-0.0752718144895256,0.474742919306747
-0.207764599127012,-1.68244994770985,-17.422622570323,-0.574845264360943,-2.35662409655369,-0.108523650906596,0.50944733472663
-0.205220248264891,-1.67822061280715,-17.4123321129129,-0.563009788798107,-2.36660730862404,-0.141073427768908,0.538585988822859
-0.202557800360998,-1.67392356137601,-17.4015191990675,-0.550584406622181,-2.37700171032248,-0.172940196256305,0.561834834529558
-0.199781564429911,-1.66956080091331,-17.3901449860956,-0.537603963864912,-2.38786132676632,-0.204135427114017,0.578952112988275
-0.19689533352086,-1.66513431062544,-17.3781674811096,-0.524103950029048,-2.39923868399559,-0.234662322661486,0.589778769993521
-0.193902535916385,-1.66064600201113,-17.3655412209631,-0.510120362970067,-2.41118543270689,-0.264515153455903,0.59423840946774
-0.19080636987113,-1.65609768954986,-17.3522169741655,-0.4956895414701,-2.42375274225729,-0.29367869101217,0.592336941569638
-0.187609920339334,-1.65149107256824,-17.3381414682416,-0.48084799837025,-2.43699144797041,-0.322127793719515,0.584161976037301
-0.184316256778091,-1.64682772780649,-17.3232571430036,-0.465632276856972,-2.45095195765656,-0.349827203764667,0.569881904866466
-0.180928511873094,-1.64210911054012,-17.3075019261293,-0.4500788447907,-2.46568394660098,-0.376731619682425,0.549744524090446
-0.177449941686442,-1.63733656033817,-17.2908090228687,-0.434224035679945,-2.48123589258486,-0.402786115408848,0.524074972399597
-0.173883968416639,-1.63251130604623,-17.2731067087425,-0.418104039961381,-2.49765452109544,-0.427926974427661,0.493272725139233
-0.170234207679798,-1.62763446347833,-17.2543181144041,-0.401754945578159,-2.51498424345375,-0.452082992499865,0.45780738567488
-0.166504483161729,-1.62270701900491,-17.2343609981682,-0.385212822469114,-2.53326667362174,-0.475177271185295,0.418213069919673
-0.162698832588278,-1.61772979285119,-17.2131475156287,-0.368513840839284,-2.55254030056181,-0.497129478712794,0.375081283909577
-0.158821510287693,-1.6127033778156,-17.1905840191247,-0.35169440870428,-2.57284036993756,-0.517858498971173,0.32905234041499
-0.154876992813054,-1.60762805203977,-17.166570951229,-0.334791309761143,-2.59419899304991,-0.537285333618574,0.280805526035987
-0.150869994953644,-1.60250366831238,-17.1410029338072,-0.317841819014865,-2.61664545522542,-0.555336076942008,0.231048385549237
-0.146805503648678,-1.59732952675126,-17.1137691928384,-0.300883771154897,-2.64020664656172,-0.571944758774424,0.180505602964519
-0.142688836418543,-1.59210424194239,-17.084754491888,-0.283955555222457,-2.66490749355522,-0.587055854742786,0.129908001442859
-0.138525728966856,-1.58682561951262,-17.0538407673843,-0.267096009598425,-2.69077123785939,-0.600626295100205,0.0799821480896387
-0.134322453363688,-1.58149056008167,-17.0209096571528,-0.250344193024355,-2.71781939638147,-0.612626858391236,0.0314409390373403
-0.130085963985569,-1.57609501055472,-16.9858460826017,-0.233739011165809,-2.746071249125,-0.623042902377642,-0.0150246208517881
-0.125824063194013,-1.57063398326988,-16.9485429750082,-0.217318683774772,-2.77554274137132,-0.631874449506098,-0.0587524135364049
-0.121545573105133,-1.56510166238747,-16.9089071225786,-0.201120046260376,-2.80624475392565,-0.639135695120889,-0.0991151242048687
-0.117260494162654,-1.55949161324203,-16.866865955537,-0.185177691796659,-2.83818078683231,-0.644854036256095,-0.135525369444061
-0.112980126477619,-1.55379710334481,-16.822374890779,-0.169522976728286,-2.87134421045856,-0.649068725020628,-0.167440426459532
-0.108717127368131,-1.54801153271973,-16.7754246506095,-0.154182932891238,-2.9057153490986,-0.651829237443701,-0.194366993678229
-0.104485479737382,-1.54212895633392,-16.7260477933765,-0.13917915350332,-2.94125875620902,-0.653193425650683,-0.215866391319688
-0.100300352368366,-1.53614466417808,-16.6743236029582,-0.124526741001257,-2.97792109153423,-0.653225500486847,-0.231560523065005
-0.0961778454601917,-1.53005576835094,-16.6203805329149,-0.110233420334935,-3.01562999495302,-0.651993884871809,-0.241138770700696
-0.092134631622188,-1.52386173579546,-16.5643956196626,-0.0962989240675527,-3.05429425723522,-0.649568992320912,-0.244365796512163
-0.0881875208835071,-1.51756480456582,-16.5065906533274,-0.0827147423613882,-3.09380542057193,-0.646021019382279,-0.241090008797544
-0.0843529932510456,-1.51117023304555,-16.4472253581001,-0.0694643012415419,-3.13404073126096,-0.641417885585646,-0.231252239490053
-0.080646749014393,-1.50468635409726,-16.3865882795076,-0.0565235904192936,-3.17486715985785,-0.635823493613137,-0.214894025684207
-0.0770833223795599,-1.49812443469377,-16.3249863932974,-0.0438622151015966,-3.21614604866475,-0.629296498007757,-0.192164803802306
-0.073675788606423,-1.49149836897894,-16.2627345641638,-0.0314448034353227,-3.25773787593382,-0.62188974963428,-0.163327321105735
-0.0704355726437221,-1.48482425205026,-16.200145876291,-0.0192326692425582,-3.29950664983915,-0.61365052084898,-0.128760626816618
-0.0673723446535746,-1.47811988913882,-16.1375235776872,-0.00718561171563552,-3.34132354713091,-0.604621518669484,-0.0889600929308689
-0.0644939712033385,-1.47140429030822,-16.0751550111577,0.00473627091280491,-3.38306956049896,-0.594842574645233,-0.0445340037967145
-0.0618064847494012,-1.46469718780511,-16.0133075394457,0.0165708708181497,-3.42463708070284,-0.58435278116056,0.00380366524217337
-0.0593140396314754,-1.45801859697059,-15.9522261847596,0.0283525667887316,-3.46593048647738,-0.573192747995177,0.0552445649321398
-0.0570188381161116,-1.45138842718721,-15.8921325359821,0.0401110113764604,-3.50686592858564,-0.561406603045432,0.108901513003487
-0.0549210304875907,-1.44482614028569,-15.8332244408302,0.0518702674537188,-3.54737056306604,-0.549043375375425,0.163828113612227
-0.0530186126300384,-1.43835045098603,-15.7756760730064,0.0636483209035957,-3.58738151092499,-0.536157483651066,0.219041899108936
-0.051307357216532,-1.43197906628177,-15.7196381075311,0.0754569596885273,-3.62684479851159,-0.522808198719507,0.273549929976165
-0.04978081659584,-1.42572846548129,-15.6652379011853,0.0873019728460923,-3.66571447287177,-0.509058126929488,0.326375299246363
-0.0484304260957594,-1.41961372682514,-15.612579712304,0.099183592997801,-3.70395200375095,-0.494970928827416,0.376582674489977
-0.0472457187150762,-1.4136484080412,-15.5617450739185,0.11109708947884,-3.74152599626562,-0.48060860420825,0.423301007186589
-0.0462146415362273,-1.40784448616468,-15.5127934471902,0.123033419973321,-3.77841216368292,-0.466028712366565,0.46574188970179
-0.0453239465967731,-1.40221235731984,-15.4657632415926,0.134979865148479,-3.81459346088451,-0.451281854370044,0.50321266872677
-0.0445596186092262,-1.39676089164077,-15.4206732203706,0.146920597353913,-3.85006026074402,-0.436409644844137,0.5351241671358
-0.0439073001145147,-1.39149753382107,-15.3775242415594,0.158837163133795,-3.88481046426062,-0.421443279678383,0.560993540370958
-0.0433526799920591,-1.38642843707393,-15.3363012355787,0.170708883192222,-3.91884946136753,-0.40640269747641,0.580443263700148
-0.0428818207806639,-1.38155861772187,-15.2969752966952,0.182513189006577,-3.95218989270411,-0.391296258312394,0.593197461953102
-0.0424814109196648,-1.37689211885418,-15.2595057657437,0.194225922008632,-3.98485119418147,-0.376120830418147,0.599076777834535
-0.0421389375211714,-1.37243217369088,-15.2238421979536,0.205821621190997,-4.01685893117113,-0.360862178386311,0.597992797692417
-0.0418427825081824,-1.36818136193877,-15.1899261365382,0.217273820365993,-4.04824394484606,-0.345495574372887,0.589942792505472
-0.0415822497072488,-1.36414175472388,-15.1576926418776,0.228555370079527,-4.079041342715,-0.3299865930242,0.575005251278877
-0.041347533230689,-1.36031504559492,-15.1270715559553,0.239638792249339,-4.10928936988262,-0.314292091156763,0.553336423017079
-0.0411296388864771,-1.35670266648623,-15.0979885096715,0.250496668631113,-4.13902820045251,-0.298361406186296,0.525167860731966
-0.0409202710447533,-1.35330588826191,-15.0703657038135,0.261102057883674,-4.16829869408405,-0.282137826066929,0.490804777656376
-0.0407116978451526,-1.35012590608342,-15.0441225149383,0.271428929054227,-4.19714116947436,-0.265560385318183,0.450624878804383
-0.0404966080143567,-1.34716391016232,-15.0191759910061,0.281452592769312,-4.22559425723653,-0.248566022345607,0.40507721458584
-0.0402679728133822,-1.34442114296187,-14.9954413092614,0.291150104773638,-4.25369390511595,-0.231092092988967,0.354680520299038
-0.0400189264113258,-1.3418989445509,-14.9728322675252,0.300500611040547,-4.28147261684478,-0.21307917527149,0.300020464844681
-0.0397426768159874,-1.33959878880977,-14.9512618697398,0.309485600162688,-4.30895900630958,-0.194474027854465,0.241745254145067
-0.0394324568899854,-1.33752231438833,-14.9306430461046,0.318089028793347,-4.33617773739,-0.17523249110486,0.180559140730652
-0.0390815206605185,-1.33567135556141,-14.9108895189412,0.326297290660886,-4.36314989354849,-0.155322061912512,0.11721359690116
-0.0386831842202844,-1.33404797907179,-14.8919167904708,0.334099009867518,-4.38989378090727,-0.134723849931695,0.0524962104105793
-0.038230903743438,-1.33265453348209,-14.8736431949595,0.341484653687292,-4.41642611715854,-0.113433650687288,-0.0127822695764387
-0.0377183767267093,-1.33149371703902,-14.8559909307332,0.3484459775862,-4.44276350731737,-0.0914619543351232,-0.0778019406717199
-0.0371396480575889,-1.33056866869947,-14.8388869763966,0.354975331646726,-4.46892406428299,-0.06883284090788,-0.141747723527513
-0.0364892012224809,-1.3298830847727,-14.8222638038844,0.36106486975705,-4.49492900768416,-0.0455818694853033,-0.203822086554119
-0.0357620175545079,-1.32944136079178,-14.8060598291348,0.366705708018888,-4.520804072108,-0.0217532181009199,-0.263255368288406
-0.034953592614753,-1.32924875476291,-14.7902195844223,0.371887076283425,-4.54658057222387,0.00260355680644385,-0.319312817213987
-0.0340599075567732,-1.32931156350622,-14.7746936468678,0.376595498632652,-4.57229599697615,0.0274367152931564,-0.371297897030509
-0.033077363002534,-1.32963729757295,-14.7594384027329,0.380814030801449,-4.59799403057229,0.0526950609024264,-0.41855194091968
-0.0320026919770242,-1.33023483147407,-14.7444157579071,0.384521580927682,-4.6237239156648,0.0783298324914436,-0.460450826034838
-0.0308328749741854,-1.33111449468864,-14.7295929078856,0.387692351600102,-4.64953909426475,0.104295496600832,-0.496399960040012
-0.0295650821826149,-1.33228805771151,-14.7149422444601,0.390295467633129,-4.67549510638862,0.130549329886896,-0.525829486499387
-0.0281966629269012,-1.33376856248495,-14.7004413952243,0.392294887513825,-4.70164682456712,0.15704989315515,-0.548192112653226
-0.0267251884438184,-1.33556995762787,-14.686073271273,0.39364971631165,-4.72804527671792,0.183754765602093,-0.562966108213967
-0.0251485330806479,-1.33770653312456,-14.6718258808061,0.394315011808148,-4.75473452080613,0.210618159933311,-0.569665484393993
-0.0234649586501007,-1.34019220191916,-14.6576916187419,0.3942430826911,-4.7817491808911,0.237589148931904,-0.567857982907423
-0.0216731589727226,-1.34303972558842,-14.6436658232035,0.393385134932092,-4.80911320988604,0.264611075049147,-0.557189595174894
-0.0197722358997619,-1.34625999784714,-14.6297445860633,0.391692993353408,-4.83684017327377,0.291622298101868,-0.537412740773366
-0.0177616081757646,-1.34986147154427,-14.6159220219904,0.389120584201072,-4.86493495795434,0.318557933460025,-0.5084147100315
-0.0156408857515787,-1.3538497581842,-14.6021873147825,0.385624936167921,-4.89339651410136,0.345351923970727,-0.47024368477329
-0.0134097581431941,-1.35822737801575,-14.5885218427148,0.381166602681383,-4.92222112683158,0.371938763675953,-0.423130851528084
-0.0110679417424712,-1.36299361737569,-14.5748965846599,0.375709560103787,-4.95140576294511,0.398254398675574,-0.367507962286722
-0.00861521319482264,-1.36814445897307,-14.5612699133426,0.369220749039313,-4.98095112536332,0.42423611354648,-0.304019747114114
-0.006051531828703,-1.37367257625673,-14.5475858342657,0.3616694866113,-5.01086410455784,0.449821474332019,-0.233530002280876
-0.00337722959219113,-1.37956740769634,-14.533772719704,0.353026991026263,-5.04115934968966,0.474946615395747,-0.157119476657168
-0.000593226397136587,-1.38581533731144,-14.5197425777907,0.343266231173895,-5.07185975047385,0.499544327766474,-0.0760734269163646
0.00229878332817763,-1.39239999716449,-14.5053908481191,0.33236224546652,-5.10299578082868,0.523542512036655,0.00814268828391091
0.00529622638801372,-1.39930267715268,-14.4905966112563,0.320292970715745,-5.13460391799188,0.546863555725068,0.0939193947549539
0.00839566635458558,-1.40650278575959,-14.4752229635948,0.307040502589495,-5.16672464966655,0.569425040543962,0.179549224036104
0.0115929480317989,-1.41397826778284,-14.4591171970914,0.292592604138386,-5.19940080085714,0.591141891385022,0.263278616520077
0.0148834474339823,-1.42170586554328,-14.4421104099918,0.276944220881493,-5.23267693081836,0.611929724051765,0.343360751718587
0.0182623779529677,-1.42966111680395,-14.4240163200372,0.260098765402657,-5.26660031863686,0.631708856843779,0.41810468316021
0.0217250910364861,-1.43781801159794,-14.4046293920725,0.242068994489837,-5.30122360544584,0.65040832155541,0.485917692574572
0.0252673113733292,-1.44614827194113,-14.383722939215,0.222877387220628,-5.33660858573767,0.667969275949479,0.54533999043027
0.0288852550798706,-1.45462026324587,-14.3610486267596,0.202556010579935,-5.37283001296329,0.684347429768751,0.595073143931807
0.0325755854061532,-1.46319759666907,-14.3363398169711,0.181145903033805,-5.40997763261035,0.699514346973225,0.634005484847397
0.036335156812632,-1.47183755402027,-14.3093224061418,0.158696008558386,-5.44815397490439,0.713457649010591,0.66123899750646
0.040160486761506,-1.480489591253,-14.2797379631791,0.135261664947056,-5.48746482292447,0.726180092477575,0.676122511667136
0.0440468929575198,-1.48909438092883,-14.2473842960121,0.110902624699449,-5.52799911639569,0.737697139848485,0.678294665365074
0.0479872821185432,-1.4975841260199,-14.2121764253755,0.0856806245518327,-5.56979627076087,0.748032018462244,0.667735642156221
0.0519707297277576,-1.50588509507359,-14.1742240725063,0.0596567002921532,-5.61280283223262,0.757206700733135,0.644817700492321
0.0559812723983249,-1.51392320210177,-14.1339089669761,0.0328888088203905,-5.65682784966558,0.765227520662382,0.610331973711344
0.0599976377589223,-1.52163260849166,-14.0919301685644,0.00543076201060696,-5.70151529953534,0.772066253747301,0.565460082900207
0.0639946562108484,-1.5289656957898,-14.0492796449564,-0.0226663684923546,-5.74635558859659,0.777641499664277,0.511667483993764
0.0679465092855986,-1.53590112724827,-14.007127870465,-0.0513498269023197,-5.7907480009231,0.781808813746509,0.450530288962013
0.0718308962288454,-1.54244656524354,-13.9666408778869,-0.0805586261637925,-5.83410154116569,0.784367172873613,0.383553709074901
0.0756324342932315,-1.54863473411012,-13.9287909052001,-0.110217252488633,-5.8759380258903,0.785082421862969,0.312059317653442
0.0793439211141655,-1.55451468116139,-13.8942287243251,-0.1402322786513,-5.91595850273125,0.783719653463891,0.237184881354673
0.0829652765325324,-1.56014192445917,-13.8632506378661,-0.170493231536092,-5.95405526441319,0.780072814302211,0.15997815784398
0.0865010459623697,-1.56557061515156,-13.8358464682618,-0.200877113800242,-5.99027889728246,0.773983227347763,0.0815242233417015
0.0899576167554923,-1.57084892681679,-13.811789179981,-0.231254715610814,-6.02478400697202,0.765345176463525,0.00304727434059201
0.0933409373700379,-1.57601723840232,-13.7907287482545,-0.261496732820678,-6.05777525525436,0.754101477392279,-0.074043953467137
0.0966550411198581,-1.58110802047424,-13.7722686183996,-0.291478324188933,-6.0894656579497,0.740233550356716,-0.14816926145356
0.0999013562641458,-1.58614644819773,-13.7560181178362,-0.321081520361746,-6.12005013742542,0.72374995078145,-0.217634100738293
0.103078649122169,-1.59115116396782,-13.7416228630386,-0.350195541691155,-6.1496922175875,0.704676023276849,-0.280711276839072
0.106183411122101,-1.59613497226934,-13.7287783975705,-0.378715514864708,-6.17851995355395,0.683046111673823,-0.335729537691166
0.109210500958906,-1.6011054576564,-13.7172325426723,-0.406540301389759,-6.20662726228011,0.658898835687359,-0.381155923896401
0.112153867647593,-1.60606558562851,-13.7067810811153,-0.433570172094381,-6.23407768940434,0.632275359525855,-0.415664007889093
0.115007207895203,-1.61101433202391,-13.6972602881855,-0.459704920521136,-6.26090873835026,0.603220276983404,-0.438184876006799
0.117764449884985,-1.61594734282347,-13.6885387733119,-0.484842767676257,-6.28713590967361,0.571784630157139,-0.447941258237793
0.1204199998253,-1.62085758856477,-13.6805101925324,-0.508880154787633,-6.31275641310121,0.538030536826491,-0.444467372381834
0.122968730546872,-1.62573595909304,-13.673087669849,-0.5317123075522,-6.3377530575239,0.502036806326078,-0.427617943400561
0.12540572988952,-1.63057174493187,-13.6662002269152,-0.553234312387767,-6.3620990869138,0.463904697476503,-0.397569794788938
0.127725860579108,-1.63535296488411,-13.6597911411796,-0.573342363658196,-6.38576472190519,0.423762613155981,-0.354818686501867
0.129923213516707,-1.64006652056026,-13.6538178904991,-0.591934796091665,-6.40872590163996,0.381768114834796,-0.300172883851343
0.13199056027099,-1.64469818526445,-13.6482531604391,-0.608912482238101,-6.43097522673483,0.338105335352618,-0.234743396426914
0.133918919504492,-1.6492324660433,-13.6430862801556,-0.62417813122683,-6.45253447130084,0.29297587215674,-0.15992913830753
0.135697331416166,-1.65365240791226,-13.6383244484548,-0.637633949006522,-6.47346746137099,0.246581733624034,-0.0773940121929519
0.13731286919372,-1.65793942496082,-13.633993282296,-0.649176971531547,-6.49389194943079,0.199099876851177,0.010966829381577
0.138750797653135,-1.66207321506293,-13.6301366448173,-0.658691046491968,-6.51398971967576,0.150649020811232,0.103071105163476
0.139994618201848,-1.66603169404591,-13.6268164383803,-0.666033683846651,-6.53401572280742,0.101250249129011,0.196695804932523
0.141025515629335,-1.66979055933477,-13.6241141061158,-0.671014439418435,-6.55430910145555,0.0507837712853869,0.289503064971258
0.141820440580151,-1.67332127516001,-13.6221369599385,-0.673359116769959,-6.57530919949628,-0.00105032769891852,0.378993911481557
0.142347899314286,-1.67658441863015,-13.6210334029524,-0.672654598863203,-6.59756964900071,-0.0547315130442968,0.462283095209589
0.142561908951637,-1.67951339352743,-13.621016319182,-0.668292505641019,-6.6217242062417,-0.110760105709113,0.53555190153118
0.142401145500706,-1.68199296949566,-13.6223704464839,-0.659507762592304,-6.64831576586771,-0.169189722137374,0.593393201195618
0.141804397296362,-1.68386905271003,-13.6254060707239,-0.645607155594011,-6.67757698757941,-0.229190618019822,0.62927018658693
0.140729776838407,-1.68500356698322,-13.6304049477017,-0.62618723527723,-6.70946814542009,-0.289308178678504,0.637490608755733
0.139155297781574,-1.68531083575197,-13.6376348479303,-0.601138803678142,-6.74384744259832,-0.347926066714965,0.614698395893496
0.137068659486319,-1.68475381839076,-13.6474051554805,-0.570566543976357,-6.78050915320312,-0.403358675351872,0.560205702339622
0.13445919334452,-1.68332823688735,-13.660121377251,-0.534735307784066,-6.81911783918577,-0.453774597638902,0.475970932588268
0.131314632035354,-1.6810490888988,-13.6763334489151,-0.494045402651062,-6.8591164362576,-0.497185014605954,0.366575470539515
0.127621904715809,-1.67794022317258,-13.6967877331696,-0.449018449402317,-6.89964700087851,-0.531571158757028,0.239099469239393
0.123370550297623,-1.67402453457789,-13.7224969522438,-0.400283505110716,-6.93950810163579,-0.55513718351138,0.102735724905617
0.118556311052638,-1.66931239990428,-13.7548432492818,-0.348563158475441,-6.97715938495478,-0.566606905919536,-0.0318933306136308
0.113181860000947,-1.66378608652636,-13.7957189078173,-0.294665739276451,-7.0107638161404,-0.565445779823879,-0.153599103247104
0.10725317498825,-1.65737728362397,-13.8476659265058,-0.239487277863771,-7.03825519009708,-0.551926160218138,-0.25149326991185
0.100774704411625,-1.64993484291225,-13.9138611875805,-0.184013068724209,-7.05746911293359,-0.527049315293441,-0.315710618817149
0.09375425303725,-1.6411860143799,-13.997576203975,-0.129286652867374,-7.06649430084164,-0.492401137959528,-0.337920272509513
0.0862356768388858,-1.63071912444633,-14.1005756599853,-0.0762977394402932,-7.06448983508285,-0.449953121452428,-0.311763180632243
0.0783639690869874,-1.61805694216615,-14.220529701144,-0.0257765280301204,-7.05291481675375,-0.401661915806021,-0.233816483678869
0.0704282764161562,-1.60286954679704,-14.3495179419879,0.0219904415530674,-7.03618478950692,-0.348815160921208,-0.105928886870302
0.062796285631342,-1.58520239934766,-14.4764688007273,0.0671360782940183,-7.02047323546358,-0.291676504622635,0.0616329498894126
0.0557729419224075,-1.5654931320687,-14.5922404395922,0.109978001618272,-7.01124946780221,-0.230110644581578,0.249313356991259
0.0495133398462307,-1.54438157507543,-14.6925962855844,0.150762421011639,-7.01158993527669,-0.164636484366115,0.432112289548026
0.0440243537300174,-1.52251032621834,-14.777577493021,0.189509153433855,-7.02202534146938,-0.0966683874121839,0.586182476312443
0.0392156686363233,-1.50042008410737,-14.8494188053094,0.225981705160115,-7.04134737486039,-0.0278664132805122,0.693806920059195
0.034965955982872,-1.47852992543881,-14.9108765683685,0.259773282613772,-7.0676575637742,0.0405186780507753,0.744762385132176
0.0311742096947124,-1.45716388215338,-14.9644135563685,0.290447246721316,-7.09915775661086,0.107834790837398,0.735339650332839
0.0277796812740252,-1.43659041270296,-15.0120027030423,0.317654030122574,-7.13449565834014,0.173908350908168,0.66693513340128
0.0247521198873662,-1.41705488280671,-15.0552353871972,0.34118255504224,-7.17273519986886,0.238863500590829,0.545153924012808
0.0220628935914928,-1.39879472942161,-15.0955211245179,0.360941111198848,-7.21311640797642,0.302950865815832,0.379477375109617
0.0196531349146322,-1.38203157760541,-15.1342415135325,0.376887724979231,-7.25479197600012,0.366334867173609,0.183041430071697
0.017420863398516,-1.36694364831695,-15.1727634043548,0.388955695676967,-7.29672947620206,0.428833571088252,-0.0281745783970202
0.0152423883290955,-1.35363793744616,-15.2122956036527,0.397031910932867,-7.33787030795723,0.489747647953861,-0.237192399439776
0.0130161408977181,-1.34214687316598,-15.2536982894043,0.401010441563044,-7.37741795360331,0.547940461542546,-0.42845646436621
0.0106952139450158,-1.33245272021602,-15.2974017555325,0.400880052675241,-7.41500598712082,0.602136914070726,-0.589718900009105
0.00828763688727623,-1.32451761000263,-15.3434886686567,0.396781913711894,-7.45063705937902,0.651231042698075,-0.712750173473029
0.00583251514410465,-1.31829858198932,-15.3918686434941,0.389008214860975,-7.48449134424504,0.694442843624041,-0.793106706294249
0.0033720531636639,-1.31374691438618,-15.4424492337119,0.377953245313253,-7.51674830970792,0.731315825573024,-0.829441137209484
0.000932543250144472,-1.31080360823595,-15.4952508280135,0.364046611571116,-7.54748516977791,0.761624838741944,-0.822666325517911
-0.00148323418063478,-1.30939981743032,-15.5504551750332,0.347698463651458,-7.57663902593596,0.785266546911405,-0.775183219984973
-0.0038958898462128,-1.30946173774291,-15.6084037312784,0.329273806257866,-7.60400160633255,0.802185968478243,-0.690365766953274
-0.00634608994988643,-1.31091562018906,-15.6695725663306,0.309094602933478,-7.62923240790379,0.812363869348386,-0.572385877814396
-0.00889022947075544,-1.31369067030197,-15.734540890424,0.287457999648491,-7.65189063078077,0.815855121310287,-0.426304656395433
-0.0115950409092792,-1.31771972412226,-15.8039539750472,0.264658483018344,-7.67148774928476,0.812843954144765,-0.258270655193282
-0.014530466918972,-1.32293771712811,-15.8784757178844,0.241003586355639,-7.68755451844086,0.803677025858173,-0.075646234426367
-0.0177612512608353,-1.32927761488424,-15.9587341194042,0.216814438549167,-7.69970376427252,0.78885064241434,0.113103387101288
-0.0213394904530874,-1.33666401291654,-16.0452741227147,0.19240762970711,-7.70766474451542,0.768960151929727,0.298849922431537
-0.0253009809689515,-1.34500591771551,-16.1385316494419,0.168064823007371,-7.71127933176213,0.744646800799528,0.472504087037726
-0.0296662989297975,-1.35419101272354,-16.2388258996247,0.144004601130838,-7.71047887834031,0.716573254018869,0.625753373873486
-0.0344444201168863,-1.3640830857981,-16.3463499330654,0.120368765243887,-7.70527542763038,0.685426999456477,0.751590305825537
-0.0396352986333593,-1.37452289705241,-16.4611407307645,0.0972245349120993,-7.69578636823208,0.651927156331194,0.844525385508714
-0.0452293223187225,-1.38533176628268,-16.5830260540331,0.0745753542687716,-7.6822855837811,0.616816680655523,0.900537764046643
-0.0512041504603921,-1.39631679560765,-16.7115572599227,0.0523721818648204,-7.66526153233885,0.58084383182762,0.916885322929643
-0.057520771656701,-1.40727661306544,-16.8459334479597,0.0305211497981068,-7.64546767766004,0.544750398219754,0.89188989967417
-0.0641199771380125,-1.41800699106133,-16.9849099982137,0.00888696816122877,-7.62396045703248,0.509281918694448,0.824800142087993
-0.0709188101425025,-1.42830714129536,-17.1266837637282,-0.0127078076687326,-7.60211916568259,0.475221931793756,0.715854644612524
-0.0778056477724526,-1.43798978269555,-17.268779425941,-0.0344885556387345,-7.58162180111799,0.443432811776608,0.566710220716048
-0.0846340682956937,-1.44689974164989,-17.4080314546157,-0.0567399538572839,-7.56431904243883,0.414859319371607,0.381371214886306
-0.0912207623031661,-1.45494366500408,-17.540818967005,-0.0798159007392844,-7.55194908044706,0.390423312733004,0.167456077377187
-0.0973595992475938,-1.46212331315329,-17.6636533290269,-0.104122653870315,-7.54573826300829,0.370754699630008,-0.06302392143937
-0.102861218253791,-1.46854944491061,-17.7739619384787,-0.130041217504522,-7.54610695105913,0.355840853722074,-0.294583409112502
-0.107603446293314,-1.47441343049678,-17.8706418175507,-0.157798249263453,-7.55271097039239,0.344858577529747,-0.511038747370273
-0.111556257618487,-1.47992588879564,-17.9540470682062,-0.187364151147763,-7.56477556854856,0.336379017155168,-0.698499510854945
-0.114764394869963,-1.48526143933237,-18.0255043321247,-0.218448784078532,-7.58144957451553,0.328800775210465,-0.846894887151989
-0.117307584087438,-1.49053634319362,-18.0867259030369,-0.250583016491929,-7.60198734875192,0.320711962494711,-0.949953470175482
-0.119265853456631,-1.49581497112833,-18.139393194593,-0.283226611516929,-7.62576037916406,0.311041070665039,-1.0044786852753
-0.12070122792259,-1.50112798927813,-18.1849623614428,-0.315857332506879,-7.65218816947287,0.299049034813949,-1.00957174349223
-0.121653276331742,-1.50648971200434,-18.2246229261294,-0.348026200694346,-7.68066455770786,0.284275117415661,-0.966051147406022
-0.122142396196634,-1.51190989232767,-18.2593293058905,-0.37938065492104,-7.71051878256971,0.266515832146067,-0.876116690182083
-0.122176595571226,-1.51739943540661,-18.289855852385,-0.409660826741657,-7.74102871075843,0.245858171424644,-0.743247271349613
-0.121759958770953,-1.5229703121736,-18.316853320242,-0.438672822048364,-7.77149460767974,0.222735606135276,-0.57230888477998
-0.120901818602896,-1.52862971854844,-18.3408966704904,-0.466244432486421,-7.80136757552786,0.197935073040025,-0.369824900278104
-0.119624678187018,-1.53436964971136,-18.3625151621144,-0.492176942325427,-7.83039244682152,0.17247202912033,-0.1442566608156
-0.117967392463808,-1.54015659953077,-18.3821956682638,-0.51621793815415,-7.85868068913909,0.147307702202555,0.0940556705387248
-0.115980776996411,-1.5459293718369,-18.4003592603824,-0.538078879042652,-7.88662894991043,0.123020439086642,0.333699477088613
-0.113717448059038,-1.55160971041647,-18.4173291224376,-0.557493362103396,-7.91469590734295,0.0996461603030602,0.563705286059131
-0.111222560888598,-1.55712023825617,-18.4333161547301,-0.574277726258372,-7.94317426002072,0.0768011038440875,0.775051248669192
-0.108530950135687,-1.56239845211717,-18.4484331646234,-0.588357535225776,-7.97209167218305,0.0539700967900465,0.961409674434898
-0.105670371862221,-1.56740098956077,-18.4627264118545,-0.599757852025689,-8.00125095164999,0.0307574601255769,1.11906593609389
-0.102666930113619,-1.5721006197243,-18.4762073108964,-0.608578255768177,-8.03033266185374,0.00700010909306252,1.2464307908507
-0.0995492204273843,-1.57648120109597,-18.4888752913639,-0.614970474428899,-8.05899172094246,-0.0172397466299017,1.34352480017263
-0.096349535977075,-1.58053420772675,-18.5007318147861,-0.619123847407925,-8.08692354898429,-0.0417449855667225,1.4115732403195
-0.0931019007612194,-1.58425786876295,-18.5117890730296,-0.621254927585321,-8.11390337526569,-0.0662310876692188,1.4526850209195
-0.0898378485729242,-1.58765795759166,-18.5220755799561,-0.621595217540371,-8.13980694360663,-0.0904239330272769,1.46954119802601
-0.0865819557014007,-1.59074824365479,-18.53163792419,-0.620374479208853,-8.16461439161522,-0.114111834579062,1.46505767638465
-0.0833493490127942,-1.59354911916978,-18.54053723736,-0.617803067372682,-8.18839603903933,-0.137163803419599,1.44206371736621
-0.0801460687153297,-1.59608461211011,-18.5488415662555,-0.614059519038599,-8.21128456090917,-0.159518234980571,1.40307562823758
-0.0769713787183334,-1.59837921635287,-18.5566178283272,-0.609286584281407,-8.2334442107351,-0.181156516545051,1.35020558963994
-0.0738205118663914,-1.60045572100151,-18.563926420782,-0.603594124985626,-8.25504614826943,-0.202076079239598,1.28518106420722
-0.0706869016505067,-1.60233429613903,-18.5708192544414,-0.597065328140097,-8.27625262080914,-0.222270277313575,1.20942220096189
-0.0675636838109716,-1.60403249734347,-18.5773404164378,-0.589763443562689,-8.2972082187082,-0.241716121798846,1.12413468630609
-0.0644446198909987,-1.60556574683197,-18.5835283218955,-0.581737706286945,-8.31803531276474,-0.260368293379758,1.0303958783322
-0.0613246560576418,-1.60694796615207,-18.589418451338,-0.573028092792673,-8.33883149581105,-0.278157745097344,0.929226355903172
-0.0582002683511158,-1.60819217034758,-18.5950460659645,-0.563668988337864,-8.35966791854068,-0.294993863231971,0.821645364964709
-0.0550696679239534,-1.60931092439216,-18.6004484853836,-0.553691941936579,-8.38058824573078,-0.310769703402409,0.708710242434609
-0.05193288336935,-1.61031661517093,-18.6056666274158,-0.543127652307182,-8.40160846906494,-0.325369989510447,0.591539719738103
-0.0487917091636588,-1.61122152549888,-18.6107456135587,-0.53200727058209,-8.42271802191605,-0.33868134702086,0.471320854140554
-0.045649507604227,-1.61203772424216,-18.6157343831789,-0.52036307186152,-8.4438825808601,-0.350603763911323,0.349300027144488
-0.0425108707849053,-1.6127768127789,-18.6206844369464,-0.508228554163126,-8.46504865098423,-0.36106175925996,0.226760065061411
-0.0393811784414377,-1.61344958969006,-18.6256480053357,-0.495638063005233,-8.48614961536565,-0.370013474490416,0.104987529219978
-0.0362661132177207,-1.61406570630133,-18.6306760497988,-0.482626091106227,-8.5071125351313,-0.377456104046333,-0.0147642699846853
-0.0331712050731022,-1.61463338111594,-18.6358165078795,-0.469226438361749,-8.5278647702084,-0.383426773625226,-0.131310676729018
-0.0301014666906488,-1.61515922233429,-18.6411130903272,-0.455471417710019,-8.54833953479427,-0.387998942955913,-0.243564717040588
-0.0270611569707064,-1.6156481807597,-18.6466047741744,-0.441391255586385,-8.56847977349408,-0.391275313016657,-0.350556936907473
-0.0240536803650547,-1.61610362868376,-18.6523259740888,-0.42701377341468,-8.58824012732024,-0.393378762836895,-0.451445401935446
-0.0210816059810361,-1.61652754029561,-18.6583072617402,-0.41236436916285,-8.60758711707445,-0.394442919078883,-0.545516922599899
-0.0181467770071946,-1.61692073866835,-18.6645764547402,-0.397466261849017,-8.62649791457082,-0.394603656162085,-0.632181551404108
-0.0152504780620979,-1.61728317289061,-18.6711599010897,-0.382340926928122,-8.64495817304766,-0.393992324560281,-0.710962681850295
-0.0123936322000643,-1.61761419387788,-18.6780838191274,-0.367008637416867,-8.66295937289296,-0.392730998204895,-0.781484879988138
-0.0095770067987721,-1.61791280566178,-18.6853755949199,-0.351489030582926,-8.68049605403222,-0.390929639629165,-0.843461135967789
-0.0068014152647026,-1.61817787783987,-18.6930649753204,-0.33580163514472,-8.69756319860747,-0.388684845247646,-0.896680730281373
-0.00406790797484816,-1.61840831253458,-18.7011851186736,-0.319966313525829,-8.71415392708219,-0.386079737604363,-0.940998473714485
-0.00137795037629131,-1.61860316478632,-18.7097734752305,-0.304003592096225,-8.73025759461245,-0.383184575281562,-0.97632575141811
0.00126641124036127,-1.61876171861287,-18.7188724664383,-0.287934867160148,-8.74585832641348,-0.380057711130129,-1.00262357934668
0.00386239497668719,-1.61888352230274,-18.7285299183229,-0.271782484243362,-8.76093400937851,-0.37674661213891,-1.01989774601767
0.00640633890810478,-1.61896838638317,-18.7387991807666,-0.255569694032991,-8.77545575655484,-0.373288739194803,-1.02819603362414
0.00889356844098357,-1.61901634672584,-18.7497388346193,-0.239320490426316,-8.78938787587037,-0.369712162352591,-1.02760746444682
0.0113182801823142,-1.61902759402454,-18.7614118560376,-0.223059336737276,-8.80268839712953,-0.366035854773571,-1.01826347637589
0.0136734515761065,-1.61900237001148,-18.7738840796832,-0.20681078603303,-8.8153102345047,-0.362269667706362,-1.00034087699354
0.0159507908921958,-1.61894083087013,-18.787221790043,-0.190599003152703,-8.82720307511005,-0.358414043033936,-0.974066342786647
0.0181407478138192,-1.61884287994864,-18.8014882894146,-0.174447199909055,-8.83831607648944,-0.35445957138375,-0.939722106751275
0.0202326096736577,-1.61870797557422,-18.8167393611567,-0.158377002788952,-8.84860141318104,-0.350386552890022,-0.897652307291202
0.0222147105319075,-1.61853492573244,-18.8330176861133,-0.142407784614879,-8.85801862270239,-0.346164760706947,-0.848269260815311
0.0240747773391537,-1.61832168922858,-18.8503464873184,-0.126556007385683,-8.86653955876057,-0.341753635533121,-0.79205869853249
0.0258004267793007,-1.61806521134034,-18.8687229588749,-0.110834640361857,-8.87415357339277,-0.337103139152622,-0.729582833222277
0.0273798063347309,-1.61776132835819,-18.8881123289183,-0.0952527307663431,-8.88087235204195,-0.332155450984753,-0.661480081587542
0.0288023444378983,-1.61740477630749,-18.9084436239438,-0.0798152076644754,-8.88673367367717,-0.326847593342107,-0.58846045649216
0.0300595419231743,-1.61698933119867,-18.9296082294314,-0.0645229864324387,-8.89180333435221,-0.321114922127288,-0.511296119699562
0.031145709161475,-1.61650808990848,-18.9514620873223,-0.0493734080140686,-8.89617461839396,-0.314895244604693,-0.430807314477325
0.0320585408713586,-1.61595387453029,-18.9738318176602,-0.0343609975961443,-8.89996504064724,-0.308133169027247,-0.347844725393931
0.0327994319797777,-1.61531971518825,-18.996524300562,-0.0194784717869602,-8.90331055757911,-0.300784201509213,-0.263269990775922
0.0333734742933324,-1.61459934572071,-19.0193385112858,-0.00471787768745404,-8.90635792943471,-0.292818115723033,-0.177936382089944
0.0337891273416292,-1.6137876408011,-19.0420779041138,0.00992827432785306,-8.90925626289945,-0.284221228451357,-0.09267145464197
0.0340576130505523,-1.61288093449303,-19.0645615587006,0.0244660135949603,-8.91214886788335,-0.274997382956672,-0.00826285456723261
0.0341921273948655,-1.61187718518675,-19.0866326558878,0.0388991423771175,-8.91516640448718,-0.265167623100655,0.074552309075132
0.0342069824974719,-1.61077598212588,-19.1081635067785,0.0532287455409505,-8.91842194882722,-0.254768693989133,0.155094772349979
0.034116787686379,-1.60957841548263,-19.1290570968351,0.0674529756945545,-8.92200819194174,-0.243850611675323,0.232747702652999
0.0339357533308693,-1.60828684907894,-19.1492457127584,0.0815670779012897,-8.92599662318806,-0.232473604380221,0.306959203671525
0.0336771665709759,-1.60690464063499,-19.1686875637065,0.0955635989531194,-8.93043831131518,-0.220704747489083,0.377243223914668
0.0333530532086498,-1.60543585063708,-19.1873623729324,0.109432722016034,-8.93536579887508,-0.20861459904684,0.443179156679278
0.0329740121759141,-1.60388497135001,-19.2052667679389,0.123162672646644,-8.94079564124608,-0.196274096918854,0.504410284118497
0.0325491914174569,-1.60225669590392,-19.2224100429927,0.136740152622193,-8.94673120458289,-0.183751909805764,0.560641182001694
0.0320863666379067,-1.60055573669563,-19.2388106018246,0.150150769058273,-8.95316544386498,-0.171112354091697,0.611634234206554
0.0315920849302177,-1.5987866940255,-19.2544931728602,0.163379436539062,-8.96008348342249,-0.158413909810743,0.65720546336049
0.0310718408265257,-1.59695397039881,-19.2694867473217,0.176410738269121,-8.96746490325214,-0.145708303546075,0.697219925553684
0.0305302600281304,-1.59506172298235,-19.2838231178485,0.189229238466221,-8.97528569179364,-0.13304008053057,0.731586925039956
0.0299712739256084,-1.59311384567105,-19.2975358744871,0.2018197429385,-8.98351986272754,-0.120446563566599,0.760255281464058
0.0293982748360913,-1.5911139725197,-19.3106597248439,0.214167507722669,-8.99214075450514,-0.107958090452748,0.783208836590046
0.0288142471242309,-1.58906549525717,-19.3232300299997,0.226258397937634,-9.0011220421234,-0.0955984287096107,0.800462335537545
0.0282218730256345,-1.58697158890395,-19.3352824754415,0.23807900023415,-9.01043849464764,-0.0833852819508605,0.812057767178317
0.0276236142667354,-1.58483524084926,-19.3468528210207,0.249616692916088,-9.02006651203259,-0.0713308215158118,0.818061206614411
0.0270217717888033,-1.58265927994692,-19.3579766934174,0.260859678208241,-9.02998447275088,-0.0594421966771733,0.818560171395309
0.0264185263684484,-1.58044640322719,-19.3686893983717,0.271796981176462,-9.04017292057556,-0.0477219950795434,0.813661481500584
0.0258159629434162,-1.57819919862635,-19.3790257391907,0.282418419876265,-9.0506146155256,-0.0361686407157437,0.803489599528684
0.0252160812315228,-1.57592016278385,-19.3890198336718,0.292714551164724,-9.06129447065329,-0.0247767297015608,0.788185419475779
0.0246207949089143,-1.57361171341994,-19.398704925094,0.302676596636579,-9.07219939359364,-0.0135373140674999,0.767905467879856
0.0240319213001616,-1.57127619613955,-19.4081131851655,0.312296353236793,-9.08331804971871,-0.00243815109942002,0.742821477584803
0.0234511633020528,-1.56891588579439,-19.4172755083234,0.321566093081431,-9.09464056223592,0.00853605910306665,0.713120290810388
0.0228800851251532,-1.5665329827127,-19.4262212984467,0.330478457285781,-9.10615816411629,0.0194034224783235,0.679004042582383
0.0223200834225345,-1.56412960426825,-19.4349782508495,0.339026348794315,-9.11786281701351,0.0301845601830024,0.640690567040738
0.0217723554805006,-1.56170777243686,-19.4435721344698,0.347202829265409,-9.12974681317284,0.0409022532867703,0.598413957752909
0.02123786632902,-1.55926939809777,-19.452026581817,0.35500102525152,-9.14180237800014,0.0515810019463695,0.552425197663993
0.0207173168914911,-1.55681626303662,-19.460362896735,0.362414048563769,-9.1540212924191,0.0622464837531487,0.502992758129974
0.0202111155467322,-1.55435000073956,-19.4685998927029,0.369434935288445,-9.16639455570612,0.0729249044022577,0.450403049801582
0.0197193556700452,-1.55187207717533,-19.4767537765765,0.376056607071929,-9.17891211037354,0.0836422446305068,0.394960594914927
0.0192418017942527,-1.54938377290871,-19.4848380936179,0.38227185671888,-9.19156264985402,0.0944234197001273,0.336987787428157
0.0187778868705436,-1.54688616787624,-19.4928637494123,0.388073358353645,-9.20433352749388,0.105291381359652,0.276824115982134
0.0183267226762329,-1.54438013009111,-19.5008391219101,0.393453700018334,-9.2172107806203,0.116266205118644,0.214824751606964
0.0178871246789741,-1.54186630942103,-19.5087702720963,0.398405433861709,-9.23017927601852,0.127364215806299,0.151358450293929
0.0174576516154637,-1.53934513723042,-19.516661255336,0.402921136698722,-9.24322297424358,0.138597210293677,0.0868047843342511
0.0170366588145713,-1.53681683237657,-19.5245145269951,0.406993471487632,-9.25632529933569,0.149971834901726,0.0215507958064332
0.0166223630008123,-1.53428141360962,-19.5323314272863,0.41061523916472,-9.26946959022489,0.161489166331821,-0.0440127553224701
0.0162129151902434,-1.53173871812897,-19.5401127220724,0.413779410224184,-9.28263960085245,0.173144528256288,-0.109495305370687
0.0158064775030715,-1.5291884257749,-19.5478591705319,0.416479127016797,-9.29582001024404,0.184927553674054,-0.174510276229281
0.0154012994483502,-1.52663008833392,-19.5555720876015,0.418707670638355,-9.30899690142862,0.19682247810843,-0.238678440269354
0.0149957895106027,-1.52406316353148,-19.5632538700276,0.420458390558184,-9.32215817050952,0.208808625553792,-0.301630590059667
0.0145885786478907,-1.52148705354784,-19.5709084591181,0.421724600159498,-9.33529383332179,0.220861031120976,-0.363009306298765
0.0141785734390784,-1.51890114824835,-19.5785417199793,0.422499446617991,-9.3483962057952,0.232951134326081,-0.422469708094619
0.0137649978436423,-1.51630487345252,-19.5861617254659,0.422775768532137,-9.36145994497502,0.245047477026706,-0.479679179065631
0.0133474236560622,-1.51369774450797,-19.5937789414393,0.422545958634269,-9.37448194842477,0.257116348832517,-0.534316172590497
0.0129257905261504,-1.51107942488902,-19.6014063179907,0.421801851249975,-9.3874611202456,0.269122338935453,-0.586068302123539
0.0125004168157696,-1.50844978850637,-19.6090592960258,0.420534654076786,-9.4003980220821,0.281028775714568,-0.634629999224414
0.0120720024996873,-1.50580898320168,-19.6167557461904,0.418734941452512,-9.4132944328344,0.292798052797797,-0.67970007702083
0.0116416250295322,-1.50315749144111,-19.6245158558739,0.416392720638203,-9.42615284768433,0.304391861691723,-0.720979538984998
0.0112107285987798,-1.50049618306016,-19.632361982927,0.413497574955168,-9.43897594809088,0.315771361515052,-0.758169946463643
0.0107811069112762,-1.49782635458136,-19.6403184931926,0.410038878770822,-9.45176607223674,0.32689732027547,-0.790972583952202
0.0103548794588045,-1.49514975036813,-19.6484115963868,0.406006069859293,-9.46452471064357,0.337730257743184,-0.819088565895233
0.00993446156498875,-1.49246856226551,-19.656669193283,0.401388959298001,-9.47725204228192,0.348230612144608,-0.842219917748727
0.00952252896712984,-1.48978540701003,-19.6651207435082,0.396178054298581,-9.48994651884571,0.358358940248845,-0.860071577775321
0.00912197839402399,-1.48710328325706,-19.6737971623429,0.390364869819132,-9.50260449617718,0.368076152235319,-0.872354206933623
0.00873588624403869,-1.48442551252171,-19.6827307551357,0.38394220746089,-9.51521990684457,0.377343778330816,-0.878787681894512
0.00836746795557856,-1.48175567022798,-19.6919552003188,0.376904384665038,-9.52778396614275,0.386124265214972,-0.879105175103269
0.00802004090427247,-1.47909751421065,-19.7015055970495,0.369247401955256,-9.54028490584415,0.39438130540848,-0.873057785365142
0.00769699369707729,-1.4764549187207,-19.7114186006534,0.360969040391446,-9.55270773404242,0.402080208634569,-0.860419755368773
0.00740176460449002,-1.47383182233812,-19.7217326787268,0.352068884845599,-9.56503402473154,0.409188327432172,-0.840994382959422
0.00713783166940611,-1.47123219850465,-19.7324885325372,0.342548271446546,-9.57724174550585,0.415675546317536,-0.814620785103108
0.00690871682484173,-1.4686600578893,-19.7437297410957,0.33241016047432,-9.58930513394722,0.421514831448842,-0.781181695356218
0.00671800614715178,-1.46611949242879,-19.7555036972354,0.321658939860795,-9.60119463150883,0.426682814512954,-0.740612455768459
0.00656938812138865,-1.46361477142507,-19.7678629125015,0.3103001700597,-9.6128768764899,0.431160350374228,-0.69291128845436
0.00646671139840321,-1.46115050013943,-19.7808667641018,0.29834028908411,-9.62431474380277,0.434932945415963,-0.638150783835044
0.00641406281412314,-1.4587318502502,-19.7945837328022,0.285786306910488,-9.63546739912582,0.437990909119367,-0.576490302585174
0.00641586521477315,-1.45636486858148,-19.809094122266,0.272645530090804,-9.64629031218999,0.440329047211884,-0.508188640977226
0.00647699266230568,-1.45405686501233,-19.8244931424963,0.258925367784234,-9.65673515681317,0.441945708345084,-0.433615857368621
0.00660289765603505,-1.4518168722064,-19.8408940689859,0.244633275301744,-9.66674952921332,0.442841039167096,-0.353262645576988
0.0067997408988265,-1.44965615925718,-19.8584309505012,0.229776884574777,-9.67627646351946,0.443014413744292,-0.267745179963164
0.00707450870102583,-1.44758877014743,-19.8772600458664,0.214364347204191,-9.68525383834474,0.442461187512911,-0.177803146328225
0.00743509628704292,-1.44563204808446,-19.8975588680065,0.198404870492973,-9.69361396674953,0.441169160964387,-0.0842889641203442
0.00789032717705987,-1.44380709997184,-19.9195214780808,0.181909363808866,-9.7012839311525,0.439115366054849,0.0118527654959369
0.00844987009805789,-1.44213915045219,-19.9433486098422,0.164891044440214,-9.70818750609754,0.436263923877858,0.10961472291691
0.00912400738963202,-1.44065772719692,-19.9692314372711,0.14736580142058,-9.71424969050684,0.432565683197866,0.207962005597438
0.00992320669636546,-1.4393966013534,-19.9973284513025,0.129352111871915,-9.71940478822726,0.427960099078469,0.305867364063734
0.0108574581721904,-1.43839337567865,-20.0277360980779,0.110870371294065,-9.7236084701568,0.422379386711783,0.402339495178912
0.0119353722873449,-1.43768857701209,-20.0604556104244,0.0919416461742969,-9.72685322702377,0.415754493819044,0.496437519857238
0.0131630967009328,-1.4373240976965,-20.0953607273303,0.0725860650299881,-9.72918514301398,0.408022009869216,0.587267088011495
0.0145432012360796,-1.43734088623928,-20.1321732631745,0.0528212802844644,-9.73071831532762,0.399130889212855,0.6739579988069
0.0160737720030089,-1.43777594854267,-20.1704547691543,0.0326615671984612,-9.73164216321484,0.389047879169176,0.75562905338335
0.0177479980820935,-1.43865898237141,-20.2096214879705,0.0121180766082893,-9.7322171547714,0.377760825425794,0.831351337853175
0.0195544707227133,-1.44000924882334,-20.2489854794976,-0.00879953194707322,-9.73275674213128,0.365279511065946,0.900123757850094
0.0214782278732428,-1.44183343729916,-20.28781764905,-0.0300803219293181,-9.73359730089562,0.351634223797875,0.96087220902634
0.0235023251803229,-1.44412516332194,-20.3254208945873,-0.0517088829454675,-9.73506219911599,0.336872652099908,1.01247616213712
0.0256095215161552,-1.44686632902772,-20.3611973204658,-0.0736626230565085,-9.73742865924483,0.321055868999166,1.05381667232983
0.0277836426087508,-1.45003002972229,-20.3946950341801,-0.0959103049087627,-9.7409053056358,0.304254105917244,1.08383274717724
0.0300103422218584,-1.4535842649756,-20.4256269852247,-0.118412133920458,-9.74562447142573,0.286542890315238,1.10157211904546
0.0322772199002377,-1.45749559840949,-20.4538631622158,-0.14112121808083,-9.75164844608572,0.268000036318816,1.10622743985257
0.0345734503732548,-1.46173210520822,-20.4794041304156,-0.1639859064446,-9.7589851848175,0.248703941656604,1.09715622628392
0.0368891630130886,-1.46626529136963,-20.5023462108654,-0.186952443647941,-9.76760774045744,0.228733585416856,1.07388870385314
0.0392147925631495,-1.471070982561,-20.522847098071,-0.209967476834101,-9.77747248486487,0.208170474470534,1.03613025055605
0.0415405589623332,-1.47612936555692,-20.5410973808551,-0.232980098038937,-9.78853294635644,0.187102536561776,0.983764875886538
0.0438561725634126,-1.48142442192075,-20.5573001371789,-0.25594321816894,-9.80074781193028,0.165629619647109,0.916864512256433
0.0461508213479598,-1.4869429734128,-20.57165845745,-0.278814129072698,-9.81408288026381,0.143869849027619,0.835707012793035
0.0484134746601477,-1.49267351707001,-20.5843695085469,-0.301554146798984,-9.82850753145979,0.121965630578845,0.740804032484117
0.0506335169143105,-1.49860500093148,-20.5956232652939,-0.32412728993126,-9.84398684930771,0.100087602867968,0.632938066072438
0.0528016858160349,-1.50472569231431,-20.6056039407047,-0.346498077442757,-9.86047113639428,0.0784344326236069,0.513205047244123
0.0549112194990808,-1.51102231249173,-20.6144922054411,-0.368628750059201,-9.8778852966629,0.0572262562768955,0.383054461614025
0.0569590180600967,-1.51747962922648,-20.6224664493729,-0.390476493554341,-9.89612126020324,0.0366902132786468,0.244313367681917
0.0589465281601833,-1.52408067094992,-20.6297017120658,-0.411991456790131,-9.91503681089997,0.0170383513187731,0.0991766270682259
0.0608800273532128,-1.53080761359045,-20.6363656543056,-0.433116331499226,-9.93446319113628,-0.00155877846852627,-0.0498524565509729
0.0627700843441786,-1.53764319225211,-20.642612066184,-0.45378786080704,-9.95422136808196,-0.018996351996485,-0.200075380432421
0.0646302106390375,-1.54457227790427,-20.6485735705737,-0.473939951169383,-9.9741435213966,-0.0352496739496716,-0.348750850205598
0.0664750019587163,-1.55158315933628,-20.6543557799424,-0.493507425953236,-9.99409387744281,-0.0503736107281087,-0.493254728360912
0.0683182391818434,-1.55866816641683,-20.6600347736797,-0.512429266551876,-10.0139831029841,-0.0644873864426583,-0.631212058625249
0.0701713857230784,-1.56582351899046,-20.6656585626813,-0.530650530679513,-10.033773124387,-0.0777503545266185,-0.760577520041468
0.0720427247246075,-1.573048544543,-20.6712518858157,-0.548122743875323,-10.0534727816769,-0.0903364610368593,-0.879659994567516
0.073937152601276,-1.58034455215666,-20.6768228850581,-0.5648030594203,-10.0731272331082,-0.10241360342092,-0.987102609067524
0.0758564894090409,-1.58771365252854,-20.6823701222369,-0.580652690525017,-10.0928047094163,-0.114130781639208,-1.08183602024874
0.0778001097874254,-1.59515772622584,-20.6878888080312,-0.595635077745718,-10.1125835119504,-0.125612924006112,-1.16302119247483
0.0797657141765597,-1.60267763394842,-20.6933756713044,-0.609714097423595,-10.1325409220383,-0.136961546154942,-1.22999281913779
0.0817501084254257,-1.61027267744523,-20.6988323635461,-0.622852452758267,-10.1527445829249,-0.148258897860788,-1.28220943689586
0.0837499112698616,-1.6179402706056,-20.7042675780016,-0.635010267515581,-10.1732461846848,-0.15957345827238,-1.31921276969773
0.0857621490465827,-1.62567576240496,-20.7096981756996,-0.646143833381257,-10.1940769271486,-0.170965085941763,-1.34059705574089
0.0877847209555679,-1.63347235640799,-20.7151495990929,-0.65620443864506,-10.2152441650225,-0.182488542238785,-1.34598859084613
0.0898167262374617,-1.6413210857495,-20.7206557669195,-0.665137219613491,-10.2367287645716,-0.194194380500031,-1.33503596577966
0.0918586388462046,-1.64921082314059,-20.726258518329,-0.67288002549291,-10.2584829734994,-0.206126332582222,-1.30741216158662
0.0939122976677266,-1.65712832827951,-20.7320065349628,-0.679362372819486,-10.2804290026153,-0.218314400027053,-1.26283063701455
0.0959806550024426,-1.66505835938271,-20.7379535412741,-0.684504692548234,-10.3024590359427,-0.230763012159875,-1.20107870837598
0.0980671996845433,-1.67298389772808,-20.7441555019356,-0.688218239141758,-10.3244379922749,-0.243434081794991,-1.12207267516927
0.100174958065637,-1.68088654787463,-20.7506665666655,-0.690406215225546,-10.346210940319,-0.256225918835411,-1.02593967756037
0.102305000926501,-1.68874716482676,-20.7575337585898,-0.690966799342494,-10.3676173191723,-0.268951148534068,-0.913129858451572
0.104454483543853,-1.69654669694951,-20.7647909749475,-0.689798710004311,-10.3885134728717,-0.281320180795415,-0.784556875362809
0.106614452753932,-1.70426709473907,-20.7724537853737,-0.686809492894988,-10.4088027292123,-0.292940617270519,-0.641752953283625
0.108767956519007,-1.71189193653338,-20.7805174920501,-0.681925716995398,-10.428467959541,-0.303344664350125,-0.487006819641248
0.110889266899112,-1.71940628172933,-20.7889612221126,-0.675102838161713,-10.4475963598966,-0.31205181269864,-0.323435747681128
0.112945023364474,-1.72679538536414,-20.7977595216244,-0.666331330884716,-10.4663835371885,-0.318659836189153,-0.15494103949683
0.114897579375782,-1.73404241229727,-20.8068998431883,-0.655635945704994,-10.4851082256465,-0.322938059365248,0.0139764950493727
0.116709869015855,-1.74112593996724,-20.8164009960384,-0.643067323742933,-10.5040808055148,-0.324886567430588,0.178511806417629
0.118350257081367,-1.74801831688923,-20.8263266074962,-0.628688810069223,-10.5235818945033,-0.32473591810669,0.33388347263534
0.119795749948283,-1.75468555251855,-20.836790050724,-0.612563846046996,-10.5438121922466,-0.322889469287294,0.475605640294325
0.12103272777595,-1.76108864899674,-20.8479514256264,-0.594748998015415,-10.5648680600275,-0.319834681213537,0.599650645286825
0.122055431796687,-1.7671857207506,-20.8600102144919,-0.575294907004937,-10.5867447945558,-0.31605518274857,0.702502311352488
0.122863125195618,-1.77293415942058,-20.8731978538111,-0.554254218793178,-10.6093596616532,-0.311964016796742,0.781138022665427
0.123456922765107,-1.77829234051365,-20.8877733514149,-0.531693532252251,-10.6325832990595,-0.307862481174267,0.832987933870279
0.123836982313527,-1.78322066156741,-20.9040235581789,-0.507705913925738,-10.6562695044744,-0.303917668709079,0.855911218804148
0.124000413809982,-1.78768190550268,-20.9222685890301,-0.482420974572431,-10.6802762965324,-0.300147523178973,0.848216818616792
0.123940115983271,-1.79164104416793,-20.9428723360151,-0.456010138940214,-10.7044731054575,-0.29640361527561,0.808748146297432
0.123644855015027,-1.79506469049577,-20.9662578362415,-0.428685152733623,-10.7287294268277,-0.292347524207611,0.737047812594022
0.123101168115935,-1.79792049225794,-20.9929271479902,-0.400688211407196,-10.7528803010625,-0.287426408010072,0.633614697374745
0.122297856141946,-1.80017678556448,-21.0234849904501,-0.372273128626683,-10.7766661276355,-0.280866732556783,0.500253005535303
0.121233495575395,-1.8018026828359,-21.0586641889223,-0.343679812533474,-10.7996522454409,-0.271718655244444,0.34047745740082
0.119926091989037,-1.80276838588742,-21.0993479683626,-0.315109487880976,-10.8211499467093,-0.258985681006212,0.159865396843611
0.118421806185686,-1.8030450626279,-21.1465779181404,-0.286713489077953,-10.8401807208589,-0.241844674629188,-0.0338516365513413
0.116798154238376,-1.80260365990001,-21.2015269456902,-0.258607842270798,-10.8555315925936,-0.219890877989267,-0.231196631604733
0.115158830842797,-1.80141309145404,-21.2654098737973,-0.23091287214164,-10.8659185735908,-0.193276101711287,-0.421923929381902
0.113622467200794,-1.79943996053909,-21.3393143647701,-0.203796509203808,-10.8702146565111,-0.162638645310296,-0.596280622170715
0.112311104480652,-1.79665279603365,-21.4239704037733,-0.177490979835148,-10.8676599816503,-0.128864013490931,-0.746053053263748
0.111341375161675,-1.79303218958184,-21.5195237757658,-0.152267649059501,-10.8579894854906,-0.0928273975358222,-0.865065968592988
0.110816064715823,-1.78858438003439,-21.6254049937906,-0.12838126943913,-10.8414561429589,-0.0552401899661925,-0.949158914821131
0.110813069995239,-1.78335223301994,-21.7403621879349,-0.106010537799423,-10.8187560337742,-0.0166168045263197,-0.99587526566806
0.111373244668555,-1.77741756435847,-21.8626573177498,-0.0852188566830202,-10.7908789469396,0.0226912087615721,-1.00410063286635
0.112492388766682,-1.77089309282543,-21.9903523618553,-0.0659453081702903,-10.7589270917562,0.0624513859977384,-0.973803177332056
0.114121637316604,-1.76390757710199,-22.121586584893,-0.0480227313678854,-10.7239539968216,0.102527691247091,-0.905946869691883
0.116176314259724,-1.75658978436468,-22.2547764021773,-0.0312139823280552,-10.6868647350959,0.142880754005247,-0.802590831153427
0.118549854781979,-1.74905522786904,-22.3887195256707,-0.0152577656162708,-10.6483940003061,0.183570078715568,-0.667146060671342
0.121128485313402,-1.74139673536683,-22.5226169668606,8.37743416649836e-05,-10.6091519187327,0.224722994411221,-0.504709216998653
0.123803162139869,-1.73367863534174,-22.6560307538458,0.0149865038875254,-10.5697022222454,0.266440356360899,-0.322302463802526
0.126476451807304,-1.72593529543832,-22.7887872345441,0.0295500727106947,-10.5306182867805,0.308650963992574,-0.128750569235614
0.129063357785557,-1.71817581311999,-22.9208373486769,0.0438190977210832,-10.4924707487951,0.350993707704454,0.0660228471313902
0.131487110831291,-1.71039475495516,-23.0521044086766,0.057830879364088,-10.4557528418417,0.392827448662105,0.252163928268933
0.133673095997856,-1.70258449098351,-23.1823678359435,0.0716594397583157,-10.420807790349,0.433384690895038,0.421019197449862
0.135544506744701,-1.69474300743958,-23.3112200329006,0.0854285019892862,-10.3878182242094,0.471970414953688,0.565746626200956
0.137021591615935,-1.68687451724205,-23.4380963062826,0.0992908654040307,-10.356857795973,0.50809002627047,0.681338890279613
0.138024363736883,-1.67898480441073,-23.5623476810525,0.113390934854549,-10.327963270615,0.541466495439669,0.764315907241423
0.138477711897648,-1.67107519903878,-23.6833225289938,0.127828053896166,-10.3011908150386,0.571979190046035,0.81236367684638
0.138317597541488,-1.66313853354569,-23.8004347607469,0.142629818775646,-10.276645041425,0.599578613080445,0.82407296912536
0.137496741863498,-1.65515894804977,-23.9132076256996,0.157737380410454,-10.254486253039,0.624219023818534,0.798831681530971
0.135987828861278,-1.64711578682971,-24.0212877879204,0.173002052524421,-10.2349249978154,0.645830135626163,0.736879361279688
0.13378217802078,-1.63899019008071,-24.1244282179777,0.188193106599668,-10.2182084356921,0.664330180675371,0.639510752914789
0.130882656130664,-1.63077144764453,-24.2224461518437,0.203018188140906,-10.204595955231,0.679666175641428,0.509388635429466
0.12729184372208,-1.62245927800618,-24.315175988643,0.217157786593412,-10.1943174227903,0.691853757046837,0.350879651654957
0.123000014242552,-1.61405908122989,-24.4024504458689,0.230310972076021,-10.1875122575542,0.700984594398869,0.17026196894048
0.117980328829929,-1.60557093819818,-24.4841406903191,0.242240695452428,-10.1841636296206,0.707183656775725,-0.0243898105796359
0.11219695482684,-1.5969784629244,-24.5602535063801,0.252799247605575,-10.1840599626929,0.710531934253326,-0.223773007043167
0.105623947896773,-1.58824581507544,-24.6310352913872,0.261919033693284,-10.1868140664714,0.71100097579026,-0.418293193242397
0.0982643546934977,-1.57932633031468,-24.6970153319964,0.269573282774663,-10.1919387903629,0.708442261181549,-0.599050365152379
0.0901588010010511,-1.57017788650939,-24.7589599785094,0.275730060193787,-10.1989416273385,0.702634006411201,-0.758533236797431
0.0813810165645368,-1.5607763677893,-24.8177675350011,0.280323527195965,-10.2073938299685,0.693347747410357,-0.890884340262515
0.0720256582246363,-1.55112176807307,-24.8743577923946,0.28325132515986,-10.2169535270763,0.680391655099085,-0.991819481455405
0.0621954859398073,-1.5412368479257,-24.9295934904821,0.284391966326077,-10.2273496318797,0.663612587944308,-1.05837028753036
0.0519920218087992,-1.53116129406125,-24.9842421256372,0.283630401703573,-10.2383447636679,0.642867215949294,-1.08859366131049
0.041510407761694,-1.5209444521035,-25.0389680617696,0.280881817269755,-10.2496926245476,0.617986865272335,-1.08133901287464
0.030837461209585,-1.51063849876478,-25.094341011146,0.276107858799225,-10.2610983264764,0.588761403309757,-1.03612526726249
0.0200519533848191,-1.50029286075578,-25.1508527384752,0.269322512186663,-10.2721861548034,0.554961392904586,-0.953159150875923
0.00922711694027839,-1.48995045279249,-25.2089441728209,0.260586253638427,-10.2824802442005,0.516407917203337,-0.833518022785762
-0.00156356122316493,-1.47964695113264,-25.269056065746,0.249988220427245,-10.2914078860543,0.473082204499019,-0.679517459347658
-0.0122361057773967,-1.46941531548338,-25.3317215605436,0.237619266466637,-10.2983368984631,0.425236130925407,-0.495265912350036
-0.0226822674295598,-1.45929767019889,-25.3977051120555,0.223545531559188,-10.3026474174466,0.373424511865166,-0.287320322802819
-0.0327576038005492,-1.44936330848736,-25.4681433704858,0.207800292880948,-10.3038084906476,0.318369799531512,-0.0651333937738943
-0.0422807412519843,-1.43972515136448,-25.54457529103,0.190410431885978,-10.3014038290882,0.260658112998175,0.159254997653073
-0.0510497467635512,-1.43054429667806,-25.6287470146942,0.171450041447592,-10.2950834153217,0.200441662099951,0.372615360795947
-0.0588701723932745,-1.42202059530254,-25.7222163903474,0.151081736569132,-10.2845074184998,0.13738630688325,0.562496927817344
-0.0655823566070263,-1.41437823407689,-25.8259431478613,0.129548009811551,-10.2693818792907,0.0709040206250198,0.718702704454823
-0.0710808525010392,-1.40785433132931,-25.9400374639867,0.107114458372091,-10.2496032611498,0.000472578966882562,0.833763226868619
-0.0753265283527625,-1.4026896159566,-26.0636972136458,0.0839972748943475,-10.2254385833665,-0.0741547263203798,0.902758295011642
-0.0783529398217754,-1.39911631905126,-26.1952756271074,0.0603067209413822,-10.1976559784334,-0.152885160684704,0.923076558039128
-0.0802656942040557,-1.397341046062,-26.3324295824034,0.036024701920562,-10.1675529793376,-0.235288463586906,0.894466037993682
-0.0812316770898295,-1.3975244082529,-26.4723304453727,0.0110240859995524,-10.1368589647949,-0.320579261092621,0.819423422195292
-0.0814561632886138,-1.39976143367097,-26.6119204185036,-0.0148718721846152,-10.107514995934,-0.407561642375511,0.703714421854353
-0.0811501315213523,-1.40406712425205,-26.7481790907671,-0.0418073823879935,-10.0813761154745,-0.494604579250752,0.556585218812357
-0.0804961005954938,-1.41037147454641,-26.8783667181951,-0.0698251931436817,-10.0599287922064,-0.57975951043705,0.390098441577196
-0.0796242505679329,-1.41852798324166,-27.0002341998852,-0.0988457798078916,-10.0441250106898,-0.661055727052633,0.217329948888973
-0.0786062944310983,-1.42833610415448,-27.1121925521576,-0.128694545615964,-10.0343705455033,-0.736842695092496,0.0500207540567853
-0.077464548520587,-1.4395711214729,-27.2134110890981,-0.159141868418307,-10.0306157462886,-0.805985413365921,-0.103124237324986
-0.0761877607805777,-1.45201139924958,-27.3038076256967,-0.189927894430599,-10.0324744817306,-0.867853507234381,-0.236819483250135
-0.0747468659917416,-1.46545626209003,-27.383924185862,-0.220772975136566,-10.0393384436175,-0.922192108152466,-0.348582466795659
-0.0731073762803891,-1.47973347501235,-27.4547264817195,-0.251385274786099,-10.05048295729,-0.968976511830195,-0.437813732769319
-0.0712373658006737,-1.49469903630941,-27.5173909671214,-0.281470227734054,-10.0651577530228,-1.00829693928272,-0.505027590068742
-0.0691114585222318,-1.51023295994817,-27.5731320489533,-0.310740262264535,-10.0826525894266,-1.04027977425939,-0.551353281530133
-0.0667120699641782,-1.52623390465809,-27.6230901855271,-0.338922617455131,-10.1023346219315,-1.06503900550437,-0.578255232237514
-0.0640292385839092,-1.54261419135021,-27.6682751587195,-0.36576466853148,-10.1236628039276,-1.08265059982717,-0.587388235706661
-0.0610599855341464,-1.55929573500098,-27.7095479069486,-0.391037296522819,-10.1461879260189,-1.09314390263622,-0.580524748149052
-0.0578076692448233,-1.57620688300093,-27.7476247140174,-0.414537107659148,-10.1695458936496,-1.09650554237805,-0.559518099396098
-0.0542814634490493,-1.59327997127539,-27.7830922199385,-0.436088131021217,-10.193449287204,-1.09269238635352,-0.526283311794665
-0.0504959095577161,-1.61044940954943,-27.8164264090358,-0.455543329042858,-10.2176798511848,-1.08165078774954,-0.482786819381628
-0.0464704318197089,-1.62765017436086,-27.8480120341014,-0.472785992957418,-10.2420828236051,-1.06333967342975,-0.431040926611856
-0.0422287095551015,-1.64481666300171,-27.8781608525926,-0.487730907647423,-10.2665628842378,-1.03775504116744,-0.373100645233266
-0.0377978430210321,-1.66188191880572,-27.9071279965946,-0.500325066470089,-10.2910808114213,-1.00495333003974,-0.311060756483763
-0.0332073092521293,-1.67877726761933,-27.9351261757721,-0.510547690038463,-10.3156495974707,-0.965071084456109,-0.247050144576837
-0.0284877681279544,-1.69543240585279,-27.9623375183199,-0.518409344096231,-10.3403287684725,-0.918338507038701,-0.183219140923135
-0.0236698353120859,-1.71177595060216,-27.9889228780617,-0.523950046529245,-10.3652159874903,-0.865085001697697,-0.121714531838006
-0.018782972656529,-1.72773640770825,-28.0150285029801,-0.527236391723319,-10.3904356534773,-0.805735698893385,-0.0646369285871859
-0.0138546424242475,-1.74324344383854,-28.0407901394529,-0.528357881833198,-10.4161250090721,-0.740799214006418,-0.0139771721823696
-0.0089098184737762,-1.75822928531158,-28.0663349469934,-0.527422802273092,-10.442419017738,-0.670848377474032,0.0284675327595037
-0.00397085130173762,-1.77263003940906,-28.0917819531849,-0.524554056179387,-10.4694357121343,-0.596497082403805,0.0611919132388002
0.00094242448899793,-1.78638676714973,-28.1172420477276,-0.519885327548302,-10.4972636763169,-0.518377289162354,0.0830849312914395
0.00581252392671154,-1.79944623194655,-28.1428185422991,-0.513557770282902,-10.5259528262707,-0.437120207515902,0.0935231845031298
0.0106242620087898,-1.81176137036285,-28.168609008269,-0.505717189532733,-10.5555089371876,-0.353344624168649,0.0924424648878567
0.0153648968835521,-1.82329162511002,-28.1947084794056,-0.496511511636981,-10.5858917972589,-0.26765346908726,0.0803761669551691
0.0200243869397466,-1.83400329527578,-28.2212133401844,-0.48608833069569,-10.6170167060904,-0.180637496395863,0.0584514886244867
0.0245955439347226,-1.84386997730262,-28.2482245844046,-0.474592490103442,-10.6487592365354,-0.0928829705973968,0.0283371334615489
0.0290738229379534,-1.85287302593537,-28.2758489251492,-0.462163913932819,-10.6809633756683,-0.00497905290704823,-0.00785947098258268
0.0334565931523853,-1.86100183311362,-28.3041966661942,-0.44893608265066,-10.7134529005612,0.0824793595011622,-0.0477404739621608
0.0377419540389717,-1.86825368930404,-28.3333762495583,-0.435035506192286,-10.7460449784989,0.168896097418258,-0.0887973491937658
0.0419273908153359,-1.87463309577268,-28.3634865845475,-0.420582260854427,-10.7785639093177,0.253685696458808,-0.128599640532358
0.0460086703127512,-1.88015059430081,-28.3946090713033,-0.405691259220632,-10.8108524052898,0.336290479480072,-0.164966660372267
0.0499792955988348,-1.88482136206389,-28.4268012444005,-0.39047363819876,-10.8427783498815,0.416198758685524,-0.196099666975116
0.053830617191966,-1.88866388528045,-28.4600932254654,-0.375037633503841,-10.8742364281662,0.492960229280173,-0.220661567842842
0.0575524661600484,-1.89169895253161,-28.494487130075,-0.359488550384466,-10.9051456224893,0.566196012966458,-0.237802618990546
0.0611340396820884,-1.89394905616792,-28.529958745568,-0.343927791236056,-10.9354445501852,0.635602658157513,-0.247139813713222
0.0645647643557215,-1.89543814298944,-28.5664604659912,-0.328451192717747,-10.9650866867598,0.700950887147781,-0.248702669283946
0.067834947700054,-1.89619156983185,-28.6039246020445,-0.313147068025819,-10.9940368816862,0.762080609811085,-0.242859167670734
0.0709361416121096,-1.89623610654003,-28.64226655909,-0.298094345343121,-11.0222696870277,0.818893770117968,-0.230234054663532
0.0738612356811772,-1.89559986658052,-28.6813877649991,-0.283361095226992,-11.049769270468,0.871346250571092,-0.211628937346031
0.0766043526367532,-1.89431210387182,-28.7211784790776,-0.269003612671983,-11.0765302561489,0.91943960854524,-0.187950589118099
0.0791606350462842,-1.89240286991535,-28.7615206910679,-0.255066102759733,-11.1025587421361,0.963213052600134,-0.160151093225725
0.0815260027185898,-1.88990256522837,-28.8022912534805,-0.241580933604469,-11.1278728826959,1.00273583840323,-0.129181179834448
0.0836969377379551,-1.88684143996758,-28.8433652574955,-0.228569366202334,-11.1525026804078,1.03810016744792,-0.0959564325449355
0.0856703284641029,-1.88324910280415,-28.8846195253193,-0.216042644690923,-11.1764888993467,1.06941465032393,-0.0613349602411043
0.0874433818958315,-1.87915408913408,-28.9259360033253,-0.204003323442803,-11.1998812222682,1.09679840716293,-0.0261045736977655
0.0890135980777893,-1.87458352517043,-28.9672048141156,-0.192446715002405,-11.2227358990549,1.12037588248069,0.00902264237441938
0.0903787914971687,-1.86956290756504,-29.008326762,-0.181362358194347,-11.245113175461,1.14027244169673,0.043410353604232
0.0915371413501603,-1.86411600264306,-29.0492151594221,-0.170735426330419,-11.2670747673857,1.15661078830332,0.0764943256821709
0.0924872535762841,-1.8582648569527,-29.0897969286656,-0.160548017230052,-11.288681584895,1.16950820423358,0.107776517804039
0.0932282208163825,-1.85202990239228,-29.1300130120257,-0.150780287375207,-11.309991836548,1.17907457979365,0.13681803838324
0.0937596704229258,-1.84543013443093,-29.1698181818599,-0.141411410144713,-11.3310595763586,1.18541117008111,0.163231822301131
0.0940817942392577,-1.8384833408923,-29.2091803707927,-0.132420352810898,-11.3519337004077,1.18860999462641,0.18667567557702
0.0941953567154284,-1.83120635955,-29.248079650886,-0.123786476904139,-11.372657364157,1.18875378881364,0.206846168602063
0.0941016797849897,-1.82361534540571,-29.2865069782889,-0.115489973632359,-11.3932677696944,1.185916415868,0.223473730822448
0.093802604064444,-1.81572603148324,-29.3244627986562,-0.107512149791016,-11.4137962630609,1.18016365568979,0.236319203153302
0.0933004265840497,-1.80755396962573,-29.3619555842951,-0.0998355811326644,-11.434268680683,1.1715542975265,0.245172029614126
0.0925978157565401,-1.79911474016328,-29.3990003492181,-0.0924441509018132,-11.4547058856555,1.16014147467325,0.249850207044171
0.0916977049624555,-1.79042412068214,-29.4356171692367,-0.0853229914064943,-11.4751244377823,1.14597418853796,0.250202054170871
0.0906031671951895,-1.78149820455642,-29.4718297221184,-0.0784583470390355,-11.4955373436604,1.1290989738814,0.246109799032722
0.0893172749519695,-1.77235346047267,-29.5076638552885,-0.0718373792326628,-11.5159548319771,1.10956165705311,0.237494909107457
0.0878429519581129,-1.76300672406077,-29.543146191671,-0.0654479365241968,-11.5363850978524,1.08740915249049,0.22432499612684
0.0861828264865881,-1.7534751144352,-29.5783027901468,-0.0592783174854603,-11.5568349553226,1.0626912334185,0.20662201465311
0.084339099463276,-1.74377587087133,-29.6131578925386,-0.0533170585809938,-11.5773103352856,1.03546219938896,0.184471341486532
0.0823134438360245,-1.73392611057123,-29.6477328044046,-0.0475527831293477,-11.5978165660727,1.00578235281605,0.158031180421359
0.0801069536978519,-1.72394251655381,-29.6820449740591,-0.0419741486423478,-11.6183583817525,0.97371919034088,0.127541596508468
0.0777201612998295,-1.71384097567431,-29.7161073447725,-0.036569926381734,-11.6389396207255,0.939348218525299,0.0933323653620124
0.0751531360682064,-1.70363619878787,-29.7499280550422,-0.0313292367494472,-11.65956260738,0.902753318657948,0.055828746784026
0.0724056714902147,-1.69334136659206,-29.7835105425759,-0.0262419466824852,-11.6802272501144,0.864026616333835,0.0155542822551283
0.0694775532765208,-1.68296785151312,-29.8168540695363,-0.0212992108617693,-11.7009299372128,0.823267853715629,-0.0268702120447647
0.0663688873156073,-1.67252506550105,-29.849954629304,-0.0164941108890932,-11.7216623572934,0.780583314290248,-0.0707321180160572
0.0630804515076833,-1.66202047273729,-29.8828061298364,-0.0118223207470523,-11.7424104023414,0.73608440314457,-0.115237354688032
0.0596140256203769,-1.6514597851238,-29.9154016903134,-0.00728270971783373,-11.7631533159607,0.689886033880923,-0.159525639848543
0.0559726514522004,-1.64084732945167,-29.9477348558555,-0.00287779148781298,-11.7838632209321,0.642105007496911,-0.202690331146216
0.0521607840033322,-1.63018654451029,-29.9798005431632,0.00138605596685403,-11.8045050998734,0.592858584687512,-0.243802089882953
0.0481843123680492,-1.6194805416099,-30.011595582069,0.00549864194841644,-11.8250372241609,0.542263448420564,-0.281935239285279
0.0440504528478132,-1.60873264965507,-30.0431188051553,0.00944628384922899,-11.8454119520713,0.490435226986445,-0.316195423932604
0.0397675407132687,-1.59794687048784,-30.0743707360442,0.0132123485594012,-11.8655767699851,0.437488704454108,-0.3457470704195
0.0353447647809678,-1.58712819029454,-30.1053530124263,0.0167779281422888,-11.8854754481221,0.383538786595198,-0.369839232307979
0.0307918964575716,-1.57628272396897,-30.136067728788,0.0201225425725668,-11.9050492249745,0.328702223331405,-0.38782866026942
0.0261190605892829,-1.56541770274477,-30.1665168889668,0.0232247625266349,-11.9242380092668,0.273100012211996,-0.399199317422532
0.0213365814351588,-1.55454134364519,-30.1967021224488,0.0260626653336875,-11.94298166746,0.216860324045716,-0.403577968421709
0.0164549173971153,-1.54366265642916,-30.2266247543888,0.0286140725139262,-11.9612215189316,0.160121701038954,-0.400745808418641
0.0114846774738529,-1.53279124717108,-30.2562862444806,0.0308565611777685,-11.9789021662048,0.103036182138562,-0.390646279158549
0.00643669495613026,-1.52193716831165,-30.2856889378418,0.0327672869345057,-11.995973732579,0.0457719211819046,-0.373389198240458
0.00132212254964954,-1.51111084602477,-30.3148370116432,0.0343226963977776,-12.0123944698608,-0.0114851975914387,-0.349251116380214
-0.00384749061956135,-1.50032309111711,-30.3437374607093,0.0354982367639396,-12.0281335578493,-0.0685314452261662,-0.318671494390384
-0.0090601749789892,-1.48958517498076,-30.3724009457881,0.0362681820244758,-12.043173780765,-0.12514704121029,-0.282243997744392
-0.0143035921141124,-1.47890893173954,-30.4008423349183,0.0366056848129078,-12.0575136787681,-0.181100054133106,-0.240702115833087
-0.0195651664064944,-1.4683068372782,-30.429080801102,0.0364831268963778,-12.0711687720162,-0.23615229280679,-0.194898579163817
-0.0248322806387332,-1.45779201803024,-30.4571393980665,0.0358727833295846,-12.0841715591375,-0.290066697693283,-0.145778721227627
-0.030092501694347,-1.44737815775121,-30.4850441109637,0.0347477465940537,-12.0965701869444,-0.342615405053326,-0.0943488993367352
-0.0353337925666625,-1.43707929528115,-30.5128224547271,0.0330829955187732,-12.1084259263807,-0.393587461530533,-0.0416420748500148
-0.0405446683391835,-1.42690953328626,-30.5405017510086,0.0308564578281373,-12.1198098048549,-0.442795190892027,0.0113166831981761
-0.04571426642326,-1.41688269923875,-30.5681072405444,0.0280499158274727,-12.1307988768953,-0.490078461338527,0.0635419149377614
-0.050832321192445,-1.40701200972111,-30.5956601782231,0.024649640489702,-12.1414726330178,-0.535306497466629,0.114114365592458
-0.0558890542680149,-1.39730978590533,-30.6231760233937,0.0206466967846464,-12.1519099597143,-0.578377307370997,0.162201054611477
-0.0608750081352348,-1.38778725512282,-30.6506627945747,0.0160369242344164,-12.1621869095878,-0.619215137373319,0.207068460604129
-0.065780859349117,-1.37845445568973,-30.6781196243515,0.0108206456112581,-12.1723753687752,-0.65776656114766,0.248089348885799
-0.0705972478359403,-1.36932024489854,-30.705535537208,0.00500218522424124,-12.1825425585255,-0.693995849882494,0.284744331476904
-0.0753146524884722,-1.36039239677314,-30.7328884813883,-0.00141071389512733,-12.1927512010456,-0.727880193117715,0.316619473139853
-0.0799233332783965,-1.35167776774611,-30.7601446697064,-0.00840749273121501,-12.2030601217332,-0.75940520170466,0.343401217728246
-0.0844133488372517,-1.34318250485091,-30.7872583110028,-0.0159753351348066,-12.2135250443394,-0.788560972194284,0.364869711970014
-0.0887746477863555,-1.33491227107783,-30.8141718315798,-0.0240996397051879,-12.2241993525037,-0.815338858643557,0.38089134477496
-0.0929972231425127,-1.32687246491542,-30.8408166842376,-0.0327643817386596,-12.23513463085,-0.839728998196477,0.391411064486213
-0.0970713123105536,-1.3190684150381,-30.8671148145435,-0.04195235938357,-12.2463808534818,-0.861718571589001,0.396444819081026
-0.100987620899671,-1.31150553570915,-30.8929807999006,-0.0516453316234102,-12.2579861515067,-0.881290743965737,0.396072300399217
-0.104737546851435,-1.30418943368616,-30.9183246016921,-0.0618240651691823,-12.2699961580135,-0.898424215380136,0.390430064903897
-0.108313382396202,-1.29712596258741,-30.9430547874966,-0.0724683133968567,-12.2824529927439,-0.913093306797754,0.379705046872233
-0.111708474771203,-1.29032122599236,-30.9670820037186,-0.0835567527633764,-12.2953940014442,-0.925268508400803,0.364128467272712
-0.114917332371102,-1.28378153489588,-30.9903224283614,-0.0950669018922814,-12.308850400447,-0.934917420108864,0.343970161272832
-0.117935669890635,-1.27751332880859,-31.0127009196119,-0.106975045181569,-12.3228459890318,-0.942006015655782,0.319533384589496
-0.120760393321517,-1.27152307179465,-31.0341536056516,-0.119256177848305,-12.3373960801886,-0.946500162503234,0.291150196384623
-0.123389532021313,-1.2658171353626,-31.0546297281244,-0.131883982952408,-12.3525067670315,-0.948367329947725,0.259177538581719
-0.125822129722713,-1.26040167916437,-31.0740926435661,-0.144830844640524,-12.3681745953122,-0.947578418366214,0.223994125679215
-0.12805810870556,-1.25528253847185,-31.0925199848913,-0.158067896291543,-12.3843866615183,-0.944109643611142,0.185998220432312
-0.130098121479146,-1.25046512478562,-31.1099030715432,-0.171565098463965,-12.4011211104977,-0.937944411853391,0.145606300830017
-0.131943402545641,-1.24595434348808,-31.126245718468,-0.185291339296037,-12.418347972262,-0.929075121047287,0.103252533302913
-0.133595630048257,-1.24175453010455,-31.1415626269959,-0.199214550584266,-12.4360302590948,-0.917504824597304,0.0593888653998202
-0.13505680380189,-1.23786940533845,-31.1558775441595,-0.213301834309411,-12.4541252387946,-0.903248690657084,0.0144854568651744
-0.136329143192667,-1.23430204808653,-31.1692213591442,-0.227519597750371,-12.4725858063874,-0.886335186955551,-0.0309689093435948
-0.137415005882322,-1.23105488549433,-31.1816302729222,-0.241833698309452,-12.4913618887212,-0.866806918716216,-0.0764668388720895
-0.138316826485485,-1.22812969913404,-31.1931441391914,-0.256209602206984,-12.5104018312833,-0.844721048148665,-0.121483169276465
-0.139037073281419,-1.22552764652052,-31.2038050371041,-0.270612563143079,-12.5296537305863,-0.820149231151885,-0.165477013820686
-0.139578220402455,-1.22324929735175,-31.2136561024207,-0.285007826438824,-12.5490666854449,-0.793177024608613,-0.20789528527779
-0.139942732766925,-1.22129468354057,-31.2227406172076,-0.299360862485569,-12.5685919480838,-0.76390274505756,-0.248177850018089
-0.140133061018848,-1.21966336164797,-31.2311013381989,-0.313637628933435,-12.5881839595185,-0.732435798161862,-0.285764300525254
-0.140151643902197,-1.2183544854912,-31.238780031549,-0.327804856036441,-12.6078012563646,-0.698894542243135,-0.320102164309112
-0.140000915733284,-1.21736688586041,-31.2458171753931,-0.341830343680049,-12.6274072381107,-0.663403794098527,-0.350656211078318
-0.139683316980579,-1.21669915349057,-31.2522517911021,-0.355683253670207,-12.646970787288,-0.626092122801204,-0.376918406638102
-0.139201306414746,-1.21634972093583,-31.258121367876,-0.369334377271578,-12.6664667398995,-0.587089101685695,-0.398418010351409
-0.138557373858906,-1.21631693882195,-31.2634618520966,-0.38275635648281,-12.6858762100669,-0.546522696003426,-0.414731332646478
-0.137754053189739,-1.21659914208903,-31.26830768112,-0.395923838404378,-12.705186780497,-0.504516952835022,-0.425490754314903
-0.136793935870975,-1.21719470217164,-31.2726918489626,-0.408813544084,-12.7243925762577,-0.461190136735839,-0.430392739930288
-0.135679685789648,-1.21810206140577,-31.2766459978463,-0.421404237327347,-12.7434942436826,-0.416653420919129,-0.429204728303314
-0.134414056413164,-1.21931974627435,-31.2802005333996,-0.433676583783742,-12.7624988559287,-0.371010207884622,-0.421770921244264
-0.132999911221085,-1.22084635637273,-31.2833847621879,-0.445612896214545,-12.7814197606462,-0.324356119384178,-0.408017092093781
-0.131440247821177,-1.22268052647898,-31.2862270485391,-0.457196769464034,-12.8002763742551,-0.276779660914059,-0.387954576124106
-0.129738225271433,-1.22482086003611,-31.2887549833345,-0.468412616993373,-12.819093909165,-0.228363534633105,-0.361683573243063
-0.127897192818136,-1.2272658341574,-31.2909955518853,-0.479245131800073,-12.8379029988501,-0.179186537031659,-0.329395785600761
-0.125920716862332,-1.2300136790195,-31.2929752818737,-0.489678706355932,-12.8567391617867,-0.129325935478293,-0.291376238090974
-0.123812601644393,-1.23306223832802,-31.2947203473089,-0.49969685894543,-12.8756420260585,-0.07886016435614,-0.248003911075434
-0.121576898341872,-1.23640882197953,-31.2962566020413,-0.509281724716867,-12.8946542287414,-0.0278716213651369,-0.199750595421511
-0.119217897362502,-1.24005006638968,-31.29760951854,-0.518413676094441,-12.9138199180293,0.0235507155718073,-0.147177221735105
-0.116740099985054,-1.24398182094946,-31.2988040159244,-0.527071134810376,-12.9331828290817,0.0753091730696949,-0.0909268942233274
-0.114148168192168,-1.24819907947977,-31.2998641763606,-0.535230623754952,-12.9527839801452,0.12729609678859,-0.0317140396882717
-0.111446855419552,-1.25269597206236,-31.3008128694988,-0.542867079400228,-12.97265913431,0.179393668924793,0.0296905068981228
-0.108640925138328,-1.25746582512048,-31.3016713268988,-0.549954408032137,-12.9928362736276,0.231474979580803,0.0924780656896108
-0.105735067673941,-1.26250128689863,-31.3024587262715,-0.556466228217712,-13.0133334028199,0.283406321725138,0.155823261290117
-0.102733827181233,-1.26779450396164,-31.3031918524497,-0.562376708413377,-13.0341570078228,0.3350504769318,0.218906177204755
-0.0996415493934806,-1.27333732520105,-31.3038848941804,-0.56766139221169,-13.0553014236941,0.386270588704078,0.280933717405149
-0.0964623569117118,-1.27912150545381,-31.3045494135962,-0.572297909017837,-13.0767492259999,0.436934127638099,0.341158533110491
-0.0932001533882655,-1.28513888238144,-31.3051944942029,-0.576266493258293,-13.0984725867392,0.486916463841439,0.398894348324762
-0.089858652442748,-1.29138150712379,-31.3058270420273,-0.579550272747445,-13.1204353800242,0.536103669098376,0.453527154872743
-0.0864414232412412,-1.29784171870412,-31.3064521912698,-0.582135325791208,-13.1425957235163,0.584394332562235,0.504522353059656
-0.0829519429305795,-1.30451216197189,-31.3070737551341,-0.584010538626907,-13.1649086186904,0.631700345560244,0.551428352733364
-0.0793936466467938,-1.31138575669872,-31.3076946646433,-0.585167314834681,-13.1873283975661,0.677946751840225,0.593877366127411
-0.075769967906619,-1.31845563035448,-31.3083173499224,-0.585599195908479,-13.2098107706461,0.723070849535779,0.631584145213248
-0.072084365064127,-1.32571502886784,-31.3089440348135,-0.585301449566903,-13.2323143701302,0.767020767412113,0.664343309199857
-0.0683403322910454,-1.3331572191612,-31.3095769324301,-0.584270673290445,-13.2548017711454,0.809753733276775,0.692025746686663
-0.0645413958985175,-1.34077539500394,-31.3102183433674,-0.582504448442297,-13.2772400378441,0.851234220608606,0.714574414440222
-0.0606910984058294,-1.3485625948989,-31.3108706685428,-0.580001067875078,-13.2996008789362,0.891432117292616,0.731999722489643
-0.0567929737595626,-1.35651163762361,-31.3115363549898,-0.576759348780693,-13.3218605112839,0.930321016471355,0.744374601013303
-0.0528505175088022,-1.36461507834393,-31.3122177961081,-0.572778533452426,-13.3439993279599,0.967876691606945,0.751829286735755
-0.04886715578821,-1.37286518590786,-31.3129172087142,-0.568058273731318,-13.366001454725,1.00407578731525,0.754545836866192
-0.044846216678578,-1.38125394023594,-31.3136365084954,-0.562598689901325,-13.3878542620901,1.03889473559003,0.752752369567457
-0.0407909070830416,-1.38977304739739,-31.3143772035859,-0.556400491391021,-13.409547882026,1.07230889175372,0.746717035115013
-0.0367042975766139,-1.39841396921427,-31.315140323204,-0.549465144339567,-13.4310747619621,1.10429187586095,0.736741737269089
-0.0325893169579203,-1.40716796363771,-31.315926394686,-0.541795069863443,-13.4524292741237,1.13481510036528,0.723155646610629
-0.0284487573482381,-1.41602613192429,-31.316735477926,-0.533393856483208,-13.4736073867595,1.16384746367472,0.706308573953742
-0.0242852897387594,-1.42497946869252,-31.3175672613787,-0.524266470649909,-13.4946063952633,1.19135519012424,0.686564298863657
-0.0201014889900704,-1.43401891116946,-31.318421218722,-0.514419450744505,-13.515424705329,1.21730179864358,0.664293972273918
-0.0158998665070138,-1.44313538436912,-31.3192968204787,-0.503861072277997,-13.5360616569746,1.24164818437921,0.639869729624265
-0.0116829081934818,-1.45231983960728,-31.320193790484,-0.492601475123697,-13.5565173773873,1.26435280030149,0.613658659383002
-0.00745311499218262,-1.46156328463642,-31.3211123964539,-0.480652746990955,-13.5767926511026,1.28537192198114,0.586017264230347
-0.00321304323276175,-1.47085680432408,-31.3220537585053,-0.468028961628765,-13.5968887984071,1.30465998841521,0.557286545694097
0.00103465768951541,-1.48019157190408,-31.3230201643478,-0.454746173279615,-13.6168075551022,1.32217000186513,0.527787809592347
0.00528721229669737,-1.48955885148245,-31.3240153797748,-0.440822372163385,-13.6365509496694,1.33785397347673,0.497819262788146
0.00954169196221084,-1.49894999309333,-31.3250449467634,-0.426277407950669,-13.6561211760673,1.35166339958281,0.467653436378367
0.0137949943416939,-1.50835642209238,-31.3261164653657,-0.411132889331025,-13.6755204621467,1.36354975317025,0.43753543609271
0.0180438290451514,-1.51776962485043,-31.3272398594445,-0.39541206814313,-13.6947509344346,1.37346497495272,0.40768199005235
0.0222847085683455,-1.52718113272239,-31.3284276295902,-0.379139716053271,-13.7138144801986,1.38136194927255,0.378281238672728
0.0265139428909257,-1.53658250614648,-31.329695098655,-0.362342000630693,-13.7327126075451,1.38719495155568,0.349493192278554
0.0307276356540171,-1.54596532048084,-31.3310606564183,-0.34504636627003,-13.751446304117,1.39092005559543,0.321450769265637
0.0349216794031989,-1.55532115472496,-31.3325460045406,-0.327281423515357,-13.7700158951275,1.39249549330134,0.294261318638366
0.0390917472043548,-1.56464158412424,-31.3341764044212,-0.309076849290168,-13.7884209034117,1.39188195741253,0.268008530016295
0.0432332776909022,-1.57391817706536,-31.3359809153265,-0.290463298628936,-13.8066599170865,1.38904284417781,0.242754629642929
0.0473414506246352,-1.58314249643318,-31.3379925986836,-0.271472327495177,-13.8247304769701,1.38394443226009,0.218542761838481
0.0514111502054579,-1.59230610520482,-31.3402486423789,-0.252136325309525,-13.8426290057738,1.37655599590802,0.195399453635917
0.0554369139036127,-1.601400575719,-31.3427903285978,-0.23248845501281,-13.8603508158494,1.36684985186447,0.173337056980654
0.0594128657540605,-1.61041750166844,-31.345662728455,-0.212562597868341,-13.8778902523169,1.35480134188712,0.152356057420229
0.0633326353190732,-1.61934851148257,-31.3489139576355,-0.192393299512948,-13.8952410532531,1.34038875750246,0.132447131683766
0.0671892673806789,-1.62818528118592,-31.3525937760035,-0.172015713417411,-13.9123970344178,1.32359322303719,0.11359283334274
0.070975133623238,-1.6369195444292,-31.3567512775143,-0.151465537226923,-13.9293532247251,1.30439856915707,0.095768793055332
0.0746818662212026,-1.64554309701448,-31.3614314269686,-0.130778937379954,-13.9461075729869,1.28279125435132,0.0789443518114278
0.0783003436406025,-1.65404779336479,-31.3666703071141,-0.109992458039639,-13.9626632910152,1.25876042515516,0.0630826190590676
0.081820768214165,-1.66242553357175,-31.3724892007784,-0.0891429121514121,-13.9790317636153,1.23229824006782,0.0481400776367845
0.085232877159896,-1.67066824212207,-31.3788880784741,-0.0682672564719869,-13.9952357262776,1.20340060065542,0.0340660424705695
0.0885263155920939,-1.67876784344678,-31.3858396334725,-0.0474024579333697,-14.0113121174484,1.17206840879678,0.0208024785765462
0.0916911651520807,-1.68671624382651,-31.3932854933248,-0.0265853646686479,-14.0273137620488,1.13830937560686,0.00828480295290063
0.0947185679668164,-1.69450533161854,-31.4011362945611,-0.0058525982497872,-14.0433090139729,1.10214024297671,-0.00355578912126526
0.0976013311379149,-1.70212700551829,-31.4092766352159,0.0147595193452665,-14.0593788327123,1.06358908921087,-0.0147882949452571
0.10033437187926,-1.70957323251003,-31.4175745570504,0.0352150004846884,-14.0756114731634,1.02269726898749,-0.0254765606792324
0.102914891035567,-1.71683612617049,-31.4258936941963,0.0554781984972308,-14.0920957510141,0.979520573153967,-0.0356735353055211
0.105342238135529,-1.72390802736046,-31.4341053301066,0.0755138066763312,-14.108914319276,0.934129385797286,-0.0454162842601177
0.107617519574112,-1.73078156867856,-31.442097841315,0.0952868722411997,-14.1261382628851,0.886607909864867,-0.0547226223558694
0.109743060885781,-1.7374497095821,-31.4497821049271,0.114762840564769,-14.1438237805445,0.837052723262343,-0.0635898408300335
0.111721844844611,-1.74390573889704,-31.4570928346807,0.13390763355708,-14.1620109993378,0.78557102579469,-0.0719953942824934
0.113557017913277,-1.75014324913913,-31.4639867874671,0.152687756214223,-14.1807244739328,0.732278875919081,-0.0798991194062932
0.115251512893326,-1.75615609089234,-31.4704391493608,0.171070419737046,-14.1999747325246,0.677299599340182,-0.0872464616526343
0.116807796507,-1.76193831577973,-31.4764392808702,0.189023668962992,-14.2197602966895,0.620762433013565,-0.0939722620879229
0.118227726338982,-1.76748411468602,-31.4819866385205,0.206516503422749,-14.2400697844625,0.562801387779791,-0.100004793683429
0.119512491667508,-1.77278775565038,-31.4870873102293,0.223518983990736,-14.2608838944263,0.50355427357723,-0.105269859943116
0.120662612326377,-1.77784352392706,-31.4917513131248,0.240002319227395,-14.2821772071673,0.44316182283882,-0.10969484801512
0.121677973897094,-1.78264566535679,-31.4959906261558,0.255938926802152,-14.3039198183324,0.381766855877184,-0.113212662854444
0.122557882860269,-1.78718833333016,-31.4998178448209,0.271302466057263,-14.3260788468819,0.319513445575659,-0.115765471595848
0.123301130117503,-1.79146553906786,-31.5032453196418,0.286067838154462,-14.348619861312,0.256546050967326,-0.117308173235485
0.1239060548935,-1.79547110427941,-31.5062846463196,0.300211149785852,-14.3715082504679,0.193008600999442,-0.117811490607813
0.124370603506799,-1.79919861471118,-31.5089463959014,0.313709636385073,-14.3947105469835,0.12904351633582,-0.117264568982954
0.124692378979946,-1.80264137216987,-31.5112399968579,0.326541539787621,-14.4181956953069,0.0647906646370116,-0.115676964193707
0.12486867824156,-1.80579234154672,-31.5131737027692,0.338685934224951,-14.4419362473818,0.000386250905977606,-0.113079916594815
0.124896513917019,-1.80864408787136,-31.5147545969989,0.350122492284369,-14.4659094665224,-0.0640383449786052,-0.10952683633899
0.124772617619751,-1.81118869676412,-31.515988599107,0.360831179822371,-14.4900983243428,-0.128357759343254,-0.10509296920748
0.124493421411073,-1.81341766947247,-31.5168804469871,0.370791863972101,-14.5144923807997,-0.192453815313537,-0.0998742677761645
0.124055014055544,-1.81532178160887,-31.5174336350689,0.379983812758196,-14.5390885414517,-0.256216588358577,-0.0939855553515517
0.123453069426357,-1.8168908930126,-31.5176502936258,0.388385057486652,-14.5638916793669,-0.319545220631262,-0.0875581345700507
0.1226827470634,-1.81811369630254,-31.5175309994712,0.395971581777968,-14.5889150810148,-0.382348235956081,-0.0807370527371437
0.121738571341877,-1.81897739672946,-31.5170745174048,0.402716299296872,-14.6141806139092,-0.444542953885415,-0.0736782830156564
0.120614308880002,-1.81946733106942,-31.5162774893648,0.408587796091808,-14.6397184027328,-0.506053386367842,-0.0665461006357832
0.119302886693187,-1.81956656692481,-31.5151341200586,0.413548865411549,-14.6655656442041,-0.566805778149957,-0.059510897876754
0.117796425412631,-1.81925558354678,-31.5136359555898,0.417554985104834,-14.6917640496784,-0.626720913313873,-0.0527475393647065
0.116086490204024,-1.81851221528342,-31.5117719015399,0.420553099418397,-14.7183554411819,-0.685702834912449,-0.0464340508130597
0.114164651539558,-1.81731209549092,-31.5095286319501,0.422481319209588,-14.7453755392356,-0.743625234447477,-0.0407499568534395
0.112023353942655,-1.81562977957757,-31.5068914298976,0.423270239977345,-14.7728470975699,-0.800319314222063,-0.0358731616627013
0.109656914459464,-1.81344047676304,-31.5038452549203,0.42284620620322,-14.800774760266,-0.855568769227562,-0.0319743945329819
0.107062330515571,-1.8107219767499,-31.5003755980831,0.421136001328927,-14.8291440572284,-0.909115930715917,-0.0292092960859248
0.104239623920015,-1.8074562015623,-31.4964686980945,0.418071683139033,-14.8579251493098,-0.960677790851988,-0.0277097040862085
0.101191676405446,-1.80363001499375,-31.4921109875975,0.413594297419683,-14.8870795685143,-1.00996565611959,-0.0275764066658788
0.0979237262675214,-1.79923529990907,-31.4872879604881,0.407655938699982,-14.9165672765594,-1.05670170051538,-0.028874990269588
0.0944427495127378,-1.79426856199142,-31.4819827627977,0.400220396757545,-14.9463522011196,-1.1006290207393,-0.0316351054559953
0.0907568766140208,-1.78873034301592,-31.4761747250688,0.391262955378371,-14.9764057670386,-1.1415153734531,-0.0358524769973025
0.0868749018413222,-1.7826246306744,-31.4698379158514,0.380769847879592,-15.0067087992599,-1.17915252035625,-0.0414926289408209
0.0828058826653833,-1.77595834989586,-31.4629396975281,0.368737675595507,-15.0372524048135,-1.21335322692804,-0.0484953797002374
0.0785588030693402,-1.76874095598729,-31.4554392211544,0.355172923292512,-15.0680383398316,-1.24394740354454,-0.0567794076734659
0.0741422710816118,-1.76098412103598,-31.4472857904931,0.34009160278763,-15.0990791829215,-1.2707782694418,-0.0662464382940934
0.0695642240338941,-1.75270149690046,-31.4384170419646,0.323519008061172,-15.1303984806455,-1.29369898553733,-0.0767848137847896
0.0648316184898219,-1.74390853932786,-31.4287569243692,0.305489547842035,-15.1620309214496,-1.31256994708081,-0.088272384121479
0.0599500834086923,-1.73462238215753,-31.4182135302404,0.286046617424598,-15.1940225123097,-1.32725679619333,-0.100578824059823
0.0549235154954517,-1.72486175653262,-31.4066769544911,0.265242471993414,-15.2264306463632,-1.3376291535543,-0.113567658083204
0.0497535958358211,-1.71464695579161,-31.3940175755145,0.243138061402554,-15.2593238322602,-1.34356004492801,-0.127098480397716
0.0444392111213237,-1.70399985380943,-31.3800855322774,0.219802781150453,-15.2927806653715,-1.34492598642531,-0.141030088022078
0.038975776800818,-1.69294399093154,-31.3647127826614,0.19531408011554,-15.3268873259953,-1.34160768158821,-0.155225462790133
0.0333544964602284,-1.68150474742617,-31.347720030908,0.169756845369488,-15.3617324630883,-1.3334912611823,-0.169559609605109
0.0275616699251864,-1.66970962299785,-31.3289319237862,0.143222458710453,-15.3973978224894,-1.32046995903324,-0.183930883937825
0.0215783038811529,-1.65758862115631,-31.308204756728,0.11580740486662,-15.4339426634547,-1.30244606622715,-0.198275064539099
0.0153804853436295,-1.64517467906256,-31.2854701958502,0.0876113453153173,-15.4713805422156,-1.27933296861619,-0.212578305243108
0.00894117740464284,-1.63250396751179,-31.2607938294909,0.0587347184588672,-15.5096495832618,-1.25105712065051,-0.226879923685805
0.00223406469277599,-1.61961573002805,-31.2344364047659,0.029276242181863,-15.5485829234015,-1.21756005593331,-0.24125053678746
-0.00476054088052156,-1.60655125167039,-31.2068903804801,-0.000668892321758712,-15.5878933522863,-1.17880102355185,-0.255731221518
-0.0120490567768079,-1.59335176761354,-31.1788568455445,-0.0310091619305704,-15.6271891889591,-1.13476128404205,-0.27023344907887
-0.0196199080661131,-1.58005573982612,-31.1511457841246,-0.0616547026393477,-15.6660285818586,-1.08545080457766,-0.284427668054654
-0.0274432471738644,-1.56669656932038,-31.1245268678065,-0.0925138064136226,-15.7039972458198,-1.03091664806067,-0.297671157138072
-0.0354754283873492,-1.55330176737031,-31.0995943656216,-0.123489526151584,-15.7407775849291,-0.971250670728712,-0.309016590730449
-0.0436659441418282,-1.5398937472082,-31.0767005719751,-0.154477844319318,-15.7761830899625,-0.90659392937815,-0.317303042241858
-0.0519637791144561,-1.52649150961079,-31.0559661961067,-0.185367821946009,-15.8101550809731,-0.837136826224866,-0.321295174131483
-0.0603214032121953,-1.51311232267254,-31.0373376364399,-0.216043241616415,-15.8427371863494,-0.763116060874528,-0.319829950131269
-0.0686962986236036,-1.49977292089459,-31.0206543786964,-0.246385079538556,-15.8740452476665,-0.684810538404093,-0.311945667640197
-0.0770508042020832,-1.48649022364037,-31.0057041251675,-0.276274434121267,-15.9042426891984,-0.602538323555032,-0.296984683883208
-0.0853511418560501,-1.47328179114186,-30.9922593331707,-0.305595807690698,-15.9335234000596,-0.516655984822309,-0.274668866594606
-0.0935662333693934,-1.46016621859104,-30.9800978639477,-0.334240646902132,-15.9620998973278,-0.427560591668246,-0.245147168013798
-0.101666658023952,-1.44716354552322,-30.9690130455926,-0.362110835192306,-15.9901934848328,-0.335693388344725,-0.209012480785129
-0.109623937820361,-1.4342956304515,-30.9588178256142,-0.389121562228711,-16.0180237493473,-0.241542978176807,-0.167283341763266
-0.117410237620231,-1.421586367015,-30.9493461361156,-0.415202854231057,-16.0457960642276,-0.145645099449774,-0.121346907079414
-0.12499848068772,-1.40906162294553,-30.9404531487549,-0.440299180526659,-16.0736874116339,-0.0485762371087572,-0.0728639172783269
-0.132362783221743,-1.39674886396879,-30.9320150622187,-0.46436698835265,-16.1018324986061,0.0490603032109181,-0.0236438294137236
-0.139479025285633,-1.38467654148603,-30.9239284707909,-0.487370629082283,-16.1303133083018,0.146654896272767,0.0244935187215901
-0.146325343021097,-1.37287341305231,-30.9161091548054,-0.509277653439995,-16.1591552447683,0.243615348339893,0.0698485199331725
-0.152882374257599,-1.36136797813778,-30.9084902054219,-0.530054611608124,-16.1883316153001,0.33938933851926,0.110945204246094
-0.159133196597429,-1.35018814632309,-30.90101959266,-0.549664224705644,-16.2177758440424,0.433481484182872,0.146595799451003
-0.165063009298928,-1.33936115403339,-30.8936574505608,-0.568064261812088,-16.2473986220412,0.525462824934266,0.175924878921464
-0.170658676948577,-1.32891366391021,-30.8863733971939,-0.585207929396801,-16.2771061594522,0.614972731965778,0.198359418099022
-0.175908258330659,-1.31887194708171,-30.879144132774,-0.601045256181112,-16.3068160868245,0.701714881958584,0.213594674523924
-0.180800605770554,-1.30926206004772,-30.8719514297385,-0.615524882378629,-16.336468889842,0.785449602487478,0.221545703729625
-0.185325068572191,-1.30010996401472,-30.8647805119545,-0.6285957685563,-16.3660343092984,0.86598474782127,0.222292345122585
-0.189471291608607,-1.29144157493242,-30.8576187525879,-0.640208518877993,-16.3955133287001,0.943166681483005,0.216023194336582
-0.193229075612755,-1.28328276462276,-30.85045460193,-0.650316180496155,-16.4249370015625,1.01687227969857,0.202982129840393
-0.196588256732985,-1.27565935445989,-30.8432766685845,-0.658874488172986,-16.4543635152223,1.08700232750604,0.183419460639805
-0.199538561774192,-1.26859715676676,-30.8360728987468,-0.665841557800465,-16.4838747388266,1.15347631096194,0.157548547655108
-0.202069393892209,-1.26212213351288,-30.8288298173731,-0.671177001372874,-16.5135732336725,1.21622836756642,0.125507679593654
-0.20416949531088,-1.25626076753346,-30.8215318156928,-0.674840357610183,-16.5435804024466,1.27520393488181,0.0873260349162258
-0.205826417686839,-1.25104079107774,-30.8141605211075,-0.676788642540193,-16.5740360668516,1.33035625361901,0.0428919448664894
-0.207025721505091,-1.24649249451805,-30.8066944442996,-0.676972825696886,-16.6050990006645,1.38164107917046,-0.00807785222281745
-0.2077498856369,-1.24265089478313,-30.7991095143428,-0.675333430189404,-16.6369461410444,1.42900657109918,-0.0660656795008962
-0.207977206653207,-1.23955883433479,-30.7913819175601,-0.671796891758156,-16.66976461709,1.47237433390145,-0.131764487444117
-0.207681726843954,-1.23726999207568,-30.7834952675584,-0.666277207405461,-16.703727434488,1.5116120982251,-0.206044403339515
-0.206835993187783,-1.23584860857025,-30.7754520164731,-0.658688695020044,-16.7389512800223,1.54651700841128,-0.289847210886427
-0.205417127670278,-1.23536250386981,-30.7672827830824,-0.648967434487867,-16.7754609518964,1.57684711196984,-0.384041996558839
-0.203412981779364,-1.23587172870148,-30.7590458614326,-0.637085724435537,-16.8131928589639,1.60240725910549,-0.489331545524195
-0.200824598630875,-1.23742001485552,-30.7508188457321,-0.623048828954243,-16.8520290945059,1.62313629888965,-0.60623086539367
-0.19766498483064,-1.24003190815241,-30.742689121831,-0.6068805808787,-16.8918287431749,1.6391516208122,-0.735054796421442
-0.193956147743205,-1.24371315001678,-30.7347442303562,-0.588608629604305,-16.9324439796095,1.65075523528795,-0.875874613524351
-0.189725520213387,-1.24845176591473,-30.7270589064412,-0.568254851513979,-16.9737273333855,1.65842071041716,-1.02845275110373
-0.185002013655769,-1.25421915417711,-30.7196765328607,-0.545832954149105,-17.0155378079151,1.66277234574208,-1.19218191614555
-0.17981184452167,-1.2609715905242,-30.7125859326899,-0.521354158740053,-17.0577495218929,1.66456147838216,-1.36605464755198
-0.174174587275527,-1.26865278991357,-30.7056980539297,-0.494840559421469,-17.100263400005,1.66464333787637,-1.54868552779158
-0.168100212824228,-1.27719780108931,-30.6988297697622,-0.466343493917443,-17.143020409512,1.66395715045905,-1.73839974745346
-0.161587886852728,-1.28653782305138,-30.6917017847519,-0.435961878843961,-17.1860134903382,1.66350918888763,-1.93338355431808
-0.154626887229361,-1.29660491604056,-30.6839533080206,-0.403854703960745,-17.2292949217357,1.66435357202736,-2.13186483696296
-0.147199298869423,-1.30733547453373,-30.675169477274,-0.370243894890042,-17.2729767970842,1.66756230241758,-2.33226752034854
-0.139283598587552,-1.3186718799679,-30.6649130948816,-0.335407645067261,-17.3172241030489,1.67417787846537,-2.5332792477238
-0.130858269699864,-1.33056259215349,-30.6527536920929,-0.299667451224965,-17.3622413258206,1.68514900985811,-2.73379584148418
-0.121905172740866,-1.34296148240525,-30.6382929968641,-0.263372403403203,-17.40825366119,1.70125882954369,-2.93274812591678
-0.112413045945537,-1.35582713949836,-30.6211912151227,-0.226882184605938,-17.4554834880972,1.72306098158187,-3.12885835783357
-0.102381596565217,-1.36912232840597,-30.6011985718855,-0.190548104471061,-17.5041234283039,1.75083941326326,-3.32040038655047
-0.0918259247248726,-1.38281318097335,-30.5781915316172,-0.154691654842497,-17.5543094672294,1.78460246766819,-3.50504007840357
-0.0807799707844347,-1.39686752882976,-30.5522080105272,-0.119582926624055,-17.606099161747,1.82411313531746,-3.67980521948165
-0.0692973142342739,-1.41125231452361,-30.523475289327,-0.0854245795920843,-17.6594586219293,1.86894893410483,-3.84118718215855
-0.0574486046186068,-1.42593099003895,-30.4924258077588,-0.0523477303922455,-17.7142592834518,1.91858011265772,-3.98533756035335
-0.0453165386503339,-1.44086247362273,-30.459691797866,-0.0204228861020902,-17.7702859569765,1.97245418295139,-4.10830943664782
-0.0329901920807996,-1.45600277049427,-30.4260604330305,0.0103163448691501,-17.8272610055985,2.03007639916538,-4.20629313974081
-0.0205599677760395,-1.47130868736586,-30.3923750484293,0.0398436058353702,-17.8848869755033,2.09107782023992,-4.27579809740196
-0.00811326097665291,-1.48674146721644,-30.3593995817992,0.0681123818517178,-17.9428955634872,2.15526427202771,-4.31375363233307
0.00426949507695492,-1.50226840017935,-30.3276980469967,0.0950364343666507,-18.0010767253226,2.2226406210608,-4.31755436859269
0.0165182923174899,-1.51786234442873,-30.2975755817775,0.120479390349662,-18.0592669338859,2.29340396517477,-4.28512214059459
0.0285759071052958,-1.53350039920286,-30.269086851246,0.144252415538345,-18.1172970712758,2.36789580952225,-4.21505286729686
0.0403982841855943,-1.54916248799184,-30.2420871166619,0.166120240351255,-18.1749194727392,2.44650041367501,-4.10687684964811
0.0519517887248521,-1.56482920105198,-30.2163027752894,0.185819505688218,-18.2317444960448,2.52948180707808,-3.96142997389615
0.0632061757914911,-1.58047719798125,-30.1914156810143,0.20309576807856,-18.2872267081426,2.61677477454533,-3.78134037575419
0.0741235589400108,-1.59607072469245,-30.1671651629522,0.217761390925965,-18.3407459861695,2.70779375878223,-3.57165390661083
0.0846473842689831,-1.61155059527506,-30.1434559213671,0.229761273316371,-18.3918012034682,2.80138956729572,-3.3405121273595
0.0946997845739447,-1.62682770054929,-30.1204183603445,0.239209786530617,-18.4402427897843,2.89609612303378,-3.0993967747557
0.104194292123701,-1.64179105097064,-30.0983501858474,0.246354808450087,-18.4863701208092,2.99063934997971,-2.86211826677609
0.113058530152658,-1.65633036976702,-30.0775491694543,0.251469312133942,-18.5307816222491,3.08438415268458,-2.64244208991685
0.121249950492769,-1.67035730055686,-30.0581632306971,0.254740427329804,-18.574100448686,3.17738023273721,-2.45169062967866
0.128754802651082,-1.68381103126281,-30.0401613178124,0.256226539749751,-18.6167968308852,3.2700529099116,-2.29768581720043
0.135576473933941,-1.69665054220079,-30.0234034405304,0.255884393849268,-18.6591740098347,3.36284550287095,-2.1849945002482
0.141723757115163,-1.70884350138264,-30.0077328869039,0.253623943181737,-18.7014368145844,3.45600417718731,-2.11566670492063
0.147203850150114,-1.72035821068069,-29.9930418539351,0.249356483628594,-18.7437566482214,3.54950010980951,-2.08989341997463
0.152019378484793,-1.73115999546624,-29.9792986349294,0.243025078854459,-18.786300209892,3.64301328937049,-2.10640822068074
0.156166985957621,-1.7412112301761,-29.9665410990604,0.234620896776693,-18.8292258252613,3.73592498037901,-2.16264963315782
0.159635888780063,-1.75047388015116,-29.954845119216,0.224192322069857,-18.8726621945282,3.82731008780303,-2.25476743717012
0.162406630873393,-1.75891355821319,-29.9442786133176,0.211849867850156,-18.9166835297905,3.91595428834617,-2.37760299422035
0.164451810378864,-1.76650393427545,-29.9348558917038,0.197764022700603,-18.9612921230009,4.00043300072147,-2.52481587358307
0.165740456047081,-1.77322999388253,-29.9265094670178,0.182150912931702,-19.0064162440256,4.07927067915093,-2.68930129556488
0.166245524463079,-1.7790888308676,-29.9190903081148,0.165245855729893,-19.0519257507328,4.15115127042618,-2.86388316063366
0.165951386881455,-1.78408783736343,-29.912392444859,0.147273828352133,-19.0976600512767,4.21510798358452,-3.04205702881421
0.164857933493425,-1.7882415374419,-29.9061854634047,0.12842885136108,-19.1434582654381,4.2706263733681,-3.21850005397606
0.162980283938713,-1.79156864330423,-29.9002392586244,0.108867758277522,-19.1891831948893,4.3176444683164,-3.38922210958977
0.160345514301345,-1.79409015698907,-29.8943355779559,0.0887151457467158,-19.2347357328954,4.35647891682407,-3.55143135706657
0.156988485781631,-1.7958284911241,-29.8882698065255,0.0680728591373197,-19.2800598977746,4.38771849581587,-3.70326781950286
0.152948202086864,-1.79680723948051,-29.8818495476041,0.0470290373940622,-19.3251399247663,4.4121160683315,-3.84352732627504
0.148265234288763,-1.79705125604987,-29.8748954978084,0.0256647051260708,-19.3699911969577,4.43049575609622,-3.97143576758892
0.1429801835534,-1.79658679349066,-29.8672473527442,0.00405783262417705,-19.4146470944493,4.44368168928378,-4.08648759560012
0.137132924204333,-1.79544150675917,-29.8587742352224,-0.0177145109367802,-19.4591442316631,4.45244858232342,-4.18833987829361
0.130762338098764,-1.79364419781132,-29.8493862957455,-0.0395752285785716,-19.5035088420677,4.45749119543422,-4.2767463890781
0.12390629857559,-1.79122430312824,-29.8390428846568,-0.0614469374460928,-19.5477468327526,4.45940838643634,-4.35151758979604
0.116601729652429,-1.78821126137988,-29.8277538436665,-0.0832519705742375,-19.5918389593479,4.45869725616222,-4.4124968089956
0.108884634295815,-1.78463395771966,-29.8155733791102,-0.104912356928679,-19.6357409402666,4.45575340688646,-4.45954722330021
0.100790044796559,-1.78052038901317,-29.802588797315,-0.126349620426387,-19.6793869546908,4.4508742251633,-4.49254700639031
0.0923518897511689,-1.77589757752231,-29.7889075418765,-0.147484346605454,-19.7226945098449,4.44426305935227,-4.5113912761581
0.083602793387774,-1.77079165617202,-29.7746453405398,-0.168235549078772,-19.7655691078775,4.43603297479874,-4.51599994592503
0.0745738308321795,-1.76522800082776,-29.7599167991584,-0.188519928589878,-19.8079079887523,4.42620937816991,-4.5063308221004
0.0652942673779128,-1.75923129145674,-29.744828472419,-0.20825116903689,-19.8496029820026,4.41473127082183,-4.48239745157507
0.0557913177074273,-1.75282542044476,-29.729473754512,-0.227339468488311,-19.8905429538338,4.40145132359294,-4.44429124748692
0.0460899736963146,-1.74603321238377,-29.7139288464969,-0.245691556788041,-19.9306165047919,4.38613544646979,-4.39220725053581
0.0362129635648667,-1.73887596687676,-29.6982493583488,-0.263211486727956,-19.9697155564278,4.36846309412913,-4.32647255626784
0.0261809127946602,-1.7313728823856,-29.6824675766471,-0.279802475092991,-20.0077403498141,4.34803017572369,-4.24757609951065
0.0160127712524539,-1.723540464929,-29.6665909045081,-0.29536997818285,-20.0446061949734,4.32435701667625,-4.15619836936978
0.00572654418223379,-1.71539206589935,-29.6506023113085,-0.309825995286798,-20.0802520554175,4.296904141092,-4.0532399939868
-0.00465968384982225,-1.70693772015595,-29.6344636874748,-0.323094314265687,-20.1146506922946,4.26509841258741,-3.93984914621491
-0.0151265079233571,-1.69818445778595,-29.6181227025934,-0.335116100632328,-20.1478195915732,4.22837099370009,-3.81744917207142
-0.0256518893159261,-1.68913723161462,-29.6015231283074,-0.345854966846951,-20.1798312434619,4.18620651817997,-3.68776885106277
-0.0362099777721535,-1.67980052815972,-29.5846177217213,-0.355300519877701,-20.2108206222198,4.13819996088153,-3.55287652773761
-0.0467703288909299,-1.67018060282517,-29.5673818284798,-0.363469408500951,-20.2409871522535,4.08411440821584,-3.41521400523804
-0.0572978047000089,-1.66028809006647,-29.549825010463,-0.370403096619597,-20.2705884297075,4.02392998197095,-3.27761596639626
-0.0677534122970064,-1.65014049899376,-29.5319974684837,-0.376162042248959,-20.2999239458361,3.95787248596019,-3.14328930053501
-0.078096164141966,-1.63976390184707,-29.5139883194073,-0.380816784373485,-20.3293092985946,3.88641130680014,-3.015723236164
-0.0882856933750054,-1.62919313093606,-29.4959145416065,-0.384437609796968,-20.3590446068609,3.81022129301429,-2.89851614313111
-0.098284941633929,-1.61847017454394,-29.4779026354128,-0.387085510601355,-20.3893838712692,3.73011295350184,-2.79513854216962
-0.10806204392034,-1.60764112397381,-29.4600683202909,-0.388807199452064,-20.4205130175568,3.64694594009292,-2.70868548964866
-0.117590794117671,-1.59675259952721,-29.4425006691615,-0.389635567438349,-20.4525420696248,3.56154624172726,-2.64167879179571
-0.126849672399212,-1.58584870345869,-29.4252550506681,-0.38959477522144,-20.4855120267887,3.47464411073393,-2.59595313142719
-0.135819967270979,-1.57496919883062,-29.4083555933022,-0.388707445017168,-20.519411971549,3.38684009445688,-2.57262055911038
-0.144483741693826,-1.56414910534195,-29.3918049474446,-0.387000959328837,-20.5541990216753,3.29859702884306,-2.57208142617578
-0.152822290909235,-1.55341952991084,-29.3755979956329,-0.384510510048479,-20.5898137702036,3.21025096110246,-2.59404645730746
-0.16081550890588,-1.5428093716717,-29.359736341131,-0.381277684370875,-20.626186282185,3.12203402481914,-2.63754732688668
-0.168442358814896,-1.53234745363669,-29.3442408725206,-0.377344629219242,-20.6632315598555,3.03410498877052,-2.70093143888226
-0.175682434625122,-1.52206453118773,-29.3291599172689,-0.372745140262177,-20.7008377864912,2.94658572293736,-2.78185489894292
-0.18251833654638,-1.51199451813961,-29.3145706952494,-0.367495348463954,-20.7388546207979,2.85960199964228,-2.87730345150554
-0.18893823642236,-1.50217429565419,-29.3005727270553,-0.361587655817187,-20.7770906457724,2.77332411630511,-2.98367960255237
-0.194937720861931,-1.49264181168874,-29.2872741453589,-0.354991380569639,-20.8153266107272,2.68799839336121,-3.09698563360907
-0.200520051181053,-1.48343285865058,-29.2747749934219,-0.347661487725102,-20.8533436850067,2.6039587471023,-3.21309977947848
-0.205694547051587,-1.47457761305343,-29.2631536297629,-0.339553268115996,-20.890956946435,2.52161210541412,-3.32809700051566
-0.210473647257487,-1.46609821983496,-29.2524613129889,-0.330637918118174,-20.9280402081759,2.44140145193756,-3.43853670928285
-0.214869757477975,-1.45800819709439,-29.2427261526095,-0.320913741974655,-20.9645326788962,2.36375930473504,-3.54165170907742
-0.218892900391348,-1.45031358440092,-29.2339635032477,-0.310410190083934,-21.0004274019838,2.28906637740155,-3.6354163432075
-0.222549620804478,-1.4430151333433,-29.2261880503707,-0.299185187921467,-21.0357489262323,2.21762503503275,-3.71851464008754
-0.225843025211344,-1.43611070893387,-29.2194236085,-0.287318255703456,-21.0705294319345,2.14964972404383,-3.79024823532545
-0.228773539807974,-1.42959730361594,-29.2137086719641,-0.274902259040448,-21.104789842888,2.08527115188988,-3.85042039332787
-0.231339953861098,-1.42347239995306,-29.2090976075507,-0.262035880789944,-21.138528525052,2.02454889758054,-3.89921968595717
-0.233540441149066,-1.41773467888208,-29.2056584211053,-0.248817868652667,-21.1717172189727,1.96748745642997,-3.93711505103356
-0.235373400538881,-1.41238420842386,-29.2034683039229,-0.235343277143494,-21.2043024403701,1.91405211754141,-3.96476645372668
-0.236838069565293,-1.4074222855005,-29.202607984087,-0.221701429450524,-21.2362103366948,1.86418260044434,-3.98295160204935
-0.237934931030495,-1.40285108238096,-29.203155582462,-0.207975124439962,-21.2673533347454,1.8178035920605,-3.99250759015142
-0.238665960718145,-1.39867320699007,-29.2051804005388,-0.194240605011617,-21.2976374118999,1.7748321370401,-3.99428580504115
-0.239034768421767,-1.39489124314586,-29.2087369262164,-0.180567885258446,-21.3269692572672,1.73518227266424,-3.98911833947713
-0.239046674710782,-1.39150730537392,-29.2138593321111,-0.16702114736045,-21.355262872513,1.6987674875959,-3.97779422012134
-0.2387087498056,-1.388522624627,-29.2205568105806,-0.153659028262595,-21.3824453148463,1.66550160902967,-3.96104386990422
-0.238029823041772,-1.38593717563115,-29.2288101722896,-0.140534711978972,-21.4084613449854,1.63529867519297,-3.93953032140434
-0.237020455426425,-1.38374935900283,-29.238570162591,-0.127695819751871,-21.4332767724236,1.6080722690499,-3.91384577002248
-0.235692857214473,-1.38195575801704,-29.2497578667975,-0.115184152026589,-21.4568803254559,1.58373471097609,-3.88451212370019
-0.234060730535888,-1.38055099453687,-29.2622673620425,-0.103035378614737,-21.4792839508283,1.5621964268678,-3.85198430567719
-0.232139025464686,-1.37952770667619,-29.2759704571571,-0.0912787947310559,-21.5005215702463,1.54336572032398,-3.81665523359657
-0.22994361484845,-1.37887665940234,-29.2907230204411,-0.0799372552681812,-21.520646474016,1.52714907073432,-3.77886163693351
-0.22749091326512,-1.37858698007596,-29.3063721313065,-0.0690273671486757,-21.5397276803894,1.51345195568981,-3.73889015267276
-0.224797480715191,-1.3786464895835,-29.3227631940988,-0.0585599650335772,-21.5578456950971,1.50218007316691,-3.6969833916061
-0.221879655941594,-1.37904208417337,-29.3397462485321,-0.048540835201059,-21.5750881368368,1.49324075012776,-3.65334584307692
-0.218753255826445,-1.37976011900283,-29.357180958972,-0.0389716032093672,-21.5915456462866,1.48654429452111,-3.60814956244132
-0.215433360659069,-1.3807867523712,-29.3749400687285,-0.0298506789782326,-21.6073083830763,1.48200508494339,-3.56153959665171
-0.211934186869986,-1.38210822514585,-29.3929113735818,-0.0211741594933526,-21.6224632746865,1.47954227381102,-3.5136390907864
-0.208269035097333,-1.38371106664271,-29.410998443973,-0.0129366169282857,-21.6370920489919,1.47908007295829,-3.46455401963368
-0.204450294698997,-1.38558223119842,-29.4291203991774,-0.00513173528488597,-21.6512699833274,1.48054766551591,-3.41437751352912
-0.200489485085204,-1.38770917698945,-29.4472110344262,0.00224721017083773,-21.6650652468077,1.48387883079092,-3.36319378399594
-0.196397317142597,-1.39007990098169,-29.4652175572302,0.00920701510923416,-21.6785386939953,1.4890113814794,-3.31108168720619
-0.192183762488219,-1.39268294285473,-29.4830991289868,0.0157543231956093,-21.6917439744655,1.49588650418002,-3.2581179854923
-0.187858122280076,-1.39550736837333,-29.5008253517431,0.0218954888171281,-21.7047278443008,1.50444807586624,-3.20438037009786
-0.183429090834545,-1.39854273982132,-29.5183747919989,0.027636498282207,-21.7175305904672,1.5146420081413,-3.14995030391985
-0.178904811393179,-1.40177907889359,-29.5357335989377,0.0329829275476886,-21.7301865046251,1.52641565323085,-3.0949157247519
-0.174292923093384,-1.40520682554301,-29.552894248274,0.037939919801322,-21.7427243635622,1.53971729124491,-3.03937363282263
-0.169600599092186,-1.40881679507881,-29.569854425768,0.0425121716671442,-21.7551678904338,1.55449570820085,-2.98343256546668
-0.164834576393763,-1.41260013502222,-29.5866160528691,0.0467039214295264,-21.7675361834656,1.57069986758363,-2.9272149422033
-0.160001178450627,-1.41654828265092,-29.6031844490626,0.0505189363979871,-21.7798441072514,1.58827867352574,-2.87085924684549
-0.155106331765307,-1.42065292399267,-29.6195676213406,0.0539604997252006,-21.7921026479713,1.60718082144886,-2.81452199576839
-0.150155578150711,-1.42490595472566,-29.6357756677383,0.0570313991348871,-21.8043192369147,1.62735472974978,-2.75837943095331
-0.145154084276886,-1.42929944357136,-29.6518202806727,0.059733921761436,-21.816498049321,1.64874854591206,-2.70262886452641
-0.140106650386926,-1.43382559850419,-29.667714336659,0.062069860414366,-21.8286402853035,1.67131022007721,-2.64748960306267
-0.13501772001734,-1.43847673650477,-29.6834715547822,0.06404053636079,-21.8407444415641,1.69498763817586,-2.59320337520938
-0.129891392419323,-1.44324525736946,-29.6991062113603,0.0656468439915336,-21.8528065809798,1.7197288085081,-2.54003420445055
-0.124731439076016,-1.44812362211217,-29.7146328965796,0.0668893207864339,-21.864820607459,1.74548209770217,-2.48826768371509
-0.119541325538781,-1.45310433684268,-29.7300663011739,0.0677682455398577,-21.8767785531076,1.77219650893684,-2.43820963842399
-0.114324239173895,-1.4581799427072,-29.7454210224061,0.0682837647424994,-21.8886708843056,1.79982199985491,-2.39018419508293
-0.10908312295723,-1.46334301256549,-29.7607113816406,0.0684360453463804,-21.9004868326691,1.82830983644346,-2.34453130847544
-0.103820714940751,-1.46858615493898,-29.7759512485902,0.0682254499958492,-21.912214755978,1.85761297920661,-2.30160383270594
-0.0985395926352836,-1.47390202553447,-29.7911538704451,0.0676527291920627,-21.9238425327026,1.88768649652797,-2.26176424662644
-0.0932422212979209,-1.47928334637276,-29.8063317073612,0.0667192239330632,-21.9353579918988,1.91848799764005,-2.22538115711142
-0.0879310049746716,-1.48472293229104,-29.8214962790462,0.0654270722456106,-21.9467493780926,1.94997807435552,-2.19282570100372
-0.0826083393784998,-1.49021372410545,-29.8366580294598,0.0637794137274527,-21.9580058479766,1.98212073539273,-2.16446794924132
-0.0772766659179816,-1.4957488273475,-29.8518262186742,0.0617805875629419,-21.9691179932184,2.01488381186685,-2.14067338367086
-0.0719385265871847,-1.50132155498682,-29.8670088519013,0.0594363211548072,-21.9800783811102,2.04823930645309,-2.12179947415265
-0.0665966197936929,-1.50692547198318,-29.8822126557344,0.0567539081247067,-21.9908821024504,2.082163652782,-2.10819233549421
-0.0612538574208949,-1.5125544388341,-29.8974431106613,0.0537423755229123,-22.0015273138672,2.1166378462497,-2.10018339671751
-0.0559134232804969,-1.51820265055867,-29.9127045469481,0.0504126401708409,-22.0120157597352,2.15164740364799,-2.09808597499029
-0.0505788326038846,-1.52386466666111,-29.9280003074466,0.0467776528241614,-22.0223532563667,2.18718210665942,-2.10219161862625
-0.0452539911171462,-1.52953542672853,-29.9433329756742,0.0428525259950781,-22.0325501182377,2.22323548474886,-2.11276607068659
-0.0399432505851385,-1.5352102454518,-29.9587046598318,0.0386546368050622,-22.0426215022461,2.25980399643143,-2.13004470813021
-0.0346514553853722,-1.54088478035735,-29.9741173131128,0.0342036902634928,-22.0525876416186,2.29688587601858,-2.15422732965347
-0.0293839720033057,-1.54655496549778,-29.989573056956,0.0295217215341412,-22.0624739359685,2.33447962544901,-2.18547219378856
-0.0241466904517617,-1.55221690531954,-30.0050744576701,0.0246330088735062,-22.0723108589741,2.37258214985075,-2.22388924079955
-0.0189459840980216,-1.55786672520641,-30.0206246893082,0.0195638634336389,-22.0821336408096,2.41118656157172,-2.26953246008629
-0.013788612956117,-1.56350037914053,-30.0362274997551,0.0143422598349654,-22.0919816799444,2.45027971182824,-2.32239138438224
-0.0086815560030941,-1.56911342084354,-30.0518868878507,0.00899727435873767,-22.101897640066,2.48983955415596,-2.38238170798519
-0.00363176161818035,-1.57470075256357,-30.0676064037094,0.00355830801654656,-22.1119261951394,2.52983250093005,-2.44933505876769
0.00135418714722377,-1.58025637493001,-30.0833880104745,-0.00194590845483558,-22.1221124028622,2.57021100423989,-2.52298804415392
0.00627048340912007,-1.58577317107731,-30.0992305018316,-0.00748850038949747,-22.1324997193269,2.6109116731328,-2.60297090118628
0.0111125570404463,-1.59124276650751,-30.1151275594752,-0.0130457580166738,-22.143127720546,2.65185431783873,-2.6887964693554
0.0158775379142517,-1.59665551019532,-30.1310656541602,-0.0185984531109616,-22.1540296720254,2.69294236317432,-2.77985079522756
0.0205646539925578,-1.60200061820869,-30.1470221225229,-0.0241330012353338,-22.1652301787622,2.73406505336839,-2.87538738995198
0.0251754824247076,-1.6072665048666,-30.1629638511679,-0.0296422742716538,-22.1767432336378,2.77510172765886,-2.97452776638523
0.0297139731908301,-1.61244129624255,-30.1788470165724,-0.0351258671885395,-22.1885710244497,2.81592814277904,-3.07627100517382
0.0341861893820797,-1.61751347957871,-30.1946182156874,-0.0405896721676198,-22.2007038147367,2.85642437107512,-3.1795143394578
0.0385997578867059,-1.62247260044149,-30.2102170670987,-0.0460447187262966,-22.2131210561528,2.89648331876332,-3.28308495114214
0.0429630891142008,-1.62730989268156,-30.2255800177335,-0.0515053830162284,-22.2257936402172,2.93601856697059,-3.3857806642844
0.047284483695657,-1.63201872893011,-30.2406447686627,-0.0569872111990117,-22.2386869300886,2.97497021993478,-3.48641484756233
0.0515712744726996,-1.63659481540834,-30.2553545620694,-0.0625046894166911,-22.2517640304948,3.01330781778283,-3.58385959143358
0.0558291404571011,-1.64103611301375,-30.2696616199933,-0.068069292440516,-22.2649887293219,3.0510300239338,-3.67708166931793
0.0600616811961708,-1.64534252559563,-30.2835292666547,-0.0736880577523485,-22.2783276792956,3.08816148655148,-3.76516770371232
0.0642702756553282,-1.64951543626739,-30.2969325954477,-0.0793627990707378,-22.2917516163373,3.12474776096383,-3.84733749478224
0.068454192500893,-1.65355718450548,-30.3098578386918,-0.0850899418475646,-22.3052356406469,3.16084934663314,-3.92294668537042
0.0726108835292376,-1.65747056448431,-30.3223007860266,-0.0908608692548853,-22.318758749581,3.19653577024266,-3.99148126626851
0.0767363816581391,-1.66125839948204,-30.3342646598686,-0.0966626231495235,-22.3323028848473,3.23188035756306,-4.05254680295059
0.0808257332323667,-1.66492321940525,-30.3457578219494,-0.102478803264715,-22.3458517541908,3.26695601215051,-4.10585496007922
0.0848734123843095,-1.6684670459058,-30.3567915981342,-0.108290533452519,-22.3593896400822,3.30183204894369,-4.1512092749827
0.0888736850871348,-1.67189127496001,-30.3673784081831,-0.114077400309447,-22.3729003439665,3.33657195236144,-4.18849146839371
0.0928209076181348,-1.6751966396866,-30.3775302974281,-0.11981830573157,-22.3863663540723,3.37123183960306,-4.21764903299703
0.0967097564104087,-1.67838323456995,-30.3872578992567,-0.125492204732249,-22.3997682768899,3.40585938877737,-4.23868445338631
0.100535393909432,-1.68145058414816,-30.3965698130876,-0.131078721530368,-22.4130845403455,3.4404930155511,-4.25164617160286
0.104293578575538,-1.68439774249696,-30.4054723578086,-0.1365586502473,-22.4262913574047,3.47516112729109,-4.25662127785406
0.107980728051391,-1.68722341350512,-30.4139696508974,-0.14191435336635,-22.4393629299268,3.50988133873415,-4.25372983902751
0.111593943551273,-1.68992608499599,-30.4220639623862,-0.147130072680833,-22.4522718693631,3.54465958751683,-4.24312074402554
0.115131001748861,-1.69250417192358,-30.429756296015,-0.15219216557686,-22.4649898105297,3.57948913902586,-4.22496892374095
0.1185903184118,-1.69495616493111,-30.4370471533687,-0.157089275387678,-22.4774881942801,3.61434951618403,-4.19947378032978
0.121970886353622,-1.69728078060841,-30.4439374382465,-0.161812439519121,-22.4897391931582,3.64920543229621,-4.16685862685448
0.125272189059349,-1.69947710879649,-30.4504294561345,-0.166355133722175,-22.5017167493035,3.68400584172263,-4.12737089223468
0.128494091147911,-1.70154475076873,-30.4565279580895,-0.170713246630094,-22.5133976871328,3.71868325600926,-4.08128278748358
0.131636707353097,-1.70348394016174,-30.4622411698111,-0.174884975725548,-22.5247628538213,3.7531534948501,-4.02889206777857
0.134700253233247,-1.70529563690361,-30.4675817382142,-0.178870635507993,-22.5357982309679,3.7873160498996,-3.97052247355375
0.137684882970893,-1.70698158358912,-30.4725675223247,-0.182672371146562,-22.5464959525037,3.82105522660076,-3.90652341391844
0.140590521953044,-1.70854431439355,-30.4772221565047,-0.186293776526084,-22.5568551592992,3.85424218818851,-3.83726849181738
0.143416703913036,-1.70998710923643,-30.4815753254023,-0.189739424137164,-22.5668826232373,3.88673795589826,-3.76315257714497
0.146162423325658,-1.71131389037461,-30.4856627125696,-0.19301432413837,-22.5765930837294,3.918397320679,-3.68458732040084
0.148826013292122,-1.71252906458416,-30.4895256175216,-0.196123339601047,-22.5860092596955,3.94907351065213,-3.6019952384459
0.151405056816253,-1.7136373203026,-30.4932102737067,-0.199070591709001,-22.5951615274707,3.97862335179506,-3.51580275799833
0.15389633566896,-1.71464339425317,-30.4967669354533,-0.201858890844678,-22.6040872873342,4.00691258286518,-3.42643280733065
0.156295816406538,-1.71555182473849,-30.5002488272299,-0.20448922582371,-22.6128300723678,4.03382095541333,-3.33429765585357
0.15859866877613,-1.71636670841535,-30.503711058443,-0.206960334967032,-22.6214384787992,4.05924677716618,-3.2397926771006
0.160799308287898,-1.71709147399812,-30.507209599829,-0.209268370840317,-22.6299650117647,4.08311063277212,-3.14329156886847
0.162891452803825,-1.71772868102615,-30.5108003968676,-0.211406658135662,-22.6384649433377,4.1053581237744,-3.04514334122057
0.164868182485944,-1.71827984589725,-30.5145386678397,-0.213365533585615,-22.6469952710717,4.12596158531219,-2.9456711417089
0.166721992974423,-1.71874529211437,-30.5184784062487,-0.215132249487007,-22.6556138477549,4.14492083971844,-2.84517278593268
0.168444832554885,-1.71912401795833,-30.5226720843416,-0.216690918686777,-22.664378728998,4.16226312263889,-2.74392274963047
0.170028115022654,-1.71941357299099,-30.5271705384764,-0.218022478608261,-22.6733477571366,4.17804236322202,-2.64217537316285
0.171462700772724,-1.71960993491332,-30.5320230059514,-0.219104654693588,-22.6825783670058,4.19233801840099,-2.54016914295661
0.172738839816443,-1.71970738047179,-30.5372772705415,-0.219911910222907,-22.692127557396,4.20525365816977,-2.43813215241439
0.173846073978241,-1.71969834909866,-30.5429798536759,-0.220415383080906,-22.702051918577,4.21691548479742,-2.3362891526813
0.174773103614951,-1.71957330727405,-30.5491761506212,-0.220582835575777,-22.7124075331524,4.22747093918767,-2.23487094676705
0.175507641150769,-1.71932063756798,-30.5559103581609,-0.220378688032288,-22.7232494839435,4.23708750173397,-2.13412702973751
0.176036301285834,-1.71892659990707,-30.5632249900326,-0.219764271898675,-22.7346306356287,4.24595171009645,-2.03434202391919
0.176344611825576,-1.71837543912673,-30.5711597860627,-0.218698507236588,-22.7465993841089,4.25426827665692,-1.93585509183029
0.176417249984952,-1.71764972595547,-30.5797499749789,-0.217139231681438,-22.7591962937761,4.2622589907877,-1.83907892934877
0.176238581984317,-1.71673099138399,-30.5890241977077,-0.215045305186632,-22.7724500175591,4.27016089561768,-1.74451195620782
0.175793483308032,-1.71560063048165,-30.5990028162694,-0.212379348141647,-22.7863734472213,4.27822317237429,-1.65273629900366
0.175068274437855,-1.71424093947687,-30.6096974951437,-0.209110640747685,-22.8009612587897,4.28670239498869,-1.56439758538265
0.174051518204751,-1.71263608155682,-30.6211125813198,-0.205217545729263,-22.8161896005556,4.29585633588523,-1.48016969841917
0.172734468277191,-1.71077280551396,-30.6332480755999,-0.200688963999049,-22.8320178372898,4.30593706729486,-1.40071380781719
0.171111104492683,-1.70864084212894,-30.6461033795844,-0.195524691296454,-22.8483916096689,4.31718438683233,-1.32664187341157
0.169177834002485,-1.70623300325312,-30.6596808629792,-0.189734869202581,-22.8652463440831,4.32982046770482,-1.25849081785095
0.166933003317776,-1.70354506069439,-30.6739885508991,-0.183338868776421,-22.882510617162,4.3440462287823,-1.19670842789972
0.164376357480096,-1.70057548844557,-30.6890416018337,-0.176363928482767,-22.9001091181739,4.36003947411351,-1.14164868467313
0.161508538427421,-1.69732513541769,-30.7048625396291,-0.168843776964826,-22.917965178424,4.37795452935923,-1.0935731029699
0.158330669163758,-1.69379687539325,-30.7214803650582,-0.160817374460643,-22.9360029302537,4.39792294245496,-1.05265492929353
0.154844037556533,-1.68999526361143,-30.7389287372212,-0.152327831562017,-22.9541491734949,4.42005478628137,-1.01898378930605
0.151049874734761,-1.68592621658231,-30.7572434275702,-0.143421514616496,-22.9723350100801,4.44444014959334,-0.992569104114059
0.146949214858467,-1.68159672305977,-30.7764592431657,-0.134147319470654,-22.9904972801893,4.47115048416649,-0.973341165635895
0.1425428209632,-1.67701458823746,-30.7966066134997,-0.124556082434515,-23.0085798065488,4.50023956824691,-0.961149185905198
0.137831163038269,-1.67218821004534,-30.8177080426031,-0.114700095540309,-23.0265344268922,4.53174393525349,-0.955755986868533
0.132814437201406,-1.66712638498259,-30.8397746455935,-0.104632697578019,-23.0443217724107,4.56568270386021,-0.956829338294544
0.127492618257245,-1.66183814104448,-30.862803005785,-0.0944079206420734,-23.0619117350409,4.60205683309854,-0.963930331407394
0.121865541276561,-1.65633259564004,-30.8867725951933,-0.0840801798178153,-23.0792835670926,4.64084792365155,-0.976499616062218
0.115933011788307,-1.65061883667181,-30.911643984144,-0.0737039996178962,-23.09642557572,4.68201679348807,-0.993842822991402
0.109694948685515,-1.64470582432158,-30.9373580209971,-0.0633337722379077,-23.1133344130075,4.72550216870805,-1.01511699061983
0.103151568827181,-1.63860230966777,-30.9638360951167,-0.053023538970588,-23.130014011676,4.77121993105213,-1.03932022517764
0.0963036261786625,-1.63231676462549,-30.9909815190233,-0.0428267776405442,-23.1464742619254,4.81906342386631,-1.0652870116438
0.0891527190971043,-1.62585731715451,-31.0186819934389,-0.0327961682746805,-23.1627295491622,4.86890530271016,-1.09169141865984
0.0817016743738067,-1.61923168679732,-31.0468130605268,-0.0229832992944825,-23.1787972650671,4.92060130094134,-1.11705980638953
0.0739550057253295,-1.61244711870248,-31.0752423999825,-0.013438271586675,-23.1946963662316,4.97399605944513,-1.13979356753366
0.0659194296627157,-1.60551031735533,-31.1038347727028,-0.00420915949550212,-23.2104460023898,5.02893088331566,-1.15820109589822
0.0576044097237108,-1.59842738280362,-31.132457364518,0.00465870198845373,-23.2260641911335,5.08525300388359,-1.17053692860559
0.049022697652853,-1.59120375102363,-31.1609852471989,0.0131236157974925,-23.241566497772,5.1428257275543,-1.17504526051372
0.040190851002202,-1.58384413796824,-31.1893066869955,0.0211485898668596,-23.2569646972863,5.20153880165151,-1.17000509796538
0.0311297265877174,-1.5763524876066,-31.2173281191987,0.0287025117155921,-23.2722654550736,5.26131842701268,-1.15377527346886
0.0218649681771771,-1.56873193469137,-31.244978760296,0.0357613021932889,-23.2874691688095,5.32213651646177,-1.12483916402511
0.0124275062392311,-1.56098481571579,-31.2722150073938,0.0423088238702551,-23.3025692839328,5.38401891608795,-1.08185083635499
0.00285405214105814,-1.55311279777323,-31.2990248951697,0.0483371932559034,-23.3175526418268,5.44705219353407,-1.02368606255999
-0.00681251292986436,-1.54511723788369,-31.3254328554632,0.0538460081648405,-23.3324017286212,5.51138808720028,-0.949502937128234
-0.0165230810919148,-1.53699992008571,-31.3515047678174,0.0588398996414462,-23.3470999737685,5.57724367959727,-0.858817542696719
-0.0262229677144685,-1.52876431808889,-31.3773527375153,0.0633238416436007,-23.3616412913597,5.64489384430731,-0.751599952387454
-0.035853748940739,-1.52041745963956,-31.4031381737496,0.0672959378931932,-23.376044505553,5.71465091504389,-0.628393677024902
-0.0453567137723888,-1.51197227916516,-31.4290706715735,0.0707381217812127,-23.3903716871443,5.78682591604993,-0.490454626421453
-0.0546779775608779,-1.50345000792177,-31.4553993255557,0.07360646618233,-23.4047463796402,5.86166809885395,-0.339889310390767
-0.0637744680607846,-1.49488172255968,-31.4823933138868,0.075824424570644,-23.4193635189282,5.93928742289902,-0.179744246545363
-0.0726188594400511,-1.48630790773023,-31.5103111674905,0.0772834338398238,-23.4344796456833,6.01957842311882,-0.0139699789021497
-0.0812008332788243,-1.47777524961025,-31.5393635873821,0.0778542337115862,-23.4503743194321,6.10217736625385,0.152813555349293
-0.0895229010533889,-1.46933114548761,-31.569680645018,0.0774078405819817,-23.4672856532003,6.1864835865097,0.315752670162339
-0.0975916607835567,-1.46101798000194,-31.6012953894453,0.0758392374364887,-23.4853408999233,6.27175046250427,0.470281231300867
-0.105408029683124,-1.45286967868131,-31.6341490801211,0.0730843989288396,-23.5045125562569,6.35721456471321,0.612546443058279
-0.112960369964027,-1.44491175653275,-31.6681126922475,0.0691250002711695,-23.5246197818042,6.44221316783671,0.739617298605512
-0.120222375864665,-1.43716413846607,-31.7030131100217,0.0639817962396316,-23.5453713546565,6.52625414395646,0.849481891422668
-0.127155146319833,-1.42964498037665,-31.738653796494,0.0577019061753367,-23.5664289432025,6.60903137434279,0.94092296088413
-0.133711657041861,-1.42237391435759,-31.7748254060574,0.0503454248375598,-23.5874678831616,6.69040010040322,1.01336161295202
-0.139841902482183,-1.41537391729563,-31.8113071538202,0.0419747197168444,-23.608221754784,6.77033254616042,1.06671834269107
-0.145497585172879,-1.40867169566132,-31.8478626382829,0.032647607156079,-23.6285073331452,6.84887010412191,1.10130397767377
-0.15063583167437,-1.40229685597122,-31.8842344558439,0.022414231513454,-23.6482327268723,6.92608161808586,1.11773588044467
-0.155221804270091,-1.39628024848534,-31.9201413655428,0.0113168892051737,-23.6673934538168,7.00203169675534,1.11687143382897
-0.159230255889356,-1.3906518633059,-31.9552807096814,-0.000608069848985556,-23.686060657524,7.07675947403125,1.09975295295604
-0.162646116722438,-1.38543862109698,-31.9893374960607,-0.0133270478526188,-23.704364436868,7.15026642696656,1.06756075308668
-0.165464190023174,-1.38066237227187,-32.0219999632178,-0.0268053853660864,-23.7224743794139,7.22251119281773,1.0215725813908
-0.167688035873082,-1.37633839107603,-32.0529796357964,-0.04100351691351,-23.7405791554227,7.29340933050585,0.963127956368006
-0.16932816573999,-1.37247459648585,-32.0820322174217,-0.0558736127347099,-23.7588672306657,7.36283634663385,0.893595497636602
-0.170399752016138,-1.36907162948666,-32.1089748096467,-0.071357125907393,-23.7775109127431,7.43063283083093,0.814340555710153
-0.170920144253708,-1.36612376867657,-32.1336954584577,-0.0873835171512789,-23.7966555981442,7.49661106200989,0.726690069182271
-0.170906535712912,-1.36362050346153,-32.1561529686674,-0.103870239227892,-23.8164150705626,7.56056284982799,0.631892353984445
-0.170374105061667,-1.36154845381238,-32.1763676341982,-0.120723857445247,-23.8368722787481,7.62226860367265,0.53107179614189
-0.169334857052084,-1.35989327208542,-32.1944059117392,-0.137841998285142,-23.8580837642247,7.68150765286144,0.425181590404505
-0.167797224872909,-1.35864120557907,-32.2103631802526,-0.155115689995231,-23.8800853556163,7.73806970045191,0.314960339269072
-0.165766326523773,-1.35778012168575,-32.2243483082078,-0.172431618164677,-23.9028970807194,7.79176706158652,0.200899087044421
-0.163244644632499,-1.35729995402194,-32.2364722487557,-0.189673882528302,-23.926526213571,7.84244714028967,0.0832237415234529
-0.160232857380802,-1.35719266433743,-32.2468411081301,-0.206724994247716,-23.9509684730808,7.89000452946428,-0.0381053657569305
-0.15673058413966,-1.35745189641847,-32.2555527672883,-0.223466052140811,-23.9762081915957,7.9343921797497,-0.163378315197458
-0.152736891535507,-1.3580725199209,-32.262695469643,-0.239776231494413,-24.0022186033394,7.97563118169115,-0.29310847943898
-0.148250497459585,-1.359050242581,-32.268346741944,-0.255531878994195,-24.0289633314947,8.01381871347382,-0.427997571036336
-0.143269688019885,-1.36038143383015,-32.2725713502143,-0.270605634643886,-24.0563998519394,8.04913354461928,-0.568896094805477
-0.137792020260088,-1.3620632699313,-32.2754174914136,-0.284866116292553,-24.0844853164442,8.08183815667591,-0.716760773822807
-0.131813928955133,-1.36409428596121,-32.2769109887344,-0.298178824477373,-24.1131846713539,8.112276159253,-0.872608608054213
-0.125330400851964,-1.36647539580588,-32.277047916614,-0.310409048093554,-24.1424804664668,8.14086346298536,-1.03746541246686
-0.118334932274259,-1.3692113986967,-32.275786909991,-0.321427621774521,-24.1723830407233,8.16807192883891,-1.21230515594011
-0.110820047470031,-1.37231289852639,-32.2730434492754,-0.331120278056876,-24.2029388524957,8.19440524457899,-1.39797522158465
-0.102778712055703,-1.37579838093687,-32.2686895390485,-0.339400860239017,-24.2342336891517,8.22036871412459,-1.59510195976634
-0.0942069899224519,-1.37969589138757,-32.2625630169423,-0.346227593557599,-24.2663867078307,8.2464371912974,-1.80397127198818
-0.0851081783088924,-1.38404335648784,-32.2544904811372,-0.351619810657834,-24.2995315221901,8.27302766770528,-2.02438257038405
-0.0754982670088576,-1.38888625301382,-32.2443254247309,-0.355670155877938,-24.3337831346382,8.30048364269463,-2.25548531671231
-0.0654117575269678,-1.39427144726702,-32.231997616543,-0.35854521734321,-24.3691956149585,8.32907581590879,-2.49562838921673
-0.054905768529629,-1.40023712572627,-32.2175615291189,-0.360467703183332,-24.4057242010791,8.35901698898908,-2.74227681583607
-0.044059668713603,-1.4068009218458,-32.201224673049,-0.36167810596823,-24.4432115867608,8.39048016556493,-2.99205513747422
-0.0329683427069023,-1.41395051883603,-32.183338194332,-0.362383371894825,-24.4814132436037,8.42360411784296,-3.24093925758871
-0.0217299036811935,-1.42164115672794,-32.1643457485833,-0.362709258679886,-24.5200588013868,8.45847752631007,-3.48455373486235
-0.0104316757415793,-1.42980169666025,-32.1447055753878,-0.362674200051475,-24.5589274314672,8.4951088859206,-3.71849217690153
0.000860658027384906,-1.43834691859671,-32.1248119441682,-0.362193488753477,-24.5979097022505,8.53340036747959,-3.93859391048802
0.0121074109175517,-1.44719130259159,-32.1049397064046,-0.361109559966977,-24.6370378739113,8.57313991393767,-4.14114864006425
0.0232923796639805,-1.45625982177297,-32.0852238728302,-0.359235053770796,-24.6764808447153,8.61401415356358,-4.32302098620269
0.03441565510845,-1.46549341498485,-32.0656724908446,-0.356393753199687,-24.7165109903698,8.65563744308509,-4.48168939748409
0.0454849782060316,-1.47484924990896,-32.0462013382301,-0.352449172926796,-24.7574560538023,8.697591691594,-4.61520081880326
0.0565082857515241,-1.48429745954027,-32.026675922521,-0.347317678311498,-24.7996499351285,8.73947253937387,-4.72205823194861
0.067488679974525,-1.4938163930155,-32.0069493961212,-0.340968741374867,-24.8433922536435,8.78093722388145,-4.80107095447356
0.0784217376163744,-1.5033879272533,-31.9868910062855,-0.333417481199032,-24.8889201313856,8.82174901108445,-4.85119986934065
0.0892943319609974,-1.51299363000455,-31.9664051721931,-0.324714397781993,-24.9363896834814,8.86181345731113,-4.87142485009905
0.100083962559413,-1.52261196063935,-31.9454444887312,-0.314935589197562,-24.9858610015719,8.90120240373606,-4.86065605386318
0.110757762689782,-1.53221638633784,-31.9240207630572,-0.304174924534505,-25.0372794520255,8.94016110912338,-4.81770772837603
0.121270747335878,-1.54177425832141,-31.9022169809596,-0.292538175079857,-25.0904480081406,8.97909143583359,-4.74135204693752
0.131563501076652,-1.55124645991539,-31.8801999476344,-0.280138066613643,-25.144990883159,9.01850007738722,-4.63046887101852
0.141560520449993,-1.56058812244822,-31.8582279246137,-0.267088590684386,-25.2003195510106,9.05889822445637,-4.48430420982479
0.151171846224716,-1.56975100368272,-31.8366401607067,-0.253496941292688,-25.255629186211,9.10064370379861,-4.3028489685694
0.160301956130869,-1.57868828448093,-31.815809065064,-0.239452770363481,-25.3099720620628,9.14373824793442,-4.08735599759966
0.168869562122442,-1.58736228416203,-31.7960404238357,-0.225017662406687,-25.3624563126152,9.18764256359954,-3.84101195999369
0.176837084994445,-1.59575431384588,-31.7774374914606,-0.210221772411251,-25.4125668638724,9.23124564350651,-3.56969031935222
0.184237281457791,-1.60387281738675,-31.7598026205263,-0.195074796598315,-25.4604742428755,9.27315160861222,-3.28242394137888
0.191173856163979,-1.61175244709175,-31.742682603331,-0.179588985867541,-25.5070715437474,9.31227806213616,-2.99092330072132
0.19778253293844,-1.61943904159604,-31.7255797683935,-0.163797936676829,-25.553591416887,9.34840952514362,-2.70780384267023
0.204172701405509,-1.6269669405573,-31.7081884268328,-0.147756382155759,-25.6010331481369,9.38226213704916,-2.44431433039389
0.210388525865587,-1.634343275132,-31.690487815639,-0.131526046813269,-25.6498174886516,9.41505431261515,-2.20887684597777
0.216406771866352,-1.64154692469884,-31.6726733221543,-0.115163775412645,-25.6998202926133,9.44798216182009,-2.00688391560692
0.222158967621483,-1.64853786918783,-31.6550274766704,-0.0987198226350729,-25.7506167113566,9.4819139829163,-1.84125920877571
0.227558209861743,-1.65526886577111,-31.6378195202006,-0.0822433847292826,-25.8017243941137,9.51733727342385,-1.71319803244919
0.23251914647912,-1.66169450410468,-31.6212594729953,-0.0657898550290665,-25.8527511905902,9.55444738205012,-1.62281229388089
0.236968625991714,-1.66777656148144,-31.6054936432103,-0.0494267313455669,-25.9034501467166,9.59326775047618,-1.5696171163223
0.240849083912288,-1.67348655607596,-31.5906204419797,-0.0332376612001659,-25.9537185882104,9.63374084546154,-1.55286251851954
0.24411778910108,-1.67880672086999,-31.5767111528919,-0.0173250410069377,-26.0035745060504,9.675770733473,-1.57172357953151
0.246744484446336,-1.68373016119412,-31.5638274474177,-0.00181117748201935,-26.0531289996133,9.71922001838716,-1.62536501775801
0.248709034906005,-1.6882603180396,-31.5520317441171,0.0131629877518107,-26.1025607602803,9.76387105711768,-1.71289837078667
0.250000008067493,-1.69240932764032,-31.5413884374046,0.0274435572331915,-26.1520905818502,9.80936293395919,-1.83324779078479
0.250614675315008,-1.6961946111591,-31.5319553292051,0.0408760681481306,-26.2019503211458,9.85511823920259,-1.98493286726043
0.250560432893927,-1.69963322143797,-31.5237663402474,0.0533259056016994,-26.2523411810297,9.90028071751511,-2.16577277275979
0.249856762131514,-1.70273432219918,-31.5168084272378,0.0647049564402628,-26.3033812233478,9.94369686804814,-2.37253737322318
0.248535664821531,-1.7054917162441,-31.5109970408455,0.0749973887680729,-26.3550521283765,9.98398611668992,-2.60063923098035
0.246638060547022,-1.70787991608065,-31.5061565377392,0.0842721595642593,-26.4071673242011,10.019736593429,-2.84405064002779
0.244205489720299,-1.70985712964184,-31.5020157242842,0.0926705882344792,-26.4593870073019,10.0498100082866,-3.09563029752174
0.241270399137454,-1.71137532235001,-31.4982293895164,0.100368823112404,-26.5112876752499,10.073648149379,-3.34785262158918
0.237850606449792,-1.712393073453,-31.494426617952,0.107530646759917,-26.562460781795,10.0914267811192,-3.59367037355945
0.233950970482802,-1.71288546153465,-31.4902699367067,0.11427094740431,-26.6125964939863,10.103975376046,-3.8271815744184
0.22957017235426,-1.7128477586086,-31.4855017234314,0.120640726370849,-26.6615221799562,10.1125204470167,-4.0439475778603
0.224707921974003,-1.71229329444745,-31.4799628789558,0.126631948257714,-26.7091949303016,10.1183904330043,-4.24099879872123
0.219369260699615,-1.71124791107745,-31.4735844548258,0.13219404214677,-26.755667313874,10.1227947100298,-4.4166412218438
0.21356543502418,-1.70974367188401,-31.4663634362639,0.137253567119569,-26.8010473873459,10.1267136560468,-4.57017435364286
0.207312580643632,-1.70781365688096,-31.4583351232775,0.141731278036655,-26.845465547338,10.1308787744849,-4.70160060201818
0.200629694770661,-1.70548857643136,-31.4495500790045,0.145554074119168,-26.8890520364894,10.1358033660894,-4.81137053928562
0.193536834210438,-1.70279511182201,-31.4400584228472,0.148661756206166,-26.9319239554608,10.1418311382959,-4.90018016602777
0.186053888487877,-1.69975550280815,-31.4299009141144,0.151009784181055,-26.9741790253633,10.1491837847587,-4.96881981157545
0.178199926303424,-1.69638784854133,-31.4191049888384,0.152569539864667,-27.0158934306888,10.1579994463276,-5.01806755332421
0.169992985266695,-1.69270670007048,-31.4076839036413,0.153327379631967,-27.0571217112911,10.1683602115902,-5.04861870510125
0.16145017184816,-1.68872367409554,-31.3956376486115,0.153283349864549,-27.0978973574145,10.1803095621325,-5.06104381636256
0.152587983864145,-1.68444794813085,-31.3829548713148,0.152450032917356,-27.1382333287827,10.1938614081769,-5.05576918157433
0.143422816837812,-1.67988658970636,-31.3696155179767,0.150851663830563,-27.1781221638211,10.2090021629565,-5.03307552923506
0.133971652587996,-1.67504473409159,-31.3555942040915,0.148523408686322,-27.2175356885797,10.2256867805787,-4.99311215987992
0.124252944934177,-1.66992566906673,-31.3408644771765,0.145510500203033,-27.2564246258394,10.2438291531674,-4.93592531056941
0.114287708790004,-1.66453092390846,-31.3254041328441,0.141866766252417,-27.2947186721347,10.2632869036871,-4.86150093910191
0.104100776319615,-1.65886049925217,-31.3092015752904,0.137651969405541,-27.3323278701621,10.2838405712337,-4.76982336850735
0.0937220955492056,-1.65291341188951,-31.2922628456965,0.132927347620666,-27.3691463444399,10.3051676861992,-4.66095193098249
0.0831878054030173,-1.64668874712785,-31.2746183675674,0.127748908022766,-27.4050596322022,10.3268136355231,-4.53511690263285
0.0725406370922602,-1.64018737243926,-31.2563277487187,0.122158523697408,-27.4399568052715,10.3481639983996,-4.3928317790574
0.0618290305595439,-1.63341431354856,-31.2374804049033,0.116173844342658,-27.4737480771188,10.3684273790887,-4.23500932600981
0.0511043669969674,-1.62638148676994,-31.2181898822697,0.109779369532243,-27.5063872344206,10.3866425403957,-4.06305449980962
0.0404161061237794,-1.61911007863446,-31.1985812306785,0.102922161321258,-27.5378958130171,10.4017251103095,-3.87889606652592
0.0298054419959382,-1.6116316083358,-31.1787737359103,0.0955154804901482,-27.568383123769,10.4125617127338,-3.68492597435492
0.0192990106305147,-1.6039869286485,-31.1588644539942,0.0874513061558813,-27.5980549745738,10.4181411789412,-3.4838512336954
0.00890452583282751,-1.5962231694877,-31.1389189452199,0.0786190809964339,-27.6272061466452,10.4176921387306,-3.27851087092791
-0.00139036514374936,-1.58838944265629,-31.1189731799952,0.0689255425880731,-27.6561967113192,10.4107892311344,-3.07173110669023
-0.0116157653359668,-1.58053241986509,-31.0990462654572,0.0583108017423201,-27.685416764122,10.3974028100328,-2.86626339104032
-0.0218142698740375,-1.57269259471162,-31.0791598346761,0.0467579926001196,-27.7152456775842,10.3778886321909,-2.66479492431762
-0.0320335757661308,-1.5649015814587,-31.0593575875146,0.0342957909444336,-27.7460115665684,10.3529292310935,-2.46998086770417
-0.0423180031963625,-1.55718057648152,-31.0397175934151,0.020994077216595,-27.7779566921013,10.3234428080929,-2.28444265189136
-0.052700415191477,-1.54954011136581,-31.020351405911,0.00695369546070116,-27.8112152349249,10.2904744533104,-2.11070291868089
-0.0631963546182672,-1.54198121005292,-31.0013887551736,-0.00770766554661467,-27.8458089767086,10.2550847534101,-1.95106745488779
-0.0738018576937309,-1.53449783489603,-30.9829531645238,-0.0228702891002219,-27.8816620941393,10.2182523749976,-1.80749684700452
-0.084495228828597,-1.52708013164819,-30.9651382514784,-0.0384245289617613,-27.9186299470868,10.1808054454893,-1.68151803214529
-0.0952416971130234,-1.51971772292976,-30.9479935407092,-0.0542779492611883,-27.9565324448936,10.1433889707799,-1.57420610658153
-0.105999148280045,-1.51240235650087,-30.9315232736531,-0.0703572234632671,-27.9951830216231,10.1064652709782,-1.48623526343819
-0.116723321254705,-1.50512954323288,-30.9156959395253,-0.0866061047872834,-28.0344084075228,10.0703370286371,-1.41797448640746
-0.127371603191324,-1.49789920197318,-30.9004593034245,-0.102981363649591,-28.0740590365567,10.0351807603446,-1.36959739362115
-0.137905304521881,-1.49071557863723,-30.8857559736807,-0.119448302954007,-28.1140127275293,10.0010810247452,-1.34118213798157
-0.148290740989935,-1.48358677819206,-30.8715365327896,-0.135976817168974,-28.1541748883491,9.96805956329844,-1.3327877828225
-0.15849957926731,-1.47652419391071,-30.8577693174336,-0.152538365062081,-28.1944777958771,9.93609673595973,-1.3445021192712
-0.16850883666011,-1.46954201232137,-30.844447195771,-0.169103841052843,-28.2348804330999,9.90514438428483,-1.37646079963847
-0.178300781831464,-1.46265686377757,-30.831592002645,-0.185642150336477,-28.2753694050887,9.87512987106635,-1.42883976340588
-0.187862830435489,-1.45588759676381,-30.819256879595,-0.202119256509647,-28.3159606787618,9.84595108624739,-1.50182359943401
-0.197187392565372,-1.4492550810663,-30.8075259590266,-0.218497523854647,-28.356701188003,9.81746229261882,-1.59555252620544
-0.206271514457092,-1.44278188920436,-30.7965099684801,-0.23473528994708,-28.3976686201021,9.78945138536967,-1.7100499652121
-0.215116070981586,-1.43649166959016,-30.7863357469663,-0.250786759363886,-28.4389669931069,9.76161094473194,-1.84513039725271
-0.223724223800065,-1.43040801709822,-30.7771276979077,-0.266602476462554,-28.4807151814379,9.73350870146715,-2.00028270625061
-0.232098895847262,-1.42455268127369,-30.7689801937756,-0.282130756727365,-28.5230258065976,9.7045677681937,-2.1745190582172
-0.240239190826589,-1.41894305772624,-30.761922300807,-0.29732044584037,-28.5659736031345,9.67407266138258,-2.36617988711336
-0.248136113493531,-1.41358914540091,-30.7558804287124,-0.312125141551884,-28.6095564639939,9.64122140621049,-2.57270436554707
-0.255768702388032,-1.40849060499506,-30.7506507398463,-0.326508500218226,-28.6536594257654,9.60524036218773,-2.79042582336351
-0.263102550471344,-1.40363518365979,-30.7458989953254,-0.340449511388923,-28.6980397066468,9.56555582476992,-3.0145233937219
-0.270092787450564,-1.39900011056942,-30.7412035722808,-0.353945935433848,-28.7423516523509,9.52197125738099,-3.23928920548973
-0.276691821383683,-1.39455723118209,-30.7361392904066,-0.367013998951618,-28.7862142594054,9.47475995485619,-3.45875558085946
-0.282858975102193,-1.39028045411454,-30.7303715633456,-0.379683452714416,-28.8292957311061,9.42460605829745,-3.66748395333334
-0.288567510698396,-1.38615226642974,-30.7237184584823,-0.391989040172236,-28.8713757808084,9.3724187718813,-3.86117102377652
-0.293806413637924,-1.38216667088592,-30.7161586634722,-0.40396110099346,-28.91236392254,9.31912009887244,-4.03685933018258
-0.298577702995303,-1.37832830429873,-30.7077960066969,-0.415618220210931,-28.9522810424178,9.26549487185825,-4.1928035731188
-0.302891796016287,-1.37464932082372,-30.6988069963745,-0.426963585696831,-28.9912248220609,9.21212821942579,-4.32818174412503
-0.306763081902499,-1.37114582889052,-30.6893930157526,-0.437985118463933,-29.0293352297023,9.15940861098294,-4.44280669263866
-0.310206720589048,-1.36783496126272,-30.6797468658036,-0.448658377678684,-29.0667672331906,9.10756403111327,-4.53690380283868
-0.313236808361727,-1.36473292480429,-30.6700343568424,-0.458950904893476,-29.1036719347607,9.05670756398063,-4.61095866139273
-0.315865640314879,-1.36185394887038,-30.6603875412587,-0.468826839780123,-29.1401849202878,9.00687981639186,-4.66561666862158
-0.318103693804198,-1.3592098896953,-30.6509053224411,-0.478251026983348,-29.1764200515558,8.95808314286135,-4.70161658704
-0.319959993921331,-1.35681023506739,-30.6416578100821,-0.48719223203128,-29.2124670572053,8.91030659515132,-4.71974620108974
-0.321442606294161,-1.35466230321462,-30.6326918678802,-0.495625381602279,-29.2483916313903,8.86354228847703,-4.72081339988827
-0.322559088544312,-1.35277149587552,-30.6240363219373,-0.503532908011935,-29.2842371493152,8.81779453355976,-4.70562861663068
-0.323316801836916,-1.35114152648313,-30.6157060868882,-0.510905330074147,-29.320027451294,8.77308324789738,-4.67499545109244
-0.323723036358615,-1.34977459159219,-30.6077050000153,-0.517741186400729,-29.3557703599317,8.72944315839992,-4.62970661612597
-0.323784945609606,-1.34867148408456,-30.6000274752294,-0.524046398167769,-29.3914616513265,8.68692028654007,-4.57054289734856
-0.323509321694238,-1.34783165913396,-30.5926592529521,-0.529833113333545,-29.4270891468893,8.64556716188721,-4.49827388402208
-0.322902279235036,-1.34725326066502,-30.5855775746318,-0.535118091449951,-29.4626365273337,8.60543805303445,-4.41366057030473
-0.32196894272515,-1.34693310478724,-30.578751089886,-0.539920725210005,-29.4980865066987,8.56658514911008,-4.31746090260501
-0.320713239828122,-1.34686661033756,-30.5721397507958,-0.544260840921471,-29.5334231799162,8.52905609536844,-4.21043932430471
-0.319137884817852,-1.3470476765358,-30.5656949038997,-0.54815644987643,-29.5686335842284,8.4928927537425,-4.09338023459511
-0.317244596671371,-1.34746853428228,-30.5593597763245,-0.551621627905934,-29.6037086579234,8.45813071139469,-3.96710357932059
-0.315034547457929,-1.34811962907605,-30.5530705526956,-0.554664692466487,-29.6386437714025,8.42479897014083,-3.83247935101545
-0.312508989902533,-1.34898961327559,-30.5467582125594,-0.557286839301131,-29.6734388934766,8.39291935392415,-3.69043718744458
-0.30966997486067,-1.3500655210981,-30.5403512057752,-0.559481392463405,-29.7080983502758,8.36250535944332,-3.5419676969294
-0.306521044586614,-1.35133316823759,-30.5337788781482,-0.561233793716972,-29.7426301185754,8.33356037444082,-3.38811347890648
-0.303067782197785,-1.35277776616107,-30.5269753552718,-0.5625223903999,-29.7770446806375,8.30607537282051,-3.22994975225355
-0.299318117337872,-1.35438468421709,-30.5198834149474,-0.563319972989777,-29.8113536019063,8.2800263464438,-3.0685566012511
-0.295282332862074,-1.3561402494714,-30.5124577991817,-0.563595888485502,-29.8455680968252,8.25537181821913,-2.90498655024431
-0.290972777275474,-1.35803246000126,-30.504667476362,-0.56331845363901,-29.8796978684208,8.23205076546172,-2.74023196456323
-0.286403345431724,-1.36005150661639,-30.4964965511141,-0.562457348583813,-29.9137504338271,8.20998117319465,-2.5751964465078
-0.281588828245959,-1.36219004237624,-30.4879437721604,-0.56098569923435,-29.9477310203525,8.18905928568873,-2.41067315068417
-0.276544242447949,-1.36444319222317,-30.4790208289742,-0.5588816413636,-29.9816429864039,8.16915950813371,-2.2473313207772
-0.271284235735371,-1.36680834037161,-30.469749794527,-0.556129269653105,-30.0154886312848,8.15013487772076,-2.08571089822695
-0.265822630900974,-1.36928476112403,-30.4601601392672,-0.552718979996247,-30.0492702205868,8.13181807315156,-1.92622411322751
-0.260172136379376,-1.37187316779404,-30.4502857200344,-0.548647292521105,-30.0829910584796,8.11402301841717,-1.76916259404316
-0.254344219044727,-1.37457524831609,-30.4401620644741,-0.54391628874536,-30.1166564663998,8.09654720065606,-1.6147085610446
-0.248349112711292,-1.37739324079869,-30.429824158058,-0.538532811054167,-30.150274563249,8.07917482108996,-1.46294889009898
-0.242195923734408,-1.38032958317827,-30.4193048235186,-0.532507563243408,-30.1838567765867,8.06168082380906,-1.31389106970276
-0.235892791930138,-1.38338665239209,-30.4086336796931,-0.525854225437688,-30.2174180462714,8.04383572153042,-1.16748025707536
-0.229447068774391,-1.38656659251366,-30.397836590214,-0.518588663854629,-30.2509767098615,8.02541100132695,-1.02361677069492
-0.222865482422656,-1.38987121966891,-30.3869354657565,-0.510728282380737,-30.284554086078,8.0061847849423,-0.882173463768744
-0.216154268608709,-1.39330198447106,-30.3759482664098,-0.502291534494006,-30.3181737957609,7.98594736514081,-0.743012549370244
-0.209319255785132,-1.39685997000939,-30.3648890576058,-0.493297593352959,-30.3518608798041,7.96450624780851,-0.606001593705104
-0.202365901108945,-1.40054590415719,-30.3537679973376,-0.483766165575913,-30.3856407879669,7.94169039062979,-0.471028546730992
-0.195299280513045,-1.40436016812175,-30.3425911666652,-0.47371742856834,-30.4195383210199,7.91735342391759,-0.338015799531576
-0.18812404133032,-1.40830278766065,-30.3313601937605,-0.463172069385407,-30.4535766104991,7.8913757471911,-0.206933306506255
-0.18084433007713,-1.41237339843318,-30.3200716596381,-0.452151401853845,-30.4877762154135,7.86366549937377,-0.0778107561366714
-0.173463711316649,-1.41657118209036,-30.3087163086859,-0.440677535601929,-30.5221544038537,7.83415848975226,0.049251392286044
-0.165985096236265,-1.4208947746402,-30.2972781182684,-0.428773565382416,-30.556724669077,7.80281724588014,0.174072439825119
-0.158410701076986,-1.4253421534339,-30.2857333078292,-0.416463742745267,-30.5914965067839,7.76962937963376,0.296384260859654
-0.150742055084058,-1.42991051365643,-30.2740493875266,-0.40377358807795,-30.6264754560257,7.73460549129776,0.415827327011091
-0.142980074077127,-1.43459614910315,-30.2621843561984,-0.390729903228749,-30.6616633865195,7.69777682081904,0.5319509161037
-0.135125208414523,-1.43939435438802,-30.2500861540975,-0.377360656741305,-30.6970590060199,7.65919281449916,0.644218263482722
-0.127177663279345,-1.44429936541863,-30.2376924535937,-0.363694735672984,-30.7326585665286,7.61891870849537,0.752016904578099
-0.119137676379841,-1.44930435113627,-30.2249308305164,-0.349761586278267,-30.7684567655005,7.57703314902652,0.854673725097533
-0.111005826485984,-1.45440146201916,-30.2117193064986,-0.335590793453519,-30.8044478569088,7.53362579373477,0.951473443413201
-0.102783338976095,-1.4595819311413,-30.1979672014239,-0.321211666623785,-30.8406269934364,7.48879479085355,1.04167862656804
-0.0944723543759179,-1.46483621418741,-30.1835762017939,-0.306652901126297,-30.8769918034468,7.44264402973336,1.12454908393512
-0.0860761331860849,-1.47015414864152,-30.1684415496832,-0.291942367467744,-30.913544164139,7.39528010079441,1.19935867701797
-0.0775991831602659,-1.47552511138672,-30.1524532932248,-0.277107050227739,-30.9502920775698,7.34680898193701,1.26540816545206
-0.0690473101380404,-1.48093815834499,-30.1354976073755,-0.262173121919489,-30.9872515080287,7.29733255844062,1.32203349460474
-0.0604276067521833,-1.48638213805824,-30.1174582780004,-0.247166103110362,-31.0244480144207,7.24694515993122,1.36860970248608
-0.0517484022086952,-1.4918457807441,-30.0982185248401,-0.23211103480325,-31.0619180154729,7.19573034661059,1.40455121427878
-0.0430191996383699,-1.49731777306296,-30.0776634025183,-0.21703257508428,-31.0997095533032,7.14375819534296,1.42930962831436
-0.0342506255492433,-1.50278683495712,-30.0556830498003,-0.201954929755204,-31.1378824586914,7.09108333441205,1.44237019190254
-0.0254544098366781,-1.50824181757604,-30.0321770442917,-0.186901535787783,-31.1765078551884,7.03774396983771,1.44324808985354
-0.0166434056145114,-1.51367184022581,-30.0070600491287,-0.171894436781562,-31.2156669614538,6.98376214924523,1.43148551628198
-0.00783164697074301,-1.51906647887247,-29.9802687939812,-0.156953323284311,-31.2554491597549,6.92914553150271,1.40665036599638
0.000965569814979487,-1.52441600808661,-29.951770196409,-0.142094261080266,-31.2959492981742,6.87389097207832,1.36833736500644
0.00973160953621569,-1.52971168092975,-29.9215700883075,-0.127328201508099,-31.337264191397,6.81799028613428,1.31617267202447
0.0184484674815606,-1.53494600542463,-29.8897215735853,-0.112659462730387,-31.3794882836427,6.76143859103625,1.24982355009382
0.0270968399298027,-1.54011294136159,-29.856331558866,-0.0980844881600647,-31.4227084345896,6.70424560997063,1.16901573438216
0.0356563613082345,-1.54520789989754,-29.8215635973946,-0.0835913181184093,-31.4669977686496,6.64645015742316,1.07356259747442
0.0441060782420254,-1.55022739171686,-29.7856350913297,-0.0691603246283279,-31.5124084700822,6.58813758478997,0.963411808382336
0.0524252217743822,-1.55516816297107,-29.7488074042182,-0.0547667963378251,-31.5589633168824,6.52945903161522,0.838715933155719
0.0605943030523167,-1.56002572677615,-29.7113687782668,-0.040385809785673,-31.6066457350513,6.47064965286452,0.699931361320833
0.0685964754291865,-1.5647923964384,-29.6736120534926,-0.0259993253646588,-31.655388534714,6.41204045494586,0.54794203686422
0.0764189634501183,-1.56945527512741,-29.6358114060057,-0.011604474004626,-31.7050627541109,6.35405548530359,0.384188008630046
0.0840541792187352,-1.57399505236649,-29.5982035055905,0.00277930669987532,-31.755470391912,6.29718488790967,0.21075581681127
0.0915000326295328,-1.57838660334245,-29.5609775833343,0.0171075525750664,-31.8063471648209,6.24192847614807,0.0303714844766832
0.0987590643406487,-1.58260191434298,-29.5242759073122,0.0313150688433013,-31.8573809149066,6.18871665262718,-0.153748999247836
0.105836470561228,-1.58661475734546,-29.4882025404282,0.0453269973572017,-31.90824550319,6.13783135325704,-0.338180476608216
0.112737634400299,-1.59040549062197,-29.4528359366037,0.0590728329294177,-31.9586413479108,6.08935648785813,-0.519620258997171
0.119466011220194,-1.5939642530156,-29.4182408174138,0.0724980657470095,-32.0083292363003,6.04317581220877,-0.695164587318721
0.126021945946117,-1.59729173657969,-29.3844763207798,0.0855698945802477,-32.0571478191654,5.99901358361622,-0.862463267717403
0.132402486206092,-1.60039785920669,-29.3515995119671,0.0982767265397006,-32.1050135592678,5.95649694465863,-1.01975114409632
0.138601883431425,-1.60329926193436,-29.3196650736152,0.110623480098569,-32.1519082612481,5.91521746506067,-1.16579691123762
0.144612388997193,-1.60601653787102,-29.2887228537366,0.122625213565422,-32.1978610085997,5.87477787901189,-1.29981534159774
0.150425054525756,-1.60857178198557,-29.258814939727,0.134300974333028,-32.2429298709968,5.83482001051055,-1.4213745457109
0.156030388060478,-1.61098672201103,-29.2299733932124,0.14566888167826,-32.2871864398422,5.7950363263503,-1.53031327446224
0.161418822595061,-1.61328146557486,-29.2022191434098,0.156742766083844,-32.3307043633137,5.75517006036439,-1.62667229060996
0.166581008642442,-1.6154737803799,-29.1755620545874,0.167530273314882,-32.373551867092,5.7150088323377,-1.71063879781526
0.171507963602751,-1.61757878038293,-29.1500019241252,0.1780321404298,-32.4157876381636,5.67437557466621,-1.78250161148506
0.176191114646047,-1.61960888993441,-29.1255300851111,0.18824228725227,-32.4574592295136,5.63311926417429,-1.84261510404715
0.180622268980775,-1.62157397766078,-29.1021313053274,0.19814838390261,-32.4986031622837,5.5911068406286,-1.89137068609277
0.184793540488034,-1.62348157894624,-29.0797857312992,0.20773261460289,-32.5392460499862,5.54821689747145,-1.92917513953624
0.18869725633318,-1.62533715253947,-29.0584706872593,0.216972433473698,-32.5794062662223,5.50433524021117,-1.95643538110339
0.192325861964951,-1.62714433941592,-29.0381621894038,0.225841182130058,-32.619095869712,5.45935215708722,-1.9735492864035
0.195671838218608,-1.6289052094032,-29.0188360721782,0.234308502184669,-32.6583226583167,5.41316115884685,-1.98090217004999
0.198727640015837,-1.63062049333761,-29.000468648869,0.24234052486031,-32.6970923328243,5.36565895654943,-1.97886848625505
0.201485662620179,-1.63228980657152,-28.9830368470624,0.249899856834551,-32.7354108131461,5.31674650712981,-1.96781833029475
0.203938238073348,-1.63391187417992,-28.966517778678,0.256945409140377,-32.7732867650978,5.26633103712402,-1.94812838167172
0.206077661292118,-1.63548476993266,-28.9508877302583,0.263432139194203,-32.8107343732284,5.21432902971124,-1.92019700421234
0.207896241756984,-1.63700618002817,-28.9361206017821,0.269310797249419,-32.8477763350329,5.16067021403196,-1.88446325039975
0.209386372623252,-1.6384736985107,-28.9221858887673,0.274527789094559,-32.8844469585052,5.10530260572724,-1.84142942945276
0.210540604453411,-1.63988515382984,-28.9090463963584,0.27902528497717,-32.9207951273403,5.0481985774848,-1.79168658591645
0.211351705452292,-1.64123895453081,-28.896655994365,0.282741712825317,-32.95688676495,4.98936175382065,-1.73594159521274
0.211812684887534,-1.64253442708638,-28.8849578493094,0.285612759609249,-32.992806310412,4.9288341862242,-1.67504356064898
0.211916752537,-1.643772102181,-28.8738836661807,0.287572949521326,-33.028656652171,4.86670279767383,-1.6100059196913
0.211657187980801,-1.64495389210987,-28.8633544756344,0.288557757793763,-33.06455699972,4.80310361447918,-1.54201957051285
0.21102710502206,-1.64608309922208,-28.8532833392549,0.288506062225745,-33.1006383576218,4.73822208153396,-1.47245217248403
0.210019124216264,-1.64716421206676,-28.8435799767119,0.287362578086262,-33.1370366149911,4.67228808815287,-1.40283035669009
0.208625009658845,-1.64820248612722,-28.8341567908245,0.285079847817033,-33.1738837477341,4.60556532104646,-1.33480508486658
0.206835370565491,-1.64920336153481,-28.8249352506362,0.281619433875086,-33.2112981349777,4.53833595727407,-1.27010489851963
0.204639548630088,-1.6501718201289,-28.8158513225638,0.276952187134424,-33.2493753508097,4.47088293006008,-1.21048549334672
0.202025789369599,-1.65111180433332,-28.806858781881,0.271057741321741,-33.2881808381839,4.40347252975986,-1.1576853514931
0.198981732308783,-1.65202579935672,-28.7979297571122,0.263923586551209,-33.3277455671374,4.33633977164379,-1.11339566337247
0.195495179584491,-1.65291462644323,-28.7890525446433,0.255544123126351,-33.368065208821,4.26967809021366,-1.07924942860875
0.191555048907642,-1.65377743179715,-28.7802272989906,0.245919991327452,-33.4091027645758,4.20363390110996,-1.05683078651487
0.187152408526533,-1.65461180545773,-28.771460480086,0.235057779971423,-33.450794178903,4.13830576212092,-1.04770228821479
0.182281529186304,-1.65541393953912,-28.7627588955361,0.222970003851423,-33.4930563999503,4.07374730756629,-1.05344518832711
0.176940957266069,-1.65617873639102,-28.7541239242702,0.209675052313526,-33.5357976398262,4.0099727262891,-1.07570563972137
0.171134692403804,-1.6568997993809,-28.7455462239588,0.195196661265659,-33.5789301250018,3.94696305766466,-1.11623749978783
0.164873618290628,-1.65756927779759,-28.7370011115659,0.179562360102561,-33.6223861564128,3.8846707005115,-1.17693006010229
0.158177354293165,-1.65817759345657,-28.7284450805531,0.162800338139102,-33.6661383725124,3.82301796961147,-1.25980655267343
0.15107661271322,-1.6587131539669,-28.7198147747776,0.144934381319486,-33.7102240105542,3.76188321668196,-1.36697745960845
0.143615871502032,-1.65916225593276,-28.7110311551908,0.125977158422236,-33.7547697619104,3.70106561779959,-1.50053233317263
0.135855591458679,-1.65950948609756,-28.7020127878018,0.105923414263106,-33.8000078981131,3.64021945445356,-1.66235467516151
0.127872272126534,-1.65973901262352,-28.6927008295987,0.0847466168176543,-33.8462666241379,3.57875528485773,-1.85384233766791
0.119753558334117,-1.65983720767307,-28.683090621507,0.0624048870232238,-33.89391226744,3.51572572003963,-2.0755025620111
0.111585125345001,-1.65979703782308,-28.673249073537,0.0388633442221588,-33.9432261846734,3.44975354508012,-2.32636377409737
0.103427739122448,-1.65962433856998,-28.6632818601038,0.0141374583590592,-33.9942261720564,3.37911449831346,-2.60314410280291
0.095289013525816,-1.65934452578437,-28.6532260112295,-0.0116500312468876,-34.0464989161857,3.30211239247946,-2.89927525876973
0.087105695753576,-1.65900465723558,-28.6429122247612,-0.0382322031515088,-34.0991782762685,3.21776022419459,-3.20437608003654
0.0787593340592925,-1.65866342150261,-28.6319390151281,-0.0652352661950035,-34.1511864070132,3.12641462061227,-3.50527757225316
0.0701286771903226,-1.65836931040151,-28.6198742392434,-0.0923013672287748,-34.2016388242717,3.02976054932421,-3.78890828468351
0.0611427454912695,-1.65814161492801,-28.6065610920446,-0.119209499521405,-34.2501062329079,2.9300519011046,-4.04523116704557
0.051796739075981,-1.65796788329243,-28.5922564073039,-0.145899166922316,-34.2965904547292,2.82926194300117,-4.26820612626491
0.0421342011228853,-1.65781489789476,-28.5775169866307,-0.172407304398125,-34.3413602061668,2.72868023704193,-4.45500096670202
0.0322207389610623,-1.65764213507638,-28.5629779160621,-0.198788579108876,-34.3848036807813,2.6289269002198,-4.604820758626
0.022124687108471,-1.65741103904347,-28.5491772851366,-0.225063558929756,-34.4273353271895,2.53014565952813,-4.71808745165871
0.0119070825964573,-1.65708918079949,-28.5364792112416,-0.251201063641628,-34.469342246967,2.43221629217291,-4.79598568234033
0.00161834415381186,-1.65665089519265,-28.5250739002214,-0.277123506947738,-34.5111553925795,2.33492511921907,-4.84020379848358
-0.00870138088569289,-1.65607629139211,-28.51501508903,-0.302721711212464,-34.5530361394164,2.23808118586781,-4.85276697778777
-0.0190204561948386,-1.65535001911262,-28.5062649468929,-0.327869510256194,-34.5951713362859,2.14158449559537,-4.83593451814488
-0.0293139212308383,-1.65446054469116,-28.4987314915309,-0.352433412338567,-34.6376723706781,2.04545842970005,-4.79215587641079
-0.0395621442106273,-1.65340018665777,-28.4922944859975,-0.376276471052843,-34.6805765993978,1.94985840565535,-4.7240712372521
-0.0497499707112898,-1.65216579360417,-28.4868214130782,-0.399257887427203,-34.7238516782937,1.8550661673716,-4.63452776111099
-0.0598660466979194,-1.65075967390993,-28.4821770680589,-0.421231053764766,-34.7674042227267,1.76147563117129,-4.52657380290128
-0.0699018945040473,-1.64919021855903,-28.4782302151665,-0.442042943916786,-34.811093871757,1.66957283816601,-4.40339533763977
-0.0798504594413145,-1.64747168350185,-28.4748595976672,-0.461536885857404,-34.8547526667992,1.57991000379918,-4.26817560263813
-0.0897041723530258,-1.64562289180378,-28.4719599969205,-0.479558933123694,-34.8982082169986,1.49307280267411,-4.12388947176799
-0.0994529194247288,-1.64366509513197,-28.4694476548799,-0.495966048364365,-34.9413078192644,1.4096413140939,-3.97307541795639
-0.109082456988229,-1.64161963347508,-28.467263803483,-0.510633287138367,-34.9839399235476,1.33014755880807,-3.81764033402184
-0.11857366568664,-1.63950610140246,-28.4653754219736,-0.52345772058622,-35.0260495642418,1.25503426587865,-3.65873702517637
-0.127902715482208,-1.63734146543746,-28.463773267001,-0.534358401341109,-35.0676457546176,1.18461900048017,-3.49672291873612
-0.137041902863895,-1.63514020570709,-28.4624681283042,-0.5432731119573,-35.108800672666,1.11906548394832,-3.33118281491432
-0.145960747722543,-1.6329152994035,-28.4614868244684,-0.550153236978573,-35.149641650997,1.0583614905767,-3.16099008462539
-0.154626902350261,-1.63067978724928,-28.4608696521392,-0.55495794006064,-35.1903368756399,1.00230162124861,-2.98438707949554
-0.163006469716019,-1.62844869397953,-28.4606709939122,-0.557648382172067,-35.231074490682,0.950474168344653,-2.79907810488927
-0.171063403851032,-1.62624109447594,-28.4609647086965,-0.558182422876815,-35.2720332389979,0.902254169883919,-2.60234054824062
-0.178757773415715,-1.62408202863323,-28.4618556820856,-0.556510335502256,-35.3133418332384,0.856809278074528,-2.39116867513643
-0.186042880786651,-1.62200370455654,-28.4634979751062,-0.552572587385533,-35.355025274258,0.813130432850807,-2.16246868247547
-0.192861677486891,-1.62004499190215,-28.4661173271923,-0.546301578045553,-35.3969411856531,0.770103596456475,-1.91332204449339
-0.199143741349551,-1.61824773181746,-28.4700302276391,-0.537630109119342,-35.4387200528697,0.72663852799604,-1.64133161561149
-0.204805285651552,-1.61664820930251,-28.4756437058099,-0.526509873287963,-35.4797412658797,0.681860854340386,-1.34507912977862
-0.209755884827946,-1.61526281127552,-28.483413509365,-0.512942826385673,-35.5191988951997,0.635345608370618,-1.02477514595901
-0.21391563179074,-1.61406949625675,-28.4937431894509,-0.497024886993283,-35.5563180130347,0.587305549271298,-0.683226163633929
-0.21724235395429,-1.61299308210596,-28.5068383743121,-0.478988262155787,-35.5907166370155,0.538546251107495,-0.327028109381147
-0.219756697423795,-1.611911189821,-28.522597165535,-0.459201635097735,-35.622709784438,0.490001613877355,0.0328847222387945
-0.221540670560386,-1.61069346249396,-28.5406619947443,-0.438082945821744,-35.6531922226848,0.442025843235663,0.382782656672834
-0.222699311615706,-1.60925441573128,-28.5606521389336,-0.41595943543205,-35.6830527107839,0.394067392114193,0.709594677812214
-0.223313309013871,-1.6075785938603,-28.5824054313656,-0.392990628141727,-35.7126333223506,0.345034082613556,1.00366246222137
-0.223416587897766,-1.60570723240672,-28.6060710508767,-0.369202839089627,-35.7416459217768,0.293908807360146,1.25918606398836
-0.223001501035107,-1.60370989032887,-28.6320692649722,-0.344576179442104,-35.7694192627674,0.240111743111672,1.4732726283167
-0.222035312990252,-1.60166187282834,-28.6610071412263,-0.319118481357606,-35.795183347642,0.183523769080211,1.64484635438445
-0.220475190252428,-1.5996327774318,-28.6936045927008,-0.29290422703489,-35.8182500689997,0.124324618565372,1.77384186040075
-0.218277099604046,-1.59768357985249,-28.730643712575,-0.266084440651665,-35.8380869998653,0.0628029142641078,1.86063913707606
-0.215398852025454,-1.59586840412305,-28.772935317886,-0.238880646631426,-35.8543290081435,-0.000775481752583416,1.90565787261208
-0.211799333092553,-1.59423805804902,-28.8212910311591,-0.211573654966488,-35.8667716633425,-0.0662164567230378,1.90909468845689
-0.207436195400234,-1.59284358684414,-28.876489067721,-0.184492896961217,-35.8753735950351,-0.133372098273423,1.87082062340436
-0.202264020626184,-1.59173896456615,-28.9392233482376,-0.15800703493861,-35.8802755321937,-0.202056992142567,1.79044719056705
-0.196234863174028,-1.5909824666688,-29.0100265961553,-0.132512348954388,-35.8818268008963,-0.271922263261194,1.6675398185789
-0.18930329654377,-1.59063611521073,-29.0891603898396,-0.108412284565409,-35.8805981938391,-0.34230760990512,1.50193623443464
-0.181437948158674,-1.59076182522056,-29.1764772598918,-0.0860806430399167,-35.8773555435323,-0.41210377794524,1.29415093059041
-0.172639673163529,-1.59141236086622,-29.2712919254848,-0.0658038816911864,-35.8729716097493,-0.479668897882707,1.04593018865015
-0.162961890384965,-1.59261745158521,-29.3723398625292,-0.0477062277210869,-35.8682652214497,-0.542847488273047,0.761074247474624
-0.152522245858083,-1.59437242860066,-29.4779005547671,-0.0316777624543006,-35.8637873447856,-0.599163977155632,0.446420047951245
-0.1414923268349,-1.59664283618035,-29.5860722915611,-0.0173515255075522,-35.859642393128,-0.646296166992157,0.112262415237063
-0.130063118134627,-1.59938881419059,-29.6950673888576,-0.00418175442748986,-35.8554900722106,-0.682807089145606,-0.22877965581161
-0.118405466916184,-1.60258911813025,-29.8033968352585,0.00839041520039744,-35.850779564338,-0.708744710860843,-0.564245878764716
-0.106649302647516,-1.60624102324143,-29.9099300375369,0.0207833208328695,-35.8450615199641,-0.725626509706911,-0.884002792801186
-0.0948840091405047,-1.61033946377389,-30.0138893731541,0.033213514721933,-35.8381763465343,-0.735836516358562,-1.18100783570175
-0.0831674933190307,-1.61485715257926,-30.1148194010992,0.045720473717253,-35.8302643533585,-0.74189856641545,-1.45101719106049
-0.0715356922685479,-1.61973892552564,-30.2125353083681,0.0582299102442913,-35.8216679069584,-0.745990675333941,-1.69195764341935
-0.0600109039816768,-1.62490837612397,-30.3070507357259,0.0706178766067579,-35.8128112833115,-0.749764082380277,-1.90334792933858
-0.048608740056573,-1.63027889797789,-30.3984970127458,0.0827576573533289,-35.8041071668384,-0.754366099854065,-2.08585318884249
-0.0373430737123696,-1.63576325576401,-30.4870518031008,0.0945453020685819,-35.7959036552016,-0.760552653576237,-2.24093507564132
-0.0262286332890736,-1.64127959188355,-30.5728897374,0.105907318749145,-35.788465990173,-0.768816110514672,-2.37055427816802
-0.0152816333011904,-1.64675420101912,-30.6561572591127,0.116797181298832,-35.7819800741637,-0.779492222194967,-2.47691370661518
-0.0045192757305974,-1.65212221661477,-30.7369661170505,0.127187078408193,-35.7765655259402,-0.792835344981355,-2.56225085593608
0.0060410959347546,-1.65732725457521,-30.8153974464202,0.137059291122084,-35.7722902442565,-0.809064673275157,-2.62868751728294
0.0163827097329581,-1.66232068064599,-30.891509750088,0.14639932798562,-35.769182753471,-0.828389170948479,-2.67813556066895
0.0264897607972395,-1.66706082841461,-30.9653467564613,0.155191361165304,-35.7672414258642,-0.851018827732163,-2.71224978916789
0.0363474880982504,-1.67151228082436,-31.0369434304041,0.163415716973227,-35.7664409921319,-0.877167853445486,-2.73241622211242
0.0459420102651754,-1.6756452201037,-31.1063298451346,0.171047931305721,-35.766737138054,-0.907053248327427,-2.73976529424868
0.0552600180031923,-1.67943480754165,-31.1735333190202,0.178058905706042,-35.768069962134,-0.94089053639472,-2.73520214860923
0.0642884194957506,-1.68286054541236,-31.2385794893007,0.184415812418779,-35.7703669284888,-0.97888740164947,-2.71944895679635
0.0730140330210856,-1.68590558251701,-31.3014930676163,0.190083508232308,-35.7735458056822,-1.02123539366807,-2.69309634760253
0.0814234241815314,-1.68855594721385,-31.3622990283294,0.195026295190394,-35.7775179532498,-1.06809962944319,-2.65666239791833
0.08950299091288,-1.69079972757017,-31.4210249590279,0.199209905134859,-35.7821921815195,-1.11960642677967,-2.61065827155512
0.097239397114894,-1.69262626712168,-31.477705219104,0.20260358658075,-35.7874792360155,-1.17582902373665,-2.55565953500397
0.104620430175163,-1.6940255019239,-31.5323873375479,0.205182142500262,-35.7932967258672,-1.2367719652709,-2.4923814051283
0.111636290405236,-1.69498761573566,-31.5851406453088,0.206927714800855,-35.7995740354902,-1.30235536424728,-2.42175455126511
0.118281201108503,-1.6955032096194,-31.6360664443946,0.207831052427606,-35.8062564836014,-1.37240104691183,-2.34499539131572
0.124555062731778,-1.69556413483348,-31.6853081101344,0.20789196329523,-35.8133078148161,-1.4466234434697,-2.26366120952902
0.13046470937356,-1.69516499546848,-31.7330586486687,0.20711868256546,-35.8207101339707,-1.52462870125977,-2.17967689310923
0.136024251535604,-1.69430509601768,-31.7795628358665,0.205526044963649,-35.8284607002902,-1.60592538373557,-2.09531904870941
0.141254112141311,-1.69299036004278,-31.8251116645987,0.20313265008393,-35.8365655913398,-1.68994868240814,-2.01314798680618
0.146178725700489,-1.6912346128906,-31.8700286545207,0.199957591548169,-35.8450310232122,-1.77609708046425,-1.93589020958743
0.150823361604261,-1.68905972865808,-31.9146501562996,0.196017607983915,-35.8538538617911,-1.86377660256761,-1.8662903794174
0.155210895692662,-1.68649449115064,-31.9593038973883,0.191325509388991,-35.8630133061571,-1.95244488349714,-1.80696394401455
0.15935936335986,-1.68357244203246,-32.0042904810889,0.185890382475385,-35.8724656674946,-2.04164704350224,-1.76028151380282
0.163280779099008,-1.6803292560277,-32.0498711283245,0.179719551282925,-35.8821436027999,-2.13103807617394,-1.728302958093
0.166981232803261,-1.67680017828617,-32.0962625982939,0.172821832100192,-35.8919602963229,-2.22039071875875,-1.71276059488488
0.170461938728838,-1.67301785693297,-32.1436382629871,0.165211435513558,-35.901818161591,-2.30959156307975,-1.71507632977666
0.173720834343309,-1.6690106769548,-32.1921335110293,0.156911897635652,-35.9116207950437,-2.39863028761933,-1.73639182064564
0.176754443639656,-1.66480159228753,-32.2418539304351,0.147959516856229,-35.9212861282796,-2.48758727365607,-1.77759240981043
0.179559897465566,-1.66040751160739,-32.2928854998451,0.138405787466988,-35.9307579433491,-2.57662404082195,-1.83931058731293
0.182137115047787,-1.65583949503283,-32.3453066265262,0.128318199253271,-35.9400121835043,-2.66597925350996,-1.92189941239484
0.184491111956818,-1.65110428473656,-32.3992017934669,0.117778543030214,-35.9490540858566,-2.75597053265161,-2.02536851765067
0.186634163177268,-1.64620789460641,-32.4546754627469,0.106877644317472,-35.957902607517,-2.84699869677064,-2.14927486981863
0.188587121314885,-1.64116191752146,-32.5118626164128,0.0957054454701212,-35.966560701832,-2.93954633360391,-2.29256014981618
0.190378683180976,-1.63599257431436,-32.5709291173514,0.0843359163280265,-35.9749747781852,-3.03415763789046,-2.45333428999704
0.192041155078298,-1.6307510005435,-32.6320520114867,0.0728078959148697,-35.9829951243076,-3.13138430399402,-2.6286340558633
0.193601942266333,-1.6255208837599,-32.695369900918,0.0611060128726477,-35.9903601033373,-3.231689223059,-2.81424685755002
0.195072216943398,-1.62041760127042,-32.7609018262518,0.0491494336724596,-35.9967328886669,-3.33532225322199,-3.00475941976817
0.196437401535991,-1.6155744050228,-32.8284531713334,0.0367969701281877,-36.001804681136,-3.44221445585353,-3.1939799447373
0.197655338776512,-1.61111793167621,-32.8975501458064,0.0238710855624728,-36.0054355109119,-3.55194918943223,-3.37570282923288
0.198664459593673,-1.60714335704811,-32.9674464888509,0.0101927093342175,-36.0077621259826,-3.66383220686894,-3.54453277881571
0.199398021634974,-1.60370057941748,-33.0372125986351,-0.00438693580308218,-36.0092114887773,-3.77702303823437,-3.69643061504106
0.199797456323015,-1.60079527467326,-33.1058706573495,-0.0199668943692928,-36.0104182740593,-3.89066547293213,-3.82886147451414
0.199820093058778,-1.59840028235278,-33.1725193189854,-0.0365904639048341,-36.012097238575,-4.00397846620284,-3.94066779792723
0.199440664384738,-1.59646998575457,-33.2364100916096,-0.054248748438973,-36.0149265616695,-4.11630198942807,-4.03185003720643
0.198648631416294,-1.59495239164187,-33.2969715943609,-0.0728892715472974,-36.0194710621841,-4.22710860780803,-4.10336277617024
0.197443875548965,-1.5937968979126,-33.3538003241546,-0.0924262419292261,-36.0261466485544,-4.33599385246904,-4.15694814947003
0.195832590509591,-1.59295806458736,-33.4066393829186,-0.112750347124833,-36.0352144670848,-4.44265640677279,-4.19498804844619
0.193824231090992,-1.59239666310548,-33.455357837927,-0.133737008875941,-36.0467925451917,-4.54687655706875,-4.22035471314031
0.191429643828638,-1.592079288524,-33.4999337729362,-0.155252797268865,-36.0608766980763,-4.64849852887326,-4.23625323582795
0.188660136619017,-1.59197743100565,-33.5404390651038,-0.177160157243354,-36.0773660192421,-4.74741936668859,-4.24606340745469
0.185527146001663,-1.59206649321081,-33.5770234165143,-0.19932080334712,-36.0960900503445,-4.84358447868324,-4.25319560834867
0.182042202124088,-1.59232495314256,-33.6098968073932,-0.221598187601105,-36.1168353670895,-4.93698833176929,-4.26097525986039
0.17821698606236,-1.59273370513202,-33.6393112575899,-0.243859426062731,-36.1393697461916,-5.02767810638774,-4.27256473071328
0.174063378830546,-1.59327552070512,-33.6655436975359,-0.265977031789336,-36.1634627410118,-5.11575815408122,-4.29092358858699
0.169593493690345,-1.59393452370544,-33.688881832841,-0.287830750790043,-36.1889023496726,-5.20139342323998,-4.31880055244319
0.164819749104814,-1.59469555562727,-33.7096144648535,-0.309309722995985,-36.2155082542774,-5.28481027441305,-4.35874526494423
0.159755072892634,-1.59554331286856,-33.7280271173622,-0.330315068832057,-36.2431425922912,-5.36629308776827,-4.41312572140493
0.154413328296952,-1.59646117078628,-33.7444031693273,-0.350762799657224,-36.2717192317558,-5.44617476443892,-4.48413779718327
0.148810016558117,-1.59742968481519,-33.7590299663758,-0.370586633624778,-36.3012119879936,-5.52481885897637,-4.57379657542996
0.142963227378931,-1.59842490156023,-33.7722084054013,-0.389739863638442,-36.3316611314697,-5.60259106011275,-4.68390463015231
0.136894665740893,-1.59941684347782,-33.7842630960467,-0.408194954059768,-36.3631759843089,-5.67981851504445,-4.81599827024173
0.130630385384878,-1.60036883813677,-33.7955484559651,-0.425939250392974,-36.3959296655794,-5.75673723931969,-4.97127420150836
0.124200653923857,-1.60123867703612,-33.8064443865357,-0.442965358633479,-36.4301406237384,-5.83343016394795,-5.15048822903835
0.117638261941141,-1.6019827733488,-33.8173341854696,-0.459255628929735,-36.4660351888395,-5.90976096039113,-5.35378905389556
0.11097472231994,-1.60256430734309,-33.8285582129376,-0.474761979897102,-36.5037871265593,-5.98531387012113,-5.58041562477184
0.104234433246854,-1.60296529557841,-33.8403424238019,-0.489385588650726,-36.5434367883092,-6.05936407530401,-5.82819767680127
0.0974283277173748,-1.60319970814839,-33.8527171170474,-0.502966345878686,-36.5848089275169,-6.13093023367826,-6.09295414439231
0.0905505662253666,-1.60332023638212,-33.8654694028374,-0.515296451421042,-36.6274744438557,-6.19897258333486,-6.36821621958181
0.0835822248629168,-1.60340969532367,-33.8781861187624,-0.526165045899262,-36.6708098962139,-6.26272468032296,-6.64587807335041
0.0765017724927164,-1.60355684950885,-33.8903942523321,-0.535415267204511,-36.7141533613636,-6.32198852677239,-6.91780149657635
0.0692962200977583,-1.60383057917196,-33.9017191558732,-0.54297777677453,-36.7569680911617,-6.37718894339511,-7.17743041853554
0.0619667237006227,-1.60426718105708,-33.9119695066415,-0.548864862897077,-36.7989231140763,-6.42918198906949,-7.42048052229947
0.0545278645615426,-1.60487247113511,-33.9211333550194,-0.55314097123135,-36.839882938835,-6.47898726302308,-7.64471521601996
0.0470036030960343,-1.60563118269783,-33.9293265304571,-0.555892065158016,-36.8798525341699,-6.5275851750939,-7.84936574355231
0.039422764319558,-1.60651686011688,-33.9367340094117,-0.557204553693269,-36.9189173743711,-6.57581387545877,-8.03460621126848
0.031815417236555,-1.60749936417547,-33.9435633915772,-0.557154465445853,-36.9571955325242,-6.62434170753463,-8.20120171457086
0.024210454513075,-1.60854963505125,-33.9500145914282,-0.555803969479155,-36.9948051950462,-6.67368193394715,-8.35029858705358
0.0166342334141847,-1.60964225182922,-33.9562636728674,-0.553202198289783,-37.0318459693991,-6.72422509992257,-8.48329695866395
0.00911001480015879,-1.61075645408892,-33.9624570752691,-0.549388092576602,-37.0683908457864,-6.77627419634348,-8.60176252237482
0.00165793486256468,-1.61187619494948,-33.9687124841837,-0.54439378198602,-37.1044853450856,-6.83007502119753,-8.70735648325792
-0.00570471520047711,-1.61298966272609,-33.9751232356294,-0.538247662713,-37.1401507036446,-6.88583892499216,-8.80177718996574
-0.0129630696732844,-1.61408858097161,-33.9817640152365,-0.530976807438992,-37.1753886875059,-6.94375797020636,-8.88671305869257
-0.02010423918183,-1.61516748383554,-33.9886964811993,-0.522608646218216,-37.2101865094014,-7.00401389366169,-8.96380718166158
-0.0271168933036787,-1.61622307279764,-33.9959741400749,-0.513172012256182,-37.2445210850369,-7.06678260959746,-9.03463269792133
-0.0339909011310599,-1.61725369599225,-34.0036462734793,-0.502697698389102,-37.2783623852022,-7.13223578417383,-9.10067658500907
-0.0407170349564912,-1.61825895091693,-34.0117609727804,-0.491218665304622,-37.311675921525,-7.20054060019788,-9.16332875752489
-0.0472867319004723,-1.61923938937836,-34.0203674479707,-0.478770018600322,-37.3444245086217,-7.27185841090741,-9.223873237263
-0.0536919052903941,-1.6201962932824,-34.0295177994308,-0.465388850581699,-37.3765694494323,-7.34634263841743,-9.28347845273545
-0.0599247982367145,-1.62113148570678,-34.03926842508,-0.451114034825253,-37.408071248001,-7.42413601371858,-9.34318420263289
-0.0659778738433298,-1.62204714031121,-34.0496812117087,-0.435986067764379,-37.4388899009089,-7.50536706769889,-9.40388335407332
-0.0718437372453107,-1.62294555248079,-34.0608246445424,-0.420047067791664,-37.4689847702611,-7.59014564432059,-9.46629691352374
-0.0775150829301899,-1.62382883899825,-34.0727749706254,-0.403341056660852,-37.4983140092228,-7.67855712326852,-9.53094177799951
-0.0829846550059162,-1.62469854276453,-34.0856175658819,-0.385914643431535,-37.5268335030448,-7.77065503649901,-9.59809140760967
-0.088245198297136,-1.6255551399562,-34.0994486677723,-0.3678181841276,-37.5544953217188,-7.86645191173355,-9.6677311292859
-0.0932893664088186,-1.62639748357347,-34.114377615763,-0.349107376384776,-37.581245780992,-7.96590857862444,-9.73951211449273
-0.0981095439484716,-1.62722226992741,-34.1305296483286,-0.329845057560324,-37.6070233985887,-8.06892291557313,-9.81271143742743
-0.102697541822033,-1.6280236730906,-34.1480490998823,-0.310102734048802,-37.6317572992292,-8.17532006436146,-9.88620954675994
-0.107044144201988,-1.62879333013151,-34.1671025181917,-0.28996117171886,-37.6553668667477,-8.28484716981103,-9.9584992685489
-0.111138524672536,-1.62952083778745,-34.1878808422677,-0.269509374987958,-37.6777634757178,-8.39717602747423,-10.027739143979
-0.114967595833673,-1.63019481036862,-34.210599465096,-0.248841611838567,-37.6988547827528,-8.51191585023933,-10.091855843921
-0.118515390665885,-1.63080436894533,-34.2354948863469,-0.228052775347843,-37.7185513728946,-8.6286355197314,-10.1486863801762
-0.121762579637109,-1.63134076712028,-34.2628167961032,-0.207233032023485,-37.7367749238826,-8.74689123052667,-10.1961369499443
-0.124686211869909,-1.63179881012279,-34.292814804348,-0.186463004253557,-37.7534669368361,-8.86625330019303,-10.2323298740872
-0.127259757093936,-1.63217782362142,-34.3257196394039,-0.165810488509338,-37.7685975489668,-8.98632640374132,-10.2557169352879
-0.129453535332642,-1.63248210326557,-34.3617195662486,-0.145329120769727,-37.7821744950948,-9.10676011574237,-10.2651519170601
-0.131235638866807,-1.63272090796496,-34.4009340870083,-0.125058859620322,-37.7942522776766,-9.2272496516106,-10.25992845028
-0.132573433781137,-1.63290808261566,-34.4433884842112,-0.105027914835468,-37.8049408171575,-9.34752862629569,-10.2397952588514
-0.133435636342552,-1.63306133390985,-34.4889938513701,-0.0852557619741011,-37.8144116534933,-9.46735623299062,-10.2049589827999
-0.133794790464838,-1.63320112149726,-34.5375371301367,-0.0657569284022391,-37.8228988592827,-9.58650116641289,-10.156077946471
-0.133629780565784,-1.63334915038704,-34.5886839160324,-0.0465451222040412,-37.8306918557273,-9.70472471271669,-10.0942422641693
-0.132927893700689,-1.63352658409345,-34.6419938710331,-0.0276370054400328,-37.8381186152795,-9.82176604816174,-10.0209299099732
-0.131685983051259,-1.63375227829626,-34.6969457664581,-0.00905470797396642,-37.8455201879329,-9.93733353181779,-9.93792793692421
-0.129910504614505,-1.63404143444809,-34.7529677520261,0.00917366221326513,-37.8532205336983,-10.0511056364663,-9.84721509088449
-0.127616527139496,-1.63440498465033,-34.8094688046138,0.0270156223467549,-37.8614981438337,-10.1627432332708,-9.7508154998312
-0.124826101605287,-1.63484975406585,-34.865868745962,0.0444373029634131,-37.8705663657424,-10.2719114034557,-9.65064668373249
-0.121566474418393,-1.63537915483247,-34.9216255222741,0.0614065657737802,-37.8805668150202,-10.378305461141,-9.54839015891764
-0.117868503570807,-1.63599402687544,-34.9762587911769,0.0778951191243364,-37.8915757056802,-10.4816745345491,-9.44540533811797
-0.113765401353956,-1.63669331719473,-35.029368415406,0.0938791310256481,-37.903618861106,-10.5818376419498,-9.34269192853341
-0.109291743579984,-1.63747448333016,-35.0806461248029,0.109338528026445,-37.9166896508278,-10.6786905315803,-9.24089194289726
-0.104482634249813,-1.63833367216499,-35.1298791565712,0.124255553428961,-37.9307652009292,-10.7722046409952,-9.14031604195344
-0.0993729620481925,-1.63926578694312,-35.1769460670214,0.138613184799905,-37.945818493108,-10.8624211103222,-9.04098018626616
-0.0939967524225466,-1.64026453126498,-35.2218063970896,0.152393829296297,-37.9618259354976,-10.9494428127221,-8.94264367823357
-0.0883866553372185,-1.64132246450076,-35.264486761763,0.165578497372157,-37.9787710530988,-11.0334265189653,-8.84484487119223
-0.0825736082500631,-1.64243105930842,-35.3050659894453,0.178146490807988,-37.9966452235766,-11.1145762749819,-8.74693427823629
-0.0765866927260884,-1.64358073143873,-35.3436613849305,0.190075547567019,-38.0154462347766,-11.1931382374962,-8.64810636826923
-0.0704531790103383,-1.64476081012665,-35.3804173975624,0.201342344674304,-38.0351751518602,-11.2693966697965,-8.54743162369518
-0.0641987342271674,-1.64595942599851,-35.4154972353449,0.211923248685336,-38.0558317077655,-11.3436704877163,-8.44389012985473
-0.0578477576928259,-1.64716330746653,-35.4490774019651,0.221795202380887,-38.0774082317355,-11.4163095588986,-8.3364074972072
-0.0514237972476094,-1.64835749508107,-35.4813447482076,0.230936633609459,-38.0998820375576,-11.4876898248876,-8.22389341390466
-0.0449499893348993,-1.649525007662,-35.5124953563814,0.23932825891843,-38.1232062378073,-11.558206200109,-8.10528257265691
-0.038449449511825,-1.65064652623535,-35.5427343489794,0.246953631334396,-38.1472991843331,-11.6282621163092,-7.97957711698296
-0.0319455205429166,-1.65170020243615,-35.5722754919584,0.253799261173093,-38.1720332264382,-11.6982545558224,-7.84588934931766
-0.025461769239894,-1.6526617450464,-35.6013392634553,0.259854151149844,-38.1972243043029,-11.7685535164318,-7.70348380531824
-0.0190216243838408,-1.65350498566474,-35.6301479492863,0.265108673257993,-38.2226251050722,-11.8394752152429,-7.55181970819499
-0.0126475823158265,-1.65420315935947,-35.6589164318641,0.269552908109359,-38.2479260195529,-11.911249306796,-7.39059872379403
-0.00635998699420909,-1.65473113001227,-35.687837840838,0.273174858401933,-38.2727694811571,-11.983982569765,-7.21982797182989
-0.000175519938545806,-1.65506868183631,-35.7170643993686,0.275959252085756,-38.2967832172389,-12.0576255843983,-7.03991091210729
0.00589430093330282,-1.65520468466164,-35.7466859565701,0.27788779533534,-38.3196343517242,-12.1319547127791,-6.85177213998492
0.0118441536923751,-1.65514132761545,-35.7767119015828,0.278941500021172,-38.341097128332,-12.2065864605172,-6.65699843110181
0.0176749414173355,-1.65489681499952,-35.807065307994,0.27910495834863,-38.3611135743246,-12.2810385920241,-6.4579385118321
0.023392433865234,-1.65450450978156,-35.8375981385512,0.278371353819575,-38.3798172272672,-12.3548354241912,-6.25767318685312
0.0290046185765337,-1.65400738775883,-35.8681295601099,0.276746250877397,-38.3974983481674,-12.4276268616311,-6.05979217070273
0.0345185154902112,-1.65344896926839,-35.8984971836611,0.274248574193145,-38.4145179761414,-12.4992725997371,-5.86801086357294
0.0399375678036909,-1.65286406525266,-35.9286024364268,0.270908637263845,-38.4312080466589,-12.5698564680885,-5.68576186586499
0.0452604204804434,-1.65227272003039,-35.9584347439693,0.266764490514393,-38.4477992131189,-12.6396344877278,-5.51590549192001
0.0504811678117645,-1.65167868510035,-35.9880715652204,0.261858207809541,-38.4643954509634,-12.7089511705498,-5.36061756680694
0.0555905686392021,-1.65107154617246,-36.0176617727101,0.256233137109147,-38.4809880639516,-12.7781612589682,-5.22141975680684
0.0605775866713107,-1.65043068298437,-36.047402619601,0.249932376426072,-38.4974896735193,-12.8475772329637,-5.09928187640878
0.0654307891589042,-1.64972947366294,-36.0775177916797,0.242998276590097,-38.5137709174885,-12.9174449977242,-4.99473920896608
0.0701393882054105,-1.64893881914883,-36.1082401213272,0.235472623679628,-38.5296901321683,-12.9879403942637,-4.90799554780647
0.0746938975746504,-1.64802964934459,-36.139799709505,0.227397160044539,-38.5451129138266,-13.0591769754373,-4.83900293471414
0.0790864791111521,-1.64697443890388,-36.172416728254,0.218814153347996,-38.5599223248043,-13.1312172342242,-4.78751836416366
0.083311088504769,-1.6457479412911,-36.206297608743,0.209766778963199,-38.5740220985629,-13.2040823349342,-4.75314001029869
0.0873635273295965,-1.64432741076253,-36.2416332393005,0.200299135820056,-38.5873354345108,-13.2777579941309,-4.73532512581736
0.0912414857117936,-1.64269257308245,-36.2785979670668,0.19045577243739,-38.5998015671942,-13.3521960392367,-4.73339121332909
0.0949446285164684,-1.64082555745268,-36.3173485078455,0.180280664256169,-38.6113716749244,-13.4273123624439,-4.74650240488988
0.0984747438964902,-1.63871093035689,-36.358022273701,0.169815662969573,-38.6220050930046,-13.5029826940363,-4.77364441153376
0.101835939792853,-1.63633588480182,-36.4007350772897,0.159098542294673,-38.6316663236482,-13.5790380359442,-4.81359377467814
0.105034846780746,-1.63369054263636,-36.4455785949704,0.148160888649317,-38.6403230284312,-13.6552618308279,-4.86489002362147
0.108080771066019,-1.63076823919882,-36.4926182359857,0.137026204767043,-38.6479450475955,-13.731390927708,-4.92582179559522
0.110985746885588,-1.62756560873554,-36.5418920165901,0.125708654301939,-38.6545044851792,-13.8071219579888,-4.99443848184094
0.11376446420895,-1.62408231329879,-36.5934105768672,0.114212809657197,-38.6599769653384,-13.8821236716736,-5.06859582638402
0.116434085063747,-1.62032037479056,-36.6471577157281,0.102534537821112,-38.6643442065631,-13.9560541807715,-5.14603647284724
0.119013988338762,-1.61628324650842,-36.7030901393265,0.090662818904223,-38.6675979785049,-14.0285804146923,-5.22449646345365
0.121525478768913,-1.61197491112107,-36.7611350203324,0.0785819806604602,-38.6697452620086,-14.0993961872707,-5.30182021242336
0.123991460315294,-1.60739932529305,-36.8211847087221,0.0662737110884522,-38.6708140869564,-14.1682356524629,-5.37606362543002
0.126436030180784,-1.60256041853621,-36.8830892567519,0.0537183517046269,-38.6708592099236,-14.234880428473,-5.44556902122649
0.128883928567637,-1.5974626525548,-36.94664866734,0.0408953015942293,-38.6699666512316,-14.2991605268461,-5.50900383154171
0.131359797219178,-1.59211195841593,-37.0116073276238,0.027782713497223,-38.6682562059835,-14.3609505966154,-5.56536359923066
0.133887248398393,-1.58651676943205,-37.077652749315,0.0143568922456974,-38.6658813476978,-14.4201634991166,-5.61394562209266
0.136487801388013,-1.5806888753484,-37.1444197650435,0.00059185433484129,-38.6630263521236,-14.4767429988329,-5.65430201683241
0.139179783444692,-1.57464390694768,-37.2115001962051,-0.013540596762599,-38.659900854788,-14.5306567657164,-5.68618086145922
0.141977306625637,-1.56840137071944,-37.278457105833,-0.0280701104367351,-38.6567323257969,-14.5818902759291,-5.70946264461298
0.144889423604283,-1.56198425194145,-37.3448422304474,-0.0430263677066096,-38.6537570768491,-14.6304417480856,-5.72409743154892
0.147919543013948,-1.5554182717344,-37.4102149924542,-0.0584371725973301,-38.6512104473747,-14.676318003629,-5.73004646189323
0.151065154624351,-1.54873091761938,-37.4741614770712,-0.0743263106788306,-38.6493168071054,-14.7195310505451,-5.72723053184185
0.154317879867349,-1.54195037342171,-37.5363118155713,-0.0907114377595816,-38.6482799901564,-14.7600952051255,-5.71548652827513
0.15766382549574,-1.53510445957615,-37.5963545464026,-0.107602206993887,-38.6482747224715,-14.7980246416335,-5.69453283764855
0.161084181725204,-1.52821966365267,-37.6540467896328,-0.124998742119317,-38.6494394744697,-14.8333313738162,-5.66394399704613
0.164555979433535,-1.52132029776468,-37.7092195119259,-0.142890440695055,-38.6518709344665,-14.8660238293439,-5.62313485977597
0.168052914031982,-1.51442777139174,-37.7617777390046,-0.161254970228612,-38.6556199814858,-14.8961064036481,-5.57135470625191
0.171546163313316,-1.50755992648345,-37.8116961533212,-0.180057227098611,-38.6606887297341,-14.9235807056157,-5.50769212330059
0.175005173515948,-1.5007303598125,-37.85901093212,-0.199247989950858,-38.6670280592899,-14.9484496664455,-5.43109201015573
0.178398454719686,-1.4939476700416,-37.9038088090481,-0.218762042131258,-38.6745351900172,-14.970726271158,-5.34038655821421
0.181694499488752,-1.48721462699697,-37.9462141578426,-0.238515692643748,-38.6830514286249,-14.9904493095037,-5.23434225470054
0.184862996663722,-1.48052737741431,-37.9863744932522,-0.258403923841946,-38.6923612879186,-15.0077090023025,-5.11172476629077
0.187876527043254,-1.47387497368894,-38.0244443664265,-0.278297853359853,-38.702195669687,-15.0226851873524,-4.97138327175144
0.190712863712088,-1.46723971624563,-38.0605675021439,-0.298043790197578,-38.7122433985874,-15.0356991907674,-4.81235631128384
0.193357817108801,-1.4605989752632,-38.0948575571844,-0.317465784358866,-38.7221764280534,-15.0472764434274,-4.63400344013263
0.195808226538957,-1.45392919068177,-38.1273794335748,-0.33637400245718,-38.7316934714934,-15.0582088798177,-4.43617015331075
0.198074193542834,-1.44721246037848,-38.1581357657588,-0.354581149293081,-38.7405832945001,-15.0695931143558,-4.21939276713886
0.200179070421292,-1.44044528321329,-38.1870662790421,-0.371927917202269,-38.7488010429149,-15.0828045728639,-3.98513617943928
0.20215543538974,-1.43364750201169,-38.2140687066825,-0.388315327878966,-38.7565385265943,-15.099360828206,-3.73602468887054
0.204036079279401,-1.42686769900667,-38.2390447517976,-0.403736560126573,-38.7642563573515,-15.1206531407587,-3.47598290568568
0.205841569925869,-1.42018058026516,-38.2619612405768,-0.418295083336155,-38.7726435066575,-15.1476004089612,-3.21017295677779
0.207569433550785,-1.41367405070095,-38.2829015922472,-0.432194322922363,-38.7824915925318,-15.1803709634459,-2.94462099048303
0.209191295239821,-1.40742913391064,-38.3020800557312,-0.44569271304406,-38.7945159919263,-15.2183334235633,-2.6855130449745
0.210660514351139,-1.40150147808191,-38.3198090229386,-0.459037094700228,-38.8091953768982,-15.2602796730701,-2.43834018400773
0.211925977040833,-1.39591322802069,-38.3364371242638,-0.472403157710089,-38.8266963827826,-15.3047932635433,-2.20724497326553
0.212944375281596,-1.39065719075492,-38.352289230793,-0.485866632001463,-38.8468979412274,-15.3505756395671,-1.99482156806672
0.213686292295777,-1.38570808645916,-38.367629480815,-0.499407762454264,-38.8694778939582,-15.3966266117256,-1.80231875462956
0.214136344399563,-1.38103426143269,-38.3826497928118,-0.512935645591325,-38.894012273641,-15.4422877397589,-1.63001305242317
0.214290036036715,-1.37660613856021,-38.3974755473064,-0.526317431795851,-38.9200559189476,-15.4872055437407,-1.47755940814801
0.214149769159739,-1.37240075565788,-38.412179108621,-0.539403365101625,-38.947194752412,-15.5312644190081,-1.34424670201513
0.213721368912139,-1.36840326018451,-38.4267948957806,-0.55204444269937,-38.9750725277103,-15.5745173596683,-1.22916497548426
0.213011602818062,-1.36460653906946,-38.441332750781,-0.564102800519044,-39.0033991052607,-15.6171264892851,-1.13131541914692
0.21202668002624,-1.36100996074282,-38.4557883345799,-0.575456316584592,-39.0319473602952,-15.6593169537487,-1.04968924189709
0.210771514380058,-1.3576178897426,-38.4701503847155,-0.585999249752598,-39.0605443446191,-15.7013438499101,-0.983330001625191
0.209249496270961,-1.35443835306843,-38.4844052099549,-0.595640546814766,-39.089060549546,-15.7434701507692,-0.931385446336309
0.207462558978545,-1.3514820326552,-38.4985389908227,-0.604301064896349,-39.1173995567494,-15.7859529347264,-0.89315087635708
0.205411394023406,-1.34876162992031,-38.5125384408844,-0.611910554983272,-39.1454891972195,-15.8290351503142,-0.868104922785493
0.203095738127212,-1.34629157922824,-38.5263902694972,-0.618404943240007,-39.1732745937091,-15.8729403742351,-0.855938591694515
0.200514707536933,-1.34408805481373,-38.5400797554397,-0.623724272101829,-39.200713087733,-15.9178683671826,-0.856578266510451
0.19766718537431,-1.34216919883253,-38.5535886601896,-0.627811618981317,-39.2277709800681,-15.9639896403611,-0.870202604479307
0.194552265073398,-1.34055548280315,-38.5668927329917,-0.630613351693211,-39.2544221732388,-16.0114377918325,-0.897251942239333
0.19116970654385,-1.3392700976253,-38.5799592215976,-0.632081118926964,-39.2806491006262,-16.0602992321644,-0.938427375056639
0.187520268993895,-1.33833925665144,-38.5927450890915,-0.632175886516969,-39.3064465686782,-16.1106012161126,-0.994675807290751
0.18360567258168,-1.33779230016754,-38.6051969603099,-0.63087400462375,-39.331829001921,-16.1623006771018,-1.06715755722329
0.17942787407646,-1.33766149297138,-38.6172540574179,-0.628174719207488,-39.3568407405528,-16.2152777559046,-1.15719432416499
0.174987392913335,-1.33798136160106,-38.6288554645482,-0.624107842898117,-39.3815674255598,-16.2693386227463,-1.2661963158682
0.170280629710081,-1.33878728001433,-38.6399530040311,-0.618739600612794,-39.4061444469931,-16.3242320453118,-1.39556685086499
0.165296478552047,-1.34011281505447,-38.6505307424339,-0.612173954845173,-39.4307564743641,-16.3796830392377,-1.54658051450115
0.160013055489782,-1.34198523733363,-38.6606312878494,-0.604545958476358,-39.4556208446,-16.4354440449542,-1.72022746188284
0.154396059850606,-1.34441883683932,-38.670386872701,-0.596003178568806,-39.4809480900166,-16.4913578639962,-1.91701277759197
0.148401027377841,-1.34740653532786,-38.6800489448063,-0.586672010379871,-39.5068772640405,-16.5474161287417,-2.13669994626169
0.14198199094188,-1.35091193211539,-38.6900034494308,-0.576609690814199,-39.5333951030768,-16.6037846896179,-2.37800419069885
0.13510765319585,-1.35486603542154,-38.7007525177273,-0.565752114558298,-39.5602676993166,-16.6607618910061,-2.63829711253583
0.127781788578224,-1.35917397705832,-38.7128446933431,-0.553880872538061,-39.5870324554734,-16.7186535860427,-2.91348299674012
0.120058322551142,-1.36373413666228,-38.7267564860166,-0.540639508208031,-39.6130906537828,-16.7776007046087,-3.19826697909574
0.112039607177544,-1.36846429867963,-38.7427656532665,-0.525611425773777,-39.6378844845624,-16.8374543311309,-3.48689327341243
0.103855093786822,-1.37332248467665,-38.7608783068219,-0.508431917438909,-39.6610706881095,-16.8977909919131,-3.77409849195277
0.095631178018243,-1.37831244161464,-38.7808457998196,-0.488881140130464,-39.6825970741979,-16.9580721602793,-4.0558532203391
0.0874674370920591,-1.38347395954757,-38.8022545524484,-0.46692146461766,-39.7026618768419,-17.0178587518288,-4.3296746496406
0.0794270657955356,-1.38886596924909,-38.8246402951076,-0.442679952630536,-39.7216077742709,-17.0769781046604,-4.59459164019861
0.0715397710707281,-1.3945508516396,-38.8475816691373,-0.416400391046377,-39.7398156244606,-17.1355908569969,-4.85092422745717
0.0638107558646419,-1.4005845935964,-38.8707513893759,-0.388391665596811,-39.7576353515423,-17.1941586071827,-5.09996709308353
0.056229695815101,-1.4070131823915,-38.8939291752914,-0.358989530616278,-39.7753587703658,-17.2533432211528,-5.34360812246272
0.0487762843413453,-1.41387272647404,-38.9169974183971,-0.328536338285365,-39.793218810565,-17.3138764273479,-5.5839064222708
0.041421897644864,-1.42118967149022,-38.9399431937828,-0.297373756668453,-39.8113938922911,-17.3764322122398,-5.82266566400166
0.0341291253806774,-1.42897798775506,-38.962881102408,-0.265839140487181,-39.8300014162045,-17.4415234707757,-6.06105054356105
0.0268519722703457,-1.43723205917049,-38.9860953315872,-0.234256838095403,-39.8490760696297,-17.5094347560561,-6.29930464765939
0.0195392695486594,-1.4459167914502,-39.0100809917857,-0.202920406940149,-39.8685429284095,-17.5801967111979,-6.53662716423382
0.0121421778500276,-1.45495907740501,-39.0355507377689,-0.172068711322536,-39.8882067901258,-17.6536034836108,-6.77123786272189
0.00462428189958438,-1.46424549594009,-39.0633711956721,-0.141864540148477,-39.9077812783934,-17.7292688410965,-7.00060449653702
-0.0030288279790663,-1.47362915034254,-39.0944107856402,-0.112384624198847,-39.9269700890257,-17.8067069117592,-7.22174984243955
-0.0108033301707919,-1.48294522703849,-39.1293161005403,-0.0836243467218535,-39.9455900665545,-17.8854125504148,-7.43153311912183
-0.0186556472764023,-1.49203245255496,-39.1682800129316,-0.0555139540268232,-39.9636990378071,-17.9649146877615,-7.62683451084974
-0.026515899212636,-1.50075653923047,-39.2109001028465,-0.027941299691818,-39.9816734100729,-18.0447906279216,-7.80464866562798
-0.0342963313169166,-1.50903042685102,-39.2562148397063,-0.000778739442220609,-40.0001884820895,-18.1246531625754,-7.96215569756766
-0.0419037122121277,-1.51682495119388,-39.3029248346009,0.0260872204365162,-40.0200967255725,-18.2041386866048,-8.09682348276711
-0.0492524846390614,-1.52416571040191,-39.3497005126015,0.0527282481089639,-40.0422543473608,-18.2829204553034,-8.20651609824406
-0.0562744082951434,-1.53111800853936,-39.395437133484,0.0791557213936225,-40.0673697555796,-18.3607504549093,-8.28953293305779
-0.0629223961310692,-1.53776695262743,-39.4393751961258,0.105315416565424,-40.0959208433589,-18.4375141460203,-8.34453543620924
-0.0691694546561729,-1.54419977934032,-39.4810927523803,0.131092877369283,-40.1281410875708,-18.513278173033,-8.37038748140781
-0.075005314666774,-1.55049367646324,-39.520423360431,0.156323180334151,-40.1640449919899,-18.5883187932689,-8.36597538685553
-0.0804329155608966,-1.55670864342634,-39.5573503976425,0.180799395215991,-40.2034601676979,-18.6631266356647,-8.33007144005027
-0.0854654973435117,-1.56288329228836,-39.5919053492347,0.204277160763426,-40.246044160897,-18.7383841109182,-8.26128110996875
-0.0901236445486742,-1.56903170732856,-39.6240795424456,0.226476565170672,-40.2912776676025,-18.8149051352667,-8.15808640873595
-0.0944305761953664,-1.57514077183292,-39.6537537588166,0.247086334401123,-40.3384394767064,-18.8935166536759,-8.01897414609232
-0.0984035171597589,-1.58116925276915,-39.6806564752285,0.265778885288367,-40.3865850433098,-18.9748539949002,-7.84263303301012
-0.102039686230634,-1.58705210511132,-39.7043730815246,0.282246722792585,-40.4345708846201,-19.05904714047,-7.62825162208902
-0.105298301885807,-1.59271528130369,-39.7244362721418,0.296267842133245,-40.4811822792795,-19.1453118161733,-7.37607042867389
-0.108086266012694,-1.59810570952702,-39.7405193437014,0.307794215515446,-40.5254072437714,-19.2315684715715,-7.08842091944497
-0.110263981804182,-1.60323256508617,-39.7527064600212,0.31702411320996,-40.566817021536,-19.3144265739001,-6.7711388359821
-0.111687770268795,-1.60819566971056,-39.7617066045856,0.324377646306297,-40.6058532772921,-19.3900015430097,-6.4342451493607
-0.112276584677856,-1.61316591697914,-39.7688041344655,0.330324518877454,-40.6437354058836,-19.4555089567766,-6.09045095917956
-0.112053335535876,-1.61831804319964,-39.7755057471972,0.335158275804452,-40.6819531713295,-19.5105460658099,-5.75206748454185
-0.111128400411563,-1.62376402071494,-39.7831209271507,0.338885268415078,-40.7217057866506,-19.5570569103276,-5.42866078700374
-0.109647291564084,-1.62952655221643,-39.7925116558706,0.341272318523009,-40.7636329032006,-19.5982971795674,-5.12642329891468
-0.107741923957412,-1.63555225798103,-39.8040529921709,0.341970907311867,-40.807855328178,-19.6377258539151,-4.84857552003597
-0.105505256916577,-1.64174393406084,-39.817732889309,0.340632280923087,-40.8541572181165,-19.6783296897114,-4.59606049353071
-0.102988319326117,-1.64799243021516,-39.833305441569,0.336977095922177,-40.9021643501261,-19.722393696696,-4.36821612441537
-0.100209989053602,-1.65419802678949,-39.8504345910605,0.330820634079938,-40.9514594988951,-19.7715448875784,-4.16332875967783
-0.0971703300982389,-1.66028004241468,-39.8687967682338,0.322069149488808,-41.0016368973607,-19.826905238636,-3.97905390267288
-0.0938620550150245,-1.66617802019552,-39.8881371262369,0.310702961926916,-41.0523196883865,-19.8892536053651,-3.81272579755277
-0.0902781486868177,-1.67184859820733,-39.9082887326016,0.296756777894952,-41.1031629870864,-19.9591525388241,-3.66158711497327
-0.0864157453016872,-1.67726109914355,-39.9291684872906,0.280302647735321,-41.1538566853694,-20.0370297722776,-3.5229657124046
-0.0822771842015914,-1.68239354811012,-39.9507620556051,0.261437569690808,-41.2041344896847,-20.1232194323552,-3.39441921305866
-0.0778692991909707,-1.68722988361986,-39.9731067269783,0.240275925233726,-41.253790618343,-20.2179724409575,-3.2738645527661
-0.0732018654871252,-1.69175861706232,-39.9962780461992,0.216946153210449,-41.3027021727308,-20.321445159074,-3.1597072560646
-0.0682860115031115,-1.69597296694994,-40.0203836916968,0.19159082592257,-41.3508524895005,-20.4336737071559,-3.05098044178458
-0.0631333895113514,-1.69987235700727,-40.0455652669891,0.164369114691561,-41.3983488949693,-20.5545406155882,-2.94749245672009
-0.0577568946782276,-1.70346492817531,-40.0720033744714,0.135460183003751,-41.4454283997141,-20.68374170144,-2.84996079244896
-0.0521734203895922,-1.70677020616112,-40.0999122908009,0.105065288615223,-41.4924484942479,-20.8207644917223,-2.76007876049338
-0.0464081091993989,-1.70982030276408,-40.1295012866324,0.0734059006295993,-41.5398672975424,-20.9648926695596,-2.68043469372406
-0.0404977446483807,-1.71265751875982,-40.1608829777492,0.0407161749420261,-41.5882233219802,-21.1152477241012,-2.61421578619869
-0.0344895202362656,-1.71532703494641,-40.1939419193278,0.00723140376239393,-41.6381206042989,-21.2708639481643,-2.56470763547826
-0.0284328131544454,-1.71786623528323,-40.2282324683433,-0.0268222256706421,-41.6902061168631,-21.4307726726413,-2.53470750103482
-0.0223666931526809,-1.7202956897539,-40.2629976430129,-0.0612309781724791,-41.745112633774,-21.5940647894176,-2.52600408374643
-0.0163109111272585,-1.72261732729479,-40.2973303017289,-0.0957892585494928,-41.8033620394165,-21.7599147656818,-2.5390046461941
-0.0102671033335946,-1.72482083583464,-40.3303796150103,-0.130293206087613,-41.8652687886744,-21.9275670451308,-2.57250850417905
-0.00422976233143173,-1.72689324620974,-40.3614755704653,-0.164540428273333,-41.9308920545681,-22.096291382469,-2.62362555581634
0.00180004440090663,-1.72882476532254,-40.3901397151241,-0.198340895166699,-42.000044349357,-22.2653166286829,-2.68789320974968
0.0078060750813927,-1.73060761568837,-40.416050652067,-0.231536199632831,-42.0723319595104,-22.4337649269244,-2.75967393294517
0.0137573656622829,-1.7322302226468,-40.4390349499854,-0.264016305412358,-42.14721195319,-22.6006200653513,-2.832851172709
0.0196161823786978,-1.73367208852922,-40.4590869149945,-0.295721419756205,-42.2240684444217,-22.7647543610455,-2.90167804268231
0.0253480372480221,-1.73490318535062,-40.4763741609625,-0.326625318853781,-42.3023027892576,-22.9250076549102,-2.96149820216328
0.030928430007576,-1.73588768350203,-40.4912010495152,-0.356708639312999,-42.3814125608086,-23.0802862538632,-3.00910932312946
0.0363443888422043,-1.7365891905738,-40.5039429831033,-0.385935280746266,-42.4610339399868,-23.2296492509796,-3.04273771265188
0.0415922299661386,-1.73697494291093,-40.5149825042375,-0.414239966077397,-42.5409430069166,-23.3723659990524,-3.06175082211512
0.0466740277156446,-1.73701805709452,-40.5246673805436,-0.441527162867423,-42.6210306717252,-23.5079435746329,-3.0662639592076
0.0515945440060411,-1.73669820460153,-40.5332930645428,-0.467677106548365,-42.7012700693243,-23.6361303355408,-3.05675141208001
0.056359225157165,-1.73600144387918,-40.5411019806706,-0.492554313929188,-42.7816885210388,-23.7569036026005,-3.033719405068
0.0609731547215422,-1.73491979784404,-40.5482907923399,-0.51601560865904,-42.8623480135542,-23.8704491601492,-2.99746265941463
0.0654406278181239,-1.73345091610727,-40.5550194821665,-0.537916373896785,-42.9433332312236,-23.9771390051825,-2.94790558466626
0.0697650530155894,-1.73159799759461,-40.5614190478595,-0.558114735887089,-43.0247444236519,-24.0775121008799,-2.88451841240241
0.0739489756535789,-1.72937008566211,-40.5675964222912,-0.576473706907567,-43.1066921035811,-24.1722610444614,-2.80629550075088
0.0779940474851551,-1.72678283039405,-40.5736358172884,-0.592861296893562,-43.1892903975639,-24.262225545814,-2.71178555978706
0.0819007203753538,-1.72385977086556,-40.5795955081597,-0.607148554810057,-43.2726451822082,-24.3483911181058,-2.5991686353612
0.0856673346506366,-1.72063404280031,-40.5854986521691,-0.61920571026271,-43.3568318687747,-24.4318878782041,-2.46637800836846
0.0892881559146523,-1.71715007281852,-40.5913167105404,-0.628897376158919,-43.4418563690292,-24.5139794403818,-2.31126121805654
0.0927498988805414,-1.71346422178498,-40.5969453234721,-0.636079416784416,-43.5275928452956,-24.5960256727366,-2.13175882379632
0.0960265674827376,-1.70964258290722,-40.6021761459394,-0.640602350851504,-43.6136963936383,-24.6793962093402,-1.92605697736408
0.0990733124212446,-1.70575360161529,-40.6066747911709,-0.642327620821161,-43.6995032217979,-24.7653047020356,-1.69266687093631
0.101821714449684,-1.70185345631854,-40.6099839085405,-0.641161221705331,-43.7839622095315,-24.8545297549759,-1.43045075459238
0.104181556509337,-1.69796383845082,-40.6115791413992,-0.637102422584176,-43.8656909326628,-24.9470058350021,-1.13878949242275
0.106057115120788,-1.69404603966404,-40.6110082660504,-0.630294311169483,-43.9432852317696,-25.0413622910262,-0.818311498748994
0.10738516506245,-1.68998464593289,-40.6081197279267,-0.621047478108403,-44.015936125707,-25.1347317913638,-0.472549104836092
0.108186216976584,-1.68560666897093,-40.6032939866459,-0.609790433489202,-44.0841036905351,-25.2234127480426,-0.109886092601137
0.108588055020407,-1.68075257749704,-40.5974585687563,-0.596918298871891,-44.1496316027981,-25.3045844687169,0.256502088885455
0.108780293008821,-1.67535959699511,-40.5917497793291,-0.582616964345233,-44.214952791451,-25.377907286263,0.612093480653356
0.108928754836401,-1.66948530878155,-40.5870534385848,-0.566813033646336,-44.282012427288,-25.445484939938,0.945131109357882
0.109120336368658,-1.66326326983394,-40.5837647746562,-0.549277871796481,-44.351776240203,-25.5104977218198,1.24818348329411
0.109361175502323,-1.65684237800666,-40.581816466223,-0.529776401434324,-44.424392009773,-25.5759048539525,1.51744230660575
0.109603966157065,-1.65034716597078,-40.580833679733,-0.508169251966999,-44.4995738318732,-25.6438570597331,1.75148490871288
0.109778646185028,-1.64386358014138,-40.5803000205418,-0.484449030463318,-44.5769068122413,-25.7156639836553,1.95037368666446
0.109814768538936,-1.63744146953188,-40.579683485641,-0.458728648861778,-44.6560059020588,-25.7920021702249,2.11514151008436
0.109653480733928,-1.63110455896124,-40.578508573746,-0.431206478100209,-44.7365701314037,-25.8731581992042,2.24747987618404
0.10925112160837,-1.62486155760143,-40.5763798076194,-0.402128149109533,-44.8183863297744,-25.9592180219423,2.34950558249807
0.108577595862679,-1.61871507919831,-40.5729721775535,-0.371756294607265,-44.9013176959869,-26.0501839162249,2.42357946860016
0.107612387725587,-1.61266741739295,-40.5680063002322,-0.340351547959262,-44.9852927985723,-26.1460317460467,2.47219655816089
0.106340179901967,-1.60672359756159,-40.5612227163188,-0.308163120144141,-45.0702981545295,-26.2467281096661,2.49796487876855
0.104747172383143,-1.60089260310467,-40.5523650519719,-0.275425456286596,-45.156371839433,-26.3522228361557,2.50367009429946
0.10281863574436,-1.59518762147001,-40.541178386629,-0.242357593599216,-45.2435938864817,-26.4624262749847,2.49240290081008
0.100537944251476,-1.5896259143097,-40.5274267593645,-0.209162674042322,-45.3320697172163,-26.5771774791956,2.46770912033973
0.0978871039578632,-1.58422865461788,-40.5109302900366,-0.176026082408343,-45.4219050785473,-26.6962100369589,2.43370751206514
0.094848429008246,-1.57902082890827,-40.4916165636855,-0.143111923077204,-45.51317481325,-26.8191259361968,2.39511130952946
0.0914065587009562,-1.57403108214898,-40.4695743845948,-0.110559100957818,-45.6058918547383,-26.9453909292808,2.35709768342527
0.0875498221175573,-1.56929121421749,-40.4450950745565,-0.0784797070727943,-45.6999843966431,-27.0743623934196,2.32500640783841
0.0832704855433418,-1.5648349474295,-40.4186891664736,-0.0469627196636436,-45.7952871902652,-27.2053502558881,2.30391154489463
0.0785644756619182,-1.56069561289983,-40.3910703639313,-0.0160844382442897,-45.8915503926557,-27.3376972850069,2.29817070169451
0.073431749436157,-1.55690265329802,-40.3631005064779,0.0140759655398218,-45.9884691769528,-27.4708552212811,2.31107765120004
0.0678778795433561,-1.55347736846382,-40.3356954631646,0.0434202282188036,-46.0857358196318,-27.6044333041841,2.34470454377737
0.0619163901927283,-1.55042887360464,-40.3097077522878,0.0718196290897882,-46.1831081469029,-27.73820489974,2.39993549325131
0.0555711454281313,-1.54775136701658,-40.2858151104852,0.0991129863541193,-46.2804780200014,-27.8720706217098,2.47661509437489
0.048878591743216,-1.54542349692229,-40.2644403629906,0.12511620628997,-46.3779192943919,-28.0059864305765,2.57371109789153
0.0418898153260424,-1.54341025599009,-40.2457129916716,0.149642852551402,-46.475696632732,-28.1398712017252,2.68942451186408
0.0346716990473378,-1.54166756484826,-40.2294737971809,0.172532291290445,-46.5742196666795,-28.2735143097783,2.82124529301346
0.0273055132453901,-1.54014924243461,-40.2153248095324,0.193678688670388,-46.6739335218076,-28.4065128717462,2.9660183908764
0.0198811699453962,-1.53881512348107,-40.2027249110175,0.213051173937367,-46.7751577151736,-28.5382735536633,3.1201179546405
0.0124870742303098,-1.53763798017608,-40.1911155434249,0.230695550700383,-46.8779242033376,-28.6680988524918,3.27978117934495
0.00519851225894314,-1.53660665733597,-40.1800377459274,0.246714084467615,-46.9818950203346,-28.7953360016402,3.44153115799611
-0.00193072699733978,-1.53572425064114,-40.1691977855376,0.261230384443913,-47.0864159985886,-28.9195250575299,3.60252778551293
-0.00887035274976088,-1.5350025323635,-40.1584661456351,0.274353592136714,-47.1906856023057,-29.0404827388391,3.76073053862369
-0.0156095929262542,-1.53445533161509,-40.1478301204942,0.286154381852447,-47.2939536025889,-29.1583022153315,3.91488301021295
-0.0221500927091999,-1.53409328262162,-40.1373339645801,0.296657404162209,-47.3956675173925,-29.2732942656792,4.06440453678841
-0.0284987003332421,-1.5339209841744,-40.1270306209022,0.305847414900544,-47.4955353863724,-29.3859097216034,4.20926314715845
-0.0346619317324088,-1.53393635141622,-40.1169525878588,0.313683043303449,-47.5935192863109,-29.4966713939724,4.34986047101146
-0.040642595985519,-1.53413135697866,-40.1070988241608,0.320112498124007,-47.6897906109527,-29.6061257937234,4.48692935875115
-0.0464382497091123,-1.53449337414694,-40.0974313559847,0.325087518254743,-47.7846729602841,-29.7148131826833,4.62143649733146
-0.0520408519348266,-1.53500664083588,-40.0878763158618,0.328573989437556,-47.8785866045411,-29.8232502484289,4.75448591177075
-0.057437035225483,-1.53565369991814,-40.0783265863437,0.330559135924922,-47.9719986793105,-29.9319198370408,4.88722577824792
-0.0626086222613391,-1.53641689783088,-40.0686455050752,0.331055881292819,-48.0653777357471,-30.0412636682575,5.02076522112162
-0.0675332782315782,-1.53728009235451,-40.0586726191919,0.330104955736904,-48.1591493763781,-30.1516751811632,5.15610743406669
-0.072185420142661,-1.53823064146687,-40.0482330818636,0.327774835156678,-48.2536505454823,-30.2634902079584,5.29410043943051
-0.0765376514373107,-1.53926155579996,-40.0371519623004,0.324158923690845,-48.3490831413152,-30.3769733012423,5.43539858870361
-0.0805630160377912,-1.54037344681315,-40.025273580392,0.31936887555641,-48.445472681645,-30.4922979224606,5.58041916543924
-0.0842382341768178,-1.5415756519007,-40.0124841303745,0.313522968131246,-48.5426437688435,-30.6095202832073,5.72927271118498
-0.0875477538331972,-1.54288575878267,-39.9987335618321,0.306729373037528,-48.6402282534093,-30.7285503791688,5.88164817256469
-0.0904879081743518,-1.5443268385844,-39.9840503786641,0.299066292933714,-48.7377194476733,-30.8491298148601,6.03665252019091
-0.093069802876776,-1.54592222610809,-39.9685416280263,0.290563981238905,-48.8345720081868,-30.9708318710569,6.19264517383727
-0.0953191363473055,-1.54768873357294,-39.952371657931,0.281196174247668,-48.9303241687111,-31.0930986107138,6.34715872736771
-0.0972716568954513,-1.54963038453824,-39.9357193880305,0.270887650140113,-49.0247003444986,-31.2153161942129,6.49701353695751
-0.0989647957954066,-1.55173517374022,-39.9187245683303,0.259538512969264,-49.1176559128263,-31.3369065392857,6.63866277124982
-0.10042830682799,-1.55397621013532,-39.9014425757961,0.247057021594075,-49.2093548929101,-31.457399257833,6.7686704710537
-0.101677543183276,-1.55631643299762,-39.8838259501801,0.233388211457348,-49.3001033744283,-31.57645840831,6.88414565948547
-0.102711476102019,-1.55871458336304,-39.8657382825248,0.218528993941033,-49.3902727047288,-31.693865527761,6.98300640471404
-0.103515126352856,-1.56113023770651,-39.8469918410665,0.202528080088295,-49.4802359579307,-31.8094796844427,7.06406323999592
-0.104064586188704,-1.56352686929285,-39.8273936526864,0.185474850513486,-49.5703253633676,-31.9231959940553,7.12698436415309
-0.104332684631897,-1.56587300156279,-39.8067865282638,0.167483002988534,-49.6608087105058,-32.0349141394167,7.17220855352302
-0.104293947764478,-1.56814204998833,-39.7850773305109,0.148673864654975,-49.7518798806439,-32.144519178481,7.20084293522681
-0.103928182251783,-1.57031150093364,-39.7622505843608,0.129162534541434,-49.8436589470398,-32.2518726802001,7.21455691759734
-0.103222504216707,-1.57236191043877,-39.7383695513155,0.109048475639273,-49.9361981652708,-32.3568117991505,7.21547121716473
-0.10217193918834,-1.57427601896774,-39.7135689396401,0.0884110172470183,-50.0294908680053,-32.459154747388,7.20603882607169
-0.100778896973448,-1.57603815564956,-39.6880437847998,0.0673093881584262,-50.1234808810568,-32.5587115147286,7.1889179006091
