0.0592968225,-1.5690860141,-1.4795687841,-0.137132142,-1.09768027,0.135447267,0.0749668433
0.0598316404234209,-1.56908846676969,-1.47918007269988,-0.135095493818732,-1.0981154471254,0.133751059792131,0.0628789136387633
0.0608998608475999,-1.56909482994637,-1.47839558382181,-0.131032666018117,-1.09899312442019,0.130384324662865,0.0389977262238207
0.062498617558019,-1.56910805740132,-1.47720136581152,-0.124964802742873,-1.10032652325084,0.12539732456268,0.00391852749288899
0.0646235450918744,-1.56913266158061,-1.47557714906598,-0.116924057328381,-1.10213209097333,0.118862534465094,-0.0414537423547543
0.067268758561303,-1.56917477511692,-1.47349770454109,-0.106953902647308,-1.10442592034241,0.110870753496351,-0.0958971889239433
0.0704269140199598,-1.56924217512513,-1.47093555912917,-0.0951092279431864,-1.10721971204081,0.101525609895226,-0.157874272675608
0.0740893975621271,-1.569344227563,-1.46786570813045,-0.0814560454809236,-1.1105167395673,0.0909367391101574,-0.225548654260692
0.0782466668398147,-1.56949170570294,-1.46427286446663,-0.0660707164162838,-1.11430813844071,0.0792124001219293,-0.296822877386621
0.0828887244020677,-1.56969643446922,-1.46016138948069,-0.0490387613467709,-1.1185696236279,0.0664526756943948,-0.369398601871796
0.0880056499554578,-1.56997071107891,-1.4555672226063,-0.0304534961952152,-1.12325860264813,0.052744441001378,-0.440856473920275
0.0930524651149817,-1.57029607999282,-1.45074081011824,-0.0124161800265591,-1.12777829943569,0.0394334238584538,-0.497999777871404
0.0980205183659989,-1.57067231106512,-1.44573174102801,0.00499559391957353,-1.1320808003527,0.0264709396473524,-0.539620233544475
0.102901707639656,-1.57109808910267,-1.44059498340822,0.0217084200465698,-1.13612461477219,0.0138348447767195,-0.564972544970852
0.10768800008343,-1.57157133921175,-1.43538503609857,0.0376517046221358,-1.13987150265037,0.00153649678340026,-0.573744727025819
0.112371169802908,-1.57208942492665,-1.43015155899987,0.0527571616199059,-1.14328521242375,-0.0103761023316654,-0.566030988830572
0.116942778404999,-1.57264916718194,-1.42493660441262,0.0669592150508504,-1.14633263057275,-0.0218181886234895,-0.542309789542025
0.12139439547563,-1.57324667681422,-1.41977313990229,0.0801963127564034,-1.14898740964388,-0.0326709565285853,-0.503429203835588
0.125717983286893,-1.57387704787318,-1.41468437839435,0.0924127897448703,-1.15123552768573,-0.0427874310876429,-0.450595076119203
0.129906381989623,-1.57453400361498,-1.40968358807993,0.103561124968756,-1.15308177146596,-0.0520021886621752,-0.385360257314055
0.133953735956754,-1.57520962168333,-1.40477423796822,0.113603853754125,-1.15455549119885,-0.060145087230539,-0.309604766043782
0.137855801210904,-1.57589426738925,-1.39995059914082,0.122515111187859,-1.15571393937783,-0.0670586140261448,-0.225504953580759
0.14160992030803,-1.57657682251367,-1.39519884626141,0.130280615540801,-1.15664149786602,-0.0726163474411379,-0.135478804733304
0.145214793814369,-1.57724523916716,-1.39049876810518,0.136897089200468,-1.15744426956709,-0.0767400729874962,-0.0421133426215016
0.148669785282211,-1.57788729856445,-1.3858256891395,0.142369078975053,-1.15824046736879,-0.0794102669957651,0.0519327544873797
0.151974399866628,-1.57849149583084,-1.38115259778531,0.146707190997321,-1.15914856223826,-0.0806698316151831,0.144033211812571
0.155127240887998,-1.57904767043165,-1.37645149972652,0.14992235396018,-1.16027619380405,-0.0806157116257289,0.23169302331638
0.158126094770624,-1.57954760222011,-1.37169485371255,0.152027055511109,-1.16171113210141,-0.0793878458475327,0.312647863893919
0.160966825633279,-1.57998480773853,-1.36685519769182,0.153027578404605,-1.16351874579437,-0.0771469958612158,0.384890849284972
0.16364483638834,-1.58035476145497,-1.3619060625044,0.152932638510776,-1.16574031858538,-0.0740624153524852,0.446767854777938
0.166153751939165,-1.58065384454132,-1.35682017409848,0.151743324352719,-1.16840068642616,-0.0702901694906313,0.496892244245638
0.168487589172852,-1.5808794208608,-1.35157033992779,0.149465518798913,-1.17151099046864,-0.0659678599286674,0.53424102781409
0.17064012090421,-1.58102887746037,-1.34612825708837,0.146104594285957,-1.17507783071516,-0.0612040483361776,0.558064044476416
0.17260570012068,-1.5810993471963,-1.34046484229909,0.141669648699454,-1.17910799918391,-0.0560759447823523,0.567896290965095
0.174379505357388,-1.58108741313549,-1.33455064928221,0.136174447870789,-1.18361225669894,-0.0506279483759872,0.563546078501078
0.175957627045495,-1.58098899718055,-1.32835677396083,0.129637722377399,-1.18860658817716,-0.0448716145390463,0.545093298448772
0.177336980069821,-1.58079944449195,-1.3218562640687,0.122082694467871,-1.19411073360407,-0.0387866185019314,0.512898852131745
0.178515050420551,-1.58051380286782,-1.31502600456125,0.113535861329029,-1.20014408909026,-0.0323229260807476,0.467624096187377
0.179489491460854,-1.58012727061796,-1.30784896487083,0.104025124149822,-1.20671945820827,-0.0254049156842631,0.410255679182371
0.180257617122011,-1.57963575683687,-1.30031661994119,0.0935775352800398,-1.21383557344066,-0.0179384780508817,0.342128993588981
0.180815885533104,-1.57903646289401,-1.29243131535848,0.0822171541229198,-1.22146977443033,-0.00982194178671931,0.264941967086194
0.181159498250058,-1.57832835916411,-1.28420837586808,0.0699636130411426,-1.22957258436243,-0.000960860104678495,0.180749476549994
0.181282239654568,-1.57751242028396,-1.27567788177982,0.0568319357452671,-1.23806589281392,0.00871472324144116,0.0919289454997594
0.181176643808356,-1.57659152560087,-1.26688620339054,0.0428339228289598,-1.24684578757963,0.019233516005245,0.00111169861941752
0.180834497485695,-1.57557003387249,-1.25789740366684,0.0279810185750955,-1.25578984978593,0.0305707432237563,-0.0889178952446838
0.180247590234176,-1.57445317025303,-1.2487943017798,0.0122881122987584,-1.2647673624303,0.0426440936623635,-0.175344776907209
0.179408545592205,-1.57324644937438,-1.23967833639519,-0.00422259169926543,-1.2736501178637,0.055319530311782,-0.255450031109735
0.178311546248458,-1.57195534188409,-1.23066683470405,-0.0215185311627057,-1.28232166091893,0.0684257362669239,-0.326724437976778
0.176952805810185,-1.57058526960484,-1.221886514331,-0.0395551873579454,-1.29068371873673,0.0817734864561787,-0.386956148876265
0.175330718822,-1.5691418580492,-1.21346330244449,-0.05827610625797,-1.2986595665206,0.0951753273799143,-0.434288350500103
0.173445708310921,-1.56763127636802,-1.20551028201549,-0.0776142947590499,-1.30619467953719,0.108461829807297,-0.46725068920531
0.171299861357748,-1.56606049691455,-1.19811667971972,-0.0974944795923509,-1.31325523360962,0.121492616000452,-0.484772879115084
0.168896483701164,-1.56443737996275,-1.19134057817853,-0.117835628127368,-1.31982513697188,0.134162264709753,-0.486189785270048
0.166239709492326,-1.56277057041749,-1.185206691822,-0.138553178964812,-1.32590247311445,0.146402291592285,-0.471245467778564
0.16333427514547,-1.56106923894405,-1.17970895072269,-0.159560562252125,-1.33149639761586,0.158180509303945,-0.44010062091798
0.160185517494931,-1.55934270670595,-1.17481655109827,-0.180769769100644,-1.33662544860139,0.1694984722031,-0.39334450703256
0.156799595965088,-1.55759998345559,-1.17048178951685,-0.202090948279521,-1.34131778410666,0.180386878536943,-0.332009018570065
0.153183875835387,-1.55584924775765,-1.16664819154558,-0.223431261013334,-1.34561310552434,0.190898218600776,-0.257578888420593
0.149347352388388,-1.55409731730844,-1.1632578382539,-0.244693485946818,-1.34956516432449,0.201096011962217,-0.171988517026444
0.145300957711167,-1.55234919102016,-1.1602571570089,-0.265775061205808,-1.35324310027016,0.211040868219292,-0.0775935440763782
0.141057594420251,-1.55060777176556,-1.15760072345425,-0.286568260733401,-1.35672980664954,0.220775153797367,0.0228938017360435
0.136631802827508,-1.54887387191198,-1.155252884552,-0.306961925472953,-1.3601163320379,0.230309558469611,0.126510476959365
0.132039086773133,-1.54714654632381,-1.15318732997459,-0.326844627268544,-1.36349288415473,0.239615319479399,0.23018341492535
0.127295056564211,-1.54542370204891,-1.15138509305571,-0.346108547833013,-1.36693863124095,0.248624604514976,0.330887168316005
0.122414627243071,-1.54370284374471,-1.14983174189868,-0.364653025091126,-1.3705132739256,0.257238951900717,0.425793368667846
0.117411489727549,-1.54198177767432,-1.14851456332836,-0.382386849681381,-1.37425280563919,0.265342991019222,0.512389413009478
0.112297964754483,-1.54025913072632,-1.14742036887887,-0.399228907240734,-1.37817028445668,0.272819431672292,0.588554201950812
0.107085214664897,-1.53853462147082,-1.14653419352553,-0.415107346850979,-1.38226077389355,0.279561766805304,0.652591245562957
0.101783690732421,-1.53680910282051,-1.14583882991905,-0.429957844287432,-1.38650860045947,0.285482778121721,0.703228438969834
0.0964036598755889,-1.53508444908067,-1.1453149296989,-0.443721624564677,-1.39089494682147,0.290518688808336,0.739597170643107
0.0909556727999944,-1.53336337608002,-1.14494134494491,-0.456343784020139,-1.39540426437471,0.294629985885808,0.761202317136619
0.0854508793014772,-1.53164927105622,-1.14469543772477,-0.467772245039842,-1.40002863835431,0.297800349889643,0.767891521292307
0.0799011425329605,-1.5299460829624,-1.14455319793219,-0.477957478613664,-1.40476979040663,0.300034936320139,0.759828699469076
0.0743189423819297,-1.52825829431276,-1.14448913213642,-0.486852989769385,-1.40963876400752,0.301358731721272,0.737473921176045
0.068717087486529,-1.52659096823032,-1.14447599252283,-0.494416462004718,-1.41465354671607,0.301815094890456,0.7015696300974
0.0631082800305487,-1.52494984109439,-1.14448449014843,-0.50061139219919,-1.41983502792655,0.301464079867355,0.653131614844374
0.0575046000556588,-1.52334141394921,-1.14448317334506,-0.505408973630343,-1.42520185018984,0.30037982623323,0.593441719119833
0.0519169965004549,-1.52177298655753,-1.14443864159385,-0.508789928709153,-1.4307649117212,0.298646293583471,0.524038243072976
0.046354884849637,-1.52025258129465,-1.14431620290579,-0.510745928407853,-1.43652247889124,0.296350919827622,0.446699097529808
0.0408259467947724,-1.51878872233386,-1.14408097170474,-0.511280252770972,-1.44245696079774,0.293576399681608,0.363412933773798
0.0353361976093841,-1.5173900708184,-1.14369926353218,-0.510407417212631,-1.44853425422431,0.290391531137047,0.276334713160109
0.0298903300587492,-1.51606496012589,-1.14314001482931,-0.508151704079089,-1.45470610099287,0.28684275092341,0.187725254789013
0.0244922732662649,-1.51482091503203,-1.14237588819411,-0.50454478989917,-1.46091517258525,0.282948221793707,0.0998782954886635
0.0191458441775559,-1.51366425495536,-1.14138375697677,-0.499622927373307,-1.46710183684634,0.278695973522268,0.0150424695448824
0.0138553448659847,-1.51259986606126,-1.14014439281981,-0.493424271244197,-1.47321108354657,0.274046664523024,-0.0646525140842853
0.0086259815547534,-1.51163118321688,-1.13864135976716,-0.485986888982592,-1.47919810754095,0.268940387425909,-0.137257231370283
0.00346404018653423,-1.5107603687281,-1.13685927865414,-0.477347782110194,-1.4850315539055,0.26330605688519,-0.201046701112509
-0.00162317711431297,-1.50998863164897,-1.13478171137665,-0.467542950778131,-1.49069418225984,0.25707160940149,-0.254547079672237
-0.00662759560763175,-1.50931661153159,-1.13238891425735,-0.45660827578728,-1.49618140777131,0.250173524459582,-0.296548377764951
-0.0115407049118211,-1.50874475347931,-1.12965564857003,-0.444580839143056,-1.50149862271229,0.242564796514952,-0.326108763072206
-0.0163539000525001,-1.5082736187853,-1.12654915408027,-0.431500262920927,-1.50665834965161,0.23422112040464,-0.34255632547608
-0.0210587501546208,-1.50790409628084,-1.12302732398253,-0.417409695915917,-1.51167819391638,0.225145462069765,-0.345493287388363
-0.0256471367796888,-1.50763749760039,-1.11903708270896,-0.402356174015529,-1.51658034283446,0.215371269779299,-0.334806034982097
-0.0301112233224678,-1.50747553314553,-1.11451296247728,-0.386390203443327,-1.52139306609448,0.204964369519389,-0.310682420076445
-0.034443237713724,-1.50742017763099,-1.10937588712892,-0.369564557526476,-1.52615431874981,0.194023195701036,-0.27363561725859
-0.0386350769712988,-1.50747344937094,-1.10353218443449,-0.351932441593263,-1.53091712169634,0.182676612617077,-0.22453138587027
-0.0426777770189873,-1.5076371495854,-1.09687284354366,-0.333545361882828,-1.53575589532196,0.171078406808769,-0.164612874262411
-0.0465609322200237,-1.50791263582355,-1.08927300944312,-0.314451204865575,-1.54077242017895,0.159397810920554,-0.0955144450550144
-0.050272183899451,-1.50830072844538,-1.08059168672045,-0.294693130886288,-1.54609976218115,0.147806301620804,-0.0192542801208852
-0.0537969039567727,-1.50880185517129,-1.07067167620121,-0.274309826346881,-1.55190256015804,0.136462293380732,0.0618038662413452
-0.0571181572305439,-1.50941650944502,-1.05933998738721,-0.253337380741596,-1.55837268885291,0.12549674730848,0.145025196845676
-0.0602169333853195,-1.51014602783573,-1.04640944378397,-0.231812587859738,-1.56572037184806,0.115003370491679,0.227612387277908
-0.0630725276638634,-1.51099359465766,-1.03168292213137,-0.209776960656483,-1.57416186459758,0.105036366922049,0.306736881829248
-0.0656628812030287,-1.51196528721404,-1.01496247209276,-0.187280422087217,-1.58390524637755,0.0956166389281451,0.379675526376204
-0.0679647188436588,-1.51307090820949,-0.996066059313708,-0.164383651181603,-1.5951353518647,0.0867447393224359,0.443934598150159
-0.0699534571119425,-1.51432431872655,-0.974854241825972,-0.141158427820991,-1.60799782704951,0.078416867604558,0.497348507465171
-0.0716030535403686,-1.51574298357633,-0.95126694420773,-0.117685879365656,-1.62258172088014,0.0706395190353696,0.53814833174715
-0.0728861485264126,-1.51734649301839,-0.925366056863813,-0.0940530986632385,-1.63890098052547,0.063439064108867,0.565002123310592
-0.0737749118973157,-1.51915399463965,-0.897373400751058,-0.070349040957524,-1.6568779496397,0.0568641628917615,0.577032485214718
-0.0742428555020462,-1.52118081380789,-0.86768847792701,-0.0466608294694996,-1.67633515140422,0.0509810744148257,0.573817453369621
-0.0742674887666427,-1.52343499596226,-0.836871252331167,-0.0230715166620577,-1.69700247381834,0.0458641490393839,0.555379868141904
-0.0738332168819953,-1.52591481091236,-0.80558543502595,0.000340099813371847,-1.71854293358891,0.041585329554642,0.522169669532616
-0.0729336065330579,-1.52860810785362,-0.774514270663947,0.0234977237568437,-1.74059234790229,0.0382063813551072,0.475043031898185
-0.0715723133900455,-1.53149375688082,-0.744273596333763,0.0463246649214342,-1.76280137750828,0.0357755314574404,0.415240885146045
-0.06976250524452,-1.53454462193326,-0.715347009056519,0.068740906453982,-1.78486760649224,0.0343273092089105,0.344366192362631
-0.0675251631201167,-1.53773105837108,-0.688056065123755,0.0906610962772032,-1.80655100129625,0.0338825292349489,0.264355100594326
-0.0648868802162643,-1.54102399202644,-0.662563661806793,0.111994014105412,-1.82767384949758,0.0344456943849857,0.177434050456843
-0.0618776795768665,-1.54439702642251,-0.638899580407405,0.132643629969172,-1.84811134203576,0.0359992239072188,0.0860554747931472
-0.0585291307709595,-1.5478274499126,-0.61699557388566,0.152511513387737,-1.86777969186616,0.0384963877150038,-0.00719040916766869
-0.0548728529326961,-1.55129630861067,-0.596720431884774,0.171500077746213,-1.88662638456571,0.0418562202110765,-0.0996825258496684
-0.0509394080873555,-1.55478785194332,-0.577909589735141,0.189515975756351,-1.90462404734188,0.0459633260567655,-0.188882195227689
-0.0467575740414664,-1.55828868272282,-0.56038715858983,0.206472962327294,-1.92176712239992,0.0506736956738971,-0.272437101669888
-0.0423539805907553,-1.56178689171325,-0.543980363000648,0.222293740050744,-1.93806963399264,0.0558254562595753,-0.348262673856759
-0.0377530692525637,-1.56527136062164,-0.528527527243153,0.23691063127084,-1.95356261622873,0.0612519944483602,-0.414594056955842
-0.032977302854694,-1.56873131047739,-0.513881245779543,0.250265241223298,-1.96829059736686,0.0667946307273977,-0.47000928112869
-0.0280475271373218,-1.57215608430934,-0.499908415557776,0.262307476954198,-1.98230732750575,0.0723127953364043,-0.513429669324811
-0.0229833830697795,-1.57553510050544,-0.486488568945341,0.272994333039797,-1.99567138136287,0.0776908304696628,-0.544105808172165
-0.0178036839521472,-1.5788578964722,-0.473511581019557,0.282288785535589,-2.0084423442767,0.082841547582588,-0.56159701698389
-0.012526696990923,-1.58211419079397,-0.460875454383897,0.290159016049465,-2.02067812976966,0.0877072176533363,-0.565750409690017
-0.00717029654506911,-1.58529391329133,-0.448484576231862,0.296578070078751,-2.03243372880235,0.0922587643517628,-0.556683419101479
-0.00175198105882348,-1.58838717666521,-0.436248613495458,0.30152396162918,-2.04376144722224,0.0964937138639889,-0.534771616292757
0.00371123308192884,-1.59138418582083,-0.424082048323019,0.30498017048477,-2.05471248006818,0.100433112223861,-0.500641954000845
0.00920300890910866,-1.59427509997776,-0.411904232728416,0.306936431825828,-2.06533949414261,0.104117308840236,-0.455170133386312
0.0147079289374298,-1.59704987771387,-0.399639737468541,0.307389677920542,-2.0756997314657,0.10760034082329,-0.399479505588328
0.0202117156487244,-1.59969814505998,-0.387218679524942,0.306344955692316,-2.08585801349329,0.110942722080642,-0.334937766538307
0.0257013629360581,-1.60220912962045,-0.374576653326097,0.303816120466931,-2.09588895469746,0.114202754843739,-0.263146903781402
0.0311651136604539,-1.60457169568279,-0.36165388808443,0.299826110098041,-2.10587774803277,0.117427014623405,-0.185921740926609
0.0365922403430255,-1.60677449581831,-0.348393353285733,0.294406654884718,-2.11591911453175,0.120641225464154,-0.105253583638865
0.0419726247406413,-1.60880622538651,-0.334737742221851,0.287597389771372,-2.12611443022345,0.123843113359179,-0.0232579843963594
0.0472961806945878,-1.61065593674317,-0.320625554072899,0.279444483863669,-2.13656754790874,0.126998740658508,0.0578907706113319
0.0525522062263143,-1.61231335066465,-0.305986778236053,0.269999042542502,-2.14738025810732,0.130043206164263,0.13603240425043
0.0577287685648047,-1.61376910341663,-0.290738859320643,0.259315613109714,-2.15864848381001,0.13288560146635,0.209092628085051
0.0628122104334388,-1.6150148887554,-0.274783623673317,0.247451089878267,-2.17046008862229,0.135417121711056,0.275146811846631
0.0677868235596199,-1.61604348737353,-0.25800570145443,0.23446418444223,-2.1828946650585,0.137520624491483,0.33247040668619
0.0726346831551562,-1.61684870802418,-0.240272778221164,0.220415443601875,-2.19602504971735,0.139079894776863,0.379574749636133
0.0773355947680007,-1.61742528658059,-0.221437873627151,0.205367635293238,-2.20991978350126,0.139987320805061,0.415230030599424
0.0818670843659746,-1.61776879760762,-0.201343850073061,0.189386219018291,-2.2246454124568,0.140149353509229,0.438479013142948
0.0862043673052484,-1.61787563181764,-0.179830515668555,0.172539592959351,-2.24026741197983,0.139489744961844,0.448645468509075
0.0903202594130595,-1.61774308607287,-0.156744954586458,0.154898850712921,-2.25684855907372,0.13795097660553,0.445340570246243
0.0941850413307526,-1.61736960338639,-0.131955980358907,0.13653687059276,-2.27444372967172,0.135494466421929,0.428469301686762
0.0977663540683,-1.61675518622214,-0.105373657149164,0.117526682522312,-2.29309038995048,0.132100148207832,0.398237744585515
0.101029285935782,-1.61590198146172,-0.076974323812903,0.097939207743949,-2.31279461260266,0.127765942105176,0.35516139007311
0.103936891066625,-1.61481499026076,-0.0468300073487593,0.0778406398125834,-2.33351349462122,0.122507533629235,0.300074545472671
0.106451413385803,-1.61350278522974,-0.0151381485892611,0.057289922485742,-2.3551365488551,0.116358687904208,0.234141313525348
0.108536406131026,-1.61197803115371,0.0177564636742745,0.0363369502101834,-2.37747080972684,0.109371876438705,0.158868491925647
0.11015967693473,-1.610257542596,0.0513588327355152,0.0150221972321769,-2.40023612763754,0.101618192563274,0.076118208417338
0.111296589979392,-1.60836163800238,0.0850501630947469,-0.0066216411297186,-2.42307677347644,0.0931847315356705,-0.0118881160622161
0.111932913368879,-1.6063127164699,0.118145790870037,-0.0285658394633913,-2.4455916304148,0.0841677367776803,-0.102590637525925
0.112066371462094,-1.60413326123803,0.149974118263898,-0.0507802099232906,-2.46737853378333,0.074661629820933,-0.193155381139783
0.111706441446496,-1.60184373317413,0.179955766316596,-0.0732272943336689,-2.48808203056992,0.0647468839688128,-0.280590940239479
0.110872517686774,-1.5994609047593,0.207661519233766,-0.0958577281089117,-2.50743184762762,0.0544814052152337,-0.361906772919637
0.109591027200376,-1.59699704183502,0.232836918707021,-0.118607979021712,-2.52526292205297,0.0438989689871259,-0.434284107840232
0.10789223172694,-1.59446004283185,0.255394152614715,-0.141400836645483,-2.54151467845739,0.0330150268652801,-0.495225804896198
0.105807335331187,-1.59185434426273,0.275381158872703,-0.164148165075184,-2.55621364835298,0.0218372372825679,-0.542662003864655
0.103366272308477,-1.58918222301208,0.292940808141993,-0.18675492208889,-2.56944699610201,0.0103771339574319,-0.575005762432191
0.100596303699962,-1.5864451088327,0.308270937979063,-0.209123393589633,-2.58133466950515,-0.00133968881334067,-0.591167330290057
0.0975213727770812,-1.5836446193787,0.321591756863361,-0.231156846665322,-2.59200589223965,-0.0132658805637976,-0.590542512243465
0.0941620778931681,-1.5807831673208,0.333123065795238,-0.252762153889611,-2.60158307594476,-0.0253270053588484,-0.572990386301304
0.0905360979431159,-1.57786410680124,0.343070961980065,-0.273851243262475,-2.61017398083333,-0.0374182256500701,-0.538811511608442
0.0866589187677289,-1.5748914654954,0.351622276881159,-0.294341442727021,-2.61787142307034,-0.0494031354179174,-0.488732382042851
0.0825447277857543,-1.57186935827389,0.358944548724221,-0.314154938231335,-2.62475886806684,-0.0611156360088936,-0.423896633069172
0.0782073515034702,-1.56880121692397,0.365189363041572,-0.333217683938084,-2.63091958392421,-0.0723662679166566,-0.345858833563188
0.0736611035682229,-1.56568900665861,0.370497090692486,-0.35145819676635,-2.63644651000483,-0.0829542334861651,-0.256572751185981
0.0689214027993864,-1.56253262618508,0.375001298047471,-0.368806701610098,-2.64144972992499,-0.0926851736655849,-0.15836345202919
0.0640050343150242,-1.5593296800991,0.378831451125894,-0.385195012089292,-2.64605875176442,-0.101392694508596,-0.0538728256716172
0.058929985092235,-1.55607574559639,0.382113099232669,-0.400557305572295,-2.65041801124328,-0.108959395619692,0.0540274363532176
0.0537148906150916,-1.55276512793741,0.384965531663096,-0.414831628670808,-2.65467607916715,-0.115331972176364,0.162352704523337
0.0483782498948071,-1.54939194854805,0.387497777863703,-0.427961684126273,-2.65897131424925,-0.12052591935703,0.268139161799696
0.0429376448945564,-1.54595130234615,0.389804421676432,-0.43989835018053,-2.66341810045251,-0.124618437231951,0.368574428041935
0.0374091914166262,-1.54244021043963,0.391962726707504,-0.450600523112236,-2.66809757345376,-0.127731888419229,0.461105145872555
0.0318073541615665,-1.53885818200561,0.394032019167679,-0.460035161966305,-2.67305501909963,-0.130012729154236,0.543508866184064
0.0261451289038208,-1.53520733548551,0.396055445827733,-0.468176693593249,-2.67830385215836,-0.131611128743953,0.613928138825988
0.0204344912972734,-1.53149214936685,0.398063531971171,-0.475006077207593,-2.68383433572747,-0.132664883098692,0.670873577630767
0.0146869664615232,-1.52771897985669,0.400078626120539,-0.480509826125012,-2.68962449550229,-0.133288955880143,0.713207127683733
0.00891418134851402,-1.5238954942944,0.402119334947542,-0.484679192152615,-2.6956508788367,-0.133570083138868,0.740117017642494
0.00312829874334706,-1.52003014466631,0.404204274290623,-0.487509608166862,-2.70189747117058,-0.133564836567059,0.751093659323399
-0.00265772849278072,-1.51613176811024,0.406354720288707,-0.4890004057918,-2.70836177673699,-0.133299374971979,0.745912859723485
-0.00843011441249404,-1.51220936461133,0.408595949286229,-0.489154783361217,-2.71505758314659,-0.132769529011469,0.724630043369014
-0.0141744212008616,-1.50827207112444,0.410957187289295,-0.487979987620952,-2.72201423613115,-0.131940608281634,0.687586950750108
-0.01987596408847,-1.50432932434852,0.413470182387367,-0.485487676051783,-2.72927245148274,-0.130747198673167,0.635430257850877
-0.0255204201594728,-1.50039117580833,0.41616653523975,-0.481694426190807,-2.73687695592698,-0.12909404971165,0.569139311992883
-0.0310945886088164,-1.49646869026377,0.419074109802451,-0.476622347802313,-2.74486669174185,-0.126859781389986,0.490057477928593
-0.0365872007460359,-1.49257432223575,0.422213123377306,-0.470299715923408,-2.75326400667759,-0.123905266886256,0.399918327620115
-0.0419896230813448,-1.48872213682505,0.425592810719108,-0.462761484546877,-2.76206502680691,-0.120087872685158,0.300854859885836
-0.0472962624586383,-1.48492773948473,0.429209722318464,-0.454049490286195,-2.77123390415857,-0.115281070846276,0.195378798118962
-0.0525045039457836,-1.48120782654045,0.433048559460202,-0.444212154937977,-2.78070332852691,-0.109396544210656,0.0863199122154519
-0.0576141131226649,-1.47757937017877,0.437085860280531,-0.433303594673437,-2.79038225693,-0.102403733308022,-0.0232765466366222
-0.0626261961653023,-1.4740585814486,0.441295957723887,-0.421382240384491,-2.80016950786636,-0.0943411899606426,-0.130284545208518
-0.0675419667278794,-1.47065989400363,0.445657811142938,-0.408509293255972,-2.80996966914211,-0.0853159768784528,-0.231644060773755
-0.0723616370837535,-1.46739522272813,0.450160994262618,-0.394747454236195,-2.81970685787832,-0.0754911173214081,-0.324496453801703
-0.0770836949751235,-1.46427366308213,0.454809470889595,-0.380160286796444,-2.82933277191236,-0.0650648560989223,-0.406290132876267
-0.0817046817639411,-1.46130165349354,0.459622595730564,-0.364812333536794,-2.83882764548059,-0.0542473455180677,-0.474849039025846
-0.0862194268680226,-1.45848349454359,0.464633631980065,-0.348769826864862,-2.84819502671749,-0.0432397470166635,-0.528407236661812
-0.0906215822037093,-1.45582205011331,0.469886659754512,-0.332101651026607,-2.85745280999819,-0.0322185308590213,-0.565619605685318
-0.0949042576470321,-1.45331945195588,0.475432969755144,-0.314880172283768,-2.86662342360859,-0.0213253705471838,-0.585560348682519
-0.0990605699591623,-1.45097766327139,0.481327980858983,-0.297181637472169,-2.87572576345112,-0.0106614711209292,-0.587719332496502
-0.10308395564367,-1.44879880081908,0.487629513415575,-0.27908597864154,-2.88477078654411,-0.000284746194370347,-0.572002931454327
-0.106968144904936,-1.44678515223308,0.494397955697529,-0.260676003684595,-2.89376190145549,0.0097912268323156,-0.538742310163179
-0.110706744737997,-1.44493885816522,0.501698452639419,-0.24203607010685,-2.902700454816,0.0195964971948821,-0.488708240063544
-0.11429244325295,-1.44326126964026,0.50960464741393,-0.223250430907045,-2.91159560482197,0.0292011961399733,-0.42312767542712
-0.117715934579514,-1.44175205443252,0.518202687642749,-0.204401506015016,-2.9204766054758,0.0387074193434344,-0.343693453667717
-0.120964774273016,-1.44040821250029,0.527593319657981,-0.185568362936697,-2.9294041484002,0.0482350843481056,-0.252555510032052
-0.12402248261286,-1.43922324670113,0.537889364399418,-0.16682566345264,-2.93847645881498,0.0579018226830407,-0.152281489398481
-0.12686826163607,-1.4381867742515,0.549206323029811,-0.14824323178013,-2.94782615091352,0.0677994311772122,-0.0457784708805848
-0.129477617923821,-1.43728480760149,0.56164574252379,-0.129886237343181,-2.95760604854636,0.0779717823923166,0.0638236894193504
-0.131823962721151,-1.43650077019047,0.575273989076448,-0.111815821465021,-2.96796597602595,0.0883999197441979,0.173315558023191
-0.133880953291176,-1.43581709397464,0.590101952037859,-0.0940899103710582,-2.97902638482254,0.0989984586018805,0.279557254879102
-0.135625073420234,-1.43521706506781,0.606072214719825,-0.0767639865523692,-2.99085653078549,0.109623940834222,0.379611466150405
-0.137037853077817,-1.43468651702541,0.623058389227243,-0.0598917010069257,-3.00346356600766,0.12009220091229,0.470844731842737
-0.138107241569797,-1.43421503397261,0.640877233195509,-0.0435253176844025,-3.01679498643078,0.130199769639686,0.55099160072558
-0.138827917156212,-1.43379647873063,0.659309821683262,-0.0277160288455277,-3.03075239044035,0.139744400211565,0.618184921337311
-0.139200621711273,-1.43342884308352,0.678125531088293,-0.0125141685103086,-3.04521148960367,0.148541364134713,0.670960065576809
-0.139230837281582,-1.4331135722249,0.697102833882329,0.00203067356217255,-3.06004269143722,0.156434232767003,0.708241833741463
-0.138927211374293,-1.43285460503789,0.716043284070797,0.0158696373645435,-3.07512793650694,0.163300625219341,0.729322019343458
-0.138300096502619,-1.43265738485082,0.73477809365733,0.028954659189059,-3.09037167110083,0.169054443925339,0.733834406650593
-0.13736045058534,-1.43252804810744,0.753169020032768,0.0412385848693161,-3.10570578894653,0.173646354003206,0.721732626442591
-0.136119212272763,-1.43247292132948,0.771106333777238,0.0526753076592951,-3.12108953687962,0.177063848611588,0.693274815335034
-0.134587158068542,-1.43249837811156,0.788506555129183,0.0632199490426104,-3.13650576128277,0.179331434335535,0.649017285095312
-0.132775176966792,-1.43261104024693,0.805311871237146,0.0728291574596131,-3.15195477936163,0.180510545519617,0.589817508558421
-0.130694850429929,-1.43281825108808,0.821492059224803,0.0814616396472546,-3.16744693197982,0.180697989618827,0.516844492817773
-0.128359188380838,-1.43312869803214,0.837048571616839,0.0890790422931542,-3.18299473666154,0.180021277138768,0.431592111612413
-0.125783337251579,-1.43355301524919,0.852019342432055,0.0956472383230779,-3.19860558495719,0.178629316337686,0.335888138325738
-0.122985054896981,-1.4341041682046,0.866482057153018,0.101137942778284,-3.21427604486527,0.176677842374021,0.231889275561689
-0.119984763514084,-1.43479743123009,0.880553424884673,0.105530417950282,-3.22998885256173,0.17431059661744,0.122051819019639
-0.116805069492366,-1.43564984345684,0.894382716458247,0.108812885775568,-3.24571339156081,0.171639272426971,0.00907039988831942
-0.113469781660478,-1.43667916949941,0.908139515448157,0.110983234740797,-3.26140974950528,0.168726752018564,-0.10421561054035
-0.11000262701471,-1.43790256015667,0.921997742997371,0.112048748997799,-3.27703545366597,0.165578187388486,-0.214938623766804
-0.106425979910585,-1.43933523140322,0.936119578591055,0.112024868230037,-3.2925531213943,0.162142581377249,-0.320324649501348
-0.102759922033196,-1.44098948874051,0.950643058894422,0.110933298408625,-3.30793696932803,0.158324370791889,-0.417800679181163
-0.0990218318242169,-1.44287431089624,0.965675779605522,0.108799980324367,-3.32317657765724,0.15400160751499,-0.505073307821436
-0.095226524166955,-1.44499553297797,0.981295032167447,0.105653400476675,-3.33827725399904,0.149046032620397,-0.580174037538751
-0.0913868103355826,-1.44735651528522,0.997552878116697,0.101523539683115,-3.35325731683716,0.143340959547241,-0.641475859688122
-0.0875142735506385,-1.44995910138056,1.01448372683748,0.0964415057498929,-3.36814324984253,0.136794707169943,-0.687690927365055
-0.0836200564109064,-1.45280465741077,1.0321119376017,0.090439696050561,-3.38296386982509,0.12934929781239,-0.717860163907755
-0.0797155002927292,-1.45589501555152,1.05045745603727,0.0835522254050357,-3.39774452569576,0.120985497098068,-0.73134397380507
-0.0758125299547324,-1.45923318326772,1.06953813726391,0.0758153374012554,-3.41250209975686,0.111725765437706,-0.727820583250521
-0.071923719607989,-1.46282370893778,1.08936800851868,0.0672675584881313,-3.42724136547736,0.101636392527982,-0.707295710298411
-0.0680620090397671,-1.466672608674,1.1099512888755,0.0579494403498007,-3.44195313186648,0.0908292360052234,-0.670124608078932
-0.0642400710818914,-1.47078677595554,1.13127266023187,0.0479028410342091,-3.45661454475943,0.079462337059718,-0.617044564281057
-0.0604693813495276,-1.47517283916679,1.1532852136892,0.0371698189124069,-3.47119182408971,0.0677375645066859,-0.549212467062041
-0.0567591173071289,-1.47983552894426,1.17589865717984,0.0257913454095874,-3.48564545944859,0.0558927792268306,-0.468238042188226
-0.0531151063648092,-1.48477577454557,1.19897141518893,0.0138061601014198,-3.49993735981287,0.0441863584151556,-0.376199590867871
-0.0495391131123328,-1.48998892790827,1.22231048247738,0.00125015752217433,-3.51403869404073,0.032873710891371,-0.275627391843893
-0.046028744942853,-1.49546362504874,1.24568157047279,-0.0118433478518925,-3.52793644311723,0.02217850863092,-0.169442656756296
-0.0425781201093788,-1.50118172468119,1.26882906530768,-0.0254423138506775,-3.54163650299289,0.0122646332921914,-0.0608484773458353
-0.0391792042704672,-1.50711946857003,1.2915016322283,-0.0395137542873486,-3.55516194800534,0.00321640182178707,0.0468181286306211
-0.0358234823127831,-1.51324958329822,1.31347690833119,-0.0540210602551197,-3.56854672804683,-0.00496697655558994,0.150252218781892
-0.0325035190220118,-1.51954370427815,1.33457919514244,-0.0689214968916373,-3.58182691125757,-0.0123612236385108,0.246339122761447
-0.0292140354265445,-1.5259744365645,1.35468720569985,-0.0841644870513613,-3.59503260607298,-0.0190946821877703,0.332283061716122
-0.0259523361741512,-1.53251659416743,1.37373280144485,-0.0996910669311875,-3.60818332369364,-0.0253205541543305,0.405694861667333
-0.0227181490994482,-1.53914752647475,1.39169413273129,-0.115434573890634,-3.62128801878947,-0.031190372552066,0.464638886477084
-0.0195130833075519,-1.54584675146253,1.40858685712522,-0.131322335449047,-3.63434920991766,-0.0368330887912197,0.507647441677914
-0.016339947779304,-1.55259525876889,1.424455838522,-0.147277949689011,-3.64736925876367,-0.0423412211628205,0.533714403309098
-0.0132021286287622,-1.55937482799157,1.43936815007786,-0.163223698215817,-3.66035644896054,-0.047763296492735,0.542279457275996
-0.0101031480297925,-1.56616760035474,1.45340714265583,-0.179082679772446,-3.67332882729509,-0.0531008567480054,0.53321182211445
-0.00704645763165135,-1.57295601679479,1.46666697464013,-0.194780353317396,-3.68631450860551,-0.0583084601895394,0.506798925833816
-0.00403546772389951,-1.57972313018954,1.47924711949499,-0.210245304884776,-3.69934800798058,-0.0632959452118923,0.463742000453637
-0.00107377773865448,-1.58645321901945,1.49124670507805,-0.225409195176052,-3.71246302699224,-0.0679332571553814,0.405157120718736
0.00183445494705138,-1.59313256485058,1.50275891907934,-0.240206006059714,-3.72568297383459,-0.0720589135084476,0.332576835314903
0.00468409799273838,-1.59975020153778,1.5138660503672,-0.254570874909774,-3.73901130417815,-0.0754933003461361,0.247944375255416
0.00746869056042166,-1.60629841014318,1.52463595763057,-0.268438947827834,-3.75242434523899,-0.0780571600190255,0.153590158540018
0.0101802679796315,-1.61277274604764,1.53512076879981,-0.281744730524233,-3.76586925650943,-0.0795938407164429,0.0521803608327258
0.012809448222517,-1.61917147003265,1.54535831923683,-0.294422303944617,-3.77926883186298,-0.0799916525374878,-0.0533687623458932
0.0153457953129344,-1.62549441466254,1.55537622133744,-0.306406496044214,-3.79253293123064,-0.0792011122953954,-0.1600089211494
0.0177783882949321,-1.63174150471692,1.56519769286161,-0.317634752265434,-3.8055740279671,-0.0772421736729863,-0.264698074292919
0.0200964580828996,-1.63791128239181,1.57484768898441,-0.328049189121591,-3.81832273268038,-0.0741991432983714,-0.364539025027631
0.0222899409530057,-1.64399979250152,1.58435780183453,-0.337598276162731,-3.83073911127821,-0.0702048567151993,-0.456897299546751
0.0243498407587686,-1.65000005468371,1.59376887959908,-0.346237776855031,-3.84281720806896,-0.0654188746046855,-0.539483608202682
0.026268365059955,-1.65590215581738,1.60313112922782,-0.353930866082242,-3.85458254543852,-0.0600054415501663,-0.610396581806744
0.0280388679006636,-1.6616938285091,1.61250221278203,-0.360647587464815,-3.8660843542814,-0.0541156560792063,-0.66813102609629
0.0296556716287789,-1.66736129746924,1.62194425198949,-0.366363936748604,-3.87738521477292,-0.0478758600968416,-0.711562416143233
0.0311138496778045,-1.67289017669201,1.63152067753432,-0.371060864026141,-3.88855067635806,-0.0413819917845547,-0.739919398996843
0.0324090411478829,-1.67826625260313,1.64129363388751,-0.374723427013253,-3.89964072552035,-0.0346983099610934,-0.752754181942512
0.0335373483547029,-1.68347605412674,1.65132235101216,-0.377340254446449,-3.91070415595086,-0.0278585690140634,-0.749917725194868
0.0344953467090235,-1.68850716517025,1.66166264169036,-0.378903414782908,-3.92177624883338,-0.0208681064729615,-0.731543739274546
0.0352802156778801,-1.69334827246751,1.6723675205945,-0.379408741546602,-3.93287975524068,-0.0137060402377149,-0.698043098218738
0.0358899785797346,-1.69798896581072,1.68348883371449,-0.378856622827445,-3.94402890452416,-0.00632758808153874,-0.650108289044687
0.0363238164244531,-1.70241932895832,1.69507971968507,-0.377253212248595,-3.95523592176378,0.00133278714698903,-0.588725623031452
0.0365823961901764,-1.70662938501677,1.70719763067784,-0.374611937848477,-3.96651921010001,0.00935628009900227,-0.515190860830283
0.0366681304831845,-1.71060849367276,1.71990752604993,-0.370955077114842,-3.97791191955571,0.0178316091326278,-0.431121605957865
0.0365852723491832,-1.71434483134365,1.73328474289398,-0.366315055106303,-3.98946919017321,0.026843380492501,-0.338457731320157
0.0363397580964218,-1.71782510158484,1.74741701339307,-0.360735051928103,-4.0012721667292,0.0364577168707166,-0.239440249170262
0.0359387543509298,-1.72103459868575,1.76240521507149,-0.354268551766407,-4.01342724414582,0.0467074357202308,-0.13656092736601
0.0353899431672399,-1.72395766943183,1.77836273330523,-0.346977683119062,-4.02606008692096,0.0575801954124842,-0.0324805790225622
0.034700668850301,-1.72657850045442,1.79541371113407,-0.338930563469025,-4.03930556338785,0.069012985945114,0.0700775918006059
0.0338771314814161,-1.72888204685703,1.81369079194275,-0.330198234040464,-4.05329620235873,0.0808947953191515,0.168445171534758
0.0329238092326371,-1.73085486845027,1.83333305384364,-0.320851963746424,-4.06815235253834,0.0930767899906268,0.260118297885331
0.0318432199473616,-1.73248567984279,1.85448463999728,-0.310961596565628,-4.08397655962463,0.105387123981961,0.342845076614334
0.030636025730397,-1.73376552569897,1.87729421835645,-0.300595256650005,-4.10085312685158,0.117646580653122,0.414683544777005
0.0293013935722326,-1.73468761258807,1.90191502933609,-0.28982029717483,-4.1188521661352,0.129681847251041,0.474031648894828
0.0278374813122292,-1.73524691384728,1.92850504379485,-0.278705054218682,-4.13803634741286,0.141334718781947,0.519636498911775
0.02624192407116,-1.73543969764163,1.95722668755754,-0.267320830952958,-4.1584682261682,0.15246708950524,0.550592069460868
0.0245122326425231,-1.73526312024472,1.98824565217753,-0.255743566270105,-4.18021629534391,0.162962657192134,0.566333479837523
0.0226460586324034,-1.73471499255548,2.02172845639219,-0.244054759522388,-4.20335845837322,0.172726671171596,0.566633405879712
0.0206413180189279,-1.73379378616824,2.05783860299871,-0.232341371710515,-4.22798220625456,0.181684908869375,0.551603367848506
0.0184961895773095,-1.73249889988659,2.0967313850031,-0.220694571290694,-4.25418130812815,0.189782567973992,0.521700034491439
0.0162090200052886,-1.73083116077818,2.13854761980163,-0.209207346308569,-4.28204929956843,0.196983124824427,0.477734485798792
0.0137781773949448,-1.72879348425353,2.18340681034687,-0.197971178704085,-4.31167052797363,0.203266627206195,0.420880465397208
0.0112019025268105,-1.72639157047283,2.2314003917666,-0.18707217712126,-4.34311000320763,0.2086265521662,0.352676025588346
0.00847821353038062,-1.72363448042047,2.28258574925303,-0.176587262891917,-4.37640373203814,0.213064440236415,0.275011700614596
0.00560492268290083,-1.72053493512766,2.33698152304697,-0.166581132123111,-4.41155140539293,0.216582131176498,0.190098048072837
0.0025798198768645,-1.71710922922403,2.39456438151869,-0.157104678795084,-4.44851304423356,0.219172499021617,0.100406819700622
-0.000598936936800091,-1.71337674874757,2.45526708962036,-0.14819528919032,-4.48721036960474,0.220810768653403,0.0085841765124812
-0.00393221124466496,-1.70935920146163,2.51897757706582,-0.139878928403589,-4.52753240802174,0.221449166928324,-0.0826589428009202
-0.00741908264576272,-1.70507975468495,2.58553896554227,-0.132173393691539,-4.5693436465086,0.221017234139586,-0.170666783203936
-0.0110559171356385,-1.7005622786087,2.65475102046543,-0.125091752189977,-4.61249249006557,0.219428503432003,-0.252951931231616
-0.0148354257604698,-1.69583080695794,2.72637383413033,-0.118644997791543,-4.65681811901063,0.216592122834865,-0.327285575424885
-0.0187458518707871,-1.69090920021902,2.80013434047452,-0.112843342708874,-4.70215484201415,0.212426435370727,-0.391755516891611
-0.0227704277805074,-1.6858209031716,2.87573550132088,-0.107696096998848,-4.74833410470448,0.206871305245421,-0.444791838010609
-0.0268872099458873,-1.68058867209524,2.95286710091571,-0.103210530926825,-4.79518496543299,0.199897010035884,-0.485167775898216
-0.0310693436963518,-1.67523419738405,3.03121654003752,-0.0993903188550208,-4.84253399051583,0.191509085550309,-0.51198687527624
-0.0352857399281133,-1.66977761963162,3.11047806599224,-0.0962341410878568,-4.89020535049221,0.181749816734198,-0.524666987685069
-0.0395020858844334,-1.66423698903023,3.19035939356539,-0.0937348698512493,-4.93802166469772,0.170697682155494,-0.522928779890993
-0.0436820738584794,-1.65862773192487,3.27058536578406,-0.0918795828174454,-4.9858059696779,0.158465966733452,-0.506792837997099
-0.0477887200384626,-1.65296217261589,3.35089890471916,-0.0906504791852402,-5.03338506578636,0.145201182478085,-0.476586219955966
-0.0517856569535062,-1.64724913342187,3.43105988338254,-0.0900266214688073,-5.08059434166107,0.131081156104269,-0.432956568031297
-0.0556383087648094,-1.64149362249729,3.51084271355163,-0.0899862734063502,-5.12728390833933,0.116311908978352,-0.376889442819031
-0.0593148890782106,-1.63569662925845,3.59003346579871,-0.0905094449012955,-5.17332546996414,0.101122002005998,-0.309722189579709
-0.0627871875284126,-1.62985508032301,3.66842729757593,-0.0915801154514024,-5.21861888750478,0.0857530774140119,-0.233145709532426
-0.066031128481434,-1.62396204695637,3.74582689867615,-0.0931875535108903,-5.26309703191666,0.070446075735694,-0.149184903519452
-0.0690270924893074,-1.61800730752779,3.82204253779216,-0.0953262598634925,-5.30672751369768,0.0554240087937839,-0.0601505610982346
-0.0717599939837313,-1.61197832606891,3.89689402983697,-0.0979943749297918,-5.34951039636019,0.0408738263498688,0.0314392131533357
-0.0742191164662206,-1.60586160561534,3.97021449695857,-0.101190836175301,-5.39147200739756,0.0269310746487585,0.12296225671121
-0.0763977257120054,-1.59964424706822,4.04185524919732,-0.104911978281941,-5.43265610499513,0.0136709715343858,0.211807321214328
-0.0782925108288912,-1.5933154528165,4.11169068048643,-0.109148441967241,-5.47311443292272,0.00110802863822337,0.295484484033563
-0.079902930818746,-1.58686770990933,4.17962198518068,-0.113883114117841,-5.51289873643734,-0.0107959505931704,0.37171690414337
-0.0812305570867648,-1.58029747442541,4.24557881715424,-0.119090447292244,-5.55205564171057,-0.0221177233330466,0.43850613322388
-0.082278493594838,-1.57360531435663,4.30951860007941,-0.124737087898714,-5.59062478714992,-0.0329555338264125,0.494170442224526
-0.083050928704158,-1.56679559507185,4.37142380907835,-0.130783444206211,-5.628639683084,-0.0434121307384749,0.537360979300454
-0.0835528371579374,-1.55987587004961,4.4312979821605,-0.137185712881425,-5.66613024245409,-0.0535799079247206,0.567063010678763
-0.08378981707541,-1.55285616125648,4.48916140523668,-0.14389792728661,-5.70312580463336,-0.0635290433553866,0.58258949286277
-0.0837680223784832,-1.54574829152215,4.54504737679589,-0.150873721749126,-5.73965764417237,-0.0732986408176,0.583572895824971
-0.083494137475005,-1.53856538543185,4.5989997711695,-0.158067656958687,-5.77576025762672,-0.0828904973366761,0.569959415711598
-0.0829753373499733,-1.53132160141239,4.65107234662835,-0.16543608091256,-5.81147104152261,-0.092265208776624,0.542007891884394
-0.0822191814661383,-1.52403210386694,4.70132991586895,-0.172937590706656,-5.8468282679936,-0.101340737457755,0.500293934421132
-0.0812334037066013,-1.5167132327933,4.74985111403375,-0.180533211354567,-5.8818675398462,-0.109994081018889,0.445717833269071
-0.0800255845176802,-1.5093827806023,4.79673207178844,-0.18818642442836,-5.91661718847408,-0.118067048425805,0.379512700543512
-0.0786027253342733,-1.50206024721886,4.8420898816032,-0.195863167764383,-5.95109337034519,-0.125377102094331,0.303247113508333
-0.0769707860984904,-1.49476692683815,4.8860644612479,-0.203531894837251,-5.98529586910255,-0.131733550436878,0.21881484590972
-0.0751342838775619,-1.4875256989564,4.92881745219387,-0.211163736277865,-6.01920570649871,-0.136958032910168,0.128404056843968
-0.0730960676763433,-1.48036046330345,4.97052729697758,-0.218732755893895,-6.05278546790132,-0.140906522148386,0.0344405880994044
-0.070857365050289,-1.47329526511292,5.01138061045134,-0.226216250174067,-6.08598268794715,-0.14348865455891,-0.0604948517597778
-0.0684181352826675,-1.46635326956597,5.05156112523304,-0.233595013579567,-6.11873582432025,-0.144679933027662,-0.153769010126997
-0.0657776780413543,-1.45955581258281,5.09123837951193,-0.24085348888028,-6.15098157001228,-0.144523708219844,-0.242805394600891
-0.0629353703068953,-1.4529217427124,5.1305584978245,-0.247979745318315,-6.18266186865704,-0.143122497211028,-0.325185796229267
-0.0598913717751882,-1.44646717887201,5.16963878976001,-0.254965272120062,-6.21372918737398,-0.140621022091827,-0.398731839002153
-0.0566471623678521,-1.4402056836635,5.20856675561701,-0.261804626918475,-6.24414925580187,-0.137185123513931,-0.461560415400293
-0.0532058393935221,-1.43414874604448,5.24740294167531,-0.268495018146826,-6.27390127879322,-0.132980852234404,-0.512113604443247
-0.0495721756036907,-1.42830641412955,5.28618633190541,-0.275035911011901,-6.3029762585794,-0.128156873228961,-0.549168617231708
-0.0457524964917752,-1.42268792039791,5.32494072712975,-0.281428724573563,-6.33137436924671,-0.122831642641962,-0.571835500843483
-0.0417544633565301,-1.41730217824267,5.36368074192503,-0.287676640114179,-6.35910233611247,-0.117085394035754,-0.579550133313804
-0.0375868499850484,-1.41215807657318,5.40241644023063,-0.293784484258081,-6.38617159678184,-0.110956191255772,-0.572068458858358
-0.033259383534223,-1.40726454227542,5.44115606033553,-0.299758599235585,-6.41259776502333,-0.104439195895882,-0.549465805584347
-0.0287826924333769,-1.40263037383803,5.47990666126918,-0.305606579357429,-6.4384016363796,-0.097488664116533,-0.512142935206452
-0.02416837129602,-1.39826387602547,5.51867284420184,-0.311336748209751,-6.46361166792207,-0.0900227544657371,-0.460838277106304
-0.0194291376765275,-1.39417235107403,5.55745399234854,-0.316957285572745,-6.48826751435523,-0.0819317016476966,-0.396643476930306
-0.0145790210161498,-1.39036153075067,5.59624075205991,-0.322474994419132,-6.51242381072734,-0.0730900039198155,-0.321016859129433
-0.00963349703180659,-1.38683506316777,5.63501171818351,-0.327893825444297,-6.53615302564621,-0.0633727506207172,-0.23578691850775
-0.00460947189727629,-1.38359418813442,5.6737313983417,-0.333213423372485,-6.55954602254906,-0.0526750119247784,-0.143136276486702
0.000474957170911159,-1.38063772613063,5.7123503777155,-0.338428070546944,-6.58270917083231,-0.0409315943898305,-0.0455570383010338
0.00560097968814097,-1.37796245208047,5.75080809536486,-0.343526402001291,-6.60575758984124,-0.0281331229148591,0.0542274937499248
0.0107497203691165,-1.3755638258432,5.78903783928539,-0.348492098879663,-6.62880529507864,-0.0143342485514208,0.153372105477748
0.0159029175109031,-1.37343693626428,5.82697275570229,-0.353305460124363,-6.65195422275182,0.000348647262849269,0.249038123236087
0.0210434654543538,-1.37157743654332,5.86455124813434,-0.357945432525394,-6.67528473257407,0.0157499665583489,0.338522633019983
0.0261556963342404,-1.36998224965966,5.90172036819047,-0.362391508985324,-6.69884983679098,0.0316743934655039,0.419369715754292
0.0312253648357986,-1.36864990557569,5.93843657259205,-0.366624972756321,-6.72267421172365,0.0479185737772679,0.489451146950224
0.0362393925610211,-1.36758049447463,5.97466414445961,-0.370629222127191,-6.74675760751762,0.0642905302913232,0.547013459176416
0.0411854877719567,-1.36677532576694,6.01037224132449,-0.374389216129754,-6.77108121109214,0.0806241077538062,0.59069652433223
0.0460517694516943,-1.36623643486898,6.04553175517411,-0.377890312689859,-6.79561512774951,0.0967877865065903,0.619533225695097
0.0508265028693899,-1.36596607901078,6.08011302000293,-0.381116872256554,-6.82032533602072,0.112688695429655,0.632940199717373
0.0554980166093042,-1.36596632740359,6.11408506200956,-0.384050998089477,-6.84517895232588,0.128273263116105,0.630707569512992
0.0600548317485632,-1.36623880518513,6.14741670776519,-0.38667172125747,-6.87014716920626,0.143525782125557,0.61299250623082
0.0644859974337607,-1.36678460675475,6.1800795107802,-0.38895485706867,-6.8952056814567,0.158465529728261,0.580318376062304
0.0687815904714997,-1.36760436040477,6.21205211767317,-0.390873662903125,-6.92033279408485,0.173142327487975,0.533578272662059
0.0729332980928915,-1.36869839802687,6.2433253540393,-0.392400314149043,-6.94550576549123,0.187629842994343,0.474039046526278
0.0769349629919216,-1.37006696458561,6.27390698243553,-0.39350805801016,-6.97069631620615,0.202015809584636,0.403339315225709
0.0807829411705079,-1.37171038870906,6.30382487505582,-0.394173722921615,-6.99586657252838,0.216388854535191,0.323473083730544
0.084476122887013,-1.37362914061213,6.33312740567933,-0.394380080936894,-7.02096686463048,0.23082277759076,0.236750272117985
0.0880155189845457,-1.37582372710213,6.3618803557439,-0.394117482583336,-7.04593655185228,0.245360585699154,0.145728177965133
0.0914034200754911,-1.37829442424489,6.39016052827011,-0.39338427317997,-7.07070829544809,0.260001691597204,0.0531139784250998
0.0946422732950549,-1.38104090350502,6.41804732131862,-0.392185808598554,-7.09521509166049,0.2746956714695,-0.0383532682437183
0.0977335282517723,-1.38406185184295,6.44561425248587,-0.390532300849499,-7.11939835555229,0.289344509996763,-0.126025572641368
0.100676729843181,-1.38735468641848,6.47292247328672,-0.388436091145154,-7.14321492673364,0.303812829281493,-0.207456090404984
0.103469055801784,-1.39091543078742,6.50001760824485,-0.385909069202632,-7.16664127034057,0.317943314216914,-0.280482372408659
0.106105358113361,-1.39473875768093,6.52693018099425,-0.382960829096712,-7.18967415673054,0.331573472767154,-0.343276939889519
0.10857862601131,-1.39881815849827,6.55367892559627,-0.379597827257408,-7.21232818814813,0.344550282692114,-0.394367468398192
0.110880707155327,-1.40314617134389,6.58027578456507,-0.375823489026922,-7.23463128535978,0.356740707007998,-0.432634430932383
0.113003104812196,-1.4077146044264,6.60673136888612,-0.371638969996574,-7.25661947202784,0.368037660411292,-0.457295699964334
0.114937702675502,-1.41251470563149,6.63305994685679,-0.367044190358518,-7.27833213160795,0.378362186546432,-0.467886777814518
0.116677318932673,-1.4175372507403,6.65928340154895,-0.362038775435985,-7.29980854760429,0.387663111834113,-0.464243014977152
0.118216039474992,-1.42277253948698,6.6854339135013,-0.356622625463333,-7.32108615382697,0.395915379089804,-0.446487741980629
0.119549314146527,-1.42821030359053,6.71155532236653,-0.350795954712063,-7.34220058612281,0.403117840844289,-0.415027921392639
0.120673823257472,-1.43383954378448,6.73770321976295,-0.344558770933632,-7.36318735014999,0.409290745219014,-0.370556892231216
0.121587140544633,-1.43964832735218,6.76394387303072,-0.337909899967741,-7.38408466929293,0.414472661102536,-0.314061802664432
0.122287241761454,-1.44562359313314,6.79035213343102,-0.330845793117958,-7.4049368371244,0.418716317659319,-0.246831362001367
0.122771938114741,-1.45175102378829,6.8170085804259,-0.323359468510958,-7.42579719729501,0.422082886742201,-0.170457732798178
0.123038345832471,-1.45801504720733,6.84399630000304,-0.315439997238587,-7.44672979724731,0.424634659368528,-0.0868252801986045
0.123082522157231,-1.46439901130334,6.87139784520892,-0.307072902284084,-7.46780892912571,0.426426770519737,0.00192065399804534
0.12289938480747,-1.47088553445715,6.89929299791158,-0.298241659717219,-7.48911625852832,0.427499351435471,0.0934289782107679
0.122482974396136,-1.47745697530198,6.92775785498549,-0.288930194429383,-7.51073598225284,0.427871858327283,0.185220949858094
0.12182702707658,-1.48409591210474,6.95686547097347,-0.279125938060764,-7.53274919549748,0.427541041923772,0.274783888842653
0.120925731426413,-1.49078550073931,6.98668787530002,-0.268822801005601,-7.55522903893732,0.426483092540422,0.359668629801934
0.119774490797743,-1.49750960592265,7.01729889841063,-0.258023408215848,-7.57823801003717,0.424659305727685,0.437577934415286
0.118370523471127,-1.50425266325715,7.04877703650018,-0.24674016303211,-7.60182812757677,0.422023715644341,0.50643631464719
0.11671319749149,-1.51099930111477,7.08120761311509,-0.234995031445401,-7.62604375668989,0.418530907021378,0.564437412728455
0.11480408141371,-1.51773380260266,7.11468370292905,-0.222818245006374,-7.65092619760752,0.414142640610781,0.610070724499473
0.112646761133876,-1.5244395062518,7.14930555321345,-0.210246310589082,-7.67651880803175,0.408832710189491,0.64213321305124
0.110246508707799,-1.53109823550015,7.18517847238335,-0.197319773455729,-7.70287144160331,0.402590221133323,0.659732802468024
0.107609891799723,-1.53768982722702,7.22240930432681,-0.184081143387859,-7.7300431909379,0.395421972704415,0.662290415506057
0.104744393494356,-1.54419181347313,7.26110167845394,-0.170573313020959,-7.7581026721598,0.387354725582995,0.64954593824461
0.101658083679536,-1.5505793060703,7.30135025655976,-0.156838704694093,-7.78712530831304,0.378437844395071,0.621571763857695
0.0983593544940247,-1.55682514026681,7.34323424102454,-0.142919281729369,-7.81718729489654,0.36874619657076,0.578795487414259
0.094856708468073,-1.56290034103405,7.38681051003707,-0.128857432577503,-7.84835627604471,0.358382394250304,0.522030646148455
0.0911585712034556,-1.56877496771941,7.43210692282384,-0.114697555867627,-7.8806793608123,0.347476701061723,0.45251077666109
0.0872730920811925,-1.57441934901238,7.47911655546098,-0.100487937494222,-7.9141700189144,0.33618253153456,0.371917474682071
0.0832078987699193,-1.57980562815328,7.52779377271306,-0.0862822713792333,-7.94879643861807,0.324665886863564,0.282388547246354
0.0789697870359312,-1.58490941035397,7.57805293899439,-0.0721400629894138,-7.98447459944221,0.313088626291943,0.186490119317089
0.0745643581774546,-1.58971119269187,7.62977008886125,-0.0581253340514823,-8.02106890103379,0.301587987012216,0.0871399712930204
0.0699956580472471,-1.59419724144502,7.68278709511637,-0.0443035910392596,-8.05840128946253,0.290257216563592,-0.0125197209585066
0.0652659100118797,-1.59835971745516,7.73691717637314,-0.0307377639704045,-8.09626694819029,0.279133007088584,-0.109286354690706
0.0603754480426709,-1.60219610052342,7.79195047175179,-0.0174843734933713,-8.13445224244585,0.268193633978358,-0.200070643118638
0.0553229312021787,-1.60570820007949,7.84765905008203,-0.00459118252513948,-8.17275016882647,0.257367981681431,-0.282050398892889
0.0501058618902664,-1.60890112883176,7.90380170998167,0.00790298976587549,-8.2109702644671,0.246552059843918,-0.352783503084998
0.0447213594425973,-1.61178252581979,7.96012956513054,0.0199664292822313,-8.24894256991396,0.235628032981355,-0.410273971629499
0.0391670814912942,-1.61436212517325,8.01639326952054,0.0315714331077881,-8.28651729646071,0.224481528941045,-0.452997840745258
0.0334421513038469,-1.61665159343704,8.07235195523297,0.042690965214468,-8.32356258938431,0.213015006255257,-0.479902136345387
0.0275479415456574,-1.61866447362736,8.12778303006315,0.0532959480226512,-8.35996242692191,0.201156911149544,-0.490390710795484
0.0214885809118805,-1.62041608338842,8.18249138611766,0.0633537705339488,-8.39561588741376,0.188867450971689,-0.484307689805341
0.0152710879902619,-1.62192328085307,8.23631650602615,0.0728282546127085,-8.43043825790695,0.176141936415507,-0.461925018830121
0.0089050941118922,-1.62320408967514,8.28913635962467,0.0816810192550443,-8.46436392299376,0.163012080993009,-0.423936238951666
0.00240219270566426,-1.62427723348932,8.34086766791325,0.0898739376868198,-8.49735060243891,0.149544829145032,-0.371454658594931
-0.00422496143483846,-1.62516165584025,8.39146287965802,0.0973721767624482,-8.52938417058939,0.135837644689524,-0.306010418062033
-0.0109635980277041,-1.62587609652425,8.44090490141469,0.104147158601762,-8.56048294147316,0.122009135171166,-0.229537984564106
-0.0178015683996024,-1.62643876835914,8.48920110009804,0.11017872818859,-8.59070003630702,0.108184675344768,-0.144344049071741
-0.0247276362796357,-1.62686714367775,8.53637819607185,0.115455923235811,-8.62012248797548,0.0944782886264229,-0.0530470600663778
-0.0317311887999211,-1.62717783050776,8.58247925643152,0.119976064440722,-8.64886629200791,0.0809739174277112,0.0415152120257835
-0.0388014107088507,-1.62738650398184,8.6275631201961,0.123742364730649,-8.67706768321057,0.0677104071323923,0.136405088424581
-0.0459261502291786,-1.62750786137942,8.67170554372473,0.126760729210134,-8.7048721492042,0.0546741531175723,0.228717275541153
-0.0530908132908006,-1.62755558350368,8.71500062351194,0.129036664424115,-8.73242350402275,0.0418012866168597,0.315704717157886
-0.060277600002254,-1.62754230122834,8.75756099014828,0.1305731150153,-8.75985529629399,0.0289884156255814,0.394880257016613
-0.0674652608830985,-1.62747957613141,8.7995158483289,0.131369659753322,-8.78728594716886,0.0161086890222322,0.464083907243005
-0.0746293750835544,-1.62737790610197,8.84100679658214,0.131423030010373,-8.81481777544409,0.00302924432119919,0.521515102099037
-0.0817430158290786,-1.62724676348568,8.88218207267239,0.130728562374888,-8.8425390349364,-0.0103731112430644,0.565736823493129
-0.0887776061197724,-1.62709466890981,8.92319021470919,0.129282057140538,-8.87052757675593,-0.0241995919807918,0.595662022358489
-0.0957037712908738,-1.62692930047634,8.96417412841589,0.12708155685032,-8.89885474421606,-0.0385206298768407,0.610532725260508
-0.102492033785629,-1.62675763513718,9.00526636287509,0.12412870748911,-8.92758840646647,-0.0533698020651123,0.609900213829911
-0.10911324093414,-1.62658611414455,9.04658616333502,0.120429536244414,-8.95679442485884,-0.0687394943751343,0.593612012415001
-0.115538655431425,-1.62642081479604,9.08823865274966,0.115994630113204,-8.98653619498715,-0.084577647443843,0.561808865071924
-0.121739672570721,-1.62626759470949,9.13031626587218,0.110838809986077,-9.01687218820001,-0.100785630311095,0.514932494565317
-0.127687170134849,-1.62613215412487,9.17290223853381,0.10498046294812,-9.0478516628069,-0.117218112681526,0.453742459676301
-0.133350560530521,-1.62601994266359,9.2160754617785,0.0984407242061745,-9.07950897517702,-0.133686501345092,0.379337631500012
-0.138696705839782,-1.62593583169172,9.25991535001175,0.0912426866784839,-9.11185721371557,-0.149967751559207,0.293174746287796
-0.143688960852057,-1.62588349755358,9.30450471499168,0.0834107612554912,-9.14488215899695,-0.165819817798431,0.197073901495345
-0.148286685202382,-1.62586452576072,9.34992834526434,0.07497022254321,-9.17853772374132,-0.181003464765354,0.093200180477547
-0.152445555033423,-1.62587734610991,9.39626549523025,0.0659468841690858,-9.21274389652268,-0.195307832600688,-0.0159865279039554
-0.156118863416563,-1.62591621179458,9.44357599149777,0.0563667943751339,-9.24738772312116,-0.208574871478,-0.127814532166419
-0.159259744116443,-1.62597049099953,9.4918818304666,0.0462558613138013,-9.28232711029918,-0.220716774498039,-0.239508065091443
-0.161823976681383,-1.62602450597472,9.54114809397241,0.0356394051530888,-9.31739652766023,-0.231721761166332,-0.348304260549401
-0.163772852590663,-1.62605803262352,9.59126779789045,0.0245417432143977,-9.35241335284608,-0.241646775496136,-0.451561919176486
-0.16507557779301,-1.62604741091749,9.64205450883246,0.01298598862557,-9.38718379418284,-0.250599441973747,-0.54684869580668
-0.165710839140703,-1.62596707858689,9.69324460868307,0.000994244213907271,-9.42150787228162,-0.258714233637955,-0.632000870628636
-0.16566738818066,-1.62579127220157,9.74450882485139,-0.0114116960326811,-9.45518352001702,-0.266128319278911,-0.705157022888463
-0.164943706017118,-1.62549564743332,9.79547087214657,-0.0242091369758254,-9.4880102081027,-0.272961236220646,-0.764771300435945
-0.163546952769751,-1.62505863158805,9.84573014828423,-0.0373728810872544,-9.51979255343666,-0.279300375647906,-0.809613305578515
-0.161491465310181,-1.62446240534832,9.89488534754121,-0.0508734457836619,-9.5503442154365,-0.285192270846925,-0.83876103448676
-0.15879706487159,-1.62369349200755,9.94255634404115,-0.0646753577251671,-9.57949218253719,-0.290638416615809,-0.851592039738048
-0.155487399430653,-1.62274299739496,9.988402470431,-0.0787357829499779,-9.60708142273412,-0.295593938608701,-0.847776770492869
-0.151588496896708,-1.62160658688728,10.0321361845191,-0.0930037151073796,-9.63297987611933,-0.299967718540405,-0.827277053928871
-0.147127654240817,-1.62028430532433,10.0735319478846,-0.107419889679571,-9.65708387305742,-0.303623320957996,-0.790351712868874
-0.14213273573836,-1.6187803393722,10.1124308201224,-0.121917535712307,-9.67932415501225,-0.306381024910191,-0.737570117469155
-0.136631897522732,-1.61710278899219,10.1487416725718,-0.136424021415426,-9.69967259405635,-0.308022217438664,-0.669832879751851
-0.130653691402031,-1.61526345890273,10.1824399431432,-0.150863381769444,-9.71814930994522,-0.308298093639549,-0.588396747103094
-0.124227431020313,-1.61327761546746,10.2135644961058,-0.165159607553354,-9.73482915424256,-0.306944688842144,-0.494898079797351
-0.117383635599349,-1.61116360220256,10.2422125810992,-0.179240402788635,-9.74984565329732,-0.303705355149164,-0.391366315429741
-0.110154320212557,-1.6089421962924,10.268532409903,-0.19304089151389,-9.76338989066372,-0.29835966360279,-0.280216350242057
-0.102572905743214,-1.60663564025498,10.2927128174194,-0.206506547429486,-9.77570200726882,-0.29075466880149,-0.164208324902774
-0.0946736064090815,-1.60426639462792,10.3149700249171,-0.219594568481438,-9.7870544094858,-0.280831655053528,-0.0463668359286942
-0.0864903233131168,-1.60185579091364,10.3355325452723,-0.232273164198245,-9.79772827758184,-0.268640642514846,0.070139858031753
-0.078055279962566,-1.59942285345882,10.3546262855664,-0.244518787132756,-9.80798765877395,-0.254337368630216,0.182148187518871
-0.0693977820724023,-1.59698354758586,10.3724623093226,-0.256312028969603,-9.81805692190707,-0.238162715709559,0.286652444999627
-0.0605434763220424,-1.59455059341851,10.389229176035,-0.267633372681538,-9.82810664285625,-0.220410169038357,0.380937145965293
-0.0515143111916093,-1.59213381669576,10.4050904851672,-0.278459982259234,-9.83825030131859,-0.20138996274228,0.462669684507727
-0.0423291593949097,-1.58974086965864,10.4201868533645,-0.288764246506762,-9.84855086956102,-0.181397881575568,0.529947306213495
-0.0330048698353681,-1.58737809709438,10.4346406618285,-0.298514151531204,-9.85903398343739,-0.160693324204202,0.581304933984151
-0.0235574477451264,-1.58505134222182,10.4485617415582,-0.307675047844548,-9.86970360535836,-0.139487377517079,0.615697619160822
-0.0140031024913472,-1.5827665478352,10.4620525256156,-0.31621215112961,-9.88055664009859,-0.117938960034754,0.632472557545969
-0.00435899540185846,-1.58053007254766,10.4752117471374,-0.324093137732151,-9.89159411481604,-0.0961560651606979,0.631342792428109
0.0053563892455906,-1.57834869086502,10.4881362452073,-0.331290348549081,-9.90282766462787,-0.0741994415622009,0.612370483346955
0.015123263878432,-1.5762292793385,10.5009207733063,-0.337782289734936,-9.91428091063648,-0.0520871013287422,0.575963486459166
0.0249209245221308,-1.5741782203942,10.5136559312322,-0.34355426370146,-9.92598592309009,-0.0297993396719219,0.52288541409438
0.0347284539054892,-1.57220059418426,10.5264245583097,-0.348598076574059,-9.93797552579766,-0.00728510732439114,0.454276010706655
0.0445256535787909,-1.57029928452972,10.5392972140765,-0.352910876261107,-9.95027290387429,0.0155287226622008,0.371675181558134
0.0542940642274979,-1.56847419191139,10.5523277412595,-0.356493306531223,-9.96288085306782,0.0387237351872272,0.277040257817581
0.0640178714873585,-1.56672179890282,10.5655502477053,-0.359347320896702,-9.97577380702647,0.0623716712775772,0.172742889348483
0.0736844559356449,-1.56503532754437,10.5789789303797,-0.361474145620542,-9.98889595724157,0.0865132413513629,0.0615312927000948
0.0832843754826291,-1.56340562079966,10.592611730432,-0.362872934857392,-10.0021677232183,0.111138292794963,-0.0535519934661654
0.0928106950732374,-1.56182266767871,10.606437759649,-0.363540541302954,-10.0155003511608,0.136172978385051,-0.169296053752588
0.102257780426425,-1.56027744620403,10.6204470649113,-0.363472524656459,-10.0288152971104,0.161478591976277,-0.282476374715991
0.111619860913324,-1.55876360381118,10.6346402635775,-0.362665133676655,-10.0420628224514,0.186863194259322,-0.390012615702841
0.12088974423587,-1.55727853506302,10.6490355041611,-0.36111770417435,-10.0552343209325,0.212102670756846,-0.489102201554388
0.130057988730184,-1.55582363458857,10.663671172899,-0.358834842526459,-10.0683652914888,0.236964894376342,-0.577311660711045
0.139112659287215,-1.55440377895174,10.6786042288818,-0.35582791755398,-10.0815291964425,0.261230630643611,-0.652621715449927
0.148039606514483,-1.55302628879568,10.6939052635274,-0.352115657255604,-10.0948249988556,0.284707212180215,-0.713433968957198
0.156823089410965,-1.55169968227809,10.7096519104044,-0.34772391254887,-10.1083621063245,0.307234145263978,-0.758552726849068
0.165446527728432,-1.5504324786778,10.7259221094794,-0.342684831029918,-10.1222459747925,0.328682230534021,-0.787155564850098
0.173893197852115,-1.54923221214823,10.7427882604486,-0.337035761464928,-10.1365664873308,0.348948909379306,-0.798763315871232
0.182146741340218,-1.54810472532179,10.7603127991711,-0.330818205723593,-10.1513900958038,0.367952552215737,-0.793216538813368
0.190191413766692,-1.54705375727035,10.7785453845465,-0.324077079873549,-10.1667559423931,0.385627727086558,-0.770662390219837
0.19801205307139,-1.54608082138647,10.7975217307046,-0.316860460271488,-10.1826757971875,0.401922520957871,-0.73155325682957
0.205593792266519,-1.5451853723776,10.8172641001719,-0.309219881221763,-10.1991375073009,0.41679798633173,-0.676656194010963
0.212921587522003,-1.54436526762259,10.8377834762655,-0.301211118703487,-10.2161115378497,0.430228914121518,-0.607069832636574
0.219979680332248,-1.54361751682097,10.8590833440529,-0.29289523635328,-10.2335599140263,0.442204516383882,-0.524242650288751
0.226751156816367,-1.54293926974286,10.8811647506057,-0.284339510496823,-10.2514463697259,0.45272741905775,-0.429983722362487
0.233217786988816,-1.54232891470763,10.9040319041007,-0.27561773929522,-10.2697458872017,0.46180977695349,-0.326455065723432
0.239360294994943,-1.54178707302563,10.9276971518056,-0.266809460149845,-10.2884514044663,0.469466377930588,-0.21613508967247
0.245159109655737,-1.54131722475872,10.9521840001673,-0.257997819642648,-10.3075757142466,0.475706032145141,-0.101747054384174
0.250595487471372,-1.54092574131115,10.9775271346292,-0.249266249690083,-10.3271477358122,0.480523701379875,0.0138450730796934
0.255652749020991,-1.54062124724061,11.0037691740713,-0.2406945619777,-10.3472041400308,0.483895993795208,0.127760890961882
0.260317303012509,-1.54041343885495,11.0309548604206,-0.2323553522072,-10.3677789369327,0.485781555567656,0.237228484247567
0.26457919386052,-1.54031165428764,11.0591240823189,-0.224311541472865,-10.3888942242294,0.486126052520457,0.339690389410103
0.268432068453912,-1.54032353876887,11.0883052559327,-0.216615502118549,-10.4105545694484,0.484869850124453,0.432877737813706
0.271872632594186,-1.54045407048316,11.1185101735484,-0.20930972303498,-10.4327459635565,0.481955926277261,0.514849497043517
0.274899781442311,-1.54070506430297,11.149730779352,-0.202428590944928,-10.4554387823656,0.477336052473255,0.58400194511865
0.277513615333912,-1.54107512743087,11.1819377579952,-0.196000710275433,-10.4785933076432,0.470974374871974,0.639057729506326
0.279714512924474,-1.54155994969329,11.2150804904762,-0.190051228165693,-10.5021661832778,0.462848633022515,0.679044321551782
0.281502367562964,-1.54215278020726,11.2490878468678,-0.184603775986926,-10.5261164663332,0.452950005667252,0.703270002970117
0.282876033301294,-1.54284495521403,11.2838693694615,-0.179681791071811,-10.5504103650011,0.441282868571413,0.711303289596189
0.28383298905374,-1.54362637717327,11.3193165722837,-0.175309090699016,-10.5750241230226,0.42786563979197,0.70295972130156
0.28436921713371,-1.54448588525626,11.3553042902171,-0.17150962418299,-10.5999447368035,0.412733487657807,0.678298537323006
0.284479296031973,-1.54541149343695,11.3916922245807,-0.168306351582175,-10.6251683059203,0.395943066413425,0.637630675170687
0.284156720120188,-1.54639050126883,11.4283270281313,-0.165719224042601,-10.6506959098649,0.377578707373337,0.581538652172884
0.283394462686272,-1.54740950630004,11.4650454102071,-0.16376231869741,-10.6765270911723,0.357758673930889,0.510907564339364
0.282185785008853,-1.54845436804098,11.5016787532683,-0.162440342761892,-10.7026514172871,0.336639323223595,0.426964297286088
0.280525245822112,-1.54951019340446,11.5380595171194,-0.161744982440943,-10.7290392364474,0.314414517653309,0.3313183049557
0.278409786106886,-1.55056142848017,11.5740291890746,-0.16165188242611,-10.7556335292197,0.29130780323476,0.225992200486342
0.275839669350457,-1.55159214008164,11.6094467435113,-0.162119270779387,-10.7823453386753,0.267556158270335,0.113425332612785
0.272819001034026,-1.55258653493114,11.6441957640552,-0.163089173462309,-10.8090550858654,0.243386708217364,-0.00356769528032488
0.269355598133776,-1.55352968492985,11.6781880637721,-0.164491606068856,-10.8356206988285,0.218991074139676,-0.121894588731587
0.265460161337265,-1.55440832320012,11.711362313185,-0.1662511393591,-10.8618911040631,0.194504330360406,-0.238333759987538
0.261144959754666,-1.55521150248733,11.7436778462915,-0.168294237146217,-10.8877213576451,0.169995044496203,-0.349709059122618
0.256422428461021,-1.555930921864,11.7751056773722,-0.170555363570855,-10.9129849425621,0.14546917088874,-0.453055419947717
0.251304087668254,-1.55656083510215,11.8056197321863,-0.172980345421374,-10.9375800710396,0.120885578509911,-0.545744721721302
0.24580002492062,-1.5570975951998,11.8351908538042,-0.175526557785987,-10.9614293450073,0.0961775797679633,-0.625558063402419
0.239918954417261,-1.55753898875803,11.8637847249499,-0.178160549716004,-10.9844743615774,0.0712745021689193,-0.690708948044329
0.233668700625807,-1.55788353731681,11.8913633690586,-0.18085428601066,-11.0066678864644,0.0461194397322056,-0.739832906256059
0.22705689347387,-1.5581299085426,11.9178890082169,-0.183581203489865,-11.0279661074826,0.0206820789901107,-0.771961268671383
0.22009168463569,-1.5582765268926,11.9433288745492,-0.186312984960393,-11.0483227941167,-0.00503248349018945,-0.78649339454504
0.212782353186448,-1.55832142978901,11.9676598424134,-0.189017587421647,-11.0676864595692,-0.0309772221455179,-0.783176661916025
0.20513972662528,-1.55826238850206,11.9908721481668,-0.19165876230606,-11.0860010799138,-0.057057538502323,-0.762099101755058
0.19717638429319,-1.55809729451781,12.0129717792494,-0.194197099165642,-11.1032105457313,-0.0831260626946465,-0.723696201889924
0.188906633972845,-1.55782478733877,12.0339812766117,-0.196592465313582,-11.1192666491163,-0.10897881034656,-0.668770641094295
0.180346264882435,-1.55744505502603,12.0539387490249,-0.198807537177918,-11.1341398726089,-0.134354944426072,-0.598520693085515
0.171512093332299,-1.556960671796,12.0728949693965,-0.200811884070063,-11.1478314761496,-0.158943293620676,-0.514569283627946
0.162421340414127,-1.55637726297445,12.0909086476695,-0.202585792396611,-11.1603844854997,-0.182398643584853,-0.418981354144263
0.153090922434699,-1.55570374646508,12.1080404289922,-0.204122819529694,-11.17189054491,-0.204369035093324,-0.314253969763496
0.143536786661874,-1.55495194333891,12.1243467474964,-0.205430120676487,-11.1824897549583,-0.224531747041505,-0.203264349495278
0.133773462749819,-1.55413550897388,12.1398750694671,-0.206526049321631,-11.1923620075567,-0.242631323119914,-0.0891684677228823
0.123813985811618,-1.55326837442153,12.1546619096267,-0.207435351443388,-11.2017108007145,-0.258510149261175,0.0247432933927119
0.113670256880513,-1.55236309423864,12.1687341701683,-0.208183138228032,-11.2107430960468,-0.272122941176669,0.13521209356747
0.103353764722999,-1.55142954989683,12.1821131731423,-0.208789281941084,-11.2196501385882,-0.283531350766484,0.239168818442642
0.0928764682965956,-1.55047432031639,12.1948198639414,-0.209264673868072,-11.2285935450743,-0.29288135666339,0.333858612129763
0.0822515984678349,-1.54950078516899,12.2068795071079,-0.209610047919419,-11.2376988157762,-0.300370766115938,0.416918451430743
0.0714941945439245,-1.5485098050449,12.2183247296223,-0.209817219820671,-11.2470559549915,-0.306215141673587,0.486408926100665
0.0606213034734049,-1.54750071229054,12.2291965834044,-0.209871994910462,-11.2567251755157,-0.310618350548542,0.540811422211604
0.0496518777167514,-1.5464723510483,12.2395439844112,-0.209757792260614,-11.2667450768941,-0.313750630469626,0.579005481347136
0.0386064737859092,-1.54542397572072,12.2494222484613,-0.20945913484603,-11.2771409669799,-0.315734260390823,0.600239804002504
0.0275068715178565,-1.54435589971346,12.2588915071541,-0.208964399288668,-11.2879316662428,-0.316635374155703,0.604106895617827
0.0163757175760686,-1.54326984847872,12.2680156638323,-0.208267469089795,-11.299133822647,-0.316460135508387,0.59052765221011
0.00523626268461389,-1.54216900472536,12.276862342567,-0.207368129907823,-11.310763306109,-0.315154039754687,0.559749053240183
-0.00588777769342953,-1.54105774760032,12.2855040427001,-0.206271185039122,-11.322833651871,-0.312604111299102,0.512355518862514
-0.016972249873047,-1.53994109766759,12.2940204416544,-0.204984390921012,-11.3353518810404,-0.3086448622084,0.449291954357725
-0.027992524540097,-1.53882390268301,12.3025014779761,-0.203515461760502,-11.3483124572159,-0.303069704994639,0.371893576419748
-0.0389234750810971,-1.53770984761284,12.3110505064486,-0.201868595442285,-11.3616906928682,-0.295649653201349,0.281914044483802
-0.0497395630980958,-1.53660044561457,12.3197865215137,-0.200041209932584,-11.3754375127863,-0.286160148001399,0.181539625432868
-0.0604151000713429,-1.53549424293229,12.3288443436752,-0.198021763649569,-11.3894778423743,-0.274414464018589,0.0733745661305728
-0.0709246892217059,-1.53438650386267,12.338371935249,-0.195789518669298,-11.4037146044011,-0.260298746362782,-0.0396159876596726
-0.0812437595351117,-1.53326957811909,12.348524737048,-0.193316754722576,-11.4180390558338,-0.243800690647499,-0.154211959212357
-0.0913490286497915,-1.53213397060911,12.3594579249977,-0.190573250252008,-11.4323461147581,-0.225023278809575,-0.267086524972575
-0.101218725139213,-1.53096988619469,12.3713183319157,-0.187532043960566,-11.4465512302795,-0.204178270792387,-0.374975377866786
-0.110832480739668,-1.52976883120035,12.3842379892283,-0.184174972407937,-11.4606043950403,-0.181560500725442,-0.474837549171866
-0.120170929073834,-1.52852483196569,12.3983306680265,-0.180496552500107,-11.4744977588919,-0.157510282003985,-0.563981184989071
-0.129215147920575,-1.52723499141661,12.4136917571784,-0.176505408412199,-11.4882655476798,-0.132374069459626,-0.640140408932749
-0.137946111393139,-1.52589934975846,12.4304008385423,-0.172223278322882,-11.5019774043274,-0.106471988678639,-0.701504807493406
-0.14634428369644,-1.52452021763428,12.4485257672895,-0.167682278275872,-11.5157277636548,-0.0800766294854449,-0.746713977646742
-0.154389427088839,-1.52310123980772,12.4681269765323,-0.162921355423593,-11.529624128653,-0.0534032067648359,-0.774833227353067
-0.162060650491717,-1.52164643351023,12.4892609250902,-0.157982781728899,-11.5437764967959,-0.0266084899919437,-0.785324596536711
-0.169336704300546,-1.52015937821907,12.5119819079537,-0.152909287609032,-11.5582892614026,0.000204919502618661,-0.778022995534323
-0.176196524525177,-1.5186426610412,12.536341747094,-0.147742163796969,-11.5732560969874,0.0269818625384688,-0.753122801058553
-0.182620028443514,-1.51709762914136,12.5623871686607,-0.142520444693369,-11.5887577799868,0.0537071819219217,-0.711176587071426
-0.188589145260342,-1.51552446950708,12.5901550050894,-0.137281134394445,-11.6048625582338,0.0803980399468678,-0.653104589062713
-0.194089018118784,-1.51392261395961,12.6196657853858,-0.132060318422037,-11.6216284451852,0.107095465368698,-0.580210562366478
-0.199109234124545,-1.51229143514207,12.650916803997,-0.12689488499256,-11.6391065758289,0.13385412586869,-0.494196386720921
-0.203644846089293,-1.51063114378906,12.6838762784405,-0.121824450543564,-11.6573445006113,0.160729572785992,-0.397164383993421
-0.207696885979105,-1.50894372177568,12.7184804797902,-0.116892978325308,-11.6763881176915,0.187763254193273,-0.291594101209496
-0.211272096157474,-1.50723365856092,12.754635431993,-0.112149571315274,-11.6962810708185,0.214967198356762,-0.180281568223751
-0.214381768437461,-1.50550825232572,12.7922237202649,-0.107648088540484,-11.7170610785148,0.242311729605773,-0.0662359813773718
-0.217039861279639,-1.50377733456515,12.831115317502,-0.103445580978278,-11.7387537866122,0.269719899512346,0.0474589941203334
-0.219260847129823,-1.50205246681804,12.8711798137688,-0.0995999461923794,-11.7613659252574,0.297070854030254,0.157799137251002
-0.22105786645851,-1.50034585701078,12.9122968604574,-0.096167455072949,-11.7848801272511,0.324211524970943,0.262001928347294
-0.22244164811472,-1.49866934250081,12.9543623831771,-0.0932007692492988,-11.8092532918814,0.350973270314221,0.357614099489272
-0.22342035958661,-1.49703373689198,12.9972897342754,-0.0907477847716795,-11.8344190733223,0.377188850206867,0.442573508311807
-0.224000240107726,-1.49544868017862,13.0410065436706,-0.0888512858193095,-11.8602936581079,0.402705829354387,0.515227868441163
-0.224186682573017,-1.49392295811043,13.0854489090275,-0.0875491439913737,-11.8867831464763,0.427394408921188,0.574321840674161
-0.223985402310007,-1.4924651386346,13.1305546388433,-0.086874718177183,-11.9137907743413,0.45114969106493,0.618966653605629
-0.223403417335874,-1.49108432990264,13.176256825451,-0.0868571537579568,-11.941222670272,0.473889724831914,0.648604663127924
-0.222449686414096,-1.48979087716778,13.2224784733843,-0.0875213827532807,-11.9689914732473,0.495551181840111,0.662977535421049
-0.221135359077723,-1.48859685432137,13.2691284820442,-0.0888877324647984,-11.9970176738894,0.516084361760124,0.662102994103101
-0.219473662682137,-1.48751624856822,13.3160990630602,-0.0909711435788966,-12.0252288996529,0.535448719178034,0.646261941881582
-0.217479487512262,-1.48656477667917,13.3632646297942,-0.0937800849409608,-12.053557578615,0.553609478388045,0.615995227260322
-0.215168747412072,-1.48575931176936,13.4104822418082,-0.0973153360681719,-12.0819375607071,0.570535336059115,0.572107295093805
-0.212557601041628,-1.48511694974986,13.45759372739,-0.10156889057435,-12.110300403137,0.58619684766791,0.515672255213284
-0.209661626226625,-1.48465380952275,13.5044295520269,-0.106523291435109,-12.1385721294463,0.600564929731268,0.448036719589623
-0.206495047797013,-1.48438373413862,13.5508142932813,-0.112151703582381,-12.1666712803524,0.613609023599001,0.370813490878306
-0.203070118929342,-1.48431712075159,13.5965732360059,-0.118418927591235,-12.1945088999426,0.625294809639629,0.285861114361962
-0.199396741522276,-1.48446012258575,13.6415392196589,-0.125283347989971,-12.221990699505,0.635581809370984,0.195246639008597
-0.19548237539959,-1.48481441142622,13.6855586408246,-0.132699539701821,-12.2490210891506,0.644421551211256,0.101192146746239
-0.191332237321711,-1.48537756364626,13.7284956201872,-0.140621016518752,-12.2755082545462,0.65175703468625,0.00600891250728701
-0.186949740523307,-1.48614397341018,13.7702338387579,-0.149002505318188,-12.3013691987243,0.657523944193519,-0.0879746229972993
-0.182337090789022,-1.48710606187506,13.8106762751042,-0.157801226426247,-12.3265337692024,0.661653559833453,-0.178484141082122
-0.177495943537037,-1.48825549313116,13.8497437190236,-0.16697693003466,-12.350947070309,0.664076804606939,-0.263363919670688
-0.172428037926645,-1.48958414264925,13.8873732006089,-0.176490778082012,-12.3745701192971,0.664728570478516,-0.340630345191579
-0.167135749098496,-1.4910846687661,13.9235172571025,-0.186303445843307,-12.3973789556467,0.66355147549786,-0.408512630633443
-0.161622528508644,-1.49275066479167,13.9581444075254,-0.196372957775374,-12.4193625802209,0.660498494321819,-0.465481064503523
-0.155893225906125,-1.49457647433534,13.9912405961116,-0.206652749097855,-12.4405201212376,0.655534345495677,-0.510264762853782
-0.149954301495856,-1.4965568106537,14.0228109445557,-0.217090302043611,-12.4608575817168,0.648635963633432,-0.541861926740843
-0.143813941233105,-1.4986863316704,14.0528810199123,-0.227626518638957,-12.4803844860094,0.639792692420544,-0.559545970212076
-0.137482085347504,-1.5009592991036,14.0814969361932,-0.23819582828687,-12.4991107396525,0.62900693810999,-0.56287072436247
-0.130970370995052,-1.50336941147417,14.1087238495212,-0.248726926860351,-12.5170440412503,0.616295879130899,-0.551677236971359
-0.124291980884554,-1.50590985849759,14.1346426782605,-0.259144010535433,-12.5341882168726,0.601694475429552,-0.526103726125621
-0.117461382888061,-1.50857360489461,14.1593451341354,-0.269368381270259,-12.5505428537152,0.585259491269023,-0.48659893218375
-0.110493948640762,-1.51135387283791,14.1829273973534,-0.279320332146917,-12.5661045523821,0.567073649294775,-0.433937649844337
-0.103405454276115,-1.514244752238,14.2054830369255,-0.288921236241711,-12.5808699475046,0.547248488394936,-0.369235457283249
-0.0962114969162408,-1.5172418264502,14.2270960721214,-0.298095742899517,-12.5948403297358,0.525924214233451,-0.293957759273655
-0.0889269008483679,-1.52034266643848,14.2478353295641,-0.306773925242448,-12.6080272478746,0.503265029031004,-0.209916423567692
-0.0815652248991119,-1.5235470358939,14.2677513309626,-0.314893143722756,-12.6204579827661,0.479449286558499,-0.119246283626828
-0.0741384967535564,-1.52685668429785,14.2868766719137,-0.322399336020127,-12.6321794786223,0.454655294977099,-0.0243547684216921
-0.0666572712349736,-1.53027469529935,14.3052301296041,-0.329247466047418,-12.643259446876,0.429045271315796,0.0721580388310504
-0.0591310336389794,-1.53380448743947,14.3228237009746,-0.335400997582764,-12.6537840470468,0.402751097316113,0.167604665758104
-0.0515688681997477,-1.53744868446608,14.3396708209823,-0.340830480775272,-12.663852619199,0.375865428087011,0.259328965701005
-0.0439802288940437,-1.54120812395542,14.3557936208269,-0.345511570935685,-12.6735709221755,0.348440213681894,0.344821681266175
-0.0363756245862807,-1.54508122548114,14.3712274906161,-0.349422935793427,-12.6830447304844,0.320492456921417,0.421817057676441
-0.0287670719527776,-1.54906381640847,14.3860222073418,-0.352544490254462,-12.6923752904968,0.292015118537949,0.488360684827555
-0.0211682514557013,-1.55314937517654,14.4002399821904,-0.354856248535515,-12.7016572832812,0.262990276703043,0.542846831159348
-0.013594383172701,-1.55732955487473,14.4139515258898,-0.356337884721049,-12.7109790384879,0.233402020369014,0.584030235532453
-0.00606189139741112,-1.56159481604326,14.4272314649417,-0.356968928463883,-12.7204241372285,0.203247593725679,0.611020792136079
0.00141205705019877,-1.56593501535814,14.4401542826593,-0.356729438823089,-12.7300733408846,0.17254637834278,0.623269927136803
0.00881006482354415,-1.57033984020371,14.4527915908371,-0.35560098938763,-12.7400058684439,0.141346958532065,0.620555945504352
0.0161150090815389,-1.57479902667073,14.4652111955356,-0.353567839770787,-12.7502993181469,0.109732658271206,0.602973295348003
0.0233104979672407,-1.57930234112857,14.4774781025171,-0.350618211107029,-12.7610278503251,0.0778256492855078,0.570928275577764
0.0303812433911655,-1.58383934150292,14.489657370469,-0.346745609120853,-12.7722585931194,0.0457891754681921,0.525141317498451
0.037313314044863,-1.58839896996576,14.5018184865661,-0.341950123491854,-12.7840466281515,0.0138268766929701,0.466653481110588
0.0440942295693555,-1.59296906556297,14.5140406835667,-0.336239579917873,-12.796429348118,-0.0178221474481118,0.39683216350419
0.0507128614665275,-1.59753591909837,14.526418354703,-0.329630356352658,-12.8094213998183,-0.0488937445128548,0.317368595511827
0.057159127085282,-1.60208400964781,14.5390655368216,-0.322147638889016,-12.8230116868727,-0.0791149465882214,0.230258408362166
0.063423502487741,-1.60659604312615,14.5521184598421,-0.313824937449197,-12.8371638016627,-0.108224842633205,0.137757724603785
0.0694964294009489,-1.61105334607943,14.5657355117517,-0.304702835637211,-12.8518206398119,-0.13599702152569,0.0423117638174672
0.0753677297157617,-1.6154365627998,14.5800946183401,-0.294827179676757,-12.866912893975,-0.162259137156666,-0.0535398580876966
0.0810261453216101,-1.61972649939786,14.5953887709976,-0.284247121327969,-12.8823699816923,-0.186905104912791,-0.147269793297189
0.0864590825869631,-1.6239049036365,14.6118209337497,-0.273013504733238,-12.8981312309668,-0.209897057262701,-0.236466524410152
0.0916525743629974,-1.62795499181072,14.6295995910625,-0.261177977871288,-12.9141551597197,-0.23125688252929,-0.318921317069182
0.0965914077432009,-1.63186162051283,14.6489357690536,-0.248792967347707,-12.9304253884197,-0.251049753992429,-0.392690836273613
0.101259329435597,-1.63561110918143,14.670041693154,-0.235912397975256,-12.9469527375531,-0.269363496821263,-0.456134678648806
0.105639240435917,-1.63919080649816,14.6931306051901,-0.222592864510967,-12.9637739437642,-0.286287640970813,-0.507932410894247
0.109713318421626,-1.64258853957805,14.7184168299763,-0.208894904717116,-12.9809479232462,-0.301894989689058,-0.54708716831748
0.113463044503803,-1.64579209260619,14.7461150031176,-0.194884055240915,-12.9985506032615,-0.316227202771249,-0.572922799887136
0.116869147021846,-1.64878884489738,14.7764374196679,-0.180631444476752,-13.0166691693701,-0.329284814278738,-0.585079906566174
0.11991150352087,-1.65156567054174,14.809588690559,-0.166213753183633,-13.0353963075387,-0.341021532346525,-0.583513842514687
0.122569060893236,-1.65410916806004,14.8457572774106,-0.151712438100237,-13.0548247800848,-0.351342575392646,-0.568495345014931
0.124819843126084,-1.65640624724266,14.8851040058206,-0.137212173245979,-13.0750425164764,-0.360106994266105,-0.540612208723634
0.12664111519993,-1.65844504742714,14.9277483034182,-0.122798536120388,-13.0961283183389,-0.367134157487527,-0.500768544501661
0.128009757965314,-1.66021609672672,14.9737535865592,-0.108555067844295,-13.1181482330603,-0.37221458834458,-0.450176963441852
0.128902880991134,-1.66171355489853,15.0231137717045,-0.0945599683538955,-13.1411526026908,-0.375124970099613,-0.390338889280697
0.12929866101418,-1.66293633378286,15.075743123677,-0.0808828250786458,-13.1651737352444,-0.375646368757093,-0.323009397250311
0.129177351301679,-1.66388888205753,15.1314714319143,-0.0675818667821523,-13.1902241070403,-0.373583767190491,-0.250145429981538
0.128522373713697,-1.66458146864024,15.1900458250643,-0.0547022276653706,-13.2162950397645,-0.368784244513205,-0.173839387009114
0.127321390723653,-1.66502989355716,15.2511395513994,-0.0422755683922664,-13.2433559264404,-0.361150979542162,-0.0962430463196798
0.125567260360309,-1.66525466703474,15.3143670220834,-0.0303211479123906,-13.2713542572402,-0.350650903707733,-0.0194886761725348
0.123258796543759,-1.66527979061166,15.3793035665759,-0.0188481420765838,-13.3002168103068,-0.33731512444042,0.0543854360924738
0.120401281100969,-1.66513132287377,15.4455078135038,-0.00785875530799374,-13.3298523216149,-0.321232737455321,0.12349895392199
0.117006694171235,-1.66483591229891,15.5125444168283,0.00264845222702918,-13.3601557095799,-0.302539824047921,0.186179120860517
0.113093647656103,-1.66441944500285,15.5800049683571,0.0126755713095263,-13.3910135846689,-0.281405973445004,0.240994912381964
0.108687024338007,-1.66390590616937,15.6475253303331,0.0222230816755237,-13.4223104588956,-0.258020559838605,0.286777072446265
0.103817344702942,-1.66331650694969,15.7147982179638,0.0312885060660247,-13.4539349007443,-0.232580457316858,0.32262713458103
0.0985199029025497,-1.6626690917177,15.7815805548824,0.0398659592562012,-13.4857848966299,-0.205280191606461,0.347919231990647
0.0928337283266503,-1.66197781473014,15.8476957832595,0.0479464176760646,-13.517771844101,-0.176304930627511,0.362298218937473
0.0868004377725292,-1.66125305849868,15.9130318175475,0.0555184533470754,-13.5498228415602,-0.145826315266824,0.365676661050055
0.0804630453922,-1.66050155577112,15.9775356259313,0.0625691600447009,-13.5818811919366,-0.114000925668583,0.358231951950282
0.0738647971867526,-1.65972667083602,16.0412055134445,0.0690850372047089,-13.6139052700138,-0.0809711125663573,0.340403500614786
0.0670480960710783,-1.65892879185314,16.1040821209925,0.0750526682341615,-13.6458661098911,-0.0468679120775051,0.312888742418808
0.0600535837596436,-1.6581057831255,16.1662390148739,0.0804591217929873,-13.6777442471084,-0.0118157330884707,0.276635791214598
0.0529194434181762,-1.65725344450611,16.2277735765099,0.0852920993232699,-13.7095264837093,0.0240616027539862,0.232829924892731
0.0456809768407597,-1.65636592623008,16.2887987380963,0.0895399347315709,-13.7412032922531,0.0606340915770968,0.182870958503644
0.0383704857841719,-1.6554360543404,16.3494359464656,0.0931916040204431,-13.7727674825071,0.0977589264886551,0.128339102288427
0.0310174468889948,-1.65445553728867,16.409809562773,0.0962369055080083,-13.8042144858299,0.135275104165803,0.0709482614097805
0.0236489190025299,-1.65341504878801,16.4700427157649,0.0986669189261861,-13.8355441878005,0.173000341606185,0.0124878507456846
0.0162900746059809,-1.65230421164121,16.5302544395389,0.100474754033612,-13.8667637635921,0.210731088414861,-0.0452433597875446
0.00896472140543041,-1.65111153393358,16.5905577823604,0.101656487545072,-13.8978906089766,0.248245830708268,-0.10050581325074
0.0016956890121042,-1.64982436335769,16.6510585127296,0.10221210298456,-13.9289543676856,0.285311160060196,-0.151683703005909
-0.00549500106223705,-1.64842892180357,16.7118540890977,0.10214622492135,-13.9599972880788,0.321689475928738,-0.197339682481345
-0.0125862006041587,-1.64691046179575,16.7730326778234,0.101468483653049,-13.9910726122516,0.357146919469704,-0.236255905350469
-0.0195578923023896,-1.64525355646959,16.8346721484311,0.100193438155448,-14.0222412239935,0.391460271249453,-0.267460096752366
-0.0263915561505661,-1.64344250539321,16.8968390931351,0.0983400870330138,-14.0535671739227,0.424421986842177,-0.290237660941806
-0.0330705485414179,-1.64146181725504,16.9595879797636,0.095931076177684,-14.0851128617204,0.455843098168818,-0.304132342814298
-0.0395804101561961,-1.63929671987879,17.0229605550219,0.0929917488289642,-14.116934595576,0.485554185232194,-0.308938521863879
-0.0459090463306492,-1.63693364723269,17.0869855885369,0.089549181255721,-14.1490790480731,0.513404916459723,-0.304688021721474
-0.0520467559871361,-1.63436065868861,17.1516790100574,0.0856313149509072,-14.1815808813476,0.539262745576452,-0.291633665576179
-0.0579861153024176,-1.63156775512744,17.2170444559022,0.0812662504346812,-14.214461593035,0.563011285767719,-0.270231007461836
-0.0637217458787359,-1.62854706789766,17.2830742085576,0.0764817200622608,-14.2477294714073,0.584548725120899,-0.241118924347331
-0.0692500131827098,-1.6252929100901,17.3497504805859,0.0713047178594945,-14.2813804466062,0.603786470197778,-0.205099204760442
-0.0745687082409738,-1.62180169468034,17.4170469562192,0.0657612358469696,-14.3153995738858,0.620648048518872,-0.163114947524221
-0.0796767646207208,-1.61807174068331,17.4849304613558,0.0598760437988936,-14.3497628709879,0.635068200041647,-0.11622752557933
-0.0845740526925659,-1.61410300401775,17.5533625920829,0.0536724502034496,-14.3844392459104,0.646992041088679,-0.065592011186863
-0.0892612759808044,-1.60989678165659,17.6223011047364,0.0471719974381061,-14.4193922884382,0.656374192261666,-0.0124312581394332
-0.0937399721617779,-1.60545544218765,17.6917008682647,0.0403940687343424,-14.4545817550592,0.663177802971009,0.0419908154771383
-0.0980125984366245,-1.60078223107071,17.7615142086751,0.0333554137103714,-14.4899646463598,0.667373461064712,0.096395900820761
-0.102082662338509,-1.5958811847332,17.8316905337348,0.0260696264752131,-14.5254958492553,0.668938027336171,0.149516925847512
-0.105954848670976,-1.590757167006,17.9021752042673,0.0185466298710364,-14.5611283821377,0.667853470877675,0.200121668866454
-0.109635093051989,-1.58541601887532,17.9729077027986,0.0107922275560678,-14.5968133294623,0.66410579984442,0.247033621870184
-0.113130561588845,-1.57986479301355,18.0438192290348,0.00280778172499809,-14.6324995785951,0.657684188350082,0.28914975131938
-0.116449511818362,-1.57411203168092,18.1148299185288,-0.00540993915826747,-14.6681334772929,0.648580404277016,0.32545526749814
-0.119601028340718,-1.568168041627,18.1858459362865,-0.0138687173100993,-14.7036585208774,0.636788649884638,0.35503597528592
-0.122594644689976,-1.56204512179493,18.2567567448338,-0.0225806421629013,-14.7390151609392,0.622305938791671,0.37708917271953
-0.125439879044504,-1.55575770688036,18.3274328883656,-0.0315616794249982,-14.7741408063058,0.60513313970978,0.390934334196418
-0.128145725816098,-1.54932240025231,18.3977246645513,-0.0408310788180517,-14.8089700607938,0.585276809532565,0.39602493697908
-0.130720157227524,-1.54275788215018,18.4674620569436,-0.0504106541449698,-14.8434352051331,0.562751893260088,0.391962711092031
-0.133169698508661,-1.53608469341768,18.5364562477348,-0.0603239696226347,-14.877466875997,0.537585275145322,0.378515283071801
-0.135499143798685,-1.5293249112861,18.6045028985544,-0.0705954587067604,-14.9109948239274,0.509820014539986,0.355637590093632
-0.137711471724712,-1.52250175070439,18.6713871696027,-0.0812494858490911,-14.9439485605077,0.47951989856897,0.323496531010921
-0.139807994196707,-1.51563913889584,18.7368901731258,-0.0923093404242871,-14.9762576700483,0.446773722668289,0.282497121445664
-0.141788726743279,-1.50876131636949,18.8007962968656,-0.10379613316769,-15.0078516121788,0.411698524300044,0.23330704645512
-0.143652909684316,-1.5018925087234,18.8629006811854,-0.115727561799239,-15.0386590164667,0.374440921859474,0.176875193318599
-0.145399552929401,-1.49505668862944,18.9230161637461,-0.128116538316782,-15.0686067547223,0.335175827814976,0.114438840136214
-0.14702784800958,-1.4882774128667,18.9809792142419,-0.140969731740764,-15.0976193739377,0.294102166001561,0.047514095296914
-0.148537310770111,-1.48157768979984,19.0366546688065,-0.154286164569908,-15.1256196161652,0.25143581092319,-0.0221346852987098
-0.149927593303569,-1.47497982483643,19.0899392827937,-0.168056074325029,-15.1525305809827,0.207400671268108,-0.0925482290457362
-0.151198013040636,-1.46850521329581,19.1407641431283,-0.182260269026128,-15.1782795694109,0.162219446123826,-0.161646424205689
-0.15234694863301,-1.46217409318702,19.1890958363917,-0.196870138146737,-15.2028029563124,0.116105847362115,-0.22731706649574
-0.15337130063286,-1.45600531167626,19.234936108146,-0.211848339372397,-15.2260508994361,0.0692598424286193,-0.287510075769559
-0.154266188759111,-1.45001617409881,19.2783197455567,-0.227150018147082,-15.2479906077324,0.0218667730114448,-0.340327041427145
-0.15502497161584,-1.44422242339055,19.3193106376686,-0.242724297355683,-15.2686073379748,-0.025899698124052,-0.384097625134782
-0.155639570824911,-1.43863835154587,19.357996330462,-0.258515740498805,-15.2879030672295,-0.0738716334085442,-0.417437943221199
-0.156101002791564,-1.43327699612049,19.394481725243,-0.274465542230211,-15.3058935501612,-0.121879102997681,-0.439290145199232
-0.156399989513926,-1.42815034484652,19.4288827278425,-0.290512301570115,-15.3226049202718,-0.169742010962211,-0.44894558790175
-0.156527531670658,-1.4232694689635,19.4613206010845,-0.306592346511396,-15.3380710205113,-0.2172626388527,-0.446055514339562
-0.156475363835678,-1.41864452821492,19.4919175552105,-0.322639679574689,-15.3523323138675,-0.264219936404807,-0.430632948518834
-0.156236253474284,-1.41428462860005,19.5207938189452,-0.338585694926679,-15.365436679819,-0.310366528362009,-0.403048097213158
-0.155804139822849,-1.41019755813111,19.5480661454086,-0.354358877887574,-15.3774418067287,-0.355429382976804,-0.36401757396931
-0.15517413165317,-1.40638946715078,19.5738474704028,-0.369884729049086,-15.388418375836,-0.399114945389433,-0.314585900953956
-0.154342396431136,-1.40286458835478,19.598247281644,-0.385086140378918,-15.3984529095977,-0.441119098109927,-0.256096666257203
-0.153305981174651,-1.39962509748944,19.6213721941778,-0.399884371077718,-15.4076491159863,-0.48114148461058,-0.19015092716955
-0.152062609262827,-1.39667119233358,19.6433262724927,-0.414200624370855,-15.4161268479547,-0.518902632319829,-0.118552100997627
-0.150610498011448,-1.39400141594175,19.6642107912585,-0.427958047034711,-15.4240183742537,-0.55416128915638,-0.0432393165532056
-0.148948236304607,-1.39161318471852,19.6841233514046,-0.441083823238225,-15.4314623690612,-0.586728900822472,0.03378597037626
-0.147074748199421,-1.38950342531961,19.703156502399,-0.453510977461181,-15.4385966401801,-0.616478524795626,0.110533494203666
-0.144989348704476,-1.38766919693974,19.7213961916917,-0.465179566804401,-15.4455509168679,-0.643346661673538,0.185091164640468
-0.142691876323412,-1.38610818576707,19.7389204181661,-0.476037102435611,-15.4524409235419,-0.667328060555396,0.255680448908421
-0.140182870447745,-1.38481899800956,19.7557984037952,-0.486038228512192,-15.4593645518155,-0.688464954676513,0.32069756402189
-0.137463755416987,-1.38380122921363,19.7720904544222,-0.495143838281238,-15.466400392774,-0.706832987406851,0.37874036169873
-0.134536997187017,-1.38305533416756,19.7878485136062,-0.503319879666332,-15.4736083934715,-0.7225261808065,0.428622611420447
-0.131406210657758,-1.38258235213509,19.8031172742266,-0.510536098301556,-15.4810320746607,-0.735642855678116,0.469378385972943
-0.128076210674402,-1.38238355415479,19.8179356300244,-0.516764909940511,-15.4887016188616,-0.746273723514225,0.50025957054256
-0.12455301175037,-1.38246007748295,19.8323382271789,-0.521980513831563,-15.4966371728398,-0.75449268751097,0.520729340053459
-0.120843789340352,-1.38281260064335,19.8463569023828,-0.526158288825325,-15.5048518386267,-0.760350390292322,0.530454043693935
-0.116956816734289,-1.38344109853518,19.8600218471482,-0.529274461438532,-15.5133539933308,-0.763870264283879,0.529295364965377
-0.112901389494613,-1.38434470103052,19.8733624018558,-0.53130601676261,-15.5221487351657,-0.765046781922362,0.517304079266572
-0.108687742376793,-1.38552166681817,19.8864074421165,-0.532230815031406,-15.5312383892084,-0.763845666417898,0.494716068092445
-0.104326957836236,-1.38696947073985,19.8991853741188,-0.532027895769887,-15.5406221143903,-0.760205988846097,0.461950728923652
-0.0998308583007981,-1.38868499300877,19.9117237993534,-0.530677959655889,-15.5502947496128,-0.754044212922668,0.419611309320104
-0.0952118715457932,-1.390664786334,19.9240489505058,-0.528164032074978,-15.5602451292328,-0.745260350537762,0.368486230285849
-0.0904828587161927,-1.392905385746,19.9361850312441,-0.524472300513435,-15.5704541886936,-0.733746332697908,0.309549983436901
-0.085656900661489,-1.39540361434812,19.9481536177942,-0.519593097919267,-15.5808932664471,-0.719396509631422,0.2439618496463
-0.0807470488399976,-1.39815683106757,19.9599732858163,-0.513521960757092,-15.5915230626178,-0.702119808033325,0.173060414932982
-0.0757660614776288,-1.40116306521438,19.9716596091236,-0.506260646415486,-15.6022937065984,-0.681852579007683,0.0983517923816466
-0.0707261591197408,-1.40442099320323,19.9832256286778,-0.49781795439228,-15.6131462824743,-0.658570659089037,0.0214896164097655
-0.0656388416499822,-1.40792973551296,19.9946828139597,-0.488210186279954,-15.6240159439905,-0.632298836143006,-0.0557545739923945
-0.0605148059860068,-1.41168848605336,20.0060424431536,-0.477461113425762,-15.6348364373887,-0.603115950871403,-0.131530932781694
-0.0553639880004862,-1.41569602476396,20.0173172333721,-0.465601402857792,-15.6455455043574,-0.571154398110666,-0.203959807015859
-0.0501957265132981,-1.4199501963629,20.0285229839211,-0.452667566109368,-15.656090361253,-0.536593774527055,-0.271186451983591
-0.04501901885669,-1.42444745210883,20.0396799796731,-0.438700605829381,-15.666432351737,-0.49964959406758,-0.331438000027593
-0.0398428158040515,-1.42918253930111,20.0508139537037,-0.423744604097901,-15.6765500098823,-0.460558983419296,-0.383078327370364
-0.0346762950384637,-1.43414838771942,20.0619565210987,-0.407845495050423,-15.6864401267629,-0.41956573623185,-0.424657198574252
-0.0295290577478392,-1.43933619328681,20.0731451443889,-0.391050200584033,-15.6961168835535,-0.376906941743838,-0.454951731077677
-0.0244112078653507,-1.44473565232197,20.084422837085,-0.37340621024957,-15.7056095601465,-0.332802758293496,-0.473000187040187
-0.0193332916230821,-1.45033526654333,20.0958379216001,-0.354961595619031,-15.7149596349941,-0.287450089122438,-0.478129658757116
-0.0143060921085768,-1.45612262450622,20.1074442081436,-0.335765392679074,-15.7242181980462,-0.241020236284534,-0.469979873107679
-0.00934028905654992,-1.46208456864312,20.1193019344724,-0.315868265311985,-15.7334444902682,-0.193660215733444,-0.448524913702207
-0.00444601096255479,-1.46820717502822,20.1314796828953,-0.295323361830464,-15.7427060689617,-0.145497299398855,-0.414093233903299
0.000367671890575753,-1.47447550343943,20.1440572416679,-0.274187268650175,-15.7520805921271,-0.096646360431691,-0.367384132793116
0.0050932382262252,-1.48087311839512,20.1571289764647,-0.252520931264285,-15.7616585522079,-0.0472195309213284,-0.309476254015426
0.00972508895758991,-1.48738143639382,20.1708067357445,-0.230390356196504,-15.7715455728096,0.00266262962008343,-0.241821329931883
0.0142596882745804,-1.49397901430363,20.1852207248042,-0.207866857399573,-15.7818623263858,0.0528598361371281,-0.166215401178138
0.0186953746743662,-1.5006409428158,20.2005163553662,-0.185026618095284,-15.7927400515661,0.103202664278858,-0.0847414409413668
0.0230318003590535,-1.5073385266215,20.2168450980831,-0.161949447002345,-15.8043103240029,0.153487289197633,0.000317484812956956
0.0272690458023435,-1.514039407109,20.2343480921238,-0.13871681241373,-15.8166891811437,0.203476094608771,0.0865874891360352
0.0314065466424014,-1.52070822364647,20.2531327957775,-0.115409466951707,-15.829957536242,0.252904461864476,0.17172086467095
0.0354420253306171,-1.52730784271942,20.273245176843,-0.0921051261066579,-15.8441414131499,0.301492305098656,0.253502515525866
0.0393706217515839,-1.53380112587334,20.2946424987202,-0.068876670796461,-15.8591963933776,0.34895767789764,0.329930304292003
0.043184377556751,-1.54015313527539,20.317173957919,-0.0457912276119144,-15.8750006112443,0.395029604834181,0.399261948653661
0.0468721729212406,-1.54633354840159,20.3405770001928,-0.0229103069318627,-15.8913595688249,0.439458089006736,0.460030929449896
0.0504201494639365,-1.55231887890866,20.3644945485178,-0.000290991395829294,-15.9080237439597,0.482020415419461,0.51104126098792
0.0538125682821071,-1.55809398542089,20.3885121994525,0.0220120320873598,-15.9247164995089,0.522523824924262,0.551353429130156
0.0570329515307076,-1.56365243892802,20.4122069348147,0.0439439974880866,-15.9411662894097,0.560805169610871,0.580271316111397
0.0600652813208258,-1.56899564626166,20.435194360081,0.065447659553124,-15.9571355582903,0.596728400022755,0.597334662891708
0.0628950309993041,-1.57413103460632,20.4571629299771,0.0864614513012224,-15.9724402567915,0.630180847197421,0.602316646114825
0.0655098842790882,-1.57906985689396,20.4778899327289,0.106918500782673,-15.9869576905883,0.661069265619716,0.595223534775487
0.0679001073871307,-1.58382516682609,20.4972409940975,0.126746578603915,-16.0006242383425,0.689316440639998,0.576293331483433
0.0700586201040466,-1.58841030563665,20.5151589511621,0.145868874447085,-16.0134265534009,0.714858829512586,0.545991534108848
0.0719808414783753,-1.59283799354012,20.5316483781383,0.164205427938844,-16.0253899700037,0.737645302158651,0.50500338329434
0.0736643786162521,-1.59711993776555,20.5467602176427,0.181675038385887,-16.0365667966647,0.757636701661651,0.454222530921239
0.0751086081898304,-1.60126678526528,20.560578642563,0.198197496347976,-16.047025937824,0.774805748573035,0.394736031254931
0.0763141882951723,-1.6052882391526,20.5732105090131,0.213695979830418,-16.0568443651714,0.789136798010908,0.327805275702905
0.0772825379983506,-1.6091931901169,20.5847768480904,0.228099429609344,-16.0661004686466,0.800625097495748,0.254842308158372
0.0780153300377133,-1.61298976373027,20.5954056396621,0.241344682548721,-16.0748691439029,0.809275434527302,0.177381119574723
0.078514049485434,-1.61668523839553,20.6052253364044,0.253378124531286,-16.0832184577219,0.815100312368332,0.0970440423446612
0.0787796704482574,-1.62028583955204,20.6143589969882,0.264156654871996,-16.0912077512134,0.818117974591746,0.015504168970143
0.0788124897351657,-1.62379645715399,20.6229192393461,0.273647841040272,-16.0988870253391,0.81835065437373,-0.0655544298177939
0.0786121320833537,-1.62722035887768,20.6310044113249,0.281829271994722,-16.1062973917762,0.815823342793777,-0.144476287130823
0.0781777118679697,-1.6305589763786,20.6386963553745,0.288687253981858,-16.1134722899501,0.810563188865196,-0.219671330570632
0.0775081118353728,-1.63381182726011,20.6460599572884,0.294215105020706,-16.1204391104911,0.802599465431525,-0.289646633284681
0.0766023222437029,-1.6369766049851,20.6531444034448,0.298411336050396,-16.1272208565576,0.79196387392698,-0.353031615590976
0.0754597860625478,-1.64004943598655,20.6599858344647,0.301278001071476,-16.1338375333647,0.778690977406191,-0.408596267939133
0.0740807001271312,-1.64302527076819,20.6666109276622,0.302819386434373,-16.1403070588075,0.762818557915027,-0.455262835067097
0.072466248144865,-1.64589836081102,20.6730409191639,0.30304115477822,-16.1466456253202,0.744387948589454,-0.492112533046808
0.0706187445429304,-1.64866275969812,20.679295608921,0.301949880620392,-16.1528675553109,0.723444384486059,-0.518388930288617
0.0685417012282894,-1.65131279873107,20.6853970059552,0.299552949444495,-16.1589848028109,0.700037757226203,-0.533500644618938
0.0662398149592767,-1.65384348486366,20.6913723420614,0.295858629586284,-16.1650063089293,0.674223957401796,-0.537025066796344
0.0637188968570929,-1.65625078833285,20.6972562532944,0.290876247854339,-16.1709374687839,0.646067182808934,-0.528715567561561
0.0609857473573719,-1.65853178663109,20.7030919250543,0.284616330729147,-16.1767799731648,0.61564326590233,-0.508513468866737
0.0580479858478806,-1.66068464232722,20.7089309832241,0.277090673574098,-16.1825322833639,0.58304392371819,-0.476565923082105
0.0549138383799348,-1.66270839794412,20.7148318997515,0.268312330740844,-16.1881909483449,0.548381453876745,-0.433249816305634
0.0515918887326711,-1.66460258554138,20.7208567361512,0.258295578129385,-16.1937528693413,0.511793009578363,-0.379200632223789
0.0480908045901223,-1.66636667489538,20.7270662366036,0.247055945276566,-16.1992184341353,0.473443223442878,-0.315343502167255
0.044419061712846,-1.66799942488424,20.7335136508995,0.23461043480431,-16.2045951819331,0.433523767272019,-0.242921392855773
0.0405847033113233,-1.66949825367217,20.7402381963758,0.220978032677065,-16.2099013695067,0.392248644359249,-0.163512901440253
0.0365951833115356,-1.67085878699973,20.7472596084718,0.206180545263984,-16.2151686029136,0.349844776974694,-0.0790303061806874
0.0324573451100413,-1.6720747534948,20.7545754898892,0.190243693151056,-16.2204427301576,0.306538777738468,0.00831105892371338
0.0281775739179749,-1.67313834362295,20.7621628063394,0.173198274422322,-16.2257825557065,0.262542318052531,0.0960570415888834
0.0237621289798754,-1.67404103097763,20.7699837384475,0.155081140768659,-16.231256561403,0.218039553791553,0.181609963905077
0.01921761729412,-1.67477470591836,20.777994456885,0.135935752756618,-16.2369384115001,0.173179957249826,0.262343963734173
0.0145515268522684,-1.67533285564749,20.786153938369,0.115812198061731,-16.2429022347856,0.128078475544535,0.335724009896111
0.00977270948043006,-1.67571149327394,20.7944294598689,0.0947667137832884,-16.2492183822966,0.0828227884449985,0.399412793941851
0.00489169864403132,-1.67590959710917,20.8027963195045,0.0728608790561595,-16.2559498037807,0.0374855888111891,0.451355701034828
-7.92346626558093e-05,-1.67592893767729,20.8112315197789,0.050160696905943,-16.2631488614704,-0.0078609911923588,0.489842056451333
-0.00512634613495078,-1.67577331137729,20.8197039932277,0.0267357722487419,-16.2708546513153,-0.0531313586421547,0.513547046149621
-0.0102349976492596,-1.67544735708393,20.8281663077402,0.0026587506326487,-16.2790915368776,-0.0982144142601129,0.521561172272576
-0.0153904619085441,-1.67495528961587,20.8365530775117,-0.0219948659890631,-16.2878698401076,-0.142964055970551,0.513413083665287
-0.0205787817751064,-1.6742999744048,20.8447884373745,-0.0471464666279674,-16.2971887186929,-0.187192293472203,0.489088643974818
-0.0257874872047314,-1.67348269337606,20.8527999407422,-0.0727136657911214,-16.3070394718443,-0.230665249133339,0.44904577616559
-0.0310060255978585,-1.67250369392014,20.8605324393721,-0.0986093742396969,-16.3174063922117,-0.273103119569803,0.394221811375225
-0.0362258584052247,-1.67136329631091,20.8679557698439,-0.124740907530957,-16.3282632181588,-0.314185990982864,0.326027838606838
-0.0414402525615442,-1.67006313641123,20.8750639091145,-0.151009559051478,-16.3395658875817,-0.353567452722376,0.246323024434086
-0.0466438234799235,-1.66860711801503,20.881867536981,-0.177311073980143,-16.3512448159036,-0.390896675351621,0.157362048923611
-0.0518318957309205,-1.66700179467482,20.8883841109969,-0.203537279298097,-16.3632007056987,-0.425847086284732,0.0617120392827388
-0.0569997721666885,-1.66525610550611,20.8946293001387,-0.229578760392599,-16.3753066442423,-0.458146868497664,-0.0378581131236857
-0.0621420380000474,-1.6633805830207,20.9006120080991,-0.255328064830527,-16.3874167830464,-0.487604649391329,-0.138505551248518
-0.0672520386737275,-1.66138628536556,20.9063333853472,-0.280682669255916,-16.3993794594685,-0.514124161854565,-0.237442733762586
-0.0723216337206594,-1.65928374843169,20.9117888659337,-0.305547007622772,-16.4110512424438,-0.537704488335657,-0.332052489191605
-0.0773412527612547,-1.65708220201954,20.9169716352943,-0.329833192385081,-16.4223084662381,-0.558426546514416,-0.419977773851662
-0.0823002004630782,-1.65478918055484,20.9218760047632,-0.353460483946061,-16.4330540574936,-0.576429934554037,-0.49918175771759
-0.0871871088815759,-1.65241053316614,20.9264996986852,-0.376353886138699,-16.4432191415773,-0.591885830387349,-0.567979775651915
-0.0919904294719657,-1.6499507423482,20.9308447303067,-0.398442372496913,-16.4527603315341,-0.604971163178398,-0.625048364617711
-0.0966988822175241,-1.64741341368325,20.934917084642,-0.419657199171952,-16.4616543743552,-0.615847501412579,-0.669418046907901
-0.10130181574451,-1.64480179736786,20.9387257100407,-0.43993061564878,-16.4698919389564,-0.624646054456322,-0.700456369323042
-0.105789463500147,-1.6421192297308,20.9422813531506,-0.459195124049625,-16.4774719910101,-0.631458607250385,-0.717846636436077
-0.110153099806683,-1.63936942270032,20.945595641393,-0.477383314510857,-16.4843976775436,-0.636333388948582,-0.721566302775655
-0.114385105983318,-1.63655656913323,20.9486806222886,-0.494428232478769,-16.4906741354334,-0.639274731831099,-0.711867416651378
-0.118478955038747,-1.63368526642007,20.9515487809731,-0.510264204410685,-16.4963082353568,-0.640245655620659,-0.689260034899152
-0.122429119090817,-1.63076028879435,20.9542134115654,-0.524828041536533,-16.5013099873805,-0.639172944850674,-0.65449828503985
-0.126230900999908,-1.62778626083495,20.9566891261678,-0.538060534033784,-16.5056951367329,-0.635954650765601,-0.608567787896123
-0.129880193986618,-1.62476730077711,20.9589922495232,-0.549908127812263,-16.5094883397462,-0.630470096563911,-0.552672527910459
-0.133373181465421,-1.62170671051568,20.9611408686705,-0.560324640169459,-16.5127262223993,-0.622592316861441,-0.488218987946003
-0.136706002868201,-1.61860678625383,20.9631543839477,-0.569272827635795,-16.515459605196,-0.612202422921435,-0.416795452948953
-0.139874426713701,-1.61546880667151,20.9650525307751,-0.576725592176078,-16.5177542611567,-0.59920476573406,-0.340144841795309
-0.142873583029864,-1.61229322378601,20.9668539838026,-0.582666615613084,-16.5196897888682,-0.583541156486437,-0.26013013736403
-0.145697808281318,-1.60908003954061,20.9685747870167,-0.58709027545241,-16.5213565051812,-0.565202092095367,-0.178692520405332
-0.148340640511286,-1.60582930754755,20.9702269195974,-0.590000796513212,-16.5228506709903,-0.544233070412168,-0.0978033799972572
-0.150794975109683,-1.60254166645097,20.9718172966238,-0.591410746807548,-16.5242687304055,-0.520734816741171,-0.0194125839334586
-0.153053354319457,-1.59921879917816,20.9733474149087,-0.591339111077861,-16.5257014904404,-0.494857327301644,0.0546036821458036
-0.155108334495898,-1.59586372745629,20.974813701237,-0.589809278656089,-16.5272291874906,-0.466788844513127,0.122491706051076
-0.156952858507152,-1.59248088889942,20.9762084662136,-0.586847280418168,-16.5289181852971,-0.436741740922714,0.18266221140362
-0.158580566458226,-1.58907599417423,20.9775212485362,-0.582480537356119,-16.5308196740389,-0.40493762409399,0.233723252082431
-0.159985999290019,-1.58565570907259,20.9787402717285,-0.576737240927054,-16.5329702995983,-0.371593721085509,0.274503620390342
-0.161164678039977,-1.58222723835646,20.9798537402616,-0.569646329735024,-16.5353942735563,-0.336911950869145,0.30406824531926
-0.162113067650828,-1.57879790061951,20.9808507406676,-0.561237905004052,-16.5381062644595,-0.301071340591028,0.321728494222709
-0.162828450301017,-1.57537477816759,20.9817215674907,-0.551543854731183,-16.541114282963,-0.264223819507396,0.32705083327921
-0.163308740540544,-1.57196450947518,20.9824573444323,-0.540598447054616,-16.5444218282473,-0.226493080700524,0.319866935243055
-0.16355227629414,-1.56857326941592,20.9830488574373,-0.528438694437198,-16.5480287315745,-0.187976136563006,0.30028718408313
-0.163557618998635,-1.56520695609907,20.9834845722537,-0.515104359308657,-16.5519303961931,-0.148747312660885,0.268717751442605
-0.163323396823532,-1.56187157127038,20.9837478970808,-0.500637565199821,-16.5561154819214,-0.108864584125738,0.22587929560696
-0.162848225479933,-1.55857374216622,20.9838138862629,-0.485082077873006,-16.5605625053905,-0.068378196110263,0.172823020578867
-0.162130736773628,-1.55532128830793,20.9836457569413,-0.468482418437307,-16.5652362626451,-0.0273412641203877,0.110937696439383
-0.161169732716226,-1.55212369873255,20.9831917605937,-0.450883048464707,-16.5700853039213,0.0141784857478286,0.0419400101467614
-0.159964457378097,-1.54899237258503,20.9823830288593,-0.432327898819725,-16.5750417048404,0.0560874158655427,-0.032158838698383
-0.158514943952431,-1.54594051060212,20.9811328988211,-0.412860474582007,-16.5800239160023,0.0982572852376426,-0.10911425373167
-0.156822361079398,-1.54298263384942,20.9793378716655,-0.392524646760288,-16.5849425357062,0.140521353268182,-0.186535447393765
-0.154889266378551,-1.5401338274326,20.9768798484034,-0.371366061900731,-16.5897077251278,0.182676633567528,-0.261990627381076
-0.152719687014773,-1.5374089124687,20.9736288236827,-0.349433919402592,-16.5942361764584,0.224492129397722,-0.333117272163666
-0.150318985419464,-1.53482178918166,20.9694450470763,-0.326782756073032,-16.5984554968203,0.265721279331649,-0.397723726738442
-0.147693516422818,-1.5323851493223,20.9641799137888,-0.303473879132886,-16.6023046671649,0.306115879218855,-0.453871692232199
-0.144850121126291,-1.5301106518987,20.957675477175,-0.279576197116431,-16.6057305394587,0.345438800330229,-0.499934965531726
-0.141795521537724,-1.52800954151529,20.9497633080582,-0.25516635880238,-16.6086816305972,0.38347372261167,-0.534635423302799
-0.138535682364471,-1.52609360241405,20.9402642796153,-0.230328260982804,-16.6111013795127,0.420031321442273,-0.557060946232251
-0.135075205947931,-1.52437629292599,20.9289916030924,-0.20515207945187,-16.612923452154,0.454952348445604,-0.566671330554242
-0.131416837651789,-1.52287387633911,20.9157599415027,-0.179732997871147,-16.6140716774532,0.488108509601394,-0.563297731579178
-0.127561188476278,-1.52160632690609,20.9004033857441,-0.154169769156139,-16.6144667952071,0.519401898863753,-0.54713945573228
-0.123506819008298,-1.52059772858632,20.8828039023785,-0.128563178091135,-16.6140411856753,0.548763127179008,-0.518759267649882
-0.119250840440278,-1.51987582153923,20.8629288087745,-0.103014428267895,-16.6127607302785,0.576147508401962,-0.479074881647287
-0.114790121457668,-1.51947036452298,20.8408706640088,-0.0776234932328545,-16.6106497373491,0.601528227389618,-0.42934041222485
-0.110123003946864,-1.51941018325063,20.8168771363155,-0.0524875595081549,-16.6078112411255,0.624885905836855,-0.371108864666987
-0.10525116004243,-1.51971922351727,20.7913557273156,-0.0276997942629709,-16.6044331899256,0.646195646379242,-0.306168028351968
-0.100181018674739,-1.5204124898987,20.7648431029772,-0.00334868768165583,-16.6007738025471,0.66541481242042,-0.236449500039586
-0.0949242429962825,-1.52149307700457,20.737941699662,0.020481925466938,-16.5971271387019,0.68247588387464,-0.163922066584291
-0.0894970973955965,-1.52295126204349,20.7112408026401,0.0437123187717349,-16.593778871434,0.697287387361535,-0.0904895453834177
-0.0839190009781857,-1.52476586685133,20.6852458674968,0.0662661579817258,-16.590966462832,0.709742591491334,-0.0179126308030823
-0.0782108270114207,-1.52690726746037,20.660334274783,0.0880699756349579,-16.5888547208761,0.719732544251802,0.0522357166441906
-0.0723934517652919,-1.52934100883019,20.6367428102906,0.10905301491407,-16.5875299496103,0.72715901707368,0.118584279448353
-0.0664868016492572,-1.53203109270348,20.6145805832294,0.129147398318972,-16.5870089113513,0.731944099839121,0.179957555425959
-0.0605093957296221,-1.53494241915814,20.5938559647843,0.148288449231916,-16.5872557623546,0.734035263171276,0.235361001405263
-0.0544782452883743,-1.53804227852367,20.5745070417384,0.166414993670608,-16.5882007298171,0.733406375024131,0.283965396214731
-0.048408951735622,-1.54130104808431,20.5564288573499,0.183469546034171,-16.5897566005578,0.730055943549628,0.325094056363534
-0.0423158848236683,-1.54469233831987,20.5394945460522,0.19939836912212,-16.5918313807492,0.724003920897872,0.358213809990738
-0.0362123760128033,-1.54819281795208,20.5235700802064,0.214151457369413,-16.5943370095526,0.715288110963167,0.382929344461179
-0.0301109027032686,-1.55178188905452,20.5085236423098,0.227682514553628,-16.5971947375114,0.70396085333579,0.398980251432272
-0.0240232627323483,-1.55544132153095,20.494231012619,0.23994899503621,-16.6003379694813,0.690086342252356,0.406240229196935
-0.0179607484063769,-1.55915490643451,20.4805782533783,0.2509122611867,-16.6037132875151,0.673738708863971,0.404718088701509
-0.0119343304064599,-1.56290815265903,20.4674626784431,0.260537888499973,-16.6072801920103,0.655000837280763,0.394560293888814
-0.00595485789351321,-1.5666880291504,20.4547927848968,0.268796128351701,-16.611009926041,0.633963779549398,0.376054716275236
-3.32742329753744e-05,-1.57048274174228,20.4424875614847,0.27566251548528,-16.6148836191298,0.610726564582396,0.349635103429276
0.00581916079074579,-1.57428152752292,20.4304753975796,0.281118582744815,-16.6188899144058,0.585396155448442,0.315885480382503
0.0115906605178552,-1.57807444886361,20.4186926947122,0.285152619706279,-16.6230222242212,0.558087299304385,0.275543358713844
0.0172687390535441,-1.58185217315157,20.4070822220179,0.287760386479195,-16.6272757823438,0.528922037966507,0.229500269855053
0.0228401081247508,-1.58560573224492,20.3955912467282,0.288945674872186,-16.6316447067981,0.498028710459273,0.178797856826482
0.0282906729026813,-1.58932626649122,20.3841694981874,0.288720602797506,-16.6361193299234,0.465540381622235,0.124617676197719
0.0336056471173855,-1.59300476972073,20.3727670722975,0.287105546875351,-16.6406840613417,0.431592771696073,0.0682631410304894
0.038769789852798,-1.59663186060806,20.361332431151,0.284128663333382,-16.6453159999414,0.396321914172198,0.0111327595453914
0.043767743251358,-1.60019760869499,20.3498106771543,0.279825018393253,-16.6499843958482,0.359861902272334,-0.0453150282350121
0.0485844281771569,-1.60369143766636,20.338142264312,0.274235429443189,-16.6546509040796,0.32234315304829,-0.0996037754154746
0.0532054413606827,-1.60710211432215,20.326262247062,0.267405183426578,-16.6592704167364,0.283891589873113,-0.150284925366019
0.057617398072446,-1.61041781237187,20.314100072092,0.259382823259055,-16.6637921676644,0.244629013866423,-0.195984311373439
0.061808180083879,-1.61362622147078,20.3015798180338,0.250219168116675,-16.6681608119028,0.204674737726886,-0.235446078550789
0.0657670747421593,-1.61671465936591,20.2886207122948,0.239966664770335,-16.6723172920583,0.164148343443189,-0.267571715538728
0.0694848191789382,-1.61967014179081,20.2751377266571,0.228679076588155,-16.6761994757282,0.123173245950183,-0.291453073996227
0.0729535863663531,-1.62247937099961,20.2610420848738,0.216411433679054,-16.6797427236942,0.0818806195442444,-0.306399333376305
0.0761669626459056,-1.62512861773007,20.2462416092241,0.203220115946414,-16.6828806764652,0.0404131634759729,-0.311958516993752
0.07911996750327,-1.62760349018588,20.2306409905169,0.189162926373466,-16.68554659892,-0.00107187648605955,-0.307934211633737
0.081809156621099,-1.62988860580357,20.2141422904812,0.17429903248525,-16.687675599615,-0.0424010584092817,-0.29439762579468
0.0842328312808951,-1.63196720741607,20.1966462727133,0.15868870276916,-16.6892079645805,-0.083385096655309,-0.271694273380259
0.0863913501311485,-1.63382079375757,20.1780554740183,0.142392819289324,-16.690093740236,-0.123821741422335,-0.240443606765837
0.0882875074391659,-1.63542886476333,20.1582801735944,0.125472203638902,-16.6902985855077,-0.16350141858668,-0.201529314553214
0.0899269060126869,-1.63676890857102,20.1372484034199,0.107986831994244,-16.6898107733912,-0.202215339474886,-0.156078068281249
0.09131822077641,-1.63781677048869,20.1149205997508,0.0899950383489668,-16.6886489998872,-0.239765092313469,-0.105425606270797
0.0924732286017919,-1.63854752839053,20.0913081746575,0.0715528137260752,-16.6868702619245,-0.275972052411622,-0.0510711122632321
0.0934064837154673,-1.63893693536925,20.0664931840293,0.0527133148644747,-16.6845764471744,-0.310684609351532,0.00537666390137841
0.094134558709608,-1.63896336526221,20.0406439176683,0.0335267048814273,-16.6819175682793,-0.343781496531984,0.0622562197582575
0.0946748576319397,-1.63861001907824,20.0140198442444,0.0140404494722093,-16.6790891962802,-0.375170483643343,0.117907503248799
0.095044132888594,-1.63786697263217,19.986960401918,-0.0056998477018362,-16.6763222187454,-0.404783045377417,0.17071972119641
0.095256966386089,-1.63673256265012,19.9598563502349,-0.0256490977759015,-16.6738649238495,-0.432566751245113,0.219171860560973
0.0953245428939716,-1.63521370746291,19.9331085860461,-0.0457610646488173,-16.6719601243197,-0.458477467182749,0.261867368390962
0.0952539954012321,-1.63332504383566,19.9070844207166,-0.0659867334150358,-16.6708222371091,-0.482472918683963,0.297564938753867
0.0950484368692692,-1.63108711412596,19.8820823171813,-0.0862730868413376,-16.670619539438,-0.504508147360231,0.325206081691174
0.0947075856134414,-1.62852408651967,19.8583124132374,-0.106562546562137,-16.6714649361462,-0.524532546518476,0.343938473189953
0.0942287412590667,-1.62566152992803,19.8358941214528,-0.1267931234143,-16.6734155835924,-0.542487861598582,0.353133361973481
0.0936078308893835,-1.62252462067302,19.8148669740809,-0.146899126335589,-16.67647920232,-0.558306737810312,0.352395895272879
0.0928403059266383,-1.61913694233106,19.7952086032714,-0.166812179630172,-16.6806238244155,-0.571911790359387,0.341568493430017
0.0919217733644398,-1.61551985887317,19.7768541897021,-0.186462304130934,-16.6857880111508,-0.583215490516723,0.320728472194043
0.0908483394510646,-1.61169234182883,19.7597135882818,-0.20577889108383,-16.6918896037109,-0.592121299946216,0.290181532079077
0.089616705450222,-1.60767110669268,19.7436843737115,-0.224691490346361,-16.6988321903925,-0.598526453982988,0.250452497605633
0.0882240845371672,-1.60347093188615,19.7286605576021,-0.243130414871425,-16.7065093274848,-0.602326647027219,0.202274106410562
0.0866680159055617,-1.59910506570216,19.7145375796269,-0.2610272156377,-16.7148070537866,-0.603422633402484,0.146573970262105
0.0849461476471509,-1.59458565594485,19.701214517772,-0.278315103464296,-16.7236054472261,-0.60172844641981,0.0844592755476384
0.0830560496807741,-1.58992415702132,19.6885945023703,-0.294929389050163,-16.732779974985,-0.597180576019128,0.0171984324682881
0.0809951044785304,-1.58513168118163,19.676584210064,-0.310807987107083,-16.7422032539767,-0.589747088618444,-0.053801236499723
0.0787605064691184,-1.58021926835253,19.6650931409575,-0.325891992114344,-16.7517476100628,-0.579435409070697,-0.12702055321986
0.0763493811471409,-1.57519805718159,19.6540331790216,-0.340126293013043,-16.7612885366458,-0.566297427860844,-0.200860673796795
0.0737590132088769,-1.57007935119555,19.6433187148591,-0.353460162409155,-16.7707088497503,-0.550430833459982,-0.273680141311727
0.0709871521840404,-1.56487458826132,19.6328673859306,-0.365847740406736,-16.7799030757693,-0.531976110178142,-0.34383568023769
0.0680323486817288,-1.55959523616364,19.6226012906922,-0.377248340650607,-16.7887814549526,-0.511109392907966,-0.409724747338423
0.0648942684330158,-1.55425264758347,19.6124483963321,-0.387626534403125,-16.7972729462304,-0.48803213029669,-0.469827259794397
0.0615739368739711,-1.54885791055315,19.6023438137471,-0.396952009209833,-16.8053267823244,-0.462959048441341,-0.522743849154985
0.058073883536089,-1.54342172517637,19.5922306628082,-0.405199243995273,-16.8129124037357,-0.436106078555229,-0.567228553426298
0.0543981776329128,-1.53795432652841,19.5820603674009,-0.412347076986119,-16.8200179116279,-0.407679691004932,-0.602214907956622
0.0505523685297863,-1.53246546208264,19.5717923567558,-0.418378264592297,-16.8266474392953,-0.377868598807481,-0.626835633078692
0.0465433607330737,-1.52696442364636,19.5613932592637,-0.423279131853639,-16.8328179905368,-0.346838241634312,-0.64043715441706
0.0423792604671521,-1.52146013059689,19.5508357317101,-0.427039407136517,-16.8385563190512,-0.314728018843,-0.642590818511972
0.038069228833975,-1.51596126205622,19.540097068038,-0.429652315314651,-16.8438963423177,-0.281650994724829,-0.63310276035215
0.0336233671997051,-1.51047643765973,19.5291576963584,-0.431114979656335,-16.8488774293432,-0.247695758507714,-0.612023995020765
0.0290526460820625,-1.50501444612886,19.5179996269266,-0.431429149044038,-16.8535437000218,-0.212930217652864,-0.579661500635049
0.0243688723177544,-1.49958451491782,19.506604882324,-0.430602220979677,-16.8579442422344,-0.177407233025704,-0.536589916153369
0.0195846731775959,-1.49419660137664,19.4949539397746,-0.428648466663295,-16.8621339044409,-0.14117205095047,-0.483662044967074
0.0147134638275373,-1.48886166743069,19.4830242484881,-0.425590287280739,-16.8661740849074,-0.104271350026966,-0.422014785702099
0.00976935967949743,-1.48359188089383,19.4707889394605,-0.421459252368821,-16.8701327696436,-0.0667633477472927,-0.353065684321281
0.00476700199682887,-1.47840067636556,19.4582158942455,-0.416296623516,-16.8740830596012,-0.0287278565731014,-0.278494597332704
-0.00027871404972178,-1.47330261797389,19.4452673469803,-0.41015309356768,-16.8780996678026,0.00972536413704602,-0.200205736021953
-0.00535298814968542,-1.46831304213101,19.4319001298646,-0.403087601347548,-16.8822533900598,0.0484518385331041,-0.12026814835197
-0.0104414873847962,-1.4634475163772,19.4180665360517,-0.395165308838407,-16.8866042562011,0.0872726828368055,-0.0408372739213405
-0.0155306711534589,-1.45872121057934,19.4037156068602,-0.386455084866901,-16.8911946946864,0.125980446429397,0.0359348128018407
-0.0206080046652625,-1.45414831241372,19.3887945203873,-0.377027010698614,-16.8960442811818,0.164349554866121,0.107989584800756
-0.025662030134022,-1.44974160996368,19.3732497268148,-0.36695042683586,-16.9011473188665,0.202149263550593,0.173441837975805
-0.0306823097697839,-1.44551231425173,19.3570275504186,-0.356292857673673,-16.90647371759,0.239156585916333,0.230641567006853
-0.0356592924937589,-1.44147012508142,19.3400741211469,-0.34511987344431,-16.9119727338586,0.275167047270871,0.278215453871164
-0.0405841735710728,-1.43762348468811,19.3223346471295,-0.333495684644354,-16.9175784657952,0.310002044176014,0.31508991544469
-0.0454488116214348,-1.43397993026024,19.3037521540817,-0.321484110462292,-16.9232157583895,0.343512612998243,0.340500253693206
-0.0502457467426718,-1.43054645258899,19.2842658888648,-0.3091495292484,-16.9288053431535,0.375580159619607,0.353990874564618
-0.0549683366438402,-1.42732978114936,19.263809632348,-0.296557490072052,-16.9342674515513,0.406115054794587,0.355410651994789
-0.0596109991110802,-1.4243365394968,19.2423102132107,-0.283774779747884,-16.9395236347507,0.435053976896169,0.34490584544991
-0.0641695236067636,-1.42157323699175,19.2196865720686,-0.270868875117113,-16.9444969699794,0.462356657164485,0.32291146034401
-0.0686413904494585,-1.41904608840385,19.1958497854829,-0.257906829154422,-16.9491111867091,0.488002357683983,0.290140458006732
-0.0730260194825753,-1.41676067476139,19.1707044887844,-0.244953747225752,-16.9532894743401,0.51198617218784,0.247569405288476
-0.0773248597999464,-1.41472148932084,19.1441520919401,-0.232071082592827,-16.9569538295435,0.534315074144968,0.196418399345024
-0.0815412437118688,-1.41293143370533,19.116096007963,-0.219315027991102,-16.9600257241684,0.555003700803299,0.138123334474919
-0.0856799518905969,-1.4113913585083,19.0864488006725,-0.206735268803032,-16.9624286225182,0.574069935198098,0.0742987423200825
-0.0897464949133829,-1.41009973656422,19.0551407079299,-0.194374307926633,-16.964092426506,0.591530657201198,0.00669103493446473
-0.0937461646178513,-1.40905256004289,19.0221285519759,-0.182267452849375,-16.9649594047315,0.607398018513451,-0.0628769627188237
-0.0976829854659921,-1.40824348786446,18.9874036748696,-0.170443416189249,-16.964990626508,0.62167686518635,-0.132566876838829
-0.101558698901063,-1.40766425497608,18.9509975270119,-0.158925351135655,-16.9641716708278,0.634363404436545,-0.200586839276929
-0.105371956255047,-1.40730525067568,18.9129837409117,-0.147732054624674,-16.9625163430336,0.645445466212481,-0.265249383374416
-0.109117792640227,-1.40715620916242,18.8734762629924,-0.13687909286319,-16.960067616281,0.654903658377842,-0.325020266783206
-0.11278748302448,-1.40720685743006,18.8326236669138,-0.126379630780946,-16.9568954642265,0.66271348761938,-0.378555344870923
-0.116368700417534,-1.40744749421076,18.7906007126201,-0.116244921719156,-16.9530920810698,0.668847232397526,-0.424723052250526
-0.119845991819653,-1.40786938146026,18.7475982716729,-0.106484430699086,-16.9487651866014,0.673275917952083,-0.462614810304014
-0.12320139513977,-1.40846500188866,18.7038132129321,-0.0971057532089462,-16.9440306134303,0.675970378467757,-0.491543554628896
-0.126415191601621,-1.40922813330181,18.6594391878659,-0.0881143977661678,-16.9390049937193,0.676902190211454,-0.511035925781478
-0.129466633280168,-1.41015382805249,18.6146592778888,-0.0795136188118124,-16.933799442122,0.676044007740097,-0.520819300946738
-0.132334646239064,-1.41123829790466,18.5696406949371,-0.0713043475626882,-16.9285145779804,0.673370060375337,-0.520808518339943
-0.134998423951588,-1.41247877266495,18.5245316218404,-0.0634853127560168,-16.9232371509031,0.668856736565939,-0.511093332091057
-0.137437910470022,-1.41387335486708,18.4794598665299,-0.0560533512224224,-16.9180382052013,0.662483596388815,-0.491928761968605
-0.139634150074721,-1.41542090813512,18.4345329496251,-0.0490039045949106,-16.9129726496956,0.654234764656303,-0.463728538697445
-0.141569507708804,-1.41712099937302,18.3898391625368,-0.0423316571064304,-16.9080799958113,0.644100626480471,-0.42706149311776
-0.143227769090968,-1.41897390792019,18.3454491689028,-0.0360312503047715,-16.9033859969714,0.632079584933668,-0.38264984786935
-0.144594141791457,-1.42098070044319,18.3014177881751,-0.0300979897744184,-16.8989048969203,0.618179574651172,-0.331367839131103
-0.145655187022719,-1.42314335507619,18.257785704476,-0.024528449251528,-16.8946419845461,0.602419007746738,-0.274238665190046
-0.146398720802355,-1.42546490091285,18.2145809608462,-0.0193208793044084,-16.8905961536869,0.584826909762424,-0.212427648357126
-0.146813725498278,-1.42794952568174,18.1718202202104,-0.0144753500100459,-16.8867621970896,0.565442154447452,-0.147229687849133
-0.146890309496952,-1.43060259872776,18.1295098726888,-0.00999359862395851,-16.8831326323296,0.54431191531579,-0.0800496857551048
-0.14661974068383,-1.43343056384145,18.0876471253458,-0.00587861059600621,-16.8796989683047,0.521489651469141,-0.0123755605675931
-0.145994561608788,-1.43644067736416,18.046221207598,-0.00213402089334826,-16.8764524550072,0.497033077458736,0.0542554181441167
-0.145008772831332,-1.43964059850099,18.0052147676683,0.00123653370593214,-16.8733844834946,0.471002574975992,0.118295204831757
-0.143658053373101,-1.44303787145495,17.9646054428279,0.00422996919028024,-16.8704868757608,0.443460392386606,0.178225994519271
-0.141939976484805,-1.44663936383507,17.9243674976806,0.00684409890699544,-16.8677523003294,0.414470782674707,0.232601034829138
-0.13985417982453,-1.45045073388109,17.8844733730193,0.00907770946088171,-16.8651749669773,0.384101035707283,0.280082966495228
-0.1374024560092,-1.45447599124544,17.8448949951514,0.010930379331108,-16.8627516219839,0.352423215946966,0.319478190693099
-0.134588743578236,-1.45871719373744,17.8056047511967,0.0124021192436357,-16.8604827202284,0.319516372672985,0.34976671692666
-0.13141900994694,-1.46317429667747,17.7665761197327,0.0134929578213927,-16.8583735321818,0.285469010334375,0.370127780589972
-0.127901027530651,-1.46784514816945,17.727784024875,0.0142026137644983,-16.856434873675,0.250381658121168,0.379962078434213
-0.124044049865565,-1.47272560877662,17.6892050335787,0.0145303849613163,-16.854683135199,0.214369398705603,0.378911624324569
-0.11985839984707,-1.47780976796811,17.6508175297587,0.0144753505253977,-16.8531393373346,0.177564171633429,0.366877978026189
-0.11535498897821,-1.48309023098733,17.6126019775693,0.0140369255585486,-16.8518270525005,0.140116544874193,0.34403891924799
-0.110544798725395,-1.48855845353448,17.5745413382901,0.0132157346804471,-16.8507692112521,0.102196483064788,0.310862601358497
-0.105438372455724,-1.49420510381124,17.5366216421548,0.0120146838322951,-16.8499840464938,0.0639925006959294,0.268116925288965
-0.100045384779109,-1.50002042939741,17.4988326496766,0.0104400233557193,-16.8494806902674,0.0257085680297439,0.216870568724947
-0.0943743667231583,-1.50599459993694,17.4611684769557,0.00850213272993677,-16.8492551623,-0.0124416441238795,0.158481241574549
-0.0884326578820539,-1.51211798985775,17.423628030394,0.006215755034232,-16.8492875761192,-0.0502431428760355,0.0945669369148872
-0.0822266239108833,-1.51838136474064,17.3862151038464,0.00359948824444279,-16.8495412659382,-0.0874898481288252,0.0269576628114527
-0.075762121232481,-1.52477594548287,17.3489380623338,0.000674510561304813,-16.8499641651096,-0.123995212250788,-0.0423715184739982
-0.0690451265997948,-1.53129334771459,17.3118091518309,-0.00253727048201701,-16.8504922427321,-0.159601309962549,-0.111381208461264
-0.0620824029225474,-1.5379254231754,17.2748435983418,-0.00601527632087647,-16.8510543074599,-0.194184577708772,-0.178053786994632
-0.0548820652937037,-1.54466405399194,17.2380587362525,-0.00974208650401148,-16.8515772124015,-0.227657048750101,-0.240475284436068
-0.0474539461652671,-1.55150096022204,17.2014733975283,-0.0137046756638743,-16.8519905391702,-0.259962931129109,-0.296904781683198
-0.0398097211258994,-1.55842757285136,17.165107700381,-0.0178948755476173,-16.8522301582334,-0.291071357325387,-0.345826518584915
-0.0319628195449588,-1.56543500397506,17.1289832476818,-0.0223090870568457,-16.8522404855296,-0.320966692943087,-0.385983815662839
-0.0239281897592561,-1.57251412149263,17.0931236265516,-0.0269474321319128,-16.8519756384658,-0.349637963396203,-0.416397052504365
-0.0157220059245957,-1.57965571478912,17.0575550370039,-0.031812616537119,-16.8513999177126,-0.377068728460998,-0.436369603781254
-0.0073613979380376,-1.58685072307367,17.0223068728903,-0.0369087757112134,-16.8504880957943,-0.403228379317982,-0.445485892868742
0.00113573487344598,-1.59409048861749,16.9874121190801,-0.0422405216563255,-16.8492259121999,-0.428065506970625,-0.443605030411062
0.0097507933726782,-1.60136699115932,16.9529074903018,-0.047812329149862,-16.8476110105624,-0.451503780140678,-0.430852346606444
0.0184644279173416,-1.60867301638447,16.9188332964351,-0.0536283158788173,-16.8456543536337,-0.473440667699988,-0.407609884621665
0.0272563919123872,-1.61600221189848,16.8852330611925,-0.0596923954371813,-16.8433819504236,-0.493749271268977,-0.374505805011534
0.0361053487742436,-1.62334899145596,16.8521529399346,-0.06600871904684,-16.8408365550859,-0.51228340472792,-0.332401786771554
0.044988699020399,-1.63070826554029,16.8196409803793,-0.0725822733250115,-16.8380788780446,-0.528885796314659,-0.282376994003881
0.0538825002813528,-1.63807500462972,16.7877462569285,-0.0794194711365805,-16.8351878165019,-0.543398871853932,-0.225707055654875
0.0627615431034646,-1.64544367739292,16.7565178983488,-0.0865285655721303,-16.8322592898491,-0.555677064636308,-0.163836818971817
0.0715996180341801,-1.65280764135459,16.726004031105,-0.0939197391314711,-16.829403460959,-0.5655991230852,-0.0983463395739823
0.080369968437728,-1.66015858692532,16.6962506808422,-0.101604773063671,-16.8267404095436,-0.573078630634152,-0.0309105424849765
0.0890458785006898,-1.66748613688751,16.6673007058933,-0.109596279986618,-16.8243946353514,-0.578071061037772,0.0367459717819179
0.0976013100094894,-1.67477767841273,16.6391928642393,-0.117906571864189,-16.8224890230111,-0.580576206077199,0.10289662524071
0.106011486349473,-1.68201845872345,16.6119611226658,-0.126546313713055,-16.8211390216597,-0.580635626951821,0.165860205159372
0.114253333026568,-1.68919192181338,16.585634294492,-0.135523159859653,-16.8204477441558,-0.578325670853653,0.224044983589074
0.12230571728927,-1.6962802183117,16.5602360429295,-0.144840570857838,-16.8205024894541,-0.573747309824792,0.275987251150443
0.130149474271943,-1.70326479588706,16.5357852245127,-0.154496965792691,-16.8213728999073,-0.567014424149324,0.320382805637118
0.137767250309858,-1.71012697777793,16.5122964892821,-0.164485290257594,-16.823110663927,-0.558242131960073,0.356111031099563
0.145143224764699,-1.71684845726524,16.4897810156167,-0.174792997027075,-16.8257504336549,-0.547536446637859,0.382252228153451
0.152262785416627,-1.72341166671756,16.468247243346,-0.185402364851313,-16.8293114852585,-0.534986089004534,0.398099615988187
0.1591122300484,-1.7298000105648,16.4477014753527,-0.196291035284622,-16.8337996113574,-0.520656844444724,0.403167786076657
0.165678553301458,-1.73599797523991,16.4281482373231,-0.207432632009958,-16.8392087825552,-0.504588544182552,0.39719934378633
0.171949358548737,-1.74199114293498,16.4095903106221,-0.218797338710494,-16.8455222234414,-0.486794599884236,0.380171083673381
0.177912912978887,-1.7477661406628,16.3920283828591,-0.230352343377178,-16.8527126990638,-0.467264005777953,0.352300386947394
0.183558342146599,-1.75331055473707,16.3754602991041,-0.242062101307474,-16.8607419909189,-0.44596577841265,0.314051704142582
0.188875937516393,-1.7586128361898,16.359879952146,-0.253888419502131,-16.8695597527889,-0.422855838245865,0.266142046612525
0.193857527466849,-1.76366221750523,16.3452759285892,-0.265790415038978,-16.8791021634963,-0.397886257634142,0.209543449491044
0.19849684041415,-1.76844865605451,16.3316301256318,-0.277724441960975,-16.8892910028208,-0.371016530135718,0.145479492776919
0.202789773660839,-1.77296281486853,16.3189166506515,-0.28964410582544,-16.9000339044298,-0.342226042243894,0.0754123997828745
0.206734480450449,-1.77719608517151,16.307101373695,-0.301500482328782,-16.9112265008455,-0.311526330213244,0.00101726224639624
0.210331209341151,-1.78114064715413,16.2961424713768,-0.313242619310266,-16.9227568941171,-0.278971192677895,-0.0758590687793122
0.21358187637837,-1.78478955523312,16.2859921436369,-0.324818331633345,-16.9345123543225,-0.244662589420759,-0.153254778684873
0.216489415342389,-1.78813682501393,16.2765994098822,-0.33617521164177,-16.9463874753758,-0.208750739215377,-0.229162907812436
0.219057014576182,-1.79117749487199,16.2679135739203,-0.347261702402232,-16.9582924340516,-0.171427952503957,-0.301608411688386
0.221287386153282,-1.79390763919467,16.2598877113916,-0.358028048205454,-16.9701597651214,-0.132917190504403,-0.368724612272513
0.22318220718388,-1.79632432268212,16.2524814900599,-0.368426965071057,-16.9819483306945,-0.093457588319581,-0.428821124656986
0.224741824098098,-1.79842549985577,16.2456628114529,-0.378413954637039,-16.9936438514009,-0.053289723206465,-0.480437409475315
0.225965240550667,-1.80020987565505,16.2394080824802,-0.387947288466275,-17.0052562123413,-0.0126431002651601,-0.522379496245081
0.226850343544433,-1.80167674522818,16.2337012541294,-0.396987776340414,-17.0168144439287,0.0282725990579913,-0.553740802181567
0.227394282642333,-1.80282582596931,16.228531984519,-0.40549847777458,-17.0283606094995,0.0692720531595471,-0.573910286987986
0.227593908371806,-1.80365708639475,16.2238933557341,-0.413444514424638,-17.0399437896278,0.11019504039462,-0.582572020261836
0.227446190518995,-1.80417056982012,16.2197795293874,-0.420793101291609,-17.051615051109,0.150904272570838,-0.57969978284524
0.226948563507591,-1.80436621068064,16.2161836275392,-0.42751385320477,-17.0634238793537,0.191281306003118,-0.565549098318678
0.226099174134706,-1.80424364904783,16.2130960292365,-0.433579354286537,-17.0754161570559,0.231221376210694,-0.540647597490673
0.22489702809043,-1.80380206036391,16.210503208588,-0.438965907352996,-17.0876334569059,0.270627789294189,-0.505783134213753
0.223342046702393,-1.80304003078183,16.2083872022039,-0.44365432073717,-17.1001132084081,0.309406335984823,-0.461987933948642
0.221435055132011,-1.80195551811086,16.2067257600992,-0.447630553435621,-17.1128892065974,0.347460131072671,-0.410516471970268
0.219177725046612,-1.80054593448026,16.2054931851997,-0.450886031889109,-17.1259919618796,0.384685301701146,-0.352814823028928
0.216572496934816,-1.7988083719269,16.2046617804496,-0.453417495170674,-17.1394485397538,0.420967989535012,-0.290480244934147
0.213622502481486,-1.79673996067556,16.2042037190109,-0.455226312601309,-17.1532817869214,0.456183095285003,-0.225211441222335
0.210331505823819,-1.79433831805032,16.2040930524321,-0.45631734493833,-17.1675091173381,0.49019502327272,-0.158752132014568
0.206703872531148,-1.79160201486003,16.2043075279846,-0.456697531534428,-17.1821412550169,0.52286035285593,-0.0928323609295215
0.202744572271264,-1.78853098085782,16.204829912246,-0.456374468152426,-17.1971814044363,0.554032004086974,-0.0291128608135954
0.198459212014207,-1.78512678195088,16.2056486258098,-0.455355234497416,-17.2126252252494,0.583564162112244,0.0308626955882115
0.193854093475273,-1.78139273461635,16.206757638022,-0.453645660818464,-17.2284617596528,0.61131712727842,0.0857043537792417
0.188936286074843,-1.77733385992921,16.2081557090746,-0.451250105833059,-17.2446751990833,0.637161373249139,0.134200405414458
0.183713706262955,-1.77295670979054,16.2098451601844,-0.448171698012976,-17.2612471771054,0.660980367904443,0.175330731955662
0.178195195793979,-1.76826911511562,16.2118303865129,-0.444412904765389,-17.2781591889647,0.682672041194925,0.208271261262423
0.172390593279968,-1.76327990820487,16.2141163129702,-0.439976251763563,-17.2953947639442,0.702149065546671,0.232392410421495
0.166310794970587,-1.75799866423176,16.2167069518553,-0.434865016367925,-17.3129411143149,0.719338294398761,0.247254339260404
0.159967800852083,-1.75243549458181,16.2196041772468,-0.429083750219888,-17.3307901081147,0.7341797653203,0.252601385431999
0.153374741360512,-1.74660091289269,16.2228067996621,-0.422638534622841,-17.3489385273605,0.746625639829914,0.248357429285636
0.146545877263185,-1.74050578416638,16.2263100104269,-0.415536923855484,-17.3673876630348,0.756639345278657,0.234623233225634
0.1394965622112,-1.7341613590924,16.2301052720245,-0.407787587380568,-17.3861423672317,0.764195044938172,0.211676122833266
0.132243154559517,-1.72757938824352,16.234180736405,-0.399399711870261,-17.4052097310483,0.769277415812769,0.179971686793208
0.124802864389654,-1.72077230272752,16.2385222739474,-0.390382274009604,-17.4245975973523,0.771881588767274,0.140146523362845
0.117193524694374,-1.71375343819707,16.2431151677848,-0.380743336539955,-17.4443131465889,0.772013022747257,0.0930204487483769
0.109433283957505,-1.70653726849532,16.2479464594074,-0.370489545862852,-17.4643618041021,0.769687063373358,0.0395960815641063
0.101540231210165,-1.69913960616024,16.253007817187,-0.359626007563596,-17.4847466936136,0.764927986719359,-0.0189465638746899
0.0935319822154932,-1.69157772338269,16.2582986532175,-0.348156673973567,-17.5054687879782,0.757767444647175,-0.081262774818972
0.0854252728894913,-1.6838703534112,16.2638290709621,-0.336085291450112,-17.5265277788105,0.748242387330901,-0.145864882018442
0.0772356173465766,-1.67603755093515,16.2696221400529,-0.323416833530482,-17.5479235158454,0.736392695491813,-0.211153752524833
0.068977087533642,-1.6681004189628,16.2757150182777,-0.310159218136577,-17.5696576939703,0.722258863365014,-0.275459308505888
0.0606622560167068,-1.66008074156641,16.2821586004395,-0.296325010865389,-17.5917353467505,0.705880090460064,-0.337087847353372
0.0523023153318215,-1.65200058635282,16.2890156443659,-0.281932789593217,-17.6141656888497,0.687293064267941,-0.394372780848788
0.0439073533928512,-1.64388194815187,16.2963576285366,-0.267007903038838,-17.6369619537158,0.666531577357872,-0.445724964416674
0.0354867346243951,-1.63574649297732,16.3042608313014,-0.251582483542908,-17.6601400699595,0.643626983267717,-0.489679198378052
0.0270495190014219,-1.62761543310078,16.3128022068537,-0.235694732371446,-17.6837162495484,0.618609411838784,-0.524934602204183
0.0186048495980104,-1.61950952984827,16.3220555432936,-0.219387638574854,-17.7077037578938,0.591509663158176,-0.550388017435958
0.0101622516316501,-1.61144919063302,16.3320881622759,-0.202707386222282,-17.7321092590133,0.562361761115982,-0.565160951560848
0.00173180692553798,-1.60345460722748,16.3429581379732,-0.185701738647764,-17.7569291732112,0.531206220385681,-0.568621506508446
-0.00667580860137551,-1.59554587474177,16.354711763423,-0.168418669964637,-17.7821464733577,0.498094099211371,-0.560403085385433
-0.0150494142198309,-1.58774303304193,16.3673808476265,-0.150905459648284,-17.8077283105653,0.463091824328073,-0.540421444541365
-0.0233775100198733,-1.58006598156437,16.3809794389558,-0.133208387772221,-17.8336248223549,0.426286560050171,-0.508890908350907
-0.0316485106356257,-1.57253423340061,16.3954997723502,-0.115373071491264,-17.8597694365682,0.38779157240174,-0.466339370342321
-0.0398509642943601,-1.56516649659868,16.410907635705,-0.0974453665021968,-17.8860809197623,0.347750675107156,-0.413620103971551
-0.0479736869684315,-1.55798010266535,16.4271378940999,-0.0794726245451308,-17.9124672900142,0.30634055609369,-0.351916536441768
-0.0560057475756164,-1.55099034491684,16.4440914501515,-0.0615049701837859,-17.9388314803282,0.263769733242533,-0.282734384486816
-0.063936266181448,-1.54420983593559,16.4616351987245,-0.0435961815469867,-17.9650782898815,0.22027324509082,-0.207874703794336
-0.0717540332281855,-1.53764802666897,16.4796062745612,-0.0258037889464759,-17.9911217588544,0.176103029172473,-0.129382541714141
-0.0794470134738929,-1.53131102595996,16.4978209736039,-0.00818818147498546,-18.0168918052702,0.131515149063406,-0.0494697696769976
-0.0870018434853808,-1.52520180298818,16.5160873775447,0.00918919079581271,-18.0423389659172,0.0867561928388091,0.0295831708232392
-0.0944034452048071,-1.51932075640622,16.5342194829671,0.0262681210245544,-18.0674364880491,0.042051720317264,0.105535616808863
-0.101634852004255,-1.51366653134122,16.5520501286233,0.0429918807304922,-18.0921797064741,-0.00240079087043128,0.176290733717635
-0.10867728808355,-1.50823690570687,16.5694404705659,0.0593088544852009,-18.116583307829,-0.0464333415414797,0.239982152525348
-0.115510480974961,-1.50302957461807,16.5862849017169,0.0751732763492857,-18.1406774353566,-0.0899035590965504,0.295035343277919
-0.122113143189068,-1.49804272386814,16.6025115717743,0.0905450665255331,-18.1645035283685,-0.132687182687328,0.340202460346907
-0.128463542796089,-1.49327536465055,16.6180795368859,0.105388994758079,-18.1881104502858,-0.174668906826296,0.374574567311216
-0.134540089890464,-1.48872746757168,16.6329738777258,0.119673493900669,-18.2115510629926,-0.215733386523134,0.397577592318924
-0.140321885041162,-1.48439996741226,16.6471999863983,0.13336942639784,-18.2348791294002,-0.255757663288856,0.408958323049709
-0.145789196056357,-1.48029471189997,16.6607778760823,0.146449021181632,-18.2581463359806,-0.294605721841851,0.408765247488445
-0.15092384429557,-1.47641440863492,16.6737370167642,0.158885100795362,-18.2813992962777,-0.332125501509134,0.397327088623062
-0.155709489759777,-1.47276259663163,16.6861119492905,0.1706506392885,-18.3046765553104,-0.368148477511619,0.375230106666158
-0.160131807838048,-1.46934364201334,16.6979387908668,0.1817186406007,-18.3280057876203,-0.402491819610073,0.34329396718655
-0.164178552507809,-1.46616273772612,16.7092526801689,0.192062297846236,-18.3514015084416,-0.434963025851198,0.302545273011426
-0.167839505201505,-1.46322587741254,16.7200861701106,0.20165537713185,-18.3748636568524,-0.465366749296803,0.254187759825276
-0.171106317083359,-1.46053977473306,16.730468525491,0.210472756258018,-18.3983773458596,-0.493513270395584,0.199568584579751
-0.173972264752956,-1.45811170999211,16.7404258106915,0.218491036329372,-18.4219139177471,-0.519227766125457,0.140140939034029
-0.176431952489795,-1.45594930240118,16.7499815726952,0.225689136292876,-18.4454332310202,-0.542359284295432,0.0774241480343783
-0.178481003751652,-1.45406022369257,16.7591578636516,0.232048783114611,-18.4688868937047,-0.562788250988754,0.0129631666672317
-0.180115786287502,-1.45245188241394,16.7679763292977,0.237554827073791,-18.492222003859,-0.580431481852615,-0.0517102740261323
-0.181333208127271,-1.45113111425042,16.7764591237958,0.242195342937371,-18.515384900165,-0.595244028781837,-0.115112789879365
-0.182130607627737,-1.45010391123913,16.7846294876513,0.245961516899193,-18.538324471521,-0.60721769008849,-0.175839241323822
-0.182505742124559,-1.44937521451528,16.7925119194752,0.248847352726857,-18.5609947019741,-0.616376508956392,-0.232586704783081
-0.182456863887547,-1.44894878261594,16.8001319598503,0.250849255126267,-18.5833562957378,-0.622769980423308,-0.284172585714566
-0.181982860335452,-1.44882713464519,16.8075156729914,0.251965556895189,-18.6053773973331,-0.62646489700192,-0.329547532439033
-0.181083430258194,-1.449011557036,16.8146889425441,0.252196047860319,-18.6270335557147,-0.627536785744113,-0.367804177569303
-0.17975926692324,-1.44950215539089,16.8216767156311,0.251541548799578,-18.6483071753991,-0.62606175594251,-0.398182873575292
-0.178012220334623,-1.45029793071002,16.8285023197734,0.250003549230475,-18.669186735545,-0.622109357519679,-0.42007554288963
-0.17584541882635,-1.45139685659485,16.8351869646554,0.247583920140261,-18.689666061686,-0.615736850060171,-0.433028704315225
-0.173263337847429,-1.45279593406704,16.8417495229187,0.244284712189486,-18.7097439082452,-0.606985121369038,-0.436746635719373
-0.170271801991607,-1.4544912091488,16.8482066591682,0.240108040239567,-18.7294240513693,-0.595876352151015,-0.431095282122024
-0.166877914415442,-1.45647774076111,16.854573352483,0.235056073251329,-18.7487160258525,-0.582413513475567,-0.416107316908992
-0.163089907303613,-1.45874951699628,16.8608638170809,0.229131155421034,-18.7676365418772,-0.566581764762102,-0.39198832517905
-0.158916912693827,-1.46129932575573,16.8670927787854,0.222336092920482,-18.7862115060723,-0.548351841938794,-0.359123678497926
-0.154368660555157,-1.46411859543921,16.8732769978646,0.214674641510842,-18.804478431992,-0.527685499111489,-0.318085219839676
-0.149455121433643,-1.46719723141863,16.8794368512101,0.206152212657311,-18.8224888704813,-0.504542953831463,-0.269636392557583
-0.144186125563341,-1.47052348164622,16.8855977103098,0.196776781792737,-18.8403103432314,-0.478892063741102,-0.214734010215125
-0.138571004909033,-1.47408386896858,16.8917907974052,0.186559929783943,-18.8580271613815,-0.450718622359814,-0.154524505906134
-0.132618316482232,-1.47786322464341,16.8980531998556,0.175517891131726,-18.8757395105251,-0.420036767384671,-0.0903323699833273
-0.126335706719101,-1.48184484646579,16.9044267963688,0.163672433876602,-18.8935603341283,-0.386898145253732,-0.0236387067836444
-0.119729963700597,-1.48601078458309,16.9109560074597,0.151051382417861,-18.9116098750181,-0.351398329838701,0.0439514034941713
-0.112807274030673,-1.4903422319539,16.9176845028972,0.137688632849575,-18.9300082053422,-0.313679185285714,0.110752718843801
-0.105573658182069,-1.49481997157285,16.9246512219413,0.123623602719298,-18.9488665819941,-0.273926439260429,0.175053049193991
-0.0980355152042886,-1.49942481709496,16.9318862095401,0.108900186330806,-18.9682788441947,-0.232362604891468,0.235172325624464
-0.0902001786405656,-1.50413798628084,16.9394067807181,0.0935654089820668,-18.9883141650966,-0.189236307411056,0.289522781607904
-0.0820763832665635,-1.50894136960911,16.9472143942799,0.0776680469263959,-19.0090122121443,-0.144809747437019,0.336665339436111
-0.0736745678192931,-1.51381769453227,16.9552924214247,0.0612574762193715,-19.0303812370241,-0.0993462506911544,0.37535825109805
-0.065006982604612,-1.5187506264987,16.9636048609146,0.0443829380139323,-19.052399003907,-0.0530995859016762,0.404595745557892
-0.0560876164406288,-1.52372487559803,16.9720960845035,0.0270932913909454,-19.0750160002168,-0.00630613225495005,0.423636254237041
-0.0469319899877388,-1.52872637995528,16.9806918973433,0.00943720640165587,-19.0981601945322,0.040819711093899,0.432021151931741
-0.0375568756329538,-1.533742608898,16.9893024302762,-0.00853634092256211,-19.1217426916036,0.0880870393097113,0.429585596689406
-0.0279799998602643,-1.53876297617792,16.9978274072251,-0.0267774633394298,-19.1456638327779,0.135327363095743,0.41646298262314
-0.018219771694851,-1.54377929384741,17.006163954866,-0.0452348529510284,-19.1698194163781,0.182391496128007,0.393083992527213
-0.00829506707221118,-1.54878615116902,17.014216334013,-0.0638555588778521,-19.1941066810211,0.229144909297939,0.360170324569547
0.00177491091743924,-1.55378109210452,17.0219060570279,-0.0825851913807274,-19.2184295675523,0.275461980217781,0.318722157683785
0.0119706858829881,-1.55876449192409,17.0291802484711,-0.101368610058752,-19.2427027204555,0.321219599135912,0.269997420001572
0.022272479776619,-1.56373909355172,17.036016188721,-0.120151037495458,-19.2668538352016,0.366290746725755,0.215480418938961
0.0326601250821723,-1.5687092364241,17.0424208219125,-0.138879417435017,-19.2908242981564,0.410538877605109,0.156837788494729
0.0431129587850817,-1.57367987750141,17.0484253404797,-0.157503741111771,-19.3145684497109,0.453814064009562,0.0958613884388471
0.053609747697009,-1.57865554971957,17.0540762846256,-0.175978039083722,-19.3380520464497,0.495951722653011,0.0344005325247578
0.0641286862146205,-1.58363941698748,17.0594254268146,-0.194260801928569,-19.3612505040277,0.536774304582405,-0.0257111490224739
0.0746474840820255,-1.58863256249705,17.0645207746876,-0.212314738182536,-19.3841473040295,0.576095679062832,-0.0827270107994309
0.0851435334084316,-1.59363359405047,17.0694003738346,-0.230105951499922,-19.4067326778131,0.613727323277172,-0.135049674960454
0.0955941232158126,-1.59863858197002,17.0740895584579,-0.247602756971593,-19.4290024773289,0.649485082541607,-0.181279045076598
0.10597666327232,-1.60364128246292,17.0786013114426,-0.264774413485935,-19.4509570764101,0.683195302997733,-0.220243798506959
0.116268886030423,-1.60863355843401,17.0829387674315,-0.281590018689156,-19.4726001979176,0.714699498018052,-0.251017030394683
0.126449009738465,-1.61360589665339,17.0870987114497,-0.298017723849859,-19.4939376641776,0.743857212234636,-0.272918755692406
0.136495860121416,-1.61854793055166,17.0910750904171,-0.31402432030729,-19.5149761543656,0.770547207971829,-0.285508876751601
0.146388957855039,-1.62344890182551,17.0948618866072,-0.329575162454574,-19.5357220894398,0.794667400198584,-0.288574196340755
0.156108582944662,-1.6282980213835,17.0984550442738,-0.344634341794181,-19.5561807530889,0.816134075759539,-0.282112464237312
0.165635826238455,-1.63308471410704,17.1018534045546,-0.359165013987257,-19.5763557148421,0.834880886734343,-0.26631563338412
0.174952634362924,-1.63779874943164,17.1050587658179,-0.373129795887059,-19.5962485701327,0.850857963392714,-0.241553671717818
0.184041849425118,-1.64243027097334,17.108075263,-0.38649117959199,-19.6158589671355,0.864031312309053,-0.208359546107792
0.192887240188682,-1.64696974488847,17.1109082806906,-0.399211942937712,-19.6351848588669,0.874382494869747,-0.167415402135585
0.201473518443636,-1.65140785036297,17.1135631087826,-0.411255562333391,-19.6542229030516,0.881908455538099,-0.119539533372916
0.20978633319174,-1.65573533775941,17.1160435343083,-0.422586648020836,-19.6729689295481,0.886621300103882,-0.0656734540983076
0.217812236790994,-1.65994288112163,17.1183505456584,-0.433171422807846,-19.6914184032126,0.888547821037486,-0.00686827233138728
0.225538620714549,-1.66402095137872,17.120481304196,-0.442978252865795,-19.7095668258124,0.887728617880907,0.0557304143805327
0.232953623982744,-1.66795973411569,17.1224285084079,-0.451978218158688,-19.7274100422278,0.884216753063521,0.120899708631267
0.24004602306809,-1.67174911019916,17.1241802290404,-0.460145685547109,-19.7449444405315,0.878075986128376,0.187359014977492
0.246805117528326,-1.67537870941445,17.1257202399215,-0.467458827131111,-19.7621670635557,0.869378724249227,0.253792009420719
0.253220628372676,-1.67883803657314,17.1270287969798,-0.473900016445003,-19.7790756727704,0.858203875269319,0.318870542383099
0.259282626382603,-1.68211665911659,17.1280837580744,-0.479456040376249,-19.795668825644,0.844634796550361,0.38127968870562
0.264981503776255,-1.68520443647221,17.1288618909423,-0.484118084252595,-19.8119460364881,0.828757491154536,0.439742929935968
0.270307996299614,-1.68809176682401,17.1293402017138,-0.487881479402309,-19.8279080867268,0.810659141351799,0.493046408138091
0.275253254474747,-1.69076982701144,17.1294971346651,-0.490745237600932,-19.8435575317023,0.790427008433875,0.540061348072288
0.279808954205216,-1.69323078561905,17.1293135395263,-0.492711428089127,-19.8588994198155,0.768147692108749,0.579764073650055
0.283967430007083,-1.69546797649164,17.1287733627578,-0.493784475301205,-19.8739422005757,0.743906743663418,0.6112534786592
0.287721809231854,-1.69747602739059,17.1278640770858,-0.493970465838777,-19.8886987554115,0.717788655457196,0.633766251305093
0.291066123230251,-1.69925094424203,17.1265769050303,-0.49327655340254,-19.9031874425416,0.689877287692244,0.646690508443983
0.293995371559515,-1.70079015409338,17.1249069084497,-0.491710544087352,-19.9174330066623,0.660256818619747,0.649578707945578
0.296505517560026,-1.70209250882606,17.1228530046066,-0.489280733617801,-19.9314671666393,0.629013292707075,0.642160730864666
0.298593399062192,-1.70315824795395,17.1204179344918,-0.485996054772693,-19.9453286642758,0.596236783187838,0.624357860688435
0.300256546663911,-1.70398891353047,17.1176081589307,-0.481866574392904,-19.9590625413758,0.562024068918672,0.596298011298042
0.301492914830672,-1.70458720552538,17.1144336056647,-0.476904344358341,-19.9727184341742,0.526481573136287,0.558331929173542
0.302300549167285,-1.70495676506573,17.1109071524776,-0.471124562889075,-19.9863477483157,0.489728126568868,0.51104924476277
0.302677234830001,-1.70510187819002,17.1070437265096,-0.464546930505944,-19.9999997365682,0.451896958631724,0.455292147017282
0.302620193373932,-1.70502710682149,17.1028589455004,-0.457197003427262,-20.0137167461877,0.413136239197487,0.392163263166289
0.302125908019581,-1.70473687464777,17.098367327391,-0.449107271380398,-20.0275292018299,0.373607559676171,0.323023283717142
0.301190153092114,-1.70423506060276,17.093580238905,-0.440317658079101,-20.0414511564116,0.333482029672636,0.249473565482389
0.299808271027208,-1.70352467096399,17.0885038975837,-0.430875194572885,-20.0554773428189,0.292934177897361,0.173319947204145
0.297975684165095,-1.70260766314944,17.0831378253978,-0.42083277377263,-20.0695824725808,0.25213449622331,0.0965167432328965
0.295688560163845,-1.70148497034923,17.0774741151986,-0.410247126696687,-20.0837230306728,0.211242028365128,0.0210939278463144
0.292944498905491,-1.7001567303815,17.0714977045022,-0.399176393761676,-20.0978411560592,0.170398622461723,-0.0509253543712964
0.289743095582307,-1.69862266673368,17.0651875887537,-0.387677789254385,-20.1118696325182,0.129726171331481,-0.117607414968441
0.286086272875999,-1.6968825305004,17.0585186720682,-0.375805821305757,-20.1257368204696,0.0893274533700181,-0.17718157885634
0.281978343015497,-1.69493649991162,17.0514638029628,-0.363611336875549,-20.1393705794417,0.0492903312731245,-0.228098486428755
0.277425833858717,-1.69278545456604,17.0439955380309,-0.351141406053172,-20.1527007499278,0.00969440933059179,-0.269071137874916
0.272437163841179,-1.69043108048849,17.036087277224,-0.338439838606247,-20.1656603227603,-0.0293810412470867,-0.299100390633254
0.267022269857027,-1.68787580452617,17.0277135665469,-0.325548004605669,-20.1781858210427,-0.0678490429222674,-0.317488797221106
0.261192283501651,-1.68512259048505,17.0188495174373,-0.312505619898351,-20.1902175668274,-0.105607719313108,-0.323847136959736
0.254959324736565,-1.68217465059233,17.0094694262423,-0.299351228886918,-20.2017004237842,-0.14253473209049,-0.318097155831466
0.248336448236396,-1.67903513625648,16.999544796834,-0.286122234000804,-20.2125853733673,-0.178484049403477,-0.300472472467079
0.24133774145234,-1.67570687437999,16.9890420867025,-0.272854451858125,-20.2228319750321,-0.21328573606569,-0.271517785486803
0.23397853856774,-1.67219221120696,16.9779206127653,-0.259581299986759,-20.2324114484206,-0.246749399894413,-0.232084786751148
0.226275683610391,-1.6684930129353,16.9661311441634,-0.246332819264027,-20.24130985422,-0.278671682170957,-0.183321821999506
0.218247755219768,-1.66461084847175,16.9536157280317,-0.233134799641149,-20.2495306972445,-0.308847638405212,-0.126653684318214
0.209915162792612,-1.66054734421388,16.9403091860722,-0.220008281834912,-20.2570962821505,-0.337085031910428,-0.0637483018459968
0.201300045696927,-1.65630465916183,16.9261424558977,-0.206969642248906,-20.2640473468665,-0.363219645634416,0.00353133862122178
0.192425953046718,-1.65188599303549,16.9110475626077,-0.194031336355748,-20.2704408559416,-0.387129042770841,0.0731891188753734
0.183317340454812,-1.64729602544594,16.894963594517,-0.181203206980596,-20.27634626322,-0.40874212873968,0.143167742544038
0.173998972082618,-1.64254119958698,16.8778427624319,-0.168494109783492,-20.2818409116326,-0.428042550753259,0.211424588179378
0.164495341950735,-1.63762980619003,16.8596555569808,-0.155913521986761,-20.2870054005253,-0.445065260897133,0.276004446318704
0.154830218547363,-1.6325718766794,16.8403942085436,-0.143472811867641,-20.2919196653122,-0.459887027122247,0.33510292477896
0.14502637706941,-1.62737893811665,16.8200740250318,-0.131185947680056,-20.2966602282111,-0.472612805109938,0.387116425911958
0.135105531398242,-1.62206370239375,16.7987326030445,-0.119069575014973,-20.3012987105128,-0.483360372659598,0.430677267952647
0.12508843153132,-1.61663975589598,16.7764272556663,-0.107142539850153,-20.3059013743604,-0.492245459381741,0.464674941009343
0.114995064157602,-1.61112129217836,16.7532312086015,-0.0954250403487781,-20.3105292684928,-0.499369003812999,0.48826614282308
0.104844886839505,-1.60552290195487,16.7292291811233,-0.0839376367126382,-20.3152385081871,-0.504807440024386,0.500876970437914
0.0946570350765465,-1.59985941274258,16.7045129242209,-0.0727003392876751,-20.3200802945678,-0.508606302764631,0.502200575802882
0.0844504583364743,-1.59414576015961,16.6791771787146,-0.0617319473906943,-20.3251004216851,-0.510777062394401,0.492192955755427
0.0742439592964532,-1.58839687401253,16.6533163728937,-0.0510497434024766,-20.3303381825951,-0.511296962560502,0.471068587792263
0.0640561264745613,-1.58262757105904,16.6270222195992,-0.040669572777654,-20.3358247363085,-0.510111659959185,0.439296528806993
0.0539051639319361,-1.57685245742348,16.6003822071873,-0.0306062696216022,-20.3415811228951,-0.50714054672607,0.397596486127716
0.0438086347514359,-1.571085852053,16.5734788224148,-0.0208743246408657,-20.3476162125573,-0.502284663964649,0.34693336207287
0.0337831494923283,-1.56534174480648,16.5463892213218,-0.0114886433287337,-20.3539249472593,-0.495437002713454,0.288507982075964
0.0238440467697793,-1.55963379746554,16.5191850096762,-0.00246521527530742,-20.3604872731492,-0.486494699156131,0.223741303882772
0.0140051278912527,-1.55397538480236,16.4919318322892,0.00617847895282434,-20.3672681577166,-0.475372169653793,0.154249526070785
0.00427851308580565,-1.54837965907984,16.464688613982,0.0144234534875675,-20.374218987609,-0.462013790214887,0.0818083752219071
-0.00532532097933712,-1.54285961190524,16.4375064978321,0.0222496428631244,-20.3812804775869,-0.446404354768131,0.0083062986142008
-0.0147972908717698,-1.53742810540877,16.4104277342555,0.0296367116798125,-20.3883869497488,-0.428575595169192,-0.0643117784783584
-0.024129255300194,-1.53209785310508,16.3834848959185,0.036565094219372,-20.3954715488431,-0.408607533983389,-0.134106616488719
-0.0333134232465041,-1.52688134619362,16.3567007716351,0.0430170502779013,-20.4024717181845,-0.386624343766864,-0.199207976386467
-0.0423417172895005,-1.52179073767015,16.3300891265707,0.0489775229094721,-20.4093341606308,-0.362785442366527,-0.257874082674381
-0.0512051988717577,-1.51683770867851,16.303656270924,0.0544346457880789,-20.4160186051631,-0.337273456222059,-0.308543140607191
-0.05989364457641,-1.51203334555411,16.2774031489874,0.0593798453297443,-20.4224999510361,-0.310281066476581,-0.349874472617344
-0.0683953248027464,-1.50738805410542,16.2513275279173,0.0638075924744897,-20.4287687166169,-0.281998693982053,-0.380778855993512
-0.0766969934288932,-1.50291153230852,16.2254258540821,0.0677149404949694,-20.4348300439575,-0.252604463344577,-0.400439300514686
-0.0847840635893868,-1.49861281671301,16.1996944328963,0.0711010263939464,-20.4407017315989,-0.222257242368797,-0.408324512928704
-0.0926409275080853,-1.49450041203029,16.1741297278273,0.0739667090208097,-20.44641184149,-0.191092979508706,-0.404197490792506
-0.100251376859424,-1.49058250539059,16.1487277269105,0.076314476258682,-20.4519963592699,-0.159224189260796,-0.388121183852571
-0.107599086740369,-1.48686725503843,16.1234824751941,0.0781486850720442,-20.4574972158722,-0.126742261034041,-0.360462090903743
-0.114668133603916,-1.48336312546773,16.0983840200798,0.0794761151642912,-20.4629607529785,-0.0937222109500044,-0.321891290209293
-0.121443517736228,-1.48007921989283,16.0734161630602,0.0803067261440381,-20.4684364839923,-0.0602294306226504,-0.273380893047269
-0.127911653056766,-1.47702554099191,16.0485545335177,0.0806544254846527,-20.4739758197382,-0.0263278177642549,-0.216192610993733
-0.134060773767561,-1.47421310208684,16.0237655479765,0.0805375984123981,-20.4796303480622,0.00791162810915356,-0.151854415140134
-0.139881198628502,-1.47165382255584,15.9990067280933,0.0799791502828693,-20.4854493300624,0.0424030065097158,-0.0821216975848516
-0.145365399031552,-1.46936018032348,15.9742285852677,0.0790058868873195,-20.4914763211945,0.0770399763789048,-0.00892127374007574
-0.150507845540937,-1.46734465440613,15.9493778730053,0.0776472116235931,-20.4977451983807,0.111693776993886,0.0657200643254838
-0.155304654946919,-1.46561905418605,15.9244015847826,0.0759333108976536,-20.5042762475039,0.14621548068228,0.139756820997952
-0.15975311264293,-1.46419387154758,15.8992508088608,0.0738931631526396,-20.5110731696961,0.180442173711704,0.211207278302507
-0.163851179749986,-1.46307778892979,15.8738835707553,0.0715527689521155,-20.5181217746974,0.214205785674768,0.278227855039513
-0.167597098830786,-1.46227742735179,15.8482660989529,0.0689339340720238,-20.5253907526018,0.247342702023764,0.339171987924903
-0.170989179956464,-1.46179734882753,15.8223724053043,0.0660537684598899,-20.5328344019302,0.279702306520692,0.392629932363537
-0.174025801074183,-1.4616402606589,15.7961824952086,0.0629248701880404,-20.5403967486414,0.31115313960194,0.437449916441493
-0.176705605230849,-1.46180733184839,15.769679780273,0.0595560081938126,-20.5480162673151,0.341586136505775,0.472743976969328
-0.179027843937931,-1.46229852324033,15.7428483275734,0.055953044805369,-20.5556304394888,0.37091513158693,0.497883169200507
-0.180992796560996,-1.4631128523317,15.7156704923481,0.0521198394601893,-20.5631795838401,0.399075273258423,0.512486704182278
-0.182602196872354,-1.46424854004222,15.6881253256214,0.0480589323354328,-20.5706096588453,0.426020166308519,0.516408745290627
-0.183859603115659,-1.46570301819157,15.6601879855422,0.0437718839231796,-20.5778739835711,0.451718479691729,0.509725356396551
-0.184770658389363,-1.46747280215342,15.6318302433523,0.0392592286088237,-20.5849340006012,0.476150545062318,0.492722935738182
-0.185343198247522,-1.46955325473382,15.6030220626746,0.0345200741609866,-20.5917593098721,0.499305212754425,0.465888434044652
-0.185587173706117,-1.47193828496402,15.5737341304515,0.0295514421486144,-20.5983272461014,0.521177003367025,0.429900779257468
-0.185514371553002,-1.47462004085334,15.5439411135177,0.0243474943333403,-20.6046222716388,0.541763436604746,0.385622172305214
-0.185137936368589,-1.47758866389352,15.5136253043433,0.0188988260470261,-20.6106354236343,0.56106237308724,0.334087414820252
-0.184471727514164,-1.48083217405377,15.4827802164285,0.0131920197177627,-20.6163639934378,0.579069260201346,0.276489194541273
-0.183529578176371,-1.48433654099521,15.4514136282753,0.00720963175471924,-20.6218115300058,0.595774314381686,0.214157477625366
-0.182324553647224,-1.48808596812347,15.4195495958514,0.000930726821629009,-20.6269881544319,0.611159847716842,0.148531914831028
-0.180868320773643,-1.49206337384175,15.3872290853682,-0.00566802199561533,-20.6319110660448,0.625198085244094,0.0811274018504411
-0.179170729981418,-1.49625100865778,15.3545091138503,-0.0126107630492929,-20.6366050378859,0.637849851808236,0.0134943853366587
-0.177239673649814,-1.50063111144527,15.3214605720171,-0.0199206248301342,-20.6411026679739,0.649064403304968,-0.0528232400672602
-0.175081227700931,-1.50518649660818,15.2881651559976,-0.0276178623587246,-20.6454441854832,0.658780457441516,-0.116329173746799
-0.172700025167782,-1.5099009805521,15.2547119703536,-0.035718247053718,-20.6496766981419,0.666928227859509,-0.175611448419401
-0.170099768010071,-1.51475959599926,15.2211943424646,-0.0442318938344328,-20.6538528760995,0.673432069261037,-0.229372612635591
-0.167283769398363,-1.51974859125232,15.1877072303042,-0.053162619884032,-20.6580291621561,0.678213276812979,-0.276452486503327
-0.164255432016408,-1.5248552539822,15.1543453777503,-0.0625078257298462,-20.6622636531349,0.681192653420467,-0.315843949579234
-0.161018601234325,-1.53006762410645,15.1212021577886,-0.0722588059295218,-20.6666138112216,0.682292633266076,-0.346703183804204
-0.157577770556929,-1.5353741665506,15.0883689005282,-0.0824013485902458,-20.6711341510268,0.681438949545487,-0.368356243410577
-0.153938151268106,-1.54076346513826,15.0559344552116,-0.0929164679804307,-20.6758740303038,0.678562008835982,-0.380303845738044
-0.150105640224336,-1.54622398189185,15.0239847648174,-0.10378112587371,-20.6808756624874,0.67359822837652,-0.382225969289414
-0.146086729590317,-1.55174390744518,14.9926023076149,-0.114968822752727,-20.6861724722121,0.666491602585313,-0.373987386766375
-0.141888400247735,-1.55731111332993,14.9618653407677,-0.12644997320266,-20.69178792188,0.657195681569719,-0.355644690428023
-0.137518032438767,-1.56291320577807,14.9318469460983,-0.138192015458265,-20.697734937356,0.645676001883245,-0.327454786929352
-0.132983353963244,-1.56853767342907,14.9026139123321,-0.150159245590052,-20.7040160378254,0.631912813960803,-0.289884160593348
-0.128292433813185,-1.57417211398047,14.8742255069996,-0.162312411939122,-20.7106242220118,0.615903765740739,-0.243617533650028
-0.123453716434648,-1.5798045162807,14.8467322044414,-0.174608157261802,-20.7175445749706,0.597666051795286,-0.18956381535724
-0.118476082069572,-1.58542356294512,14.8201744652722,-0.186998448133377,-20.7247564479744,0.577237495621105,-0.128856598787039
-0.113368911027925,-1.59101890682831,14.7945817073684,-0.199430171526492,-20.7322359506849,0.554676128358237,-0.0628460443498884
-0.10814212744438,-1.59658136670239,14.76997165982,-0.211845087934597,-20.7399584203369,0.53005809349178,0.00692089093132293
-0.102806200632632,-1.60210298988106,14.7463503154083,-0.224180290790028,-20.7479005364703,0.503474080192286,0.0787340683663203
-0.0973720924985572,-1.60757694635134,14.7237126645844,-0.236369227805221,-20.7560418582869,0.47502488686115,0.150768043540114
-0.0918511539100841,-1.61299725012263,14.702044282638,-0.248343207295992,-20.7643657533615,0.444816973606634,0.221142207140296
-0.0862549888113255,-1.61835834149016,14.6813236708046,-0.26003318429849,-20.7728598948523,0.41295888760285,0.287988713750408
-0.0805953142706455,-1.62365459664426,14.6615250712436,-0.271371545126018,-20.7815166342251,0.379559197576967,0.349522051771985
-0.0748838440762016,-1.62887984711771,14.6426213533791,-0.282293619853571,-20.7903335423644,0.344726169336823,0.404103891749494
-0.0691322118083351,-1.63402698609445,14.6245865505529,-0.292738743863361,-20.7993142535174,0.308569007317835,0.450298178562492
-0.0633519317965374,-1.63908771605815,14.6073977116289,-0.30265082517015,-20.8084695127315,0.27120022961898,0.486913774853386
-0.0575543796751939,-1.64405246268085,14.591035879845,-0.311978499576346,-20.817818113399,0.232738674735445,0.513034433667145
-0.0517507646957969,-1.64891045375221,14.5754861636633,-0.320675033339321,-20.8273872915478,0.19331270764332,0.528037738470464
-0.0459520662714502,-1.65364994470239,14.5607369823431,-0.328698147745532,-20.8372121477902,0.153063292726957,0.531605497325502
-0.0401689171974088,-1.65825856412961,14.5467786429124,-0.336009905542969,-20.8473337884294,0.112146647948808,0.523727981325309
-0.0344114330907928,-1.66272374859938,14.5336014540931,-0.342576731628038,-20.8577960910388,0.0707361496670887,0.504703526991304
-0.0286890081245421,-1.66703323178464,14.5211936268323,-0.348369569456588,-20.8686412753692,0.0290230590980414,0.475133801995816
-0.0230101166231007,-1.67117554425118,14.5095392646419,-0.353364108958581,-20.8799047633565,-0.0127844409715184,0.435913660863707
-0.0173821727136082,-1.67514046947103,14.4986167920656,-0.357540983867761,-20.8916100824331,-0.0544643753517466,0.388213451609416
-0.0118115007895062,-1.67891939229394,14.488398176592,-0.360885822485907,-20.903764729154,-0.0957865204812326,0.333451097520133
-0.00630345332657219,-1.6825054788844,14.4788492204015,-0.363389063433572,-20.916357872408,-0.136520168574649,0.273251782775693
-0.000862681111216691,-1.68589364667404,14.4699310203841,-0.365045499898081,-20.9293604906156,-0.176443331952116,0.209394657233325
0.00450647907471408,-1.68908032223584,14.4616024380145,-0.365853591310298,-20.942728031917,-0.215352059721275,0.143748530077972
0.00979956866473361,-1.6920630329001,14.4538231677053,-0.365814647419578,-20.9564051030936,-0.253068254979769,0.0782012267379638
0.0150116086732247,-1.69483991946184,14.4465568305751,-0.364932031127302,-20.9703312261253,-0.289444530041535,0.0145891656880025
0.020136812848624,-1.69740927384777,14.4397735366686,-0.363210519526548,-20.9844465363167,-0.324365223940779,-0.0453660774281535
0.025168455661241,-1.69976919258733,14.4334515139391,-0.360655917601053,-20.9986964557371,-0.357743519403452,-0.100109000739541
0.0300988970736941,-1.70191739903577,14.4275776596675,-0.357274945915576,-21.0130347893922,-0.389515363450408,-0.148286661755852
0.034919731047298,-1.70385124143795,14.4221471194242,-0.353075356538877,-21.0274251734823,-0.419631371019937,-0.188770680094867
0.0396220043833209,-1.70556783531384,14.4171621619185,-0.348066183579662,-21.0418411875705,-0.448048008981875,-0.220667131998789
0.0441964488501553,-1.70706429564679,14.4126306884573,-0.342258018303879,-21.0562656546841,-0.474719189380228,-0.243317748243857
0.0486336785153423,-1.70833799780769,14.4085647020717,-0.335663210458894,-21.0706896874265,-0.499589100692992,-0.256295885790483
0.0529243200874845,-1.70938681147013,14.40497900208,-0.328295929701413,-21.0851119463356,-0.522586811379275,-0.259400134932521
0.0570590622082429,-1.71020926355825,14.4018902958055,-0.32017206557783,-21.0995384196421,-0.543622970903476,-0.252647500147045
0.0610286261421053,-1.71080459893813,14.3993168520103,-0.311308988487922,-21.113982859554,-0.562588808534426,-0.236267048765049
0.0648236750760357,-1.71117272128127,14.397278758292,-0.301725237649678,-21.1284678459707,-0.579357566303027,-0.210694000455985
0.0684346903348766,-1.7113140096061,14.3957987847259,-0.291440232866374,-21.1430263070275,-0.59378842453628,-0.17656345366837
0.0718518496574194,-1.71122901992211,14.3949037861041,-0.280474121038496,-21.157703212386,-0.605732833577443,-0.134702411782051
0.0750649444418406,-1.71091809712001,14.3946264858435,-0.268847861893571,-21.1725570752882,-0.615042929208219,-0.0861185597326339
0.0780633671878695,-1.71038093733407,14.3950073812797,-0.25658362306869,-21.1876608636644,-0.62158138396652,-0.0319843328743874
0.0808361877824293,-1.70961615382892,14.3960964034302,-0.243705498177789,-21.2031019396494,-0.625231708617235,0.0263847544124459
0.0833723185886429,-1.70862090574022,14.3979538785269,-0.230240489044458,-21.2189807261488,-0.625907761659351,0.0875579001243992
0.0856607473666867,-1.70739064476188,14.4006503177549,-0.216219622784986,-21.2354079405845,-0.623561166861716,0.15002251507801
0.0876907989825529,-1.70591902064313,14.404264598378,-0.201679021033607,-21.2525004132154,-0.618185538556913,0.212222243702598
0.0894523776428663,-1.70419796408431,14.4088802520766,-0.186660724621274,-21.2703756924725,-0.609816873283171,0.272597668274616
0.090936144159958,-1.70221794085707,14.4145797842655,-0.17121310342017,-21.2891458014097,-0.598530089790768,0.329627427268637
0.0921335980648178,-1.6999683517067,14.4214372165898,-0.155390747045989,-21.3089106103473,-0.584432327654778,0.381867384223185
0.0930370584164843,-1.69743804328531,14.4295093285923,-0.139253819994114,-21.3297513291058,-0.567654091547729,0.427985752017036
0.0936395636643409,-1.69461589720866,14.438826355043,-0.122866954420914,-21.3517246116665,-0.54833954465904,0.466792695833588
0.0939347329053933,-1.69149147294259,14.4493831582345,-0.106297826625372,-21.374857738161,-0.526637189961324,0.497263801419281
0.0939166434310201,-1.68805568819559,14.4611321119139,-0.0896156084094643,-21.3991453158197,-0.502691898746007,0.518557753775769
0.0935797785570974,-1.68430151884568,14.47397904242,-0.0728894974709358,-21.4245479167458,-0.476638855900832,0.530029403753419
0.0929190868283135,-1.68022468707943,14.4877834579821,-0.0561875148227199,-21.4509929932274,-0.448599620074909,0.531239956742642
0.0919301711276512,-1.67582428533321,14.5023638497559,-0.0395757151483484,-21.4783782169954,-0.41868023161604,0.521966146124516
0.0906095996197518,-1.67110326672422,14.5175080495352,-0.0231178931021696,-21.5065770498318,-0.386971190400991,0.502209885288428
0.0889553070279331,-1.66606873361453,14.5329876332759,-0.00687579105678913,-21.5354459317911,-0.353549164647619,0.47220906692273
0.0869670393581118,-1.66073198045108,14.5485744770656,0.00909026986476325,-21.5648321270985,-0.318480414475673,0.432448995570694
0.084646788850794,-1.65510828845663,14.5640571225452,0.0247204927668863,-21.5945811701793,-0.281826011728724,0.383672570178858
0.0819991653737253,-1.64921651188006,14.5792547377236,0.039954662887543,-21.6245430853945,-0.243648888430141,0.32688599882591
0.079031650361633,-1.64307852156499,14.5940270595899,0.0547314171589092,-21.6545770361997,-0.204022460542366,0.263355775770769
0.0757546795403072,-1.63671857529143,14.6082795081034,0.0689879766537385,-21.684554584521,-0.163040059893683,0.194592260685649
0.0721815061539887,-1.63016267072976,14.621963417539,0.0826605298265486,-21.7143620819322,-0.120823802920352,0.122315889089057
0.0683278177371674,-1.62343791898167,14.6350719323458,0.0956853262463808,-21.7439027352806,-0.0775311011584074,0.0484041994094712
0.0642111220047716,-1.61657196521899,14.6476325760601,0.108000363744396,-21.77309861476,-0.033357075670647,-0.0251785841150612
0.0598499734710326,-1.60959248030392,14.6596978509455,0.119547375636749,-21.8018924697396,0.0114681648209272,-0.0964635476908035
0.0552631611904943,-1.60252674792147,14.6713354159746,0.130273719499138,-21.8302489109099,0.0566872226141158,-0.16356158137065
0.0504689952351475,-1.59540136718619,14.682619319813,0.140133786748258,-21.8581544661534,0.102026663346961,-0.224740435388158
0.0454848040139301,-1.58824207692623,14.6936233840162,0.149089690716055,-21.8856162322151,0.147209587107202,-0.278486401659888
0.0403266965406754,-1.58107368819626,14.7044172252768,0.157111190482972,-21.9126591963376,0.19196721839753,-0.323546668255425
0.0350095776613866,-1.57392009370632,14.7150647703954,0.164174984444568,-21.9393226173266,0.23604781852641,-0.358952675172723
0.0295473546388981,-1.56680431346202,14.7256246502676,0.170263606518095,-21.965656016422,0.279222147649776,-0.384027891509526
0.0239532515929495,-1.55974853701119,14.7361516588894,0.175364168703643,-21.9917153158366,0.321285561112036,-0.398384711500947
0.0182401518859761,-1.55277413261872,14.7466984993702,0.179467146581689,-22.0175595124345,0.362057411502997,-0.401914845191081
0.0124209073315477,-1.54590160776593,14.7573172541038,0.182565334870793,-22.043248107168,0.401378612564646,-0.394776399759878
0.00650857629780442,-1.53915052125297,14.7680602495391,0.18465304743682,-22.0688393119496,0.439108218831967,-0.377379318366702
0.000516574540926425,-1.53253936253202,14.7789802310691,0.185725599314301,-22.0943889190527,0.475119715485853,-0.350369511479825
-0.00554126168244899,-1.52608542534727,14.7901299481247,0.185779093771003,-22.1199496513321,0.50929748838965,-0.314611049896781
-0.0116506888225472,-1.51980471054987,14.8015613675756,0.1848105275583,-22.1455707843284,0.541533797328931,-0.271165265084973
-0.0177971258937557,-1.51371189358512,14.8133247875965,0.182818211954595,-22.1712978658312,0.571726462279174,-0.221265587171459
-0.0239657554250684,-1.50782038455923,14.8254681100267,0.179802477657213,-22.1971724294932,0.599777402356629,-0.166287402052658
-0.03014162655941,-1.50214249285237,14.8380364492107,0.175766590220307,-22.2232316855149,0.625592107985406,-0.107713032189306
-0.0363097314693581,-1.49668968661525,14.851072120339,0.170717759611956,-22.2495082442284,0.649080051013676,-0.0470929369909603
-0.0424550309073834,-1.49147291524778,14.8646148856283,0.164668097984247,-22.2760299602536,0.670155936564616,0.0139948858814655
-0.0485624140770091,-1.48650294630819,14.878702180051,0.157635376610365,-22.3028199614571,0.688741588676438,0.0739848112966376
-0.0546165907989949,-1.48179066233082,14.8933689300634,0.149643459107538,-22.3298968549844,0.704768167058143,0.131360359195147
-0.0606019277591618,-1.47734726850102,14.908646547733,0.140722339684505,-22.3572750084753,0.71817837279011,0.184685943971393
-0.0665022527348191,-1.47318437712217,14.9245607400843,0.130907775154423,-22.3849647242403,0.728928325860063,0.232632640742631
-0.0723006592086544,-1.46931395372942,14.941127913203,0.120240555396148,-22.4129720889755,0.736988888051909,0.27399804337039
-0.0779793479394537,-1.46574812788678,14.958350160081,0.10876549754936,-22.4412983095099,0.742346333215419,0.307721206034036
-0.0835195419446958,-1.46249888659768,14.9762090886033,0.0965302717850197,-22.4699384384757,0.745002397425287,0.332894299565604
-0.0889015076163719,-1.45957767894055,14.9946590589434,0.0835841786078035,-22.4988795419867,0.744973852262087,0.348772929456742
-0.094104706774095,-1.45699497040495,15.0136207310753,0.0699770019430794,-22.528098541849,0.742291798320325,0.354787003835572
-0.0991080923010869,-1.45475979474117,15.032976110007,0.0557580689959262,-22.5575601405127,0.737000880792788,0.350553648976852
-0.103890542907347,-1.45287936124662,15.0525664096719,0.0409756513329818,-22.5872153544949,0.72915857158426,0.335892922081986
-0.108431412816045,-1.451358781214,15.0721939034432,0.0256768362933277,-22.6170011809647,0.718834567379344,0.310846049438927
-0.112711154381574,-1.4502009724157,15.0916284025807,0.00990796740178304,-22.6468417628194,0.706110233635501,0.275694728534897
-0.1167119627036,-1.44940677761185,15.110618154486,-0.00628431537307896,-22.6766511204356,0.691077911567805,0.230978894390163
-0.120418394808195,-1.44897529171254,15.1289040139761,-0.0228515149861214,-22.7063371831532,0.673839822857206,0.177509472056184
-0.123817928841659,-1.44890434011332,15.1462350540979,-0.0397414130855773,-22.7358066238943,0.654506298199293,0.116372215260524
-0.126901438451263,-1.44919100661832,15.1623836012351,-0.0568962510837235,-22.7649699691982,0.63319314369088,0.0489188201759634
-0.129663552498038,-1.44983209102782,15.1771579998173,-0.0742513821320799,-22.7937465855596,0.610018168635491,-0.0232577841684
-0.132102849436095,-1.45082439492008,15.1904119824479,-0.0917347937777766,-22.8220692713436,0.585097193877879,-0.0983655843272671
-0.134221815765243,-1.45216478540243,15.2020500473551,-0.109267748012401,-22.8498881586306,0.558540143647174,-0.174472304375306
-0.136026503888808,-1.4538500536367,15.2120286107324,-0.126766527369236,-22.8771734497855,0.530447952828263,-0.249577097041798
-0.137525871631565,-1.45587664295772,15.2203530096394,-0.144144989146484,-22.9039163575014,0.500910900979823,-0.321688435580544
-0.138730861703587,-1.45824035093423,15.2270708274504,-0.161317421422343,-22.930127702503,0.470008634700983,-0.388900035175572
-0.139653351947139,-1.46093610208883,15.2322625035714,-0.178201146875506,-22.9558340223354,0.437811728150675,-0.449457290096993
-0.140305142063194,-1.46395785099256,15.236030601389,-0.194718445200602,-22.9810716133441,0.404384352611199,-0.501809349146288
-0.140697126375428,-1.46729862665439,15.2384892425737,-0.210797598158888,-23.0058794152211,0.36978758465728,-0.544645471348679
-0.140838747875458,-1.47095068601303,15.2397550024492,-0.22637310630622,-23.030291872504,0.334083040829408,-0.576917409481595
-0.14073776194322,-1.4749057182438,15.2399400952671,-0.241385304612329,-23.054332848747,0.297336747743378,-0.597851417968388
-0.140400282529485,-1.47915503358318,15.2391481443495,-0.25577968534562,-23.0780114295936,0.259623306616102,-0.60695396611991
-0.139831049461374,-1.48368967757477,15.2374723798665,-0.269506229779228,-23.1013201505706,0.221030407055061,-0.604014675003447
-0.139033842476041,-1.48850042789664,15.2349958217521,-0.282518987133924,-23.1242359069798,0.181663571438748,-0.589108866256526
-0.138011967077972,-1.49357765440577,15.231792841686,-0.294776045203043,-23.1467235276659,0.141650705944398,-0.5626007143283
-0.136768742808967,-1.49891105097757,15.2279314638339,-0.306239932820609,-23.1687417063922,0.101145680173433,-0.525146454562025
-0.135307930425816,-1.50448927905798,15.2234757599591,-0.316878388709235,-23.1902506329209,0.0603298617415913,-0.477695550116796
-0.13363404107698,-1.51029959487226,15.2184877453352,-0.32666532929925,-23.211220272442,0.0194104553645832,-0.421486189889056
-0.131752481932678,-1.51632755610006,15.2130282903218,-0.33558176590512,-23.2316379020237,-0.0213852117506246,-0.358030389209181
-0.129669513756523,-1.52255690821531,15.2071567620269,-0.343616382088327,-23.251513389862,-0.0618195689734742,-0.289083858216897
-0.127392028891644,-1.52896972444568,15.2009294072135,-0.350765513705737,-23.270880965153,-0.101657843111852,-0.216597328419235
-0.124927198680328,-1.53554681416845,15.1943968327003,-0.357032394264908,-23.2897969311671,-0.140682109633391,-0.142649395888028
-0.122282074266269,-1.54226833753012,15.187601222858,-0.362425717136759,-23.308333767634,-0.178703515660791,-0.069365414081699
-0.119463238187104,-1.54911449848919,15.1805740341175,-0.366957763771068,-23.3265719999175,-0.215570020008692,0.00116906899780971
-0.116476587593211,-1.55606616372224,15.1733347676403,-0.370642475976478,-23.3445916998287,-0.251168084142192,0.0669901376406036
-0.113327288254374,-1.56310528277505,15.1658910971048,-0.373493854379515,-23.3624653380106,-0.285418312835309,0.126323768109852
-0.110019889757489,-1.57021505088415,15.1582402602474,-0.375524949058934,-23.3802530496452,-0.318266439482043,0.177635416668433
-0.106558555360408,-1.57737983008594,15.1503713511928,-0.376747526118927,-23.3980005339239,-0.349671795164968,0.21966025199223
-0.102947345680384,-1.5845848987967,15.1422680468179,-0.37717231995212,-23.4157391171173,-0.379595405066643,0.251416873531875
-0.0991905018249095,-1.59181612294583,15.1339113468295,-0.376809665460628,-23.4334871468527,-0.407989359823799,0.27220917883959
-0.0952926920653956,-1.59905963625478,15.1252820375787,-0.375670266598147,-23.4512518497186,-0.434788468097645,0.281621252582068
-0.0912592056336753,-1.60630159519554,15.1163627303501,-0.373765881575012,-23.4690309679868,-0.459904668329304,0.27950923835408
-0.0870960914400357,-1.61352804695173,15.1071394305058,-0.371109770238349,-23.4868137681804,-0.483224375011662,0.26599275422171
-0.0828102453380351,-1.62072492383997,15.0976026465721,-0.367716828851938,-23.5045812930671,-0.50460882322999,0.241446913300334
-0.0784094487505237,-1.62787815771786,15.0877480567837,-0.363603417682026,-23.5223059618387,-0.523897459362473,0.206494702396553
-0.0739023571650812,-1.63497389263099,15.0775767353192,-0.35878695569269,-23.5399507950539,-0.540914385628875,0.161998475441869
-0.0692984331216314,-1.64199876190845,15.067094926843,-0.353285405573358,-23.557468648756,-0.555477700867281,0.109048696813855
-0.0646078191263336,-1.64894018677108,15.0563133696172,-0.347116799564817,-23.5748018827136,-0.567411257160511,0.0489479342081138
-0.059841152375699,-1.65578664779538,15.0452462148002,-0.340298951850283,-23.5918828557835,-0.576557883405564,-0.016811615546708
-0.0550093351765319,-1.66252788060773,15.0339096694604,-0.33284946959016,-23.6086355315914,-0.582792633981137,-0.0865780798598351
-0.0501232885224122,-1.6691549550176,15.0223205806679,-0.324786113343148,-23.6249782968196,-0.586034265219893,-0.158577400966108
-0.045193726379416,-1.67566021321081,15.0104952443895,-0.316127479477305,-23.640827867763,-0.586253101631583,-0.23095738922864
-0.040230990471551,-1.68203706621786,14.9984487328075,-0.306893900798405,-23.6561039351797,-0.583473846548521,-0.301836422889807
-0.035244977630062,-1.68827967336856,14.9861949708219,-0.297108402551971,-23.6707340299308,-0.577772677639589,-0.36935418942505
-0.0302451761393261,-1.69438255065079,14.9737476654423,-0.286797528538183,-23.6846580331415,-0.569268977917793,-0.431721529422897
-0.0252408082643271,-1.70034016395236,14.9611220335137,-0.275991872030257,-23.6978318261403,-0.558112994549756,-0.487266560318501
-0.020241058447937,-1.70614655884578,14.9483371258156,-0.264726205912665,-23.7102297590785,-0.544471325112363,-0.534474848005716
-0.0152553540606367,-1.71179506157843,14.9354184409084,-0.253039191306776,-23.7218458591931,-0.52851226391629,-0.572022389044722
-0.0102936590516869,-1.71727806244503,14.9224004688559,-0.240972731888579,-23.7326939302771,-0.510392736197218,-0.598801362507297
-0.00536673910062559,-1.72258687131404,14.9093287879964,-0.228571111529052,-23.7428068542539,-0.490247987663674,-0.613939735519109
-0.000486357477157362,-1.72771162340247,14.8962613321214,-0.215880092596405,-23.7522354621774,-0.468184610688932,-0.616816619497627
0.00433463796705775,-1.73264121491327,14.8832684387949,-0.202946156196012,-23.7610472943683,-0.444277049216875,-0.607075590600101
0.00908237483755032,-1.73736326327479,14.8704312939814,-0.189816038267482,-23.7693254431288,-0.418567515613844,-0.584637997773768
0.0137421971095746,-1.74186410994916,14.8578384546804,-0.176536660340854,-23.7771675011211,-0.391069231896766,-0.549717527537491
0.0182991093926587,-1.74612890895874,14.8455803228879,-0.163155477845095,-23.7846844659827,-0.36177297729923,-0.502836074524745
0.0227384218721319,-1.75014185920902,14.8337418245633,-0.149721174436297,-23.7919993124331,-0.330656916054899,-0.44483920154851
0.0270465504972827,-1.75388663304282,14.8223941080842,-0.136284528229905,-23.7992448709205,-0.297699454530858,-0.376907342591396
0.0312118680561027,-1.75734701651918,14.8115867045296,-0.122899182846656,-23.8065606682907,-0.262894335223105,-0.300556695524019
0.0352254408297988,-1.76050770877982,14.8013420310047,-0.10962200659581,-23.814088501978,-0.226266363269217,-0.217622272409608
0.0390814509610943,-1.76335514583225,14.7916540359195,-0.0965127585293232,-23.821966731098,-0.187885322747394,-0.13021600980779
0.0427771304623584,-1.7658781534106,14.7824919521533,-0.0836329292811743,-23.8303235578363,-0.147875198187586,-0.0406562476898728
0.0463121385352315,-1.76806823741759,14.7738086367742,-0.0710438703445351,-23.8392699002083,-0.106416220293058,0.0486287163119536
0.0496874780926682,-1.76991940862059,14.765551378852,-0.0588045851238211,-23.8488927477413,-0.0637386563782858,0.135212814587262
0.052904204937833,-1.77142758622576,14.7576721280969,-0.0469697068041356,-23.8592500358444,-0.0201092983797122,0.216784719990569
0.0559622564581283,-1.77258976652912,14.7501343740114,-0.0355881443994648,-23.870367971857,0.0241865407672146,0.291245036712711
0.0588596783450917,-1.77340321154007,14.7429152770283,-0.0247026514814319,-23.8822413707815,0.0688638071643086,0.35677747226844
0.0615923854577204,-1.77386488334299,14.7360034161855,-0.0143502701969269,-23.8948370031471,0.113653876118557,0.411890802545698
0.0641544264201386,-1.77397124864026,14.7293938533016,-0.00456335949623075,-23.9080993973705,0.158315960596422,0.455435052211547
0.0665385982262807,-1.77371846003922,14.7230826641186,0.00462919399334306,-23.9219581386291,0.202643105060643,0.486598977282296
0.0687372056971887,-1.77310282944719,14.7170627124251,0.0132009591953635,-23.9363355542981,0.246463325369771,0.504896530170134
0.070742773748477,-1.77212146339593,14.7113216185594,0.0211274038418876,-23.9511537603424,0.28963712235589,0.510148628315737
0.0725485713482651,-1.77077292374382,14.7058420086754,0.0283859209196018,-23.9663402899507,0.33205273089166,0.502464414970573
0.0741488709163244,-1.76905779707665,14.7006034847722,0.0349564293943323,-23.9818318435744,0.37362024267493,0.482224159546631
0.0755389269986208,-1.76697908177406,14.6955854181835,0.0408224252629292,-23.9975760262689,0.414265360693469,0.450064076271585
0.0767147103797669,-1.76454233067191,14.6907696090622,0.0459722713369479,-24.0135312335586,0.453923193907024,0.406861862006204
0.0776724747693092,-1.76175551432033,14.6861420098462,0.0504004465531133,-24.0296650999274,0.492532290966042,0.353720522712151
0.07840826334946,-1.75862860226703,14.6816930184142,0.054108442584732,-24.0459521159781,0.530029091757282,0.291947345958657
0.0789174764503996,-1.75517289972357,14.6774162502796,0.0571050140675327,-24.0623711198684,0.566343106857646,0.2230249379186
0.0791946134340413,-1.75140022377276,14.6733061232664,0.059405581802818,-24.0789033310483,0.601393315569337,0.14857240128151
0.0792332675213296,-1.74732204672741,14.6693549291888,0.0610307593196574,-24.0955313933604,0.635086362238442,0.0702969486680713
0.0790263928408957,-1.74294875332575,14.6655502165487,0.0620041812113198,-24.1122395611562,0.667316988106625,-0.0100611027187785
0.0785667969368654,-1.73828914418542,14.661873205084,0.0623500013333071,-24.12901479496,0.697970761621992,-0.0907847645617216
0.0778477580708432,-1.73335026498534,14.6582986327143,0.0620905211857249,-24.1458482676119,0.726928655323305,-0.170232218181767
0.0768636438008246,-1.72813756666433,14.654796023068,0.0612443701500413,-24.1627367128267,0.75407256713848,-0.246878922389827
0.0756104214570462,-1.72265533326661,14.6513320116249,0.0598255112885658,-24.1796831772629,0.779290689130683,-0.319347033467763
0.074085989954682,-1.71690726970092,14.6478731858175,0.057843144975912,-24.1966969798778,0.802481732763137,-0.386421765153608
0.0722903105250521,-1.71089713265052,14.6443888976371,0.0553024029844154,-24.2137929236725,0.823557372593527,-0.447056418149243
0.0702253543254316,-1.70462930692582,14.640853642515,0.0522056102181971,-24.2309899647083,0.842442711585643,-0.500368975937596
0.0678949098602188,-1.69810926418956,14.6372487853564,0.0485538522331745,-24.2483095991735,0.859074965080217,-0.545633417187204
0.0653043027529489,-1.69134387844196,14.6335635868709,0.0443486093418925,-24.2657742037223,0.87340083138081,-0.582268555847896
0.0624600779313045,-1.68434160307122,14.6297956037563,0.0395932740177505,-24.2834054969864,0.885373142770199,-0.609826617368215
0.0593696850738629,-1.67711253388859,14.6259505957812,0.0342944327440144,-24.301223214882,0.894947398633933,-0.627983132466867
0.0560411975046619,-1.66966839217915,14.6220420796304,0.0284628512929088,-24.3192440279803,0.902078721349687,-0.636529223595423
0.0524830840736844,-1.66202246204015,14.6180906377126,0.0221141422416317,-24.3374806840207,0.906719668719741,-0.635366947893909
0.0487040457506454,-1.6541895111318,14.6141230359056,0.015269117088616,-24.35594133105,0.908819220800438,-0.624508066670568
0.0447129223615631,-1.64618571430944,14.6101711413492,0.00795383219116213,-24.3746289655207,0.908323128407192,-0.604076339581873
0.0405186711510576,-1.63802858866527,14.6062705740387,0.000199336868146585,-24.3935409513772,0.905175681210396,-0.574313218956078
0.036130415095841,-1.62973693630046,14.6024589889081,-0.00795887338951405,-24.4126685723449,0.899322804436857,-0.535586557925372
0.0315575552463574,-1.62133078014717,14.5987738851407,-0.0164816958225567,-24.4319966100538,0.890716235528265,-0.488401676849526
0.0268099359443087,-1.61283126938313,14.5952498928677,-0.0253275389212341,-24.4515029862599,0.879318361449431,-0.433413800160458
0.0218980448729482,-1.60426052724893,14.5919156030292,-0.0344536819756187,-24.4711585627322,0.865107143110934,-0.371440499313437
0.016833220682427,-1.59564141739886,14.5887901781727,-0.0438177942876318,-24.4909272424485,0.84808044328262,-0.303472292281608
0.0116278325309618,-1.58699721698079,14.5858801696203,-0.0533794790314251,-24.5107665453996,0.828259057358001,-0.230679065346041
0.00629538956582792,-1.57835120683714,14.5831771081137,-0.0631016503015778,-24.5306288011208,0.805687879275983,-0.15440950662339
0.000850539030623187,-1.56972621499903,14.5806564481021,-0.0729515198985496,-24.5504630072709,0.780434924277588,-0.0761805463794755
-0.00469107636713694,-1.56114417550019,14.5782782559428,-0.0829009813218751,-24.5702172527098,0.75258834841206,0.00234580894163949
-0.0103131075708188,-1.55262577798891,14.575989655719,-0.0929262522088188,-24.5898414436665,0.722252055668719,0.0793996626654717
-0.0159989081893302,-1.54419027744659,14.5737285785372,-0.103006769868778,-24.6092899751588,0.689540818571431,0.153153798955962
-0.0217320053542482,-1.53585550431748,14.5714279853065,-0.113123497263994,-24.6285240108394,0.654575935772129,0.221784536576045
-0.027496556078734,-1.52763806996475,14.569019622947,-0.123256937292731,-24.647513171094,0.617482265417031,0.283537666685133
-0.0332777162105393,-1.51955371458652,14.5664365959017,-0.133385220302147,-24.6662366131887,0.578387091927641,0.336793365946166
-0.0390618739581889,-1.5116177102974,14.5636145005745,-0.143482600216571,-24.6846836214113,0.537420864838332,0.380124634890447
-0.04483673634344,-1.50384522076305,14.5604913863601,-0.153518585685325,-24.7028538430954,0.494719540272275,0.412345751635903
-0.0505912905874681,-1.4962515305623,14.5570071819385,-0.163457791012976,-24.7207572089738,0.45042811371868,0.432549667470633
-0.0563156822201536,-1.48885208471655,14.553103357066,-0.173260467243202,-24.738413422116,0.404704906035605,0.440135350473552
-0.0620010539853876,-1.48166231221104,14.5487234805283,-0.182883596179845,-24.7558507666932,0.357726147309213,0.434827252254559
-0.0676393779633997,-1.4746972412599,14.5438150482756,-0.192282400356289,-24.7731039389595,0.309690305351502,0.416689154339423
-0.0732232952589994,-1.46797094774442,14.5383325688011,-0.201412119928455,-24.7902106741031,0.260821407648457,0.386133745655581
-0.0787459611282544,-1.46149591295458,14.5322414738773,-0.210229907048637,-24.8072071446911,0.211370372454075,0.343927617441576
-0.084200884459365,-1.45528240186672,14.5255220399745,-0.21869667112745,-24.8241224227148,0.161613231459521,0.291189217771699
-0.0895817522112647,-1.44933799993124,14.5181722549852,-0.226778675716159,-24.8409726719527,0.1118452709499,0.229375229864671
-0.0948822406012584,-1.44366744943493,14.5102085625628,-0.234448661476883,-24.8577560593955,0.0623706895601154,0.160249655030326
-0.100095830445908,-1.4382728876201,14.5016637627786,-0.241686287327994,-24.8744494901407,0.013488395202143,0.0858307030983226
-0.105215655956267,-1.43315450083931,14.4925820380173,-0.248477775486881,-24.8910080444063,-0.0345241717381359,0.00831415998775125
-0.110234416423275,-1.42831149132958,14.4830119214151,-0.254814813454488,-24.9073674120399,-0.0814262680872241,-0.0700222917015703
-0.115144366540624,-1.42374314980268,14.4729987007709,-0.260692957561543,-24.9234488531875,-0.127024957318386,-0.146923360333577
-0.119937379065772,-1.41944978842434,14.4625779340587,-0.266109916102446,-24.9391655748602,-0.171179734524169,-0.220255338330478
-0.124605053718698,-1.41543333668115,14.451771350042,-0.27106410116961,-24.9544291760074,-0.213799918804048,-0.288087662511016
-0.129138837743242,-1.41169751272669,14.4405856250586,-0.275553726282687,-24.969155045014,-0.254835808749405,-0.348749288926754
-0.133530127256371,-1.40824760411874,14.4290137229444,-0.27957654867545,-24.9832661235123,-0.294265775015495,-0.400858663919187
-0.137770329977536,-1.40508997630195,14.4170379558307,-0.283130190356234,-24.9966950149958,-0.332081779618478,-0.4433312026308
-0.14185088214592,-1.40223145764691,14.4046337608773,-0.286212870324485,-25.0093848114152,-0.368275411790886,-0.475370804856216
-0.145763222011878,-1.39967873476399,14.3917733156151,-0.288824351806896,-25.0212891719465,-0.402825807002146,-0.496452214299778
-0.149498728571141,-1.39743785344556,14.3784283852072,-0.290966930636246,-25.0323721566495,-0.435690127204303,-0.506299840204739
-0.153048638356046,-1.39551387905631,14.3645720834029,-0.292646333040215,-25.042608175784,-0.4667968195687,-0.504866894998234
-0.156403957880656,-1.39391073414514,14.3501794725618,-0.29387243382722,-25.0519822439673,-0.496041680249138,-0.492317022384103
-0.159555393741837,-1.39263120602277,14.3352271031576,-0.294659734057287,-25.0604905654576,-0.523286743154705,-0.469009163134169
-0.162493326122134,-1.39167709992317,14.3196917114573,-0.295027552871214,-25.0681413462673,-0.548362084967627,-0.435485339902026
-0.165207852475214,-1.39104950120212,14.3035483709814,-0.294999897756453,-25.0749556360273,-0.571070674525874,-0.39246033474007
-0.16768892387905,-1.39074910127212,14.2867684378625,-0.294604989647065,-25.0809679477359,-0.59119630761427,-0.340811866049475
-0.169926585866656,-1.3907765356178,14.2693176451282,-0.293874443017209,-25.0862263917368,-0.608514419624544,-0.281569869963443
-0.171911319334657,-1.39113267897162,14.2511546831727,-0.292842140391539,-25.0907920962022,-0.622805182895011,-0.215903824235439
-0.173634458978375,-1.39181884344749,14.2322305522917,-0.291542892402551,-25.094737770155,-0.633867867705127,-0.145107595390074
-0.175088647886926,-1.39283683621506,14.2124888807567,-0.290011021390569,-25.0981453761144,-0.641535066168287,-0.0705817357176325
-0.176268271458529,-1.3941888546236,14.1918672768384,-0.288279035169295,-25.1011030022561,-0.645685158975409,0.00618661810412934
-0.177169809438056,-1.39587722081288,14.1702996532189,-0.286376563654742,-25.1037011468555,-0.646251477198788,0.0836460562508809
-0.17779204964954,-1.3979039865607,14.1477193302282,-0.284329701846352,-25.1060287194633,-0.643226944559964,0.160205379452058
-0.178136124809788,-1.40027046200514,14.1240626168888,-0.282160847197372,-25.1081691161905,-0.636663571897093,0.23426031124642
-0.178205358632585,-1.40297673915507,14.0992724865294,-0.279889041073793,-25.1101967262839,-0.62666685963877,0.304222393522534
-0.178004939398637,-1.40602128265037,14.0733019350166,-0.277530744085984,-25.1121741780155,-0.613385865643593,0.368549691366315
-0.17754146435456,-1.40940065417734,14.0461166219409,-0.275100900226891,-25.1141505366315,-0.597000193991681,0.425778428375622
-0.176822422891081,-1.41310940741017,14.0176964974555,-0.272614107905121,-25.1161605419728,-0.577705511205517,0.474554408056419
-0.175855686849462,-1.41714016598181,13.9880362418235,-0.270085702196982,-25.1182248366947,-0.555699148286676,0.513662923534889
-0.174649075717037,-1.42148385294648,13.9571445502665,-0.267532592086137,-25.1203510022586,-0.531167203982223,0.542056462762099
-0.173210034689151,-1.42613002401703,13.9250424463655,-0.264973738025243,-25.1225351250949,-0.504274077023925,0.558879889655734
-0.171545447874991,-1.43106722614592,13.8917609942595,-0.262430226596095,-25.1247635452971,-0.475155036762694,0.563493911668129
-0.169661572142193,-1.43628331229805,13.857338844074,-0.259924933398964,-25.1270144431207,-0.443911985689461,0.555497716270226
-0.167564068572444,-1.44176563587572,13.8218201192231,-0.257481807469123,-25.1292589461415,-0.410612491459783,0.534752304168293
-0.165258086464742,-1.44750107617361,13.78525309393,-0.255124812368112,-25.131461553847,-0.375292068795315,0.501405198350735
-0.16274835926175,-1.45347586053946,13.7476900299423,-0.252876579659029,-25.1335798250641,-0.337959890210621,0.45591671282072
-0.160039267322172,-1.45967519152794,13.7091883262582,-0.250756848300943,-25.1355635154452,-0.298608157345915,0.399086071635932
-0.157134835333141,-1.4660827295763,13.6698128496146,-0.248780821875117,-25.1373536314612,-0.257225316498925,0.332073736706004
-0.154038644329009,-1.47268004218828,13.6296389205262,-0.246957654446079,-25.1388821608,-0.21381278323004,0.256413534040783
-0.150753663700933,-1.47944618322129,13.5887550367702,-0.245289365312358,-25.1400734062818,-0.168403852842182,0.174005875599878
-0.147282038207101,-1.48635759251477,13.5472641608219,-0.243770523321899,-25.1408477329059,-0.121082105197989,0.087082500063392
-0.143624895577982,-1.49338846967278,13.5052824939413,-0.242388971060383,-25.1411279865192,-0.0719954504813809,-0.00186433281368786
-0.139782254864544,-1.50051166011065,13.4629352398135,-0.241127636280058,-25.1408478980668,-0.021361830127449,-0.0901884160704102
-0.135753100265974,-1.50769991990069,13.4203498278206,-0.23996714483907,-25.1399607802629,0.0305358664140951,-0.175222202646597
-0.131535636909904,-1.51492727303349,13.3776480213839,-0.238888644058614,-25.1384462939345,0.0833651183084072,-0.254416774856239
-0.127127683405678,-1.52217012606396,13.3349387733181,-0.237876135401442,-25.1363134104966,0.136765624687466,-0.325467493747624
-0.122527112264462,-1.52940789419288,13.2923133569014,-0.236917774081899,-25.1335988370649,0.190372285535675,-0.386408551930082
-0.117732246663999,-1.53662306989834,13.2498434059118,-0.236005938058047,-25.1303615356108,0.243834381701283,-0.435669761826626
-0.112742157526044,-1.54380083591519,13.2075815342763,-0.235136222405592,-25.1266749183839,0.296828110345271,-0.472098913283926
-0.107556856262786,-1.55092841741423,13.165563589013,-0.234305735389052,-25.1226185391634,0.349062058055149,-0.494958945478791
-0.102177420140823,-1.55799437130325,13.1238114405403,-0.23351112465508,-25.1182707401636,0.400276935432069,-0.503910218406298
-0.0966061049219236,-1.56498795580828,13.082335412833,-0.232746699628366,-25.1137030797608,0.450241625205519,-0.498985938372799
-0.0908464918898724,-1.57189865316816,13.0411358132842,-0.232002916385249,-25.1089767471547,0.498747526050886,-0.480565362166184
-0.0849036903883626,-1.57871586121693,13.0002033974046,-0.231265405667409,-25.1041407228915,0.545602704825099,-0.449346202563809
-0.078784582504564,-1.58542873614695,12.9595189274653,-0.230514665343429,-25.0992312074527,0.590626832217939,-0.406315342421792
-0.072498063772644,-1.59202615596237,12.9190522297583,-0.229726488034154,-25.0942717910178,0.633647449422887,-0.352715734496194
-0.0660552126455281,-1.59849677357332,12.8787612998379,-0.228873126741657,-25.0892739315639,0.674497837704096,-0.290007257285739
-0.0594693201148768,-1.60482913180495,12.8385920173225,-0.2279251023696,-25.0842374908498,0.713016591969717,-0.219820253693401
-0.0527557325267702,-1.6110118146998,12.798478887374,-0.226853438549956,-25.0791512816386,0.749048853705137,-0.143902240614214
-0.0459315007467949,-1.61703360933538,12.7583469406952,-0.225632007105745,-25.0739937325148,0.782448977115696,-0.0640603138763618
-0.0390148751448686,-1.62288365246011,12.7181145733392,-0.224239626646624,-25.068733824709,0.81308418773059,0.0178966047589008
-0.0320247223626979,-1.62855153965665,12.6776968125368,-0.222661604052173,-25.0633323911682,0.840838605388452,0.100210934857875
-0.0249799542552254,-1.63402738262909,12.637008365209,-0.22089053489935,-25.0577437382241,0.865616921971916,0.181220913155135
-0.0178990490985625,-1.6393018111989,12.5959658825508,-0.218926342952446,-25.0519174287921,0.88734709706964,0.259393849232177
-0.0107997168053409,-1.64436592716871,12.5544891106045,-0.216775686843825,-25.0458000124065,0.90598164316144,0.333347540640942
-0.00369872498264914,-1.64921122390957,12.5125008904698,-0.214450953304869,-25.0393365168315,0.921497344324032,0.401860860174095
0.00338812823080523,-1.65382948739984,12.4699262207444,-0.211969078705253,-25.0324716021624,0.933893514859614,0.463875555641136
0.0104459296623879,-1.65821269190266,12.4266907403096,-0.20935040508659,-25.0251503777696,0.943189097083816,0.518491696001744
0.0174605000075596,-1.66235289887614,12.3827190250288,-0.206617708819008,-25.0173189598274,0.949419005972694,0.564959136354703
0.0244182220458302,-1.66624216336262,12.3379330469678,-0.203795464989638,-25.0089248874469,0.952630161769343,0.602667081979383
0.0313058889513474,-1.66987244940199,12.2922510606802,-0.200909346763453,-24.9999175212276,0.952877627357029,0.631133464085041
0.0381106053424499,-1.67323555572837,12.24558709351,-0.19798591583153,-24.9902485311798,0.950221204888126,0.649995477138151
0.0448197647870367,-1.67632305554,12.1978511483897,-0.195052440072897,-24.9798725545447,0.944722763465378,0.659002304778493
0.0514211187832028,-1.67912625857081,12.1489501853961,-0.192136773737237,-24.9687480764493,0.936444470075411,0.658010751361409
0.057902943917667,-1.68163620991074,12.0987899298518,-0.189267249475564,-24.956838561948,0.925447991391182,0.646984209946944
0.0642543051902934,-1.68384374665172,12.0472775484915,-0.186472554100515,-24.9441138462313,0.911794625444902,0.625995113696694
0.0704654033139478,-1.68573963933571,11.9943252261552,-0.183781586255367,-24.9305517682428,0.89554621795749,0.595230746121845
0.0765279811695245,-1.68731484836771,11.9398546463597,-0.181223319450705,-24.9161400081738,0.876766625868633,0.555002025944681
0.0824357492798583,-1.68856092353739,11.8838023138619,-0.178826713745346,-24.9008780584284,0.85552342113459,0.505754630189279
0.0881847732462423,-1.68947056459565,11.8261255445365,-0.176620729112996,-24.8847792194318,0.831889491896646,0.44808155143209
0.0937737507318075,-1.69003834032793,11.7668087884856,-0.174634489349582,-24.867872469073,0.805944208547179,0.382735880078156
0.099204096864096,-1.69026153172426,11.7058697639767,-0.172897623836998,-24.8502040150309,0.777773881618339,0.310642215524693
0.104479761646701,-1.6901410242917,11.6433647049835,-0.171440775063366,-24.8318383164963,0.747471344095813,0.232904642145241
0.109606727728065,-1.68968213269087,11.5793919289086,-0.170296206010338,-24.8128583728672,0.715134630004139,0.150808737442607
0.114592184932943,-1.6888952104103,11.5140929877722,-0.169498382518247,-24.7933651347963,0.680864873822709,0.0658148175123452
0.119443445384316,-1.68779589472799,11.4476509319227,-0.169084357135677,-24.7734759965819,0.644763702488013,-0.0204601035218562
0.124166734898178,-1.68640487558748,11.3802856828265,-0.169093761414526,-24.7533224525138,0.606930505195421,-0.106273073687337
0.128766049075721,-1.68474715866674,11.3122470871025,-0.16956823991719,-24.7330471001159,0.56746002853504,-0.189798159961446
0.133242271227373,-1.68285089962551,11.243806726324,-0.170550235406242,-24.7128002050801,0.526440732741028,-0.269178690910528
0.137592702181985,-1.68074598373527,11.1752497890708,-0.17208114693425,-24.6927359907995,0.483954261225711,-0.342583887649885
0.141811060254091,-1.67846257548856,11.1068681556434,-0.174199000986945,-24.6730087084411,0.440076250838534,-0.408264267205123
0.145887905265723,-1.67602984777227,11.0389553392372,-0.176935868095925,-24.6537684446584,0.394878606026523,-0.464601172945036
0.149811359049722,-1.67347502857604,10.9718032448143,-0.180315304195808,-24.635156594962,0.348433320056626,-0.510148091828334
0.153567958420114,-1.67082280810702,10.9057000822894,-0.184350100207144,-24.6173010096669,0.300817960825816,-0.543664198403165
0.157143484096822,-1.66809506523112,10.8409283836824,-0.189040602590122,-24.6003110070476,0.252122982140379,-0.564142872022352
0.16052364368321,-1.6653108200158,10.7777620029536,-0.194373839948627,-24.5842727167786,0.202460958206939,-0.57083913431105
0.163694530365195,-1.66248630099911,10.7164612109535,-0.200323659532359,-24.5692455123679,0.151977542931183,-0.563299860371587
0.16664282274853,-1.65963502236366,10.6572654763001,-0.206852024826062,-24.5552605255952,0.10086333717998,-0.541399293564956
0.169355736994924,-1.65676778814339,10.6003841690542,-0.213911516940898,-24.5423222754748,0.0493649160825164,-0.505379888820227
0.171820797270734,-1.6538925773469,10.5459861429809,-0.221448884720951,-24.5304141310213,-0.00220779109483953,-0.455894939935151
0.174025552334031,-1.65101432034004,10.4941898086842,-0.229409198096254,-24.5195075457922,-0.0534813489666522,-0.394045019913665
0.175957416176174,-1.6481346540999,10.4450557142394,-0.237739839018017,-24.5095738144608,-0.104029329082357,-0.321395962277515
0.177603810889177,-1.64525182211664,10.3985835898491,-0.246393358280836,-24.500595861927,-0.153395239920211,-0.239963850040723
0.178952708812637,-1.64236091985589,10.3547151416767,-0.255328320123586,-24.4925769141222,-0.201126271315589,-0.152155042573177
0.179993511282819,-1.63945462905696,10.3133426591379,-0.264507751522759,-24.4855434115311,-0.246812119486609,-0.060658167939791
0.180718032417106,-1.63652442669722,10.2743220712008,-0.27389559450784,-24.4795412907971,-0.290120202454649,0.0317015016707633
0.181121273256271,-1.63356205968974,10.2374880000002,-0.283452276143811,-24.4746270518049,-0.330818717626412,0.122122737171633
0.18120173680004,-1.63056095195082,10.202668065363,-0.293130787890314,-24.4708566825893,-0.368782638277667,0.207977144562907
0.180961208934517,-1.62751722691773,10.1696942723567,-0.30287437197049,-24.468275738731,-0.40398310370369,0.286924576562263
0.180404117995217,-1.62443017000612,10.1384104143025,-0.312616260114763,-24.4669127836421,-0.436465088758008,0.356985331023002
0.17953668769625,-1.62130213568503,10.1086755462477,-0.32228124782463,-24.4667768006273,-0.466319970691065,0.416570787612282
0.178366102323909,-1.61813804128638,10.0803643464196,-0.331788488629807,-24.4678578888051,-0.493658824517318,0.464481520820855
0.176899826450776,-1.61494464405487,10.053365500323,-0.341054786605183,-24.4701299513213,-0.518590065662157,0.499884018540882
0.175145140706546,-1.61172978398108,10.0275791828605,-0.349997799338005,-24.4735540622496,-0.541202901507772,0.522276408604308
0.173108874379785,-1.6085017202218,10.0029144760802,-0.358538749760406,-24.4780815521714,-0.561556409902088,0.531450636531219
0.170797292973051,-1.60526863007457,9.97928723762382,-0.366604474934517,-24.4836562338473,-0.579673429391085,0.527456603451603
0.168216073514952,-1.60203828945618,9.9566186761508,-0.374128743582424,-24.4902155823356,-0.595538184112941,0.510570738929321
0.16537033243337,-1.598817924148,9.93483465267281,-0.381052909855692,-24.4976908760984,-0.609096965569942,0.481270871522438
0.162264667719342,-1.59561420564524,9.91386560989375,-0.387325947119052,-24.5060065084555,-0.620261361294595,0.440216976280032
0.158903219501487,-1.59243336084462,9.89364691804955,-0.392903981081498,-24.5150787089571,-0.628914020410542,0.388237702146249
0.15528974745875,-1.58928136564506,9.8741194127979,-0.397749382307988,-24.5248140193403,-0.634916937531885,0.326321065322628
0.151427748869264,-1.58616419241506,9.85522987138474,-0.401829542905477,-24.5351078675122,-0.638122372732945,0.255608200718202
0.147320628549414,-1.58308808170182,9.83693121415814,-0.405115442191669,-24.5458436370342,-0.63838618109669,0.177388311391601
0.142971932183352,-1.58005980538005,9.81918225535396,-0.407580165341703,-24.5568926113749,-0.635582981448142,0.0930931523100565
0.138385636649554,-1.57708688598102,9.80194690525434,-0.409197557728893,-24.5681151323107,-0.629621999602404,0.00428906833947725
0.133566476115809,-1.57417773511966,9.7851928128466,-0.40994122595496,-24.5793631915687,-0.620461878389689,-0.0873354365008312
0.128520266752463,-1.57134167680669,9.76888953935449,-0.409784086981409,-24.5904844799007,-0.608122351903053,-0.179988565727342
0.12325418277079,-1.56858883188496,9.75300645301199,-0.408698611455723,-24.6013276556102,-0.592690667023728,-0.271801998089356
0.117776936601557,-1.56592985941869,9.73751061565298,-0.406657804051229,-24.6117483129562,-0.574321169849402,-0.360865885301556
0.11209882660255,-1.56337557836524,9.72236497358205,-0.403636820482584,-24.6216149088361,-0.553227539952779,-0.445270725355487
0.106231635979149,-1.56093652117771,9.70752714688711,-0.399614979737912,-24.6308138292258,-0.529668530016433,-0.523152968512945
0.100188391001352,-1.55862248968588,9.69294902616534,-0.394577839029182,-24.6392528974867,-0.503929322318941,-0.592740062441583
0.0939830079944127,-1.55644218353507,9.67857724814948,-0.388518994505658,-24.6468629270289,-0.476301310695135,-0.65239074421557
0.0876298711243308,-1.55440295088801,9.66435446643336,-0.38144135277679,-24.6535973114046,-0.4470630377821,-0.70062780821328
0.081143386251483,-1.55251067664074,9.65022119401427,-0.373357755796392,-24.6594300105038,-0.416464285880793,-0.73616283294688
0.0745375527179006,-1.55076978831613,9.63611789168499,-0.364290976629077,-24.6643525384903,-0.384714286390725,-0.757914590840755
0.0678255916059554,-1.54918333524735,9.62198690088893,-0.354273197438917,-24.6683706565819,-0.351974087933042,-0.765024468502128
0.0610196709148828,-1.5477530888834,9.6077737479956,-0.34334511611618,-24.671501438603,-0.31835257807809,-0.756872925142171
0.0541307774703003,-1.54647962118106,9.59342725937757,-0.331554812985063,-24.6737712440836,-0.283905579903642,-0.733100868537737
0.0471688001813483,-1.54536234007082,9.57889783066895,-0.318956469105626,-24.6752149245847,-0.248637791302916,-0.693639004324841
0.0401429018329351,-1.5443994905525,9.56413314672577,-0.305608988769206,-24.6758762969356,-0.212507953725562,-0.638746734598979
0.0330622535325606,-1.5435881605261,9.54907076918497,-0.291574564134693,-24.6758095195372,-0.175438295496319,-0.569059847525364
0.0259371684236367,-1.54292435405101,9.53362746707537,-0.276917242009876,-24.6750805014951,-0.137329643817815,-0.485642627891044
0.0187805810242073,-1.54240320124709,9.51768612564254,-0.261701609887189,-24.6737669398507,-0.098083170706606,-0.390034817161897
0.0116096728018119,-1.54201935280703,9.50108253777868,-0.245991789947155,-24.6719552536489,-0.0576280850525086,-0.284277649619208
0.00444727958641025,-1.54176755359743,9.4835959952647,-0.229850971260531,-24.6697329639415,-0.0159516722256845,-0.170898515725924
-0.00267737773524744,-1.54164331653457,9.46494847729437,-0.213341661884716,-24.6671763438649,0.0268751650833215,-0.0528353865289794
-0.00972900774859616,-1.54164355815223,9.44481627476336,-0.196526669864926,-24.6643353956222,0.070685271856397,0.0667054361093403
-0.0166676633192252,-1.54176705350263,9.42285464692536,-0.17947055851516,-24.6612205223637,0.115221712696306,0.184442522767463
-0.0234509032812009,-1.54201463518956,9.39873170706246,-0.162241091219465,-24.657796134123,0.16016347562603,0.297226211804338
-0.0300360932435684,-1.54238916503171,9.3721645514324,-0.144910121577758,-24.6539848022807,0.205163515972584,0.402215184793128
-0.0363823014640573,-1.54289538154193,9.34295048309381,-0.127553546152253,-24.6496820049384,0.249888362586235,0.496992085700331
-0.0424515539512056,-1.54353973095546,9.31098872608949,-0.110250235811752,-24.6447779161431,0.294049604277519,0.579611856223568
-0.0482095379503733,-1.5443302354526,9.27629133980398,-0.0930801540800219,-24.6391808617396,0.337422093455305,0.648596787907988
-0.053626009456473,-1.5452763839803,9.23898436217735,-0.0761220492382595,-24.6328374003991,0.379848623322839,0.702900515789866
-0.0586751458949916,-1.54638898783623,9.1993010310291,-0.0594511411124895,-24.625745687975,0.421234082369395,0.741860948587941
-0.0633359696669052,-1.54767993922,9.15756877226391,-0.043137142323619,-24.6179607759502,0.461533256604511,0.76515537321083
-0.0675928439833119,-1.54916183862269,9.11419125601443,-0.0272428095934107,-24.6095921107246,0.500736124108406,0.772764326440415
-0.0714359643026974,-1.55084749748915,9.06962665982023,-0.0118230675294569,-24.6007945476436,0.538853436049946,0.764946019863151
-0.0748617503073733,-1.55274935461937,9.02436339181454,0.00307537196394238,-24.5917547374713,0.575904180212924,0.742220151565983
-0.0778730660804025,-1.55487885508738,8.97889472797586,0.0174140246089099,-24.5826749153283,0.611905495494702,0.705358081009318
-0.0804792309616034,-1.5572458264448,8.93369392639743,0.0311623933823424,-24.5737560552964,0.646864918521888,0.655375254528894
-0.0826958031265976,-1.55985786207403,8.88919135179319,0.0442975023153482,-24.565182165223,0.680774534008683,0.593521096778684
-0.0845441158993637,-1.5627197042281,8.84575504326139,0.0568031364489395,-24.5571072632567,0.713606653402471,0.521261587553961
-0.0860505342070472,-1.56583262683417,8.8036760365841,0.0686686547224986,-24.5496462968411,0.745310938721083,0.44025052066707
-0.0872454018177683,-1.56919385118943,8.76315955394586,0.0798872659507498,-24.542870860217,0.775813264410728,0.352287385555776
-0.0881616850550814,-1.5727960730072,8.72432276721843,0.0904537720400831,-24.5368099599309,0.805016822573764,0.259262579658622
-0.0888333893954839,-1.57662720686822,8.6871991462499,0.100361976544219,-24.5314553012032,0.832805916958009,0.163093974593228
-0.0892938998339945,-1.58067044572996,8.65174851511389,0.109602117498052,-24.5267698021976,0.859052429216152,0.065661291128726
-0.0895744473016783,-1.58490467764684,8.61787110838859,0.118158782414753,-24.5226975543338,0.883624360116646,-0.0312541956256639
-0.0897028923324818,-1.58930522651598,8.58542344448528,0.12600967473532,-24.5191734184219,0.906395197600149,-0.126018288036897
-0.0897029594864704,-1.5938448095637,8.55423385493227,0.133125456702344,-24.5161308682657,0.927252683838621,-0.217176997752126
-0.0895939579867926,-1.59849456914319,8.52411598446345,0.139470622697522,-24.5135073647464,0.946105573542878,-0.303473435483345
-0.0893909400647237,-1.60322503730601,8.49487928009438,0.145005209034631,-24.5112472022898,0.962887563067081,-0.383850283896681
-0.0891051845052793,-1.60800692902546,8.46633619161842,0.149686994945194,-24.5093022325789,0.977558067216014,-0.457441057866235
-0.0887448742377694,-1.61281170861366,8.43830633879093,0.153473873455932,-24.5076310770793,0.990100167187786,-0.523553906553713
-0.0883158439022227,-1.61761192138163,8.41061820959695,0.156326102607454,-24.5061974443966,1.00051635816121,-0.58165132839743
-0.087822302411667,-1.62238131680037,8.38310906291303,0.158208257362711,-24.5049680538045,1.00882292271823,-0.631328653867253
-0.0872674683880355,-1.62709480804504,8.35562367994503,0.159090789556907,-24.5039105166915,1.01504371751484,-0.672293445990759
-0.0866540869147413,-1.63172831795016,8.32801250841162,0.158951182939689,-24.5029913907655,1.01920404004569,-0.704347397082959
-0.0859848188037928,-1.63625855739183,8.30012962274048,0.157774739630194,-24.502174520941,1.0213250717215,-0.727371819233153
-0.0852625076973667,-1.64066277331134,8.27183081470071,0.155555055327508,-24.5014197195155,1.02141922577773,-0.74131743655448
-0.084490337131207,-1.64491849399013,8.24297204926229,0.152294243636871,-24.5006818106588,1.01948659833665,-0.746198906195445
-0.0836718906476808,-1.64900329026543,8.2134084732186,0.148002952998702,-24.4999100635294,1.01551261895802,-0.742094229340625
-0.0828111256582857,-1.65289456465805,8.18299414792699,0.14270019703766,-24.4990480556096,1.00946693139492,-0.729148989251087
-0.0819122677095702,-1.65656937581162,8.15158268593512,0.136412993379377,-24.4980340366333,1.00130348744125,-0.707585115079985
-0.0809796276742721,-1.66000430278271,8.11902899608969,0.129175781821816,-24.4968018975779,0.990961791393956,-0.67771358133567
-0.0800173416824218,-1.6631753525774,8.08519237467471,0.121029577999043,-24.4952828818378,0.978369182370865,-0.639950109467499
-0.0790290335587474,-1.66605791480235,8.04994121059287,0.112020817728893,-24.4934081993671,0.963443979259518,-0.594832520474228
-0.0780174033730333,-1.66862676980136,8.01315958594458,0.102199865078782,-24.4911127089064,0.946099241927379,-0.543037902076122
-0.0769837545791719,-1.67085616233262,7.97475602658819,0.0916191985722334,-24.4883398034843,0.926246840278511,-0.485397246854627
-0.0759274868476107,-1.67271996328473,7.9346745520176,0.0803313563908212,-24.4850475497231,0.903801501439824,-0.422904779051035
-0.0748456017005493,-1.67419195666412,7.89290792807734,0.0683868027252891,-24.481215967013,0.878684550019163,-0.356718917916877
-0.0737322917777975,-1.67524630660731,7.84951255965965,0.0558319626735727,-24.4768550625842,0.850827202272762,-0.288151953459603
-0.0725787074225852,-1.67585827098915,7.80462369907125,0.0427077341947734,-24.4720128533769,0.820173506393356,-0.218646235407133
-0.0713730082287126,-1.67600521918172,7.75846859630271,0.0290487918823565,-24.466782139169,0.786683267171946,-0.149736182776514
-0.0701008007648264,-1.67566796616254,7.71137408803531,0.0148839316109348,-24.4613043579616,0.750335454683693,-0.0829977465380611
-0.0687460229433576,-1.67483233982961,7.66376442360435,0.000237550821772917,-24.4557686763911,0.711132505484638,-0.0199896169456524
-0.0672922526686962,-1.67349076964866,7.61614561653625,-0.0148678538595922,-24.4504048292121,0.669105548464778,0.0378073915647237
-0.065724301421294,-1.67164356764694,7.56907491766661,-0.0304085225484406,-24.4454693227591,0.624319994608061,0.0890458641281431
-0.0640298371341598,-1.66929954148611,7.52311799286291,-0.0463561308485328,-24.4412263335764,0.576880422115785,0.132557041653023
-0.0622007187630002,-1.66647568438762,7.47880073659664,-0.06267494508866,-24.4379263876457,0.526933569294909,0.167384025135406
-0.0602337622154237,-1.66319591420517,7.4365652752118,-0.0793199404770896,-24.4357868535052,0.474668669423746,0.192804571793176
-0.0581307933310891,-1.65948909041735,7.39673904346864,-0.0962361708783065,-24.4349778348758,0.420315125258837,0.208346919962306
-0.0558980248957434,-1.65538670936562,7.35952199068532,-0.113359398976808,-24.4356153293368,0.364138223918211,0.213801674204768
-0.0535449459451367,-1.65092070028487,7.32499181190188,-0.130617746967782,-24.4377613396353,0.306433867878595,0.209230877081899
-0.0510829838143372,-1.64612163958984,7.29312285268729,-0.147933978821874,-24.4414289453369,0.247523068619984,0.194973269298858
-0.0485241906547748,-1.64101754125083,7.26381233257634,-0.165227995064772,-24.446589716546,0.187746408651168,0.17164324079549
-0.0458801478468335,-1.63563323884767,7.23690775553923,-0.182419181527548,-24.4531812310207,0.127458151466641,0.140120366689372
-0.0431612080723668,-1.62999028323544,7.21223097806794,-0.199428358976876,-24.4611134063017,0.0670194300274437,0.101526596765352
-0.0403761247624809,-1.62410723676157,7.18959643724201,-0.216179193044544,-24.4702733746547,0.00679009121801455,0.0571891036169424
-0.0375320560642126,-1.61800023280793,7.16882287161822,-0.232599025570866,-24.4805293501871,-0.0528807340639082,0.0085885795015265
-0.0346348748127148,-1.61168367192211,7.14973921813072,-0.248619174572416,-24.4917342162295,-0.11166462010242,-0.0427047029903665
-0.0316896719075731,-1.60517093756965,7.13218616791076,-0.26417482007644,-24.5037294362619,-0.169263152521466,-0.0951020083163833
-0.028701318228464,-1.59847503577308,7.11601513788971,-0.27920463996026,-24.5163495308579,-0.225415140964417,-0.147067367036278
-0.0256749585521654,-1.59160909447073,7.10108624758902,-0.293650374818974,-24.5294269740564,-0.27990061437053,-0.197181431669078
-0.0226163484515103,-1.58458669582448,7.08726643182349,-0.30745647892992,-24.5427971080517,-0.332541110976011,-0.244191900224806
-0.0195319986122985,-1.577422049379,7.07442826291363,-0.320569961771395,-24.5563026173382,-0.383196512449605,-0.28704716936465
-0.0164291418764348,-1.57013003793684,7.0624495760464,-0.332940457703732,-24.5697972063325,-0.431759253901869,-0.324912879234888
-0.0133155722317462,-1.56272617811871,7.05121368965412,-0.344520501451893,-24.5831483022203,-0.478147028034116,-0.357173386540235
-0.0101994171214509,-1.55522653544395,7.04060990116057,-0.355265946587706,-24.5962387751201,-0.522295087948731,-0.383421512911066
-0.00708889871166857,-1.54764762445406,7.03053396614169,-0.365136448708711,-24.6089677846845,-0.564149037333708,-0.403440223844425
-0.00399212411943112,-1.54000631283603,7.02088836579111,-0.374095939204275,-24.6212509164758,-0.603658695828007,-0.417179523483726
-0.000916926593681423,-1.53231973834726,7.01158227553607,-0.382113033621812,-24.6330197782913,-0.64077333983672,-0.424731182941245
0.00212923576184754,-1.52460523999514,7.00253123378905,-0.38916134040643,-24.6442212057843,-0.675438388641225,-0.426303208701674
0.00513932792009661,-1.51688030071245,6.99365656280545,-0.395219657233797,-24.6548161970183,-0.707593449644717,-0.422195355614346
0.00810674275550641,-1.50916249708184,6.98488461605257,-0.400272058497868,-24.6647786668969,-0.737171542968744,-0.412776531279149
0.0110252753294131,-1.50146945174034,6.97614592690956,-0.40430789002502,-24.6740940908537,-0.76409928454986,-0.398464627636805
0.0138890788736996,-1.49381878512409,6.96737432097171,-0.407321693346573,-24.682758091446,-0.788297797166952,-0.379709103198391
0.016692612789336,-1.48622806465716,6.95850603603264,-0.409313083516005,-24.690775010438,-0.809684130820344,-0.356976495819982
0.0194305903584566,-1.4787147508308,6.94947887534144,-0.410286603802602,-24.6981565011921,-0.828173002740229,-0.330738945731314
0.022097930935563,-1.47129614069013,6.94023140371495,-0.410251575937895,-24.7049201681902,-0.843678701026437,-0.301465719998731
0.0246897188836211,-1.46398930991694,6.93070218286763,-0.409221959751453,-24.7110882723692,-0.85611703075632,-0.269617647043662
0.0272011690558539,-1.45681105486621,6.9208290378047,-0.407216229205275,-24.7166865127671,-0.865407223783639,-0.235644294869634
0.0296275971248465,-1.449777835773,6.91054833709546,-0.404257267356242,-24.7217428844426,-0.87147376295269,-0.199983638536072
0.0319643923806131,-1.44290572217708,6.89979427519056,-0.400372277448047,-24.7262866044801,-0.874248090549834,-0.163063883085188
0.0342069900702267,-1.43621034100748,6.88849814508439,-0.395592705088763,-24.7303470890747,-0.87367019467841,-0.125307027898194
0.0363508408777792,-1.42970682751418,6.87658759632487,-0.389954165140516,-24.7339529582128,-0.869690068071285,-0.0871336765150318
0.038391376029279,-1.42340977889829,6.86398588134426,-0.383496368245712,-24.7371310406897,-0.862269033337976,-0.0489685173546017
0.0403239676275355,-1.41733321060957,6.85061110229802,-0.376263043342416,-24.7399053511596,-0.851380915981285,-0.0112458246667139
0.0421438853056013,-1.41149051528153,6.83637548188178,-0.368301856602387,-24.7422960146465,-0.83701303646356,0.0255857377626331
0.043846251551092,-1.40589442474871,6.82118469284636,-0.359664329713436,-24.7443181215433,-0.819166977340975,0.0610597767960348
0.0454259991401418,-1.4005569759795,6.80493729249764,-0.350405762698998,-24.7459805090057,-0.797859074025786,0.0946910770602337
0.0468778347871497,-1.39548948188983,6.78752431942037,-0.340585166834128,-24.7472844824736,-0.773120581458462,0.125977506259159
0.048196213001741,-1.39070250803083,6.76882911807452,-0.330265209367525,-24.7482225127329,-0.744997482183251,0.154405569249386
0.0493753235288062,-1.38620585521464,6.74872746330009,-0.319512165130032,-24.7487769686311,-0.713549934980751,0.179460082324584
0.050409094729587,-1.38200854617565,6.72708806038871,-0.308395859937541,-24.7489189704924,-0.67885141402007,0.200638179586701
0.0512912137674924,-1.37811881234709,6.70377349475537,-0.296989576238172,-24.7486074709542,-0.640987640961087,0.217467518386481
0.0520151642221691,-1.37454407274114,6.67864170419563,-0.285369880304286,-24.7477886863572,-0.600055485842319,0.229528173593948
0.0525742814784795,-1.37129089544624,6.65154803705918,-0.2736163178618,-24.746396008788,-0.556162049467761,0.236477276634761
0.0529618287111237,-1.36836492962815,6.62234795238981,-0.261810924988349,-24.7443505272525,-0.509424180778214,0.238075069079322
0.0531710990737645,-1.36577079855728,6.59090039954911,-0.250037508077719,-24.7415622754291,-0.459968657763313,0.234210651581325
0.0531955540168459,-1.36351194931629,6.55707189080754,-0.238380669788941,-24.7379323058155,-0.407933200188922,0.224925399816163
0.0530290109468792,-1.36159046551445,6.520741240385,-0.226924592985405,-24.7333556659493,-0.353468355319169,0.210431765898727
0.0526658943373272,-1.36000686366719,6.4818048852503,-0.21575163948818,-24.727725318709,-0.296740120506748,0.191125037195455
0.0521015609021737,-1.35875990941241,6.440182623726,-0.204940866256869,-24.7209369962502,-0.237932958320061,0.16758564805862
0.0513326998692992,-1.35784650292102,6.39582350789214,-0.194566596089304,-24.7128948917026,-0.177252655512435,0.140569924153133
0.0503577946307418,-1.35726168661316,6.34871151807371,-0.184697190319487,-24.7035179624303,-0.114928347926687,0.110987844770256
0.0491776134053696,-1.35699882049222,6.29887054681,-0.175394147231016,-24.6927464450059,-0.0512130290519647,0.0798675881841349
0.0477956798226146,-1.35704994611768,6.24636815975908,-0.166711591899184,-24.680547994941,0.0136179516007948,0.0483083030441191
0.0462186633660915,-1.35740632710693,6.19131760714123,-0.158696144336936,-24.666922722868,0.0792705412397736,0.0174244231827222
0.044456630064039,-1.35805911677623,6.13387766326787,-0.151387076854659,-24.6519063794341,0.14543747029589,-0.0117134810967869
0.0425231055174003,-1.35900007665001,6.07425007584533,-0.144816626202747,-24.6355710981483,0.211804848001547,-0.0381354105930136
0.040434923757441,-1.36022225871429,6.01267469261988,-0.139010326380761,-24.6180234370342,0.278058916960932,-0.061020477731688
0.0382118613854529,-1.36172057229614,5.9494226449032,-0.133987270476151,-24.5993998909882,0.343892055246036,-0.0797328379316932
0.035876081878985,-1.36349217908478,5.8847882308712,-0.129760273660894,-24.5798604544425,0.409007387629227,-0.0938425818093237
0.0334514360003933,-1.36553668809799,5.81908028500198,-0.126335966288581,-24.5595810810733,0.473121759081627,-0.103131329653045
0.030962678053859,-1.36785614941356,5.75261380495911,-0.12371487646676,-24.5387459520536,0.535967195162212,-0.107584090457899
0.028434662876382,-1.37045486676326,5.68570244645104,-0.121891560986433,-24.5175403397648,0.597291221544665,-0.10737013086697
0.0258915848096972,-1.37333906245384,5.61865224663742,-0.120854820144605,-24.4961446084822,0.656856504612932,-0.102816116620003
0.0233563088801923,-1.37651643404913,5.55175667324675,-0.120588000592681,-24.4747296134008,0.71444023180714,-0.0943747788063223
0.0208498288781366,-1.37999564228305,5.48529288461987,-0.121069364159855,-24.4534535141878,0.769833529218227,-0.082592011634821
0.0183908704807004,-1.3837857659308,5.41951896069394,-0.12227248730951,-24.4324598465589,0.822841070324986,-0.0680747941310483
0.0159956429141274,-1.38789575369098,5.35467182856325,-0.124166656409706,-24.4118766017201,0.873280906434305,-0.0514617575581722
0.0136777316164367,-1.39233389779051,5.29096563973414,-0.126717235275767,-24.3918160370937,0.920984463908781,-0.0333976550182568
0.011448116991169,-1.39710734939619,5.22859042921044,-0.129885997353941,-24.3723749619767,0.965796613749634,-0.0145124630707179
0.00931530004756155,-1.40222169292026,5.16771097355948,-0.133631430532488,-24.3536352903503,1.00757571174897,0.00459462165807858
0.00728551323195188,-1.40768059334079,5.10846584329936,-0.13790903317802,-24.3356647127049,1.04619352788208,0.0233664203914937
0.00536299355508087,-1.41348552765037,5.05096670342622,-0.14267162422181,-24.3185173986572,1.08153501284134,0.0412946785120983
0.0035502947528225,-1.41963560707306,4.99529794660025,-0.147869687682491,-24.3022346927523,1.11349788546338,0.0579232883616763
0.00184861605984929,-1.42612749146474,4.94151674762653,-0.153451764866251,-24.2868458032267,1.14199205371031,0.0728485986856008
0.000258127196451684,-1.4329553911739,4.88965360705945,-0.159364897792899,-24.2723685046668,1.16693890822367,0.0857176261895582
-0.00122172734177144,-1.44011114631333,4.83971341502456,-0.165555117688758,-24.2588098827385,1.18827054141294,0.0962249616526174
-0.00259195716114237,-1.44758436919986,4.79167702093541,-0.171967964400057,-24.2461671448641,1.20592895344453,0.10410909539568
-0.00385379566451127,-1.45536263336293,4.74550325017849,-0.178549017636882,-24.2344285095193,1.21986531038881,0.109148793802769
-0.00500851345465013,-1.46343169271255,4.70113127443393,-0.185244419122961,-24.223574174169,1.23003931300239,0.111160047438393
-0.00605727452659185,-1.47177571621262,4.65848322132682,-0.192001365905651,-24.2135773502141,1.23641872771566,0.109994002261432
-0.00700103169736133,-1.48037752653794,4.61746690449384,-0.198768558546794,-24.204405345412,1.23897912058506,0.105536179495216
-0.00784045641655599,-1.4892188349314,4.57797856540544,-0.205496592827092,-24.1960206704575,1.23770382165562,0.0977071884019987
-0.00857589797545186,-1.49828046818591,4.53990553981492,-0.212138289042539,-24.1883821460124,1.23258413061126,0.0864650358156497
-0.00920736804123036,-1.50754258656058,4.50312878900065,-0.218648958668687,-24.1814459874976,1.22361975942599,0.0718090372134994
-0.00973454783482772,-1.51698489341313,4.4675252645658,-0.224986613266182,-24.175166846055,1.21081948896383,0.0537852261201984
-0.0101568168419754,-1.52658683795444,4.43297010016354,-0.231112124963671,-24.1694987833626,1.1942019986565,0.0324930424157279
-0.0104733031440194,-1.53632781192124,4.39933864063719,-0.236989351034872,-24.164396154781,1.17379680878239,0.00809295049448381
-0.0106829559802212,-1.54618733907329,4.36650832570212,-0.242585237004041,-24.159814369394,1.14964525846449,-0.0191854998218849
-0.0107846405818959,-1.55614525366064,4.33436044050366,-0.247869912722562,-24.1557104880719,1.12180142866783,-0.0490358010989488
-0.0107772534765498,-1.56618186082244,4.30278172967638,-0.252816793651864,-24.1520436137307,1.09033291174303,-0.0810675771071316
-0.0106598533316877,-1.57627806899516,4.27166584780378,-0.25740269473546,-24.1487750244036,1.0553213293107,-0.114801528520944
-0.0104317985167941,-1.58641548261601,4.24091459299315,-0.261607957555395,-24.1458680026584,1.01686251662491,-0.149667214153675
-0.0100928783539497,-1.59657644379072,4.2104388495773,-0.265416582338282,-24.1432873274413,0.975066317665091,-0.185004666614578
-0.00964342199277026,-1.60674401467904,4.18015915977536,-0.268816347773901,-24.1409984176851,0.930055983012174,-0.22007076043043
-0.00908436798213155,-1.61690189848943,4.15000586018963,-0.271798894290821,-24.1389661505671,0.881967221093581,-0.25405104352994
-0.00841728032025947,-1.62703430545931,4.11991876039272,-0.274359743960065,-24.1371534178006,0.83094702373777,-0.286077390958392
-0.00764430357296069,-1.63712577953548,4.08984640302358,-0.276498234836193,-24.1355195260802,0.777152458095889,-0.315251361162335
-0.0067680599023153,-1.6471610093215,4.0597450139127,-0.278217359709396,-24.1340185880486,0.720749671334848,-0.340672584757225
-0.00579150306117485,-1.65712465080769,4.02957730749968,-0.279523519326292,-24.1325980848494,0.661913383239724,-0.36147099265164
-0.00471775560201162,-1.66700118764974,3.99931133685122,-0.280426223431164,-24.1311978097915,0.600827124175669,-0.376841299520493
-0.00354996296332043,-1.67677484715142,3.96891955726491,-0.280937795136949,-24.129749424524,0.53768440719219,-0.38607798942192
-0.0022911991156683,-1.6864295780883,3.93837820838429,-0.281073147322931,-24.1281768702331,0.472690893458918,-0.38860911035196
-0.000944452156549987,-1.69594908322199,3.90766702774602,-0.280849698891325,-24.1263978646791,0.406067426062231,-0.384027410851815
0.00048729509904081,-1.70531688832658,3.87676921319338,-0.280287478977301,-24.1243266601039,0.338053576689721,-0.372117595100748
0.00200089312550813,-1.71451642396419,3.84567147930111,-0.279409427984521,-24.1218781121618,0.268911099415012,-0.352878567214644
0.00359278710861187,-1.7235310978848,3.81436402449012,-0.278241848858316,-24.1189729005247,0.19892646209431,-0.326539356048205
0.00525875662525746,-1.73234434469491,3.78284025071154,-0.276814899495353,-24.1155434605044,0.12841150225198,-0.29356696306976
0.00699369233158224,-1.74093965301491,3.75109615305794,-0.27516296343874,-24.11153988912,0.0577013220555908,-0.254663854037324
0.00879147040518807,-1.74930058471585,3.71912940657368,-0.273324713115362,-24.1069348807606,-0.0128511257834739,-0.21075262685268
0.0106449710106092,-1.75741081027886,3.68693829390513,-0.271342707631271,-24.1017267427847,-0.0828836943514955,-0.162945997698993
0.0125462555615151,-1.76525418440048,3.65452070704725,-0.269262454204222,-24.0959398129729,-0.152036092471761,-0.112501956699021
0.0144868758002558,-1.772814875362,3.62187348837033,-0.267130992384191,-24.0896221166825,-0.21996177027728,-0.060766556343492
0.0164582494093512,-1.78007754356159,3.5889923332318,-0.264995191009889,-24.082840707936,-0.286338728014782,-0.00910952628999934
0.0184520170746315,-1.78702754657167,3.55587236661963,-0.262900028639043,-24.075675619645,-0.350877516770348,0.0411403062288574
0.0204603030992583,-1.79365113724333,3.5225093610339,-0.260887125464309,-24.0682135343564,-0.413325372225025,0.0887527380050888
0.0224758323009948,-1.79993562230745,3.48890142810446,-0.25899371346673,-24.0605421454358,-0.473466333778906,0.132641651244456
0.0244918968661048,-1.8058694589273,3.45505092943427,-0.257252108857418,-24.0527458142972,-0.531118014630839,0.171895459116922
0.0265022026449288,-1.81144228142453,3.42096633092711,-0.2556896356428,-24.0449027119408,-0.586126172796522,0.205792442031279
0.0285006450846721,-1.81664486424684,3.3866637621341,-0.254328875106796,-24.0370833026948,-0.638358332869206,0.233802835687541
0.0304810686853157,-1.82146903610825,3.35216811515322,-0.253188092401232,-24.0293498471453,-0.68769751257457,0.255580524575709
0.0324370547782601,-1.82590756455082,3.31751360208484,-0.252281708254631,-24.0217565593683,-0.734036777819925,0.270947397648452
0.0343617670056437,-1.82995402917099,3.28274376533843,-0.251620722089037,-24.0143501026896,-0.777275003844029,0.279873121287276
0.0362478678570579,-1.83360269945031,3.24791099228671,-0.251213035921606,-24.0071701953691,-0.817313951830785,0.282452613158771
0.0380875062795621,-1.83684842786377,3.21307562070374,-0.251063664854445,-24.0002501861925,-0.854056579892225,0.27888298682147
0.0398723673145519,-1.83968656557812,3.17830473813945,-0.251174845341867,-23.9936175293834,-0.887406415096691,0.269441334113896
0.0415937696567274,-1.84211290401769,3.14367077994241,-0.251546066149824,-23.9872941349114,-0.917267773555206,0.254464374113104
0.0432427952795221,-1.84412364247261,3.10925002255051,-0.252174051271282,-23.9812965969001,-0.943546616469044,0.234330731971769
0.0448104360396601,-1.84571538055756,3.07512105445747,-0.253052721971397,-23.9756363150575,-0.966151860570018,0.209446402515655
0.0462877443423654,-1.84688513275942,3.04136329006848,-0.254173159419521,-23.9703195287664,-0.984996994026246,0.180233750255278
0.0476659778676699,-1.84763036136671,3.00805557396292,-0.255523582369608,-23.9653472846258,-1.00000188281622,0.147124205598813
0.0489367318272603,-1.84794902522671,2.9752749050267,-0.25708934785905,-23.9607153579015,-1.01109469690841,0.110554648495265
0.0500920549475626,-1.84783964057818,2.94309529528997,-0.258852977754934,-23.9564141501147,-1.01821389927985,0.0709672723422102
0.0511245478884364,-1.84730135108398,2.91158676565603,-0.260794210916687,-23.9524285872667,-1.02131026090618,0.0288125544328056
0.0520274445406401,-1.84633400480854,2.88081447162078,-0.262890079877416,-23.9487380472844,-1.02034887164045,-0.0154452053233429
0.0527946771691123,-1.84493823505922,2.85083794894982,-0.265115011854289,-23.9453163513618,-1.01531110002982,-0.0613204810303812
0.0534209263127179,-1.84311554206269,2.82171047008139,-0.267440956398215,-23.9421318603407,-1.00619643782877,-0.10829809823418
0.053901655315644,-1.84086837113235,2.79347850911333,-0.269837545074572,-23.9391477239241,-0.993024130169953,-0.155824769253975
0.0542331281219286,-1.83820018213476,2.76618132361985,-0.272272291626474,-23.9363223348494,-0.975834461539463,-0.203301661718717
0.0544124073867336,-1.83511550308735,2.7398506758779,-0.274710842566693,-23.9336100401636,-0.954689531828265,-0.250079131183121
0.0544373291536414,-1.83161996001987,2.71451072806976,-0.277117287520286,-23.9309621538069,-0.929673344811816,-0.29545472772121
0.0543064504407736,-1.82772027503771,2.69017815309818,-0.279454534804639,-23.9283282966198,-0.90089104259471,-0.338675468956844
0.0540189676022689,-1.82342422583091,2.66686249935364,-0.281684750672976,-23.9256580603325,-0.868467167666471,-0.378945136280344
0.0535746063288783,-1.81874056273404,2.64456683088333,-0.283769851096261,-23.9229029527528,-0.832542920670682,-0.415436996062466
0.0529734888057228,-1.81367888478665,2.62328863057079,-0.285672025696047,-23.9200185377599,-0.793272510465137,-0.447311912434875
0.0522159883810578,-1.80824948114361,2.60302091077562,-0.287354265809838,-23.9169666442845,-0.750818826317882,-0.473741352983086
0.0513025873105627,-1.80246315030498,2.58375342425732,-0.288780867285103,-23.9137174933421,-0.705348800141895,-0.493934395335385
0.0502337568294589,-1.79633101332153,2.56547382292638,-0.289917883299416,-23.9102515888352,-0.657028921069161,-0.507167579137237
0.0490098810973982,-1.78986433974222,2.54816857771409,-0.29073351466368,-23.9065612389461,-0.606021415485768,-0.512816376832931
0.0476312461303232,-1.78307440459437,2.53182346231669,-0.291198440315132,-23.9026516144459,-0.552481591101164,-0.510387131070494
0.0460981120766833,-1.77597239342975,2.51642341842376,-0.291286106764752,-23.898541296395,-0.496556785804733,-0.499548472661259
0.0444108807796821,-1.76856936933317,2.5019516704188,-0.290973005588874,-23.8942623012016,-0.438387257806445,-0.480161330484922
0.0425703602186961,-1.76087631215437,2.48838804662689,-0.290238970068089,-23.8898595810101,-0.378109216452183,-0.452306555318322
0.0405781117094195,-1.7529042343291,2.47570660165338,-0.289067511576789,-23.8853899734624,-0.315860004139725,-0.416308760263998
0.0384368448806733,-1.74466436888281,2.46387280992929,-0.287446193254726,-23.880920516158,-0.251785168342382,-0.372754202339058
0.0361508015033431,-1.73616841252932,2.45284081591513,-0.285367004787501,-23.8765259895469,-0.186046818543868,-0.322499515104974
0.0337260485455983,-1.72742879145516,2.44255139015861,-0.28282666332197,-23.8722855172161,-0.118832222884097,-0.266667174982284
0.0311705928348913,-1.71845890272895,2.43293130537921,-0.279826736016109,-23.8682781275492,-0.0503611821287676,-0.20662338584464
0.0284942472796411,-1.70927327890154,2.42389469635167,-0.276373476259746,-23.8645773884355,0.0191094679641463,-0.143935316011992
0.0257082265378542,-1.69988763266398,2.41534655798268,-0.272477305036322,-23.8612455610876,0.0892856643533679,-0.0803077044380337
0.0228245208401196,-1.69031876513552,2.40718794358011,-0.268151951808786,-23.8583280824896,0.159840924351569,-0.0175033024719007
0.0198551657892507,-1.68058435856931,2.39932185327214,-0.26341337188056,-23.8558493986157,0.230425701399715,0.0427440960732284
0.0168115620666955,-1.67070270753142,2.39165851007898,-0.258278634315304,-23.8538110641019,0.300679694711123,0.0988131090001132
0.0137039833218679,-1.66069245811341,2.38411886214194,-0.252764986859382,-23.8521925614762,0.370244840977367,0.149264842013074
0.0105413498019709,-1.6505724168779,2.37663566744925,-0.246889243513822,-23.8509546278853,0.438776766996152,0.192893505203797
0.00733126768689978,-1.64036146567281,2.3691521795244,-0.24066753634765,-23.8500442796509,0.50595316861851,0.228756150243072
0.00408027103179608,-1.63007858724208,2.36161899985171,-0.234115373674843,-23.8494004229022,0.571478551077584,0.25618377851028
0.000794172337083195,-1.61974298040174,2.35398994678232,-0.227247887685507,-23.8489589996219,0.635085635963654,0.274777841695994
-0.0025215708666827,-1.6093742280347,2.34621780628613,-0.220080146445562,-23.8486569469061,0.69653428352407,0.284396246459064
-0.00586154357473384,-1.59899247650892,2.33825066422246,-0.212627435415586,-23.8484346727151,0.755608959199272,0.285132156976774
-0.00922015478682165,-1.58861858886711,2.33002927812695,-0.204905461058165,-23.8482371244476,0.812115681052983,0.277287912563403
-0.0125915241728033,-1.57827424313151,2.32148570745524,-0.196930474357013,-23.8480137681814,0.865879147568515,0.261345661749202
-0.0159694635857945,-1.56798195867915,2.31254322541974,-0.188719343183569,-23.8477178953842,0.916740470423013,0.237935961120599
-0.0193475298689652,-1.55776504586129,2.3031173948742,-0.180289615163526,-23.8473056606179,0.964555691800602,0.207805512364531
-0.0227191200594217,-1.54764748520512,2.29311810210489,-0.171659608564072,-23.8467351725823,1.00919508095506,0.1717852641641
-0.0260775812083497,-1.53765375122072,2.28245229778939,-0.162848552818983,-23.845965852778,1.05054308380881,0.130760144742536
-0.029416312787373,-1.5278086009081,2.27102718486497,-0.153876779432501,-23.8449581710385,1.08849873394626,0.0856416248690558
-0.0327288480305174,-1.51813684793687,2.2587536093029,-0.14476594468691,-23.8436737823716,1.12297631020036,0.0373441039129219
-0.0360089095331835,-1.50866314050664,2.2455494411946,-0.135539252558939,-23.8420760305898,1.1539060299954,-0.0132342235353184
-0.0392504421633067,-1.49941175513471,2.23134276916461,-0.126221641960355,-23.8401307482667,1.1812345913137,-0.065225767156771
-0.0424476315154412,-1.4904064118376,2.21607476121591,-0.116839906388374,-23.837807262453,1.20492541047066,-0.117803359303186
-0.045594918137191,-1.48167011005789,2.19970206467097,-0.107422724068721,-23.8350795040009,1.22495844575798,-0.170185985237224
-0.0486870167151372,-1.47322498060652,2.18219862795331,-0.0980005893975804,-23.8319271109178,1.24132954478574,-0.221641150252884
-0.0517189460591288,-1.46509214763988,2.16355683418453,-0.0886056488148056,-23.8283364124989,1.2540493007023,-0.271484717712424
-0.0546860712317064,-1.45729159576483,2.14378785191373,-0.079271453914296,-23.8243011841237,1.26314145224053,-0.319079049474456
-0.0575841546700468,-1.44984204077343,2.12292113920128,-0.0700326504540534,-23.8198230757978,1.26864089924538,-0.363830196236411
-0.0604094097976098,-1.44276080609461,2.10100309007328,-0.060924623808212,-23.8149116434521,1.27059144226311,-0.405184760054644
-0.0631585489322353,-1.43606371110575,2.07809488067175,-0.0519831202325642,-23.8095839484886,1.26904336965782,-0.442626915888365
-0.0658288176735717,-1.42976497942338,2.05426964938849,-0.0432438598508495,-23.8038637342223,1.26405103096603,-0.475675968485968
-0.068418009952771,-1.42387717616555,2.02960921348735,-0.0347421532686606,-23.7977802295744,1.25567053212482,-0.50388474047764
-0.0709244610845806,-1.41841118173044,2.00420057261649,-0.0265125300491468,-23.7913666640118,1.24395768382819,-0.526839045698912
-0.0733470195978994,-1.41337620680671,1.97813246646292,-0.0185883852373713,-23.7846585976212,1.22896632312633,-0.544158484598114
-0.0756850016310642,-1.40877984916078,1.95149223778612,-0.0110016500882961,-23.7776921748931,1.21074711784563,-0.555498796502265
-0.0779381336072862,-1.40462818823309,1.92436320638382,-0.00378249568369261,-23.7705024020138,1.18934694983644,-0.560555996255681
-0.080106489477262,-1.40092590887175,1.89682269322348,0.00304091723447843,-23.7631215303285,1.16480895894417,-0.559072500537336
-0.0821904279442225,-1.39767644115221,1.86894075673019,0.0094426227169914,-23.7555776093194,1.13717331037898,-0.550845399547835
-0.0841905330662552,-1.3948820985462,1.84077962498743,0.0153989433962114,-23.7478932572641,1.10647872657445,-0.535736959894936
-0.0861075582912515,-1.39254419477372,1.81239373180862,0.0208884625726258,-23.7400846902535,1.07276477204867,-0.513687303690764
-0.087942370643254,-1.39066311552047,1.78383020213743,0.0258918454148724,-23.7321610539889,1.03607483661486,-0.484729083692293
-0.0896958878048178,-1.3892383229339,1.75512957929018,0.0303914842890175,-23.72412411418,0.996459665859932,-0.449003740660293
-0.091368998189707,-1.38826827282382,1.72632655655704,0.0343709605251057,-23.715968377105,0.953981196244762,-0.406778697389738
-0.0929624532029942,-1.38775023244394,1.69745047330155,0.0378143422868085,-23.7076817216008,0.908716340579933,-0.358464534651079
-0.0944767230596514,-1.3876800018337,1.66852537384122,0.0407053745389667,-23.6992466152867,0.860760259136632,-0.304630797613017
-0.0959118146221088,-1.38805156032286,1.63956951949456,0.0430266631041029,-23.6906419492691,0.810228600763535,-0.246018664171693
-0.0972670611762699,-1.38885668440276,1.6105943899006,0.0447589940422578,-23.6818454493767,0.75725821334297,-0.183548233216366
-0.0985409088978191,-1.3900846051786,1.58160339499563,0.0458809518566989,-23.6728365155829,0.702005968762912,-0.11831784335383
-0.0997307386361774,-1.39172178639422,1.55259069937735,0.0463689868488339,-23.6635992310273,0.644645633002462,-0.0515928043718788
-0.10083276792795,-1.39375190095949,1.52354066730973,0.0461980181039681,-23.6541252103885,0.585363095407374,0.0152185321611943
-0.10184207199478,-1.39615605653053,1.49442840236995,0.0453425521079288,-23.6444159672737,0.524350699828022,0.0806020796017172
-0.102752740158546,-1.39891327235785,1.46522163718914,0.0437781706604538,-23.6344845822581,0.461801687840228,0.142987440526614
-0.103558153024402,-1.40200115300065,1.43588388954095,0.0414831356360191,-23.6243566179948,0.397905857068734,0.200805938023225
-0.104251334210663,-1.40539665282813,1.40637843840477,0.0384398255082523,-23.6140703776676,0.332847282191503,0.252552157077527
