[0.065s] DEBUG:colcon:Command line arguments: ['/usr/bin/colcon', 'build']
[0.065s] DEBUG:colcon:Parsed command line arguments: Namespace(log_base=None, log_level=None, verb_name='build', build_base='build', install_base='install', merge_install=False, symlink_install=False, test_result_base=None, continue_on_error=False, executor='parallel', parallel_workers=32, event_handlers=None, ignore_user_meta=False, metas=['./colcon.meta'], base_paths=['.'], packages_ignore=None, packages_ignore_regex=None, paths=None, packages_up_to=None, packages_up_to_regex=None, packages_above=None, packages_above_and_dependencies=None, packages_above_depth=None, packages_select_by_dep=None, packages_skip_by_dep=None, packages_skip_up_to=None, packages_select_build_failed=False, packages_skip_build_finished=False, packages_select_test_failures=False, packages_skip_test_passed=False, packages_select=None, packages_skip=None, packages_select_regex=None, packages_skip_regex=None, packages_start=None, packages_end=None, allow_overriding=[], cmake_args=None, cmake_target=None, cmake_target_skip_unavailable=False, cmake_clean_cache=False, cmake_clean_first=False, cmake_force_configure=False, ament_cmake_args=None, catkin_cmake_args=None, catkin_skip_building_tests=False, verb_parser=<colcon_defaults.argument_parser.defaults.DefaultArgumentsDecorator object at 0x7cabbf6c7be0>, verb_extension=<colcon_core.verb.build.BuildVerb object at 0x7cabbf874fa0>, main=<bound method BuildVerb.main of <colcon_core.verb.build.BuildVerb object at 0x7cabbf874fa0>>)
[0.148s] Level 1:colcon.colcon_core.package_discovery:discover_packages(colcon_meta) check parameters
[0.148s] Level 1:colcon.colcon_core.package_discovery:discover_packages(recursive) check parameters
[0.148s] Level 1:colcon.colcon_core.package_discovery:discover_packages(ignore) check parameters
[0.148s] Level 1:colcon.colcon_core.package_discovery:discover_packages(path) check parameters
[0.148s] Level 1:colcon.colcon_core.package_discovery:discover_packages(colcon_meta) discover
[0.148s] Level 1:colcon.colcon_core.package_discovery:discover_packages(recursive) discover
[0.148s] INFO:colcon.colcon_core.package_discovery:Crawling recursively for packages in '/home/user/ros2_ws/dynamic_ws'
[0.148s] Level 1:colcon.colcon_core.package_identification:_identify(.) by extensions ['ignore', 'ignore_ament_install']
[0.149s] Level 1:colcon.colcon_core.package_identification:_identify(.) by extension 'ignore'
[0.149s] Level 1:colcon.colcon_core.package_identification:_identify(.) by extension 'ignore_ament_install'
[0.149s] Level 1:colcon.colcon_core.package_identification:_identify(.) by extensions ['colcon_pkg']
[0.149s] Level 1:colcon.colcon_core.package_identification:_identify(.) by extension 'colcon_pkg'
[0.149s] Level 1:colcon.colcon_core.package_identification:_identify(.) by extensions ['colcon_meta']
[0.149s] Level 1:colcon.colcon_core.package_identification:_identify(.) by extension 'colcon_meta'
[0.149s] Level 1:colcon.colcon_core.package_identification:_identify(.) by extensions ['ros']
[0.149s] Level 1:colcon.colcon_core.package_identification:_identify(.) by extension 'ros'
[0.155s] Level 1:colcon.colcon_core.package_identification:_identify(.) by extensions ['cmake', 'python']
[0.155s] Level 1:colcon.colcon_core.package_identification:_identify(.) by extension 'cmake'
[0.155s] Level 1:colcon.colcon_core.package_identification:_identify(.) by extension 'python'
[0.155s] Level 1:colcon.colcon_core.package_identification:_identify(.) by extensions ['python_setup_py']
[0.155s] Level 1:colcon.colcon_core.package_identification:_identify(.) by extension 'python_setup_py'
[0.155s] Level 1:colcon.colcon_core.package_identification:_identify(build) by extensions ['ignore', 'ignore_ament_install']
[0.155s] Level 1:colcon.colcon_core.package_identification:_identify(build) by extension 'ignore'
[0.155s] Level 1:colcon.colcon_core.package_identification:_identify(build) ignored
[0.155s] Level 1:colcon.colcon_core.package_identification:_identify(install) by extensions ['ignore', 'ignore_ament_install']
[0.155s] Level 1:colcon.colcon_core.package_identification:_identify(install) by extension 'ignore'
[0.156s] Level 1:colcon.colcon_core.package_identification:_identify(install) ignored
[0.156s] Level 1:colcon.colcon_core.package_identification:_identify(log) by extensions ['ignore', 'ignore_ament_install']
[0.156s] Level 1:colcon.colcon_core.package_identification:_identify(log) by extension 'ignore'
[0.156s] Level 1:colcon.colcon_core.package_identification:_identify(log) ignored
[0.156s] Level 1:colcon.colcon_core.package_identification:_identify(src) by extensions ['ignore', 'ignore_ament_install']
[0.156s] Level 1:colcon.colcon_core.package_identification:_identify(src) by extension 'ignore'
[0.156s] Level 1:colcon.colcon_core.package_identification:_identify(src) by extension 'ignore_ament_install'
[0.156s] Level 1:colcon.colcon_core.package_identification:_identify(src) by extensions ['colcon_pkg']
[0.156s] Level 1:colcon.colcon_core.package_identification:_identify(src) by extension 'colcon_pkg'
[0.156s] Level 1:colcon.colcon_core.package_identification:_identify(src) by extensions ['colcon_meta']
[0.156s] Level 1:colcon.colcon_core.package_identification:_identify(src) by extension 'colcon_meta'
[0.156s] Level 1:colcon.colcon_core.package_identification:_identify(src) by extensions ['ros']
[0.156s] Level 1:colcon.colcon_core.package_identification:_identify(src) by extension 'ros'
[0.156s] Level 1:colcon.colcon_core.package_identification:_identify(src) by extensions ['cmake', 'python']
[0.156s] Level 1:colcon.colcon_core.package_identification:_identify(src) by extension 'cmake'
[0.156s] Level 1:colcon.colcon_core.package_identification:_identify(src) by extension 'python'
[0.156s] Level 1:colcon.colcon_core.package_identification:_identify(src) by extensions ['python_setup_py']
[0.156s] Level 1:colcon.colcon_core.package_identification:_identify(src) by extension 'python_setup_py'
[0.156s] Level 1:colcon.colcon_core.package_identification:_identify(src/marvin_sim) by extensions ['ignore', 'ignore_ament_install']
[0.156s] Level 1:colcon.colcon_core.package_identification:_identify(src/marvin_sim) by extension 'ignore'
[0.156s] Level 1:colcon.colcon_core.package_identification:_identify(src/marvin_sim) by extension 'ignore_ament_install'
[0.156s] Level 1:colcon.colcon_core.package_identification:_identify(src/marvin_sim) by extensions ['colcon_pkg']
[0.156s] Level 1:colcon.colcon_core.package_identification:_identify(src/marvin_sim) by extension 'colcon_pkg'
[0.156s] Level 1:colcon.colcon_core.package_identification:_identify(src/marvin_sim) by extensions ['colcon_meta']
[0.156s] Level 1:colcon.colcon_core.package_identification:_identify(src/marvin_sim) by extension 'colcon_meta'
[0.156s] Level 1:colcon.colcon_core.package_identification:_identify(src/marvin_sim) by extensions ['ros']
[0.156s] Level 1:colcon.colcon_core.package_identification:_identify(src/marvin_sim) by extension 'ros'
[0.158s] DEBUG:colcon.colcon_core.package_identification:Package 'src/marvin_sim' with type 'ros.ament_cmake' and name 'marvin_sim'
[0.158s] Level 1:colcon.colcon_core.package_identification:_identify(src/show_urdf) by extensions ['ignore', 'ignore_ament_install']
[0.158s] Level 1:colcon.colcon_core.package_identification:_identify(src/show_urdf) by extension 'ignore'
[0.158s] Level 1:colcon.colcon_core.package_identification:_identify(src/show_urdf) by extension 'ignore_ament_install'
[0.158s] Level 1:colcon.colcon_core.package_identification:_identify(src/show_urdf) by extensions ['colcon_pkg']
[0.158s] Level 1:colcon.colcon_core.package_identification:_identify(src/show_urdf) by extension 'colcon_pkg'
[0.158s] Level 1:colcon.colcon_core.package_identification:_identify(src/show_urdf) by extensions ['colcon_meta']
[0.158s] Level 1:colcon.colcon_core.package_identification:_identify(src/show_urdf) by extension 'colcon_meta'
[0.158s] Level 1:colcon.colcon_core.package_identification:_identify(src/show_urdf) by extensions ['ros']
[0.158s] Level 1:colcon.colcon_core.package_identification:_identify(src/show_urdf) by extension 'ros'
[0.158s] DEBUG:colcon.colcon_core.package_identification:Package 'src/show_urdf' with type 'ros.ament_cmake' and name 'show_urdf'
[0.159s] Level 1:colcon.colcon_core.package_identification:_identify(src/vi) by extensions ['ignore', 'ignore_ament_install']
[0.159s] Level 1:colcon.colcon_core.package_identification:_identify(src/vi) by extension 'ignore'
[0.159s] Level 1:colcon.colcon_core.package_identification:_identify(src/vi) by extension 'ignore_ament_install'
[0.159s] Level 1:colcon.colcon_core.package_identification:_identify(src/vi) by extensions ['colcon_pkg']
[0.159s] Level 1:colcon.colcon_core.package_identification:_identify(src/vi) by extension 'colcon_pkg'
[0.159s] Level 1:colcon.colcon_core.package_identification:_identify(src/vi) by extensions ['colcon_meta']
[0.159s] Level 1:colcon.colcon_core.package_identification:_identify(src/vi) by extension 'colcon_meta'
[0.159s] Level 1:colcon.colcon_core.package_identification:_identify(src/vi) by extensions ['ros']
[0.159s] Level 1:colcon.colcon_core.package_identification:_identify(src/vi) by extension 'ros'
[0.159s] DEBUG:colcon.colcon_core.package_identification:Package 'src/vi' with type 'ros.ament_cmake' and name 'vi'
[0.159s] Level 1:colcon.colcon_core.package_identification:_identify(src/vi_2p) by extensions ['ignore', 'ignore_ament_install']
[0.160s] Level 1:colcon.colcon_core.package_identification:_identify(src/vi_2p) by extension 'ignore'
[0.160s] Level 1:colcon.colcon_core.package_identification:_identify(src/vi_2p) by extension 'ignore_ament_install'
[0.160s] Level 1:colcon.colcon_core.package_identification:_identify(src/vi_2p) by extensions ['colcon_pkg']
[0.160s] Level 1:colcon.colcon_core.package_identification:_identify(src/vi_2p) by extension 'colcon_pkg'
[0.160s] Level 1:colcon.colcon_core.package_identification:_identify(src/vi_2p) by extensions ['colcon_meta']
[0.160s] Level 1:colcon.colcon_core.package_identification:_identify(src/vi_2p) by extension 'colcon_meta'
[0.160s] Level 1:colcon.colcon_core.package_identification:_identify(src/vi_2p) by extensions ['ros']
[0.160s] Level 1:colcon.colcon_core.package_identification:_identify(src/vi_2p) by extension 'ros'
[0.160s] DEBUG:colcon.colcon_core.package_identification:Package 'src/vi_2p' with type 'ros.ament_cmake' and name 'vi_2p'
[0.160s] Level 1:colcon.colcon_core.package_identification:_identify(src/w10_force_sim) by extensions ['ignore', 'ignore_ament_install']
[0.160s] Level 1:colcon.colcon_core.package_identification:_identify(src/w10_force_sim) by extension 'ignore'
[0.160s] Level 1:colcon.colcon_core.package_identification:_identify(src/w10_force_sim) by extension 'ignore_ament_install'
[0.160s] Level 1:colcon.colcon_core.package_identification:_identify(src/w10_force_sim) by extensions ['colcon_pkg']
[0.160s] Level 1:colcon.colcon_core.package_identification:_identify(src/w10_force_sim) by extension 'colcon_pkg'
[0.160s] Level 1:colcon.colcon_core.package_identification:_identify(src/w10_force_sim) by extensions ['colcon_meta']
[0.160s] Level 1:colcon.colcon_core.package_identification:_identify(src/w10_force_sim) by extension 'colcon_meta'
[0.160s] Level 1:colcon.colcon_core.package_identification:_identify(src/w10_force_sim) by extensions ['ros']
[0.161s] Level 1:colcon.colcon_core.package_identification:_identify(src/w10_force_sim) by extension 'ros'
[0.161s] DEBUG:colcon.colcon_core.package_identification:Package 'src/w10_force_sim' with type 'ros.ament_cmake' and name 'w10_force_sim'
[0.162s] Level 1:colcon.colcon_core.package_identification:_identify(src/w10_kinematics) by extensions ['ignore', 'ignore_ament_install']
[0.162s] Level 1:colcon.colcon_core.package_identification:_identify(src/w10_kinematics) by extension 'ignore'
[0.162s] Level 1:colcon.colcon_core.package_identification:_identify(src/w10_kinematics) by extension 'ignore_ament_install'
[0.162s] Level 1:colcon.colcon_core.package_identification:_identify(src/w10_kinematics) by extensions ['colcon_pkg']
[0.162s] Level 1:colcon.colcon_core.package_identification:_identify(src/w10_kinematics) by extension 'colcon_pkg'
[0.162s] Level 1:colcon.colcon_core.package_identification:_identify(src/w10_kinematics) by extensions ['colcon_meta']
[0.162s] Level 1:colcon.colcon_core.package_identification:_identify(src/w10_kinematics) by extension 'colcon_meta'
[0.162s] Level 1:colcon.colcon_core.package_identification:_identify(src/w10_kinematics) by extensions ['ros']
[0.162s] Level 1:colcon.colcon_core.package_identification:_identify(src/w10_kinematics) by extension 'ros'
[0.162s] DEBUG:colcon.colcon_core.package_identification:Package 'src/w10_kinematics' with type 'ros.ament_cmake' and name 'w10_kinematics'
[0.162s] Level 1:colcon.colcon_core.package_identification:_identify(src/w10_moveit_kinematics) by extensions ['ignore', 'ignore_ament_install']
[0.163s] Level 1:colcon.colcon_core.package_identification:_identify(src/w10_moveit_kinematics) by extension 'ignore'
[0.163s] Level 1:colcon.colcon_core.package_identification:_identify(src/w10_moveit_kinematics) by extension 'ignore_ament_install'
[0.163s] Level 1:colcon.colcon_core.package_identification:_identify(src/w10_moveit_kinematics) by extensions ['colcon_pkg']
[0.163s] Level 1:colcon.colcon_core.package_identification:_identify(src/w10_moveit_kinematics) by extension 'colcon_pkg'
[0.163s] Level 1:colcon.colcon_core.package_identification:_identify(src/w10_moveit_kinematics) by extensions ['colcon_meta']
[0.163s] Level 1:colcon.colcon_core.package_identification:_identify(src/w10_moveit_kinematics) by extension 'colcon_meta'
[0.163s] Level 1:colcon.colcon_core.package_identification:_identify(src/w10_moveit_kinematics) by extensions ['ros']
[0.163s] Level 1:colcon.colcon_core.package_identification:_identify(src/w10_moveit_kinematics) by extension 'ros'
[0.163s] DEBUG:colcon.colcon_core.package_identification:Package 'src/w10_moveit_kinematics' with type 'ros.ament_cmake' and name 'w10_moveit_kinematics'
[0.163s] Level 1:colcon.colcon_core.package_identification:_identify(src/w10_sim) by extensions ['ignore', 'ignore_ament_install']
[0.163s] Level 1:colcon.colcon_core.package_identification:_identify(src/w10_sim) by extension 'ignore'
[0.163s] Level 1:colcon.colcon_core.package_identification:_identify(src/w10_sim) by extension 'ignore_ament_install'
[0.163s] Level 1:colcon.colcon_core.package_identification:_identify(src/w10_sim) by extensions ['colcon_pkg']
[0.163s] Level 1:colcon.colcon_core.package_identification:_identify(src/w10_sim) by extension 'colcon_pkg'
[0.163s] Level 1:colcon.colcon_core.package_identification:_identify(src/w10_sim) by extensions ['colcon_meta']
[0.163s] Level 1:colcon.colcon_core.package_identification:_identify(src/w10_sim) by extension 'colcon_meta'
[0.163s] Level 1:colcon.colcon_core.package_identification:_identify(src/w10_sim) by extensions ['ros']
[0.163s] Level 1:colcon.colcon_core.package_identification:_identify(src/w10_sim) by extension 'ros'
[0.164s] DEBUG:colcon.colcon_core.package_identification:Package 'src/w10_sim' with type 'ros.ament_cmake' and name 'w10_sim'
[0.164s] Level 1:colcon.colcon_core.package_discovery:discover_packages(recursive) using defaults
[0.164s] Level 1:colcon.colcon_core.package_discovery:discover_packages(ignore) discover
[0.164s] Level 1:colcon.colcon_core.package_discovery:discover_packages(ignore) using defaults
[0.164s] Level 1:colcon.colcon_core.package_discovery:discover_packages(path) discover
[0.164s] Level 1:colcon.colcon_core.package_discovery:discover_packages(path) using defaults
[0.181s] Level 1:colcon.colcon_core.package_discovery:discover_packages(prefix_path) check parameters
[0.182s] Level 1:colcon.colcon_core.package_discovery:discover_packages(prefix_path) discover
[0.183s] DEBUG:colcon.colcon_installed_package_information.package_discovery:Found 4 installed packages in /home/user/ros2_ws/w10_ws/install
[0.183s] DEBUG:colcon.colcon_installed_package_information.package_discovery:Found 8 installed packages in /home/user/ros2_ws/dynamic_ws/install
[0.184s] DEBUG:colcon.colcon_installed_package_information.package_discovery:Found 320 installed packages in /opt/ros/humble
[0.184s] Level 1:colcon.colcon_core.package_discovery:discover_packages(prefix_path) using defaults
[0.209s] Level 5:colcon.colcon_core.verb:set package 'marvin_sim' build argument 'cmake_args' from command line to 'None'
[0.209s] Level 5:colcon.colcon_core.verb:set package 'marvin_sim' build argument 'cmake_target' from command line to 'None'
[0.209s] Level 5:colcon.colcon_core.verb:set package 'marvin_sim' build argument 'cmake_target_skip_unavailable' from command line to 'False'
[0.209s] Level 5:colcon.colcon_core.verb:set package 'marvin_sim' build argument 'cmake_clean_cache' from command line to 'False'
[0.209s] Level 5:colcon.colcon_core.verb:set package 'marvin_sim' build argument 'cmake_clean_first' from command line to 'False'
[0.209s] Level 5:colcon.colcon_core.verb:set package 'marvin_sim' build argument 'cmake_force_configure' from command line to 'False'
[0.209s] Level 5:colcon.colcon_core.verb:set package 'marvin_sim' build argument 'ament_cmake_args' from command line to 'None'
[0.209s] Level 5:colcon.colcon_core.verb:set package 'marvin_sim' build argument 'catkin_cmake_args' from command line to 'None'
[0.209s] Level 5:colcon.colcon_core.verb:set package 'marvin_sim' build argument 'catkin_skip_building_tests' from command line to 'False'
[0.209s] DEBUG:colcon.colcon_core.verb:Building package 'marvin_sim' with the following arguments: {'ament_cmake_args': None, 'build_base': '/home/user/ros2_ws/dynamic_ws/build/marvin_sim', 'catkin_cmake_args': None, 'catkin_skip_building_tests': False, 'cmake_args': None, 'cmake_clean_cache': False, 'cmake_clean_first': False, 'cmake_force_configure': False, 'cmake_target': None, 'cmake_target_skip_unavailable': False, 'install_base': '/home/user/ros2_ws/dynamic_ws/install/marvin_sim', 'merge_install': False, 'path': '/home/user/ros2_ws/dynamic_ws/src/marvin_sim', 'symlink_install': False, 'test_result_base': None}
[0.209s] Level 5:colcon.colcon_core.verb:set package 'show_urdf' build argument 'cmake_args' from command line to 'None'
[0.209s] Level 5:colcon.colcon_core.verb:set package 'show_urdf' build argument 'cmake_target' from command line to 'None'
[0.209s] Level 5:colcon.colcon_core.verb:set package 'show_urdf' build argument 'cmake_target_skip_unavailable' from command line to 'False'
[0.209s] Level 5:colcon.colcon_core.verb:set package 'show_urdf' build argument 'cmake_clean_cache' from command line to 'False'
[0.209s] Level 5:colcon.colcon_core.verb:set package 'show_urdf' build argument 'cmake_clean_first' from command line to 'False'
[0.209s] Level 5:colcon.colcon_core.verb:set package 'show_urdf' build argument 'cmake_force_configure' from command line to 'False'
[0.209s] Level 5:colcon.colcon_core.verb:set package 'show_urdf' build argument 'ament_cmake_args' from command line to 'None'
[0.209s] Level 5:colcon.colcon_core.verb:set package 'show_urdf' build argument 'catkin_cmake_args' from command line to 'None'
[0.209s] Level 5:colcon.colcon_core.verb:set package 'show_urdf' build argument 'catkin_skip_building_tests' from command line to 'False'
[0.209s] DEBUG:colcon.colcon_core.verb:Building package 'show_urdf' with the following arguments: {'ament_cmake_args': None, 'build_base': '/home/user/ros2_ws/dynamic_ws/build/show_urdf', 'catkin_cmake_args': None, 'catkin_skip_building_tests': False, 'cmake_args': None, 'cmake_clean_cache': False, 'cmake_clean_first': False, 'cmake_force_configure': False, 'cmake_target': None, 'cmake_target_skip_unavailable': False, 'install_base': '/home/user/ros2_ws/dynamic_ws/install/show_urdf', 'merge_install': False, 'path': '/home/user/ros2_ws/dynamic_ws/src/show_urdf', 'symlink_install': False, 'test_result_base': None}
[0.209s] Level 5:colcon.colcon_core.verb:set package 'vi' build argument 'cmake_args' from command line to 'None'
[0.210s] Level 5:colcon.colcon_core.verb:set package 'vi' build argument 'cmake_target' from command line to 'None'
[0.210s] Level 5:colcon.colcon_core.verb:set package 'vi' build argument 'cmake_target_skip_unavailable' from command line to 'False'
[0.210s] Level 5:colcon.colcon_core.verb:set package 'vi' build argument 'cmake_clean_cache' from command line to 'False'
[0.210s] Level 5:colcon.colcon_core.verb:set package 'vi' build argument 'cmake_clean_first' from command line to 'False'
[0.210s] Level 5:colcon.colcon_core.verb:set package 'vi' build argument 'cmake_force_configure' from command line to 'False'
[0.210s] Level 5:colcon.colcon_core.verb:set package 'vi' build argument 'ament_cmake_args' from command line to 'None'
[0.210s] Level 5:colcon.colcon_core.verb:set package 'vi' build argument 'catkin_cmake_args' from command line to 'None'
[0.210s] Level 5:colcon.colcon_core.verb:set package 'vi' build argument 'catkin_skip_building_tests' from command line to 'False'
[0.210s] DEBUG:colcon.colcon_core.verb:Building package 'vi' with the following arguments: {'ament_cmake_args': None, 'build_base': '/home/user/ros2_ws/dynamic_ws/build/vi', 'catkin_cmake_args': None, 'catkin_skip_building_tests': False, 'cmake_args': None, 'cmake_clean_cache': False, 'cmake_clean_first': False, 'cmake_force_configure': False, 'cmake_target': None, 'cmake_target_skip_unavailable': False, 'install_base': '/home/user/ros2_ws/dynamic_ws/install/vi', 'merge_install': False, 'path': '/home/user/ros2_ws/dynamic_ws/src/vi', 'symlink_install': False, 'test_result_base': None}
[0.210s] Level 5:colcon.colcon_core.verb:set package 'vi_2p' build argument 'cmake_args' from command line to 'None'
[0.210s] Level 5:colcon.colcon_core.verb:set package 'vi_2p' build argument 'cmake_target' from command line to 'None'
[0.210s] Level 5:colcon.colcon_core.verb:set package 'vi_2p' build argument 'cmake_target_skip_unavailable' from command line to 'False'
[0.210s] Level 5:colcon.colcon_core.verb:set package 'vi_2p' build argument 'cmake_clean_cache' from command line to 'False'
[0.210s] Level 5:colcon.colcon_core.verb:set package 'vi_2p' build argument 'cmake_clean_first' from command line to 'False'
[0.210s] Level 5:colcon.colcon_core.verb:set package 'vi_2p' build argument 'cmake_force_configure' from command line to 'False'
[0.210s] Level 5:colcon.colcon_core.verb:set package 'vi_2p' build argument 'ament_cmake_args' from command line to 'None'
[0.210s] Level 5:colcon.colcon_core.verb:set package 'vi_2p' build argument 'catkin_cmake_args' from command line to 'None'
[0.210s] Level 5:colcon.colcon_core.verb:set package 'vi_2p' build argument 'catkin_skip_building_tests' from command line to 'False'
[0.210s] DEBUG:colcon.colcon_core.verb:Building package 'vi_2p' with the following arguments: {'ament_cmake_args': None, 'build_base': '/home/user/ros2_ws/dynamic_ws/build/vi_2p', 'catkin_cmake_args': None, 'catkin_skip_building_tests': False, 'cmake_args': None, 'cmake_clean_cache': False, 'cmake_clean_first': False, 'cmake_force_configure': False, 'cmake_target': None, 'cmake_target_skip_unavailable': False, 'install_base': '/home/user/ros2_ws/dynamic_ws/install/vi_2p', 'merge_install': False, 'path': '/home/user/ros2_ws/dynamic_ws/src/vi_2p', 'symlink_install': False, 'test_result_base': None}
[0.210s] Level 5:colcon.colcon_core.verb:set package 'w10_force_sim' build argument 'cmake_args' from command line to 'None'
[0.210s] Level 5:colcon.colcon_core.verb:set package 'w10_force_sim' build argument 'cmake_target' from command line to 'None'
[0.210s] Level 5:colcon.colcon_core.verb:set package 'w10_force_sim' build argument 'cmake_target_skip_unavailable' from command line to 'False'
[0.210s] Level 5:colcon.colcon_core.verb:set package 'w10_force_sim' build argument 'cmake_clean_cache' from command line to 'False'
[0.210s] Level 5:colcon.colcon_core.verb:set package 'w10_force_sim' build argument 'cmake_clean_first' from command line to 'False'
[0.210s] Level 5:colcon.colcon_core.verb:set package 'w10_force_sim' build argument 'cmake_force_configure' from command line to 'False'
[0.210s] Level 5:colcon.colcon_core.verb:set package 'w10_force_sim' build argument 'ament_cmake_args' from command line to 'None'
[0.210s] Level 5:colcon.colcon_core.verb:set package 'w10_force_sim' build argument 'catkin_cmake_args' from command line to 'None'
[0.210s] Level 5:colcon.colcon_core.verb:set package 'w10_force_sim' build argument 'catkin_skip_building_tests' from command line to 'False'
[0.210s] DEBUG:colcon.colcon_core.verb:Building package 'w10_force_sim' with the following arguments: {'ament_cmake_args': None, 'build_base': '/home/user/ros2_ws/dynamic_ws/build/w10_force_sim', 'catkin_cmake_args': None, 'catkin_skip_building_tests': False, 'cmake_args': None, 'cmake_clean_cache': False, 'cmake_clean_first': False, 'cmake_force_configure': False, 'cmake_target': None, 'cmake_target_skip_unavailable': False, 'install_base': '/home/user/ros2_ws/dynamic_ws/install/w10_force_sim', 'merge_install': False, 'path': '/home/user/ros2_ws/dynamic_ws/src/w10_force_sim', 'symlink_install': False, 'test_result_base': None}
[0.210s] Level 5:colcon.colcon_core.verb:set package 'w10_sim' build argument 'cmake_args' from command line to 'None'
[0.210s] Level 5:colcon.colcon_core.verb:set package 'w10_sim' build argument 'cmake_target' from command line to 'None'
[0.210s] Level 5:colcon.colcon_core.verb:set package 'w10_sim' build argument 'cmake_target_skip_unavailable' from command line to 'False'
[0.210s] Level 5:colcon.colcon_core.verb:set package 'w10_sim' build argument 'cmake_clean_cache' from command line to 'False'
[0.210s] Level 5:colcon.colcon_core.verb:set package 'w10_sim' build argument 'cmake_clean_first' from command line to 'False'
[0.210s] Level 5:colcon.colcon_core.verb:set package 'w10_sim' build argument 'cmake_force_configure' from command line to 'False'
[0.210s] Level 5:colcon.colcon_core.verb:set package 'w10_sim' build argument 'ament_cmake_args' from command line to 'None'
[0.210s] Level 5:colcon.colcon_core.verb:set package 'w10_sim' build argument 'catkin_cmake_args' from command line to 'None'
[0.210s] Level 5:colcon.colcon_core.verb:set package 'w10_sim' build argument 'catkin_skip_building_tests' from command line to 'False'
[0.210s] DEBUG:colcon.colcon_core.verb:Building package 'w10_sim' with the following arguments: {'ament_cmake_args': None, 'build_base': '/home/user/ros2_ws/dynamic_ws/build/w10_sim', 'catkin_cmake_args': None, 'catkin_skip_building_tests': False, 'cmake_args': None, 'cmake_clean_cache': False, 'cmake_clean_first': False, 'cmake_force_configure': False, 'cmake_target': None, 'cmake_target_skip_unavailable': False, 'install_base': '/home/user/ros2_ws/dynamic_ws/install/w10_sim', 'merge_install': False, 'path': '/home/user/ros2_ws/dynamic_ws/src/w10_sim', 'symlink_install': False, 'test_result_base': None}
[0.211s] Level 5:colcon.colcon_core.verb:set package 'w10_kinematics' build argument 'cmake_args' from command line to 'None'
[0.211s] Level 5:colcon.colcon_core.verb:set package 'w10_kinematics' build argument 'cmake_target' from command line to 'None'
[0.211s] Level 5:colcon.colcon_core.verb:set package 'w10_kinematics' build argument 'cmake_target_skip_unavailable' from command line to 'False'
[0.211s] Level 5:colcon.colcon_core.verb:set package 'w10_kinematics' build argument 'cmake_clean_cache' from command line to 'False'
[0.211s] Level 5:colcon.colcon_core.verb:set package 'w10_kinematics' build argument 'cmake_clean_first' from command line to 'False'
[0.211s] Level 5:colcon.colcon_core.verb:set package 'w10_kinematics' build argument 'cmake_force_configure' from command line to 'False'
[0.211s] Level 5:colcon.colcon_core.verb:set package 'w10_kinematics' build argument 'ament_cmake_args' from command line to 'None'
[0.211s] Level 5:colcon.colcon_core.verb:set package 'w10_kinematics' build argument 'catkin_cmake_args' from command line to 'None'
[0.211s] Level 5:colcon.colcon_core.verb:set package 'w10_kinematics' build argument 'catkin_skip_building_tests' from command line to 'False'
[0.211s] DEBUG:colcon.colcon_core.verb:Building package 'w10_kinematics' with the following arguments: {'ament_cmake_args': None, 'build_base': '/home/user/ros2_ws/dynamic_ws/build/w10_kinematics', 'catkin_cmake_args': None, 'catkin_skip_building_tests': False, 'cmake_args': None, 'cmake_clean_cache': False, 'cmake_clean_first': False, 'cmake_force_configure': False, 'cmake_target': None, 'cmake_target_skip_unavailable': False, 'install_base': '/home/user/ros2_ws/dynamic_ws/install/w10_kinematics', 'merge_install': False, 'path': '/home/user/ros2_ws/dynamic_ws/src/w10_kinematics', 'symlink_install': False, 'test_result_base': None}
[0.211s] Level 5:colcon.colcon_core.verb:set package 'w10_moveit_kinematics' build argument 'cmake_args' from command line to 'None'
[0.211s] Level 5:colcon.colcon_core.verb:set package 'w10_moveit_kinematics' build argument 'cmake_target' from command line to 'None'
[0.211s] Level 5:colcon.colcon_core.verb:set package 'w10_moveit_kinematics' build argument 'cmake_target_skip_unavailable' from command line to 'False'
[0.211s] Level 5:colcon.colcon_core.verb:set package 'w10_moveit_kinematics' build argument 'cmake_clean_cache' from command line to 'False'
[0.211s] Level 5:colcon.colcon_core.verb:set package 'w10_moveit_kinematics' build argument 'cmake_clean_first' from command line to 'False'
[0.211s] Level 5:colcon.colcon_core.verb:set package 'w10_moveit_kinematics' build argument 'cmake_force_configure' from command line to 'False'
[0.211s] Level 5:colcon.colcon_core.verb:set package 'w10_moveit_kinematics' build argument 'ament_cmake_args' from command line to 'None'
[0.211s] Level 5:colcon.colcon_core.verb:set package 'w10_moveit_kinematics' build argument 'catkin_cmake_args' from command line to 'None'
[0.211s] Level 5:colcon.colcon_core.verb:set package 'w10_moveit_kinematics' build argument 'catkin_skip_building_tests' from command line to 'False'
[0.211s] DEBUG:colcon.colcon_core.verb:Building package 'w10_moveit_kinematics' with the following arguments: {'ament_cmake_args': None, 'build_base': '/home/user/ros2_ws/dynamic_ws/build/w10_moveit_kinematics', 'catkin_cmake_args': None, 'catkin_skip_building_tests': False, 'cmake_args': None, 'cmake_clean_cache': False, 'cmake_clean_first': False, 'cmake_force_configure': False, 'cmake_target': None, 'cmake_target_skip_unavailable': False, 'install_base': '/home/user/ros2_ws/dynamic_ws/install/w10_moveit_kinematics', 'merge_install': False, 'path': '/home/user/ros2_ws/dynamic_ws/src/w10_moveit_kinematics', 'symlink_install': False, 'test_result_base': None}
[0.211s] INFO:colcon.colcon_core.executor:Executing jobs using 'parallel' executor
[0.212s] DEBUG:colcon.colcon_parallel_executor.executor.parallel:run_until_complete
[0.212s] INFO:colcon.colcon_ros.task.ament_cmake.build:Building ROS package in '/home/user/ros2_ws/dynamic_ws/src/w10_sim' with build type 'ament_cmake'
[0.212s] INFO:colcon.colcon_cmake.task.cmake.build:Building CMake package in '/home/user/ros2_ws/dynamic_ws/src/w10_sim'
[0.214s] INFO:colcon.colcon_core.plugin_system:Skipping extension 'colcon_core.shell.bat': Not used on non-Windows systems
[0.214s] INFO:colcon.colcon_core.shell:Skip shell extension 'powershell' for command environment: Not usable outside of PowerShell
[0.214s] DEBUG:colcon.colcon_core.shell:Skip shell extension 'dsv' for command environment
[0.216s] INFO:colcon.colcon_ros.task.ament_cmake.build:Building ROS package in '/home/user/ros2_ws/dynamic_ws/src/marvin_sim' with build type 'ament_cmake'
[0.216s] INFO:colcon.colcon_cmake.task.cmake.build:Building CMake package in '/home/user/ros2_ws/dynamic_ws/src/marvin_sim'
[0.217s] INFO:colcon.colcon_core.shell:Skip shell extension 'powershell' for command environment: Not usable outside of PowerShell
[0.217s] DEBUG:colcon.colcon_core.shell:Skip shell extension 'dsv' for command environment
[0.219s] INFO:colcon.colcon_ros.task.ament_cmake.build:Building ROS package in '/home/user/ros2_ws/dynamic_ws/src/show_urdf' with build type 'ament_cmake'
[0.219s] INFO:colcon.colcon_cmake.task.cmake.build:Building CMake package in '/home/user/ros2_ws/dynamic_ws/src/show_urdf'
[0.219s] INFO:colcon.colcon_core.shell:Skip shell extension 'powershell' for command environment: Not usable outside of PowerShell
[0.219s] DEBUG:colcon.colcon_core.shell:Skip shell extension 'dsv' for command environment
[0.221s] INFO:colcon.colcon_ros.task.ament_cmake.build:Building ROS package in '/home/user/ros2_ws/dynamic_ws/src/vi' with build type 'ament_cmake'
[0.221s] INFO:colcon.colcon_cmake.task.cmake.build:Building CMake package in '/home/user/ros2_ws/dynamic_ws/src/vi'
[0.221s] INFO:colcon.colcon_core.shell:Skip shell extension 'powershell' for command environment: Not usable outside of PowerShell
[0.221s] DEBUG:colcon.colcon_core.shell:Skip shell extension 'dsv' for command environment
[0.223s] INFO:colcon.colcon_ros.task.ament_cmake.build:Building ROS package in '/home/user/ros2_ws/dynamic_ws/src/vi_2p' with build type 'ament_cmake'
[0.223s] INFO:colcon.colcon_cmake.task.cmake.build:Building CMake package in '/home/user/ros2_ws/dynamic_ws/src/vi_2p'
[0.223s] INFO:colcon.colcon_core.shell:Skip shell extension 'powershell' for command environment: Not usable outside of PowerShell
[0.223s] DEBUG:colcon.colcon_core.shell:Skip shell extension 'dsv' for command environment
[0.225s] INFO:colcon.colcon_ros.task.ament_cmake.build:Building ROS package in '/home/user/ros2_ws/dynamic_ws/src/w10_force_sim' with build type 'ament_cmake'
[0.225s] INFO:colcon.colcon_cmake.task.cmake.build:Building CMake package in '/home/user/ros2_ws/dynamic_ws/src/w10_force_sim'
[0.225s] INFO:colcon.colcon_core.shell:Skip shell extension 'powershell' for command environment: Not usable outside of PowerShell
[0.225s] DEBUG:colcon.colcon_core.shell:Skip shell extension 'dsv' for command environment
[0.230s] DEBUG:colcon.colcon_core.event_handler.log_command:Invoking command in '/home/user/ros2_ws/dynamic_ws/build/w10_sim': CMAKE_PREFIX_PATH=/opt/openrobots:/home/user/ros2_ws/dynamic_ws/install/w10_moveit_kinematics:/home/user/ros2_ws/dynamic_ws/install/w10_kinematics:/home/user/ros2_ws/dynamic_ws/install/w10_sim:/home/user/ros2_ws/dynamic_ws/install/w10_force_sim:/home/user/ros2_ws/dynamic_ws/install/vi_2p:/home/user/ros2_ws/dynamic_ws/install/vi:/home/user/ros2_ws/dynamic_ws/install/show_urdf:/home/user/ros2_ws/dynamic_ws/install/marvin_sim:/opt/ros/humble:/home/user/ros2_ws/w10_ws/install/w10-urdf:/home/user/ros2_ws/w10_ws/install/urdf_visualization:/opt/openrobots: /usr/bin/cmake --build /home/user/ros2_ws/dynamic_ws/build/w10_sim -- -j32 -l32
[0.232s] DEBUG:colcon.colcon_core.event_handler.log_command:Invoking command in '/home/user/ros2_ws/dynamic_ws/build/marvin_sim': CMAKE_PREFIX_PATH=/opt/openrobots:/home/user/ros2_ws/dynamic_ws/install/w10_moveit_kinematics:/home/user/ros2_ws/dynamic_ws/install/w10_kinematics:/home/user/ros2_ws/dynamic_ws/install/w10_sim:/home/user/ros2_ws/dynamic_ws/install/w10_force_sim:/home/user/ros2_ws/dynamic_ws/install/vi_2p:/home/user/ros2_ws/dynamic_ws/install/vi:/home/user/ros2_ws/dynamic_ws/install/show_urdf:/home/user/ros2_ws/dynamic_ws/install/marvin_sim:/opt/ros/humble:/home/user/ros2_ws/w10_ws/install/w10-urdf:/home/user/ros2_ws/w10_ws/install/urdf_visualization:/opt/openrobots: /usr/bin/cmake --build /home/user/ros2_ws/dynamic_ws/build/marvin_sim -- -j32 -l32
[0.234s] DEBUG:colcon.colcon_core.event_handler.log_command:Invoking command in '/home/user/ros2_ws/dynamic_ws/build/show_urdf': CMAKE_PREFIX_PATH=/opt/openrobots:/home/user/ros2_ws/dynamic_ws/install/w10_moveit_kinematics:/home/user/ros2_ws/dynamic_ws/install/w10_kinematics:/home/user/ros2_ws/dynamic_ws/install/w10_sim:/home/user/ros2_ws/dynamic_ws/install/w10_force_sim:/home/user/ros2_ws/dynamic_ws/install/vi_2p:/home/user/ros2_ws/dynamic_ws/install/vi:/home/user/ros2_ws/dynamic_ws/install/show_urdf:/home/user/ros2_ws/dynamic_ws/install/marvin_sim:/opt/ros/humble:/home/user/ros2_ws/w10_ws/install/w10-urdf:/home/user/ros2_ws/w10_ws/install/urdf_visualization:/opt/openrobots: /usr/bin/cmake --build /home/user/ros2_ws/dynamic_ws/build/show_urdf -- -j32 -l32
[0.235s] DEBUG:colcon.colcon_core.event_handler.log_command:Invoking command in '/home/user/ros2_ws/dynamic_ws/build/vi': CMAKE_PREFIX_PATH=/opt/openrobots:/home/user/ros2_ws/dynamic_ws/install/w10_moveit_kinematics:/home/user/ros2_ws/dynamic_ws/install/w10_kinematics:/home/user/ros2_ws/dynamic_ws/install/w10_sim:/home/user/ros2_ws/dynamic_ws/install/w10_force_sim:/home/user/ros2_ws/dynamic_ws/install/vi_2p:/home/user/ros2_ws/dynamic_ws/install/vi:/home/user/ros2_ws/dynamic_ws/install/show_urdf:/home/user/ros2_ws/dynamic_ws/install/marvin_sim:/opt/ros/humble:/home/user/ros2_ws/w10_ws/install/w10-urdf:/home/user/ros2_ws/w10_ws/install/urdf_visualization:/opt/openrobots: /usr/bin/cmake --build /home/user/ros2_ws/dynamic_ws/build/vi -- -j32 -l32
[0.237s] DEBUG:colcon.colcon_core.event_handler.log_command:Invoking command in '/home/user/ros2_ws/dynamic_ws/build/vi_2p': CMAKE_PREFIX_PATH=/opt/openrobots:/home/user/ros2_ws/dynamic_ws/install/w10_moveit_kinematics:/home/user/ros2_ws/dynamic_ws/install/w10_kinematics:/home/user/ros2_ws/dynamic_ws/install/w10_sim:/home/user/ros2_ws/dynamic_ws/install/w10_force_sim:/home/user/ros2_ws/dynamic_ws/install/vi_2p:/home/user/ros2_ws/dynamic_ws/install/vi:/home/user/ros2_ws/dynamic_ws/install/show_urdf:/home/user/ros2_ws/dynamic_ws/install/marvin_sim:/opt/ros/humble:/home/user/ros2_ws/w10_ws/install/w10-urdf:/home/user/ros2_ws/w10_ws/install/urdf_visualization:/opt/openrobots: /usr/bin/cmake --build /home/user/ros2_ws/dynamic_ws/build/vi_2p -- -j32 -l32
[0.239s] DEBUG:colcon.colcon_core.event_handler.log_command:Invoking command in '/home/user/ros2_ws/dynamic_ws/build/w10_force_sim': CMAKE_PREFIX_PATH=/opt/openrobots:/home/user/ros2_ws/dynamic_ws/install/w10_moveit_kinematics:/home/user/ros2_ws/dynamic_ws/install/w10_kinematics:/home/user/ros2_ws/dynamic_ws/install/w10_sim:/home/user/ros2_ws/dynamic_ws/install/w10_force_sim:/home/user/ros2_ws/dynamic_ws/install/vi_2p:/home/user/ros2_ws/dynamic_ws/install/vi:/home/user/ros2_ws/dynamic_ws/install/show_urdf:/home/user/ros2_ws/dynamic_ws/install/marvin_sim:/opt/ros/humble:/home/user/ros2_ws/w10_ws/install/w10-urdf:/home/user/ros2_ws/w10_ws/install/urdf_visualization:/opt/openrobots: /usr/bin/cmake --build /home/user/ros2_ws/dynamic_ws/build/w10_force_sim -- -j32 -l32
[0.253s] DEBUG:colcon.colcon_core.event_handler.log_command:Invoked command in '/home/user/ros2_ws/dynamic_ws/build/show_urdf' returned '0': CMAKE_PREFIX_PATH=/opt/openrobots:/home/user/ros2_ws/dynamic_ws/install/w10_moveit_kinematics:/home/user/ros2_ws/dynamic_ws/install/w10_kinematics:/home/user/ros2_ws/dynamic_ws/install/w10_sim:/home/user/ros2_ws/dynamic_ws/install/w10_force_sim:/home/user/ros2_ws/dynamic_ws/install/vi_2p:/home/user/ros2_ws/dynamic_ws/install/vi:/home/user/ros2_ws/dynamic_ws/install/show_urdf:/home/user/ros2_ws/dynamic_ws/install/marvin_sim:/opt/ros/humble:/home/user/ros2_ws/w10_ws/install/w10-urdf:/home/user/ros2_ws/w10_ws/install/urdf_visualization:/opt/openrobots: /usr/bin/cmake --build /home/user/ros2_ws/dynamic_ws/build/show_urdf -- -j32 -l32
[0.259s] DEBUG:colcon.colcon_core.event_handler.log_command:Invoking command in '/home/user/ros2_ws/dynamic_ws/build/show_urdf': CMAKE_PREFIX_PATH=/opt/openrobots:/home/user/ros2_ws/dynamic_ws/install/w10_moveit_kinematics:/home/user/ros2_ws/dynamic_ws/install/w10_kinematics:/home/user/ros2_ws/dynamic_ws/install/w10_sim:/home/user/ros2_ws/dynamic_ws/install/w10_force_sim:/home/user/ros2_ws/dynamic_ws/install/vi_2p:/home/user/ros2_ws/dynamic_ws/install/vi:/home/user/ros2_ws/dynamic_ws/install/show_urdf:/home/user/ros2_ws/dynamic_ws/install/marvin_sim:/opt/ros/humble:/home/user/ros2_ws/w10_ws/install/w10-urdf:/home/user/ros2_ws/w10_ws/install/urdf_visualization:/opt/openrobots: /usr/bin/cmake --install /home/user/ros2_ws/dynamic_ws/build/show_urdf
[0.264s] Level 1:colcon.colcon_core.environment:create_environment_scripts_only(show_urdf)
[0.267s] DEBUG:colcon.colcon_core.event_handler.log_command:Invoked command in '/home/user/ros2_ws/dynamic_ws/build/show_urdf' returned '0': CMAKE_PREFIX_PATH=/opt/openrobots:/home/user/ros2_ws/dynamic_ws/install/w10_moveit_kinematics:/home/user/ros2_ws/dynamic_ws/install/w10_kinematics:/home/user/ros2_ws/dynamic_ws/install/w10_sim:/home/user/ros2_ws/dynamic_ws/install/w10_force_sim:/home/user/ros2_ws/dynamic_ws/install/vi_2p:/home/user/ros2_ws/dynamic_ws/install/vi:/home/user/ros2_ws/dynamic_ws/install/show_urdf:/home/user/ros2_ws/dynamic_ws/install/marvin_sim:/opt/ros/humble:/home/user/ros2_ws/w10_ws/install/w10-urdf:/home/user/ros2_ws/w10_ws/install/urdf_visualization:/opt/openrobots: /usr/bin/cmake --install /home/user/ros2_ws/dynamic_ws/build/show_urdf
[0.268s] Level 1:colcon.colcon_core.environment:checking '/home/user/ros2_ws/dynamic_ws/install/show_urdf' for CMake module files
[0.269s] Level 1:colcon.colcon_core.environment:checking '/home/user/ros2_ws/dynamic_ws/install/show_urdf' for CMake config files
[0.269s] Level 1:colcon.colcon_core.shell:create_environment_hook('show_urdf', 'cmake_prefix_path')
[0.270s] INFO:colcon.colcon_core.shell:Creating environment hook '/home/user/ros2_ws/dynamic_ws/install/show_urdf/share/show_urdf/hook/cmake_prefix_path.ps1'
[0.270s] INFO:colcon.colcon_core.shell:Creating environment descriptor '/home/user/ros2_ws/dynamic_ws/install/show_urdf/share/show_urdf/hook/cmake_prefix_path.dsv'
[0.271s] INFO:colcon.colcon_core.shell:Creating environment hook '/home/user/ros2_ws/dynamic_ws/install/show_urdf/share/show_urdf/hook/cmake_prefix_path.sh'
[0.271s] Level 1:colcon.colcon_core.environment:checking '/home/user/ros2_ws/dynamic_ws/install/show_urdf/bin'
[0.271s] Level 1:colcon.colcon_core.environment:checking '/home/user/ros2_ws/dynamic_ws/install/show_urdf/lib/pkgconfig/show_urdf.pc'
[0.272s] Level 1:colcon.colcon_core.environment:checking '/home/user/ros2_ws/dynamic_ws/install/show_urdf/lib/python3.10/site-packages'
[0.272s] Level 1:colcon.colcon_core.environment:checking '/home/user/ros2_ws/dynamic_ws/install/show_urdf/bin'
[0.272s] INFO:colcon.colcon_core.shell:Creating package script '/home/user/ros2_ws/dynamic_ws/install/show_urdf/share/show_urdf/package.ps1'
[0.273s] INFO:colcon.colcon_core.shell:Creating package descriptor '/home/user/ros2_ws/dynamic_ws/install/show_urdf/share/show_urdf/package.dsv'
[0.273s] INFO:colcon.colcon_core.shell:Creating package script '/home/user/ros2_ws/dynamic_ws/install/show_urdf/share/show_urdf/package.sh'
[0.274s] INFO:colcon.colcon_core.shell:Creating package script '/home/user/ros2_ws/dynamic_ws/install/show_urdf/share/show_urdf/package.bash'
[0.275s] INFO:colcon.colcon_core.shell:Creating package script '/home/user/ros2_ws/dynamic_ws/install/show_urdf/share/show_urdf/package.zsh'
[0.275s] Level 1:colcon.colcon_core.environment:create_file_with_runtime_dependencies(/home/user/ros2_ws/dynamic_ws/install/show_urdf/share/colcon-core/packages/show_urdf)
[0.276s] Level 1:colcon.colcon_core.environment:create_environment_scripts_only(show_urdf)
[0.276s] Level 1:colcon.colcon_core.environment:checking '/home/user/ros2_ws/dynamic_ws/install/show_urdf' for CMake module files
[0.276s] Level 1:colcon.colcon_core.environment:checking '/home/user/ros2_ws/dynamic_ws/install/show_urdf' for CMake config files
[0.277s] Level 1:colcon.colcon_core.shell:create_environment_hook('show_urdf', 'cmake_prefix_path')
[0.277s] INFO:colcon.colcon_core.shell:Creating environment hook '/home/user/ros2_ws/dynamic_ws/install/show_urdf/share/show_urdf/hook/cmake_prefix_path.ps1'
[0.277s] INFO:colcon.colcon_core.shell:Creating environment descriptor '/home/user/ros2_ws/dynamic_ws/install/show_urdf/share/show_urdf/hook/cmake_prefix_path.dsv'
[0.278s] INFO:colcon.colcon_core.shell:Creating environment hook '/home/user/ros2_ws/dynamic_ws/install/show_urdf/share/show_urdf/hook/cmake_prefix_path.sh'
[0.278s] Level 1:colcon.colcon_core.environment:checking '/home/user/ros2_ws/dynamic_ws/install/show_urdf/bin'
[0.278s] Level 1:colcon.colcon_core.environment:checking '/home/user/ros2_ws/dynamic_ws/install/show_urdf/lib/pkgconfig/show_urdf.pc'
[0.278s] Level 1:colcon.colcon_core.environment:checking '/home/user/ros2_ws/dynamic_ws/install/show_urdf/lib/python3.10/site-packages'
[0.278s] Level 1:colcon.colcon_core.environment:checking '/home/user/ros2_ws/dynamic_ws/install/show_urdf/bin'
[0.278s] INFO:colcon.colcon_core.shell:Creating package script '/home/user/ros2_ws/dynamic_ws/install/show_urdf/share/show_urdf/package.ps1'
[0.279s] INFO:colcon.colcon_core.shell:Creating package descriptor '/home/user/ros2_ws/dynamic_ws/install/show_urdf/share/show_urdf/package.dsv'
[0.279s] INFO:colcon.colcon_core.shell:Creating package script '/home/user/ros2_ws/dynamic_ws/install/show_urdf/share/show_urdf/package.sh'
[0.280s] INFO:colcon.colcon_core.shell:Creating package script '/home/user/ros2_ws/dynamic_ws/install/show_urdf/share/show_urdf/package.bash'
[0.280s] INFO:colcon.colcon_core.shell:Creating package script '/home/user/ros2_ws/dynamic_ws/install/show_urdf/share/show_urdf/package.zsh'
[0.281s] Level 1:colcon.colcon_core.environment:create_file_with_runtime_dependencies(/home/user/ros2_ws/dynamic_ws/install/show_urdf/share/colcon-core/packages/show_urdf)
[0.282s] DEBUG:colcon.colcon_core.event_handler.log_command:Invoked command in '/home/user/ros2_ws/dynamic_ws/build/marvin_sim' returned '0': CMAKE_PREFIX_PATH=/opt/openrobots:/home/user/ros2_ws/dynamic_ws/install/w10_moveit_kinematics:/home/user/ros2_ws/dynamic_ws/install/w10_kinematics:/home/user/ros2_ws/dynamic_ws/install/w10_sim:/home/user/ros2_ws/dynamic_ws/install/w10_force_sim:/home/user/ros2_ws/dynamic_ws/install/vi_2p:/home/user/ros2_ws/dynamic_ws/install/vi:/home/user/ros2_ws/dynamic_ws/install/show_urdf:/home/user/ros2_ws/dynamic_ws/install/marvin_sim:/opt/ros/humble:/home/user/ros2_ws/w10_ws/install/w10-urdf:/home/user/ros2_ws/w10_ws/install/urdf_visualization:/opt/openrobots: /usr/bin/cmake --build /home/user/ros2_ws/dynamic_ws/build/marvin_sim -- -j32 -l32
[0.284s] DEBUG:colcon.colcon_core.event_handler.log_command:Invoking command in '/home/user/ros2_ws/dynamic_ws/build/marvin_sim': CMAKE_PREFIX_PATH=/opt/openrobots:/home/user/ros2_ws/dynamic_ws/install/w10_moveit_kinematics:/home/user/ros2_ws/dynamic_ws/install/w10_kinematics:/home/user/ros2_ws/dynamic_ws/install/w10_sim:/home/user/ros2_ws/dynamic_ws/install/w10_force_sim:/home/user/ros2_ws/dynamic_ws/install/vi_2p:/home/user/ros2_ws/dynamic_ws/install/vi:/home/user/ros2_ws/dynamic_ws/install/show_urdf:/home/user/ros2_ws/dynamic_ws/install/marvin_sim:/opt/ros/humble:/home/user/ros2_ws/w10_ws/install/w10-urdf:/home/user/ros2_ws/w10_ws/install/urdf_visualization:/opt/openrobots: /usr/bin/cmake --install /home/user/ros2_ws/dynamic_ws/build/marvin_sim
[0.287s] DEBUG:colcon.colcon_core.event_handler.log_command:Invoked command in '/home/user/ros2_ws/dynamic_ws/build/w10_sim' returned '0': CMAKE_PREFIX_PATH=/opt/openrobots:/home/user/ros2_ws/dynamic_ws/install/w10_moveit_kinematics:/home/user/ros2_ws/dynamic_ws/install/w10_kinematics:/home/user/ros2_ws/dynamic_ws/install/w10_sim:/home/user/ros2_ws/dynamic_ws/install/w10_force_sim:/home/user/ros2_ws/dynamic_ws/install/vi_2p:/home/user/ros2_ws/dynamic_ws/install/vi:/home/user/ros2_ws/dynamic_ws/install/show_urdf:/home/user/ros2_ws/dynamic_ws/install/marvin_sim:/opt/ros/humble:/home/user/ros2_ws/w10_ws/install/w10-urdf:/home/user/ros2_ws/w10_ws/install/urdf_visualization:/opt/openrobots: /usr/bin/cmake --build /home/user/ros2_ws/dynamic_ws/build/w10_sim -- -j32 -l32
[0.288s] DEBUG:colcon.colcon_core.event_handler.log_command:Invoking command in '/home/user/ros2_ws/dynamic_ws/build/w10_sim': CMAKE_PREFIX_PATH=/opt/openrobots:/home/user/ros2_ws/dynamic_ws/install/w10_moveit_kinematics:/home/user/ros2_ws/dynamic_ws/install/w10_kinematics:/home/user/ros2_ws/dynamic_ws/install/w10_sim:/home/user/ros2_ws/dynamic_ws/install/w10_force_sim:/home/user/ros2_ws/dynamic_ws/install/vi_2p:/home/user/ros2_ws/dynamic_ws/install/vi:/home/user/ros2_ws/dynamic_ws/install/show_urdf:/home/user/ros2_ws/dynamic_ws/install/marvin_sim:/opt/ros/humble:/home/user/ros2_ws/w10_ws/install/w10-urdf:/home/user/ros2_ws/w10_ws/install/urdf_visualization:/opt/openrobots: /usr/bin/cmake --install /home/user/ros2_ws/dynamic_ws/build/w10_sim
[0.292s] Level 1:colcon.colcon_core.environment:create_environment_scripts_only(marvin_sim)
[0.292s] Level 1:colcon.colcon_core.environment:checking '/home/user/ros2_ws/dynamic_ws/install/marvin_sim' for CMake module files
[0.294s] Level 1:colcon.colcon_core.environment:checking '/home/user/ros2_ws/dynamic_ws/install/marvin_sim' for CMake config files
[0.296s] DEBUG:colcon.colcon_core.event_handler.log_command:Invoked command in '/home/user/ros2_ws/dynamic_ws/build/marvin_sim' returned '0': CMAKE_PREFIX_PATH=/opt/openrobots:/home/user/ros2_ws/dynamic_ws/install/w10_moveit_kinematics:/home/user/ros2_ws/dynamic_ws/install/w10_kinematics:/home/user/ros2_ws/dynamic_ws/install/w10_sim:/home/user/ros2_ws/dynamic_ws/install/w10_force_sim:/home/user/ros2_ws/dynamic_ws/install/vi_2p:/home/user/ros2_ws/dynamic_ws/install/vi:/home/user/ros2_ws/dynamic_ws/install/show_urdf:/home/user/ros2_ws/dynamic_ws/install/marvin_sim:/opt/ros/humble:/home/user/ros2_ws/w10_ws/install/w10-urdf:/home/user/ros2_ws/w10_ws/install/urdf_visualization:/opt/openrobots: /usr/bin/cmake --install /home/user/ros2_ws/dynamic_ws/build/marvin_sim
[0.296s] Level 1:colcon.colcon_core.shell:create_environment_hook('marvin_sim', 'cmake_prefix_path')
[0.296s] INFO:colcon.colcon_core.shell:Creating environment hook '/home/user/ros2_ws/dynamic_ws/install/marvin_sim/share/marvin_sim/hook/cmake_prefix_path.ps1'
[0.297s] INFO:colcon.colcon_core.shell:Creating environment descriptor '/home/user/ros2_ws/dynamic_ws/install/marvin_sim/share/marvin_sim/hook/cmake_prefix_path.dsv'
[0.297s] INFO:colcon.colcon_core.shell:Creating environment hook '/home/user/ros2_ws/dynamic_ws/install/marvin_sim/share/marvin_sim/hook/cmake_prefix_path.sh'
[0.297s] Level 1:colcon.colcon_core.environment:checking '/home/user/ros2_ws/dynamic_ws/install/marvin_sim/lib'
[0.298s] Level 1:colcon.colcon_core.environment:checking '/home/user/ros2_ws/dynamic_ws/install/marvin_sim/bin'
[0.298s] Level 1:colcon.colcon_core.environment:checking '/home/user/ros2_ws/dynamic_ws/install/marvin_sim/lib/pkgconfig/marvin_sim.pc'
[0.298s] Level 1:colcon.colcon_core.environment:checking '/home/user/ros2_ws/dynamic_ws/install/marvin_sim/lib/python3.10/site-packages'
[0.298s] Level 1:colcon.colcon_core.environment:checking '/home/user/ros2_ws/dynamic_ws/install/marvin_sim/bin'
[0.298s] INFO:colcon.colcon_core.shell:Creating package script '/home/user/ros2_ws/dynamic_ws/install/marvin_sim/share/marvin_sim/package.ps1'
[0.298s] INFO:colcon.colcon_core.shell:Creating package descriptor '/home/user/ros2_ws/dynamic_ws/install/marvin_sim/share/marvin_sim/package.dsv'
[0.299s] INFO:colcon.colcon_core.shell:Creating package script '/home/user/ros2_ws/dynamic_ws/install/marvin_sim/share/marvin_sim/package.sh'
[0.299s] INFO:colcon.colcon_core.shell:Creating package script '/home/user/ros2_ws/dynamic_ws/install/marvin_sim/share/marvin_sim/package.bash'
[0.299s] INFO:colcon.colcon_core.shell:Creating package script '/home/user/ros2_ws/dynamic_ws/install/marvin_sim/share/marvin_sim/package.zsh'
[0.300s] Level 1:colcon.colcon_core.environment:create_file_with_runtime_dependencies(/home/user/ros2_ws/dynamic_ws/install/marvin_sim/share/colcon-core/packages/marvin_sim)
[0.300s] Level 1:colcon.colcon_core.environment:create_environment_scripts_only(marvin_sim)
[0.300s] Level 1:colcon.colcon_core.environment:checking '/home/user/ros2_ws/dynamic_ws/install/marvin_sim' for CMake module files
[0.301s] Level 1:colcon.colcon_core.environment:checking '/home/user/ros2_ws/dynamic_ws/install/marvin_sim' for CMake config files
[0.301s] Level 1:colcon.colcon_core.shell:create_environment_hook('marvin_sim', 'cmake_prefix_path')
[0.301s] INFO:colcon.colcon_core.shell:Creating environment hook '/home/user/ros2_ws/dynamic_ws/install/marvin_sim/share/marvin_sim/hook/cmake_prefix_path.ps1'
[0.302s] INFO:colcon.colcon_core.shell:Creating environment descriptor '/home/user/ros2_ws/dynamic_ws/install/marvin_sim/share/marvin_sim/hook/cmake_prefix_path.dsv'
[0.302s] INFO:colcon.colcon_core.shell:Creating environment hook '/home/user/ros2_ws/dynamic_ws/install/marvin_sim/share/marvin_sim/hook/cmake_prefix_path.sh'
[0.302s] Level 1:colcon.colcon_core.environment:checking '/home/user/ros2_ws/dynamic_ws/install/marvin_sim/lib'
[0.302s] Level 1:colcon.colcon_core.environment:checking '/home/user/ros2_ws/dynamic_ws/install/marvin_sim/bin'
[0.303s] Level 1:colcon.colcon_core.environment:checking '/home/user/ros2_ws/dynamic_ws/install/marvin_sim/lib/pkgconfig/marvin_sim.pc'
[0.303s] Level 1:colcon.colcon_core.environment:checking '/home/user/ros2_ws/dynamic_ws/install/marvin_sim/lib/python3.10/site-packages'
[0.303s] Level 1:colcon.colcon_core.environment:checking '/home/user/ros2_ws/dynamic_ws/install/marvin_sim/bin'
[0.303s] INFO:colcon.colcon_core.shell:Creating package script '/home/user/ros2_ws/dynamic_ws/install/marvin_sim/share/marvin_sim/package.ps1'
[0.303s] INFO:colcon.colcon_core.shell:Creating package descriptor '/home/user/ros2_ws/dynamic_ws/install/marvin_sim/share/marvin_sim/package.dsv'
[0.303s] INFO:colcon.colcon_core.shell:Creating package script '/home/user/ros2_ws/dynamic_ws/install/marvin_sim/share/marvin_sim/package.sh'
[0.303s] INFO:colcon.colcon_core.shell:Creating package script '/home/user/ros2_ws/dynamic_ws/install/marvin_sim/share/marvin_sim/package.bash'
[0.304s] INFO:colcon.colcon_core.shell:Creating package script '/home/user/ros2_ws/dynamic_ws/install/marvin_sim/share/marvin_sim/package.zsh'
[0.304s] Level 1:colcon.colcon_core.environment:create_file_with_runtime_dependencies(/home/user/ros2_ws/dynamic_ws/install/marvin_sim/share/colcon-core/packages/marvin_sim)
[0.305s] DEBUG:colcon.colcon_core.event_handler.log_command:Invoked command in '/home/user/ros2_ws/dynamic_ws/build/vi' returned '0': CMAKE_PREFIX_PATH=/opt/openrobots:/home/user/ros2_ws/dynamic_ws/install/w10_moveit_kinematics:/home/user/ros2_ws/dynamic_ws/install/w10_kinematics:/home/user/ros2_ws/dynamic_ws/install/w10_sim:/home/user/ros2_ws/dynamic_ws/install/w10_force_sim:/home/user/ros2_ws/dynamic_ws/install/vi_2p:/home/user/ros2_ws/dynamic_ws/install/vi:/home/user/ros2_ws/dynamic_ws/install/show_urdf:/home/user/ros2_ws/dynamic_ws/install/marvin_sim:/opt/ros/humble:/home/user/ros2_ws/w10_ws/install/w10-urdf:/home/user/ros2_ws/w10_ws/install/urdf_visualization:/opt/openrobots: /usr/bin/cmake --build /home/user/ros2_ws/dynamic_ws/build/vi -- -j32 -l32
[0.305s] DEBUG:colcon.colcon_core.event_handler.log_command:Invoking command in '/home/user/ros2_ws/dynamic_ws/build/vi': CMAKE_PREFIX_PATH=/opt/openrobots:/home/user/ros2_ws/dynamic_ws/install/w10_moveit_kinematics:/home/user/ros2_ws/dynamic_ws/install/w10_kinematics:/home/user/ros2_ws/dynamic_ws/install/w10_sim:/home/user/ros2_ws/dynamic_ws/install/w10_force_sim:/home/user/ros2_ws/dynamic_ws/install/vi_2p:/home/user/ros2_ws/dynamic_ws/install/vi:/home/user/ros2_ws/dynamic_ws/install/show_urdf:/home/user/ros2_ws/dynamic_ws/install/marvin_sim:/opt/ros/humble:/home/user/ros2_ws/w10_ws/install/w10-urdf:/home/user/ros2_ws/w10_ws/install/urdf_visualization:/opt/openrobots: /usr/bin/cmake --install /home/user/ros2_ws/dynamic_ws/build/vi
[0.306s] DEBUG:colcon.colcon_core.event_handler.log_command:Invoked command in '/home/user/ros2_ws/dynamic_ws/build/w10_force_sim' returned '0': CMAKE_PREFIX_PATH=/opt/openrobots:/home/user/ros2_ws/dynamic_ws/install/w10_moveit_kinematics:/home/user/ros2_ws/dynamic_ws/install/w10_kinematics:/home/user/ros2_ws/dynamic_ws/install/w10_sim:/home/user/ros2_ws/dynamic_ws/install/w10_force_sim:/home/user/ros2_ws/dynamic_ws/install/vi_2p:/home/user/ros2_ws/dynamic_ws/install/vi:/home/user/ros2_ws/dynamic_ws/install/show_urdf:/home/user/ros2_ws/dynamic_ws/install/marvin_sim:/opt/ros/humble:/home/user/ros2_ws/w10_ws/install/w10-urdf:/home/user/ros2_ws/w10_ws/install/urdf_visualization:/opt/openrobots: /usr/bin/cmake --build /home/user/ros2_ws/dynamic_ws/build/w10_force_sim -- -j32 -l32
[0.307s] Level 1:colcon.colcon_core.environment:create_environment_scripts_only(w10_sim)
[0.307s] Level 1:colcon.colcon_core.environment:checking '/home/user/ros2_ws/dynamic_ws/install/w10_sim' for CMake module files
[0.307s] DEBUG:colcon.colcon_core.event_handler.log_command:Invoking command in '/home/user/ros2_ws/dynamic_ws/build/w10_force_sim': CMAKE_PREFIX_PATH=/opt/openrobots:/home/user/ros2_ws/dynamic_ws/install/w10_moveit_kinematics:/home/user/ros2_ws/dynamic_ws/install/w10_kinematics:/home/user/ros2_ws/dynamic_ws/install/w10_sim:/home/user/ros2_ws/dynamic_ws/install/w10_force_sim:/home/user/ros2_ws/dynamic_ws/install/vi_2p:/home/user/ros2_ws/dynamic_ws/install/vi:/home/user/ros2_ws/dynamic_ws/install/show_urdf:/home/user/ros2_ws/dynamic_ws/install/marvin_sim:/opt/ros/humble:/home/user/ros2_ws/w10_ws/install/w10-urdf:/home/user/ros2_ws/w10_ws/install/urdf_visualization:/opt/openrobots: /usr/bin/cmake --install /home/user/ros2_ws/dynamic_ws/build/w10_force_sim
[0.308s] DEBUG:colcon.colcon_core.event_handler.log_command:Invoked command in '/home/user/ros2_ws/dynamic_ws/build/w10_sim' returned '0': CMAKE_PREFIX_PATH=/opt/openrobots:/home/user/ros2_ws/dynamic_ws/install/w10_moveit_kinematics:/home/user/ros2_ws/dynamic_ws/install/w10_kinematics:/home/user/ros2_ws/dynamic_ws/install/w10_sim:/home/user/ros2_ws/dynamic_ws/install/w10_force_sim:/home/user/ros2_ws/dynamic_ws/install/vi_2p:/home/user/ros2_ws/dynamic_ws/install/vi:/home/user/ros2_ws/dynamic_ws/install/show_urdf:/home/user/ros2_ws/dynamic_ws/install/marvin_sim:/opt/ros/humble:/home/user/ros2_ws/w10_ws/install/w10-urdf:/home/user/ros2_ws/w10_ws/install/urdf_visualization:/opt/openrobots: /usr/bin/cmake --install /home/user/ros2_ws/dynamic_ws/build/w10_sim
[0.308s] Level 1:colcon.colcon_core.environment:checking '/home/user/ros2_ws/dynamic_ws/install/w10_sim' for CMake config files
[0.308s] Level 1:colcon.colcon_core.shell:create_environment_hook('w10_sim', 'cmake_prefix_path')
[0.308s] INFO:colcon.colcon_core.shell:Creating environment hook '/home/user/ros2_ws/dynamic_ws/install/w10_sim/share/w10_sim/hook/cmake_prefix_path.ps1'
[0.308s] INFO:colcon.colcon_core.shell:Creating environment descriptor '/home/user/ros2_ws/dynamic_ws/install/w10_sim/share/w10_sim/hook/cmake_prefix_path.dsv'
[0.308s] INFO:colcon.colcon_core.shell:Creating environment hook '/home/user/ros2_ws/dynamic_ws/install/w10_sim/share/w10_sim/hook/cmake_prefix_path.sh'
[0.309s] Level 1:colcon.colcon_core.environment:checking '/home/user/ros2_ws/dynamic_ws/install/w10_sim/lib'
[0.309s] Level 1:colcon.colcon_core.environment:checking '/home/user/ros2_ws/dynamic_ws/install/w10_sim/bin'
[0.309s] Level 1:colcon.colcon_core.environment:checking '/home/user/ros2_ws/dynamic_ws/install/w10_sim/lib/pkgconfig/w10_sim.pc'
[0.309s] Level 1:colcon.colcon_core.environment:checking '/home/user/ros2_ws/dynamic_ws/install/w10_sim/lib/python3.10/site-packages'
[0.310s] Level 1:colcon.colcon_core.environment:checking '/home/user/ros2_ws/dynamic_ws/install/w10_sim/bin'
[0.310s] INFO:colcon.colcon_core.shell:Creating package script '/home/user/ros2_ws/dynamic_ws/install/w10_sim/share/w10_sim/package.ps1'
[0.310s] INFO:colcon.colcon_core.shell:Creating package descriptor '/home/user/ros2_ws/dynamic_ws/install/w10_sim/share/w10_sim/package.dsv'
[0.311s] INFO:colcon.colcon_core.shell:Creating package script '/home/user/ros2_ws/dynamic_ws/install/w10_sim/share/w10_sim/package.sh'
[0.311s] INFO:colcon.colcon_core.shell:Creating package script '/home/user/ros2_ws/dynamic_ws/install/w10_sim/share/w10_sim/package.bash'
[0.311s] INFO:colcon.colcon_core.shell:Creating package script '/home/user/ros2_ws/dynamic_ws/install/w10_sim/share/w10_sim/package.zsh'
[0.312s] Level 1:colcon.colcon_core.environment:create_file_with_runtime_dependencies(/home/user/ros2_ws/dynamic_ws/install/w10_sim/share/colcon-core/packages/w10_sim)
[0.312s] Level 1:colcon.colcon_core.environment:create_environment_scripts_only(w10_sim)
[0.312s] Level 1:colcon.colcon_core.environment:checking '/home/user/ros2_ws/dynamic_ws/install/w10_sim' for CMake module files
[0.313s] Level 1:colcon.colcon_core.environment:checking '/home/user/ros2_ws/dynamic_ws/install/w10_sim' for CMake config files
[0.314s] Level 1:colcon.colcon_core.shell:create_environment_hook('w10_sim', 'cmake_prefix_path')
[0.314s] INFO:colcon.colcon_core.shell:Creating environment hook '/home/user/ros2_ws/dynamic_ws/install/w10_sim/share/w10_sim/hook/cmake_prefix_path.ps1'
[0.314s] INFO:colcon.colcon_core.shell:Creating environment descriptor '/home/user/ros2_ws/dynamic_ws/install/w10_sim/share/w10_sim/hook/cmake_prefix_path.dsv'
[0.314s] INFO:colcon.colcon_core.shell:Creating environment hook '/home/user/ros2_ws/dynamic_ws/install/w10_sim/share/w10_sim/hook/cmake_prefix_path.sh'
[0.314s] Level 1:colcon.colcon_core.environment:checking '/home/user/ros2_ws/dynamic_ws/install/w10_sim/lib'
[0.315s] Level 1:colcon.colcon_core.environment:checking '/home/user/ros2_ws/dynamic_ws/install/w10_sim/bin'
[0.315s] Level 1:colcon.colcon_core.environment:checking '/home/user/ros2_ws/dynamic_ws/install/w10_sim/lib/pkgconfig/w10_sim.pc'
[0.315s] Level 1:colcon.colcon_core.environment:checking '/home/user/ros2_ws/dynamic_ws/install/w10_sim/lib/python3.10/site-packages'
[0.315s] Level 1:colcon.colcon_core.environment:checking '/home/user/ros2_ws/dynamic_ws/install/w10_sim/bin'
[0.315s] INFO:colcon.colcon_core.shell:Creating package script '/home/user/ros2_ws/dynamic_ws/install/w10_sim/share/w10_sim/package.ps1'
[0.315s] INFO:colcon.colcon_core.shell:Creating package descriptor '/home/user/ros2_ws/dynamic_ws/install/w10_sim/share/w10_sim/package.dsv'
[0.315s] INFO:colcon.colcon_core.shell:Creating package script '/home/user/ros2_ws/dynamic_ws/install/w10_sim/share/w10_sim/package.sh'
[0.316s] INFO:colcon.colcon_core.shell:Creating package script '/home/user/ros2_ws/dynamic_ws/install/w10_sim/share/w10_sim/package.bash'
[0.316s] INFO:colcon.colcon_core.shell:Creating package script '/home/user/ros2_ws/dynamic_ws/install/w10_sim/share/w10_sim/package.zsh'
[0.316s] Level 1:colcon.colcon_core.environment:create_file_with_runtime_dependencies(/home/user/ros2_ws/dynamic_ws/install/w10_sim/share/colcon-core/packages/w10_sim)
[0.317s] INFO:colcon.colcon_ros.task.ament_cmake.build:Building ROS package in '/home/user/ros2_ws/dynamic_ws/src/w10_kinematics' with build type 'ament_cmake'
[0.317s] INFO:colcon.colcon_cmake.task.cmake.build:Building CMake package in '/home/user/ros2_ws/dynamic_ws/src/w10_kinematics'
[0.317s] DEBUG:colcon.colcon_core.event_handler.log_command:Invoked command in '/home/user/ros2_ws/dynamic_ws/build/vi_2p' returned '0': CMAKE_PREFIX_PATH=/opt/openrobots:/home/user/ros2_ws/dynamic_ws/install/w10_moveit_kinematics:/home/user/ros2_ws/dynamic_ws/install/w10_kinematics:/home/user/ros2_ws/dynamic_ws/install/w10_sim:/home/user/ros2_ws/dynamic_ws/install/w10_force_sim:/home/user/ros2_ws/dynamic_ws/install/vi_2p:/home/user/ros2_ws/dynamic_ws/install/vi:/home/user/ros2_ws/dynamic_ws/install/show_urdf:/home/user/ros2_ws/dynamic_ws/install/marvin_sim:/opt/ros/humble:/home/user/ros2_ws/w10_ws/install/w10-urdf:/home/user/ros2_ws/w10_ws/install/urdf_visualization:/opt/openrobots: /usr/bin/cmake --build /home/user/ros2_ws/dynamic_ws/build/vi_2p -- -j32 -l32
[0.317s] INFO:colcon.colcon_core.shell:Skip shell extension 'powershell' for command environment: Not usable outside of PowerShell
[0.318s] DEBUG:colcon.colcon_core.shell:Skip shell extension 'dsv' for command environment
[0.318s] DEBUG:colcon.colcon_core.event_handler.log_command:Invoking command in '/home/user/ros2_ws/dynamic_ws/build/vi_2p': CMAKE_PREFIX_PATH=/opt/openrobots:/home/user/ros2_ws/dynamic_ws/install/w10_moveit_kinematics:/home/user/ros2_ws/dynamic_ws/install/w10_kinematics:/home/user/ros2_ws/dynamic_ws/install/w10_sim:/home/user/ros2_ws/dynamic_ws/install/w10_force_sim:/home/user/ros2_ws/dynamic_ws/install/vi_2p:/home/user/ros2_ws/dynamic_ws/install/vi:/home/user/ros2_ws/dynamic_ws/install/show_urdf:/home/user/ros2_ws/dynamic_ws/install/marvin_sim:/opt/ros/humble:/home/user/ros2_ws/w10_ws/install/w10-urdf:/home/user/ros2_ws/w10_ws/install/urdf_visualization:/opt/openrobots: /usr/bin/cmake --install /home/user/ros2_ws/dynamic_ws/build/vi_2p
[0.322s] INFO:colcon.colcon_ros.task.ament_cmake.build:Building ROS package in '/home/user/ros2_ws/dynamic_ws/src/w10_moveit_kinematics' with build type 'ament_cmake'
[0.322s] INFO:colcon.colcon_cmake.task.cmake.build:Building CMake package in '/home/user/ros2_ws/dynamic_ws/src/w10_moveit_kinematics'
[0.322s] INFO:colcon.colcon_core.shell:Skip shell extension 'powershell' for command environment: Not usable outside of PowerShell
[0.322s] DEBUG:colcon.colcon_core.shell:Skip shell extension 'dsv' for command environment
[0.325s] Level 1:colcon.colcon_core.environment:create_environment_scripts_only(vi)
[0.325s] Level 1:colcon.colcon_core.environment:checking '/home/user/ros2_ws/dynamic_ws/install/vi' for CMake module files
[0.325s] DEBUG:colcon.colcon_core.event_handler.log_command:Invoked command in '/home/user/ros2_ws/dynamic_ws/build/vi' returned '0': CMAKE_PREFIX_PATH=/opt/openrobots:/home/user/ros2_ws/dynamic_ws/install/w10_moveit_kinematics:/home/user/ros2_ws/dynamic_ws/install/w10_kinematics:/home/user/ros2_ws/dynamic_ws/install/w10_sim:/home/user/ros2_ws/dynamic_ws/install/w10_force_sim:/home/user/ros2_ws/dynamic_ws/install/vi_2p:/home/user/ros2_ws/dynamic_ws/install/vi:/home/user/ros2_ws/dynamic_ws/install/show_urdf:/home/user/ros2_ws/dynamic_ws/install/marvin_sim:/opt/ros/humble:/home/user/ros2_ws/w10_ws/install/w10-urdf:/home/user/ros2_ws/w10_ws/install/urdf_visualization:/opt/openrobots: /usr/bin/cmake --install /home/user/ros2_ws/dynamic_ws/build/vi
[0.326s] Level 1:colcon.colcon_core.environment:checking '/home/user/ros2_ws/dynamic_ws/install/vi' for CMake config files
[0.327s] Level 1:colcon.colcon_core.shell:create_environment_hook('vi', 'cmake_prefix_path')
[0.327s] INFO:colcon.colcon_core.shell:Creating environment hook '/home/user/ros2_ws/dynamic_ws/install/vi/share/vi/hook/cmake_prefix_path.ps1'
[0.328s] INFO:colcon.colcon_core.shell:Creating environment descriptor '/home/user/ros2_ws/dynamic_ws/install/vi/share/vi/hook/cmake_prefix_path.dsv'
[0.328s] INFO:colcon.colcon_core.shell:Creating environment hook '/home/user/ros2_ws/dynamic_ws/install/vi/share/vi/hook/cmake_prefix_path.sh'
[0.329s] Level 1:colcon.colcon_core.environment:checking '/home/user/ros2_ws/dynamic_ws/install/vi/lib'
[0.329s] Level 1:colcon.colcon_core.environment:checking '/home/user/ros2_ws/dynamic_ws/install/vi/bin'
[0.329s] Level 1:colcon.colcon_core.environment:checking '/home/user/ros2_ws/dynamic_ws/install/vi/lib/pkgconfig/vi.pc'
[0.329s] Level 1:colcon.colcon_core.environment:checking '/home/user/ros2_ws/dynamic_ws/install/vi/lib/python3.10/site-packages'
[0.329s] Level 1:colcon.colcon_core.environment:checking '/home/user/ros2_ws/dynamic_ws/install/vi/bin'
[0.330s] INFO:colcon.colcon_core.shell:Creating package script '/home/user/ros2_ws/dynamic_ws/install/vi/share/vi/package.ps1'
[0.330s] INFO:colcon.colcon_core.shell:Creating package descriptor '/home/user/ros2_ws/dynamic_ws/install/vi/share/vi/package.dsv'
[0.330s] INFO:colcon.colcon_core.shell:Creating package script '/home/user/ros2_ws/dynamic_ws/install/vi/share/vi/package.sh'
[0.331s] INFO:colcon.colcon_core.shell:Creating package script '/home/user/ros2_ws/dynamic_ws/install/vi/share/vi/package.bash'
[0.331s] INFO:colcon.colcon_core.shell:Creating package script '/home/user/ros2_ws/dynamic_ws/install/vi/share/vi/package.zsh'
[0.331s] Level 1:colcon.colcon_core.environment:create_file_with_runtime_dependencies(/home/user/ros2_ws/dynamic_ws/install/vi/share/colcon-core/packages/vi)
[0.331s] Level 1:colcon.colcon_core.environment:create_environment_scripts_only(vi)
[0.331s] Level 1:colcon.colcon_core.environment:checking '/home/user/ros2_ws/dynamic_ws/install/vi' for CMake module files
[0.332s] Level 1:colcon.colcon_core.environment:checking '/home/user/ros2_ws/dynamic_ws/install/vi' for CMake config files
[0.332s] Level 1:colcon.colcon_core.shell:create_environment_hook('vi', 'cmake_prefix_path')
[0.332s] INFO:colcon.colcon_core.shell:Creating environment hook '/home/user/ros2_ws/dynamic_ws/install/vi/share/vi/hook/cmake_prefix_path.ps1'
[0.332s] INFO:colcon.colcon_core.shell:Creating environment descriptor '/home/user/ros2_ws/dynamic_ws/install/vi/share/vi/hook/cmake_prefix_path.dsv'
[0.332s] INFO:colcon.colcon_core.shell:Creating environment hook '/home/user/ros2_ws/dynamic_ws/install/vi/share/vi/hook/cmake_prefix_path.sh'
[0.332s] Level 1:colcon.colcon_core.environment:checking '/home/user/ros2_ws/dynamic_ws/install/vi/lib'
[0.332s] Level 1:colcon.colcon_core.environment:checking '/home/user/ros2_ws/dynamic_ws/install/vi/bin'
[0.332s] Level 1:colcon.colcon_core.environment:checking '/home/user/ros2_ws/dynamic_ws/install/vi/lib/pkgconfig/vi.pc'
[0.332s] Level 1:colcon.colcon_core.environment:checking '/home/user/ros2_ws/dynamic_ws/install/vi/lib/python3.10/site-packages'
[0.333s] Level 1:colcon.colcon_core.environment:checking '/home/user/ros2_ws/dynamic_ws/install/vi/bin'
[0.333s] INFO:colcon.colcon_core.shell:Creating package script '/home/user/ros2_ws/dynamic_ws/install/vi/share/vi/package.ps1'
[0.333s] INFO:colcon.colcon_core.shell:Creating package descriptor '/home/user/ros2_ws/dynamic_ws/install/vi/share/vi/package.dsv'
[0.333s] INFO:colcon.colcon_core.shell:Creating package script '/home/user/ros2_ws/dynamic_ws/install/vi/share/vi/package.sh'
[0.333s] INFO:colcon.colcon_core.shell:Creating package script '/home/user/ros2_ws/dynamic_ws/install/vi/share/vi/package.bash'
[0.333s] INFO:colcon.colcon_core.shell:Creating package script '/home/user/ros2_ws/dynamic_ws/install/vi/share/vi/package.zsh'
[0.334s] Level 1:colcon.colcon_core.environment:create_file_with_runtime_dependencies(/home/user/ros2_ws/dynamic_ws/install/vi/share/colcon-core/packages/vi)
[0.334s] Level 1:colcon.colcon_core.environment:create_environment_scripts_only(w10_force_sim)
[0.334s] Level 1:colcon.colcon_core.environment:checking '/home/user/ros2_ws/dynamic_ws/install/w10_force_sim' for CMake module files
[0.334s] DEBUG:colcon.colcon_core.event_handler.log_command:Invoked command in '/home/user/ros2_ws/dynamic_ws/build/w10_force_sim' returned '0': CMAKE_PREFIX_PATH=/opt/openrobots:/home/user/ros2_ws/dynamic_ws/install/w10_moveit_kinematics:/home/user/ros2_ws/dynamic_ws/install/w10_kinematics:/home/user/ros2_ws/dynamic_ws/install/w10_sim:/home/user/ros2_ws/dynamic_ws/install/w10_force_sim:/home/user/ros2_ws/dynamic_ws/install/vi_2p:/home/user/ros2_ws/dynamic_ws/install/vi:/home/user/ros2_ws/dynamic_ws/install/show_urdf:/home/user/ros2_ws/dynamic_ws/install/marvin_sim:/opt/ros/humble:/home/user/ros2_ws/w10_ws/install/w10-urdf:/home/user/ros2_ws/w10_ws/install/urdf_visualization:/opt/openrobots: /usr/bin/cmake --install /home/user/ros2_ws/dynamic_ws/build/w10_force_sim
[0.335s] Level 1:colcon.colcon_core.environment:checking '/home/user/ros2_ws/dynamic_ws/install/w10_force_sim' for CMake config files
[0.335s] Level 1:colcon.colcon_core.shell:create_environment_hook('w10_force_sim', 'cmake_prefix_path')
[0.335s] INFO:colcon.colcon_core.shell:Creating environment hook '/home/user/ros2_ws/dynamic_ws/install/w10_force_sim/share/w10_force_sim/hook/cmake_prefix_path.ps1'
[0.336s] INFO:colcon.colcon_core.shell:Creating environment descriptor '/home/user/ros2_ws/dynamic_ws/install/w10_force_sim/share/w10_force_sim/hook/cmake_prefix_path.dsv'
[0.336s] INFO:colcon.colcon_core.shell:Creating environment hook '/home/user/ros2_ws/dynamic_ws/install/w10_force_sim/share/w10_force_sim/hook/cmake_prefix_path.sh'
[0.336s] Level 1:colcon.colcon_core.environment:checking '/home/user/ros2_ws/dynamic_ws/install/w10_force_sim/lib'
[0.336s] Level 1:colcon.colcon_core.environment:checking '/home/user/ros2_ws/dynamic_ws/install/w10_force_sim/bin'
[0.336s] Level 1:colcon.colcon_core.environment:checking '/home/user/ros2_ws/dynamic_ws/install/w10_force_sim/lib/pkgconfig/w10_force_sim.pc'
[0.336s] Level 1:colcon.colcon_core.environment:checking '/home/user/ros2_ws/dynamic_ws/install/w10_force_sim/lib/python3.10/site-packages'
[0.336s] Level 1:colcon.colcon_core.environment:checking '/home/user/ros2_ws/dynamic_ws/install/w10_force_sim/bin'
[0.336s] INFO:colcon.colcon_core.shell:Creating package script '/home/user/ros2_ws/dynamic_ws/install/w10_force_sim/share/w10_force_sim/package.ps1'
[0.337s] INFO:colcon.colcon_core.shell:Creating package descriptor '/home/user/ros2_ws/dynamic_ws/install/w10_force_sim/share/w10_force_sim/package.dsv'
[0.337s] INFO:colcon.colcon_core.shell:Creating package script '/home/user/ros2_ws/dynamic_ws/install/w10_force_sim/share/w10_force_sim/package.sh'
[0.337s] INFO:colcon.colcon_core.shell:Creating package script '/home/user/ros2_ws/dynamic_ws/install/w10_force_sim/share/w10_force_sim/package.bash'
[0.337s] INFO:colcon.colcon_core.shell:Creating package script '/home/user/ros2_ws/dynamic_ws/install/w10_force_sim/share/w10_force_sim/package.zsh'
[0.337s] Level 1:colcon.colcon_core.environment:create_file_with_runtime_dependencies(/home/user/ros2_ws/dynamic_ws/install/w10_force_sim/share/colcon-core/packages/w10_force_sim)
[0.337s] Level 1:colcon.colcon_core.environment:create_environment_scripts_only(w10_force_sim)
[0.337s] Level 1:colcon.colcon_core.environment:checking '/home/user/ros2_ws/dynamic_ws/install/w10_force_sim' for CMake module files
[0.338s] Level 1:colcon.colcon_core.environment:checking '/home/user/ros2_ws/dynamic_ws/install/w10_force_sim' for CMake config files
[0.338s] Level 1:colcon.colcon_core.shell:create_environment_hook('w10_force_sim', 'cmake_prefix_path')
[0.338s] INFO:colcon.colcon_core.shell:Creating environment hook '/home/user/ros2_ws/dynamic_ws/install/w10_force_sim/share/w10_force_sim/hook/cmake_prefix_path.ps1'
[0.339s] INFO:colcon.colcon_core.shell:Creating environment descriptor '/home/user/ros2_ws/dynamic_ws/install/w10_force_sim/share/w10_force_sim/hook/cmake_prefix_path.dsv'
[0.339s] INFO:colcon.colcon_core.shell:Creating environment hook '/home/user/ros2_ws/dynamic_ws/install/w10_force_sim/share/w10_force_sim/hook/cmake_prefix_path.sh'
[0.339s] Level 1:colcon.colcon_core.environment:checking '/home/user/ros2_ws/dynamic_ws/install/w10_force_sim/lib'
[0.339s] Level 1:colcon.colcon_core.environment:checking '/home/user/ros2_ws/dynamic_ws/install/w10_force_sim/bin'
[0.339s] Level 1:colcon.colcon_core.environment:checking '/home/user/ros2_ws/dynamic_ws/install/w10_force_sim/lib/pkgconfig/w10_force_sim.pc'
[0.339s] Level 1:colcon.colcon_core.environment:checking '/home/user/ros2_ws/dynamic_ws/install/w10_force_sim/lib/python3.10/site-packages'
[0.339s] Level 1:colcon.colcon_core.environment:checking '/home/user/ros2_ws/dynamic_ws/install/w10_force_sim/bin'
[0.340s] INFO:colcon.colcon_core.shell:Creating package script '/home/user/ros2_ws/dynamic_ws/install/w10_force_sim/share/w10_force_sim/package.ps1'
[0.340s] INFO:colcon.colcon_core.shell:Creating package descriptor '/home/user/ros2_ws/dynamic_ws/install/w10_force_sim/share/w10_force_sim/package.dsv'
[0.340s] INFO:colcon.colcon_core.shell:Creating package script '/home/user/ros2_ws/dynamic_ws/install/w10_force_sim/share/w10_force_sim/package.sh'
[0.340s] INFO:colcon.colcon_core.shell:Creating package script '/home/user/ros2_ws/dynamic_ws/install/w10_force_sim/share/w10_force_sim/package.bash'
[0.340s] INFO:colcon.colcon_core.shell:Creating package script '/home/user/ros2_ws/dynamic_ws/install/w10_force_sim/share/w10_force_sim/package.zsh'
[0.340s] Level 1:colcon.colcon_core.environment:create_file_with_runtime_dependencies(/home/user/ros2_ws/dynamic_ws/install/w10_force_sim/share/colcon-core/packages/w10_force_sim)
[0.341s] Level 1:colcon.colcon_core.environment:create_environment_scripts_only(vi_2p)
[0.341s] Level 1:colcon.colcon_core.environment:checking '/home/user/ros2_ws/dynamic_ws/install/vi_2p' for CMake module files
[0.341s] DEBUG:colcon.colcon_core.event_handler.log_command:Invoked command in '/home/user/ros2_ws/dynamic_ws/build/vi_2p' returned '0': CMAKE_PREFIX_PATH=/opt/openrobots:/home/user/ros2_ws/dynamic_ws/install/w10_moveit_kinematics:/home/user/ros2_ws/dynamic_ws/install/w10_kinematics:/home/user/ros2_ws/dynamic_ws/install/w10_sim:/home/user/ros2_ws/dynamic_ws/install/w10_force_sim:/home/user/ros2_ws/dynamic_ws/install/vi_2p:/home/user/ros2_ws/dynamic_ws/install/vi:/home/user/ros2_ws/dynamic_ws/install/show_urdf:/home/user/ros2_ws/dynamic_ws/install/marvin_sim:/opt/ros/humble:/home/user/ros2_ws/w10_ws/install/w10-urdf:/home/user/ros2_ws/w10_ws/install/urdf_visualization:/opt/openrobots: /usr/bin/cmake --install /home/user/ros2_ws/dynamic_ws/build/vi_2p
[0.342s] Level 1:colcon.colcon_core.environment:checking '/home/user/ros2_ws/dynamic_ws/install/vi_2p' for CMake config files
[0.342s] Level 1:colcon.colcon_core.shell:create_environment_hook('vi_2p', 'cmake_prefix_path')
[0.342s] INFO:colcon.colcon_core.shell:Creating environment hook '/home/user/ros2_ws/dynamic_ws/install/vi_2p/share/vi_2p/hook/cmake_prefix_path.ps1'
[0.342s] INFO:colcon.colcon_core.shell:Creating environment descriptor '/home/user/ros2_ws/dynamic_ws/install/vi_2p/share/vi_2p/hook/cmake_prefix_path.dsv'
[0.342s] INFO:colcon.colcon_core.shell:Creating environment hook '/home/user/ros2_ws/dynamic_ws/install/vi_2p/share/vi_2p/hook/cmake_prefix_path.sh'
[0.342s] Level 1:colcon.colcon_core.environment:checking '/home/user/ros2_ws/dynamic_ws/install/vi_2p/lib'
[0.342s] Level 1:colcon.colcon_core.environment:checking '/home/user/ros2_ws/dynamic_ws/install/vi_2p/bin'
[0.342s] Level 1:colcon.colcon_core.environment:checking '/home/user/ros2_ws/dynamic_ws/install/vi_2p/lib/pkgconfig/vi_2p.pc'
[0.343s] Level 1:colcon.colcon_core.environment:checking '/home/user/ros2_ws/dynamic_ws/install/vi_2p/lib/python3.10/site-packages'
[0.343s] Level 1:colcon.colcon_core.environment:checking '/home/user/ros2_ws/dynamic_ws/install/vi_2p/bin'
[0.343s] INFO:colcon.colcon_core.shell:Creating package script '/home/user/ros2_ws/dynamic_ws/install/vi_2p/share/vi_2p/package.ps1'
[0.343s] INFO:colcon.colcon_core.shell:Creating package descriptor '/home/user/ros2_ws/dynamic_ws/install/vi_2p/share/vi_2p/package.dsv'
[0.343s] INFO:colcon.colcon_core.shell:Creating package script '/home/user/ros2_ws/dynamic_ws/install/vi_2p/share/vi_2p/package.sh'
[0.343s] INFO:colcon.colcon_core.shell:Creating package script '/home/user/ros2_ws/dynamic_ws/install/vi_2p/share/vi_2p/package.bash'
[0.344s] INFO:colcon.colcon_core.shell:Creating package script '/home/user/ros2_ws/dynamic_ws/install/vi_2p/share/vi_2p/package.zsh'
[0.344s] Level 1:colcon.colcon_core.environment:create_file_with_runtime_dependencies(/home/user/ros2_ws/dynamic_ws/install/vi_2p/share/colcon-core/packages/vi_2p)
[0.344s] Level 1:colcon.colcon_core.environment:create_environment_scripts_only(vi_2p)
[0.344s] Level 1:colcon.colcon_core.environment:checking '/home/user/ros2_ws/dynamic_ws/install/vi_2p' for CMake module files
[0.344s] Level 1:colcon.colcon_core.environment:checking '/home/user/ros2_ws/dynamic_ws/install/vi_2p' for CMake config files
[0.344s] Level 1:colcon.colcon_core.shell:create_environment_hook('vi_2p', 'cmake_prefix_path')
[0.344s] INFO:colcon.colcon_core.shell:Creating environment hook '/home/user/ros2_ws/dynamic_ws/install/vi_2p/share/vi_2p/hook/cmake_prefix_path.ps1'
[0.345s] INFO:colcon.colcon_core.shell:Creating environment descriptor '/home/user/ros2_ws/dynamic_ws/install/vi_2p/share/vi_2p/hook/cmake_prefix_path.dsv'
[0.345s] INFO:colcon.colcon_core.shell:Creating environment hook '/home/user/ros2_ws/dynamic_ws/install/vi_2p/share/vi_2p/hook/cmake_prefix_path.sh'
[0.345s] Level 1:colcon.colcon_core.environment:checking '/home/user/ros2_ws/dynamic_ws/install/vi_2p/lib'
[0.345s] Level 1:colcon.colcon_core.environment:checking '/home/user/ros2_ws/dynamic_ws/install/vi_2p/bin'
[0.345s] Level 1:colcon.colcon_core.environment:checking '/home/user/ros2_ws/dynamic_ws/install/vi_2p/lib/pkgconfig/vi_2p.pc'
[0.345s] Level 1:colcon.colcon_core.environment:checking '/home/user/ros2_ws/dynamic_ws/install/vi_2p/lib/python3.10/site-packages'
[0.345s] Level 1:colcon.colcon_core.environment:checking '/home/user/ros2_ws/dynamic_ws/install/vi_2p/bin'
[0.345s] INFO:colcon.colcon_core.shell:Creating package script '/home/user/ros2_ws/dynamic_ws/install/vi_2p/share/vi_2p/package.ps1'
[0.346s] INFO:colcon.colcon_core.shell:Creating package descriptor '/home/user/ros2_ws/dynamic_ws/install/vi_2p/share/vi_2p/package.dsv'
[0.346s] INFO:colcon.colcon_core.shell:Creating package script '/home/user/ros2_ws/dynamic_ws/install/vi_2p/share/vi_2p/package.sh'
[0.346s] INFO:colcon.colcon_core.shell:Creating package script '/home/user/ros2_ws/dynamic_ws/install/vi_2p/share/vi_2p/package.bash'
[0.346s] INFO:colcon.colcon_core.shell:Creating package script '/home/user/ros2_ws/dynamic_ws/install/vi_2p/share/vi_2p/package.zsh'
[0.346s] Level 1:colcon.colcon_core.environment:create_file_with_runtime_dependencies(/home/user/ros2_ws/dynamic_ws/install/vi_2p/share/colcon-core/packages/vi_2p)
[0.348s] DEBUG:colcon.colcon_core.event_handler.log_command:Invoking command in '/home/user/ros2_ws/dynamic_ws/build/w10_kinematics': CMAKE_PREFIX_PATH=/home/user/ros2_ws/dynamic_ws/install/w10_sim:/opt/openrobots:/home/user/ros2_ws/dynamic_ws/install/w10_moveit_kinematics:/home/user/ros2_ws/dynamic_ws/install/w10_kinematics:/home/user/ros2_ws/dynamic_ws/install/w10_force_sim:/home/user/ros2_ws/dynamic_ws/install/vi_2p:/home/user/ros2_ws/dynamic_ws/install/vi:/home/user/ros2_ws/dynamic_ws/install/show_urdf:/home/user/ros2_ws/dynamic_ws/install/marvin_sim:/opt/ros/humble:/home/user/ros2_ws/w10_ws/install/w10-urdf:/home/user/ros2_ws/w10_ws/install/urdf_visualization:/opt/openrobots /usr/bin/cmake --build /home/user/ros2_ws/dynamic_ws/build/w10_kinematics -- -j32 -l32
[0.350s] DEBUG:colcon.colcon_core.event_handler.log_command:Invoking command in '/home/user/ros2_ws/dynamic_ws/build/w10_moveit_kinematics': CMAKE_PREFIX_PATH=/home/user/ros2_ws/dynamic_ws/install/w10_sim:/opt/openrobots:/home/user/ros2_ws/dynamic_ws/install/w10_moveit_kinematics:/home/user/ros2_ws/dynamic_ws/install/w10_kinematics:/home/user/ros2_ws/dynamic_ws/install/w10_force_sim:/home/user/ros2_ws/dynamic_ws/install/vi_2p:/home/user/ros2_ws/dynamic_ws/install/vi:/home/user/ros2_ws/dynamic_ws/install/show_urdf:/home/user/ros2_ws/dynamic_ws/install/marvin_sim:/opt/ros/humble:/home/user/ros2_ws/w10_ws/install/w10-urdf:/home/user/ros2_ws/w10_ws/install/urdf_visualization:/opt/openrobots /usr/bin/cmake --build /home/user/ros2_ws/dynamic_ws/build/w10_moveit_kinematics -- -j32 -l32
[0.440s] DEBUG:colcon.colcon_core.event_handler.log_command:Invoked command in '/home/user/ros2_ws/dynamic_ws/build/w10_kinematics' returned '0': CMAKE_PREFIX_PATH=/home/user/ros2_ws/dynamic_ws/install/w10_sim:/opt/openrobots:/home/user/ros2_ws/dynamic_ws/install/w10_moveit_kinematics:/home/user/ros2_ws/dynamic_ws/install/w10_kinematics:/home/user/ros2_ws/dynamic_ws/install/w10_force_sim:/home/user/ros2_ws/dynamic_ws/install/vi_2p:/home/user/ros2_ws/dynamic_ws/install/vi:/home/user/ros2_ws/dynamic_ws/install/show_urdf:/home/user/ros2_ws/dynamic_ws/install/marvin_sim:/opt/ros/humble:/home/user/ros2_ws/w10_ws/install/w10-urdf:/home/user/ros2_ws/w10_ws/install/urdf_visualization:/opt/openrobots /usr/bin/cmake --build /home/user/ros2_ws/dynamic_ws/build/w10_kinematics -- -j32 -l32
[0.441s] DEBUG:colcon.colcon_core.event_handler.log_command:Invoking command in '/home/user/ros2_ws/dynamic_ws/build/w10_kinematics': CMAKE_PREFIX_PATH=/home/user/ros2_ws/dynamic_ws/install/w10_sim:/opt/openrobots:/home/user/ros2_ws/dynamic_ws/install/w10_moveit_kinematics:/home/user/ros2_ws/dynamic_ws/install/w10_kinematics:/home/user/ros2_ws/dynamic_ws/install/w10_force_sim:/home/user/ros2_ws/dynamic_ws/install/vi_2p:/home/user/ros2_ws/dynamic_ws/install/vi:/home/user/ros2_ws/dynamic_ws/install/show_urdf:/home/user/ros2_ws/dynamic_ws/install/marvin_sim:/opt/ros/humble:/home/user/ros2_ws/w10_ws/install/w10-urdf:/home/user/ros2_ws/w10_ws/install/urdf_visualization:/opt/openrobots /usr/bin/cmake --install /home/user/ros2_ws/dynamic_ws/build/w10_kinematics
[0.452s] Level 1:colcon.colcon_core.environment:create_environment_scripts_only(w10_kinematics)
[0.452s] Level 1:colcon.colcon_core.environment:checking '/home/user/ros2_ws/dynamic_ws/install/w10_kinematics' for CMake module files
[0.452s] DEBUG:colcon.colcon_core.event_handler.log_command:Invoked command in '/home/user/ros2_ws/dynamic_ws/build/w10_kinematics' returned '0': CMAKE_PREFIX_PATH=/home/user/ros2_ws/dynamic_ws/install/w10_sim:/opt/openrobots:/home/user/ros2_ws/dynamic_ws/install/w10_moveit_kinematics:/home/user/ros2_ws/dynamic_ws/install/w10_kinematics:/home/user/ros2_ws/dynamic_ws/install/w10_force_sim:/home/user/ros2_ws/dynamic_ws/install/vi_2p:/home/user/ros2_ws/dynamic_ws/install/vi:/home/user/ros2_ws/dynamic_ws/install/show_urdf:/home/user/ros2_ws/dynamic_ws/install/marvin_sim:/opt/ros/humble:/home/user/ros2_ws/w10_ws/install/w10-urdf:/home/user/ros2_ws/w10_ws/install/urdf_visualization:/opt/openrobots /usr/bin/cmake --install /home/user/ros2_ws/dynamic_ws/build/w10_kinematics
[0.453s] Level 1:colcon.colcon_core.environment:checking '/home/user/ros2_ws/dynamic_ws/install/w10_kinematics' for CMake config files
[0.453s] Level 1:colcon.colcon_core.shell:create_environment_hook('w10_kinematics', 'cmake_prefix_path')
[0.453s] INFO:colcon.colcon_core.shell:Creating environment hook '/home/user/ros2_ws/dynamic_ws/install/w10_kinematics/share/w10_kinematics/hook/cmake_prefix_path.ps1'
[0.453s] INFO:colcon.colcon_core.shell:Creating environment descriptor '/home/user/ros2_ws/dynamic_ws/install/w10_kinematics/share/w10_kinematics/hook/cmake_prefix_path.dsv'
[0.453s] INFO:colcon.colcon_core.shell:Creating environment hook '/home/user/ros2_ws/dynamic_ws/install/w10_kinematics/share/w10_kinematics/hook/cmake_prefix_path.sh'
[0.454s] Level 1:colcon.colcon_core.environment:checking '/home/user/ros2_ws/dynamic_ws/install/w10_kinematics/lib'
[0.454s] Level 1:colcon.colcon_core.environment:checking '/home/user/ros2_ws/dynamic_ws/install/w10_kinematics/bin'
[0.454s] Level 1:colcon.colcon_core.environment:checking '/home/user/ros2_ws/dynamic_ws/install/w10_kinematics/lib/pkgconfig/w10_kinematics.pc'
[0.454s] Level 1:colcon.colcon_core.environment:checking '/home/user/ros2_ws/dynamic_ws/install/w10_kinematics/lib/python3.10/site-packages'
[0.454s] Level 1:colcon.colcon_core.environment:checking '/home/user/ros2_ws/dynamic_ws/install/w10_kinematics/bin'
[0.454s] INFO:colcon.colcon_core.shell:Creating package script '/home/user/ros2_ws/dynamic_ws/install/w10_kinematics/share/w10_kinematics/package.ps1'
[0.454s] INFO:colcon.colcon_core.shell:Creating package descriptor '/home/user/ros2_ws/dynamic_ws/install/w10_kinematics/share/w10_kinematics/package.dsv'
[0.455s] INFO:colcon.colcon_core.shell:Creating package script '/home/user/ros2_ws/dynamic_ws/install/w10_kinematics/share/w10_kinematics/package.sh'
[0.455s] INFO:colcon.colcon_core.shell:Creating package script '/home/user/ros2_ws/dynamic_ws/install/w10_kinematics/share/w10_kinematics/package.bash'
[0.455s] INFO:colcon.colcon_core.shell:Creating package script '/home/user/ros2_ws/dynamic_ws/install/w10_kinematics/share/w10_kinematics/package.zsh'
[0.455s] Level 1:colcon.colcon_core.environment:create_file_with_runtime_dependencies(/home/user/ros2_ws/dynamic_ws/install/w10_kinematics/share/colcon-core/packages/w10_kinematics)
[0.455s] Level 1:colcon.colcon_core.environment:create_environment_scripts_only(w10_kinematics)
[0.455s] Level 1:colcon.colcon_core.environment:checking '/home/user/ros2_ws/dynamic_ws/install/w10_kinematics' for CMake module files
[0.456s] Level 1:colcon.colcon_core.environment:checking '/home/user/ros2_ws/dynamic_ws/install/w10_kinematics' for CMake config files
[0.456s] Level 1:colcon.colcon_core.shell:create_environment_hook('w10_kinematics', 'cmake_prefix_path')
[0.456s] INFO:colcon.colcon_core.shell:Creating environment hook '/home/user/ros2_ws/dynamic_ws/install/w10_kinematics/share/w10_kinematics/hook/cmake_prefix_path.ps1'
[0.456s] INFO:colcon.colcon_core.shell:Creating environment descriptor '/home/user/ros2_ws/dynamic_ws/install/w10_kinematics/share/w10_kinematics/hook/cmake_prefix_path.dsv'
[0.456s] INFO:colcon.colcon_core.shell:Creating environment hook '/home/user/ros2_ws/dynamic_ws/install/w10_kinematics/share/w10_kinematics/hook/cmake_prefix_path.sh'
[0.456s] Level 1:colcon.colcon_core.environment:checking '/home/user/ros2_ws/dynamic_ws/install/w10_kinematics/lib'
[0.456s] Level 1:colcon.colcon_core.environment:checking '/home/user/ros2_ws/dynamic_ws/install/w10_kinematics/bin'
[0.456s] Level 1:colcon.colcon_core.environment:checking '/home/user/ros2_ws/dynamic_ws/install/w10_kinematics/lib/pkgconfig/w10_kinematics.pc'
[0.457s] Level 1:colcon.colcon_core.environment:checking '/home/user/ros2_ws/dynamic_ws/install/w10_kinematics/lib/python3.10/site-packages'
[0.457s] Level 1:colcon.colcon_core.environment:checking '/home/user/ros2_ws/dynamic_ws/install/w10_kinematics/bin'
[0.457s] INFO:colcon.colcon_core.shell:Creating package script '/home/user/ros2_ws/dynamic_ws/install/w10_kinematics/share/w10_kinematics/package.ps1'
[0.457s] INFO:colcon.colcon_core.shell:Creating package descriptor '/home/user/ros2_ws/dynamic_ws/install/w10_kinematics/share/w10_kinematics/package.dsv'
[0.457s] INFO:colcon.colcon_core.shell:Creating package script '/home/user/ros2_ws/dynamic_ws/install/w10_kinematics/share/w10_kinematics/package.sh'
[0.457s] INFO:colcon.colcon_core.shell:Creating package script '/home/user/ros2_ws/dynamic_ws/install/w10_kinematics/share/w10_kinematics/package.bash'
[0.457s] INFO:colcon.colcon_core.shell:Creating package script '/home/user/ros2_ws/dynamic_ws/install/w10_kinematics/share/w10_kinematics/package.zsh'
[0.458s] Level 1:colcon.colcon_core.environment:create_file_with_runtime_dependencies(/home/user/ros2_ws/dynamic_ws/install/w10_kinematics/share/colcon-core/packages/w10_kinematics)
[0.539s] DEBUG:colcon.colcon_core.event_handler.log_command:Invoked command in '/home/user/ros2_ws/dynamic_ws/build/w10_moveit_kinematics' returned '0': CMAKE_PREFIX_PATH=/home/user/ros2_ws/dynamic_ws/install/w10_sim:/opt/openrobots:/home/user/ros2_ws/dynamic_ws/install/w10_moveit_kinematics:/home/user/ros2_ws/dynamic_ws/install/w10_kinematics:/home/user/ros2_ws/dynamic_ws/install/w10_force_sim:/home/user/ros2_ws/dynamic_ws/install/vi_2p:/home/user/ros2_ws/dynamic_ws/install/vi:/home/user/ros2_ws/dynamic_ws/install/show_urdf:/home/user/ros2_ws/dynamic_ws/install/marvin_sim:/opt/ros/humble:/home/user/ros2_ws/w10_ws/install/w10-urdf:/home/user/ros2_ws/w10_ws/install/urdf_visualization:/opt/openrobots /usr/bin/cmake --build /home/user/ros2_ws/dynamic_ws/build/w10_moveit_kinematics -- -j32 -l32
[0.540s] DEBUG:colcon.colcon_core.event_handler.log_command:Invoking command in '/home/user/ros2_ws/dynamic_ws/build/w10_moveit_kinematics': CMAKE_PREFIX_PATH=/home/user/ros2_ws/dynamic_ws/install/w10_sim:/opt/openrobots:/home/user/ros2_ws/dynamic_ws/install/w10_moveit_kinematics:/home/user/ros2_ws/dynamic_ws/install/w10_kinematics:/home/user/ros2_ws/dynamic_ws/install/w10_force_sim:/home/user/ros2_ws/dynamic_ws/install/vi_2p:/home/user/ros2_ws/dynamic_ws/install/vi:/home/user/ros2_ws/dynamic_ws/install/show_urdf:/home/user/ros2_ws/dynamic_ws/install/marvin_sim:/opt/ros/humble:/home/user/ros2_ws/w10_ws/install/w10-urdf:/home/user/ros2_ws/w10_ws/install/urdf_visualization:/opt/openrobots /usr/bin/cmake --install /home/user/ros2_ws/dynamic_ws/build/w10_moveit_kinematics
[0.593s] Level 1:colcon.colcon_core.environment:create_environment_scripts_only(w10_moveit_kinematics)
[0.594s] Level 1:colcon.colcon_core.environment:checking '/home/user/ros2_ws/dynamic_ws/install/w10_moveit_kinematics' for CMake module files
[0.594s] DEBUG:colcon.colcon_core.event_handler.log_command:Invoked command in '/home/user/ros2_ws/dynamic_ws/build/w10_moveit_kinematics' returned '0': CMAKE_PREFIX_PATH=/home/user/ros2_ws/dynamic_ws/install/w10_sim:/opt/openrobots:/home/user/ros2_ws/dynamic_ws/install/w10_moveit_kinematics:/home/user/ros2_ws/dynamic_ws/install/w10_kinematics:/home/user/ros2_ws/dynamic_ws/install/w10_force_sim:/home/user/ros2_ws/dynamic_ws/install/vi_2p:/home/user/ros2_ws/dynamic_ws/install/vi:/home/user/ros2_ws/dynamic_ws/install/show_urdf:/home/user/ros2_ws/dynamic_ws/install/marvin_sim:/opt/ros/humble:/home/user/ros2_ws/w10_ws/install/w10-urdf:/home/user/ros2_ws/w10_ws/install/urdf_visualization:/opt/openrobots /usr/bin/cmake --install /home/user/ros2_ws/dynamic_ws/build/w10_moveit_kinematics
[0.594s] Level 1:colcon.colcon_core.environment:checking '/home/user/ros2_ws/dynamic_ws/install/w10_moveit_kinematics' for CMake config files
[0.595s] Level 1:colcon.colcon_core.shell:create_environment_hook('w10_moveit_kinematics', 'cmake_prefix_path')
[0.595s] INFO:colcon.colcon_core.shell:Creating environment hook '/home/user/ros2_ws/dynamic_ws/install/w10_moveit_kinematics/share/w10_moveit_kinematics/hook/cmake_prefix_path.ps1'
[0.595s] INFO:colcon.colcon_core.shell:Creating environment descriptor '/home/user/ros2_ws/dynamic_ws/install/w10_moveit_kinematics/share/w10_moveit_kinematics/hook/cmake_prefix_path.dsv'
[0.596s] INFO:colcon.colcon_core.shell:Creating environment hook '/home/user/ros2_ws/dynamic_ws/install/w10_moveit_kinematics/share/w10_moveit_kinematics/hook/cmake_prefix_path.sh'
[0.596s] Level 1:colcon.colcon_core.environment:checking '/home/user/ros2_ws/dynamic_ws/install/w10_moveit_kinematics/lib'
[0.596s] Level 1:colcon.colcon_core.environment:checking '/home/user/ros2_ws/dynamic_ws/install/w10_moveit_kinematics/bin'
[0.596s] Level 1:colcon.colcon_core.environment:checking '/home/user/ros2_ws/dynamic_ws/install/w10_moveit_kinematics/lib/pkgconfig/w10_moveit_kinematics.pc'
[0.596s] Level 1:colcon.colcon_core.environment:checking '/home/user/ros2_ws/dynamic_ws/install/w10_moveit_kinematics/lib/python3.10/site-packages'
[0.597s] Level 1:colcon.colcon_core.environment:checking '/home/user/ros2_ws/dynamic_ws/install/w10_moveit_kinematics/bin'
[0.597s] INFO:colcon.colcon_core.shell:Creating package script '/home/user/ros2_ws/dynamic_ws/install/w10_moveit_kinematics/share/w10_moveit_kinematics/package.ps1'
[0.597s] INFO:colcon.colcon_core.shell:Creating package descriptor '/home/user/ros2_ws/dynamic_ws/install/w10_moveit_kinematics/share/w10_moveit_kinematics/package.dsv'
[0.597s] INFO:colcon.colcon_core.shell:Creating package script '/home/user/ros2_ws/dynamic_ws/install/w10_moveit_kinematics/share/w10_moveit_kinematics/package.sh'
[0.597s] INFO:colcon.colcon_core.shell:Creating package script '/home/user/ros2_ws/dynamic_ws/install/w10_moveit_kinematics/share/w10_moveit_kinematics/package.bash'
[0.597s] INFO:colcon.colcon_core.shell:Creating package script '/home/user/ros2_ws/dynamic_ws/install/w10_moveit_kinematics/share/w10_moveit_kinematics/package.zsh'
[0.598s] Level 1:colcon.colcon_core.environment:create_file_with_runtime_dependencies(/home/user/ros2_ws/dynamic_ws/install/w10_moveit_kinematics/share/colcon-core/packages/w10_moveit_kinematics)
[0.598s] Level 1:colcon.colcon_core.environment:create_environment_scripts_only(w10_moveit_kinematics)
[0.598s] Level 1:colcon.colcon_core.environment:checking '/home/user/ros2_ws/dynamic_ws/install/w10_moveit_kinematics' for CMake module files
[0.598s] Level 1:colcon.colcon_core.environment:checking '/home/user/ros2_ws/dynamic_ws/install/w10_moveit_kinematics' for CMake config files
[0.598s] Level 1:colcon.colcon_core.shell:create_environment_hook('w10_moveit_kinematics', 'cmake_prefix_path')
[0.598s] INFO:colcon.colcon_core.shell:Creating environment hook '/home/user/ros2_ws/dynamic_ws/install/w10_moveit_kinematics/share/w10_moveit_kinematics/hook/cmake_prefix_path.ps1'
[0.599s] INFO:colcon.colcon_core.shell:Creating environment descriptor '/home/user/ros2_ws/dynamic_ws/install/w10_moveit_kinematics/share/w10_moveit_kinematics/hook/cmake_prefix_path.dsv'
[0.599s] INFO:colcon.colcon_core.shell:Creating environment hook '/home/user/ros2_ws/dynamic_ws/install/w10_moveit_kinematics/share/w10_moveit_kinematics/hook/cmake_prefix_path.sh'
[0.600s] Level 1:colcon.colcon_core.environment:checking '/home/user/ros2_ws/dynamic_ws/install/w10_moveit_kinematics/lib'
[0.600s] Level 1:colcon.colcon_core.environment:checking '/home/user/ros2_ws/dynamic_ws/install/w10_moveit_kinematics/bin'
[0.600s] Level 1:colcon.colcon_core.environment:checking '/home/user/ros2_ws/dynamic_ws/install/w10_moveit_kinematics/lib/pkgconfig/w10_moveit_kinematics.pc'
[0.600s] Level 1:colcon.colcon_core.environment:checking '/home/user/ros2_ws/dynamic_ws/install/w10_moveit_kinematics/lib/python3.10/site-packages'
[0.600s] Level 1:colcon.colcon_core.environment:checking '/home/user/ros2_ws/dynamic_ws/install/w10_moveit_kinematics/bin'
[0.600s] INFO:colcon.colcon_core.shell:Creating package script '/home/user/ros2_ws/dynamic_ws/install/w10_moveit_kinematics/share/w10_moveit_kinematics/package.ps1'
[0.601s] INFO:colcon.colcon_core.shell:Creating package descriptor '/home/user/ros2_ws/dynamic_ws/install/w10_moveit_kinematics/share/w10_moveit_kinematics/package.dsv'
[0.601s] INFO:colcon.colcon_core.shell:Creating package script '/home/user/ros2_ws/dynamic_ws/install/w10_moveit_kinematics/share/w10_moveit_kinematics/package.sh'
[0.601s] INFO:colcon.colcon_core.shell:Creating package script '/home/user/ros2_ws/dynamic_ws/install/w10_moveit_kinematics/share/w10_moveit_kinematics/package.bash'
[0.602s] INFO:colcon.colcon_core.shell:Creating package script '/home/user/ros2_ws/dynamic_ws/install/w10_moveit_kinematics/share/w10_moveit_kinematics/package.zsh'
[0.602s] Level 1:colcon.colcon_core.environment:create_file_with_runtime_dependencies(/home/user/ros2_ws/dynamic_ws/install/w10_moveit_kinematics/share/colcon-core/packages/w10_moveit_kinematics)
[0.602s] DEBUG:colcon.colcon_parallel_executor.executor.parallel:closing loop
[0.603s] DEBUG:colcon.colcon_parallel_executor.executor.parallel:loop closed
[0.603s] DEBUG:colcon.colcon_parallel_executor.executor.parallel:run_until_complete finished with '0'
[0.603s] DEBUG:colcon.colcon_core.event_reactor:joining thread
[0.608s] INFO:colcon.colcon_core.plugin_system:Skipping extension 'colcon_notification.desktop_notification.terminal_notifier': Not used on non-Darwin systems
[0.608s] INFO:colcon.colcon_core.plugin_system:Skipping extension 'colcon_notification.desktop_notification.win32': Not used on non-Windows systems
[0.608s] INFO:colcon.colcon_notification.desktop_notification:Sending desktop notification using 'notify2'
[25.633s] DEBUG:colcon.colcon_notification.desktop_notification.notify2:Failed to initialize notify2: org.freedesktop.DBus.Error.NoReply: Did not receive a reply. Possible causes include: the remote application did not send a reply, the message bus security policy blocked the reply, the reply timeout expired, or the network connection was broken.
[25.633s] DEBUG:colcon.colcon_core.event_reactor:joined thread
[25.634s] INFO:colcon.colcon_core.shell:Creating prefix script '/home/user/ros2_ws/dynamic_ws/install/local_setup.ps1'
[25.634s] INFO:colcon.colcon_core.shell:Creating prefix util module '/home/user/ros2_ws/dynamic_ws/install/_local_setup_util_ps1.py'
[25.635s] INFO:colcon.colcon_core.shell:Creating prefix chain script '/home/user/ros2_ws/dynamic_ws/install/setup.ps1'
[25.636s] INFO:colcon.colcon_core.shell:Creating prefix script '/home/user/ros2_ws/dynamic_ws/install/local_setup.sh'
[25.636s] INFO:colcon.colcon_core.shell:Creating prefix util module '/home/user/ros2_ws/dynamic_ws/install/_local_setup_util_sh.py'
[25.636s] INFO:colcon.colcon_core.shell:Creating prefix chain script '/home/user/ros2_ws/dynamic_ws/install/setup.sh'
[25.637s] INFO:colcon.colcon_core.shell:Creating prefix script '/home/user/ros2_ws/dynamic_ws/install/local_setup.bash'
[25.637s] INFO:colcon.colcon_core.shell:Creating prefix chain script '/home/user/ros2_ws/dynamic_ws/install/setup.bash'
[25.638s] INFO:colcon.colcon_core.shell:Creating prefix script '/home/user/ros2_ws/dynamic_ws/install/local_setup.zsh'
[25.638s] INFO:colcon.colcon_core.shell:Creating prefix chain script '/home/user/ros2_ws/dynamic_ws/install/setup.zsh'
