0.34056891366788,-0.00249079286432795,-0.120058086423999
0.567105259367271,-0.00409636988787593,-0.198499584745175
0.792802683981049,-0.00562845887884519,-0.274739721654225
1.01727687491617,-0.00706327201653336,-0.348011481927844
1.2401260845975,-0.00837885467469825,-0.417578550010356
1.46092796501824,-0.00955548062546208,-0.482743085714155
1.67923704503754,-0.0105759902161646,-0.542853110448749
1.89458307358859,-0.0114260581234837,-0.59730947481436
2.10647026218219,-0.0120943785096004,-0.645572324384668
2.31437749243367,-0.0125727604490152,-0.687167009213054
2.51775949036916,-0.012856132445803,-0.721689382415723
2.71604897001174,-0.0129424614829948,-0.748810444073529
2.90865970778605,-0.0128325984760717,-0.768280297039203
3.09499048560563,-0.0125300661797355,-0.779931374653359
3.27442983258829,-0.0120408080573523,-0.78368090750134
3.44636146622887,-0.011372915852481,-0.77953258051968
3.61017033180253,-0.0105363507573758,-0.7675773213869
3.76524911585128,-0.00954266867026384,-0.747993146467276
3.91100510206979,-0.00840475493315459,-0.721043971932941
4.04686722388474,-0.0071365697850357,-0.687077295196086
4.17229315880868,-0.0057529026080957,-0.646520645615051
4.28677629687153,-0.00426913223208916,-0.599876729021482
4.38985240625001,-0.00270099106151567,-0.547717216651695
4.48110581782002,-0.00106433300184057,-0.490675188062794
4.56017495572639,0.000625092453929669,-0.429436294756089
4.62675705218097,0.00235185499091737,-0.364728796536896
4.68061190933187,0.00410104086561405,-0.297312684138918
4.72156460336759,0.00585842615681631,-0.227968179109082
4.74950706518207,0.0076106202199922,-0.15748393904889
4.76439851948612,0.00934517556299197,-0.0866453197233276
4.76626480818351,0.0110506626955893,-0.0162230413508293
4.75519666805049,0.0127167110204362,0.0530374358683116
4.73134706875018,0.0143340187763815,0.120425575221995
4.69492774197993,0.0158943364753715,0.185274291305438
4.64620504862341,0.0173904288742325,0.246967236471997
4.58549533412083,0.0188160207554211,0.304944823198957
4.51315991858209,0.0201657314022754,0.358709007927064
4.42959985881475,0.0214350021409236,0.40782691201381
4.3352506041031,0.0226200206695469,0.451933378518863
4.23057665576003,0.0237176451035169,0.490732567060551
4.11606632691136,0.02472532985921,0.523998687500002
3.99222668934244,0.0256410545986296,0.551575952083474
3.85957878798057,0.0264632564597565,0.573377808314444
3.71865319429094,0.0271907647768344,0.589385494233627
3.5699859677127,0.0278227364426701,0.599645937841111
3.41411508461485,0.0283585889813874,0.60426901669083
3.25157738346628,0.0287979274142762,0.603424185369472
3.08290606525395,0.0291404598504708,0.597336484451765
2.90862876936254,0.0293858954404104,0.586281953882534
2.7292662239911,0.0295338166099298,0.570582487101855
2.54533145126381,0.0295835151431402,0.550600177901768
2.35732948658411,0.0295337784492276,0.526731230430432
2.1657575468555,0.0293826082686425,0.49939951841477
1.97110556894718,0.0291268496115111,0.469049892787161
1.77385702229845,0.0287617038220726,0.436141350296979
1.57448989376387,0.0282800994603613,0.40114018062133
1.37347774596689,0.027671902582762,0.364513217323032
1.17129074286219,0.0269229725031254,0.326721315751971
0.968396562819107,0.0260141220985206,0.288213176896957
0.765261137569622,0.024920135298313,0.249419632853365
0.562349171447581,0.0236091364675423,0.210748491933933
0.360124427952372,0.0220427802220906,0.172580026140892
0.159049782392549,0.0201778728723068,0.135263156926686
-0.0404129593623227,0.0179700191911503,0.0991123599280692
-0.237803514813082,0.01537953984577,0.0644052671128404
-0.432663932302578,0.0123791302147091,0.031380900322907
-0.624539865966939,0.00896169219844424,0.000238450881707764
-0.812982412074763,0.00514599626464183,-0.0288634709709502
-0.997550488036875,0.000977984773762906,-0.0558071371706747
-1.17781360057328,-0.0034731449846713,-0.0805155070243998
-1.35335473338826,-0.00812301627551224,-0.102951451040585
-1.52377308184899,-0.012881823454495,-0.1231163149828
-1.68868646358104,-0.0176631015906235,-0.141047803747572
-1.84773336030055,-0.0223897785699394,-0.156817224239338
-2.00057456287573,-0.0269972005055755,-0.170526157123829
-2.14689460257936,-0.0314334969840803,-0.182302657899729
-2.28640287203783,-0.0356584110778218,-0.192297051668741
-2.41883450021495,-0.0396413925988343,-0.200677402481551
-2.54395094391997,-0.0433595832320693,-0.2076247294015
-2.66154026225083,-0.0467960247024217,-0.213328053448436
-2.77141704830337,-0.0499382129599303,-0.217979373094628
-2.87342200599836,-0.0527769986977053,-0.221768682764555
-2.96742118642694,-0.0553057793156578,-0.224879152662122
-3.05330492310237,-0.0575199113188568,-0.227482595945977
-3.13098652302505,-0.0594162777340172,-0.229735337241543
-3.20040079198909,-0.0609929580364195,-0.2317745826819
-3.26150248391138,-0.0622489622158871,-0.233715368767475
-3.31426476541233,-0.0631840024721607,-0.235648144058904
-3.35867778308917,-0.063798285437841,-0.237637007505009
-3.39474741484873,-0.064092314031929,-0.239718602123401
-3.42249427116042,-0.064066716751371,-0.241901643298054
-3.44195299187045,-0.0637219641735288,-0.24416703920218
-3.45317188322556,-0.0630582547307917,-0.246468550488649
-3.45621289973282,-0.0620752597079601,-0.248733931330245
-3.45115197533337,-0.0607718783102543,-0.250866490818536
-3.43807969443609,-0.0591459882032183,-0.252747022001592
-3.41710222865058,-0.0571940374075411,-0.254236043612777
-3.38834257315514,-0.0549107066644733,-0.255176325097313
-3.3519419550153,-0.0522883910249034,-0.255395655353649
-3.30806138469424,-0.0493165660573829,-0.254709837458951
-3.25688327591113,-0.0459809798834795,-0.252925895316761
-3.19861306352815,-0.0422626241077552,-0.249845483034707
-3.13348074718697,-0.0381364360498846,-0.245268488320719
-3.06174228890529,-0.0335696978879435,-0.23899682375984
-2.98368079490053,-0.0285201402937434,-0.230838393016949
-2.89960740987497,-0.0229338593203977,-0.220611214418531
-2.80986184525935,-0.0167433675954691,-0.208147675015747
-2.71481244253356,-0.00986650805346185,-0.19329887879981
-2.61485562812996,-0.00220767183171541,-0.175939043232811
-2.51041453342603,0.00633612996010155,-0.155969893516677
-2.40193643170848,0.0158604008885426,-0.133325011832978
-2.28988852599657,0.0264246255138197,-0.107974124268308
-2.17475166754396,0.0380067130640983,-0.079927354224736
-2.05701212324606,0.0504444397504566,-0.0492394965335726
-1.93715287763603,0.0633833807645865,-0.0160142804106821
-1.81564779110415,0.0762682292366016,0.0195917338323628
-1.69296233059027,0.0884133240892856,0.0573664623895016
-1.56956125336142,0.0991488406640073,0.0970418444434398
-1.44591744169783,0.107979391376974,0.13829605613482
-1.3225139358337,0.114672266643971,0.180757846664293
-1.19983574709342,0.119241489820248,0.224011975486699
-1.07835538948624,0.121862630585386,0.267605205254441
-0.958518506355366,0.122777874800158,0.311052903971449
-0.840733453958395,0.12222907417317,0.353846459050938
-0.725365315369487,0.120425384013163,0.395461500251649
-0.612733152363292,0.117535506977178,0.435366701175885
-0.503109205343146,0.113692348028954,0.473032830564307
-0.396719225474693,0.109001695489263,0.5079417318569
-0.293743562865931,0.10355069223571,0.539594959550273
-0.194318877131465,0.0974145510038884,0.567521867624267
-0.0985404310552351,0.0906613279480304,0.591287001574134
-0.00646491741111156,0.0833549138266469,0.610496691202348
0.0818861861176096,0.07555694664133,0.624804790723338
0.166522857454614,0.0673277223015305,0.633917525503332
0.247482428118838,0.0587265528084719,0.637597438657885
0.324825249257872,0.0498117553165369,0.635666436311613
0.398630235117847,0.0406404241287893,0.62800794609543
0.468990393757885,0.0312680911080963,0.614568206927827
0.536008449781236,0.0217483467364116,0.595356719584563
0.599792657734112,0.0121324708790864,0.570445893181299
0.660452895262917,0.00246910586727494,0.539969933156311
0.718097114121633,-0.0071960069004174,0.504123023324953
0.772828217217475,-0.0168202148637422,0.463156863212379
0.824741419819298,-0.0263640613638921,0.417377620530708
0.873922139250456,-0.0357913116832478,0.367142359214926
0.920444452650127,-0.0450689038982624,0.312854989050047
0.964370159507578,-0.0541668357200825,0.254961748823859
1.00574846961547,-0.0630580005398901,0.193946205361653
1.04461628307641,-0.0717179778703975,0.130323788447479
1.08099882401704,-0.0801247344277524,0.0646362628434268
1.11490993748375,-0.0882580792258473,-0.00255228245450745
1.14635143110145,-0.0960987383174057,-0.0706556709099153
1.17531289575907,-0.103627405165474,-0.139063901181608
1.20177456278665,-0.110824336720947,-0.207145809257601
1.22571247836958,-0.117669376744836,-0.274257279067869
1.24710331329969,-0.124141900187735,-0.339750059631336
1.26592811344227,-0.130220529898143,-0.402978706460226
1.28217558214323,-0.135882746218858,-0.463306298394379
1.29584529675144,-0.141104495987886,-0.520109848649556
1.30695092871313,-0.145859845601913,-0.572785837572147
1.31552341905016,-0.150120722539307,-0.620756022029636
1.32161391990984,-0.153856613556685,-0.663473560131753
1.32529654130458,-0.157034474745844,-0.70042943791324
1.32667064056204,-0.15961860705486,-0.731159124233958
1.32586260916027,-0.16157059958545,-0.755249352769391
1.32302703440009,-0.162849298392801,-0.772344874892455
1.31834713519492,-0.163410767455586,-0.782154990839202
1.3120343852754,-0.16320819064309,-0.784459637346351
1.30432725900531,-0.162191637791166,-0.779114797526161
1.29548906453509,-0.160307582865288,-0.766057013670207
1.28580486702896,-0.15749801316479,-0.745306825427359
1.27557754949721,-0.15369889875005,-0.716971018392884
1.26512310824245,-0.148837695821344,-0.681243653279283
1.25476533241044,-0.14282942371297,-0.638405926640678
1.24483007177186,-0.135570677386648,-0.588824986262811
1.23563935786706,-0.126930713627068,-0.532951859708431
1.22750572093483,-0.116738517246103,-0.471318648590825
1.22072715516593,-0.104764639272177,-0.404535074186849
1.21558334296841,-0.0906969657403338,-0.333284330744963
1.21233393728294,-0.074111288682913,-0.258317982715246
1.21121977418539,-0.0544424388473906,-0.180449290983576
1.21246734934514,-0.0309729274315315,-0.100543793506865
1.21629453395264,-0.00287674301873966,-0.01950519738876
1.2229094393804,0.030617484102322,0.0617459292754797
1.23248453862876,0.0698755679883465,0.142302038153947
1.24508447641467,0.11433731500817,0.221302999999462
1.26055358922538,0.162072668756786,0.297961294521336
1.27843593683895,0.209869315027962,0.37156021894129
1.2980306055886,0.25408782882144,0.441423577638366
1.31858180791728,0.291838554665665,0.50688315586976
1.33946379561459,0.321682492974097,0.567274280939732
1.36024149168905,0.34354608989984,0.621961947350916
1.38062245674301,0.358189222026903,0.670376440108082
1.40038065913004,0.366678632925737,0.712039827085106
1.41930308255153,0.370065443975115,0.746578456085575
1.43716688654983,0.369251176429471,0.773724948674913
1.45373653413739,0.364962907206192,0.793314416496826
1.46876988600173,0.357774024488131,0.805278087592912
1.48202667152123,0.348136462469166,0.809635999779568
1.49327634893987,0.336410442888522,0.806489523239059
1.50230433448373,0.322887815948578,0.79601405603832
1.50891644591864,0.307809118419962,0.778452048654218
1.51294171776479,0.291375659981037,0.754106427067841
1.51423382220329,0.273758029097684,0.723334432030026
1.51267132207225,0.255102149203963,0.686541856194243
1.50815695221196,0.235533711441918,0.644177637072817
1.50061609359555,0.21516155261589,0.596728743315594
1.48999457617226,0.194080354870283,0.544715278628561
1.47625591947427,0.172372906620651,0.488685719449383
1.45937810773889,0.150112082733318,0.429212188209572
1.43934984828598,0.127362525481207,0.366885667351598
1.41616652930166,0.104182253745966,0.302311052018637
1.38982561855289,0.0806240013194723,0.236102042472339
1.36032167528512,0.0567364848764042,0.168876127168735
1.32764139607178,0.032565943748081,0.10125070190428
1.29176038953252,0.00815900665589348,0.0338429477489486
1.25264519094994,-0.0164314440973718,-0.0327231097314867
1.21026246980264,-0.0411377062527203,-0.0978048907639552
1.16458874159724,-0.0658714298608215,-0.160739766730042
1.11561015300227,-0.0905252672933889,-0.220865077675863
1.06331343409613,-0.114978163824672,-0.277548024126842
1.00767763058194,-0.139098197072041,-0.330207757478289
0.948670925666565,-0.162742056697719,-0.3783269395742
0.886251184316557,-0.185752934407776,-0.421458025787695
0.820368347216268,-0.207958006920778,-0.459227781579033
0.750967777517305,-0.229165823926561,-0.491340929809796
0.67799423753863,-0.249163551337714,-0.517582730442466
0.601396460221434,-0.267713750317901,-0.537820055334082
0.521132107618263,-0.284550798280842,-0.552000670193896
0.437173070977132,-0.299376708799919,-0.560150618241109
0.349510777488628,-0.311856933440722,-0.562369921515545
0.258160971874258,-0.321617575731355,-0.558827092646786
0.163166997993553,-0.328247456649823,-0.549753202727049
0.0645999347095542,-0.331311957406472,-0.535436417609816
-0.0374468447198453,-0.330390548752104,-0.516217890525839
-0.142871367705366,-0.325154161339049,-0.492489535480601
-0.251585739241325,-0.315494416063539,-0.464693251727188
-0.363542080393102,-0.301689907804066,-0.433319552492864
-0.4787454277245,-0.284536824482133,-0.398901983108646
-0.597231650730048,-0.265316274816601,-0.362004268777823
-0.719003250750824,-0.245512010510002,-0.323201498310623
-0.843950295381571,-0.226374027753897,-0.283062134392514
-0.971802632715238,-0.208587528047497,-0.242137608281493
-1.10213649457993,-0.192232877238364,-0.200959480685059
-1.23441823671707,-0.17698411227192,-0.160038298799716
-1.36805328713824,-0.162362345298565,-0.11985894872654
-1.50242141243541,-0.147914246780232,-0.0808715381446232
-1.63689635912834,-0.133291783047083,-0.0434798327969702
-1.77085542709255,-0.118265068963472,-0.00802988448443986
-1.90368443803285,-0.102704851719516,0.0251991134577886
-2.03478116743249,-0.0865573432923964,0.0560005320224407
-2.16355837327502,-0.0698213987179419,0.0842420630483749
-2.28944658246206,-0.052530869966167,0.109863563129172
-2.41189649457273,-0.0347419519084978,0.13287143744461
-2.53038087783031,-0.0165244568627559,0.153330301555475
-2.64439594135437,0.00204406969214414,0.171352820145382
-2.75346226894363,0.0208822534195123,0.187088667029817
-2.85712545438791,0.0399074342268514,0.200713499035948
-2.95495658312479,0.0590372763024694,0.212418712124365
-3.0465526723268,0.0781907398425981,0.222402574505566
-3.13153712921476,0.0972886206911379,0.230863129347089
-3.20956023043422,0.116253805286859,0.237993043639055
-3.28029957621502,0.135011347486098,0.243976368044945
-3.34346044434201,0.153488443812363,0.248986981881905
-3.39877596282687,0.171614359280255,0.253188340179339
-3.44600703510744,0.189320335094333,0.256734034158295
-3.48494199679071,0.206539513001065,0.259768634787408
-3.51539597459574,0.223206773203379,0.26242829583251
-3.53721010239699,0.239258710248908,0.264840687482158
-3.55025059895733,0.254633496738228,0.26712392973667
-3.55440787866957,0.269270763029803,0.26938435897083
-3.54959581171763,0.283111470200927,0.271713121160866
-3.53575124503021,0.296097790710228,0.274181748461331
-3.51283386139843,0.308173052773529,0.2768370239985
-3.48082643240232,0.31928162205882,0.279695585727538
-3.43973542609046,0.329369057327629,0.282738793666092
-3.38959194638075,0.338382283637603,0.28590848954241
-3.33045289105095,0.346269943937776,0.289104261731673
-3.26240219742357,0.352982910904216,0.292182791817663
-3.18555201563731,0.358474946194721,0.294959719447244
-3.10004363869806,0.362703470519461,0.297214251441565
-3.00604801689805,0.365630386495029,0.298696458385729
-2.90376570982011,0.367222881018339,0.299136877035359
-2.79342617526203,0.367454128705331,0.29825774128453
-2.67528635420007,0.366303826392475,0.295784931738111
-2.54962858605136,0.363758508099488,0.2914596303335
-2.41675796777307,0.359811618063362,0.285048707554953
-2.27699933804471,0.354463349604562,0.276353057858384
-2.13069410560279,0.34772028444537,0.26521338805734
-1.97819716480103,0.339594888347803,0.25151329841929
-1.81987410882951,0.330104926275309,0.235179832452688
-1.65609889655557,0.319272865863445,0.21618192524055
-1.48725205568862,0.307125332667862,0.194527368280078
-1.31371941431864,0.293692680891905,0.170258980509568
-1.13589127464627,0.279008742693244,0.143450671618468
-0.954161871103001,0.263110826629057,0.11420399634232
-0.768928936768594,0.246040049418193,0.0826456619082641
-0.580593192722173,0.227842090334918,0.0489262795651549
-0.389557625293189,0.208568463753821,0.0132204502088296
-0.196226496715315,0.188278374524062,-0.0242719134148309
-0.00100412180669267,0.167041160536252,-0.063323314373327
0.195706428774138,0.144939215204522,-0.103675878083761
0.393504475845745,0.122071109584174,-0.145038567606009
0.591992462138525,0.0985544478221644,-0.187084987319456
0.790776013396611,0.0745278051023987,-0.229452328108237
0.989463192413348,0.0501510133928424,-0.271741934987612
1.1876629512452,0.0256031469032758,-0.31352184006181
1.38498295045097,0.00107786517740693,-0.354331418739226
1.58102705027973,-0.0232237296907082,-0.393688111969929
1.77539283066938,-0.0471019877138386,-0.431095937645791
1.9676694593303,-0.0703681564232555,-0.4660553231947
2.15743611444749,-0.0928529817790862,-0.498073666564938
2.34426103500026,-0.114413236173696,-0.526675988970198
2.5277011655666,-0.134935405980533,-0.551415085061237
2.70730230913347,-0.154336372344942,-0.571880675042814
2.88259971595965,-0.172561467238896,-0.587707194650532
3.05311906820726,-0.189580632762231,-0.598579992175111
3.21837788098739,-0.205383620686011,-0.604239832419796
3.37788730230022,-0.219974875315337,-0.604485696601948
3.53115437532125,-0.233368881555033,-0.599176008172827
3.67768472221927,-0.2455862613085,-0.58822848165769
3.81698561103487,-0.256650806596006,-0.57161889615641
3.94856933165638,-0.266587452026705,-0.549379158415772
4.07195679162513,-0.275421078878666,-0.521595057669794
4.18668124561321,-0.283175983986824,-0.488404101696161
4.292292090247,-0.289875826783935,-0.449993766780817
4.38835867600976,-0.295543877181937,-0.406600390751105
4.47447411106065,-0.300203415540493,-0.358508800268541
4.55025904599482,-0.303878175032946,-0.306052612026888
4.61536543692563,-0.306592759448754,-0.249614987494358
4.66948027956758,-0.308373009279922,-0.189629488405115
4.7123292919283,-0.309246320680421,-0.12658057104946
4.74368050230439,-0.309241941885097,-0.0610032013994211
4.76334767141067,-0.308391277277992,0.00651892948145551
4.77119344760296,-0.306728221024139,0.075357042249061
4.76713212507326,-0.304289522252425,0.144843077164928
4.75113185259779,-0.301115158180053,0.214277789594634
4.72321613056509,-0.297248666372592,0.282941011551485
4.68346444245236,-0.292737371189246,0.35010370015842
4.63201189371645,-0.287632410520787,0.415041164599185
4.56904780769108,-0.281988638845366,0.47704670770535
4.49481324424972,-0.275864135921229,0.535444843507317
4.40959755063081,-0.269319569324975,0.589603307783986
4.31373408209511,-0.262417346180881,0.638943217106965
4.20759530069036,-0.255220648662165,0.682946953147933
4.09158748637572,-0.247792436660496,0.721163599654763
3.96614529178263,-0.240194494615845,0.753212004786601
3.83172634007642,-0.232486580545259,0.778781744305424
3.68880601716524,-0.224725710651368,0.79763240046947
3.53787254301579,-0.216965587781358,0.809591647846693
3.37942234597552,-0.209256165765734,0.814552637588825
3.21395571162456,-0.201643332650246,0.81247112598751
3.04197263892404,-0.194168696747073,0.803362700105833
2.86396881457496,-0.186869464844144,0.787300336828143
2.68043161972076,-0.179778410423924,0.764412399153867
2.4918360887764,-0.172923933469732,0.734881047957658
2.29864076228398,-0.166330216085258,0.698940927638186
2.10128338212804,-0.160017471852241,0.656877896568884
1.90017636652544,-0.154002280600644,0.609027506745197
1.69570197061698,-0.148297990769163,0.555772913171797
1.48820697655342,-0.14291516596509,0.49754190425535
1.27799666966711,-0.137862050404817,0.434802797837506
1.06532788329494,-0.133145039056856,0.368059080090379
0.850401215634031,-0.128769152982821,0.2978429631167
0.633353722241532,-0.124738541493141,0.224708699677515
0.414256684314247,-0.121057019689679,0.149227949562828
0.193129489133214,-0.117728504561299,0.071991970627736
-0.0300124019828537,-0.114756814079413,-0.00637256768348638
-0.255064949051026,-0.112143890166315,-0.0851720080772162
-0.481728765191122,-0.109886244050146,-0.163613752919063
-0.709461017340212,-0.107971444553007,-0.240804356931036
-0.937525430454472,-0.106376265829047,-0.315790336998015
-1.16509352609321,-0.105065741488519,-0.387618667600534
-1.3913266527155,-0.103992041152264,-0.455386723814333
-1.61541499663254,-0.103093267812731,-0.518271572704665
-1.83658717454315,-0.102292604819803,-0.575543742522729
-2.05410844915984,-0.101498106099069,-0.626572555274364
-2.26727772574984,-0.100603385152533,-0.670827240978531
-2.47542693218628,-0.0994895021418157,-0.707875694684364
-2.67792311785649,-0.0980283701162462,-0.737381629281341
-2.8741723133984,-0.0960879407582626,-0.759100498047733
-3.06362376214767,-0.0935392693477333,-0.772874473816117
-3.24577309289978,-0.0902653066556804,-0.778626775705113
-3.42016318802066,-0.0861709427360889,-0.776355658949783
-3.58638181533493,-0.0811934791346781,-0.766128412451315
-3.74405553560938,-0.0753124176647234,-0.748075724531385
-3.8928399553502,-0.0685572816378116,-0.72238678227917
-4.03240697354186,-0.06101219141423,-0.68930544424249
-4.16243021064559,-0.0528161337290162,-0.64912774813697
-4.28257022941008,-0.0441582733257196,-0.602200887342055
-4.3924613806188,-0.035268212934126,-0.548923614958906
-4.49170209978444,-0.0264017354688335,-0.489747832677109
-4.57985022917278,-0.017823166145746,-0.425180930368918
-4.65642446898874,-0.00978598668071286,-0.35578828553589
-4.72091242431117,-0.0025136354553255,-0.282195247558525
-4.77278499176312,0.00381750656707401,-0.205087915223229
-4.81151610759495,0.0090911507818627,-0.125212093247812
-4.83660625079404,0.0132588126973005,-0.0433699576955938
-4.84760765289099,0.0163415040836661,0.0395858331203908
-4.84414897585194,0.0184254556426454,0.122760607126612
-4.82595731462721,0.019652647439883,0.205228516524104
-4.79287574393181,0.0202075155488565,0.286045328790006
-4.74487519550102,0.0203015490872151,0.364262628392438
-4.68206011439659,0.0201575596569225,0.438942843276488
-4.60466798637618,0.0199952019337882,0.509174552207153
-4.51306335302534,0.0200189213581242,0.574087636415543
-4.40772727729271,0.0204090100272897,0.632867965415403
-4.28924337987709,0.0213159662604315,0.6847714114275
-4.15828157357694,0.0228579601669996,0.729137031031442
-4.01558053092987,0.0251209402754816,0.765399235373338
-3.86192978079279,0.0281607833597476,0.793098699854562
-3.69815219558441,0.0320068683083077,0.811891669151781
-3.52508750266981,0.0366664986616101,0.821557253603948
-3.34357734726989,0.0421296940972334,0.82200229813407
-3.15445233072226,0.0483739712766924,0.813263477529288
-2.95852133272245,0.0553688414375227,0.795506407022585
-2.75656330661532,0.0630798472930306,0.76902173817713
-2.54932159840844,0.0714720423509912,0.734218400742094
-2.33750071290682,0.0805128841169632,0.691614311771969
-2.1217653226937,0.0901745596435479,0.641824988451041
-1.90274119622989,0.100435798615575,0.585550546483232
-1.68101763846952,0.111283249561371,0.523561558823931
-1.45715095733217,0.122712504324476,0.456684199316636
-1.23166843202632,0.134728858890884,0.385785027684655
-1.00507227347432,0.147347891327111,0.311755723501937
-0.777843141754167,0.160595923470207,0.235498062809298
-0.550443030335979,0.174510395454816,0.157909497367779
-0.323317652397955,0.189140129900679,0.0798698058609757
-0.0968989329803447,0.204545367535047,0.0022294158796544
0.128391443134936,0.220797369076365,-0.0741999826925074
0.352136469583115,0.237977295400195,-0.14865210848581
0.573915768769666,0.256174068998963,-0.220410047723514
0.793295405758739,0.275480929382489,-0.288808025901736
1.00981672986449,0.295990440333154,-0.353231902920599
1.22298586672381,0.31778770980327,-0.413119403146271
1.43226544155651,0.340941589602069,-0.467960899129294
1.63706980445919,0.36549367897459,-0.51730124504085
1.83676470110027,0.391445139490994,-0.560742851276355
2.03067208945142,0.418741652384565,-0.597949973761826
2.21808064827407,0.447257358679085,-0.628654051811624
2.39826231387918,0.476779211559156,-0.652659823618638
2.57049474153748,0.506993755186898,-0.66985182569772
2.73408893134716,0.537478801236792,-0.680200731619431
2.88842037949287,0.567702516009038,-0.683768835326928
3.03296117001942,0.597032005051286,-0.680713846422384
3.16730970884469,0.62475245178184,-0.671290118190927
3.29121455024029,0.650096403013449,-0.655846485545954
3.40458916618196,0.672281128829926,-0.634820089322341
3.50751554426891,0.690550593431512,-0.608725847910006
3.60023599633586,0.704217727222494,-0.578141607501621
3.6831341190983,0.712702655593023,-0.543689382626017
3.75670714959448,0.715563244602871,-0.506013481014995
3.82153273873245,0.712515557882499,-0.465756662464912
3.87823337649668,0.70344325110979,-0.423535792389989
3.92744144135596,0.688396263559517,-0.379918678448265
3.96976729327233,0.66758020894516,-0.335403859642377
4.00577216889971,0.641338536840072,-0.290405004816756
4.0359469770726,0.610129848562704,-0.245241246064614
4.06069749126399,0.574502759269164,-0.200134261413374
4.08033590311322,0.535070471031732,-0.155212318177813
4.09507823951998,0.492486825086775,-0.110520901350732
4.10504677085054,0.44742509162318,-0.0660390712315277
4.11027628036822,0.400560191476022,-0.0217003718719499
4.11072294464039,0.352554480803754,0.0225830763305922
4.10627461814773,0.304046722790937,0.066894771797126
4.09676151179857,0.255643473800138,0.111287885073177
4.08196658077959,0.207911877648066,0.155760873358121
4.06163533474473,0.161372831569699,0.200236521571061
4.03548518154661,0.116493686428357,0.244546386563976
4.00321472670688,0.0736800615597063,0.288422554851859
3.96451359360048,0.0332669246269246,0.331498252246268
3.91907325577421,-0.00449030371669687,0.37331807631928
3.86659908309053,-0.0394233745518554,0.413357507123569
3.80682336906593,-0.071456106126111,0.451050052361015
3.73951865102707,-0.100605248427144,0.485819197398391
3.66451030116961,-0.126976528131088,0.517111560267687
3.58168726590251,-0.150755828378404,0.544427527321253
3.49100999587931,-0.17219622686462,0.567346201890702
3.39251499127871,-0.191602202191451,0.585542579242944
3.28631586479321,-0.209312584277012,0.598796174921987
3.17260126541015,-0.225683741117259,0.606991546916164
3.05163030561305,-0.241074136258139,0.610112032778108
2.92372624463727,-0.255830899102247,0.608228461317497
2.78926911684517,-0.270278567581275,0.601484641803265
2.64868780464397,-0.284709802689714,0.590081208393195
2.50245180866403,-0.299377692696302,0.574259061964977
2.3510627285831,-0.314489265892415,0.554283334001849
2.19504529212327,-0.33019997810172,0.530428573176372
2.03493768399757,-0.346609175406128,0.502965740952591
1.87128094882315,-0.363756787744739,0.472151564238581
1.7046073751551,-0.381621717363602,0.438220778693724
1.53542798242678,-0.400122494372064,0.401381744356849
1.3642195043034,-0.41912074493527,0.361815782195175
1.19141152642432,-0.43842784631191,0.319680349999636
1.01737464476305,-0.457814853420562,0.275115862702721
0.842410605081134,-0.477025424400967,0.228255616132388
0.666745335665761,-0.495791124529435,0.179237958568298
0.490525580285202,-0.513848223806497,0.128219637392715
0.313819525978879,-0.530954981523973,0.075389174196365
0.136621462558829,-0.546908448020369,0.0209792006197054
-0.0411398318443836,-0.561559988353123,-0.0347231236349988
-0.21958948809646,-0.574828977392497,-0.0913682382555655
-0.398892272088965,-0.586714354173086,-0.148539246573724
-0.579236044352914,-0.597303882246714,-0.205750144317376
-0.760813019605012,-0.606780982137793,-0.262447358304881
-0.943798535769234,-0.615428859451765,-0.318014761682439
-1.12832676160323,-0.623631334281896,-0.371782405297458
-1.31446267993948,-0.631869295495114,-0.423039238622599
-1.50217000533437,-0.640711113346422,-0.471050006320761
-1.69127548531729,-0.650794735895973,-0.515076171873864
-1.8814313853536,-0.662798761461957,-0.554400075729877
-2.07207983317417,-0.677399800493902,-0.588350616289334
-2.26242483529758,-0.695214292986567,-0.616327714679695
-2.45141968022791,-0.716725036251052,-0.637822020417849
-2.63777823732231,-0.742196237097169,-0.652426148257822
-2.82001734590652,-0.771585800496694,-0.659834560165361
-2.99653323165906,-0.804468991776588,-0.659831107124134
-3.16570752495517,-0.839991932039141,-0.65226590473909
-3.32602911002754,-0.87687434046121,-0.637025994132985
-3.47620929520252,-0.91347614661271,-0.614006506351122
-3.61526343111675,-0.947930796948164,-0.583090524882576
-3.74253587860191,-0.978330654894867,-0.544146566103945
-3.85765872043249,-1.00293181593599,-0.497052405296775
-3.96045508654685,-1.02033477241587,-0.441751809929564
-4.05081789991418,-1.02960054775122,-0.378344859496732
-4.12860482976677,-1.03028029920228,-0.307201937308046
-4.19358428821524,-1.02236301631559,-0.229077992462687
-4.24544703480079,-1.00616905509803,-0.145192801306184
-4.28387220218932,-0.9822272099036,-0.0572420756659254
-4.30861678167288,-0.951167641060275,0.0326817603881007
-4.31959206739051,-0.913647755009742,0.122253812779265
-4.31690048881783,-0.870311803032362,0.209132078188985
-4.3008255029057,-0.821774541140827,0.291173020085901
-4.27178586680761,-0.768616906921061,0.366599318830575
-4.2302755658017,-0.711385069098681,0.434091952205153
-4.17680977953278,-0.650589250234612,0.492805041322183
-4.11188913580302,-0.5867022952727,0.542322126238943
-4.035984938218,-0.520159153139314,0.582580496764393
-3.94954134282332,-0.451358024417851,0.613786996447656
-3.85298787755613,-0.380663088968053,0.636339622847381
-3.7467562445668,-0.308408229644165,0.650759771516156
-3.63129720417583,-0.234901169047482,0.657633590468677
-3.50709509955834,-0.160427705818657,0.657558661018387
-3.37467856742783,-0.0852560098378565,0.651093537235034
-3.23462623746769,-0.00964100261884871,0.638711128293148
-3.0875661917303,0.0661713266178915,0.620760820814019
-2.93416814463578,0.141940166303106,0.597446953617506
-2.7751280859206,0.217427518917274,0.568831397498824
-2.61114652806934,0.29239812837295,0.534864891148784
-2.4429031249394,0.36662224898105,0.495445882990512
-2.2710316597301,0.439881064448885,0.450498647809499
-2.0960996711061,0.511973696911207,0.400056952673355
-1.91859605264173,0.58272418416701,0.344337817990034
-1.73892812518485,0.651986861942769,0.283792743110395
-1.55742760026716,0.719649277463974,0.219129963182091
-1.37436327243465,0.785632744361542,0.151308321880017
-1.189957648979,0.849891481457532,0.0815086160741374
-1.00440512686655,0.912411593494499,0.011090313765737
-0.81789048773343,0.973210857400945,-0.0584596261000442
-0.630607943045296,1.03233946844817,-0.125582429894385
-0.442782273771054,1.08988079104469,-0.188708193424416
-0.254694267044437,1.14595003541445,-0.246325050751436
-0.066712236241987,1.20068792382219,-0.297060961726334
0.120670449233864,1.25424623103276,-0.339779562289903
0.306795302053946,1.30676295919874,-0.373685100560483
0.490803986336279,1.35832712056926,-0.398422234610981
0.671620723060631,1.40893643557978,-0.414147424740444
0.847964873667752,1.4584546967793,-0.421544945271857
1.01840322230928,1.50657738460075,-0.421767519831901
1.18144306807658,1.5528129193979,-0.41630079788124
1.3356568962676,1.5964829527781,-0.406776432363501
1.47982192608176,1.63674100728915,-0.394777956931262
1.61305636625927,1.67260788429304,-0.381685456474277
1.73493721218732,1.7030255685024,-0.368587220811273
1.8455870123689,1.72693558951566,-0.356258950381902
1.94571579983212,1.74338732191235,-0.345188199697672
2.03660141691103,1.75167284796386,-0.335613457833381
2.11999321571827,1.75146979994819,-0.327554190879697
2.19793584974901,1.74295969117761,-0.320823718145929
2.27253030071101,1.7268855402715,-0.315032206524295
2.34566996170867,1.70452341541989,-0.309595664441324
2.41880034816628,1.67756419637079,-0.303766222942137
2.49274655122463,1.64792495248221,-0.296690999048403
2.56763551571279,1.61752456426865,-0.287495737261198
2.64291851254419,1.5880614510403,-0.275379786976613
2.71748074188693,1.56082452746499,-0.25970402924123
2.7898139775856,1.53655736902113,-0.240054349023875
2.85822427719681,1.51538547524819,-0.216269463887008
2.92104711335462,1.49681021549114,-0.188431118586911
2.97684377081949,1.4797697391276,-0.156823708774564
3.02455443996374,1.46276351156277,-0.121876408539615
3.06358673630094,1.44402993582549,-0.0841023345013055
3.09382641948489,1.42175548379667,-0.0440466145911991
3.11557128885745,1.39428304795182,-0.00225026052981969
3.12940675436084,1.36028340006529,0.0407684903834795
3.1360556314728,1.31886111829339,0.0845178345326575
3.13623852099267,1.26958360547828,0.128526027299525
3.13057281434556,1.21244174654951,0.172330719889476
3.11952229640257,1.14776514813318,0.215469043345142
3.10339314690954,1.07611931851196,0.257471762892549
3.08236188825139,0.998207595534016,0.297862822981923
3.056518221162,0.914791527418415,0.336163965590781
3.0259087472374,0.826634347311586,0.371903175925198
2.99057299289595,0.734465834606674,0.40462545620923
2.95056826419867,0.638963772349796,0.433904598455111
2.90598343357956,0.540746624943024,0.459354933749589
2.85694363786804,0.440372871168354,0.480642306520526
2.80360849222937,0.338343715025874,0.497493695662983
2.74616630830804,0.23510712916092,0.509705010394022
2.68482636137399,0.131062130370719,0.517146677490995
2.61981072474131,0.0265628132854467,0.519766748857993
2.55134669633201,-0.0780779708174441,0.517591407103566
2.479660431207,-0.182585232612176,0.510722915099024
2.40497207791843,-0.286718645370586,0.499335215130452
2.327492479612,-0.390269414600627,0.483667510964067
2.24742134271171,-0.493057134973115,0.464016241581548
2.1649466783263,-0.594926587975461,0.44072587952399
2.08024527139617,-0.695744467434471,0.414178969068297
1.99348391759065,-0.79539604898913,0.384785776807777
1.90482117509657,-0.893781843793251,0.352973878321949
1.81440939782584,-0.99081429821156,0.31917796372243
1.72239684372949,-1.08641461844447,0.283830120422405
1.62892967864616,-1.18050981352629,0.24735084417777
1.53415372809927,-1.27303005656971,0.210141032975467
1.43821586040509,-1.36390646174729,0.172575223147142
1.34126491875402,-1.45306936212572,0.13499631778363
1.24345216105483,-1.54044714408982,0.0977120250279677
1.14493120790968,-1.62596565525598,0.0609931583210235
1.04585754091581,-1.70954815693007,0.0250738496413415
0.94638763347911,-1.79111574244878,-0.00984640101798008
0.846677829348555,-1.87058809779621,-0.0435990574676294
0.7468831010131,-1.94788445309432,-0.0760416128688831
0.647155825004868,-2.02292455974826,-0.10705184863789
0.547644698789575,-2.09562953836263,-0.136521806584356
0.44849389661775,-2.1659224709355,-0.164352000569079
0.349842525238666,-2.23372865524577,-0.190446342974892
0.251824398850117,-2.29897548990471,-0.214708165219693
0.154568114445406,-2.3615920089802,-0.237037584637472
0.0581973760046241,-2.42150812886034,-0.25733033373238
-0.0371685063221346,-2.47865370218753,-0.275478039406878
-0.131414027337918,-2.53295749269818,-0.291369833189965
-0.224426892263729,-2.58434618731275,-0.304895096418062
-0.316097490337366,-2.6327435573107,-0.31594709617519
-0.406318496594249,-2.67806986429082,-0.324427248002568
-0.494984640770184,-2.72024158445629,-0.330249739674345
-0.581992663107195,-2.75917150278874,-0.333346259987277
-0.667241461330722,-2.79476920171506,-0.333670592745519
-0.750632417951066,-2.82694194437362,-0.331202850509947
-0.832069888940614,-2.85559592579064,-0.325953137926643
-0.9114618283155,-2.88063784540126,-0.317964445888657
-0.988720525929062,-2.90197673226691,-0.307314595147797
-1.06376343483416,-2.91952593769613,-0.294117070592405
-1.13651406504799,-2.93320520107269,-0.278520619974133
-1.20690292192925,-2.94294268945145,-0.260707539179061
-1.27486846105977,-2.94867691409155,-0.240890628208394
-1.34035801908745,-2.95035843867305,-0.219308873574711
-1.40332866784742,-2.94795130587265,-0.196221994693598
-1.46374791598311,-2.94143412732306,-0.171904068184488
-1.52159416811289,-2.93080079456167,-0.146636515013825
-1.57685683774465,-2.91606077936826,-0.120700787335068
-1.6295360127758,-2.8972389953601,-0.094371123348519
-1.67964158954299,-2.87437519314594,-0.0679077429547105
-1.72719183297063,-2.84752285946239,-0.041550838063967
-1.77221137674913,-2.81674759617112,-0.0155156667709535
-1.81472874947876,-2.7821249707188,0.0100110046788613
-1.85477359218752,-2.74373786013359,0.0348729461634898
-1.89237379266022,-2.70167336165568,0.0589449220317663
-1.92755280883196,-2.65601940265755,0.0821315868545252
-1.9603274613227,-2.60686124830403,0.104364936760388
-1.99070643941851,-2.55427816323041,0.125600523813425
-2.01868969589275,-2.49834051658271,0.145812713136248
-2.04426880220804,-2.4391076209431,0.164989315291523
-2.06742822007816,-2.3766265553543,0.183125952735124
-2.08814733227655,-2.31093214319323,0.200220518507102
-2.10640299181204,-2.24204814451974,0.216268054533714
-2.12217228898449,-2.16998959954035,0.231256329476437
-2.13543523890314,-2.09476613187843,0.245162325680496
-2.14617712022931,-2.01638592304841,0.257949772901084
-2.15439026556595,-1.93486000120971,0.269567793695598
-2.16007519335299,-1.85020646437629,0.279950658649325
-2.1632410556373,-1.76245428335526,0.28901859729383
-2.16390545624052,-1.67164638861314,0.2966795679886
-2.16209374594371,-1.57784183417271,0.302831860497671
-2.15783793523281,-1.48111693088217,0.307367380619713
-2.15117536652335,-1.3815653450061,0.310175450338699
-2.14214727704177,-1.27929724435353,0.311146942480196
-2.13079735857261,-1.17443764373128,0.310178558993524
-2.11717039502114,-1.06712414843874,0.307177056546854
-2.10131102637554,-0.957504317406492,0.30206322863314
-2.08326267554178,-0.845732863915309,0.294775464002276
-2.06306665360946,-0.731968900433729,0.285272728830486
-2.04076145175123,-0.616373398210262,0.273536855117508
-2.01638222609408,-0.499106994233497,0.259574061346928
-1.98996047376572,-0.380328236735685,0.243415681670495
-1.96152390088352,-0.260192315397422,0.225118126830557
-1.93109647437896,-0.138850284134628,0.204762145084897
-1.89869865186042,-0.0164487491655962,0.182451485169752
-1.86434777315078,0.10687002872209,0.158311089926097
-1.82805859676451,0.230967690452556,0.132484961457569
-1.78984395895406,0.355709072315004,0.105133843219647
-1.74971552838375,0.48096132049333,0.0764328585661363
-1.70768462772745,0.606592907945415,0.0465692317599666
-1.6637630927108,0.732472624761021,0.0157401993255943
-1.61796413884223,0.858468600389544,-0.0158488027057074
-1.57030320861053,0.984447401483897,-0.0479856158130397
-1.52079877453976,1.11027323436902,-0.0804524683913745
-1.469473080751,1.23580726391576,-0.113026714892449
-1.41635281194587,1.36090704453153,-0.145481231143842
-1.36146968844968,1.48542604554259,-0.177584521255647
-1.30486099425636,1.60921324365416,-0.209100617733549
-1.24657005504376,1.73211274858989,-0.23978887864084
-1.18664669085795,1.85396342537615,-0.26940380092784
-1.12514767456039,1.97459847872608,-0.297694976824829
-1.06213722851788,2.09384497451515,-0.324407318956657
-0.997687592004546,2.21152328212744,-0.349281669324726
-0.931879687145799,2.32744643367016,-0.372055887271805
-0.864803902382574,2.44141941103381,-0.392466485811585
-0.796561001563153,2.5532383831191,-0.410250854885873
-0.727263154238478,2.66268992317501,-0.425150077873409
-0.657035068187631,2.76955024156673,-0.436912317231669
-0.58601519043093,2.8735844656195,-0.445296719769531
-0.51435692733173,2.97454599116745,-0.450077772851611
-0.442229816904522,3.07217591345305,-0.451050033430237
-0.369820565774008,3.16620252980722,-0.448033149675874
-0.297333835585878,3.25634088363526,-0.440877103334254
-0.22499263027722,3.34229230438008,-0.429467613060377
-0.153038088856625,3.42374389300652,-0.413731654389667
-0.0817284325150743,3.5003679138609,-0.393643063383244
-0.011336752025502,3.571821093285,-0.369228191034853
0.0578527403251162,3.63774390407563,-0.340571554588829
0.125550413882163,3.69776003668477,-0.307821381481186
0.191469294720926,3.75147642753212,-0.271194851740309
0.255335844743191,3.79848442038932,-0.230982712025828
0.31690356307879,3.83836285850481,-0.187552756461033
0.37596914754393,3.87068408126368,-0.141351463946171
0.432390374642643,3.89502385731699,-0.0929028728119557
0.486104098752838,3.91097612426149,-0.0428036047652024
0.537141926891696,3.91817290348652,0.00828710789037751
0.585640366220413,3.91630884916196,0.0596634102482046
0.631841846932325,3.90516857410495,0.110595443630134
0.67608329489005,3.88465334576306,0.160358485095131
0.718770143820276,3.85480229115457,0.20826743952413
0.760335884395063,3.81580240857287,0.253714246100131
0.801190218750914,3.76798197542777,0.296204502506636
0.841662024098182,3.71178373287977,0.335388686733854
0.881945772245047,3.64771751543779,0.371083115240245
0.922060970396965,3.57629625954029,0.403276421210092
0.961832985728431,3.49796365745711,0.432118884769651
1.00090029170714,3.41302495702852,0.45789411866685
1.03874831769994,3.32159353135385,0.480974936574363
1.07476478470001,3.22356429674736,0.501767216236571
1.10830701016157,3.11862090695356,0.520646859841832
1.13876931379465,3.00627767789272,0.537895515967465
1.16563900951181,2.88595066901003,0.553640830170133
1.18853243650458,2.75704671194313,0.567807039439672
1.20720721979214,2.6190556871553,0.580081974337791
1.22155215919956,2.4716307010227,0.589906727872538
1.23156044591015,2.31464313210896,0.59649359480189
1.23729432122569,2.14820432498045,0.598875325652251
1.2388494399278,1.97265216923553,0.595983795966492
1.23632536317088,1.78850761247308,0.586749691414529
1.22980562250349,1.59641171626595,0.570208940051317
1.21934767109525,1.39705676639772,0.545599083886703
1.20498073360749,1.19112439629071,0.512431059896613
1.18670856625067,0.97924024203149,0.47052829240886
1.16451434925479,0.761949853692854,0.420033048191811
1.13836594209466,0.53971620209933,0.361386654271857
1.10822090573536,0.312936323737846,0.295293552144529
1.07403162676217,0.0819732969596002,0.222678914454351
1.03575134360714,-0.152800995687949,0.144646669622086
0.993341779250759,-0.390957982882328,0.0624408679608586
0.946782518489269,-0.631966775085313,-0.0225899402114234
0.896081436051968,-0.875159235499354,-0.109026794486354
0.841284754317588,-1.11971280357585,-0.195412923724626
0.782485067501956,-1.36465377585273,-0.280282138357412
0.719826150951895,-1.6088782226688,-0.362178772498173
0.653504383475385,-1.85118384031394,-0.439666500473137
0.583767621194591,-2.0903049921692,-0.511327459320883
0.510913275663056,-2.32494440684936,-0.57575714419369
0.435287024219147,-2.55379734971351,-0.631562585635535
0.357283539531687,-2.77556574988144,-0.677369950719798
0.27734959949533,-2.98896253386706,-0.711845188752464
0.195989178221108,-3.19270764507863,-0.733728288529085
0.113769359734949,-3.3855186153313,-0.741880163530824
0.0313253936409017,-3.56609935844142,-0.735341087787048
-0.0506370279427709,-3.73313161940569,-0.713400212323715
-0.131344090056662,-3.88527444477184,-0.675675414775219
-0.209962067548813,-4.02117790638667,-0.622199873082797
-0.285611738372643,-4.13951712498054,-0.553505524106233
-0.357387935023673,-4.23904997269163,-0.470685253529762
-0.42438177905079,-4.31869577720262,-0.375409392582091
-0.485702354565142,-4.37762378944772,-0.269873825125387
-0.540495146642164,-4.41533232537252,-0.156670968554878
-0.587957035252867,-4.43169633669108,-0.0385992073777621
-0.627351926384988,-4.4269646602297,0.0815486386322693
-0.658036150398672,-4.40169691098439,0.201164329537651
-0.679505783795517,-4.35664190409424,0.317924211499842
-0.69147394128027,-4.29257628476577,0.429788739302954
-0.693969214095754,-4.21014651706377,0.534914348587899
-0.687418690699284,-4.10978035835857,0.63152352622828
-0.672659958028046,-3.99172693090026,0.717798545779276
-0.65084535670215,-3.85622585678515,0.791857713054821
-0.623260818066816,-3.70372540544736,0.851836892594519
-0.591135025389022,-3.53503778847636,0.896051114780087
-0.555513187079431,-3.35136785393667,0.923179614296194
-0.517220182982909,-3.15423183233325,0.932417362809745
-0.476889223452098,-2.94532969251705,0.923559258988773
-0.435016346924574,-2.72643097385096,0.897012022898909
-0.392012198060985,-2.49930540211873,0.853750238199636
-0.348240359176518,-2.26570430743798,0.79524212582189
-0.304043616848145,-2.02738751780299,0.723369420912729
-0.259764237177323,-1.78619054300252,0.640358941307832
-0.21576453823334,-1.54413178933392,0.54873537643358
-0.172451647481206,-1.3035604770538,0.451295785245104
-0.130305301066958,-1.06732656762266,0.351090626248712
-0.0898923316420947,-0.838873040494958,0.251355627629503
-0.051821330092267,-0.621970311301105,0.155262581204516
-0.016580029647054,-0.419740311477281,0.0653543573499389
0.0156856672693762,-0.233315177022724,-0.0171097773101549
0.0452298704273531,-0.0614603070229778,-0.0922528744321049
0.0725264204108808,0.0983887235636425,-0.160983125833427
0.0980537057298038,0.248878727275482,-0.224332230856746
0.122196720816956,0.392164764130483,-0.283147139662846
0.14523839329474,0.529849635991358,-0.338042896291662
0.167379867890755,0.663092683060599,-0.389444218662514
0.1887623086335,0.792730572818634,-0.437637170317424
0.20948356901539,0.919371120347586,-0.48281045077234
0.229609758290258,1.04345950039086,-0.525084940697383
0.249183022863684,1.16532384636551,-0.56453423705378
0.268226742766566,1.28520672844513,-0.601198931362444
0.286749008526749,1.40328717712398,-0.635096656822615
0.304744969016165,1.51969637029609,-0.66622927388743
0.322198453135237,1.63452900799884,-0.694588093433002
0.339083151506001,1.74785168810179,-0.720157726706258
0.355363571612735,1.85970912867113,-0.742918952453437
0.370995933350096,1.97012877498323,-0.762850860664604
0.385929140203524,2.07912413822839,-0.779932453000055
0.400105932218288,2.18669709117737,-0.794143829468076
0.413464293434287,2.29283927231393,-0.805467062078087
0.425939145622801,2.39753271941648,-0.813886840051235
0.437464311680692,2.50074986213424,-0.819390965383118
0.447974676718443,2.6024530203446,-0.821970777379259
0.457408422573158,2.70259358733283,-0.821621579741612
0.465709171968382,2.80111110818873,-0.818343140604158
0.472827861184666,2.89793247151051,-0.812140322906766
0.478724173286206,2.99297141781778,-0.803023883057985
0.483367407796534,3.08612852341077,-0.791011450590445
0.486736730201177,3.1772917486171,-0.776128673209947
0.488820822447232,3.26633755825797,-0.758410484650818
0.489617027457013,3.35313254795157,-0.737902429895785
0.489130132659212,3.43753545020981,-0.714661971088773
0.487370960987728,3.51939936637198,-0.688759689259066
0.48435493317876,3.59857406820764,-0.660280304056338
0.480100737081573,3.67490823386886,-0.629323440367984
0.474629199006863,3.74825151824247,-0.59600408607657
0.467962407797857,3.81845639588991,-0.560452699255313
0.46012310315698,3.88537974877243,-0.522814940845659
0.451134309899786,3.94888419602577,-0.483251025476652
0.44101918080152,4.00883918005269,-0.441934699594124
0.429801002025929,4.06512183017985,-0.399051874573567
0.417503337514103,4.11761764156328,-0.354798959168992
0.404150157630328,4.16622091201097,-0.309380951536399
0.389766129137993,4.21083511051875,-0.263009365071188
0.374376835710696,4.25137303815441,-0.215900068096246
0.358009004288663,4.28775687236759,-0.168271125661522
0.340690704893331,4.31991809426769,-0.120340728738725
0.322451514654036,4.34779731478938,-0.0723252874154083
0.3033226409684,4.3713440169521,-0.024437753510242
0.283337001735023,4.39051623212268,0.0231137790402819
0.262529261887346,4.40528016901543,0.0701271700802652
0.240935827598981,4.41560981244568,0.116407015344854
0.21859479988566,4.42148650657865,0.161765128614334
0.195545890195819,4.42289853426645,0.206020751838738
0.171830301090809,4.41984069976683,0.249000536213554
0.147490575160674,4.41231391780925,0.290538347133707
0.122570416302826,4.40032480775003,0.33047494846496
0.0971144877492956,4.38388528796997,0.36865762473607
0.0711681913795491,4.36301216282213,0.404939796366913
0.0447774338887638,4.33772669311746,0.43918067543288
0.0179883854278796,4.3080541404566,0.471245003981556
-0.00915278859864236,4.27402328952563,0.501002903745507
-0.0366000849825742,4.23566587671069,0.528329865925684
-0.0643079740950941,4.19301605088685,0.553106876275634
-0.0922315794414281,4.14610973518699,0.575220694721244
-0.120326863617339,4.09498395693266,0.5945642748493
-0.148550785467124,4.03967613963489,0.61103731198541
-0.176861423803055,3.98022336649099,0.624546905195508
-0.205218063986946,3.91666162809426,0.63500831382809
-0.233581244217878,3.84902506971777,0.642345791009189
-0.261912759223395,3.77734525609638,0.646493477113176
-0.29017561966854,3.70165047310332,0.647396341431483
-0.318333966431811,3.62196508681024,0.64501116439259
-0.34635293907798,3.53830898184119,0.63930755919559
-0.374198498015029,3.45069710256172,0.630269037907792
-0.401837199983994,3.3591391214012,0.617894134055944
-0.429235926350128,3.26363926164612,0.602197598350596
-0.456361563798684,3.16419630243014,0.583211690070052
-0.483180637453273,3.06080379674014,0.560987586435414
-0.509658896289156,2.95345053633822,0.535596933745902
-0.535760852460465,2.84212129781594,0.507133558179859
-0.56144927788034,2.72679790452192,0.475715345291365
-0.586684663693896,2.60746064152086,0.441486282486259
-0.611424652751382,2.48409005374388,0.404618639027583
-0.635623461096337,2.35666915199841,0.365315227391912
-0.659231309883501,2.22518604772965,0.323811658869973
-0.682193898577752,2.08963702259152,0.280378464627681
-0.704451959152892,1.9500300330262,0.235322910151015
-0.725940941604375,1.8063886425016,0.188990289092701
-0.746590893030858,1.65875637206531,0.141764441490901
-0.766326567928435,1.50720148294203,0.0940672229825974
-0.785068016552767,1.35182219239851,0.046356599575828
-0.802731466254763,1.19275239031614,-0.000876874612056544
-0.819230873077448,1.03016797257045,-0.0471154720486673
-0.834480158832741,0.864293935374832,-0.0918217516984469
-0.848396305978025,0.695412449772122,-0.134448100645071
-0.860903476662729,0.523872175964844,-0.174448207248345
-0.871938324089205,0.350099114477581,-0.211290072099856
-0.881456639687638,0.174609317572701,-0.244469862230889
-0.889441387248724,-0.00197619954367559,-0.273525592135618
-0.895911958909202,-0.178914004552784,-0.298049317539692
-0.900934024414257,-0.355317941326474,-0.317696354568296
-0.90462848010063,-0.530135837565045,-0.332190084234538
-0.907176491127223,-0.70212370370848,-0.341321307436271
-0.908815250332177,-0.869819479290881,-0.344941957555652
-0.909815848829531,-1.03152186919072,-0.34295431875308
-0.910431318566802,-1.18528630481562,-0.335298745119013
-0.910801867226295,-1.32896006332153,-0.321945192178209
-0.91081047117293,-1.46028994689541,-0.302896501988561
-0.909901911243431,-1.57714071600608,-0.278213682878668
-0.906914694435863,-1.67784537109042,-0.24807366132677
-0.90001553457959,-1.76165376987228,-0.212864891054654
-0.886834981401115,-1.82915984011875,-0.173312141720835
-0.864841485250149,-1.88251984010208,-0.130598577958362
-0.831866863129571,-1.92530060405041,-0.0864292575152304
-0.786589116819421,-1.96194205265927,-0.0429733177660216
-0.728781369971772,-1.99699917175598,-0.0026508345905605
-0.659253518922619,-2.03441745132302,0.0322054294615121
-0.579556136502177,-2.07704570714424,0.0597154930717572
-0.491593230773977,-2.12646250821302,0.078723947592916
-0.397280235726515,-2.18307438447179,0.0888997677300096
-0.298321887420201,-2.24638088981088,0.0906643304620264
-0.196118582729198,-2.31529481000289,0.0850099396687566
-0.0917684836656556,-2.3884352361527,0.0732877802995496
0.0138789213461875,-2.46435211542084,0.0570232439747658
0.120153995048914,-2.54167460265249,0.0377828361357411
0.226504383021285,-2.6191944150709,0.0170897338779048
0.332447435209117,-2.69590102256237,-0.00362880374554933
0.437538287196836,-2.77098340884575,-0.0230813267121151
0.541350379946089,-2.84380850756421,-0.0401536262144071
0.643463959880127,-2.91388262831836,-0.0539573855520786
0.743458264562268,-2.98080077900958,-0.0638820663680823
0.840904074941095,-3.04418987488258,-0.0696375181931064
0.935354850096466,-3.10365440260759,-0.0712700516997139
1.02633649161876,-3.15873519356366,-0.0691364139606354
1.11333734809323,-3.20889131971311,-0.0638294089587788
1.19580061823051,-3.253510449973,-0.0560635671468355
1.27312042285985,-3.29194513999312,-0.0465433437418188
1.34464090738749,-3.32356453721894,-0.0358427971505335
1.40965595719606,-3.34780645478196,-0.024320884449629
1.46740664426192,-3.36421548807075,-0.0120826976268761
1.51707478195318,-3.37245765364324,0.0010188191165055
1.55777341010404,-3.37230788565312,0.015356458268987
1.58853773269518,-3.36361093315363,0.0314940417588733
1.60832231655785,-3.34621819057444,0.050150707802274
1.61601206414209,-3.31990448742965,0.0721558055617709
1.61045550575034,-3.28427279878925,0.0983693411780912
1.59052871949644,-3.2386632206331,0.129533522342569
1.55523521405802,-3.18209397093642,0.166030128554042
1.50383982504828,-3.11326949414529,0.20755674072128
1.43602335170783,-3.03068234427008,0.252801260190916
1.35203351150731,-2.9328037039087,0.299261134715589
1.25280386445395,-2.81831250408474,0.343365789321596
1.14001843444624,-2.68628788362888,0.380969651647662
1.01610820238689,-2.53631387539935,0.408109479110029
0.884165608415489,-2.36850504043441,0.421771622980898
0.747759028338407,-2.18350090763934,0.42040537836388
0.610641905188623,-1.98245810764448,0.404052720422796
0.476390696735647,-1.76702040571026,0.374136639276573
0.348049453846407,-1.53922668612265,0.33305229455073
0.227870834338349,-1.30134528714813,0.283711063744334
0.11721159415824,-1.05566905661411,0.229136966710017
0.0165859972115587,-0.804329553426509,0.172156571218347
-0.0741654271057222,-0.549178242204719,0.115183652202845
-0.155653683093385,-0.291751193794837,0.0600837053123299
-0.228721382144985,-0.0333028519023346,0.00810535263786955
-0.294261014774361,0.225122431362177,-0.0401239491225068
-0.35308657191257,0.482612733304199,-0.0845325658416484
-0.405859102281632,0.738325899165544,-0.125467474321736
-0.453059130987557,0.99144964561664,-0.16349846925198
-0.494995222866321,1.24118201052545,-0.199197162406459
-0.53183575961274,1.48672497907373,-0.232936080947431
-0.563649990328074,1.72728393119095,-0.264748399012032
-0.590445885360799,1.96206788800927,-0.294269324831599
-0.612196746028931,2.19028845207113,-0.320756544317334
-0.628854587316157,2.41115754680026,-0.34317080830716
-0.640353864222733,2.62388478842843,-0.360293982476739
-0.646612667601587,2.82767454701165,-0.370868149677428
-0.647539628960173,3.021721317121,-0.373748372006254
-0.643053383238827,3.2052012944447,-0.368065663699736
-0.633117269234912,3.37725938622686,-0.353390783338686
-0.617784932271553,3.53699462707488,-0.329874440513754
-0.597244133155849,3.68345175194509,-0.298323342449337
-0.57184041071761,3.81562931112434,-0.260167675313789
-0.542064576273717,3.93251164838864,-0.217296128870607
-0.508500632071451,4.03312249002617,-0.171778650767033
-0.471748744964688,4.11658628195015,-0.125544788153564
-0.432350741363852,4.18217749686424,-0.0801075051839735
-0.390744684973548,4.2293427313058,-0.0364031408083949
-0.347261499492506,4.25769254605564,0.00522937990248361
-0.302159552883359,4.26697178905993,0.044952334409671
-0.255681748951797,4.25702289943337,0.0832586726171802
-0.208116628208278,4.22775653598614,0.120765163355888
-0.159847370884945,4.17914092652094,0.157993754579807
-0.111376815130425,4.11121719835443,0.19516066996925
-0.0633217188571887,4.02414140702776,0.232002092937579
-0.0163766578503064,3.91824371797683,0.267680168280139
0.0287427050310046,3.79408368128148,0.300814987196829
0.0713590356271199,3.65247505882507,0.329661945620976
0.110875953072963,3.49446139216636,0.352402966444986
0.146792205964683,3.32124370566778,0.367470988702183
0.178688938803232,3.13408319574601,0.373812166429401
0.206201959937668,2.93421084833538,0.371020270896168
0.228992971189072,2.72276816769512,0.35933256236157
0.246728510225078,2.50078617916326,0.339522479234079
0.259067986137563,2.26919520808665,0.312741557890814
0.26565686591769,2.02885214401098,0.28035323780696
0.266118928069482,1.78057417715486,0.243780102598829
0.2600416763264,1.52517369582652,0.204368856905802
0.24695057963605,1.26349411320153,0.163271780317965
0.22627076306582,0.996449058637544,0.121349673589575
0.19727985434314,0.725068024371288,0.0791139185931838
0.15906354728877,0.450551415531835,0.0367353799298588
0.110495928902116,0.174337788793849,-0.00585358985825675
0.0502778981441013,-0.101816040653579,-0.0487557223277038
-0.0229252327317561,-0.37575001832496,-0.0918271449001353
-0.110210545192557,-0.644839293692647,-0.134375918199833
-0.21202284617494,-0.906012835667319,-0.174927627065655
-0.32765903031072,-1.15592464996406,-0.211158104786685
-0.45484003948443,-1.39131843807513,-0.240082926813178
-0.589554041606709,-1.60953133453348,-0.258546107715737
-0.726325320055964,-1.80896679860807,-0.263956088994472
-0.858896803988068,-1.98932778543178,-0.25508755513777
-0.981124807566927,-2.15150189108744,-0.232656353214447
-1.08780753151684,-2.29716982263023,-0.199373486818421
-1.17524161983664,-2.4283246108017,-0.159364765703031
-1.24143309899549,-2.54686797187157,-0.117151815097076
-1.2859871177736,-2.65435502227157,-0.0766208910355666
-1.30975858916944,-2.75188571905308,-0.0403699399712297
-1.31438457460099,-2.84011381149836,-0.00956477060851413
-1.30182709952391,-2.91933375463213,0.0158198459758232
-1.27402035167279,-2.98959999930605,0.0365862565115287
-1.23266170759384,-3.05083812827407,0.0538828146824845
-1.17914290837772,-3.10292458083684,0.0688216582395687
-1.11459491591783,-3.145731736387,0.0821646292399181
-1.04000746264924,-3.17914891217644,0.0940995001938661
-0.956373269195386,-3.20309393421785,0.104148087181031
-0.864800794209078,-3.21752577181915,0.111245933502328
-0.766549477603745,-3.22246039980253,0.113993391688145
-0.66297268892528,-3.21798514021363,0.111016104069253
-0.55539437446255,-3.20426558880602,0.101327699161068
-0.444973003199483,-3.1815438444391,0.0845905224994838
-0.332605618888727,-3.15013272938104,0.0612198182842236
-0.218899473898795,-3.11041303097768,0.0323404700365578
-0.104209386372884,-3.0628390093338,-0.000351814179339285
0.0112805852735878,-3.0079535066998,-0.03476612696679
0.127455560728494,-2.94641180684239,-0.0685896714092241
0.244166865394239,-2.87901350931114,-0.0994476065965044
0.361138636992773,-2.80674326257429,-0.125058793468323
0.477890326927449,-2.73082215817503,-0.143401622765844
0.593679087154985,-2.65276972020698,-0.152891613341202
0.707462217464219,-2.57446944376122,-0.152547410601304
0.817871042813889,-2.49821661415899,-0.142096420036165
0.923175841667518,-2.42670463568647,-0.121964424284672
1.02121895357469,-2.36287792482033,-0.0931221988867075
1.10932121853337,-2.30955734218548,-0.0568258511303976
1.18424136795424,-2.26875752284381,-0.0143568195796567
1.24236802389127,-2.24071446352908,0.0331079094596671
1.28035682272964,-2.22286585769245,0.0844237756846252
1.2962453882113,-2.20931033497232,0.138264431410722
1.29064773336813,-2.19135721095191,0.192946583842614
1.26724461595832,-2.15936248335436,0.246473256714688
1.23197543401167,-2.10522040595978,0.296815843262184
1.19119680942712,-2.02431275384965,0.342266377674509
1.1498566114499,-1.91602548001275,0.381651156952276
1.11062734628503,-1.78288548297408,0.414326714884859
1.07412863759029,-1.62908861235125,0.44002973159725
1.03971635390496,-1.45920095032579,0.458699246384709
1.00626751791562,-1.27738417223509,0.470346193519413
0.972689175109336,-1.08710418415475,0.474987612992213
0.938145659725978,-0.891130226953556,0.472632250199097
0.902103694716861,-0.691651814185698,0.463297983434943
0.864291660354016,-0.490413057502514,0.447044794587269
0.824633237293195,-0.288823325355061,0.424011184100042
0.783184038263184,-0.0880362279360838,0.394445161333764
0.740081037001947,0.110997555613889,0.358723849490771
0.695505759296009,0.307495020857861,0.317358796520184
0.649658974299885,0.500815851185674,0.270987082097336
0.602744020697924,0.690442856554763,0.220350695384463
0.554956272401393,0.875965201880919,0.166268046124703
0.506476855298674,1.05706330212712,0.109601799500612
0.4574692757276,1.23349507266653,0.0512267521345794
0.408078044129448,1.40508352774795,-0.00799944480401272
0.358428673098468,1.57170573869739,-0.0672609225942743
0.308628606816889,1.73328308681848,-0.125802713616508
0.258768896205625,1.88977266294287,-0.182944160439796
0.208926156536701,2.04115965837594,-0.238086985515602
0.159164909213101,2.18745058278644,-0.29071861101565
0.109540002531076,2.32866725918577,-0.340411576382712
0.0600990139763681,2.46484157676544,-0.386819916168347
0.0108845183388251,2.5960110234388,-0.42967333667982
-0.0380638788856666,2.72221504103582,-0.468769947104372
-0.0867078352736129,2.84349218900995,-0.503968177108691
-0.135008847577062,2.95987823991825,-0.535178419439708
-0.182927304533238,3.07140485073138,-0.562354728561028
-0.23042182795086,3.17809898560194,-0.585486925994428
-0.277448950270391,3.27998281845318,-0.604593290785035
-0.323963055927001,3.37707399855082,-0.619713989148492
-0.369916519787234,3.46938614198677,-0.630905340566255
-0.415259955586461,3.55692945981829,-0.638234984528016
-0.459942601512528,3.63971128788424,-0.641777951941121
-0.503912596624898,3.71773674425931,-0.641613678389306
-0.547117295775778,3.7910091867945,-0.637823879583651
-0.589503496194123,3.8595306094197,-0.630491254692587
-0.631017579239327,3.92330195570355,-0.619698933799798
-0.671605564859303,3.98232337163695,-0.605530577022548
-0.711213087218923,4.03659442627441,-0.588071024274578
-0.74978530869481,4.08611433104117,-0.567407391547056
-0.787266795636775,4.13088218691269,-0.543630510681241
-0.823601358877628,4.17089727463499,-0.516836610370044
-0.858732001892145,4.20615945595588,-0.487129160789476
-0.892600785132554,4.23666959698776,-0.454620758894103
-0.925148839869248,4.26243012411177,-0.419435001199855
-0.956316453666338,4.28344565821396,-0.381708241416259
-0.986043261763527,4.29972373248484,-0.341591150475648
-1.01426855266296,4.31127558212796,-0.299249992148345
-1.0409316880793,4.31811698923896,-0.254867528038098
-1.06597262830025,4.32026916132225,-0.208643469647252
-1.08933254460792,4.31775961764114,-0.16079440408785
-1.11095449120976,4.31062305411456,-0.111553136546831
-1.13078410123331,4.29890215541117,-0.0611674160516077
-1.14877026592659,4.28264832254296,-0.00989804132080958
-1.16486575408832,4.26192228557486,0.041983621705718
-1.17902772997536,4.2367945748546,0.0941986386218886
-1.19121816057149,4.20734581906703,0.146463913861618
-1.20140395072536,4.1736669076783,0.198495879080776
-1.20955707668335,4.13585890355969,0.250014281466505
-1.21565443436588,4.09403280727529,0.300745924958325
-1.21967757660056,4.04830911978795,0.35042818548562
-1.2216123537921,3.99881721160094,0.398812151033515
-1.22144852166619,3.9456944915229,0.44566525855314
-1.21917939579907,3.88908535972024,0.490773333508302
-1.2148016439454,3.82913992136187,0.533941970411178
-1.2083153112789,3.76601242943561,0.574997232023607
-1.19972416703264,3.69985942428501,0.613785677259885
-1.18903644024199,3.63083754899099,0.650173760294192
-1.17626597387006,3.55910104679915,0.68404667280953
-1.16143376912141,3.4847989931924,0.715306727967751
-1.14456981795048,3.40807237946032,0.743871408601855
-1.12571503949072,3.32905123547039,0.769671224535205
-1.10492306140358,3.24785204367558,0.792647536031937
-1.08226154037519,3.16457573284797,0.812750503225617
-1.05781271743546,3.07930652535625,0.829937307659448
-1.03167296812922,2.99211183815709,0.844170757068042
-1.00395123158856,2.90304330539162,0.855418335500729
-0.974766367109567,2.81213882459692,0.863651697713055
-0.944243654561378,2.71942536541778,0.868846547809852
-0.912510786031067,2.62492215877101,0.870982793447151
-0.879693757564233,2.52864383341665,0.870044842829428
-0.84591305218902,2.43060309532202,0.866021909458304
-0.811280417108183,2.33081263495938,0.858908211909508
-0.775896410772049,2.22928607338628,0.848702985823743
-0.739848757801903,2.12603788028484,0.835410262740928
-0.703211433686293,2.02108229197342,0.819038394367055
-0.666044320249023,1.91443131317816,0.799599317688599
-0.628393229904063,1.80609189315212,0.777107555643205
-0.59029008533408,1.69606233500476,0.751578934953393
-0.551753047120463,1.58432792666769,0.723028976125327
-0.512786397157509,1.47085569073218,0.691470871461601
-0.473379990677485,1.35558802281724,0.656912917995327
-0.43350807825272,1.23843481797103,0.61935519919538
-0.393127262658293,1.11926346529306,0.578785216122311
-0.352173275258471,0.997885765113513,0.535172032342494
-0.310556128244584,0.874040369028854,0.488458304857053
-0.268152990099641,0.747368664583158,0.438549305111218
-0.224797843949616,0.617381103960705,0.385297689478564
-0.180266628017915,0.483409836655955,0.328482452047468
-0.134256332787582,0.344542755801575,0.26778059323584
-0.086357165525653,0.199535955221782,0.202731994812505
-0.0360207742905891,0.0467134848118655,0.132706025830616
0.0174593377954361,-0.116095999156178,0.056902730292358
0.074907939645109,-0.291438744380851,-0.0255246471161439
0.137086673918601,-0.481673744433098,-0.115086011840434
0.20435241762425,-0.687904919514899,-0.211300079419163
0.276378938662298,-0.909103515749533,-0.312197452804523
0.352244238831182,-1.14237219293488,-0.414524225971108
0.430799255360846,-1.3840921360212,-0.514483868414354
0.510963015253251,-1.63084922285995,-0.608388417399765
0.591807788630588,-1.87971807094174,-0.692965094587804
0.672523153303006,-2.12818066699006,-0.765445187730399
0.752352262980161,-2.3739682707982,-0.823577553626408
0.830537527850382,-2.61494212738229,-0.865623037728419
0.906281943946843,-2.84903385803077,-0.890339663167185
0.978722512594868,-3.07423606778423,-0.896957094190853
1.04691189799255,-3.28862619132678,-0.885141001277932
1.1098092342411,-3.49040406956424,-0.854952449244395
1.16629030207224,-3.67792056112505,-0.806809459203961
1.21519392785156,-3.84967502561471,-0.741457525884461
1.25541404014293,-4.00427260062544,-0.65995501205202
1.28601853804143,-4.14036213517109,-0.563679364141102
1.3063465328303,-4.25660274584937,-0.45435739275505
1.3160411979519,-4.3516978328403,-0.33411229495398
1.31502003564335,-4.42448981272066,-0.205504181682877
1.30342217691115,-4.47407136297136,-0.0715308448237606
1.2815681008304,-4.49987107525966,0.0644399797785541
1.24993769087063,-4.50169663460633,0.198817141816727
1.20915234466039,-4.47973791288443,0.327996031708042
1.1599474647062,-4.4345382428319,0.448593321825154
1.10313323903275,-4.36694246874394,0.557657206299041
1.03955148021062,-4.27803130232189,0.652811568450661
0.970038694273691,-4.16905293815833,0.732314801787729
0.895401748063582,-4.04136242068776,0.795039679844646
0.816406806593648,-3.8963759942685,0.84039875566905
0.733778122701566,-3.73554269803403,0.86824585536291
0.648201851596657,-3.56033059759496,0.878780478593493
0.560330614766882,-3.37222168430588,0.872473158351883
0.470785947201832,-3.17270836286068,0.850019949426472
0.380157326856104,-2.96328567259863,0.812325273658007
0.288997929752102,-2.74543643709759,0.760505288503623
0.197818381276169,-2.52061018294041,0.695899553073671
0.107080333602919,-2.29019940522053,0.620077588508321
0.0171915151674977,-2.05551743036812,0.534829031517591
-0.0714969193780642,-1.81778065167121,0.442130693708887
-0.158690966814039,-1.57809562307048,0.344089829826805
-0.244152780161438,-1.3374498621232,0.242868977630486
-0.327698513857758,-1.09670660002322,0.140602997927758
-0.409194437251691,-0.856605597830937,0.0393211842561614
-0.488550062512416,-0.617774090544747,-0.0591140748645947
-0.565708214803819,-0.380750199059236,-0.153046463663974
-0.640633307880643,-0.146017052723621,-0.241044093125202
-0.713300474849124,0.085957912362141,-0.321903266607282
-0.783688240576753,0.314684870665312,-0.394644649826014
-0.851776435646322,0.53961925608107,-0.458506602738741
-0.91754967758499,0.760136689568567,-0.512937381011275
-0.98100548789267,0.975514254073299,-0.557585712032939
-1.04216503219328,1.18491581833428,-0.592288437424506
-1.10108341192195,1.38737883479055,-0.617054264856551
-1.15785520197319,1.58180075543972,-0.632043726373563
-1.21260953907612,1.76692506921792,-0.637546702756975
-1.26548764977413,1.94133027047508,-0.633960028451821
-1.31659508291024,2.1034300379318,-0.621768439868539
-1.3659225719066,2.2514993337447,-0.601532368762981
-1.41323582068417,2.38374716669643,-0.57388554938743
-1.45794782145388,2.49845817111546,-0.539543690918088
-1.49900686264848,2.59421527977505,-0.499322052940611
-1.53485172849889,2.67018902725333,-0.454154714459536
-1.56348781724878,2.72643840781097,-0.405103337355528
-1.58270968666237,2.76413193230336,-0.353341910355279
-1.59043905296016,2.78559371962337,-0.300109741028644
-1.58508982004113,2.79412459195762,-0.246637153509408
-1.56585024903502,2.79362614511974,-0.194060666322107
-1.53280262052122,2.78812438757362,-0.14334925114868
-1.48686332627891,2.78131304677816,-0.09525805001927
-1.42958498531726,2.77621162679158,-0.0503149244894948
-1.36289208746667,2.77498292834377,-0.00883500954561534
-1.28882016162022,2.77890582895994,0.029046965857954
-1.20930709007905,2.78846685163061,0.0633372756065823
-1.12605798650383,2.80352133983039,0.0941447904376738
-1.04048212975863,2.82347787630897,0.121648116334692
-0.953686492055154,2.84747148961466,0.146069775718182
-0.866505584576267,2.87450590536208,0.167656953380434
-0.779549054895561,2.9035579828136,0.186667438058335
-0.693253371259089,2.9336463106169,0.203359274726334
-0.607929322457417,2.96387050680145,0.217982942779003
-0.523801456465017,2.99342908075664,0.23077530202925
-0.4410385120224,3.02162308088247,0.241954933473948
-0.359775527370393,3.04785127658456,0.251718769132206
-0.280129015791358,3.07160100559345,0.26024004418035
-0.202206749873886,3.09243741021428,0.267667632599568
-0.126113573026984,3.10999270542922,0.274126772334479
-0.0519544287262736,3.1239563571003,0.279721078963834
0.0201644497236307,3.13406654184041,0.28453562091017
0.0901354745694483,3.14010294786888,0.288640712701399
0.157850245403558,3.1418808014232,0.29209599948021
0.223200346858516,3.13924592307509,0.294954374608692
0.286078185836123,3.13207060089008,0.297265294777726
0.346377762118017,3.12025008800766,0.299077134378476
0.403995347004373,3.10369957324205,0.300438335154107
0.458830101104892,3.0823515205445,0.3013972441552
0.510784693664942,3.05615331653341,0.302000670941269
0.559765996226553,3.02506519960127,0.302291320078734
0.60568591911021,2.98905846676458,0.302304356989974
0.648462442943955,2.94811396429567,0.30206343730774
0.688020873647996,2.90222086941288,0.301576572815681
0.72429532475924,2.85137576551342,0.300832225204122
0.757230405562174,2.79558200195185,0.299796007843176
0.786783069248396,2.73484931962341,0.298408344655737
0.812924554650435,2.66919371124869,0.296583377583158
0.835642337106603,2.59863747711961,0.294209334015301
0.854941990234501,2.52320943046769,0.291150465148799
0.870848853428744,2.44294520108509,0.287250546090161
0.883409397286241,2.35788758823539,0.28233780404322
0.892692185080525,2.268086917171,0.276231020728434
0.898788342822513,2.17360136247625,0.268746454506553
0.901811469190928,2.07449721423792,0.259705162697139
0.901896944364205,1.9708490750634,0.248940279597282
0.899200624738807,1.86273999045834,0.236303827819127
0.893896941637669,1.75026152441819,0.221672701145559
0.886176448566623,1.63351379395151,0.204953546788994
0.876242893802103,1.51260547368106,0.186086375557793
0.86430990893317,1.38765376686067,0.165046830644423
0.850597438533983,1.25878431749161,0.141847127153975
0.835328043388975,1.12613101650347,0.116535742009914
0.818723244521398,0.989835632980233,0.089195973697896
0.801000085206345,0.850047197016799,0.0599435220126354
0.78236811428441,0.706921067891484,0.028923257046921
0.763026994745788,0.560617646075015,-0.00369463155578534
0.743164949919992,0.411300735482697,-0.0377188880635439
0.722958227068966,0.259135616275828,-0.0729415973083077
0.702571726438065,0.104286941849048,-0.109142465223305
0.682160884882004,-0.0530833681245378,-0.146092668838425
0.661874831598535,-0.212818025912946,-0.183557965640991
0.641860759415829,-0.374765820848336,-0.221300771996707
0.622269379265969,-0.53878234184188,-0.259080969904127
0.603261253719607,-0.70472968869714,-0.29665528188566
0.58501373837441,-0.872474862567597,-0.333775159376163
0.567728190277134,-1.0418864984426,-0.370183250667186
0.551637017972699,-1.21282957747645,-0.405608640047355
0.537010037418145,-1.38515774449917,-0.439761169080614
0.524159449531177,-1.5587028658095,-0.472325254248205
0.513442556584756,-1.7332615351044,-0.502953702295911
0.505261095059544,-1.9085783902422,-0.531262095925252
0.50005579474978,-2.08432638211762,-0.556824385959608
0.498294521935288,-2.26008456666773,-0.579170389958224
0.500452201983675,-2.43531461623556,-0.597785969384067
0.506980761004375,-2.6093380378714,-0.612116732160005
0.518267755154619,-2.78131705601408,-0.621576172150333
0.534583398727384,-2.95024312008032,-0.625559168809122
0.556017619083565,-3.11493781939752,-0.623461659280463
0.582411753257606,-3.27407124139527,-0.614706957593448
0.613293473022175,-3.4262019097915,-0.59877850861003
0.647827863277971,-3.56983980426554,-0.575257731980239
0.684800784317958,-3.70352923829275,-0.543864062134141
0.722650433536514,-3.82594204570541,-0.504492589562108
0.759556955752634,-3.93596533685058,-0.457243449706867
0.793587213323564,-4.03276501912453,-0.402437075765333
0.822874938547692,-4.1158092523818,-0.340611261141172
0.845801842026381,-4.18484578438849,-0.272499608389393
0.861140573241636,-4.23984068909161,-0.198995319643795
0.86812979415958,-4.2808974654742,-0.121107741903306
0.866471924767887,-4.3081793731431,-0.0399202162157453
0.856266227906959,-4.32185304953018,0.0434437125589147
0.837904417234328,-4.3220613422874,0.127841944913549
0.811958652929468,-4.30892326408908,0.212123240409725
0.779084839453361,-4.28255279104381,0.295127335540573
0.739953059249614,-4.24308658390015,0.375680602467082
0.695206830592529,-4.19071213165745,0.452592832126597
0.645446212868894,-4.12569036636065,0.524660422402865
0.591226853840354,-4.04836921205031,0.590679967812293
0.533066947998746,-3.9591864344282,0.649474060206787
0.471455630527512,-3.85866168574337,0.69992830977384
0.406858643482031,-3.74737901376786,0.741035742885637
0.339719533093338,-3.62596234741885,0.77194259724815
0.270456684133524,-3.49504738980781,0.79198879523383
0.199457832115776,-3.355253673959,0.800737301325759
0.127074180230517,-3.20716016992784,0.797988838851746
0.0536160007117769,-3.05128686443241,0.783781335225989
-0.0206491221323323,-2.8880835047253,0.758376090830607
-0.0954950767252189,-2.71792557296481,0.722234413971291
-0.170733371771334,-2.54111679800532,0.675989116080913
-0.246207347344826,-2.35789720452058,0.620414990560096
-0.321785227280071,-2.16845574635359,0.556401578399476
-0.397352686108285,-1.9729467790364,0.484930512898869
-0.472805439433524,-1.77150980502714,0.407058769324066
-0.548042268849674,-1.5642919020544,0.32390829347105
-0.622958739344675,-1.35147195594476,0.236661693640615
-0.697442384470792,-1.13328529517856,0.146562905541217
-0.771369489777351,-0.910046966557128,0.0549210148213018
-0.844604341750669,-0.682171745998916,-0.0368851893148249
-0.917001174908339,-0.450189680299652,-0.127404671342297
-0.988408844266928,-0.214757282664897,-0.215116356486714
-1.05867783260269,0.023333819175205,-0.298438552278971
-1.12766889722949,0.263147596008495,-0.375747625870998
-1.1952624725172,0.5035899271025,-0.445407508753822
-1.2613677025862,0.743387136383748,-0.505811152021411
-1.32592936681226,0.981054580553386,-0.555434691568717
-1.3889296012487,1.21485493037985,-0.592904851516173
-1.45037884780857,1.44274838583674,-0.617079903087255
-1.51028656459174,1.66234120942479,-0.627143885176052
-1.56859719101932,1.87084622835989,-0.622712034744374
-1.62507245049708,2.06508144081041,-0.603941755524107
-1.67910311087604,2.2415516000142,-0.571637701099499
-1.72945386339532,2.39667828436562,-0.527332158264529
-1.77399913671255,2.52724824651344,-0.473313718903046
-1.80959430470465,2.63110056450564,-0.412569413374823
-1.83229354421611,2.70793512347345,-0.348602534834826
-1.83806319221253,2.75993132835811,-0.285103174697268
-1.82388135715639,2.79177258046285,-0.225496418334235
-1.78879527747438,2.80985813211438,-0.172465119339791
-1.73442302626864,2.82090572598222,-0.12758912983651
-1.66466453173625,2.83048491135807,-0.0912101073738674
-1.58479917737497,2.84200319861058,-0.062535656255783
-1.50037144909616,2.85636879967992,-0.0399086995885893
-1.41622256143109,2.87224711502622,-0.0211375084741879
-1.33585581883255,2.88668068036795,-0.00380455359862758
-1.26117212448357,2.89583913566172,0.0144810354327704
-1.19252493035322,2.89572434927804,0.0358751402895251
-1.12900088310836,2.88272321074271,0.0620883858891887
-1.06880907584184,2.85396714488519,0.0941244764156436
-1.00965896385336,2.80752574790539,0.131963609664256
-0.94904391779176,2.74251468722728,0.17428222427528
-0.884428043455321,2.65919449615552,0.218393108675597
-0.813413902557838,2.55905533084658,0.260583861749079
-0.733973583335393,2.44477641226807,0.296865375049368
-0.64473254274568,2.31993010677385,0.323894216670017
-0.545187646132145,2.18842328408312,0.339699772494598
-0.435730782816804,2.05384160221929,0.34395325084916
-0.317450724717613,1.91893396220079,0.33777333708643
-0.191803264587872,1.78539359064423,0.323269343198975
-0.0602832597638304,1.65394152621509,0.30306045705042
0.0758039222801364,1.52460729798852,0.279914377241523
0.215439139240128,1.39707361754165,0.25652197859468
0.357871057808295,1.27098313548332,0.235341303904771
0.502520289518428,1.14615235794851,0.218426748179637
0.64884698252067,1.02267387948272,0.207197713350152
0.796220792653383,0.900909746833261,0.20217184966956
0.943829125256905,0.781395123509268,0.202759021212249
1.09065153247182,0.664689465483587,0.207243316149273
1.23551033218499,0.551228160811915,0.213039248905281
1.37718168229495,0.441228311702794,0.217199447497784
1.51452792817266,0.334679542661153,0.217031237916166
1.6466041631529,0.23141241620475,0.210625502277764
1.77270556218299,0.131204809173781,0.197148564015102
1.89235018004685,0.0338782029367101,0.176861028617158
2.00521872440561,-0.0606486309352634,0.150933217889782
2.11108486982358,-0.152355888337192,0.121172745731017
2.20976448365617,-0.241156320351038,0.0897620169406233
2.30109676230233,-0.32694478926179,0.0590514024216803
2.38495392077238,-0.40964276592417,0.0314010111157682
2.46126431115598,-0.489221701944779,0.00903113327918972
2.53002835152356,-0.565696293592554,-0.00616365733723406
2.59130789459625,-0.63908786004926,-0.0128587177011874
2.64517862829097,-0.709369619580919,-0.0105776616182079
2.69165214672036,-0.77641697598027,7.45239276868648e-05
2.73059526747563,-0.839990257929607,0.0173390331135643
2.76168753965897,-0.8997672164078,0.038489148422182
2.78444953889837,-0.955418140088367,0.0602843685730844
2.79834177870604,-1.00669116935385,0.0795782647263327
2.80289556601447,-1.05346834858822,0.0938826306776158
2.7978211541121,-1.09577056691093,0.101711789436047
2.78305575496018,-1.1337177020295,0.102642503588242
2.75874746030179,-1.16746846915709,0.0971475872201968
2.72519574264874,-1.19716473886724,0.0863236712112994
2.68277451192962,-1.22289448947859,0.0716229695176353
2.63185615703668,-1.24467695583503,0.0546483278161435
2.57274587917771,-1.26246830159803,0.0370187384984692
2.50563144858059,-1.27618548485085,0.0202794561657447
2.43055458304799,-1.28574645068467,0.00582022803217086
2.34741309963916,-1.2911234487667,-0.00522747345001712
2.25600330395567,-1.29240197156196,-0.0121234955003205
2.15610589723358,-1.28983181169281,-0.0146650034437367
2.04760477207753,-1.28385237281871,-0.013302471986878
1.93061011184298,-1.27507615196501,-0.00916939892160273
1.80554449932774,-1.26422508037793,-0.00398028572649484
1.67315435243568,-1.25203205111269,0.000209922695838471
1.53443318266869,-1.23913619808087,0.00133831142420388
1.3904784058414,-1.22600522139875,-0.00232890353111553
1.24233000901676,-1.21290705661408,-0.0119449771012953
1.09084192713439,-1.19993256749819,-0.0279704066867733
0.936616446906174,-1.1870525480089,-0.0501990712015908
0.780003336091669,-1.17418482673428,-0.0778795564594419
0.621144621156438,-1.16125107849122,-0.109873830024948
0.460039659660762,-1.14821255922498,-0.144805695528396
0.296610452298232,-1.13508335357354,-0.181173903603513
0.130757156887142,-1.12192568070627,-0.217427426011797
-0.0375971862892831,-1.1088341883765,-0.252016746619894
-0.208468508915255,-1.09591631559062,-0.283443313788729
-0.381775105743566,-1.08327512445306,-0.310329605528282
-0.557300425504997,-1.07100013340179,-0.331524514709702
-0.734658406805352,-1.05917039060893,-0.346242760105594
-0.913269977035619,-1.04787147651093,-0.35421445993454
-1.09236198196541,-1.03722366598037,-0.355798419459752
-1.27099668473037,-1.02741271856495,-0.352002383616593
-1.44813029314757,-1.01871018017847,-0.344368501609167
-1.62268640269474,-1.01147003851625,-0.334725118136211
-1.79362203290493,-1.00609459687543,-0.324860043999467
-1.95996653830862,-1.00297212097126,-0.31620564555279
-2.1208270840603,-1.00239723141789,-0.309620406072919
-2.27537132341343,-1.00448881588612,-0.30530911441332
-2.42280878852513,-1.00911999550688,-0.302870819361978
-2.56239168737722,-1.01587297381717,-0.301427516980315
-2.6934444202996,-1.02402959264249,-0.299778617652786
-2.81541507967305,-1.0326046990967,-0.296541315363447
-2.92792909680319,-1.04042214185207,-0.290262604166073
-3.03082123150561,-1.04622253787323,-0.279513472806091
-3.12413032798731,-1.04878143821741,-0.262991741103918
-3.20805985893491,-1.04701180744937,-0.239661222022909
-3.28292873856038,-1.04003083770198,-0.208937222620283
-3.34914873174365,-1.02718864475764,-0.170892423229276
-3.40725423766001,-1.00807840192599,-0.126414165015312
-3.45797380711447,-0.982559951850831,-0.0772189616742105
-3.50228607191833,-0.950818020939918,-0.0256516787703451
-3.54137893702106,-0.913441309715984,0.0257257748619398
-3.57645833226913,-0.871470056113139,0.0746508302843671
-3.60842646515834,-0.826347111142289,0.119615302923264
-3.63752694298169,-0.779736171306999,0.160116024994304
-3.66308799533125,-0.733227246332029,0.196651851913826
-3.68346922529523,-0.688004105455401,0.230521480865388
-3.69625055656628,-0.644577291629529,0.263532431694258
-3.69862472444697,-0.602679485579786,0.297721289931242
-3.68789084727595,-0.561377550817796,0.335127382359426
-3.66191360710585,-0.519385461762088,0.377591870460695
-3.61942345260934,-0.475485018240453,0.42651031614592
-3.56008990762891,-0.42890930899712,0.482482573307891
-3.48438363019508,-0.379547658557417,0.544891602076998
-3.39331664955668,-0.327899099269603,0.611568316493897
-3.28817792014046,-0.274810929481074,0.678774292836281
-3.17034932371838,-0.221137351920625,0.741661875806098
-3.04121800214318,-0.167481187245462,0.795145985806635
-2.90214322327668,-0.114116173066951,0.834882899102519
-2.75442727905965,-0.0610739419777948,0.857986024408423
-2.599272050897,-0.00830080106357919,0.863268677020528
-2.43773552647334,0.0442116327044603,0.851052709285911
-2.27070859774423,0.096367104412587,0.822742983042383
-2.0989182193106,0.147971278897855,0.780378846782633
-1.92294862220599,0.198776010330201,0.72629023428803
-1.743268561322,0.24853448050811,0.662889895936783
-1.56025748056796,0.297050769586339,0.592570776978717
-1.37423026047649,0.344216393623287,0.517654985050434
-1.1854641352182,0.390030905675906,0.440345987257137
-0.994231151812248,0.434605071912802,0.36265493702982
-0.800836281045196,0.478145812450289,0.286295674937826
-0.605656863932223,0.520923671654103,0.212564647527139
-0.409175401121595,0.563226598699799,0.142236785271475
-0.211996272966237,0.605307511455346,0.0755124238040735
-0.014838727116203,0.647336041361745,0.012041915807622
0.181496595773503,0.689365314768292,-0.0489643081435084
0.376183378118803,0.731321670432238,-0.108555807302504
0.568436714102437,0.773019306407163,-0.167827357587587
0.757576826876102,0.814195042563155,-0.227712866093155
0.943075175920465,0.854553312459436,-0.288826423250825
1.1245736310166,0.893810060456755,-0.35137325459867
1.30187490049682,0.931726510860966,-0.415133621532056
1.47490974552008,0.968128259387362,-0.479505935741489
1.64369119469941,1.00290965754378,-0.543585909898316
1.80826701098779,1.036026459778,-0.606257231077443
1.96867965787412,1.06748073853218,-0.666273958675887
2.12493942602207,1.0973016288904,-0.722322489839157
2.27701268203114,1.12552439570664,-0.773058953896311
2.42482418658017,1.15216935230392,-0.817124916538261
2.56827027299568,1.17722174740814,-0.853149920986092
2.70723819474435,1.20061403424104,-0.879753754932637
2.84162585620379,1.22221286145657,-0.895564335591487
2.97135533745909,1.24181437409022,-0.899268089293604
3.0963733685201,1.25915240034512,-0.889707211521925
3.21663287932412,1.27392392271988,-0.866030145471233
3.33205299549069,1.28583379918459,-0.827886124888791
3.44246128812029,1.29465523798018,-0.775631870264829
3.54753144016484,1.30029460304425,-0.710493496236406
3.64673878227717,1.30284171334476,-0.634611362996586
3.73935915479332,1.30258510758198,-0.550906642202595
3.82452667144945,1.29998028257584,-0.462756503861988
3.90134296307565,1.29557658702428,-0.37353910295911
3.96900539709036,1.28992641469976,-0.286172498768334
4.02691143137035,1.28350722758653,-0.202780896530092
4.07470866595042,1.2766784241196,-0.124566508561769
4.11228607935159,1.26967770765679,-0.051879917695675
4.13972363308413,1.26264649182283,0.0155836670280626
4.15722419295219,1.25566753860786,0.0785531612822135
4.16504560396648,1.24879969590033,0.13798430065461
4.16344045644398,1.24209988486803,0.194926800510841
4.15260390475859,1.23562776359365,0.250451799695853
4.1326286212599,1.22943254536132,0.305613428095161
4.10346969615896,1.22352471001199,0.361409956862686
4.0649282094839,1.21783847286707,0.418713335615412
4.01666664321335,1.21219384046129,0.478149405089776
3.95826847317023,1.20626912446859,0.539933299162764
3.88934534372341,1.1995949048357,0.603692084346946
3.80967820662005,1.19157777537799,0.668331464524255
3.71935871652571,1.18155617527135,0.732012529292341
3.61888435569035,1.16888140027225,0.792285544197245
3.50916649291445,1.15300680146615,0.84637915296813
3.39143820086421,1.13356204573417,0.891582837792657
3.26708694713097,1.11039198037483,0.925619867684527
3.13746526052032,1.08355145611693,0.946911944877676
3.00373471058837,1.0532626423489,0.954682900788361
2.86677687974836,1.0198519707018,0.948909107258703
2.72717518965584,0.983685691601657,0.930167549243024
2.58524939294341,0.945117736035458,0.899444970473079
2.44111668376545,0.904455770684719,0.857959177595727
2.29475686673434,0.861944942139582,0.807021155800113
2.14606754255288,0.8177653599191,0.747946134619921
1.99490372261575,0.772038542433724,0.68200846285136
1.84110232979894,0.724838785312276,0.61042911072345
1.68449539877816,0.676206742079007,0.534383543880705
1.5249170852665,0.626163806355302,0.455019095466664
1.36220979721854,0.574726809163304,0.373473072148519
1.19623371500918,0.521923117877455,0.290884411648508
1.02688308449761,0.467805983353283,0.208392983356089
0.854110212975844,0.412469520583339,0.127121352872123
0.67795550130429,0.356061659074046,0.0481355537339802
0.498578878101777,0.298792484131052,-0.0276148444547013
0.316285734923382,0.24093508287228,-0.0993706136239249
0.13153975922144,0.182816787934034,-0.166635830907787
-0.055043558711142,0.124800647020492,-0.229228523264115
-0.242725303929304,0.0672596339520576,-0.287286805728319
-0.430690451633097,0.0105486229630068,-0.341216346301104
-0.618105313713679,-0.0450195204383525,-0.391581152028154
-0.80417248398709,-0.0991887368159722,-0.438958531159834
-0.988171100485314,-0.15176358893873,-0.483792186962893
-1.1694753316003,-0.202605076406231,-0.526278294822816
-1.34755166084481,-0.251625543100351,-0.566307526715456
-1.52194252780733,-0.298791892239678,-0.603467160290192
-1.69224748055359,-0.344145302565684,-0.637089825951157
-1.85811209283054,-0.387840690731839,-0.666324942529539
-2.01922984169047,-0.430199889009947,-0.69020695050177
-2.17535415984148,-0.471760359863958,-0.707699412787252
-2.32630910504224,-0.513291881014796,-0.717703837082159
-2.47198118093426,-0.555756416572677,-0.719036038080921
-2.61227621685666,-0.600207060784751,-0.710391317030492
-2.74703585286626,-0.647651420406387,-0.69034070638412
-2.87592503985073,-0.698920066038797,-0.657416278613859
-2.9983192828437,-0.754566274090645,-0.610340385702476
-3.11323416798616,-0.814792402676547,-0.548416689684167
-3.21934592196631,-0.879383641314696,-0.472022873340426
-3.31513915912876,-0.947650865464252,-0.383042671443536
-3.39917275346721,-1.01842452256967,-0.285005411450631
-3.47038434066075,-1.09015758234542,-0.182748427261927
-3.5283044991313,-1.16115453425618,-0.081617288954529
-3.57307829237151,-1.22986389106258,0.0135269840564799
-3.60529260483928,-1.29512053091388,0.099107551213572
-3.62570739850089,-1.35625000445524,0.173173706262087
-3.63501383932253,-1.41302518191666,0.23527690533369
-3.63369251874627,-1.46553052062432,0.286069094566334
-3.62197676427129,-1.51400391191319,0.326851389186434
-3.59988577517911,-1.55870270668257,0.359224811045264
-3.5672879425591,-1.59980945090099,0.384889972013389
-3.52397057379179,-1.63737340826379,0.405565657404916
-3.46971101520896,-1.67127944964295,0.422960133253821
-3.40435569168914,-1.70124117211233,0.438725025217142
-3.32791404027718,-1.72682300094663,0.454339174065412
-3.24066374205938,-1.74749983094597,0.470903434120375
-3.14324560468619,-1.7627571695263,0.488873897674848
-3.03670957624325,-1.77221803244358,0.507812079956347
-2.92247114777173,-1.77576086889601,0.526265370418797
-2.80216120604774,-1.77358051736113,0.541879520778818
-2.67739832927692,-1.76615765582097,0.551770067431638
-2.54955505116229,-1.75414177079052,0.553066331219878
-2.41959733677834,-1.73819484824923,0.543456744094809
-2.28804134495986,-1.71885773429551,0.52156679064317
-2.15501843777059,-1.69648033950936,0.487087081312694
-2.02040246575921,-1.67122033475882,0.440676764829713
-1.88394711964184,-1.64308817863628,0.383734420765604
-1.74539665534213,-1.61200928698265,0.3181370095282
-1.60455407393921,-1.57788115504544,0.246018085100313
-1.46130639466475,-1.54061416550404,0.169617924724858
-1.31561485511352,-1.50015335304976,0.0912074139874303
-1.16748110713114,-1.45648308285499,0.0130682476996185
-1.01690180017998,-1.4096185563398,-0.0624985504284295
-0.863825386824353,-1.35958899562218,-0.133169257927754
-0.708126990208761,-1.30641853946809,-0.196634485226081
-0.549618462499326,-1.25011269157705,-0.250708201215875
-0.388108436493361,-1.19065979587697,-0.293526563649263
-0.22351733333585,-1.12805631351763,-0.32382538253836
-0.0560325663162076,-1.06235888132498,-0.341240985261523
0.113736920241296,-0.993754324981787,-0.346533412377666
0.284667120186332,-0.922625374312654,-0.34161268697898
0.455140935361529,-0.849584876037394,-0.32928994321292
0.623199542467076,-0.775463274170584,-0.312777511084463
0.786777308634468,-0.701258701231153,-0.295077166244761
0.943931585997731,-0.62807845680943,-0.278450634153043
1.09298123092184,-0.557099365651863,-0.264123980005767
1.23251242372261,-0.489553554144711,-0.252268180484234
1.36126860499551,-0.426718660062891,-0.242189946869857
1.47798549932448,-0.369868050912323,-0.232611452560746
1.58125506289221,-0.320121801997143,-0.221923936355956
1.66951226561179,-0.278142663112311,-0.208344684235524
1.74123476582862,-0.243670168861028,-0.189959994109659
1.79539131635946,-0.215013308324818,-0.164685840375471
1.83201795486511,-0.188802684765944,-0.130237304945962
1.85258727152177,-0.160371435206108,-0.084285029351523
1.85981475558196,-0.124863851611222,-0.0250373803557802
1.85694226705128,-0.0786223800159814,0.0476526279409179
1.84704911048051,-0.0200874348424195,0.131012643489372
1.83289515071791,0.0502397685418135,0.218768286772215
1.81716054753487,0.130570107199197,0.302059322863629
1.80251527395396,0.218758677924481,0.371777080479441
1.79124449006138,0.312929476668805,0.421153700462069
1.78472220022397,0.411673581341574,0.447213332586324
1.78317068298708,0.513964536056241,0.450592911860767
1.78583217737233,0.618987693098232,0.434303370172196
1.79137021896869,0.726002855451871,0.402329848794603
1.79826825215011,0.834273418453718,0.358635395008436
1.80510578034534,0.943051489650812,0.306687033876462
1.81070374735777,1.05159890771444,0.249377702126147
1.81418062373772,1.15922815539836,0.189165687585383
1.81496369710082,1.26535288098838,0.128288978923087
1.8127843563232,1.36954105608613,0.0689612671994285
1.80766840381627,1.47156408841532,0.0134919194048638
1.79991867772336,1.57143283247875,-0.0357074327632666
1.79007880168125,1.66940724355615,-0.0762537493516349
1.77886425446617,1.76596232539246,-0.106067629822603
1.76705153415046,1.86169298647281,-0.123767055503238
1.75532972871543,1.9571507346753,-0.129101414144588
1.74414059526762,2.05263142922462,-0.123284133365425
1.73355526949478,2.14797189022991,-0.109046543541842
1.72324100300822,2.2424417320532,-0.090283728929061
1.71254451727376,2.33480139836972,-0.0713193059044928
1.70066651734145,2.42352630427784,-0.0560124310441544
1.68685875913807,2.50711040201576,-0.0470278882809592
1.67057315158136,2.58432631725468,-0.0455049825431003
1.65152866481815,2.65435822996934,-0.051158107016405
1.62970429471648,2.71679862768987,-0.0626679205654211
1.60528876519799,2.77155528400803,-0.078165713815414
1.57861757694779,2.81872801251347,-0.0956577589591354
1.55011696540556,2.8584984553743,-0.113315844935587
1.5202628884145,2.89105201861021,-0.12962524443699
1.48955570108541,2.91653241786979,-0.143416322666192
1.45850765008349,2.93501946954763,-0.153816505748525
1.42763923858354,2.94651787571113,-0.160156758447735
1.39748043734054,2.95094591695826,-0.161860281311909
1.36857268074573,2.94811616105164,-0.158336044916302
1.34146713305834,2.93770473303463,-0.148897855899234
1.31671371120667,2.91921145366664,-0.132730316810932
1.29483412910192,2.89192055849938,-0.10892373416468
1.27627155823179,2.85488046379354,-0.0765965658505219
1.26131085597153,2.80692925059409,-0.035111269428749
1.24996890925172,2.74679581245573,0.0156365259759083
1.24186674148652,2.67329814920812,0.0749134086389568
1.23611379914237,2.58563339585305,0.140924096087048
1.231254360032,2.48370860202293,0.210778899490052
1.22533171729711,2.36841162983177,0.280730202513781
1.21610025832943,2.24169942419453,0.346667073955304
1.20135603664085,2.10641925459595,0.404746748853996
1.17929089140138,1.96587933626503,0.451971655019111
1.14875058394991,1.82329942188978,0.486539024564507
1.10931837506805,1.68132608826557,0.507888489542021
1.06122607595415,1.54175515437747,0.516491341158922
1.00516061547008,1.40549874787496,0.513500007700773
0.94205142158512,1.27273759573202,0.500384467561034
0.872899100710942,1.14315751926494,0.478643076258092
0.798667542095011,1.01618210584085,0.449623470990347
0.720232614993186,0.891151996793042,0.414449734320482
0.638367955257285,0.767437695550144,0.374032322402296
0.553747889328335,0.644495030041302,0.329133165150684
0.466952648405746,0.521880763694115,0.280462154178101
0.378467029405814,0.399245651426583,0.228786738276923
0.288668644790656,0.276318518234834,0.175040074206282
0.197805756015063,0.152890729421074,0.120413914273027
0.105968012214795,0.0288069242597395,0.0664203941812947
0.0130568167475921,-0.096034752577849,0.0149033213764564
-0.0812342556127252,-0.221671810157102,-0.0320234867064061
-0.17741498707684,-0.348056950058132,-0.0721327274028631
-0.276153864179463,-0.475031515683966,-0.103348399543802
-0.378179102888687,-0.602299642377839,-0.124110342635495
-0.484121244079832,-0.729413391366346,-0.133790778635506
-0.594314605939687,-0.855781089225055,-0.133062865018496
-0.708605192690019,-0.980708405025011,-0.124078214630161
-0.826237365763288,-1.10347203228686,-0.110317469450788
-0.945886248260238,-1.22341126072535,-0.0960698942274305
-1.06585284684336,-1.34001111052225,-0.085655492631502
-1.18436428374985,-1.45295093051846,-0.0826359106773325
-1.29987200806365,-1.56210582043741,-0.0892698203937318
-1.41125174439463,-1.66750658381915,-0.106344394577565
-1.51786676277273,-1.76927644935095,-0.133348083338511
-1.61951617630595,-1.86756490809916,-0.168843889131932
-1.71632009445304,-1.96249339897081,-0.21088942011832
-1.80859189782822,-2.05411964684059,-0.257396949471014
-1.89673037534342,-2.14242113055281,-0.306385679511875
-1.98114575330778,-2.22729474177357,-0.356121521629772
-2.0622205047183,-2.30856875179897,-0.405161474765141
-2.14029881034654,-2.38602372001599,-0.452325841423308
-2.21569572339328,-2.45942002526423,-0.496619677895616
-2.2887163654154,-2.52853062762726,-0.537120807563961
-2.35967539068708,-2.59317801591465,-0.572848992979061
-2.42890682577811,-2.65327371050323,-0.602631480470908
-2.49675430339238,-2.7088568686637,-0.624985093202348
-2.56353251766026,-2.76012529995836,-0.638044252908314
-2.6294540567145,-2.8074477665154,-0.639575816448228
-2.69452381409867,-2.85134202989614,-0.627130143760184
-2.75841776670428,-2.89240177682966,-0.598373049542311
-2.82038314010746,-2.9311627150162,-0.551609939158198
-2.87921534615556,-2.9679197165647,-0.486437927083174
-2.93336679875369,-3.00254260965845,-0.404350825536309
-2.98120428420286,-3.03437138237984,-0.309027508548442
-3.02135483462519,-3.06226852389691,-0.206052134520611
-3.05300694237466,-3.08484316360128,-0.102014172368566
-3.07603084200163,-3.10076557111026,-0.00324798571434709
-3.09087121974053,-3.10903581987949,0.0853184697164746
-3.09828511505451,-3.10910605283298,0.160802177838179
-3.0990563737888,-3.10084787902328,0.222372704063718
-3.09378964092411,-3.08442835410299,0.270792355636641
-3.08281811337173,-3.06017087108351,0.307767717242486
-3.06620496364152,-3.0284486950358,0.335347041452715
-3.04379790265923,-2.9896238303528,0.355489293556094
-3.01530051773495,-2.94402212740008,0.369835301222158
-2.98033753863737,-2.89192870949893,0.379655799826186
-2.93850446983656,-2.8335900155599,0.385929255875742
-2.88940169002053,-2.76921429374147,0.389499517102365
-2.83265903573288,-2.69896801135354,0.391267345256441
-2.76795986532606,-2.62297019452073,0.39237319513402
-2.69507418773074,-2.54128991300005,0.394327990575121
-2.61390839013034,-2.45395385315724,0.399044866225609
-2.5245733738584,-2.36097076846286,0.408723025990934
-2.42746240655952,-2.26237698960211,0.425545017129651
-2.32331546572321,-2.15830187227758,0.451184366108386
-2.21323372226867,-2.04904465818033,0.486191601935731
-2.0986074523195,-1.9351461998433,0.529423487405601
-1.98094475994564,-1.8174321100873,0.577756091918752
-1.86163502612279,-1.69700051400094,0.62630135460053
-1.74172398137882,-1.57513286835404,0.66918144130074
-1.6217814035566,-1.45312799702392,0.700660430116906
-1.50189862212811,-1.33209706594856,0.716243941226957
-1.38179323234165,-1.21278920963266,0.713371512988989
-1.26096455459507,-1.09551357775329,0.691535402075013
-1.13884766000616,-0.980179175458736,0.651915338176637
-1.01493761199334,-0.866420796532499,0.596768889885326
-0.888876684976922,-0.753752849101898,0.528818291269034
-0.760507441536405,-0.641700177449665,0.450785884958229
-0.629896394648431,-0.529879383277989,0.365131749983162
-0.497331124372591,-0.418027051330959,0.273982223794346
-0.363290324705733,-0.305984351668836,0.179210937853051
-0.228381808166897,-0.193651555461529,0.0826300966945939
-0.093238744062912,-0.0809255902750882,-0.0137478827997913
0.0416378174464621,0.0323664227199016,-0.107423078783065
0.176095927554939,0.146521462275323,-0.195160806588473
0.310592038399339,0.261979168728342,-0.272889148179261
0.446428387314245,0.379272869113348,-0.335891263089302
0.585837130309594,0.498881125162777,-0.379458535891449
0.731724144673792,0.620970298684792,-0.40009392333678
0.886913722048919,0.745077455941387,-0.397112486558695
1.05294322725518,0.869873175896467,-0.374071326594369
1.2288567336626,0.993210247177345,-0.339081471049212
1.41078268047416,1.11259273741971,-0.303203948226472
1.59285343574202,1.22592688537173,-0.277183858224487
1.76910972744772,1.33212859719142,-0.268127113906024
1.93524488681625,1.43121255129946,-0.277940053346225
2.08927731779491,1.52388639770082,-0.304028982467022
2.23115864639038,1.61099282514903,-0.341298972287754
2.36191813708187,1.69311452852928,-0.3841660302053
2.48289034414006,1.77044612920026,-0.427858905903478
2.59524815120413,1.84288165357918,-0.468904690370272
2.6998142525907,1.91022515799213,-0.504990832333335
2.7970247029208,1.97245167340495,-0.534442846569563
2.88691395315237,2.02996928425661,-0.555512914903684
2.96902766617509,2.08383221284085,-0.565642923542502
3.0422266954285,2.13582326418786,-0.560893530901067
3.10443070142988,2.1882767780473,-0.535834399879398
3.15248674903303,2.24349576072353,-0.484341967550431
3.18253087035373,2.3027209216821,-0.401787428505706
3.19126584922194,2.36495098904958,-0.288577445058267
3.17805009699217,2.42643383807509,-0.15345251208055
3.14640847794477,2.48173667608511,-0.0132384214687948
3.10302173840896,2.52616534502859,0.112894260016504
3.05439524628289,2.55776906873325,0.2112939495604
3.00406213776777,2.57748893729967,0.277760779854473
2.95229272131644,2.58788563000792,0.31582468477388
2.89752427419646,2.59172957386872,0.332542892971413
2.83788484591925,2.59114330621781,0.335050194039722
2.77203667394426,2.58729716805763,0.328856564940809
2.69935984242485,2.5804343593793,0.317522469807663
2.6197500136508,2.57003649833794,0.303113373996609
2.53327652956619,2.55502872250024,0.28702236763292
2.43986956399626,2.53399640675741,0.270943883709576
2.33916139711355,2.50542812396713,0.257864316570136
2.23059905579973,2.46800328926931,0.252869971770354
2.11392167355525,2.42090204329031,0.263347739625078
1.9899598075777,2.36403515900688,0.297858571531332
1.86138225976355,2.29801586393812,0.362958469508825
1.73260777990322,2.22373467010486,0.45823379109897
1.6081851652474,2.14168320613141,0.572174576380437
1.49019094723831,2.05156908150187,0.683353930072245
1.37677741042873,1.95266081802299,0.76859604802201
1.26341074224952,1.84449349348222,0.81288199069988
1.1455908386015,1.72717055495604,0.813490289782619
1.02071313265389,1.60115215533256,0.776976460055252
0.888301751415399,1.46699402339192,0.71340635235215
0.749344302035969,1.32531993611977,0.631968597457128
0.605546875367686,1.17695654706194,0.539108622565234
0.458827169345099,1.02306268597832,0.438499607978185
0.31102083047469,0.865156340048328,0.331882095536744
0.163682084508841,0.705014565058479,0.220147952779212
0.0178878495040026,0.544444036989542,0.104401501546421
-0.125981993816129,0.384918188055613,-0.0130865858995408
-0.268444909944665,0.227091155712401,-0.128102649536085
-0.410987315654459,0.0702543053977345,-0.23405683596619
-0.555857658894891,-0.0880986572703236,-0.322200773675334
-0.70544489369842,-0.252299185372855,-0.382915648072235
-0.861210750823737,-0.427699856464598,-0.408436352198332
-1.02240923331047,-0.618664536270216,-0.396836687127682
-1.18529703402184,-0.825633954711813,-0.355676201674704
-1.34384550993625,-1.04302232418889,-0.30204644971666
-1.492156977271,-1.26045615629986,-0.256751042024816
-1.62697703267059,-1.46738303111424,-0.235539691640785
-1.74832781238778,-1.65739659815002,-0.243892083158082
-1.8582656522475,-1.82919887857318,-0.278116693064745
-1.95925852214807,-1.98484601399638,-0.329859340459756
-2.05321013614472,-2.12752315695382,-0.390240883685869
-2.14119224426702,-2.26011285135533,-0.452136312341777
-2.2235617484868,-2.38465130548681,-0.510853705352724
-2.30018882004036,-2.50233684196306,-0.56390500115871
-2.37066155783567,-2.61377412470115,-0.610386554514846
-2.43442908784078,-2.71926197997016,-0.650232723717695
-2.4908911337076,-2.81902816609304,-0.68343377739154
-2.53945891797783,-2.91336147592964,-0.709235305767402
-2.57961665266289,-3.00260572004687,-0.725349967092036
-2.61101267026699,-3.08698676748231,-0.727308975316946
-2.63360289961066,-3.16627312007143,-0.708252430690874
-2.64784413180195,-3.23935370475772,-0.659660319107579
-2.65486791166838,-3.30396574500965,-0.573604714054659
-2.6564553290303,-3.35695126971084,-0.446685534621461
-2.65458111315302,-3.39532245490939,-0.284425926949711
-2.65054033501643,-3.41778505646471,-0.102959105636483
-2.64421882867566,-3.4255466683587,0.0750803267421293
-2.63421303707252,-3.4214942964118,0.229140149049516
-2.61872588072898,-3.40841959527898,0.347782981189574
-2.59643965121293,-3.3878242564178,0.42980107531173
-2.56684406810718,-3.35988648864983,0.480715727954097
-2.53012244599484,-3.32406211905923,0.508408700172892
-2.48689922964311,-3.27968525152664,0.520140899498249
-2.43803066613922,-3.22631921547572,0.521252362696986
-2.38448097840267,-3.16388245612978,0.515009626382747
-2.32726093001621,-3.09264639427736,0.503034557675391
-2.26739055059366,-3.01318008489147,0.485950425177157
-2.2058518151591,-2.92627711105253,0.464064012453168
-2.14350533310546,-2.83287001121229,0.438010452186458
-2.08095508717884,-2.73392037244952,0.409325588080725
-2.01836075468059,-2.63026798195063,0.380895141398407
-1.95522350678991,-2.5224317664239,0.357177624091016
-1.89021176541202,-2.41038296105733,0.344029610755613
-1.8211449616361,-2.29336069457853,0.347913717269175
-1.74529487423209,-2.16986517989564,0.374315875627152
-1.66013484353122,-2.03800350189773,0.425470164301802
-1.56446412305436,-1.89627853739843,0.498091975896469
-1.45943149490825,-1.74460353501602,0.582517062709828
-1.34868476416517,-1.58493072125213,0.664568362219907
-1.23724411962401,-1.42090281680492,0.729875337477634
-1.12969338853655,-1.25663659529412,0.768317333380435
-1.02883993095951,-1.09545181402676,0.776111468795072
-0.935452913659711,-0.939252282011199,0.755065820159221
-0.848811078333572,-0.788617525868509,0.710331209974395
-0.767472415158253,-0.643250175446574,0.648158117771569
-0.689880774025435,-0.50244336987148,0.574386791226025
-0.614707793534134,-0.365414511125758,0.493716295707551
-0.540979797245403,-0.231486377115829,0.409523306201026
-0.468074528969275,-0.100150687709631,0.323987707320283
-0.395657433819342,0.0289427021052615,0.238353670637559
-0.323601698086255,0.156035725339263,0.15322764295937
-0.251915143541597,0.281326045173588,0.0688663248570509
-0.180683220218537,0.405027922347818,-0.0145613500393535
-0.110029686898122,0.527417977790808,-0.096738977166754
-0.0400930476204207,0.64885656348631,-0.176990992991022
0.0289846684660145,0.769776853413089,-0.2540959144056
0.0970612582642701,0.890635060382023,-0.326137539047925
0.163995891778029,1.0118176494165,-0.390424888897386
0.229656999284536,1.13350678708009,-0.443533188825888
0.293946229024563,1.25551623492075,-0.481537375637562
0.356846947717,1.37712931289722,-0.500512948061027
0.418497353659003,1.49699785869363,-0.497341672600038
0.479268325984446,1.6131851987106,-0.470750657814843
0.539797954009131,1.72342848639195,-0.42232475927933
0.60092027594414,1.82562131321472,-0.357038565600629
0.663460482425868,1.91837927938866,-0.282841649244932
0.72795845366032,2.00143787139437,-0.209173837412545
0.794460460840476,2.07567210015948,-0.144880236823502
0.862495639332573,2.142734563586,-0.0963887134960525
0.931235756923313,2.20451792430782,-0.0668375932136992
0.999733952207049,2.26269004988106,-0.0562613815412942
1.06712948037224,2.31843594720279,-0.062454420378931
1.13276395509001,2.3724031624076,-0.0820160258300872
1.19621299103662,2.42477705159058,-0.111237604448517
1.25726355727764,2.47540878654364,-0.146702244896374
1.31586784498283,2.52394443069428,-0.185606666127631
1.37209484217552,2.56993000480959,-0.225872306538156
1.42609090286843,2.61288544568955,-0.266118734512771
1.47805353482067,2.65234989634475,-0.305558220546752
1.52821837744432,2.6879046599541,-0.343851574578104
1.57685702135781,2.71918093082727,-0.380948810330641
1.62428206514138,2.74585876136729,-0.416925826106875
1.67085495233973,2.76766261411455,-0.451820445573671
1.71699126127034,2.78435777249814,-0.485467809125308
1.76315708074264,2.7957510071754,-0.517336257748611
1.80984907129368,2.80169815252711,-0.546370636836754
1.85755035871327,2.802120411024,-0.570860550670513
1.90665560517352,2.79702989447482,-0.588366377611906
1.95736311343697,2.7865626293686,-0.595754504795331
2.00954182329987,2.77101344094795,-0.589410750785704
2.06259851043903,2.75086154408711,-0.565705876784776
2.11539452226861,2.72676936950123,-0.521756639134105
2.16628281772748,2.6995342186815,-0.456428024969616
2.21333207008814,2.66998064836642,-0.37134128449738
2.25474545993315,2.63880815916162,-0.271447734389626
2.28936553100151,2.60644703238484,-0.164680634467318
2.3170515213469,2.57299464134114,-0.0605077907886462
2.33873379001443,2.53827255214477,0.0321855837966415
2.35611903943828,2.50197358873105,0.10700115547584
2.37121030090323,2.46381892695525,0.160967434157303
2.38586174471967,2.42365897383086,0.194360843448373
2.40150090143366,2.38150249863224,0.209790374090367
2.41902951023354,2.33749642085242,0.21107571154183
2.43884530692177,2.29188551120758,0.202291422654547
2.4609179777849,2.24496987711133,0.187124739953256
2.48487233097485,2.19706516245398,0.168541262788646
2.51005501191188,2.14846311414039,0.148688194180908
2.53557824118697,2.09938857743577,0.128955614850601
2.56034477705408,2.0499509986537,0.110131400820082
2.58306468758518,2.0000924232603,0.0926071719851957
2.60227813347576,1.94953880471284,0.0766130140246203
2.61639972691543,1.89776650306971,0.0624732425982729
2.62379884025007,1.84400021551973,0.0508803172388341
2.62292560872208,1.78726065455551,0.0431748237660708
2.61248315319163,1.72647780468714,0.0415923843059415
2.59163176087486,1.66067598504874,0.0493936426894843
2.56019055019284,1.58921811789907,0.0707419575004401
2.51877946699591,1.51206788488791,0.110164422939677
2.4688277241352,1.42999262720609,0.171477046662402
2.41238048783401,1.34459861219383,0.256236826176149
2.35168609544682,1.25809350526563,0.362125350399444
2.28865095249741,1.17275408803549,0.482048576597756
2.22436640930078,1.09025291975752,0.604805733962542
2.15893410341726,1.01116180954846,0.717557635451167
2.0916654477558,0.934910854311191,0.809182444833036
2.02150223186223,0.860198121179217,0.872898212406932
1.94740929146193,0.785565805518148,0.907031092479202
1.8685925691418,0.709838325892273,0.914037879027782
1.78455174280812,0.632304228176006,0.898714219950107
1.69504734830975,0.552696650128708,0.866497531307479
1.60004756813929,0.47108092934024,0.82231301549111
1.4996821885278,0.387730827327999,0.770002606504279
1.3942073683282,0.303031475533953,0.712185599850329
1.28397713729737,0.217417734022249,0.650370845817194
1.16941725082729,0.131343480019786,0.585181524347053
1.05099788848193,0.0452739201210833,0.516608070556384
0.929201408596527,-0.0403065052056633,0.444250604068441
0.804479766361948,-0.124877122164211,0.367544935561601
0.67719379678394,-0.207861885675529,0.285988048443521
0.547524346320543,-0.288618230883024,0.199392733393601
0.415345220523126,-0.366451186478681,0.108206901532413
0.280054349256381,-0.440681527580304,0.0139249623486511
0.140380024588674,-0.510808784587291,-0.0804190973637227
-0.00577646439231783,-0.576808105037781,-0.169778040876702
-0.161326905630398,-0.639556444631093,-0.246897028424105
-0.329589319296772,-0.701269476210103,-0.302860657850199
-0.513233828548589,-0.765643384734727,-0.328978593466703
-0.712520738400724,-0.837211583047235,-0.320374352887432
-0.923446462464069,-0.91953867333588,-0.280473738986976
-1.13741075060383,-1.01278292811693,-0.223399232565314
-1.34390015622458,-1.11255681772418,-0.170464859664875
-1.53506136488041,-1.2117157298545,-0.141190821384716
-1.70853977476344,-1.30380867861718,-0.145330375914105
-1.86666682526487,-1.38528021777034,-0.181421225019405
-2.01365225507488,-1.45542671290923,-0.240686680086764
-2.15318006268677,-1.51522093566806,-0.311994710885978
-2.28730711695673,-1.56618837940923,-0.385326793604032
-2.4163917007479,-1.60975347831608,-0.453416735254514
-2.53951327106458,-1.6470103482435,-0.512069099912415
-2.65498695454678,-1.67875466805832,-0.559717468487458
-2.76078211725475,-1.70562789945766,-0.596628234628517
-2.85481178826549,-1.72827051557474,-0.6239711387259
-2.93514375825346,-1.74741892600944,-0.642810873602303
-3.0002055989913,-1.76389141256505,-0.652978258095909
-3.04903190120717,-1.77839207414464,-0.651813261815366
-3.08153630796831,-1.79104636909531,-0.632996589419064
-3.09867954770222,-1.80063972961883,-0.586162413897566
-3.10226811298871,-1.80380334807023,-0.498678648429347
-3.09407250939149,-1.79501040702756,-0.361340922477416
-3.07432972549928,-1.76880516940784,-0.177857586207524
-3.04079101913116,-1.72438376672099,0.0281688444500967
-2.99005561099322,-1.66847784146574,0.219764067226068
-2.92045598325098,-1.61175834324489,0.366250552571676
-2.83309596121251,-1.56202912007184,0.457556360677001
-2.73032604973377,-1.52150841282662,0.501624368311948
-2.61412033982673,-1.48874558216771,0.513458290820931
-2.48567778100912,-1.46134056230168,0.506755286688677
-2.34579699640302,-1.43742656384571,0.490744463156746
-2.19535138477117,-1.41599584671887,0.470309968889238
-2.0355657474328,-1.39666793200802,0.447290345225462
-1.86806851271972,-1.37932227857084,0.421805821376502
-1.69479793716472,-1.36378418916655,0.393212925817721
-1.51785004151886,-1.3496098183378,0.360661552681366
-1.3393282273736,-1.33595140211171,0.323366106774557
-1.16121993858102,-1.32146826524374,0.280730164236313
-0.985297870907265,-1.30426844686239,0.232462360582979
-0.813030484075469,-1.28191937907521,0.178826089869082
-0.64549930070547,-1.25165265072198,0.121173807304109
-0.483368589750085,-1.21096971007029,0.0628667341026056
-0.327023467434061,-1.15880458296935,0.0104413472244889
-0.177002413035763,-1.09702261651477,-0.0256436967641305
-0.0346383556743547,-1.0313440246637,-0.0319762589554819
0.0976668029732242,-0.970293735111101,0.00359344513195222
0.217440777343119,-0.921112608399291,0.0836867844843996
0.324520857123058,-0.883254887856354,0.191771271638762
0.422798244731148,-0.84448072240706,0.291963156320224
0.518770383675142,-0.787389337036869,0.348644021825829
0.618015674361252,-0.702413299040499,0.349779279963066
0.723115154168821,-0.591654233696297,0.307000897305413
0.834013375672571,-0.462462032933771,0.239375617922576
0.949468572889999,-0.321500314726205,0.162002092385055
1.06824256084429,-0.173155053637511,0.0836977977850252
1.189568071922,-0.0201901875946597,0.00868237639720582
1.31308105823192,0.135327598466881,-0.0613435857708578
1.43855358682557,0.291479245534994,-0.125774633148392
1.56564703627551,0.446303448247619,-0.184327133082381
1.69376342213138,0.597804352421932,-0.236694349502348
1.82199049883382,0.744030310056152,-0.282437910403644
1.94910941241389,0.88315909238526,-0.320990812506177
2.07363540291368,1.01356718844069,-0.351700824282626
2.19387201242979,1.13388073547334,-0.373878938115409
2.30796808155006,1.24301154054289,-0.386840617515443
2.41397245530901,1.34018116835789,-0.389943324338795
2.50988497146693,1.42493384699794,-0.382634812826869
2.59370570807662,1.49713731997434,-0.364531968022323
2.66348822139611,1.55697070274209,-0.335545588719227
2.71740518263484,1.60489989737178,-0.296048372783366
2.75383318339659,1.64164333217388,-0.24705251888192
2.77145478581225,1.66813221271744,-0.190331334622762
2.76936146928047,1.685468737621,-0.12840770076725
2.747128433939,1.6948829028617,-0.0643613681596052
2.7048315554216,1.69768572971136,-0.00147559989903931
2.64299265823619,1.69521727902613,0.0571816033421541
2.5624644993416,1.68879319553506,0.10911306882128
2.46428720695669,1.67966127506433,0.15258761893671
2.34955383294212,1.6689838359512,0.186652283530217
2.219315331485,1.65785785057623,0.211009809992411
2.07454225134841,1.64737330185046,0.225842708095798
1.91614828722842,1.63869618701282,0.231657466235804
1.74507209745095,1.63315148845138,0.229192434594623
1.56240796201851,1.63227547732522,0.219399771702991
1.36957122905212,1.63780449198941,0.203486422793954
1.16847894844349,1.65156575934967,0.182983214516623
0.961716717961029,1.67523286189234,0.159802466022291
0.752645260199279,1.7099068091373,0.136240221118924
0.545370672374327,1.75549729352533,0.114878055860109
0.3444674212383,1.8099396531553,0.098344366540833
0.154342400730934,1.86843243930178,0.0889182450942553
-0.0217536834318213,1.92310971740882,0.088022333769115
-0.182761280089893,1.96370268928907,0.0957615624322944
-0.330250375794742,1.97946239094337,0.110760795308316
-0.467680582271735,1.96178617318957,0.130501588113637
-0.598619380179139,1.90623763321629,0.152107202247974
-0.724874025410911,1.81294013298236,0.173275441181399
-0.845538936860267,1.68557522114301,0.19305525257893
-0.957297181383264,1.53011618174603,0.212317603048994
-1.05575097181666,1.3541157821049,0.233776149116735
-1.13735711236852,1.16635658161788,0.261240904999513
-1.20134352792675,0.976009018426589,0.297849437382236
-1.25071283544008,0.790761186425273,0.343663631689442
-1.29152230795526,0.614506547608417,0.393895983449782
-1.3303773458583,0.446172510221217,0.439286947698482
-1.37134672988641,0.281028742175876,0.469154529499423
-1.41437909953177,0.11394706179258,0.47556249612119
-1.45630108306347,-0.0577876813604205,0.455813974934514
-1.49318996491468,-0.23391154437771,0.412000817874213
-1.52215370180643,-0.412340721460498,0.348861611349949
-1.54181806626531,-0.590533313222498,0.271756959977836
-1.55200554461453,-0.766252191264612,0.185509462003343
-1.55323290329791,-0.937771352309228,0.093977537909262
-1.54632855201852,-1.10381759592345,2.86483204361421e-05
-1.53221608747722,-1.26344828311592,-0.0943210584391314
-1.51181725505375,-1.41594017270106,-0.187712616708067
-1.4860197471986,-1.56070138850996,-0.279235704382679
-1.45566931143482,-1.6972053500921,-0.368210232654955
-1.42155669049315,-1.82495001383951,-0.453943862107808
-1.38437593257331,-1.94345043307851,-0.535441726840852
-1.34463461949727,-2.05227521009505,-0.611046818850481
-1.30250498889302,-2.15113911307748,-0.678013246264099
-1.257625661346,-2.24006174852204,-0.732074822543911
-1.20890532142736,-2.31958549460258,-0.767185217190075
-1.15444893638615,-2.3909974554131,-0.775779559784831
-1.09181350668012,-2.45640534580205,-0.750085434338385
-1.01883432374111,-2.51840408603492,-0.684957638387844
-0.935049368526806,-2.57909633852032,-0.581909609304534
-0.843071388160881,-2.63868951424629,-0.45214272990894
-0.748525360251899,-2.69471701437842,-0.314954677995886
-0.657831032253523,-2.74297044632995,-0.190464104519675
-0.575365438586606,-2.77961097575757,-0.0914660691005767
-0.502343974043605,-2.80262867150039,-0.02053387811716
-0.437728977672094,-2.81182978305534,0.0271184483378314
-0.379737948923838,-2.8080634605584,0.058909589627928
-0.326833705151623,-2.79254039813754,0.0814253971058085
-0.278019150642267,-2.76649594321297,0.0989394060059509
-0.232703450084048,-2.7310702361607,0.113415735723684
-0.19042072219833,-2.68721490766998,0.125353215899984
-0.150580307933811,-2.63549821502528,0.13503602181326
-0.112356808291196,-2.57577700717451,0.143920508398349
-0.074814847871878,-2.50683837427075,0.155910488772109
-0.037379095993797,-2.42629550896616,0.178153301821803
-0.000697506852537408,-2.33116636707621,0.220737760887366
0.0324092041476788,-2.21940382198224,0.294396672820382
0.0568848470543224,-2.09189455766666,0.405597599531242
0.0673649550802114,-1.95346780939205,0.550336550924002
0.0615953065043627,-1.8115717100626,0.711105280095534
0.0425665548032916,-1.67311094207775,0.861642747294922
0.017086925056595,-1.54172418161439,0.977830497900389
-0.00791165401696626,-1.4172841565456,1.04666992523386
-0.028120366738598,-1.29729885653224,1.06768306029242
-0.0422775440522206,-1.17872822183307,1.04852091534119
-0.0511533523496779,-1.05919077858446,0.99957549378823
-0.0563492503236795,-0.937400901017732,0.930397750696351
-0.059501766155994,-0.81310665200897,0.848223121552905
-0.0619288720841115,-0.686824423051585,0.757872386730967
-0.0645614595283084,-0.559551974994563,0.662277552061086
-0.0680047420553761,-0.432533749446327,0.56316051408281
-0.0726315112075592,-0.307088742996158,0.461639905148965
-0.0786603911781252,-0.18448486337443,0.358689129342259
-0.0862046212104728,-0.0658398922356673,0.255434955239354
-0.0952942164509985,0.047963146404444,0.153306675056304
-0.105882167426164,0.15634655528174,0.0540515899091496
-0.117846350765056,0.259084687489985,-0.04035764909513
-0.13099429333124,0.356314161659639,-0.127882322042729
-0.145071169876928,0.448501657520714,-0.20659266388382
-0.159767951970404,0.536375673862978,-0.274818482045143
-0.174728931606806,0.620837814259265,-0.331262099236181
-0.189562191531104,0.702869669338501,-0.375083425721937
-0.203857884418424,0.783445277289014,-0.405971251466693
-0.21721645383679,0.863452599101486,-0.424203053354662
-0.229284454679446,0.943624715869074,-0.430680513950607
-0.23979173182303,1.02448277825426,-0.426919933975135
-0.248581745043812,1.10629572510546,-0.414979567194196
-0.255627518466114,1.189063553616,-0.397318150768141
-0.261028986351148,1.27252959290329,-0.376596087259784
-0.264992350521703,1.35622251371332,-0.355446723249597
-0.267796620841046,1.43952227260726,-0.336254215933345
-0.269755078963838,1.52173846862022,-0.320973364571668
-0.271179287492169,1.60218710939464,-0.31101610461306
-0.272351016507083,1.68025347934886,-0.307213309809352
-0.273504360761807,1.75543366916017,-0.30984477124714
-0.274817611827549,1.82735319893103,-0.318719327720769
-0.276412803579802,1.89576595612488,-0.333282993478606
-0.278360314434607,1.96053926544244,-0.35273469047188
-0.280686145804404,2.02163135579799,-0.376134397048164
-0.28338009804193,2.07906650160169,-0.402494658093092
-0.286403713767896,2.1329115270948,-0.430851715879695
-0.28969738945393,2.18325580019661,-0.460316270596561
-0.293186422653834,2.23019561666066,-0.490106051920346
-0.296785979945269,2.27382305938203,-0.519563320091494
-0.300405080769267,2.31421895616943,-0.548160543660629
-0.303949735809565,2.35144935223055,-0.575497179473157
-0.307325384851244,2.38556486333738,-0.601289957228847
-0.310438768953217,2.41660230704493,-0.625358491584371
-0.313199353929181,2.44458807314059,-0.64760749506433
-0.315520402173766,2.46954275328758,-0.668006379066382
-0.317319765722156,2.49148658632822,-0.686566633847448
-0.318520445131274,2.5104452717816,-0.703317081019139
-0.319050920773878,2.52645565591895,-0.718276914825226
-0.318845212213581,2.53957069681756,-0.731426411617353
-0.317842555434733,2.54986296959655,-0.742675323094962
-0.315986503066782,2.55742579867639,-0.751829325819548
-0.313223153726716,2.56237092756087,-0.758555530446708
-0.309498114370495,2.56482151604957,-0.762349024018891
-0.304751721117864,2.56489928102999,-0.762503784455742
-0.298912037126181,2.56270491273036,-0.758093092177295
-0.291885292404269,2.55829168676843,-0.747966694482305
-0.283543840435069,2.55163366677246,-0.730774190028104
-0.273712504867785,2.54259221811974,-0.705025801185865
-0.262155468900482,2.53088768513283,-0.669201818637933
-0.248567570751392,2.51608654269506,-0.62191893057909
-0.232575670590051,2.49761693600962,-0.562153449821135
-0.213756865692404,2.47482526945332,-0.48950655888711
-0.191679502236568,2.44708096305491,-0.404475367281702
-0.16596879798094,2.41392393505768,-0.308669908348605
-0.136390841174495,2.37523078963414,-0.204899751193197
-0.102938214604804,2.33135680066251,-0.0970586091254195
-0.0658918460207378,2.28320194826183,0.0102268968613851
-0.0258330436641303,2.23216102828058,0.11214878270986
0.0164088080206623,2.17995240661982,0.204356654438564
0.0598661274379106,2.12836475261952,0.28352530943095
0.103572490681702,2.07899295382972,0.347708518119421
0.146693424522974,2.03303530834452,0.396411092139893
0.188616936412253,1.99119490135997,0.430405223133226
0.228989701913786,1.95368734767648,0.451384213875524
0.267703494803768,1.9203259176443,0.461564704805658
0.304848130714678,1.89064355844844,0.46332567200133
0.340649885617328,1.8640166308755,0.458932652685998
0.375410711055543,1.83976835941462,0.450359553892154
0.409457545505099,1.81724317012917,0.439197417765877
0.443105496404514,1.79585233984198,0.426629607123314
0.476634863939378,1.77509617089078,0.413451812546386
0.510279946806827,1.75456934830908,0.400118645625934
0.544226853730071,1.73395564754319,0.386803345904739
0.578617612560302,1.71301684887491,0.373461714447181
0.613558311289433,1.69157924767313,0.359895183285455
0.649129548781206,1.66951986553011,0.345810813512782
0.685397968323538,1.64675347384874,0.330878061136422
0.72242800943124,1.62322085300983,0.314783471758482
0.760293208541234,1.59887827967709,0.297285164209766
0.799086390190105,1.57368801572936,0.278269088944285
0.838927914857574,1.54760951784856,0.25780859002654
0.879970792272866,1.52059116821307,0.236227666113779
0.922400949641975,1.49256252686872,0.214166321780077
0.966430320595871,1.46342741809427,0.192643210686849
1.01227982600479,1.43305858892266,0.173105972876819
1.06014904488169,1.40129521561876,0.157452849340551
1.11016997336819,1.36794516785483,0.148000302511258
1.162344658413,1.33279458134696,0.147361796094328
1.21647186290881,1.29562766513948,0.158196959336884
1.27207711490543,1.25625912382664,0.18279771866849
1.32837230837492,1.21457894856535,0.222513952014175
1.38427957473459,1.17060339005297,0.277099709115103
1.4385478455962,1.1245170899243,0.344173202668718
1.48995847752591,1.07668432041404,0.419069577158237
1.53756456849075,1.02761093001614,0.495319066507417
1.58087119872298,0.977858107318653,0.565742373174076
1.61988067957808,0.927935034599422,0.623825743471352
1.65499613420707,0.878209293995635,0.664867772310534
1.68684504239971,0.828861374749783,0.686527914966578
1.71610240591729,0.779885262200861,0.688731202245871
1.74336381558254,0.731120185592724,0.673143019795172
1.76907865461994,0.682295596571322,0.642494555984161
1.79352951260464,0.633076339908286,0.59996431345567
1.81683810226232,0.583100663343132,0.548711252295437
1.83898173563204,0.532007607315143,0.491574791210689
1.85981008390099,0.479452808455442,0.430916961519656
1.87905625263537,0.42511360275949,0.368569774119561
1.89633861719824,0.368685764313525,0.305852381808352
1.91115074533194,0.309875231981567,0.24362948326169
1.92283663562822,0.248388901168056,0.182390766644875
1.93054815083228,0.183929350657593,0.122339577604295
1.93318231663495,0.116199536201181,0.0634870912905826
1.92930078480747,0.0449244910410579,0.00575621037864416
1.9170462389168,-0.0301046382521307,-0.0508929487892903
1.89409257635788,-0.108968546821302,-0.106298455395051
1.85768706553173,-0.191565327073216,-0.159876359200296
1.80483708097662,-0.277611901387005,-0.210345847958608
1.73264877076759,-0.366740765842243,-0.255453890211439
1.63877506181508,-0.458655872665919,-0.291875353657031
1.52189521451753,-0.553183263308352,-0.315667838269029
1.38204905324056,-0.64998719209238,-0.323789392009294
1.22046341219648,-0.747939153186095,-0.316745992206096
1.0385604074522,-0.844725011474335,-0.30096781993288
0.83657007213857,-0.937662479958911,-0.287994534175685
0.613037956026049,-1.02573406381647,-0.288737888380429
0.36603621862095,-1.1110143805647,-0.305304197202795
0.0954195848606637,-1.19740920638616,-0.32536416979974
-0.195154980956005,-1.28625797235375,-0.32358841178177
-0.498189968686245,-1.37148569451861,-0.275681945296446
-0.806325816057623,-1.44246126251747,-0.185066018962639
-1.11745529925284,-1.49842736485346,-0.0935144385999708
-1.43223952854838,-1.55428748656002,-0.0437244152519315
-1.74667833539953,-1.62513240046662,-0.039053722281732
-2.05062909258411,-1.71434473108412,-0.0528401882598262
-2.33098456151592,-1.81580823868245,-0.0571230641642248
-2.57473337174068,-1.91907627735585,-0.0365830817535886
-2.77114351316043,-2.01232991357504,0.0113272362031463
-2.91317430293738,-2.08403679212011,0.0805553342134155
-2.99805168657718,-2.12431582180377,0.1603027999099
-3.02700351931909,-2.12633723869755,0.237737612496324
-3.00389712538028,-2.08778042987747,0.300026232840643
-2.9321364771876,-2.01161786505081,0.336447933002843
-2.80985203269412,-1.90391899453929,0.341479980782827
-2.62708824640076,-1.7654906177076,0.319866648563599
-2.37431910308161,-1.57916578183153,0.293222445373006
-2.06750685172991,-1.30912820634497,0.297180697147011
-1.76560374392133,-0.93733902286523,0.34300379225726
-1.52910650938176,-0.513525414550128,0.371973110473482
-1.3539269636158,-0.113968344503534,0.314853408376515
-1.19890027232525,0.243414127171043,0.178645044662733
-1.04232513466117,0.579895080593277,0.0188105160760471
-0.882869166013801,0.90782206244028,-0.107009681547482
-0.718998249101,1.21563043069518,-0.152087348862264
-0.529460090142492,1.47430952333217,-0.104247714407161
-0.279213634078981,1.67188718863052,-0.0149836425860272
0.0357946029586924,1.83245692958591,0.0431129050037861
0.382365239377857,1.97649382774613,0.0489319447938036
0.730529684364123,2.09939251294498,0.0241723104531196
1.06767736213141,2.1889440234059,-0.00992553411885214
1.3900944613723,2.23884805911849,-0.0482637190614393
1.6968551126164,2.25086136632858,-0.0968056887125876
1.98815433673358,2.23424379697433,-0.161974559876496
2.26183460154075,2.2035796662751,-0.234968881484915
2.50418213498953,2.16588770687233,-0.272679801518038
2.68653264609637,2.09555825478467,-0.206967193113482
2.79254482410263,1.93787972465173,-0.0179351587165142
2.8552798512288,1.6798335271524,0.200340675765675
2.92474350551217,1.39381348448381,0.323693621879325
3.00384496910829,1.15011683256245,0.329174504703017
3.06619574105513,0.953611599472132,0.270108789162651
3.09496688693502,0.780263604023822,0.196463013857776
3.08703538366751,0.613366071413884,0.129697401488358
3.04448453979987,0.448333284295888,0.0706530770142629
2.96949398800545,0.285747722725262,0.0112655257909854
2.8630689580044,0.12485963463416,-0.0558514818271615
2.72595845521189,-0.0399275828650772,-0.127047702170662
2.56172582684735,-0.217707093056952,-0.175791593399186
2.38136248780357,-0.41137744503014,-0.149062142160192
2.20385800334834,-0.602162903614808,0.00536081396193117
2.04326809519111,-0.750457131911945,0.274411200762837
1.89376551555582,-0.833669644261535,0.553217153519268
1.7432700895347,-0.872383489915239,0.733028109518897
1.59130841017392,-0.898974822115487,0.788397477262775
1.44168923031757,-0.927468122150185,0.757212852792174
1.29410519260229,-0.957051889818849,0.68612222550215
1.14565192914203,-0.983490694148669,0.605152768014997
0.994155985376886,-1.00424035108607,0.527077413525655
0.839278180864354,-1.0188768591497,0.454442559903896
0.682095013844982,-1.02813620898413,0.385754265502686
0.524325935789334,-1.03306672740431,0.318920866172119
0.367718475422781,-1.03459935267306,0.252596155275364
0.21369666092631,-1.0334174084395,0.186420240033831
0.0632320690130909,-1.02996531851958,0.120826614920765
-0.0831378694113531,-1.02449988099665,0.0567453943783476
-0.225214074759634,-1.01714482254457,-0.00466834030592168
-0.363014502020284,-1.00793855345943,-0.062246251396809
-0.496660645820863,-0.996875247679948,-0.11495996414464
-0.626289765413031,-0.983940884571201,-0.162026251525754
-0.751999526301965,-0.969144578937594,-0.202972392424546
-0.87382442705469,-0.952543910185618,-0.237664965509075
-0.991738914045517,-0.934262024745589,-0.266302285962816
-1.10567947823761,-0.914494413910008,-0.289371372503869
-1.21557677591993,-0.893504492210528,-0.307574422594036
-1.32138891457608,-0.871609056353339,-0.321735335814829
-1.42312856058348,-0.849156693841726,-0.332701198742559
-1.52087920773797,-0.826503451649237,-0.341254647608125
-1.61479910869445,-0.803990113341039,-0.348050001986855
-1.70511416527384,-0.781924326771448,-0.353580086300866
-1.79210286952851,-0.760569099707977,-0.358173848844067
-1.87607700490721,-0.740137492800278,-0.36201927457039
-1.95736150090957,-0.720792169756292,-0.365202791210588
-2.03627601350885,-0.702647993370889,-0.367755477732391
-2.11311986301885,-0.685775985459518,-0.369697314630119
-2.18816114197338,-0.670207462572997,-0.371072712345695
-2.26163018051996,-0.655937779538254,-0.371973027240263
-2.33371710095509,-0.642929653616505,-0.372544322497639
-2.40457286621156,-0.63111639920401,-0.372981031378223
-2.47431298598002,-0.620405523453271,-0.373508191949423
-2.54302290657354,-0.610683048186247,-0.374356347242201
-2.61076407955055,-0.60181870017263,-0.375733842048742
-2.67757979455634,-0.593671823767894,-0.37780103735965
-2.74350011312969,-0.586097811739338,-0.380650090352528
-2.80854537204437,-0.578954250208247,-0.384292357926122
-2.8727282445641,-0.572106778902184,-0.388654286939172
-2.93605435862699,-0.565433955590132,-0.393581021149154
-2.99852177436041,-0.558831040682459,-0.398846231703106
-3.06011965911205,-0.552212605662851,-0.404166167544222
-3.12082650563807,-0.545514014234349,-0.409215893265948
-3.18060818700019,-0.538691905118231,-0.413645934059464
-3.23941606088722,-0.531723840095263,-0.417097957909844
-3.29718524547057,-0.524607279296819,-0.419218578616628
-3.35383310681725,-0.517358018007252,-0.419670783695804
-3.40925793100442,-0.510008175138408,-0.418142838328262
-3.46333770659255,-0.502603773126953,-0.414354774495622
-3.51592891431299,-0.495201896911725,-0.408062749430718
-3.56686521110628,-0.487867374491913,-0.399061658227241
-3.61595590490873,-0.48066888732324,-0.387186429603209
-3.66298414225698,-0.473674406379822,-0.37231243407458
-3.70770477875513,-0.466945872578533,-0.35435539954413
-3.74984197081496,-0.460533111976087,-0.333271172686057
-3.78908661834561,-0.454467118019324,-0.309055584980489
-3.82509389738882,-0.448753053889782,-0.281744584806801
-3.85748123333388,-0.443363624635358,-0.251414680170898
-3.88582715700826,-0.438233806266607,-0.218183593718577
-3.90967151470755,-0.433258211012749,-0.182210863178935
-3.92851742419999,-0.42829248514431,-0.143697918612735
-3.94183514964339,-0.423159920677156,-0.102886923219528
-3.94906770515697,-0.417663788223339,-0.0600573750110079
-3.94963754935573,-0.411604766957524,-0.0155191188682647
-3.94295331221079,-0.40480143649635,0.0303999664256667
-3.92841524836401,-0.397110468981067,0.0773737016913841
-3.90541816013494,-0.388442323927781,0.125106996973879
-3.87335094488576,-0.378768171120089,0.173376630878723
-3.83159271162067,-0.368114446549489,0.222083242512091
-3.77950659432405,-0.356542675512164,0.271309817962415
-3.71643402193298,-0.344113868381093,0.32137319172974
-3.64169428801785,-0.330839292034939,0.372840789412016
-3.55459638438178,-0.316623770911959,0.426465810177741
-3.45447076962531,-0.301215072025323,0.482977211048518
-3.34072502336147,-0.284182923768509,0.542664908702243
-3.2129154997788,-0.264958417321433,0.604757762847911
-3.0708068296918,-0.242956129555626,0.666729388426261
-2.91437210993407,-0.217763340892476,0.723850626268936
-2.74368925820995,-0.189321181096388,0.769381399679946
-2.5587266834224,-0.157992874184984,0.795552659660419
-2.35906382265577,-0.124474814318464,0.794960876191241
-2.14360931937256,-0.0896372818562049,0.761614969419185
-1.91032520077444,-0.0544783165649348,0.691071356122849
-1.65583391659526,-0.0203840003619509,0.579789132849306
-1.37455175353928,0.0101339873847416,0.42478401295021
-1.05658280832283,0.0322565790897619,0.226499259647745
-0.683458613801098,0.0392888430154485,0.00247124621268184
-0.225491157401547,0.0358119763700971,-0.179725371580173
0.335702648488183,0.0737618148755046,-0.207520623950066
0.950842531722774,0.20027312361435,-0.138032676580458
1.54433363380192,0.298335344718694,-0.233812429298262
2.11102277048124,0.29871383982418,-0.463023784255491
2.64588261123355,0.2592227671705,-0.613226880560627
3.10387669499738,0.210062002763096,-0.601720323157498
3.42337747984516,0.147712080352186,-0.469143661004882
3.56429381796386,0.0838001190837497,-0.29428443715951
3.5373194955919,0.0650092916804623,-0.0904782547732806
3.3373533303058,0.135854543766023,0.233809149792498
2.9779241520174,0.282724568383217,0.570545508569005
2.66288478228923,0.437028702283332,0.66534323606136
2.43313744561669,0.55414382707456,0.615116511942872
2.17018710824826,0.644304533823719,0.589771267649729
1.83635148014352,0.720535348442953,0.583258927672176
1.47454541764354,0.772008527906381,0.522592437017276
1.11251254224863,0.785457148628829,0.403889783380404
0.747217201408562,0.757255537432435,0.262925496953206
0.376574821732709,0.688625023471984,0.122314176635925
0.00578450838437407,0.585792926282412,-0.0120222436113578
-0.357689010401273,0.458414719946521,-0.144376465295594
-0.707709309991183,0.313956516195404,-0.289320772948036
-1.04019602428267,0.148693656300163,-0.471728752170027
-1.356603111235,-0.0652126060236394,-0.701814101985786
-1.67581916220124,-0.365609456797429,-0.885937796242511
-2.02818785049049,-0.690871704540133,-0.765592600710367
-2.38128624413163,-0.834301852669338,-0.271004275594603
-2.65383279243684,-0.845985257815374,0.0818947302375672
-2.88360010714236,-0.947469630296848,0.0708537756760967
-3.12070281706718,-1.10565330291963,-0.0509724980067709
-3.35299007918456,-1.24067325070019,-0.1164525630903
-3.54859558998446,-1.32576309610055,-0.099697055715654
-3.68408046816749,-1.36278781311931,-0.0249264971021611
-3.74968340720031,-1.36053979804962,0.0793991251168817
-3.74644354561157,-1.32729038286513,0.191290247041934
-3.68171845616467,-1.26937105887968,0.29545375480007
-3.56533151116538,-1.19174944760233,0.381925155211302
-3.40720088660474,-1.09886000084478,0.444963604660864
-3.21625491200132,-0.994882898594165,0.482748611946448
-3.00015843109583,-0.883345700672929,0.497827369685654
-2.76555283000404,-0.766519874985228,0.497172311949109
-2.51854487227236,-0.645402442335074,0.490248748286986
-2.26505564548724,-0.520647482503754,0.484908291858603
-2.01071892179162,-0.393852564569729,0.483305102371574
-1.76039515175774,-0.268112022936178,0.480946590563467
-1.51772983206647,-0.147309419270594,0.470011752390686
-1.2851333641171,-0.0347413705231495,0.44446556792486
-1.06412253012156,0.0678088952437082,0.403077966395697
-0.855691214787797,0.160052180975828,0.348961260029878
-0.660508776949836,0.242611982111627,0.287248518643707
-0.478960903037802,0.316448212755267,0.222960215223138
-0.311127984396996,0.382530369886349,0.159900535339023
-0.156776038502224,0.441725553144916,0.100442482856993
-0.0153887684210784,0.494791772171133,0.0457741322380824
0.113766425913413,0.542399701398654,-0.00372928376344272
0.231559665555132,0.585151450369856,-0.0481764433971153
0.338925618808621,0.623590775557659,-0.0879249635142977
0.436806147070494,0.658207738077343,-0.123434120129387
0.526110686203627,0.689441334784375,-0.155181535607979
0.607692146393942,0.717682084484772,-0.183620776543919
0.682334587231269,0.74327522934248,-0.209162892705776
0.75074899641976,0.76652452216684,-0.232170973677195
0.813574183873923,0.787696355868213,-0.252961244106542
0.871380735308552,0.807023839354447,-0.271807088064774
0.924676358672665,0.82471085180069,-0.288944068275181
0.973911906194301,0.840935699786533,-0.304575004481423
1.0194873995956,0.855854441519943,-0.318874667877626
1.06175776433755,0.869603834434967,-0.331993932732439
1.10103811145411,0.882303917075215,-0.344063358644863
1.13760850390422,0.894060252079612,-0.355196239670048
1.17171819935211,0.904965863907815,-0.365491180165656
1.20358939343149,0.915102907181053,-0.37503426287574
1.23342050336426,0.924544100317521,-0.383900871591724
1.26138903774489,0.933353956480111,-0.39215722380535
1.28765409954076,0.941589840554291,-0.399861661215231
1.31235856702503,0.949302877337894,-0.407065738452562
1.33563099378617,0.956538732765126,-0.413815143757906
1.3575872647402,0.963338286910145,-0.420150479602603
1.37833204066205,0.969738214711809,-0.42610792639962
1.39796001973159,0.975771488055373,-0.431719808411833
1.41655704094951,0.981467810724253,-0.437015077729674
1.43420105058121,0.986853995953107,-0.442019729316676
1.45096295019352,0.991954294899673,-0.446757158004914
1.46690734207671,0.996790682999524,-0.451248466434105
1.48209318563186,1.00138311016945,-0.455512731396558
1.49657437647824,1.00574971988074,-0.459567234868519
1.51040025824282,1.00990704138446,-0.463427664910733
1.52361607577532,1.01387015875081,-0.467108290854466
1.53626337720148,1.01765285981709,-0.470622116444261
1.54838037122121,1.02126776769928,-0.473981014040823
1.56000224520511,1.02472645714721,-0.477195842508162
1.5711614489258,1.02803955768976,-0.480276551025613
1.58188794802972,1.03121684524358,-0.483232270701494
1.59220945088343,1.03426732363348,-0.486071395607176
1.6021516119311,1.0371992972571,-0.488801654610761
1.61173821428122,1.04002043598708,-0.491430175184043
1.62099133391293,1.04273783322732,-0.493963540201592
1.62993148757142,1.04535805793861,-0.496407838595185
1.63857776619429,1.04788720134344,-0.498768710624428
1.64694795545122,1.05033091891389,-0.501051388406742
1.65505864481123,1.05269446817637,-0.503260732274124
1.66292532635232,1.05498274282212,-0.505401263439636
1.67056248442693,1.05720030350054,-0.507477193405057
1.67798367713191,1.0593514056904,-0.509492450478273
1.6852016104341,1.06144002493714,-0.51145070372507
1.69222820570274,1.06346987975685,-0.513355384637854
1.69907466131628,1.06544445244275,-0.515209706772004
1.70575150894535,1.06736700798285,-0.517016683568884
1.71226866501824,1.06924061131084,-0.518779144554818
1.71863547787183,1.07106814302285,-0.520499750093147
1.72486077097026,1.07285231374796,-0.522181004830887
1.73095288260426,1.07459567728061,-0.523825269982339
1.73691970238245,1.07630064261066,-0.525434774562293
1.74276870481615,1.0779694849557,-0.527011625673259
1.74850698028313,1.07960435587803,-0.528557817943285
1.75414126359224,1.08120729260134,-0.530075242194911
1.75967796039622,1.08278022657257,-0.531565693424377
1.76512317160995,1.08432499135213,-0.533030878148327
1.77048271606058,1.08584332990161,-0.534472421190622
1.77576215147782,1.08733690131166,-0.535891871949644
1.78096679401327,1.08880728702314,-0.537290710203575
1.78610173639419,1.09025599659404,-0.538670351492343
1.79117186484898,1.09168447304137,-0.540032152117893
1.79618187488285,1.09309409781128,-0.54137741379328
1.80113628605103,1.09448619538849,-0.542707387980628
1.80603945576658,1.09586203759886,-0.544023279937931
1.81089559226195,1.09722284761224,-0.545326252507003
1.81570876676095,1.09856980368335,-0.546617429664034
1.82048292493762,1.09990404265253,-0.547897899854778
1.82522189771605,1.10122666321427,-0.549168719133411
1.82992941147713,1.10253872899257,-0.550430914125054
1.83460909771832,1.10384127141341,-0.55168548482581
1.83926450221622,1.10513529242729,-0.552933407257972
1.84389909374421,1.10642176704919,-0.554175635993523
1.84851627236724,1.10770164576738,-0.555413106557068
1.85311937737129,1.10897585681937,-0.556646737723021
1.85771169484656,1.11024530833336,-0.557877433714164
1.86229646497641,1.1115108903661,-0.559106086317961
1.86687688902416,1.11277347683283,-0.560333576919729
1.871456136099,1.11403392733365,-0.561560778474732
1.87603734967104,1.11529308889377,-0.562788557413922
1.88062365390052,1.11655179761894,-0.564017775501758
1.88521815977242,1.11781088027049,-0.565249291644901
1.88982397107851,1.11907115576791,-0.566483963664529
1.89444419026044,1.1203334366151,-0.567722650036574
1.89908192411131,1.12159853026999,-0.568966211602949
1.90374028937986,1.12286724043281,-0.570215513263536
1.90842241827473,1.12414036829064,-0.571471425652948
1.91313146387071,1.12541871369468,-0.572734826802907
1.91787060546964,1.1267030762653,-0.574006603804696
1.92264305386509,1.12799425646106,-0.575287654463014
1.92745205657787,1.1292930565692,-0.576578888958031
1.9323009030318,1.13060028163571,-0.577881231510583
1.93719292968518,1.13191674034708,-0.579195622057832
1.94213152513452,1.13324324582421,-0.580523017944006
1.94712013517504,1.13458061636445,-0.581864395626397
1.95216226783805,1.13592967609709,-0.583220752403242
1.95726149838293,1.13729125556042,-0.584593108161527
1.96242147425666,1.13866619219657,-0.585982507150137
1.96764592002412,1.14005533074592,-0.587390019782674
1.97293864223366,1.14145952353223,-0.588816744464106
1.97830353424043,1.14287963063655,-0.590263809450182
1.98374458095618,1.14431651993939,-0.59173237473557
1.98926586352393,1.14577106701997,-0.593223633973382
1.99487156389233,1.14724415489339,-0.594738816424062
2.00056596926196,1.14873667356521,-0.596279188930193
2.0063534764006,1.15024951939009,-0.597846057919406
2.01223859577744,1.15178359419935,-0.599440771427833
2.01822595549731,1.15333980417463,-0.601064721140697
2.02432030498731,1.15491905844146,-0.602719344442778
2.03052651839398,1.15652226734616,-0.6044061264702
2.03684959765707,1.15815034036204,-0.606126602154733
2.043294675175,1.15980418360761,-0.60788235824258
2.04986701602386,1.16148469690848,-0.609675035273404
2.05657201965586,1.16319277035189,-0.611506329500683
2.06341522098768,1.1649292802803,-0.613377994722882
2.07040229081023,1.16669508464368,-0.615291843999055
2.07753903540188,1.16849101764444,-0.617249751205213
2.08483139526452,1.170317883588,-0.619253652391123
2.09228544285239,1.17217644984368,-0.621305546877817
2.09990737918061,1.17406743880422,-0.623407498029752
2.10770352915825,1.17599151874507,-0.625561633615522
2.11568033552924,1.17794929343457,-0.627770145663517
2.1238443512458,1.17994129036842,-0.630035289688312
2.13220223011757,1.18196794745463,-0.632359383142154
2.14076071556656,1.18402959799318,-0.634744802918152
2.14952662731188,1.1861264537392,-0.637193981691099
2.15850684579621,1.18825858585395,-0.639709402837468
2.16770829418569,1.19042590350326,-0.642293593625851
2.17713791776323,1.19262812985158,-0.644949116301073
2.18680266053814,1.19486477517589,-0.647678556600249
2.19670943894785,1.19713510680477,-0.650484509154889
2.2068651125294,1.19943811554875,-0.653369559108965
2.21727645147961,1.20177247828561,-0.656336259139729
2.2279501010773,1.20413651631549,-0.659387100895055
2.23889254304975,1.20652814910757,-0.662524479664978
2.2501100540283,1.20894484301929,-0.66575065084209
2.26160866138163,1.21138355456046,-0.669067676424031
2.27339409687686,1.21384066777767,-0.672477359446227
2.28547174883296,1.21631192533022,-0.67598116379317
2.2978466136694,1.21879235284625,-0.679580116299817
2.31052324807479,1.22127617619597,-0.683274687421208
2.32350572338122,1.22375673137215,-0.687064645981901
2.33679758419651,1.22622636677957,-0.690948882608556
2.3504018138731,1.22867633787437,-0.694925195372128
2.36432081000818,1.23109669430863,-0.698990029879154
2.37855637393063,1.23347616001635,-0.703138164574864
2.39310971885032,1.2358020070535,-0.707362330226015
2.40798150238966,1.23805992452905,-0.711652750578957
2.42317189007135,1.24023388461092,-0.71599658881902
2.43868065741855,1.2423060084618,-0.720377281852877
2.45450734050699,1.24425640813608,-0.724773741576737
2.47065143929431,1.24606314688327,-0.729159399069852
2.48711269291744,1.24770205560519,-0.7335010634331
2.50389142971615,1.24914667924237,-0.737757565952848
2.52098900519326,1.25036823498638,-0.741878154511769
2.53840833564021,1.25133562281482,-0.745800601907276
2.55615453266561,1.25201550702713,-0.749448990192849
2.57423563824764,1.25237249167166,-0.752731133877577
2.5926634513038,1.25236941743223,-0.755535609058383
2.61145442376829,1.25196781246405,-0.757728365128694
2.63063058549548,1.25112853445472,-0.759148913423668
2.65022043133099,1.24981264500196,-0.759606116718506
2.67025966906342,1.24798255947011,-0.75887365057844
2.69079168150418,1.2456035135072,-0.756685278686333
2.71186749972347,1.24264537959669,-0.752730189566111
2.73354501681433,1.23908484900363,-0.746648792179085
2.75588709680611,1.23490796196561,-0.738029576289634
2.77895815868625,1.23011291557616,-0.726407922478781
2.802818744565,1.22471301966458,-0.711268095544455
2.82751764770343,1.21873941654832,-0.692050127372942
2.85308099853641,1.21224335071314,-0.66816364305702
2.87949831007464,1.20529723298279,-0.639011216234574
2.90670552256656,1.19799357881769,-0.604023969376923
2.9345659995259,1.19044097997418,-0.562711729165262
2.96285137949925,1.18275590406926,-0.514728871810774
2.99122545808819,1.17504940742644,-0.459954346240847
3.01923555865848,1.1674083966558,-0.398580109353767
3.046316676067,1.15987218808792,-0.331196500475211
3.07181336053731,1.1524067654498,-0.258857081380429
3.09502216229838,1.1448810284691,-0.183101526648785
3.11525323636167,1.13705078969404,-0.105916407257613
3.13190411262082,1.12855640984261,-0.0296226605918831
3.14453348360496,1.11893806880055,0.0433051434196008
3.15292049453932,1.10766884645107,0.110463457148262
3.15709702080842,1.0942011904322,0.169749584353611
3.1573464452418,1.07801875527997,0.21955488655481
3.15417021661095,1.05868442644235,0.258889529388612
3.148230036831,1.03587684924581,0.287425289367242
3.14027694640948,1.00941105237431,0.30546185437122
3.13107864055114,0.979242414679875,0.313835110154923
3.12135413555167,0.945456197032849,0.31379088576122
3.11172177158831,0.908246684437293,0.306846151158457
3.10266343765192,0.867890663127132,0.294654937382518
3.09450523742416,0.824719698131046,0.278891028829786
3.08741268079832,0.779094717221728,0.261155110536368
3.08139689633992,0.731384985754808,0.242910723113057
3.0763275692054,0.681951984921668,0.225450021664556
3.07194773940425,0.631137123171021,0.209888766894184
3.06788680504766,0.579251234414638,0.197184524592055
3.06366874833381,0.52656316120524,0.188171033931359
3.05871483108357,0.473285016716679,0.183597057664073
3.05234220524903,0.419552765114805,0.184155633605132
3.0437625190232,0.365402820586107,0.190487602499402
3.03208721037188,0.310748507394707,0.203143207885313
3.01634804576487,0.255364315124732,0.222489245437876
2.99554110339569,0.198890094641356,0.248559343530919
2.96869765706618,0.140869602502559,0.280863785457076
2.934974448431,0.0808346367015451,0.31820194092945
2.89373954694714,0.0184337986005067,0.358546715690817
2.84461494310737,-0.0464164757539737,0.39907900642377
2.78743526659682,-0.113403560055987,0.436420167065761
2.72210382099691,-0.181765179561695,0.46703475567043
2.6483683924667,-0.250339958120469,0.487678671051742
2.56557661148855,-0.317699909212249,0.495700804801637
2.47247461969155,-0.382287450479584,0.48901269545971
2.3670679779676,-0.44244549819068,0.465618668860151
2.24646530228197,-0.496217960530202,0.422717302672906
2.10643609006117,-0.540795982459898,0.355588393411065
1.94001120284663,-0.571575220176581,0.257162458826548
1.73381924321846,-0.581577473558478,0.121712396327864
1.46209852160591,-0.565570107427891,-0.0370252514971413
1.09325587024599,-0.54028643251883,-0.1396908358059
0.660327453188003,-0.569840172634641,-0.0274005491601561
0.320452581988116,-0.664845863796957,0.270406893554158
0.0574803712793436,-0.674239588974491,0.36371610025329
-0.320121457549058,-0.588941167896933,0.147199425503828
-0.836846552065972,-0.505850616625414,-0.166160830794546
-1.43197279946324,-0.45544960882138,-0.426259910739062
-2.05953143819373,-0.433566448280534,-0.597925000826348
-2.68612892030483,-0.440954196358105,-0.673204247468878
-3.26464692858755,-0.482933436414396,-0.615436919513971
-3.70783143899479,-0.551827343757374,-0.371877620292754
-3.92217498215773,-0.595079645293699,0.00933128538142991
-3.91697474229182,-0.559300074832185,0.377808728244614
-3.73108979231941,-0.470842711215054,0.660333179280335
-3.37664598588479,-0.366768529583834,0.823549867522382
-2.89092472406158,-0.258354791576085,0.828977249285331
-2.29854771785236,-0.14886396407855,0.678525105507626
-1.6154731075046,-0.0340365772065933,0.391773443443927
-0.911157606255297,0.0983722523943617,-0.031594580171302
-0.313652613592809,0.242010055189814,-0.466726726137588
0.591225142048609,0.294281495192283,-0.252426040018656
1.9647695956137,0.353644721971935,0.129447592132396
2.48591319693442,0.521958270517594,-0.0860224047231354
2.86891922856667,0.626232069560348,-0.146517787359308
3.16893982510524,0.691379204097134,-0.0361589184269641
3.32539757141964,0.72892166618863,0.0967115096642811
3.36160972627037,0.736048810450459,0.202850231715893
3.29284296956189,0.762516276123419,0.339914177363402
3.07225331850316,0.857069962556261,0.501160595054114
2.7274878043002,0.935362384102932,0.532771589993513
2.35512801784998,0.935124785532997,0.410489175600334
1.98234315759817,0.891335760926618,0.225757156596132
1.60496126653326,0.835585165528768,0.0341043475975889
1.22333580140881,0.776354214575273,-0.149707819483989
0.840587887928954,0.706435150890937,-0.320333489363434
0.463168444057667,0.604278189175087,-0.457485581140207
0.111089020843419,0.449191372474996,-0.513175921281642
-0.182159938295553,0.268812187240027,-0.436163173649229
-0.41279568836906,0.149912734162578,-0.226658436404847
-0.63265558967433,0.133344051405481,0.0496390393825478
-0.887664988464199,0.143355445610079,0.269184165641137
-1.15739767317197,0.0826343195843847,0.349926636187432
-1.39673322809066,-0.0462702502026431,0.339041815451647
-1.58988042970797,-0.198016669669801,0.309040188129371
-1.74073156230791,-0.348371887500777,0.289822044430502
-1.85607212422695,-0.490660539658362,0.28066558737037
-1.94133030662254,-0.623025197026337,0.270515310882338
-2.00098855187929,-0.743591687019425,0.248074076891154
-2.03925376374296,-0.84984665207675,0.20560827586309
-2.06027164284756,-0.939304336704348,0.140893974322299
-2.06797658749714,-1.01067332195583,0.0588427109924381
-2.0656586444208,-1.06516359423854,-0.0277716078624775
-2.05536763912919,-1.10733214716201,-0.0997069946543227
-2.03741543712494,-1.14487721405953,-0.135347906958969
-2.01033457446446,-1.18711243102903,-0.117191083464844
-1.97166766077643,-1.2420622245409,-0.0397230886285274
-1.91978506550971,-1.31263075441965,0.0841878579743744
-1.85605899288696,-1.39405064709319,0.224289472879716
-1.78545638638471,-1.47586207262905,0.345090225721372
-1.71438241934462,-1.54787305119087,0.421886012327546
-1.64766184251748,-1.60475829062293,0.447884376265885
-1.58725728843787,-1.64622207781598,0.429981169169019
-1.53287843797176,-1.6747092181659,0.380729445925618
-1.48315885894599,-1.69332770017884,0.312567137112481
-1.43653017359131,-1.70480041764884,0.235323948513901
-1.39165065658261,-1.71116809079649,0.155804893760913
-1.34753166448472,-1.71383772852887,0.0782584543766527
-1.30351567125642,-1.71373309343005,0.00506141603924634
-1.25920245168178,-1.71144276705375,-0.0626607248100312
-1.21437107625535,-1.70733433253291,-0.124559969800812
-1.16891607118145,-1.70163318057802,-0.180736671919253
-1.12280142350774,-1.69447365965665,-0.231525376979589
-1.07603008272007,-1.68593110560994,-0.277362732993149
-1.02862498653164,-1.67604148599711,-0.318710053189672
-0.98061790817083,-1.66481329728998,-0.356010395329767
-0.93204327753567,-1.6522346915464,-0.389666390495489
-0.882934995821275,-1.63827767001487,-0.420029828454828
-0.833324958003015,-1.62290046165741,-0.447397291068376
-0.783242492557021,-1.60604877379838,-0.472008272346702
-0.732714265567572,-1.58765635699451,-0.49404358472665
-0.681764423563548,-1.56764519959905,-0.513622711873404
-0.630414907081641,-1.54592561660021,-0.530799342832386
-0.578685984029516,-1.5223964974922,-0.545554766557445
-0.526597145362427,-1.49694601311729,-0.557789238078596
-0.474168580781226,-1.46945313830442,-0.567311939579785
-0.421423504704882,-1.4397904109012,-0.573830821260309
-0.368391613527371,-1.40782839497574,-0.576944458388016
-0.315113897625375,-1.37344231483944,-0.576139094861382
-0.261648865912992,-1.33652122935355,-0.570795167555236
-0.208079928888542,-1.29697986459106,-0.560208596512714
-0.154523208739057,-1.25477275664188,-0.543632571615544
-0.10113443418681,-1.20990963646362,-0.520344832550414
-0.0481129590008857,-1.16247004111841,-0.489742709707513
0.00429942332724738,-1.1126141211599,-0.45146269301106
0.0558269367839436,-1.0605858801828,-0.405512784288853
0.106176371708922,-1.00670516080692,-0.35239545782703
0.15506022485099,-0.951346130931419,-0.293189900284936
0.202222066973627,-0.89490299756951,-0.229559568795104
0.247457607312295,-0.837747514706404,-0.163660372877183
0.290624919910188,-0.780185943904524,-0.0979475813395124
0.331640122108327,-0.722423611023479,-0.0349100397601879
0.370459462830685,-0.664542348151191,0.0232144053329397
0.40705294973624,-0.606491306109366,0.0746814655710955
0.441376172695244,-0.548087817684852,0.118396220169709
0.473345416794292,-0.489024819310131,0.153968750539578
0.502817890871017,-0.42888539680085,0.181687840614366
0.529576067263716,-0.367171438767036,0.202450294098262
0.553314523108475,-0.303358218313916,0.217685438980107
0.57363030210256,-0.236984751764276,0.22930110368947
0.590023554878566,-0.167776973342461,0.239653654188605
0.601921978649627,-0.0957794950100948,0.251515246143996
0.608746064654984,-0.0214536852281161,0.267979656481566
0.61002770048987,0.0543026217072761,0.292218091647932
0.605579352355413,0.130247627414797,0.326982467728443
0.595682987025945,0.205023424645435,0.373796114279187
0.581227855716363,0.277525156246763,0.431935290048363
0.563692559928249,0.347353589963438,0.497604957110988
0.544889554304447,0.41517020393244,0.563962367850764
0.526510852547266,0.482702359498696,0.622437546574772
0.509667286920804,0.552296812362152,0.664983699184598
0.494639739714214,0.626239881934496,0.686106454063057
0.4809119058497,0.706222145488287,0.683654439656729
0.467386712032715,0.79315925669421,0.658274420632501
0.452643274865673,0.887315964292327,0.612165870143528
0.435138744972831,0.988569506304711,0.547818707645808
0.413307466837025,1.0966915677221,0.467089201509952
0.385516581525846,1.21160712896836,0.370689675421108
0.349797517938232,1.33363012693863,0.258113198869547
0.303174978449227,1.46363554900922,0.128264222937849
0.24027672268576,1.60283466912,-0.0181118804776381
0.151190313368158,1.75061651771539,-0.171356638323242
0.0217957010812165,1.89580614007814,-0.298794187288398
-0.15002608811299,1.99958148158728,-0.34463556038758
-0.321175134611109,2.01470082742347,-0.311271077105715
-0.444503427640521,1.97354238609073,-0.314973069037587
-0.555445956562791,1.91870218583589,-0.373838954684685
-0.676009130569376,1.77639544743276,-0.336276097250876
-0.709123263459202,1.44745452093337,-0.100138695813536
-0.596009194035733,1.0165556042936,0.180533516129177
-0.441193369969469,0.670043453179152,0.356101612289008
-0.246209325883735,0.361490065602031,0.448138009748818
0.0161933577949818,0.0699055763665938,0.437790133404781
0.271126380555551,-0.163777149440701,0.320711635182564
0.522499834647515,-0.531559851692536,0.39922929677455
1.08549331557585,-1.13655077549064,0.626644864162387
1.58510328345749,-1.3629920260779,0.393766347144441
1.81839787829429,-1.42655434155403,0.0141817020847294
1.94280118424686,-1.50365003929011,-0.300797740425141
2.00948956268224,-1.62657414762978,-0.479082160284182
2.18461276868553,-1.533153702746,-0.194308394898702
2.00690520853631,-1.03460932241717,0.198792575573346
1.4853571727635,-0.751634389022888,0.277332922274469
0.96903300425114,-0.503192701269722,0.241298125453421
0.293625194518605,-0.169907641217198,0.177421900195844
-0.552931168048681,0.0656018962786043,0.0831932459754186
-1.35399020492321,0.13384306494163,0.0529720131321206
-1.97738815483132,0.152738545952804,0.132547632529373
-2.41030031526892,0.157626199754371,0.214859296792595
-2.68209564184161,0.137729335255031,0.230154876684854
-2.82307827245199,0.107990647872371,0.195098567358155
-2.8544792470722,0.0835147063625608,0.127363475845616
-2.79991081596792,0.0705105043566524,0.0322531655511513
-2.68606149091453,0.065025135545843,-0.0827595704647053
-2.52942003913999,0.0490578633334782,-0.195496710286883
-2.31513761010118,0.00104466690837538,-0.267324083004347
-2.0020188142662,-0.0604136112981974,-0.27013859336203
-1.58541924788684,-0.0519728320471616,-0.20772439762198
-1.13063176916166,0.096652086926446,-0.100277350862342
-0.710657320584157,0.363564137657831,-0.0107177334449223
-0.34476998769213,0.680478689124472,-0.00156413136041347
-0.0267298169311369,1.00231334141608,-0.0478533325311252
0.245169514906373,1.27573891220551,-0.0941084574264554
0.484218788887288,1.45764939373802,-0.122413062368882
0.702522494566304,1.56417218783437,-0.144803662065973
0.901172488993703,1.63840037228567,-0.153855855473924
1.07373915565292,1.69199901996409,-0.0795300241675353
1.20130989429816,1.68121311253284,0.17170219837347
1.26472749884518,1.56395287290446,0.561931667396037
1.28953769352176,1.39797612488766,0.873918362213992
1.32277006436963,1.27375496647418,0.973348046517932
1.36606165705708,1.19680944655585,0.920126369622335
1.40013069785573,1.13409335218337,0.807485090027556
1.41643362792386,1.06688549543241,0.682955939562544
1.41650789922602,0.992279268917796,0.561463887831662
1.40505380600343,0.913637460048559,0.446830286685405
1.38648848278413,0.835358352515295,0.341352399387689
1.36413518182168,0.76110128949496,0.247435056313676
1.34034519537457,0.693227885285207,0.166638474691006
1.31669382723213,0.63268844606361,0.0989730534502011
1.29409228846104,0.579298599795769,0.0431321180267795
1.27293104083546,0.532243094107477,-0.00280507332499591
1.25327097713828,0.490515890657104,-0.0407816937950943
