0,0,0,0,0,0,0
0.166917823475629,0.000168659384268821,0.000762262198057435,0.0437456814776818,0.000112111633828129,-0.000825101404689089,-0.000993098756159597
0.333382962956401,0.000538483923893052,0.00149613651100619,0.0874025541669063,0.00021380953282445,-0.00165912797846005,-0.00196198837865899
0.498951223585397,0.00131552230565252,0.00217385911739789,0.13089590539488,0.000293662436044602,-0.00250911133853492,-0.00288197479660048
0.663191788225953,0.00271361643639753,0.00276927082749018,0.174174467494458,0.000338590311117969,-0.00337832669558998,-0.00372761473739599
0.825685365469132,0.0049535157964426,0.00325937330249492,0.217210801482503,0.000333978598345239,-0.00426458149528087,-0.0044728684385289
0.986013673934531,0.0082567230648198,0.00362642432666184,0.259989954483066,0.00026480645956219,-0.0051589208287415,-0.00509180368426133
1.14374061151615,0.0128331360508904,0.00386021895568533,0.302486433011158,0.00011785377556749,-0.0060451401030857,-0.00555987220802054
1.29838873265639,0.0188620807310605,0.00395994142911652,0.344633546120142,-0.000115278151251922,-0.00690050468284254,-0.00585562162556135
1.4494176842855,0.0264666961517011,0.00393488245785311,0.38629302797406,-0.000435012095400564,-0.0076978888940186,-0.00596254807345016
1.59621292500253,0.0356817609852437,0.00380349031164816,0.427234696174702,-0.000831525405401673,-0.00840917196536141,-0.00587070952908709
1.57167252022573,0.0424704091331387,0.00348207149113363,0.422810565250191,-0.00129351854253445,-0.00810314847154149,-0.00469467854852739
1.54219451813915,0.0491161324263452,0.00322676601550944,0.41664174052168,-0.00175640280251944,-0.00767870958198287,-0.00341937982086944
1.50778723559103,0.055457299866883,0.00304135873676349,0.408612077923794,-0.00220962708994444,-0.0071599509736798,-0.00208285022534824
1.46855005176421,0.0613791044578894,0.0029254789100199,0.398716843766304,-0.00265073901388818,-0.00657342899882465,-0.000720695952432354
1.4246547560713,0.0667961792294667,0.00287744482635002,0.38702989495537,-0.00308245550772289,-0.00594587453664105,0.000633721372300108
1.37630662897974,0.0716276323963091,0.0028955978834829,0.373658688349143,-0.00350902916411922,-0.0053028164334187,0.00194881583893537
1.32370772647114,0.0757714491283813,0.00297813134819471,0.35869991313712,-0.0039327485818415,-0.00466773671241674,0.00319425866856637
1.26702889694914,0.0790854320135055,0.00312187536761859,0.342202810220534,-0.00435116648051515,-0.0040612666602129,0.00434064066368294
1.20639463539043,0.081381177914295,0.00332081323314954,0.324145950593471,-0.00475549460232132,-0.0035000818929816,0.00535950726390056
1.1418837702575,0.0824354182513462,0.00356519714992752,0.304432524415956,-0.00513051083994919,-0.00299544112800146,0.00622391248430454
1.07354761049503,0.0820191084154419,0.00384194514106626,0.282907520493699,-0.00545618011801639,-0.00255165669474106,0.00690955918035997
1.00144308750256,0.0799391143365211,0.00413651605268169,0.259395933409301,-0.00571087750244536,-0.00216506225742278,0.00739644766073783
0.925673690780926,0.076081776115519,0.0044357977597337,0.233754908142221,-0.00587561898850746,-0.00182411259363188,0.00767075338628771
0.84642625413772,0.070444624126838,0.00473098288135863,0.205926316128176,-0.00593822312871249,-0.00151099947346604,0.00772646445166242
0.763990908617884,0.0631447094773455,0.00501927987882267,0.175973616530747,-0.00589615015672091,-0.00120464316577413,0.00756625391142187
0.678756730975148,0.0543996277291845,0.00530375661321627,0.144090865954309,-0.00575711521513355,-0.00088435847519369,0.00720123285809038
0.591184407057598,0.0444870504964631,0.00559141949073128,0.110581397521516,-0.00553735649152632,-0.000533210630823101,0.0066495843746531
0.501764495229898,0.0336954102899945,0.00589033153205114,0.0758141913209161,-0.00525825669552277,-0.000140236432445642,0.00593443674146617
0.410975479340397,0.0222795769188477,0.00620683725442982,0.0401728279947951,-0.00494247554630666,0.000298796559303916,0.00508155181177433
0.319251040938211,0.010430658455776,0.00654368949559756,0.00401097024542071,-0.00461064536726849,0.000781887652905486,0.004117335450527
0.226962688687514,-0.00173679566787786,0.00689941886947786,-0.0323763572735286,-0.00427925550105069,0.00130203616504638,0.00306749277465764
0.134417711571486,-0.0141821135414023,0.00726882128703711,-0.0687629790375148,-0.00395984873565508,0.00184865253436536,0.00195640633211267
0.0418706091986693,-0.0269243736350685,0.00764421271987468,-0.104985067014085,-0.00365933076236991,0.00240875973214249,0.000807164244460093
-0.0504550321743098,-0.0400210532893168,0.00801707258054067,-0.140922561141726,-0.00338107913255347,0.0029678476503648,-0.000357915379233616
-0.142340524012178,-0.0535430296213113,0.00837972662823089,-0.17647452222029,-0.00312652986858607,0.00351046921255567,-0.00151648476934957
-0.233549366561049,-0.0675484512122451,0.00872671383291384,-0.211533465286084,-0.0028969418470913,0.00402079071303662,-0.0026453374462785
-0.323810100916232,-0.0820568909272082,0.00905542034582206,-0.245960299854212,-0.00269504681621565,0.0044833078348691,-0.00371973853702787
-0.412801862740212,-0.0970254983420731,0.0093657171106582,-0.2795613684869,-0.00252632484465067,0.00488390587242508,-0.00471303338730761
-0.500142824960568,-0.112331138388589,0.00965857642597488,-0.312072456946098,-0.00239961228555991,0.00521137114666399,-0.00559669464397386
-0.58538788451854,-0.127764723953318,0.00993393102522894,-0.343157478043951,-0.00232669468373197,0.00545927457100633,-0.00634103299347012
-0.668043177880404,-0.143043870204996,0.0101883683796567,-0.372428319832558,-0.00232059526059454,0.00562785080069927,-0.00691675009679292
-0.747599935595304,-0.157845986727443,0.010413559829169,-0.399486615942302,-0.0023925626857069,0.00572521614420113,-0.00729730581719701
-0.823582035162741,-0.171856082725685,0.010596386766772,-0.423979686395617,-0.00254829449291479,0.00576721198023854,-0.00746175786255122
-0.895595062295059,-0.184814829273468,0.0107212764234029,-0.445655227379722,-0.00278452473360029,0.00577548331386716,-0.00739744464502026
-0.963362282683799,-0.196548430892228,0.010774281532605,-0.464396470236209,-0.00308736117814818,0.00577403073904407,-0.00710178153777456
-1.02673629121278,-0.206967142368674,0.010747344648287,-0.480224665939433,-0.00343344531677686,0.00578511393711483,-0.00658264260607405
-1.08568367656191,-0.21603407730721,0.0106407979065793,-0.493268115845288,-0.00379399935223355,0.00582562634971182,-0.0058572662435184
-1.14024863391229,-0.223720829375814,0.0104628263291266,-0.503709583654704,-0.00414065853395913,0.0059047678899427,-0.00495011359191622
-1.19050708657096,-0.229971753477547,0.0102260866371247,-0.511730583121897,-0.00445120776297825,0.00602323339425121,-0.00389038322835967
-1.23652425108708,-0.23469107745246,0.00994297043726958,-0.517469325550382,-0.00471340458301938,0.00617361412437489,-0.00270984178494641
-1.27832584674892,-0.237753020388824,0.00962136211793595,-0.521001614833392,-0.00492589295862446,0.00634151242269938,-0.00144135661270096
-1.31588865863584,-0.239025108737042,0.0092621678865726,-0.522345953738739,-0.00509630035093326,0.00650696921343916,-0.000118200992481696
-1.34915102159286,-0.238393632961504,0.00885898528574492,-0.521488594180973,-0.00523741256886438,0.00664603476734919,0.00122602199132637
-1.37803880384141,-0.235784916817595,0.00839964606179283,-0.518421422655606,-0.00536259185827474,0.00673253748012641,0.00255709258701115
-1.40249968491614,-0.23118144801942,0.00786919045213006,-0.513184604221699,-0.00548147701673307,0.00674025696357467,0.00383980246748294
-1.42253668366892,-0.224634097903358,0.00725389752065963,-0.505904828694457,-0.00559675821579318,0.00664572707791446,0.00503778132198628
-1.43823184795944,-0.21627056892401,0.00654599484733546,-0.496818917040127,-0.00570264192842135,0.00643173057521359,0.00611381834501561
-1.44975151157383,-0.206297369536829,0.00574840729356543,-0.486272074384741,-0.00578548267552824,0.0060911641365854,0.00703096771406957
-1.45732746134004,-0.194990602366754,0.00487845294055216,-0.474683017519338,-0.00582678207199191,0.00563042740623998,0.00775462799970764
-1.46121397373585,-0.182671650249986,0.003969074674105,-0.462476468837315,-0.0058081715373336,0.0050710581635147,0.00825551792705779
-1.46163004469652,-0.169668609286974,0.00306645586488885,-0.44999700474289,-0.00571717096781421,0.00444837884383104,0.00851304872146175
-1.45870446166148,-0.156271335020705,0.0022239261108407,-0.437430789201371,-0.0055518560076714,0.00380670517141904,0.0085181884908033
-1.45244443642978,-0.142693367367093,0.00149358785784859,-0.424764732366182,-0.00532264385157614,0.00319202215757035,0.00827483527253141
-1.442740612552,-0.129053063732884,0.000918187585620418,-0.411800067603037,-0.00505042923620626,0.00264423189446587,0.0077991408899597
-1.42940661996381,-0.115379097462312,0.00052572198640229,-0.39821486797117,-0.00476181719908796,0.00219127652542473,0.00711699209352509
-1.41223767257151,-0.101635140056547,0.000327909961075547,-0.38365087531278,-0.00448325383804746,0.00184656775906272,0.00626050083654174
-1.39106733114498,-0.0877526917224782,0.00032209651643384,-0.367794713958768,-0.00423597225491159,0.00160968688766211,0.0052645188089522
-1.36580671142112,-0.0736606423081426,0.000495007027237087,-0.35043245591418,-0.004032932415582,0.0014692712437611,0.0041639058342976
-1.33645990282328,-0.05930453709591,0.00082660627550922,-0.331470739605882,-0.0038779935992229,0.00140668180354089,0.00299182503881426
-1.30311795544729,-0.0446537662586419,0.001292829748433,-0.310929057782112,-0.00376688888359655,0.00139935604709696,0.00177898060547293
-1.26593835778254,-0.0296986796984193,0.00186673041600332,-0.288912997266763,-0.00368932203356656,0.00142329895522979,0.000553545694181554
-1.22511770018385,-0.0144413727966605,0.00251828945264382,-0.26557825873787,-0.0036315634847834,0.00145465390811281,-0.000658495105521455
-1.18086316082497,0.00111586518494625,0.00321362524407762,-0.241092782610271,-0.00357909901829348,0.00147060021581485,-0.00183282219332182
-1.13336669269288,0.016980851626046,0.00391456928267175,-0.215601910167413,-0.00351905111984082,0.00144994750832011,-0.00294625345022079
-1.08278492293994,0.0331776004091163,0.00457956259728108,-0.189200192162545,-0.00344218806703426,0.00137378423871139,-0.00397634839654641
-1.02922689402595,0.0497460110247135,0.00516655453516637,-0.161913032777606,-0.00334435688448845,0.00122642797469018,-0.00490125499871354
-0.972752833317198,0.0667340289588269,0.00563805649356054,-0.133691669713861,-0.00322716859582177,0.000996747524279138,-0.00569989497267384
-0.913385124219506,0.0841827235884564,0.00596774560995939,-0.104424152644748,-0.00309777109377057,0.000679700044930203,-0.0063525520822721
-0.851132074737528,0.10210684674176,0.00614719198847601,-0.0739630964570253,-0.00296763755392147,0.000277702121587349,-0.00684186705742043
-0.786020275732574,0.120475539670501,0.00619067712570576,-0.0421667201616453,-0.00285048629062845,-0.00019869236305028,-0.00715412602816128
-0.718128168525397,0.139199079724949,0.00613608049239051,-0.00894491728227083,-0.00275971275321585,-0.000731296278712414,-0.00728059363258915
-0.647611968046174,0.158126903729818,0.00604068289239381,0.0257013386616969,-0.00270594255081417,-0.00129618886753578,-0.0072185509803975
-0.57471572768435,0.177059056757611,0.00597230489053813,0.0616586634355918,-0.00269536027233981,-0.00186677799585686,-0.00697171460446953
-0.49976293046449,0.195768936508921,0.00599784494487965,0.0987042333857671,-0.00272926272877649,-0.00241736807462511,-0.00654988276199809
-0.423132422927665,0.214031332823868,0.00617217609142937,0.136531351113151,-0.00280488092910226,-0.00292639630573362,-0.00596789388121378
-0.345226889096709,0.231648592663019,0.00653008478938311,0.174788831271199,-0.00291711107383968,-0.00337865756347297,-0.00524419805733553
-0.266442689250772,0.248469144569372,0.00708270298603739,0.213122435637435,-0.0030605663350698,-0.00376622789837604,-0.00439941472975246
-0.187148025071396,0.264395851603652,0.00781840626584673,0.251208199353849,-0.00323138010925976,-0.00408820713955083,-0.00345518856627557
-0.107672590489902,0.279384702081205,0.00870707513997191,0.28877180634572,-0.00342838010647091,-0.00434965435104988,-0.00243350984031178
-0.0283086690622919,0.293436233233759,0.00970622215263336,0.325592756247861,-0.00365348584522365,-0.00456013711451557,-0.0013565204158525
0.0506783715446256,0.306582408528163,0.0107676483186621,0.361495162778967,-0.00391136159066113,-0.00473220765929254,-0.000246722494261005
0.129032759627016,0.318871198582618,0.0118437091630658,0.396328551205409,-0.00420845889908965,-0.00487995029361996,0.000872544502440806
0.206486718158356,0.330350405332155,0.0128926536449265,0.429942474383735,-0.00455163175232479,-0.00501758865179855,0.00197651613460903
0.282737175463361,0.341052086438087,0.0138826957054589,0.462159153299814,-0.00494654939454979,-0.00515804722661164,0.00303847575232463
0.357424097328361,0.350979505712446,0.0147944754131146,0.492749185658518,-0.00539619797207817,-0.00531135505653255,0.00402948093575317
0.430115066573146,0.360099715209759,0.0156214793382264,0.521416571040474,-0.00589984666975536,-0.00548287536893322,0.00491856139555545
0.500301851129654,0.368345991546816,0.0163680158375872,0.547799951726895,-0.00645290079289128,-0.005671539251564,0.00567360717935773
0.567413967541446,0.375634136206587,0.0170446767503567,0.571495300488192,-0.00704796977413365,-0.00586850256559803,0.00626309355965302
0.630850427391062,0.38189426839635,0.0176619464987038,0.592100340391269,-0.0076771514108534,-0.00605681873272927,0.00665860131778509
0.690023562636927,0.387114523402468,0.0182235255458253,0.609272555510692,-0.00833497798381528,-0.00621265415368593,0.0068377937003657
0.744401403039524,0.391387005945243,0.0187215579674385,0.622784762780394,-0.00902089631737036,-0.00630817310320351,0.00678721991905468
0.79353202485501,0.394941841624282,0.0191357694226177,0.632559427541197,-0.00973990284046906,-0.00631558423887495,0.00650420777324497
0.837039433141036,0.398155182980267,0.0194374518775721,0.638669558707296,-0.0105003025807221,-0.00621132187831053,0.00599732453889071
0.874594525717428,0.401520910990344,0.0195977265547523,0.641307412371551,-0.0113084462764769,-0.00597928971618613,0.00528535567021185
0.905880395580825,0.405581060991336,0.0195982644052343,0.640735175961906,-0.0121613848609656,-0.00561259705980479,0.00439522574630091
0.930580573627545,0.410815159188786,0.0194419431120323,0.637236820901981,-0.0130393462084906,-0.0051139500374278,0.00335951263029627
0.948416331481993,0.417496756138519,0.0191605534961191,0.631085540789774,-0.0139006766944448,-0.00449534996828484,0.00221411978121186
0.95924205450759,0.425541783249055,0.018816448309973,0.622530436074225,-0.0146822314927777,-0.00377769715117305,0.000996402995111403
0.963177970397856,0.434397251501239,0.0184955292371139,0.611796614754203,-0.015307528896402,-0.00299035791438652,-0.00025620419890251
0.960726499761349,0.443033124598787,0.0182912727167383,0.599089498018617,-0.0157024805153073,-0.00217010725902654,-0.00150714020651738
0.952805651266871,0.450079020462191,0.0182836806318625,0.584598557062632,-0.0158145020987513,-0.00135864680022595,-0.00272130234442062
0.94066077593845,0.454083525069368,0.0185206589797744,0.568502492165899,-0.0156277425464423,-0.000598407662773354,-0.00386530864772936
0.925678250025232,0.45380532579833,0.0190089346141881,0.550980405091373,-0.0151680779835283,7.27158451251414e-05,-0.00490754338690314
0.909175789594525,0.448427073415274,0.0197166715638628,0.532227553497179,-0.014496444406735,0.000626419656072977,-0.00581825071063309
0.892245104980484,0.437630175826828,0.0205842842108834,0.512465845916484,-0.0136943832800927,0.00104763140643351,-0.00657003361383247
0.875679345604827,0.421539570037114,0.0215377679839331,0.491936946075376,-0.0128477051645858,0.00133608262344998,-0.0071390103184764
0.85997124117216,0.400591871675617,0.0225005577885792,0.470873150420122,-0.0120327649867471,0.00150564624367278,-0.00750657855952975
0.845349171928835,0.375385039684938,0.0234027119668675,0.449453920645199,-0.0113073555548639,0.00158156305715805,-0.00766138243496674
0.831825536624225,0.346549676725022,0.0241876662187079,0.427765410182068,-0.0107065205644245,0.00159596455868784,-0.00760084853399325
0.819247141360867,0.314661253798881,0.0248166939524465,0.405780975079538,-0.0102428437572716,0.00158250114588199,-0.0073317034236542
0.807346488137589,0.280196785348809,0.0252706981336667,0.383371928850966,-0.00991033527209137,0.00157121723590134,-0.00686921162200717
0.795793406075542,0.243529025042085,0.0255490171299172,0.360344852563348,-0.00969057208384332,0.00158477799094238,-0.00623532487080412
0.78424347886665,0.204945357603832,0.0256656070649083,0.336491909707493,-0.00955945175930457,0.00163667110748522,-0.00545627442558475
0.772377611548758,0.164677001447957,0.0256436842844124,0.311637984236949,-0.00949305743672909,0.00173132724174548,-0.00456021088915607
0.759928610220934,0.122926871564279,0.0255102192341192,0.285673022213103,-0.00947169758544579,0.00186557883556342,-0.00357533636622386
0.746693386111672,0.0798891997459134,0.0252914577410286,0.25856511001615,-0.00948187177358647,0.00203069999399846,-0.00252871390879146
0.732532596119714,0.0357589384252725,0.0250101720224225,0.230356164334021,-0.00951644494962308,0.00221440264363316,-0.00144572509403929
0.717360921616475,-0.00926773822203049,0.0246848304750984,0.201145268217144,-0.00957355605333838,0.00240244181842273,-0.00035002676407718
0.701131909824441,-0.0549988532082212,0.0243304986761824,0.171065427589681,-0.00965480590874213,0.00257975739114747,0.000736171805748927
0.683820785940079,-0.101254713442607,0.0239610225297356,0.140258594666509,-0.00976316829774601,0.00273126971065201,0.00179167627014954
0.665408224172354,-0.14787573349839,0.0235918802649259,0.108852676120624,-0.00990095800528486,0.00284253769573419,0.00279585723425271
0.645867667366401,-0.194727626025455,0.0232429666836111,0.0769433934883369,-0.010068118726256,0.00290049135728708,0.00372830211444359
0.62515823006883,-0.241702155386938,0.0229404792527621,0.044583374169052,-0.0102610635501383,0.0028943809756779,0.00456867763223963
0.603225268639177,-0.28871241230457,0.0227170981934741,0.0117806294145351,-0.0104722945221721,0.00281696307222201,0.00529690287528775
0.580009381146712,-0.335682536787283,0.0226098290410311,-0.0214922784275714,-0.0106909677649277,0.00266576971177083,0.00589370231710189
0.555463597500917,-0.382533122872231,0.0226553777861093,-0.0552785402082035,-0.0109044424043042,0.00244415623263708,0.00634154904428801
0.529575867750529,-0.42916515120106,0.022883675244858,-0.0896097635636041,-0.0111006009582985,0.00216172071124625,0.0066258985193385
0.502392387109228,-0.475446270095184,0.0233110287798051,-0.124476498403204,-0.0112704654652649,0.00183374885677402,0.0067365020153304
0.474035700053542,-0.521203375227345,0.0239349092619648,-0.159804082672683,-0.0114104197890812,0.00147955881159866,0.00666849954433126
0.444712651983934,-0.566223986032818,0.0247322031399511,-0.195440604573656,-0.0115233820739217,0.00111996707820701,0.00642301025477041
0.414710018883122,-0.610266191914962,0.0256617505109892,-0.23116043049065,-0.011618551808994,0.00077439955989278,0.00600706387568202
0.384379671576397,-0.653074163965925,0.0266705463970954,-0.266681809679172,-0.0117098017817906,0.000458285579225264,0.00543291414493913
0.354118446492535,-0.694394653553516,0.0277017889774245,-0.301692817924915,-0.0118131846988943,0.000181239191271631,0.00471695104339426
0.324348976178053,-0.733989962023476,0.0287025544606398,-0.335878116999603,-0.011944201577783,-5.3765060170529e-05,0.00387850471950724
0.295506555507287,-0.771644387776556,0.0296293421486646,-0.368940094225385,-0.0121154012178248,-0.000250317193209924,0.00293879729345846
0.268034318882822,-0.807162888705672,0.0304506904884604,-0.400610757652084,-0.0123346327094202,-0.000417873339462501,0.00192018889173606
0.242385829474055,-0.840361945115902,0.0311470442748897,-0.430653859572203,-0.0126039932477347,-0.000570728685299529,0.000845744923125326
0.2190314343363,-0.871053636091413,0.0317087612056485,-0.458859362409725,-0.0129193074842797,-0.000726852703266711,-0.000260932677331378
0.198461895012741,-0.89902392534375,0.0321334592122223,-0.485033750405718,-0.0132698648151175,-0.000906618162529012,-0.00137570865791202
0.181180352061918,-0.924007355145313,0.032423933853804,-0.508990713259323,-0.0136381684196828,-0.00113130561036846,-0.00247384548722681
0.167671321473918,-0.945661629699344,0.0325875859885766,-0.53054661703404,-0.0139996098322104,-0.00142117623753998,-0.00352992119571292
0.158335701092016,-0.963548884042788,0.0326377230302471,-0.549524478927279,-0.0143223389421372,-0.00179292691857211,-0.00451773937173277
0.153387113091098,-0.977133913578464,0.0325961745682561,-0.565767782576354,-0.0145681078358663,-0.00225651708654836,-0.00541019909417828
0.15272157508815,-0.985812245719589,0.0324956586552166,-0.579161982508796,-0.0146953044739941,-0.00281171207895083,-0.00617913736447245
0.155797608949245,-0.988977266520819,0.0323797864375994,-0.589657333747409,-0.0146651794519598,-0.00344515972324532,-0.00679535038093693
0.161584153293387,-0.986122965341574,0.0322991834323731,-0.59728450630178,-0.0144508540499396,-0.00412919718523659,-0.00722930153621645
0.168626446130638,-0.976958178919815,0.0323038661139605,-0.602155575935098,-0.0140463616589967,-0.00482353635425223,-0.00745314928836253
0.175235418041139,-0.961492177521516,0.0324337511380808,-0.604447760381405,-0.0134714664117676,-0.00548025733323893,-0.00744429944949235
0.179746921246915,-0.940053844158583,0.0327099223743177,-0.604372865643739,-0.0127692464782568,-0.00605129929798735,-0.00718970539814665
0.180765796032813,-0.913231297231322,0.0331291402749124,-0.602139826086622,-0.0119971338964438,-0.00649648317166265,-0.0066892999282975
0.177325917522031,-0.881751820881993,0.0336636064712051,-0.597919871025269,-0.0112154209922718,-0.00678973670138613,-0.00595705987313919
0.168941510846781,-0.846344617246319,0.0342669667441663,-0.591823451245412,-0.0104777100347107,-0.00692190634132166,-0.0050193062357089
0.155565110241476,-0.807629225056796,0.0348854941877063,-0.583893862690204,-0.00982567359785787,-0.00689993147625667,-0.00391108487771021
0.137487964403171,-0.766055806045747,0.0354712343916565,-0.574117261150191,-0.00928793283686732,-0.00674343808118787,-0.00267205388371625
0.115219949049115,-0.721900084352737,0.0359929937416919,-0.562444058855944,-0.00888140913627213,-0.00648034187865038,-0.00134307110582542
0.0893762689324386,-0.675299385506801,0.0364419319845316,-0.548815635002538,-0.00861337897617627,-0.006142785008409,3.59495012779996e-05
0.0605851136090457,-0.626310295315359,0.0368303167425062,-0.53319137271982,-0.00848305090240436,-0.00576403520687571,0.00142692323698764
0.029419919932435,-0.574971360122081,0.0371837312229851,-0.515573094405637,-0.00848220780901886,-0.00537630445886842,0.00279355997688292
-0.00364573315939921,-0.52135959858577,0.037528253206853,-0.496024826248782,-0.00859502774731102,-0.00500904004648885,0.00410085370234932
-0.0382635175855505,-0.465633954741771,0.0378750656149759,-0.47468557081217,-0.00879758389538087,-0.00468716342262231,0.00531452773974039
-0.0742171789027,-0.40806064788415,0.0382059054041131,-0.451771819895312,-0.00905776074511433,-0.00442893246452328,0.00640082037114689
-0.111409798497649,-0.349015648106429,0.0384636369254105,-0.427566005902639,-0.00933639075782829,-0.00424350151883411,0.00732693285801702
-0.149830256324625,-0.288960994530125,0.0385524452747074,-0.402388759996524,-0.00959022578200814,-0.00412873887206388,0.00806234771199844
-0.189500898702601,-0.228396059221715,0.0383506562184094,-0.376557111157943,-0.00977680860504331,-0.00407023302690994,0.00858099942081856
-0.230414990063437,-0.167792753894612,0.0377354151679906,-0.35033713736895,-0.00986046825624327,-0.00404242329926168,0.00886393874702764
-0.272479421893819,-0.107531581230989,0.0366131823360444,-0.323904473261341,-0.00981785655525983,-0.00401224511669494,0.00890178145717436
-0.315480482792355,-0.047858544905709,0.0349459538161627,-0.29732620820814,-0.00964120992413267,-0.00394471717068511,0.00869610441953839
-0.359084424803909,0.0111231771705104,0.0327633361805197,-0.270570716387305,-0.00933817115690148,-0.00380899888867233,0.00825920836726334
-0.402871863962289,0.0694259922048909,0.0301559498451107,-0.243541312533399,-0.00892830334473522,-0.00358317969465492,0.0076122499663671
-0.446392553597228,0.127127422269967,0.027253269186461,-0.216121106690637,-0.00843764271099297,-0.00325663806624261,0.00678232975626009
-0.489221994113968,0.184314623137162,0.0241944844812643,-0.188214646004289,-0.00789309985693049,-0.00282982502849617,0.00579939733129612
-0.531004522842808,0.2410397810793,0.0211017989727097,-0.159776141817853,-0.00731814686347341,-0.00231219905742339,0.00469369857760025
-0.57147583017549,0.297294346908293,0.0180624713732693,-0.130821009895958,-0.00673043618903218,-0.00171941346916164,0.00349413386655593
-0.610465464103519,0.35300256977581,0.0151217014584937,-0.101422904762871,-0.00614127426716187,-0.00107070309147438,0.00222755441036756
-0.647883945850838,0.408030353670276,0.0122852915665356,-0.0717009726276905,-0.00555649640608601,-0.000387000285380789,0.000918821388251109
-0.683700027447128,0.462203977224065,0.00952956138836828,-0.0418020771058878,-0.00497822243916463,0.000310095399231555,-0.000408606006476498
-0.717912911267486,0.515334216310301,0.00681591501178805,-0.0118815640409255,-0.00440708777987289,0.000998685356538906,-0.00173176791668099
-0.750522308534636,0.567242390243361,0.00410784816006705,0.017915377520076,-0.00384467180869444,0.00165665367547931,-0.00302717223834592
-0.781498560388025,0.617785457422393,0.00138839334422742,0.0474704258586372,-0.00329590544306285,0.00226191137858624,-0.00426980519255343
-0.81075457654124,0.666876639373452,-0.00132428502848735,0.0767054930834933,-0.00277119346413886,0.0027932437564366,-0.00543237350951236
-0.838122814299953,0.714496436476957,-0.00396625779101663,0.105590412336266,-0.00228783631021745,0.00323206159901978,-0.00648500163337063
-0.863343276555477,0.760688654982784,-0.00642595962484917,0.13414169173289,-0.00187018924966919,0.00356509061951081,-0.00739564711380563
-0.88607058584017,0.805537446358806,-0.00855460141325742,0.162409248831418,-0.00154796558450885,0.00378759955900991,-0.0081314834445752
-0.905905978371207,0.84912502543857,-0.010190030436553,0.190450141499202,-0.00135236871025356,0.00390625925908142,-0.00866134729355825
-0.922453480706488,0.891477006072559,-0.0111904953464331,0.218292754893247,-0.00131043008564764,0.00394038158491039,-0.00895901955349618
-0.935387757623153,0.932509229048081,-0.0114692390838603,0.245900169184502,-0.00143886737763275,0.00392043447461431,-0.00900667000832561
-0.944513229746241,0.971995076562732,-0.0110178833881055,0.273145010771959,-0.00173945971775925,0.003883560369383,-0.00879751129986121
-0.949792993780836,1.00956753857746,-0.00990925557279955,0.299806124088473,-0.00219776155677306,0.00386705840999416,-0.00833681091678234
-0.951337513097383,1.04475856009207,-0.00827837713944075,0.325589908752604,-0.00278580035132958,0.00390174673919888,-0.00764097284856254
-0.949359020649091,1.07706340365869,-0.00628932303473622,0.350169392931508,-0.00346781062292534,0.00400715991291525,-0.00673511248426812
-0.944109975870999,1.10600954501204,-0.00410030610393219,0.373227944158679,-0.00420698580820371,0.00418964349976026,-0.00565000900705693
-0.935826156002657,1.13121103980584,-0.00183774363345952,0.394494841102353,-0.00497120469611334,0.00444318451124105,-0.00441931976487238
-0.92468875070175,1.15239757774191,0.000415465841409053,0.413765312800577,-0.00573649041605441,0.00475196259882765,-0.00307760584583648
-0.910811728632748,1.16941758302256,0.00261791154988651,0.430904494581882,-0.0064879644932706,0.0050934282174723,-0.00165931973982095
-0.894253371411045,1.18222002654143,0.00475783101894147,0.445839079402505,-0.00721876159030686,0.00544105801412678,-0.000198615748648908
-0.875047255577188,1.19082104358542,0.00683645245692673,0.458541852937098,-0.00792764271087642,0.00576648419568719,0.00127028847415033
-0.853247047283442,1.19526100263457,0.00885109223250719,0.46901375662787,-0.00861602103792035,0.00604117771902465,0.0027125054203009
-0.82897814839916,1.19555640631438,0.0107817450488295,0.477266505900224,-0.00928498546131923,0.00623814148772337,0.00409193923214138
-0.802487270399056,1.191652278655,0.0125841420387017,0.483307741473773,-0.00993281013145951,0.00633409282144351,0.00537113403095994
-0.774177588927356,1.18338406300428,0.0141914136452685,0.487130437775468,-0.0105533915235882,0.0063123628927258,0.00651182416467699
-0.744613630656057,1.17046133050329,0.0155250325950334,0.488708460783816,-0.0111359776084448,0.00616623587570316,0.00747643302805237
-0.714481093539052,1.15248656300742,0.0165132295158333,0.488000533062002,-0.0116663443121777,0.00590183659906893,0.00823056909035583
-0.684495379757825,1.12901553254578,0.0171119399703716,0.484963725135119,-0.0121291753270306,0.00553925372113708,0.00874621242787658
-0.655270555287716,1.09965192250933,0.0173210702548468,0.479574737050732,-0.0125109478673932,0.00511075449683275,0.00900487674895618
-0.627181694103165,1.06415320106738,0.0171894217144217,0.47185337819474,-0.0128024056070188,0.00465588086103386,0.00899981665556052
-0.60026526345226,1.02251570409449,0.0168056897671086,0.461879665521551,-0.01299991890543,0.00421455162143907,0.00873655112291693
-0.574194851778365,0.9750120214151,0.016278785173638,0.449796953795136,-0.0131055862231269,0.00382024210304503,0.00823157255611935
-0.548343521788348,0.922169892412178,0.0157149522523841,0.43579869675055,-0.0131263949674585,0.00349523297158407,0.00750975713161536
-0.521913084777497,0.864701419372649,0.0151995226640968,0.420103828365081,-0.0130728439762984,0.00324890682018846,0.00660131123068305
-0.494089325869982,0.803404970275599,0.014788037071186,0.402930551080773,-0.0129572356179631,0.00307881690174905,0.0055389721647423
-0.464179050266459,0.739066479389727,0.014507155993353,0.384477876048884,-0.0127917305172716,0.00297344452479642,0.00435584336680185
-0.431698311333692,0.672383218998907,0.0143624621740302,0.3649196745598,-0.0125863962162834,0.00291542222090625,0.00308395429617883
-0.396401557386202,0.603922684839563,0.0143488909735958,0.344409815342357,-0.0123476826890775,0.00288432589131044,0.00175348405601973
-0.358259971660483,0.534118217758872,0.0144599626504813,0.323093272937351,-0.0120778059698753,0.00285862362155347,0.00039254810491847
-0.317406938988231,0.463294033366347,0.0146934010949598,0.30111720956558,-0.011775331431037,0.00281678687300811,-0.0009725661653922
-0.274069278147606,0.391708076037247,0.0150522745815531,0.278637252170962,-0.0114369452874454,0.00273783933923625,-0.00231684390202358
-0.228498627480503,0.319601346735998,0.0155420036863643,0.255816334360666,-0.0110601343004281,0.00260174436821143,-0.00361580969036746
-0.180912283498422,0.247244414245142,0.0161643740032722,0.232815528580237,-0.0106463015533605,0.00239004254575458,-0.00484477265094463
-0.131449047160678,0.174973028905849,0.0169102088034237,0.209777654029436,-0.0102036818553233,0.00208706266842397,-0.00597821918269413
-0.0801454216689123,0.103206770413718,0.0177528380478878,0.186806957197047,-0.00974932314127798,0.00168185647714312,-0.00698955202652956
-0.026936997715322,0.0324446877406548,0.0186447734919595,0.163949439257118,-0.00930932113338012,0.0011707163059612,-0.00785139812582066
0.0283109295681877,-0.0367652318803823,0.0195198680272014,0.141180230495829,-0.00891665369187155,0.000559760213006125,-0.00853669944540216
0.0857446464096508,-0.103881095647412,0.0203021453108007,0.118404035260889,-0.00860644525363421,-0.000133309710530169,-0.00902067581413402
0.145445634684069,-0.1684368496035,0.0209202577109859,0.0954719712562081,-0.0084093758633884,-0.000879327951420373,-0.00928346356159087
0.207357211924296,-0.230108280598687,0.0213237142426388,0.0722129925162938,-0.00834496498716722,-0.00164038933087267,-0.00931284592335688
0.271239282910105,-0.288752930129038,0.0214951749286898,0.0484726485232469,-0.00841703136749553,-0.0023750106528904,-0.00910623596277314
0.336669070780672,-0.344407431658975,0.0214538159976546,0.0241486394935446,-0.00861315069102563,-0.00304447204231112,-0.00867118223293834
0.403088272833325,-0.397240784291391,0.0212482919894189,-0.000786193340861944,-0.00890843075004359,-0.00361845371260928,-0.00802419576716219
0.469878753387646,-0.447478167970964,0.0209421671113978,-0.0262780827941031,-0.00927218712873037,-0.00407838553968256,-0.0071883359693111
0.53644055844048,-0.495318697271362,0.0205973974789839,-0.0522024340760295,-0.00967516610434245,-0.0044179626770528,-0.00619039022252021
0.602251075461521,-0.540868768626298,0.0202611952100003,-0.0783844903146729,-0.0100952161560166,-0.00464138596739323,-0.00505844976552198
0.666896627823554,-0.584103922638803,0.0199592696031285,-0.104624257565715,-0.0105203199174393,-0.00476047796441017,-0.00382034843203874
0.730078410091333,-0.624861791944032,0.0196957250104465,-0.130720546733108,-0.0109489210293606,-0.00479178349655924,-0.00250303814706454
0.791598108134021,-0.66286064473072,0.0194580624887874,-0.156490573122518,-0.0113880536310917,-0.00475433575762045,-0.00113271717106665
0.851328339078203,-0.69773612787212,0.0192251273659265,-0.181782882252045,-0.0118499261759725,-0.00466829176865002,0.000264536169795942
0.909172140545428,-0.729091380440879,0.0189759986552223,-0.206482460086245,-0.012347522592213,-0.00455428137131747,0.00166184503328613
0.965015784658212,-0.756559186212035,0.0186981561719657,-0.230507684189297,-0.0128896860598868,-0.00443309351733669,0.00303053237133909
1.01868009326432,-0.779875355451532,0.0183934344015066,-0.253799145946536,-0.0134761938049488,-0.00432521349933802,0.00433926457376851
1.06987672341529,-0.798957681714903,0.0180802761437111,-0.276300533364551,-0.0140935682622744,-0.00424972540285048,0.00555362435172337
1.11818075573109,-0.813977662900132,0.0177910285819204,-0.297933401598127,-0.014712764671979,-0.00422227096381329,0.00663644619557288
1.16303174714179,-0.825401340685319,0.0175638201011177,-0.318570215487482,-0.0152900968494665,-0.00425213239607522,0.00754923268216644
1.20377438393533,-0.833972592601863,0.0174304038452355,-0.338014487483167,-0.0157723909988081,-0.00433909628511811,0.00825478119104636
1.23973906923842,-0.84062098638174,0.0174035731205403,-0.355998856413505,-0.0161062044188183,-0.00447129313331433,0.00872082769675439
1.27034512457149,-0.846302240479822,0.0174693085256008,-0.37220877969719,-0.0162489765029304,-0.00462534724511294,0.00892399598147819
1.29519451795919,-0.85181353691163,0.0175878392887167,-0.386329237322332,-0.0161784977560402,-0.00476955203970071,0.00885301987848122
1.31412257158607,-0.857646937860729,0.0177040781271534,-0.398099271918729,-0.0158971489859853,-0.00486955886136718,0.00851026752166009
1.32718846325539,-0.863933437212858,0.017763241281235,-0.407352991040423,-0.0154294316113323,-0.00489489682006661,0.00791114267022013
1.33461383903084,-0.870490296651381,0.017724973148622,-0.414031528525966,-0.0148142134788896,-0.00482428552778447,0.00708168265603762
1.33669753565399,-0.876940241402844,0.0175705971454612,-0.418164964980788,-0.0140950389532578,-0.00464836117454968,0.00605520530914056
1.33373698460426,-0.882848216863942,0.0173020175495499,-0.419836064202606,-0.0133118291711157,-0.0043696118538933,0.00486894487340296
1.32597681416014,-0.887828799767229,0.0169346269889522,-0.419142368859395,-0.0124958689800914,-0.00400030741469926,0.00356135748955018
1.31359010223326,-0.8916016526428,0.0164883671717622,-0.416169366961576,-0.011668317700378,-0.00355959402298736,0.00217039190365635
1.29668656340998,-0.893996441375007,0.0159807070454406,-0.410980216847214,-0.0108414417109728,-0.00307073233928318,0.000732702889467531
1.2753377235696,-0.894922421209024,0.0154237579225602,-0.403621507122457,-0.0100214804505049,-0.00255896723565412,-0.000716399512131191
1.24960929281663,-0.894320574050987,0.0148260817349858,-0.394141050179326,-0.00921221282581444,-0.00205001137851691,-0.00214254576448548
1.21959330754074,-0.892113208716884,0.0141984716041785,-0.38261235490727,-0.00841854742823681,-0.00156878588010755,-0.00351173800464078
1.1854352162239,-0.888162422043652,0.0135620734034879,-0.369159979493406,-0.00764961548650164,-0.00113795400148648,-0.00478989867637463
1.14735142122913,-0.882245906718569,0.0129564634416503,-0.353979118617619,-0.00692085219882141,-0.000775907062511938,-0.00594281269786417
1.10563351481832,-0.874057377639719,0.012444719408097,-0.337342475474566,-0.00625451797911866,-0.000494192073639897,-0.00693672253047386
1.06063621281447,-0.863236195015262,0.012112441848027,-0.31958838392346,-0.00567818759125156,-0.000294832520769181,-0.00773976414732225
1.01274866743231,-0.849424767552559,0.0120586988637159,-0.30108789651655,-0.00522109327942596,-0.00016843080077115,-0.00832424564953852
0.962353872153447,-0.832342849890199,0.0123793578785159,-0.282195522537376,-0.00490889056688205,-9.41005329626413e-05,-0.00866945367661553
0.909786590793809,-0.811858273129531,0.0131467308002274,-0.263196319182389,-0.00475820514406425,-4.19207590719319e-05,-0.00876432266008639
0.85530261322764,-0.788029761321134,0.0143922018931327,-0.244266373152787,-0.0047727468900941,2.22707575654147e-05,-0.00860912474052464
0.799069258147538,-0.761104989270118,0.0160984886106471,-0.225460599564553,-0.0049424207239897,0.000130936895601756,-0.00821553325587199
0.741178893837687,-0.731473700817875,0.0182047046649904,-0.206731424147649,-0.00524574943588022,0.000309488081079706,-0.00760495533410654
0.681678791792331,-0.699593127574249,0.0206221694012437,-0.187970058095899,-0.0056546439089412,0.000572966719676373,-0.00680564253837041
0.620605770809265,-0.665910740849131,0.0232549495952725,-0.1690551113491,-0.00613983056992718,0.00092529892371409,-0.00584942669333886
0.558015423008639,-0.63080564492502,0.0260184152386547,-0.149894141083554,-0.00667537210965988,0.00136066354713468,-0.00476887087368433
0.493999837643101,-0.594558367807226,0.0288512541710842,-0.130449582548308,-0.00724141171211612,0.00186598073590826,-0.00359529271682414
0.428692826245464,-0.557348097505376,0.0317195845642454,-0.110747327930803,-0.0078250370161264,0.00242351912641618,-0.00235775597678761
0.362264538902822,-0.51926987316761,0.0346142847947129,-0.0908706346157039,-0.00841964602563453,0.00301296640731759,-0.00108288049757939
0.294908777441871,-0.480363190508921,0.0375437988689241,-0.0709437131313178,-0.00902335065638632,0.0036127373351652,0.000204772035539474
0.22682613261684,-0.440644999480181,0.0405246928865729,-0.051108988874193,-0.00963688424478858,0.00420063421991845,0.00148197638221558
0.158205908848256,-0.400142542132663,0.043571792817053,-0.0315012014923421,-0.0102613496665044,0.00475417934473445,0.00272598498920984
0.0892094648862477,-0.358923279438568,0.0466891945949943,-0.0122209236514004,-0.0108960466242948,0.0052510131072957,0.00391369458320833
0.0199581500629334,-0.317119317782471,0.0498633034046691,0.00668939132698542,-0.0115366196783556,0.00566973736997491,0.00502099493065952
-0.0494708246404163,-0.274943291252142,0.0530589879593019,0.0252626739401565,-0.0121738330154255,0.00599146568039009,0.0060224702706125
-0.119037111255733,-0.232691537938943,0.0562200196998455,0.0436122938533202,-0.0127933743320906,0.00620211731013654,0.0068916491294834
-0.188716659253458,-0.190730240270952,0.0592745682746908,0.0619193118207086,-0.0133770768298696,0.0062951646809819,0.00760198219481814
-0.258468868551429,-0.149462195817257,0.0621456101282579,0.0803986837551797,-0.0139057430709604,0.00627414131835067,0.00812862238521835
-0.328197243436721,-0.109277102640385,0.0647643756450101,0.09924711965366,-0.0143632532964225,0.00615394245993492,0.00845084088441518
-0.397713927290792,-0.0704959523940188,0.0670833384500709,0.118583525331681,-0.0147410264275011,0.00596002058166553,0.00855461095761657
-0.466720127094848,-0.0333255957417533,0.0690845186198407,0.138399529651601,-0.0150414417965427,0.00572512938884313,0.00843465712519916
-0.534810924672384,0.00216086849513469,0.0707801374531593,0.158537581273052,-0.0152789484264406,0.00548417534633006,0.00809531633809404
-0.601504554679286,0.0360107502044139,0.0722055347746867,0.178705347167714,-0.0154783466275508,0.00526852292427327,0.0075499308477641
-0.666287205867489,0.0683508464926029,0.0734073127805212,0.198521571869249,-0.0156707814734273,0.0051012982990808,0.00681902453944014
-0.728659890885253,0.0993339764780777,0.0744311870861934,0.217577749152886,-0.0158887518348239,0.00499473515277994,0.00592790476124619
-0.788175387752861,0.129090144587582,0.0753133372847113,0.235497139322878,-0.0161615382518153,0.00494974645345204,0.00490438383961673
-0.844459157060903,0.157694700502158,0.0760770338649632,0.251977545323952,-0.0165120048307509,0.0049571913632531,0.00377708948333966
-0.897213441075804,0.185158233604777,0.0767341382726795,0.26681191668076,-0.0169550775038541,0.0050000113704988,0.00257451101495749
-0.94620862033075,0.211436731459759,0.0772898675640717,0.279887636079984,-0.0174977344496211,0.00505552813592937,0.00132469932847773
-0.991266742748007,0.236457051160584,0.0777487467324971,0.291168500135273,-0.0181401036187899,0.00509751067833689,5.54187563598926e-05
-1.0322430873125,0.260151877172162,0.0781199617716901,0.300664457695881,-0.0188772641911057,0.00509796379418281,-0.00120546818899932
-1.06900971632654,0.282498071608152,0.0784206624491727,0.308393548019055,-0.0197013910832804,0.00502882399366582,-0.00242959196267856
-1.10144333933171,0.303551941238418,0.0786762345211302,0.3143404374318,-0.0206039173176298,0.00486384072274742,-0.00358782623731073
-1.12941888820633,0.323474357787952,0.0789171742268863,0.318417336625745,-0.0215773765670623,0.00458085534112777,-0.00465035729885247
-1.15280933658773,0.342538441540905,0.0791729707377577,0.320435468113421,-0.0226165393283215,0.00416447476422663,-0.00558721072396633
-1.17149283107885,0.36111431095944,0.079464419174318,0.320097613993065,-0.0237184788734757,0.00360882179171186,-0.00636934154182709
-1.18536697513644,0.379629619962682,0.079796595433962,0.317021342024419,-0.0248813365349591,0.00291971662411347,-0.00697031840346122
-1.19437014636988,0.398512038031687,0.080155115928268,0.310796840492574,-0.0261019160177293,0.00211547767797915,-0.0073684882914669
-1.19850787723133,0.418127447070203,0.0805076072005555,0.301071759972441,-0.0273727056021547,0.00122567904631751,-0.00754928685678072
-1.19788075395015,0.438731680564733,0.080810584281538,0.287642388714752,-0.0286793424493416,0.000287737184984253,-0.00750714234915831
-1.1927089870109,0.460449964279461,0.0810197525626008,0.270523031548001,-0.0299996130905233,-0.00065804665249807,-0.007246360451239
-1.1833476988566,0.483286624633887,0.0811002091009309,0.249969847675385,-0.0313046480699,-0.00157376520194283,-0.00678059747571455
-1.17028771250665,0.50715438124825,0.0810331540535847,0.226451594131252,-0.0325621699134397,-0.00242820009957499,-0.00613099749858997
-1.15413807515284,0.531905470415715,0.0808173926615185,0.200579074419091,-0.0337408602006983,-0.00319931181690225,-0.00532354018709421
-1.13559040979088,0.557350529221752,0.080466170118525,0.173017664563646,-0.0348145736767215,-0.00387483818966251,-0.00438636490529317
-1.11536899925424,0.583261336984552,0.0800013833301571,0.144407894188275,-0.0357653203802666,-0.00445148217787862,-0.00334770704561623
-1.09417432854648,0.609363153296865,0.0794475215755091,0.115310867904535,-0.0365844865423933,-0.00493335848315217,-0.00223474727573204
-1.07262891126421,0.635325812834667,0.0788270129731924,0.0861844086048847,-0.0372723060922963,-0.00533024089393222,-0.00107333693290015
-1.05123331515292,0.660760462931525,0.0781577253831372,0.0573872696187238,-0.0378359479059461,-0.00565589725962451,0.000111638238532266
-1.03033714013017,0.685223803147876,0.0774526096590536,0.029203940708018,-0.0382866980983935,-0.00592656277053892,0.00129555180286865
-1.01012627481278,0.70822771813466,0.076721081827749,0.00188070906880161,-0.03863670979133,-0.00615944964035701,0.00245325641111971
-0.990624672639948,0.729250837910372,0.0759715944546769,-0.0243368309308933,-0.0388957639581141,-0.00637113237119081,0.00355845479460895
-0.971707161840188,0.747750109178998,0.0752148100107684,-0.0491745941373309,-0.0390685151649011,-0.00657568982508479,0.00458342271007683
-0.953119283724413,0.763173661097681,0.074466712703854,-0.0723183165095786,-0.0391527646509567,-0.0067826364000949,0.00549927552127599
-0.934501074382262,0.774979547358912,0.0737508869023955,-0.0934262843839642,-0.0391393315301505,-0.00699492509092373,0.00627693906854154
-0.915413294862333,0.782665914289306,0.0730991283185437,-0.112168174313983,-0.039013920690022,-0.00720757621202948,0.00688887983878272
-0.895366234516512,0.785814995819737,0.0725497405771783,-0.128283198519341,-0.038760905132497,-0.00740761654333974,0.00731143934958437
-0.873851795738163,0.784146000536506,0.0721434491125675,-0.14164131628481,-0.0383682128686616,-0.00757582015718231,0.00752734534634384
-0.850378339126198,0.777563484121102,0.0719177454208912,-0.152285933012201,-0.0378318563812488,-0.0076901712912467,0.0075277705733655
-0.824505462002983,0.766183967777846,0.0719012872469559,-0.160440243879307,-0.0371585341781178,-0.00773024260492884,0.00731334066818813
-0.795873565436209,0.750328039137667,0.0721101749343208,-0.166472368822848,-0.0363653711613674,-0.00768121720592526,0.00689380273936614
-0.764222826757272,0.730476979801096,0.0725473086650966,-0.170830427696075,-0.0354769834969937,-0.00753640262234177,0.00628651789216577
-0.729398385993324,0.707205572808294,0.0732048874528251,-0.17396890246186,-0.0345210229609762,-0.00729772624723623,0.00551428990773758
-0.691342173987693,0.681109556992813,0.0740690431404865,-0.176287348408291,-0.0335236928721893,-0.0069744703547876,0.00460313000164972
-0.650075179751911,0.652745064167385,0.0751250779798973,-0.178093983662104,-0.032506416456134,-0.00658099943810126,0.00358040992557927
-0.60567555591618,0.622590618070304,0.076361835251468,-0.179595925800985,-0.0314842064863793,-0.00613430614026147,0.00247361306641858
-0.558257994333392,0.59103455455601,0.0777741870202026,-0.180910061799186,-0.0304657202552541,-0.00565197121356757,0.00130969008062893
-0.50795810956303,0.558384396003124,0.0793631116664956,-0.182085310132707,-0.0294546337376985,-0.00515079342324713,0.000114908202238778
-0.454924145955719,0.524891809504033,0.08113331536125,-0.183127758996788,-0.0284518781047307,-0.00464606090772266,-0.00108495423014928
-0.399316570721792,0.490785571241906,0.083088689486452,-0.184022686079843,-0.0274582930386032,-0.00415125505941857,-0.00226422075998915
-0.341314905777904,0.456305054756447,0.0852262400039774,-0.184750420339877,-0.0264772947468484,-0.00367790805058772,-0.00339688727703239
-0.281130010343799,0.421727069519211,0.0875295244416484,-0.185295460776178,-0.0255171571184619,-0.0032353522054971,-0.00445630745070868
-0.219018665339248,0.387379198107894,0.0899630711975299,-0.185649855316137,-0.0245924535746574,-0.0028301875478427,-0.00541516556937349
-0.155296059871475,0.353634071269738,0.0924696506268171,-0.185812658305593,-0.0237241794069794,-0.00246544839422834,-0.00624591408565508
-0.0903407361178802,0.320881873908021,0.0949722519501624,-0.185787251176363,-0.0229381503875828,-0.00213964972907176,-0.00692181460562875
-0.0245868947295426,0.289483761981213,0.0973818742584195,-0.185577753511143,-0.0222615783098816,-0.00184609039457482,-0.00741860425725985
0.0414984571167772,0.259716029823767,0.0996105957422263,-0.185185092134447,-0.021718284235688,-0.00157288510064515,-0.00771660779158787
0.107451202726755,0.231720954671502,0.101587186152819,-0.184602996521545,-0.0213236664361742,-0.00130408240635244,-0.00780288294623375
0.172850731415686,0.205481375768986,0.103270787711734,-0.183814503177095,-0.0210809507077837,-0.00102187226413752,-0.00767284261093876
0.237354067761481,0.180829812505163,0.104658111776995,-0.182790135556582,-0.0209800644023569,-0.000709424550246372,-0.00733086478934418
0.300713338977352,0.157490942162489,0.105781603213388,-0.181488908798706,-0.0209996237903144,-0.000353583415933701,-0.00678969581205963
0.362772285173137,0.135144405693859,0.106699272840409,-0.179862269219361,-0.0211113911376162,5.33213914409086e-05,-0.00606884356637368
0.423445112188179,0.113489224576959,0.107479733416516,-0.177859566368725,-0.0212857419451172,0.000512908678357185,-0.00519244807301132
0.482686287707389,0.0922934628804926,0.108187034709655,-0.175432670211656,-0.0214965481601032,0.00102129899176716,-0.00418717869341039
0.540461074747135,0.0714205386846232,0.108869170423112,-0.172537821941457,-0.0217243752877059,0.00157031886479408,-0.00308057127620709
0.596724100179226,0.0508318288696615,0.10955235383668,-0.169134286147869,-0.0219576069919954,0.00214881675939732,-0.00189999402688297
0.651409371065851,0.0305706846537882,0.110241417144813,-0.165181129027003,-0.0221917003143807,0.00274370300993474,-0.000672235935497475
0.704431665856713,0.0107348444782495,0.110925509421452,-0.160634629845854,-0.0224270756699358,0.00334057500079515,0.00057640628648954
0.755696955927397,-0.00855640186610421,0.111587689274443,-0.155449148809112,-0.0226662067880664,0.00392402398672187,0.00181971440734535
0.805118254459687,-0.027195463450939,0.112216736269426,-0.149583754503972,-0.0229104288795639,0.00447788215380328,0.00303098959773862
0.852632645526054,-0.0451164224638338,0.112819238445803,-0.143015696516136,-0.0231569518849352,0.00498573730274558,0.00418253193112385
0.898214598303349,-0.0623182650090541,0.113429551145043,-0.135759825873791,-0.0233965930124379,0.00543200645662199,0.00524535249305189
0.941880616969154,-0.0788773784817857,0.114114770710125,-0.127890449756756,-0.023612811862858,0.00580370728596628,0.00618932746525449
0.983680974329482,-0.0949449250072799,0.114971803020689,-0.119559120689101,-0.0237826154722597,0.00609279091931978,0.00698399987076767
1.02367691005269,-0.110725730062609,0.116114646678708,-0.110999743894881,-0.0238796562913731,0.00629854409837318,0.00760016830274196
1.06190618142782,-0.126438957035038,0.117652577317041,-0.10251300672594,-0.023879259514602,0.00642925651644382,0.00801222550067668
1.09834542360246,-0.142267073171989,0.119663705275865,-0.0944273008890797,-0.0237642855943478,0.00650228522886104,0.00820092219968277
1.13288168700428,-0.158306224734155,0.122171770035831,-0.0870426300199533,-0.0235300341253595,0.00654200693977067,0.00815592976296621
1.16530463884582,-0.174533996887736,0.125134663356069,-0.0805734663274099,-0.0231863495194627,0.00657589564618796,0.00787744751703467
1.1953241249967,-0.190806238705986,0.128449627221938,-0.0751099713795838,-0.022755963768195,0.00662975687361529,0.0073763074792702
1.22260830675801,-0.206884058648036,0.131973649370452,-0.0706108789588836,-0.0222695747292099,0.00672351812228695,0.00667253653104793
1.24682991897581,-0.222480696043515,0.135551731073242,-0.0669284513440824,-0.0217593830743543,0.00686867406694797,0.0057928735048042
1.26770657396467,-0.23731208615763,0.139043650497745,-0.0638539133218123,-0.0212531467726492,0.00706772477734397,0.00476801103773938
1.28502557326787,-0.251136847043451,0.142342065455834,-0.0611668535057261,-0.0207702461729361,0.00731520035951377,0.00363024438882769
1.29864954003491,-0.263778131626936,0.145379021883219,-0.0586747427323133,-0.0203202734318461,0.00759948872292226,0.00241189239796867
1.30850508279297,-0.275127110132453,0.148121845352547,-0.0562353119174546,-0.0199038623671755,0.00790473656444683,0.0011445351634056
1.31455961763832,-0.285132549871501,0.150561533357664,-0.0537607426708272,-0.0195150768882181,0.00821239745046056,-0.000141094685030119
1.31679213044,-0.293782583597757,0.152697296817265,-0.0512064359722136,-0.0191446251295729,0.00850235107414222,-0.00141481254907506
1.31516340392255,-0.301084358347083,0.154520630292867,-0.0485487197680883,-0.0187832766318757,0.00875378486714542,-0.00264652731592283
1.30959101941506,-0.307046094277793,0.156001929663083,-0.0457564202022661,-0.0184249697251721,0.00894616310171337,-0.00380587046589846
1.29993427304657,-0.311664870958669,0.157082457744996,-0.0427617999270257,-0.0180691339240442,0.00906059740644531,-0.00486213612327427
1.28599450659152,-0.314922537866004,0.157674276000859,-0.0394373121949874,-0.017721761343805,0.00908178087613127,-0.00578474495777151
1.26753576620596,-0.316791082798807,0.157670015941783,-0.0355852653721693,-0.0173948376476577,0.00900036375920454,-0.00654439715336115
1.24432650935469,-0.317246736055578,0.156962311624574,-0.0309464067991044,-0.017103990401765,0.00881527847371232,-0.00711494695006123
1.21619639038526,-0.316289267911081,0.15546947484686,-0.0252294063570418,-0.0168647053626595,0.00853521794505405,-0.00747579191740988
1.18309426173102,-0.313960133970723,0.153160538125264,-0.0181563599839257,-0.0166880698203431,0.00817844480333202,-0.00761427958709439
1.14512822989602,-0.310352029677702,0.1500711048848,-0.00951226385208905,-0.0165774007434265,0.00777051271886592,-0.00752744182207026
1.10257233105561,-0.305605036191044,0.146303613730954,0.000816823360384064,-0.0165269827734127,0.00734023935865478,-0.00722245641418581
1.05583526597238,-0.299889770589488,0.142011145582948,0.0128287496955371,-0.0165233763855933,0.00691498456765862,-0.00671562717086867
1.00540139565531,-0.293383491834571,0.137370264388571,0.0264162454325506,-0.0165487550582794,0.00651653734835297,-0.00603019323429342
0.951763125116248,-0.286247361061116,0.132551851058247,0.041397323345602,-0.0165850313854459,0.0061585552550042,-0.00519362878374409
0.895363715747308,-0.278611400435918,0.127698084287524,0.0575533002351202,-0.0166174758356518,0.00584580731568451,-0.00423512281092862
0.836561989942476,-0.270569749296941,0.122909881280966,0.0746630328420704,-0.0166369952569977,0.00557486328960656,-0.0031836970437802
0.77562157034436,-0.262185333901045,0.118244937615822,0.0925260338980538,-0.0166408639022537,0.00533560556859271,-0.00206711826444433
0.712720093093183,-0.25350101200271,0.113723676527197,0.11097192730229,-0.0166321479321787,0.00511299610597122,-0.000911527649942366
0.647971443625668,-0.24455407268213,0.109339606890363,0.129857311481547,-0.0166182599807515,0.00488876550083338,0.000258399616110895
0.581454510699609,-0.23539153907136,0.105071079590109,0.14905306789742,-0.0166090701242274,0.00464294362535723,0.00141897268402669
0.51324371655874,-0.226084285557993,0.100892422403602,0.168425943196958,-0.0166149044082108,0.00435533348580234,0.00254687087596951
0.443438421630922,-0.216738220826183,0.0967833547929428,0.187818597484271,-0.0166446825067676,0.00400711246581056,0.00361856458275816
0.372188681859497,-0.207500459421843,0.0927360514012057,0.207032609373538,-0.016704407055046,0.00358271679114366,0.00460992999949337
0.299714447266551,-0.198558138377383,0.0887593729884908,0.225819259504934,-0.0167962280658261,0.00307203267268324,0.00549621542252875
0.226314293062135,-0.190127795496758,0.0848797584005734,0.243882726266726,-0.0169183108192302,0.00247269143448565,0.00625250524753301
0.15235939513864,-0.18243467467627,0.0811383754217667,0.260898755520813,-0.0170656680200866,0.00179199546025388,0.00685477420963206
0.0782700855499656,-0.17568425259699,0.0775846232326671,0.276548204322695,-0.0172319234474019,0.00104779609506779,0.00728150087592251
0.00447669576789592,-0.170032096329495,0.0742670187130171,0.290559441049839,-0.0174116681996201,0.000267659700656059,0.00751562053038382
-0.0686275492107984,-0.165561051642179,0.0712235469961067,0.302748359642886,-0.0176027631620283,-0.000513988172736903,0.00754640511771616
-0.140729010307267,-0.162274435616828,0.068474075883063,0.313042809132188,-0.0178078135275096,-0.00126040546864945,0.00737077033789516
-0.211618632471269,-0.16010953094176,0.0660169813862374,0.321482133345227,-0.0180342509055339,-0.00193776415975524,0.00699362613123619
-0.281192262450272,-0.158968596887073,0.0638306446075285,0.328191046896376,-0.0182929386810161,-0.00251975982095747,0.00642718087798363
-0.349428001416233,-0.158758627582317,0.0618787623912303,0.333336354673105,-0.018595750246713,-0.00299053373064824,0.00568944870311677
-0.416349772847029,-0.15942908405506,0.0601172908715669,0.337080096287584,-0.0189528696652646,-0.00334549645523169,0.00480241662705336
-0.481988919303797,-0.160999309358645,0.0585008246414161,0.339542017959486,-0.0193705358885266,-0.0035903431062877,0.00379033541500036
-0.546353309355028,-0.163572001735366,0.0569870316722034,0.34077940158331,-0.0198496767030871,-0.00373897463098039,0.00267845134219182
-0.609408652748112,-0.16733328012454,0.0555388636143461,0.340786661232094,-0.0203855539607576,-0.00381109015481915,0.00149230869292083
-0.671072171495407,-0.172541877001587,0.0541251261505684,0.339513075444732,-0.0209683077762348,-0.00382999511340972,0.000257605608610825
-0.731215848136999,-0.179509744477208,0.0527204086038192,0.336895048141178,-0.0215841848224535,-0.00382084794061948,-0.000999498025848598
-0.789675344062085,-0.188574800179078,0.051305365164155,0.332898544228866,-0.0222172309594456,-0.00380927678278782,-0.00225176185360532
-0.846260772334269,-0.200064925987799,0.0498680098048039,0.327566446241046,-0.0228512538940343,-0.0038201034765348,-0.00347010737454458
-0.900765966822599,-0.214251891618754,0.0484061087292866,0.321063388799614,-0.0234718525659696,-0.00387583916517775,-0.0046229423208128
-0.952973672474308,-0.231295843204778,0.0469300401361875,0.313707226523186,-0.0240682484793172,-0.0039946835037893,-0.00567586378493314
-1.00265519283711,-0.251186003136673,0.0454647894969985,0.305973077446135,-0.0246345523637757,-0.00418798836178629,-0.00659211588653466
-1.04956408274971,-0.273690295056437,0.0440493417096965,0.298455937354716,-0.0251700081521625,-0.0044575354320612,-0.00733418106043263
-1.0934255594127,-0.298332536443768,0.0427321114299165,0.291785737517333,-0.0256778225738586,-0.00479344323091036,-0.00786669708853621
-1.13392580268432,-0.324414709379291,0.0415624550998906,0.286505986716003,-0.0261625277829713,-0.00517382473077917,-0.00816043741441523
-1.17070735499662,-0.351089049704903,0.0405803619025635,0.282948501474018,-0.0266264471349122,-0.00556712774707124,-0.00819647914342689
-1.20337720576911,-0.377463246867519,0.0398079362975815,0.281148922590437,-0.0270664943885392,-0.00593723160615765,-0.00796927645219739
-1.23153131143498,-0.402704376553714,0.0392459332442308,0.280837771872722,-0.027472751139083,-0.00625014817316922,-0.00748755459007724
-1.25479374351972,-0.426107110611463,0.03887627203452,0.281510929132801,-0.027829702915318,-0.00648032961953686,-0.00677276353809184
-1.27286291626231,-0.447110964881969,0.0386686436187365,0.282549898622548,-0.0281198780583721,-0.00661473327363692,-0.00585578947185187
-1.28555389184133,-0.465276362828172,0.0385879013118771,0.283346578188251,-0.0283285875162229,-0.00665383387468667,-0.00477311949698098
-1.29282635333531,-0.480244151726234,0.0385995208201519,0.283395201974441,-0.0284481031127673,-0.00660999361442654,-0.00356351504104102
-1.29479118711994,-0.491702013157788,0.0386721538622632,0.282335073553191,-0.0284799872559373,-0.00650431640496472,-0.00226574660344349
-1.29169387800349,-0.499369997605151,0.0387779355444265,0.279947560864424,-0.0284350495414237,-0.00636314134528318,-0.000917455077955653
-1.28387782690035,-0.503005107614066,0.0388920028652891,0.2761217934287,-0.0283311201171717,-0.0062149069984724,0.000445089501603666
-1.27173381349763,-0.502416989183274,0.0389926086735725,0.270805667796538,-0.0281892723762032,-0.00608759049496337,0.00178667485665894
-1.25564405043889,-0.497484835923826,0.0390626238869905,0.263956301352127,-0.028029331453069,-0.00600654396343677,0.00307263432806959
-1.23593057856773,-0.488167763240197,0.0390924186111082,0.2555006482503,-0.0278655733908804,-0.00599241523298169,0.00426846913891742
-1.21281883365832,-0.47450513366049,0.0390833238678327,0.245314452818808,-0.0277035468671351,-0.00605895823514875,0.00533990751426847
-1.18642688448709,-0.456607605733823,0.0390502482918458,0.23322548200103,-0.0275388985157599,-0.00621085528328766,0.00625365216897066
-1.1567870052006,-0.434642598685211,0.0390217688311994,0.219043132508974,-0.027358810660372,-0.00644206877570316,0.00697895230344205
-1.12389832424591,-0.408819012842068,0.0390364481886669,0.202609763237484,-0.0271460465233618,-0.00673551719835532,0.00748991239339509
-1.08779787660407,-0.37937510133808,0.039135395180075,0.183860314270159,-0.0268846772891531,-0.00706478545343361,0.00776812872565104
-1.04862741676084,-0.346571024206271,0.0393528550859115,0.162870259905295,-0.0265657067805739,-0.00739800460569353,0.00780495050526126
-1.00667204615167,-0.310685257074067,0.0397079914480397,0.139873275835739,-0.0261905920256717,-0.00770315380520141,0.00760260629895119
-0.962356187355382,-0.272012417395335,0.040200940082993,0.115240747104842,-0.0257713842437887,-0.00795333210849684,0.00717373985256909
-0.916200119288425,-0.230860343133871,0.040814521550198,0.0894307181617161,-0.0253276225729461,-0.00813050810062304,0.00653946235853187
-0.868754626848765,-0.187545268251087,0.0415205786896549,0.0629249093347534,-0.0248813570798964,-0.00822692003346311,0.00572652912913666
-0.820536684960468,-0.142385433189021,0.042288243943129,0.0361736746714437,-0.0244521394591091,-0.00824425079695613,0.00476443682243725
-0.771983570157655,-0.0956941079266902,0.0430912282216791,0.00956138402762381,-0.0240534068107189,-0.00819138921601935,0.00368307534770336
-0.723432789321467,-0.0477729543268828,0.0439121928390382,-0.0166052695970419,-0.0236908725465253,-0.00808176559292019,0.00251123919601458
-0.675126597077012,0.00109377647477301,0.0447435876542149,-0.0420909392119307,-0.0233628293542743,-0.00793101504951808,0.00127600400428529
-0.627235598878962,0.0506440047732668,0.0455853652289807,-0.0667152099043613,-0.023061904044264,-0.00775533011503421,2.8023525900068e-06
-0.579895223613324,0.100641197120591,0.0464405000300071,-0.0903336875284306,-0.0227777388535614,-0.0075705108481763,-0.00128402263616697
-0.533250117680867,0.150875330794995,0.0473094203529861,-0.112822202524878,-0.0225001643100475,-0.0073914936326509,-0.00256039938727513
-0.487502048312919,0.201159474756892,0.0481844971926795,-0.13406747488014,-0.0222225006553857,-0.00723203129031999,-0.00380164296731405
-0.442955896114476,0.251319182613043,0.0490458068146774,-0.153965561263026,-0.021944600740476,-0.00710418837906997,-0.00498170281544889
-0.400055387285437,0.301171955093232,0.0498594729802224,-0.172427689117245,-0.0216751083434204,-0.00701739458940646,-0.00607276847964788
-0.35939617503477,0.350495717850166,0.0505797818784691,-0.189391532685613,-0.0214322102075543,-0.00697697043670002,-0.00704548077577693
-0.32170209576625,0.398989272212924,0.05115571083223,-0.204834807018082,-0.0212421028016528,-0.00698231636335915,-0.00786996369812133
-0.287754049850221,0.446233346026892,0.0515412736079997,-0.218787436018275,-0.0211346802697487,-0.00702528145971563,-0.00851774230365352
-0.25827315454929,0.491666122296638,0.0517074077393495,-0.23133888042089,-0.0211367522876577,-0.0070894654719033,-0.008964328978598
-0.233778068639233,0.534587904347324,0.0516517175262405,-0.242638193429772,-0.021264238236455,-0.0071511428848833,-0.00919192461305807
-0.214452965451826,0.574203529285894,0.0514023629484529,-0.252885776127636,-0.0215157231866873,-0.00718202624009389,-0.00919149419211268
-0.200066027418466,0.60969863930975,0.0510141725600445,-0.262316903783834,-0.0218697540955931,-0.00715334392643379,-0.00896359906421303
-0.189964359965235,0.640333391867401,0.0505580545122325,-0.271178424101173,-0.0222870839473332,-0.00704011223805148,-0.00851780168292764
-0.183145647775066,0.665530439500956,0.0501072639529596,-0.279701529717698,-0.0227172366482548,-0.00682438882248906,-0.00787095065239846
-0.178383681351851,0.684937132996818,0.0497248552733851,-0.288075435832293,-0.0231073133107804,-0.00649676006815796,-0.00704495126929088
-0.174373668170629,0.698451012148458,0.0494554814123921,-0.296427439573874,-0.0234105259522129,-0.00605601382772415,-0.00606460489223755
-0.169866113958083,0.706209181382464,0.049322700237496,-0.304813916515036,-0.0235925523157492,-0.00550752589194672,-0.00495589100677944
-0.163769034444479,0.708550429752392,0.0493311011761399,-0.313223895207035,-0.0236348545141531,-0.00486112782471082,-0.00374482094027411
-0.155210675262302,0.705962688218504,0.049471520898212,-0.321593407776608,-0.0235350420606273,-0.00412915366482803,-0.00245683042477651
-0.143564159990303,0.69902801002721,0.0497273728315934,-0.329826162679311,-0.0233048970847929,-0.00332511540701515,-0.00111661272368043
-0.128440112217266,0.688374116387248,0.0500803480910047,-0.337814780421065,-0.0229668204108698,-0.0024631628941049,0.000251712788635783
-0.109654629940758,0.674638263935482,0.0505142027360212,-0.345457196223162,-0.0225493944322523,-0.00155823121171769,0.00162418480936996
-0.0871797274375639,0.658445611824642,0.0510157875650513,-0.352663995703629,-0.0220826202916752,-0.000626588942541261,0.00297641965272841
-0.0610833605788074,0.640401154482075,0.0515729618366241,-0.359354387027757,-0.0215932911946429,0.000313618408992819,0.00428296074230061
-0.0314668814325419,0.621090577333775,0.0521696058107174,-0.365440667986644,-0.0211009126838048,0.00124228643768964,0.00551668480468767
0.0015907410357059,0.601082339721952,0.0527787705187373,-0.370803866679447,-0.0206146038329724,0.00213814584525892,0.00664843595165921
0.0380712217295927,0.580921634745323,0.0533560000014473,-0.37526647644538,-0.0201314745487598,0.00298067682178284,0.00764710671363072
0.0780269811528762,0.561108442085288,0.0538357481037945,-0.378571522666971,-0.0196370149878271,0.00375305856508211,0.008480413666035
0.121555030214141,0.542057774093728,0.0541340140215085,-0.380379360098116,-0.0191079219001551,0.00444560673659308,0.00911658168521539
0.168734648297659,0.524049191814041,0.0541591112629553,-0.380292076943922,-0.0185173473593462,0.00505869142855344,0.00952698785684961
0.219541511168627,0.507181876561897,0.0538296217443697,-0.377908298275178,-0.0178417628443469,0.00560392179966261,0.00968949145555057
0.273764758974664,0.491355391282792,0.05309482133328,-0.372898698314372,-0.017067732695997,0.00610269551928798,0.00959175957177151
0.330960030900112,0.476290288218276,0.0519501811767412,-0.365079641296842,-0.0161964386944641,0.00658209593268201,0.00923360749133899
0.390462679011473,0.461588038164878,0.0504411872986827,-0.354457901413663,-0.0152443187984322,0.00706923587077792,0.0086274872644372
0.451461765042743,0.446813549003953,0.0486531372929059,-0.341228822494649,-0.0142396247873656,0.00758584956446522,0.00779685363960358
0.513109657485477,0.431575474232416,0.0466905199654922,-0.325729754136595,-0.0132163117374477,0.00814474445357385,0.00677293663147172
0.574629746379129,0.415583354742535,0.0446534924575564,-0.308368060278264,-0.012207499413145,0.00874876142920756,0.00559097636352268
0.635391837739975,0.398672464901198,0.0426189293682103,-0.289548780229889,-0.0112404491895111,0.00939180045752395,0.00428696437133109
0.694943039020784,0.380798793810652,0.0406304316640499,-0.269620537619978,-0.0103339936914283,0.0100608582524173,0.00289550735435992
0.752999120170329,0.362012996895866,0.0386980339542787,-0.248846889305748,-0.00949835855834858,0.0107380626666865,0.00144892607875173
0.809409775106712,0.342422759802825,0.0368059326255941,-0.227400949880717,-0.00873675014249438,0.0114021291775413,-2.26365009733066e-05
0.864111326870359,0.322150695395365,0.0349257479754361,-0.205376950577577,-0.00804797431252936,0.012029182303288,-0.00149044838642819
0.917076213083476,0.301292393743865,0.0330329474937918,-0.182812437301592,-0.00742948397300338,0.0125932748644772,-0.00292610466707162
0.968264256613587,0.279878329426574,0.0311242189097539,-0.159716781376484,-0.00688040370475624,0.0130671444981641,-0.00430042116568602
1.01757868971941,0.257844397815227,0.0292332181305997,-0.136103444034682,-0.00640411958144985,0.013423773725401,-0.00558257468595018
1.06483075956111,0.235018183030585,0.0274411827260325,-0.112023686372608,-0.0060099374888699,0.0136391584871475,-0.00673977183525718
1.10971928895611,0.21112980805299,0.0258779583651013,-0.0875977150993086,-0.00571320031082913,0.0136963013621,-0.00773775222290705
1.15183385453083,0.185854834410628,0.0247092110071352,-0.063036410966391,-0.00553330755840878,0.013589830013,-0.00854239658468049
1.19068841768281,0.158889328558243,0.0241083248688238,-0.0386447610650878,-0.0054895073521772,0.013329927605579,-0.00912251441744529
1.22578468085289,0.130043889315299,0.0242171992622426,-0.0147999802539459,-0.00559519453853795,0.0129438255020783,-0.00945347807430272
1.25669135446905,0.0993289636211018,0.0251069876244646,0.00809523777576066,-0.00585243317681379,0.0124734224543715,-0.00952085095534331
1.28311505436377,0.0669983597695964,0.0267534004690146,0.0296727451776477,-0.00624888404628001,0.0119688870404642,-0.00932285401081921
1.30493717312462,0.0335294754008578,0.029037542764873,0.0496525779973063,-0.00675862849738231,0.0114798496022772,-0.0088707330171411
1.32220477735303,-0.000455610891288261,0.0317727478237043,0.0678717326183154,-0.00734677270549866,0.011046950325818,-0.00818687013218874
1.33508246898959,-0.0342995494683083,0.0347467809639122,0.0842806386418838,-0.00797609029865869,0.0106962382682997,-0.00730135101206139
1.34378636497265,-0.0674126745016557,0.0377639256192841,0.098913581122104,-0.00861336912942094,0.0104374539528005,-0.00624814351223462
1.34852308418132,-0.0993427509187789,0.0406747196242887,0.1118476913729,-0.00923372583024125,0.0102655910560406,-0.00506188477386574
1.3494491416779,-0.129803379718814,0.0433887033222868,0.123165301770448,-0.00982231268626903,0.010164229690323,-0.00377577625496367
1.34665570086475,-0.158668104176805,0.0458723261778609,0.132929180624348,-0.0103738032430857,0.0101091424171851,-0.00242061144506432
1.34017610051672,-0.185943582919177,0.0481374584177578,0.141173886597452,-0.0108904665826227,0.0100712315645957,-0.00102470015319265
1.33000958992595,-0.211733903708445,0.0502259627978402,0.147911929575789,-0.0113796034035797,0.0100185066855261,0.000385612146370395
1.31615421099523,-0.236203248856717,0.0521940967692615,0.153151163691371,-0.0118508763408334,0.0099173066460877,0.00178509496237041
1.29864224551941,-0.259539148075985,0.0540985929468351,0.1569189789001,-0.0123138260721652,0.00973324981730636,0.00314866760746961
1.2775720974148,-0.281915486805853,0.0559849506677808,0.159288346197665,-0.0127757294011393,0.00943249450883742,0.00445050634723103
1.25313043607444,-0.303454123140226,0.0578780184918013,0.160399954495395,-0.0132399430482384,0.00898383984170233,0.00566341934950929
1.22559749722751,-0.324186334950508,0.0597752039833526,0.160473538603037,-0.013704939937623,0.00836197540563059,0.006758710067234
1.19532938403585,-0.344019950389549,0.0616433098431534,0.159801166745413,-0.0141643169888364,0.00755177063221908,0.00770676003473691
1.16271366719608,-0.362722624994511,0.0634204246488578,0.158717169286712,-0.0146080084096807,0.00655287818233392,0.00847849738243748
1.12810260202303,-0.379933636739551,0.0650239821486367,0.157545424903857,-0.0150247101341159,0.00538329292869589,0.009047728923179
1.09173866775192,-0.395211852911906,0.0663645860473429,0.156534273773329,-0.0154050867554976,0.00408019929448918,0.00939399360985165
1.05369567385301,-0.408115341175806,0.0673628558847312,0.155798590993488,-0.015744860317956,0.00269686547119867,0.00950525507326574
1.01385885325787,-0.418293144880324,0.0679646600351148,0.155291093199357,-0.0160466782898403,0.00129560492731477,0.00937961093325308
0.971955444578994,-0.425561041518231,0.0681501262868198,0.154816391945322,-0.0163199667514986,-6.15824854616313e-05,0.00902543165609442
0.927627622289098,-0.429937524171292,0.0679341372966048,0.154084544442348,-0.016578721575506,-0.00132207160273677,0.00845989042346203
0.880524083658808,-0.431632366871283,0.0673594145938292,0.152785547800198,-0.016837987613328,-0.00244896867289859,0.00770641146718755
0.830382435200703,-0.430997768571913,0.0664857044913825,0.150660862283164,-0.0171101654235499,-0.00342360232906725,0.00679182228607059
0.777083043688986,-0.42846218248987,0.0653789898302329,0.147553902845393,-0.0174021442660634,-0.004244452764102,0.00574388382013107
0.720668646753449,-0.424466670573668,0.0641034159394613,0.143432601361661,-0.0177137809910648,-0.00492376919210159,0.00458955686993878
0.661335514886558,-0.419416849955363,0.0627168974065451,0.138386806259214,-0.0180377498166617,-0.00548332731521105,0.00335406394766193
0.599407296999668,-0.413655412343952,0.0612700377888083,0.132607973016828,-0.0183604809003985,-0.00595045013720135,0.00206063097129004
0.535301676119636,-0.407453811873975,0.0598072744117355,0.126358526401052,-0.0186638084266379,-0.00635489028052028,0.000730733884251003
0.469496406986884,-0.401018578901313,0.0583690181929251,0.119935822102767,-0.018927019426601,-0.00672669836306662,-0.000615309969264785
0.402496419793274,-0.394506451024226,0.0569936231855911,0.113632730022914,-0.0191291027536161,-0.00709487076649742,-0.00195753202443442
0.334801039225251,-0.388043225959839,0.0557182803488437,0.107695332267913,-0.019251115177591,-0.00748639950157227,-0.00327537362471453
0.266868790025318,-0.381741782384908,0.0545781253968348,0.102278415727649,-0.0192786048034076,-0.00792528841310135,-0.00454669420245639
0.19907912830762,-0.375716106791779,0.0536032425354897,0.0974020303598178,-0.0192040123698668,-0.00843115377179697,-0.00574682566685835
0.131693160385114,-0.370088269508531,0.052813635392774,0.0929165237691186,-0.0190288134253399,-0.00901716538903003,-0.00684785190748962
0.0648203994856898,-0.364985565727697,0.0522129027817714,0.0884884164707685,-0.018764945642618,-0.00968735526523919,-0.00781842188915572
-0.0015962882875253,-0.360525546638827,0.0517822089810659,0.0836224597892456,-0.0184348287020688,-0.0104337404656864,-0.00862453149791074
-0.0677630109453696,-0.35678906940129,0.0514770057204747,0.0777320739381667,-0.0180692251860318,-0.0112342341828859,-0.00923170727409164
-0.13397518220759,-0.353785716850141,0.0512291048088018,0.0702567155733207,-0.0177025225120329,-0.0120526936873088,-0.00960870120601328
-0.200521340224861,-0.351422733854872,0.0509556113717401,0.0608018809830632,-0.0173660017094503,-0.0128422899449637,-0.00973213061889198
-0.267576234807798,-0.349492297446462,0.0505734955705732,0.0492559540190611,-0.0170809440768545,-0.0135523094842283,-0.00959072364798808
-0.335121340404435,-0.347688587423065,0.0500155700674225,0.0358360262812571,-0.0168542099041988,-0.0141368364889296,-0.00918758057821867
-0.40292299865159,-0.345653606726897,0.049242298717957,0.0210409584099872,-0.0166782508364515,-0.0145625214132286,-0.00853952040681574
-0.470572455294409,-0.34303724909901,0.0482456250170968,0.00553124630549655,-0.0165355683968549,-0.0148128893421289,-0.00767386975342142
-0.537565574075468,-0.339551392214098,0.0470446583457972,-0.0100158723265481,-0.016405647104106,-0.0148882773382646,-0.00662406772574111
-0.603389525304454,-0.33500301745075,0.0456761400458842,-0.0250274618491338,-0.0162716733628274,-0.0148023508659557,-0.00542559997365265
-0.667591071691889,-0.329302081779268,0.0441835582519549,-0.0391049561631783,-0.0161250571761347,-0.0145771143197289,-0.00411319229409223
-0.729816037884526,-0.322448495470184,0.0426078515664594,-0.052040724404361,-0.0159670703147451,-0.0142381862587686,-0.00271946083451455
-0.789821509906827,-0.314505511850444,0.0409810318974939,-0.0637935424341715,-0.0158079276488113,-0.0138113561994148,-0.00127474468152818
-0.847468418372307,-0.305565970051209,0.0393228338299192,-0.0744390592500273,-0.0156640741847082,-0.0133206783558706,0.00019228918387159
-0.902702131307392,-0.295715200667435,0.037639875994967,-0.0841083977929208,-0.0155543935537875,-0.0127878256366761,0.0016536324889966
-0.955527101386547,-0.284993366975786,0.0359268338092092,-0.0929237768912989,-0.0154958636195603,-0.0122321820988151,0.00308078318497376
-1.00597856441019,-0.273360571395586,0.0341693706449959,-0.100937610757546,-0.0154990418117539,-0.011671065108854,0.00444367763222653
-1.05409266020741,-0.260670852750702,0.0323488780755198,-0.108082140376414,-0.0155638383288931,-0.011119517233036,0.00570994920144855
-1.09987594504974,-0.246664492296365,0.030449097633929,-0.114139466780908,-0.0156763192023529,-0.0105892801028125,0.00684482206644598
-1.14327656166738,-0.230989355616331,0.0284642120285453,-0.118744345967733,-0.0158076349632423,-0.0100869083649465,0.00781199859536765
-1.1841622525039,-0.213257980954196,0.0264069626519504,-0.121430234075771,-0.0159162720109233,-0.0096115050128046,0.00857582177179403
-1.22231320142397,-0.193135538767456,0.0243141593813043,-0.121719010912113,-0.0159542532910702,-0.00915309890657107,0.00910467895113207
-1.25743715634778,-0.170437185019534,0.0222465313324802,-0.119236840379354,-0.0158764936853216,-0.0086928833560986,0.00937506433254107
-1.28920840464176,-0.14520106618352,0.0202812283005275,-0.113820800118112,-0.0156507509916924,-0.0082060381552139,0.00937518113094392
-1.31732188049398,-0.117706365064632,0.0184983662371516,-0.105576425023887,-0.0152646717656125,-0.00766670327139021,0.00910684631640545
-1.34154465872781,-0.0884268261533343,0.0169661158795222,-0.0948629072380645,-0.0147272913426131,-0.00705349928575095,0.0085849901906242
-1.36174702144456,-0.0579377591942945,0.0157297217317625,-0.0822130519346491,-0.0140647416435558,-0.00635363486393267,0.00783498433579244
-1.37790464438187,-0.0268111841543273,0.0148077681278772,-0.0682205047616639,-0.0133123257749073,-0.00556436910456289,0.00688880489541192
-1.39007612256963,0.00446861530234097,0.0141955112344879,-0.0534331521517405,-0.0125061019169106,-0.00469186352345442,0.00578122942953508
-1.39836852467915,0.0355523674458129,0.013872442191294,-0.0382798628365426,-0.0116764763211931,-0.00374844416951576,0.00454692307092964
-1.4029048426698,0.066235837655069,0.0138105635216455,-0.0230393202146929,-0.0108448895019935,-0.00274957009729043,0.00321873936838358
-1.40380236596661,0.096442417638154,0.013980747822078,-0.00784537329206567,-0.0100234417530935,-0.00171148410186302,0.00182714539432123
-1.40116535080779,0.126190100634612,0.014355993179317,0.00728276622317398,-0.00921668842904219,-0.00064997420665945,0.000400488787479857
-1.39509048598271,0.155551841049502,0.0149116101575138,0.0223967477552778,-0.0084247537449133,0.000419814136778358,-0.00103420234505385
-1.38568100272662,0.184614171327129,0.0156231252442153,0.037569702704921,-0.00764708976475411,0.00148288852138028,-0.00245014933200716
-1.37306416993127,0.213435946381876,0.016463054455275,0.0528461661151899,-0.00688638997857197,0.00252376515627671,-0.003819699127316
-1.35740627672977,0.242008314838431,0.0173978591114782,0.0681950703254606,-0.00615220875236537,0.00352621859215461,-0.00511335233363419
-1.33891922250743,0.270218726466304,0.0183864310777664,0.0834708294559329,-0.00546370956230108,0.0044738930543556,-0.00629917879966817
-1.31785338713377,0.297825316323091,0.0193812876019739,0.098390435149383,-0.0048507374523078,0.00535202719415163,-0.0073429089746207
-1.29447408063158,0.324451731323107,0.020333102692477,0.112537056101548,-0.00435228123054153,0.00615015932038653,-0.00820901276855611
-1.26902427529931,0.349613430747907,0.0211981203212554,0.12539970379694,-0.00401164945383223,0.0068651572247727,-0.00886298761211236
-1.24168342272317,0.37278111951994,0.0219465500498728,0.13645084833989,-0.00386858189213805,0.00750343549500141,-0.00927478587188055
-1.21253785370471,0.39347381404317,0.0225689113392258,0.145249055578531,-0.00394997258442908,0.00808111959411825,-0.00942282307187671
-1.18157735936698,0.411357162331923,0.0230774070607224,0.151537416464018,-0.00426220990867466,0.00862148591718081,-0.00929751440880559
-1.14872308033858,0.42631251230822,0.0235012113852969,0.155301853553806,-0.00478827784576462,0.00915016477478394,-0.00890314300187279
-1.11387782363294,0.438448994718052,0.0238772527928823,0.156765048488716,-0.00549112845774892,0.00968971127392431,-0.00825732440488813
-1.07697987689656,0.448053986933997,0.0242399575704706,0.156318241752953,-0.00632215154134865,0.0102554442280975,-0.00738824318417864
-1.03804228145017,0.455503349519859,0.0246133449814808,0.154418818288619,-0.00723151733299385,0.0108536984496472,-0.00633066904544938
-0.997168099682364,0.461165323022627,0.0250071925209891,0.151490882539549,-0.00817694846520136,0.011482385098605,-0.00512201853428299
-0.954543022495391,0.465326749232355,0.0254171382207938,0.147856861397438,-0.00912885128529428,0.012132850515356,-0.00379939426611065
-0.910412228889705,0.468154615799045,0.0258275750970725,0.143710243721293,-0.0100715036293694,0.0127918574783968,-0.00239794357006086
-0.865048848339292,0.469691371858085,0.0262161416993441,0.139124493473808,-0.0110011666557502,0.0134429223292848,-0.00095040553548292
-0.818718468865535,0.469874792580701,0.0265590185172002,0.134086027494703,-0.0119223240877861,0.0140668214798774,0.000512504214504847
-0.771641370818809,0.468572379546275,0.0268366188531275,0.128538786822482,-0.0128430622285959,0.0146415513531891,0.00196124151699846
-0.723953206780426,0.465623024894329,0.0270393608167716,0.122430594287287,-0.0137702953499069,0.0151422975644203,0.00336642443848733
-0.675666284975968,0.460881607193249,0.0271729867775719,0.115754062860969,-0.0147053746015709,0.0155420589128125,0.00469792263469215
-0.626637728971522,0.454263570909912,0.027262471306894,0.108576027455272,-0.0156406767032193,0.015813505755743,0.0059242898600568
-0.576555477024403,0.445785188770022,0.0273531094915308,0.101049505432216,-0.0165579541478971,0.0159323863383343,0.00701281028103642
-0.524956243506597,0.435592026145276,0.027507256685115,0.0934027079712396,-0.0174293271724795,0.0158822847361085,0.00793044464354981
-0.471286716834441,0.423965001214558,0.0277958005304997,0.0859026800176699,-0.0182214984264481,0.0156597962429847,0.00864587781539552
-0.415007166050243,0.41129408225121,0.0282850545336807,0.0787981447113193,-0.0189028557781254,0.0152784571176348,0.00913258960145326
-0.355716596109785,0.398017512937756,0.0290220462251152,0.072255750476553,-0.0194517517868297,0.0147695260686906,0.00937239619400431
-0.293260583313872,0.384539413424862,0.0300229745402613,0.066311139056276,-0.0198631481714693,0.0141784538284925,0.00935845523100291
-0.22777997356991,0.371152292623183,0.0312693328136856,0.0608543145805873,-0.0201509060503087,0.0135575091836993,0.00909663509052313
-0.159679466776902,0.357993685070405,0.0327133787598599,0.0556558994537438,-0.0203446617661314,0.0129567473850798,0.00860465475248831
-0.0895292685921206,0.345052549082746,0.0342906747374381,0.0504233219403975,-0.0204825599083548,0.0124161638855792,0.00790927398449749
-0.0179396863848476,0.332219428864796,0.0359348294133279,0.0448647113086236,-0.020602664975752,0.0119610806856067,0.00704252249837371
0.054547585228704,0.319358171004431,0.0375897143316418,0.0387391699388473,-0.0207358211430845,0.0116012134448706,0.00603810051759885
0.127524146269049,0.306373976098582,0.0392166005480782,0.0318819892756613,-0.0209014848624434,0.0113325136167808,0.00492871691884511
0.200730614411544,0.293260394167165,0.0407961243166277,0.0242045988329304,-0.0211066356421721,0.0111403543057707,0.00374460823306236
0.274034581237251,0.280118879786843,0.0423264937432822,0.0156760888616995,-0.0213469915867487,0.011002834522768,0.00251309712662293
0.347387806488232,0.2671525291805,0.0438196459426868,0.00629514545520535,-0.02160952046109,0.0108934994426558,0.0012588799967448
0.420777445459011,0.254639113455201,0.0452965993786762,-0.00393977586740418,-0.0218754115553454,0.0107832819031729,4.72228969590488e-06
0.494180690516257,0.242889225062809,0.0467826143947601,-0.0150559201503435,-0.022123006052983,0.0106418323535212,-0.00122769974479968
0.567527044823678,0.232194841553802,0.0483022672222988,-0.0271224664543963,-0.0223304572783806,0.0104385898588931,-0.00241701223937147
0.640669741293113,0.222773978857639,0.04987438321818,-0.0402533468524994,-0.0224780674469491,0.0101440062729398,-0.00354157110154253
0.713367446745929,0.214718528142455,0.0515069174093374,-0.0545934239062486,-0.022550280438065,0.00973127138823806,-0.00457923960848616
0.785277582879276,0.207954260988438,0.0531922011868552,-0.0702869100369205,-0.0225372109753245,0.00917868973315364,-0.00550761888652541
0.855962793613352,0.202223425694128,0.0549034462850934,-0.0874308057871573,-0.022435475127373,0.00847256012166437,-0.0063047669513261
0.92491071796583,0.197098864212035,0.0565937171132869,-0.106021412120446,-0.0222480270131473,0.00761004789199147,-0.00695033703403771
0.991565073913473,0.192032869231306,0.0581985351964923,-0.125906916077361,-0.0219828294590686,0.00660125601938969,-0.00742695125803043
1.05536349319264,0.186434316575182,0.059642614218675,-0.146760914140478,-0.0216504942774947,0.00546964684121612,-0.00772154519992917
1.115775516191,0.179757312682446,0.0608499927796221,-0.168088265709051,-0.0212614176706386,0.0042502521113775,-0.00782640986630477
1.17233479225875,0.171579043553119,0.0617555404787378,-0.189266143701926,-0.0208232366155429,0.00298570525806431,-0.00773973768481099
1.22466059936453,0.161646830140768,0.0623149569556745,-0.209612350781288,-0.0203394001836964,0.00172080035715549,-0.00746560091139234
1.27246751920377,0.149884759667576,0.0625106246991476,-0.228464849204195,-0.0198093118519032,0.000496753222174367,-0.00701342608219128
1.31556426714716,0.136363395221261,0.0623518280585021,-0.245254014105024,-0.0192299371832115,-0.000653614963813954,-0.00639711376077252
1.35384484245053,0.121246557272042,0.0618695574613212,-0.259553134986381,-0.0185982940167162,-0.00170891332380002,-0.00563399206188518
1.38727540751775,0.104733007424114,0.0611075920205178,-0.271100514109636,-0.0179140205707468,-0.0026601607898893,-0.00474378160501684
1.415880016261,0.087008236528874,0.0601123484840161,-0.27979478043605,-0.0171813150759607,-0.0035099767282511,-0.00374771320391829
1.43972761967496,0.0682151497660873,0.0589239619029566,-0.28567085831385,-0.0164098412454364,-0.0042705736697335,-0.00266788969505017
1.45892072589132,0.048445520412621,0.0575703929182055,-0.288865934825289,-0.0156145130529951,-0.00496119774539867,-0.00152692605934566
1.47358580411842,0.0277492359857524,0.0560655411892166,-0.28958378472816,-0.0148143221089938,-0.0056055164092138,-0.000347856755521006
1.48386410031245,0.00615592119603228,0.0544115407256436,-0.288062732633619,-0.0140304703247285,-0.00622921337843763,0.000845743016432714
1.48990137998071,-0.0162968966679625,0.0526048382503218,-0.284549337536508,-0.0132840850293606,-0.00685782108583976,0.00202950399568895
1.49183549924274,-0.0395344982227361,0.0506452013057467,-0.279277537277394,-0.0125937771570265,-0.00751466744347187,0.00317798087848837
1.48978173745924,-0.0634196305314315,0.0485463126551134,-0.272452021096631,-0.0119733132085666,-0.00821877096488109,0.00426446353319287
1.48381707832939,-0.0877362414286146,0.0463459560975474,-0.264234915803055,-0.0114297257762229,-0.00898259791180941,0.00526102133005841
1.47396722373997,-0.112187516081291,0.0441131125529073,-0.254736305963035,-0.0109622684246006,-0.00980979816231535,0.0061389371144221
1.46020119547885,-0.136412613175413,0.0419488535936675,-0.244010462260383,-0.0105626319915769,-0.0106933141904909,0.00686968278665774
1.44243877523103,-0.160023529170432,0.0399784454303357,-0.232060360810861,-0.0102166966302376,-0.0116145201247126,0.00742652794922657
1.42057387509163,-0.182657859149571,0.03833411741543,-0.218852184303523,-0.0099077210188084,-0.0125441280115958,0.00778671834091226
1.39451112814067,-0.204035971953223,0.0371314094730578,-0.204338713587833,-0.00962031544172237,-0.0134453141115299,0.00793390996818664
1.36420749620464,-0.224005939111578,0.0364456611269058,-0.188487188370086,-0.00934406057342544,-0.0142788427936477,0.00786030158089098
1.32970607865937,-0.242560533834611,0.0362967017538817,-0.171304682037236,-0.00907553630413474,-0.0150091158746243,0.00756782910041353
1.29115113683177,-0.259819526405823,0.0366475424784284,-0.152854384208403,-0.00881802656586499,-0.0156095399213918,0.00706800452864334
1.24878013555917,-0.275983501847942,0.0374174607675579,-0.133259310725747,-0.00857907326217918,-0.0160657625926304,0.00638042970411765
1.20289722521423,-0.291275445800163,0.0385042885366074,-0.112694293492352,-0.00836687466350454,-0.01637614495851,0.00553045475831748
1.15383801982816,-0.305888246286475,0.0398080104603073,-0.0913703142487357,-0.00818682287739517,-0.0165498341452236,0.00454664732140395
1.10193626649882,-0.319950728654205,0.0412488391044738,-0.0695161440866192,-0.00803919734183806,-0.0166034623708951,0.00345864427270194
1.04749901512485,-0.333516281920883,0.0427762446033049,-0.0473609795796365,-0.0079184531428508,-0.0165575960444812,0.00229569295828691
0.990792588401634,-0.346571408609071,0.0443688445987251,-0.0251197288358079,-0.00781402021181264,-0.0164337487250339,0.00108592846180473
0.932037807033679,-0.359058209257679,0.0460272184420749,-0.00298077656928062,-0.00771224094088797,-0.0162523064913749,-0.000143737431537897
0.871411904708257,-0.370904367522174,0.0477624887730406,0.018904612700289,-0.00759899353372047,-0.0160313443569834,-0.00136730444068534
0.809054735893744,-0.382055264038979,0.0495834193202993,0.0404319542267681,-0.00746262124429297,-0.015786064149175,-0.00255915455412915
0.745078309207872,-0.392503442288686,0.0514844355997515,0.0615516221987353,-0.00729681327869037,-0.0155285274538912,-0.00369350155618261
0.679579609659079,-0.402310784234918,0.0534367175987329,0.0822731644344573,-0.00710308370232961,-0.0152673822017323,-0.00474402430703884
0.612657365894185,-0.411618462906848,0.055384361590311,0.102662240782851,-0.00689241458069049,-0.0150074152288047,-0.00568389965623979
0.544432490765188,-0.420639913476403,0.0572472161519381,0.122826384755631,-0.00668555644494515,-0.014748949588631,-0.00648643816774906
0.475069902056838,-0.429634140624684,0.0589309550558369,0.142887755129237,-0.00651153635657845,-0.0144873187349372,-0.00712643744054277
0.404797238761119,-0.4388616891794,0.0603430626208831,0.162945521096916,-0.00640424440583185,-0.0142128156696741,-0.00758217175469761
0.333914321816666,-0.448532236133672,0.0614110119382239,0.183036107575576,-0.00639756404635425,-0.0139115021728529,-0.00783765805587815
0.262788832816573,-0.458758629650559,0.0620972616252958,0.203103318014897,-0.00652018688519344,-0.0135670234474135,-0.00788461290511063
0.191837882083694,-0.469532589637076,0.0624060268853203,0.222989031741821,-0.00679160101762222,-0.0131631467258063,-0.00772350112833851
0.121500687960552,-0.480730744258236,0.062379533541825,0.242448312867169,-0.00722044817633815,-0.012686366023546,-0.00736334862729468
0.0522111148155842,-0.492148761401185,0.0620854066096614,0.261183755964999,-0.00780556854424228,-0.0121278266514721,-0.00682042602551608
-0.0156217542660142,-0.50355172526375,0.0615998730550055,0.278887783728097,-0.00853905552354439,-0.0114840864712068,-0.00611626683442479
-0.0816207961373558,-0.51472526568874,0.0609921754459863,0.295281292459101,-0.00941004598388298,-0.0107566865093309,-0.00527559648103999
-0.145436492494957,-0.525514506715534,0.0603141274534399,0.310141318862814,-0.010407975134852,-0.00995089496337894,-0.00432462220849715
-0.206735250410227,-0.535843569314181,0.0595963101484399,0.323315810040678,-0.0115244580212924,-0.0090741541984087,-0.00328989784799088
-0.265185810174948,-0.545714118911264,0.0588502978759921,0.334727484808016,-0.0127535115214365,-0.00813470619327019,-0.00219776686645008
-0.320448637221046,-0.555184977143464,0.0580750465313144,0.344369973428495,-0.0140902632191862,-0.00714067943110545,-0.00107425354011548
-0.372171882772344,-0.56433654989124,0.0572651908133486,0.352298711564093,-0.0155285483367141,-0.00609970391446179,5.47838903576369e-05
-0.419996214212707,-0.57322481311363,0.0564191572854263,0.358617634363574,-0.0170579249439004,-0.00501894677541033,0.00116343409970246
-0.463569520419155,-0.58183042780937,0.0555453593446074,0.363461365175245,-0.0186607045820724,-0.00390535040586974,0.00222563267823151
-0.502571325583908,-0.590010491136383,0.0546652529724181,0.366972569974662,-0.0203096552434207,-0.00276582860627556,0.00321533655239812
-0.536744948790194,-0.597461987120071,0.0538126150943219,0.369275224585205,-0.0219670342617705,-0.00160722063932567,0.00410707612916157
-0.565933545524864,-0.603706780399391,0.0530292111109504,0.37044707336458,-0.0235854998968525,-0.000435923647879039,0.00487690466665714
-0.59011431564828,-0.608105759053607,0.0523579164940298,0.370497167925693,-0.0251111465176689,0.000742714947128674,0.00550365669164112
-0.609424595344944,-0.609904341613883,0.0518351466577072,0.369355787433295,-0.0264884324444814,0.00192501232947587,0.0059703233697437
-0.624174359148015,-0.608303451753306,0.0514846988458116,0.366882307023541,-0.0276662173114854,0.00310927238529841,0.00626528762002384
-0.634842515083986,-0.602543146284698,0.0513146645990348,0.362891960379269,-0.0286037376676396,0.00429557744993698,0.00638317073136932
-0.642057346935193,-0.591982442517353,0.0513179512947625,0.35719584598122,-0.0292752698219377,0.0054849969453296,0.00632511985637781
-0.646564183526601,-0.57616105248117,0.0514757219253344,0.34964352374781,-0.0296725537915069,0.00667838803007014,0.00609849190592407
-0.649184340407724,-0.554834595689488,0.0517622156459692,0.340156252324061,-0.0298046307573768,0.00787512491749178,0.00571601591832053
-0.650769546636443,-0.527982290239496,0.0521493281789985,0.328742481563311,-0.0296953910490109,0.0090721135927027,0.00519461512167708
-0.652155622574766,-0.495791723680384,0.0526098683113096,0.315493586001852,-0.0293795989198326,0.0102633242607787,0.00455411539917336
-0.654118784489469,-0.458627947980081,0.0531191962042051,0.30056411366332,-0.0288983420064698,0.0114398755835458,0.00381605412845696
-0.65733770621039,-0.416994274405927,0.0536556028529814,0.284144613225676,-0.0282947615207843,0.0125905320661595,0.0030027425798614
-0.662363686652032,-0.371490587374993,0.0542000681625609,0.266435379947811,-0.0276106364505223,0.0137023923554726,0.00213664622770419
-0.66960044017924,-0.32277338918594,0.054736006052984,0.247627370935595,-0.0268840791190214,0.0147615723418754,0.00124006440942619
-0.679293771530074,-0.271520171138049,0.0552493593045637,0.227893258272485,-0.026148319421009,0.0157537779161817,0.000335030100949821
-0.691530473844876,-0.21839956412585,0.0557291199716343,0.207388572898909,-0.0254313721030274,0.0166647677646529,-0.000556677848132799
-0.706245604590392,-0.164048075363161,0.0561681271802536,0.18626079875481,-0.0247563002202681,0.0174807868475214,-0.00141352029438796
-0.723237314692959,-0.109053715769982,0.0565638256829504,0.164662938001165,-0.0241417646486604,0.018189072467076,-0.0022142802655575
-0.742188955271228,-0.0539467425908717,0.0569186218785624,0.142767557768096,-0.0236025897475994,0.0187785091789822,-0.0029383216808259
-0.762698073983684,0.000802445695522819,0.0572394975607275,0.120777217735584,-0.0231501374048004,0.0192404312654449,-0.0035660773689801
-0.784311179705249,0.0547784990362537,0.0575366854040909,0.0989276908454647,-0.0227923807577522,0.019569473860079,-0.00407978058443868
-0.806561817665315,0.107610283878378,0.0578214786841269,0.0774816914784679,-0.0225337001334725,0.0197642912322648,-0.00446440040719768
-0.829007187000665,0.158956059294828,0.0581035304531304,0.0567128462917043,-0.022374540226085,0.0198279092244141,-0.00470867288229602
-0.85125744248893,0.20848786615584,0.0583882896649982,0.0368823973604781,-0.0223111704773689,0.0197675222044061,-0.00480605792052008
-0.872991767048363,0.25587908607596,0.0586752877554544,0.0182135614615499,-0.0223357922624012,0.0195936565800051,-0.00475542039943913
-0.893957907536048,0.300798798367905,0.0589578178020637,0.000869700581232959,-0.0224371469374016,0.0193187967635395,-0.00456126300032475
-0.913956190329961,0.342915013328247,0.0592241373204156,-0.0150583862495426,-0.0226016108568958,0.0189557285568512,-0.00423343043760291
-0.932813054524352,0.381906358492382,0.0594598164850324,-0.0295535084192176,-0.0228145802620793,0.0185159235946604,-0.00378632864520477
-0.950352288467812,0.417479618222418,0.0596505540430299,-0.0426624303076107,-0.0230618637751851,0.0180082681865136,-0.00323781590484875
-0.966371557479677,0.449389078632709,0.0597847023461532,-0.0544793072481975,-0.0233308025472395,0.017438313339259,-0.0026079734472838
-0.980629547178231,0.47745371162283,0.0598549768104953,-0.0651270839878055,-0.0236109507484057,0.0168080886604509,-0.00191794886335099
-0.99284539964524,0.501569250793695,0.0598591581594682,-0.0747410712319881,-0.0238942852021401,0.0161164121439481,-0.00118900126193218
-1.00270892806691,0.521713640165953,0.059799895278667,-0.0834572056342115,-0.0241750264506726,0.0153595743589978,-0.000441798915962539
-1.00989805232248,0.537945567907431,0.0596838809993352,-0.0914056227950038,-0.024449212703557,0.0145322689943628,0.000304044538265794
-1.01409935876755,0.550396712622602,0.0595207131167341,-0.0987087670595472,-0.0247141804664598,0.0136286624674873,0.00103024765483323
-1.01502777940484,0.559258732988768,0.0593216864490478,-0.10548251323549,-0.0249680754239021,0.0126435114296977,0.00172001861630896
-1.01244233045723,0.564766430710272,0.059098688442217,-0.111838644768153,-0.025209478814224,0.0115732468414707,0.00235815384518903
-1.00615568283307,0.567178747002921,0.0588632910623968,-0.117887274342267,-0.0254371849559731,0.0104169352302917,0.00293112395825814
-0.996036540298937,0.566759654432165,0.0586260952003609,-0.123738254809687,-0.0256501267007352,0.00917701924391986,0.00342717338207825
-0.982004972908919,0.563761278596087,0.058396361670333,-0.129501140262421,-0.0258474123900355,0.00785973706179757,0.00383643985920612
-0.96402194419572,0.558411526205831,0.0581819405725393,-0.13528372102392,-0.0260284132227618,0.00647513603005687,0.00415108231762518
-0.942075331829994,0.550908035459652,0.0579894867636044,-0.141189525459861,-0.0261928312761737,0.00503663833567204,0.00436539322361938
-0.916165508514191,0.541419337092624,0.0578249174994092,-0.147314903776358,-0.0263406866677316,0.00356018105365697,0.00447586700478112
-0.886293697864152,0.530092817878262,0.0576940297175012,-0.153746340567703,-0.0264721839579815,0.0020630249926844,0.00448119999288784
-0.852455649480688,0.517067684694899,0.0576031552803343,-0.160558466909994,-0.0265874452341348,0.000562387077216012,0.00438220794033792
-0.81464213500646,0.502490210925919,0.0575597254988296,-0.167812951504115,-0.0266861323542028,-0.000925916360522531,0.00418166317503297
-0.772846396597603,0.486528245835613,0.0575726329827406,-0.175558105676559,-0.0267670096710993,-0.00238863528663182,0.00388406994169823
-0.727077155302031,0.469382219818854,0.0576523015626847,-0.183828703723811,-0.0268275089134619,-0.00381592404986799,0.00349540820649442
-0.677374968742489,0.451290824226958,0.0578104287166007,-0.192645377761184,-0.0268633646294106,-0.00520177911249662,0.00302288351389365
-0.623829416025121,0.432530686961984,0.0580594205447251,-0.202013006638216,-0.0268683859793431,-0.00654407163539642,0.00247472124826833
-0.566594448546166,0.413410237146129,0.058411568705911,-0.211917712345484,-0.0268344127864724,-0.00784422318021761,0.00186003739541474
-0.505899804203627,0.394258824387477,0.0588780781816496,-0.222322539964155,-0.0267515002771685,-0.00910660407770178,0.00118880990557358
-0.442056479720833,0.375412424846842,0.0594680757714347,-0.233162344721417,-0.0266083544344142,-0.0103377384370554,0.000471961281084107
-0.375454691430054,0.357197593937065,0.060187786477734,-0.244338990417897,-0.0263930285528726,-0.0115453867104104,-0.000278451542543582
-0.306553047970303,0.339915467401057,0.0610401070842131,-0.255718432367636,-0.0260938650000255,-0.0127375516232283,-0.00104896319410127
-0.235858413092776,0.32382780796397,0.0620248393062462,-0.267131564444461,-0.0257006328594572,-0.0139214280664369,-0.00182438784386168
-0.1638974079281,0.309147163971676,0.0631398244864259,-0.278380658280234,-0.025205770440509,-0.0151023028520801,-0.00258754118682069
-0.0911827720853278,0.296032812376866,0.0643830854793355,-0.289252567043077,-0.0246055953797484,-0.0162824152873755,-0.00331909313495254
-0.0181805781661073,0.284593120829863,0.0657558055873062,-0.299538537861633,-0.0239013165899367,-0.0174598285347425,-0.00399766433537382
0.0547136719954057,0.274893067178862,0.0672655320201396,-0.309058362402075,-0.0230996723579738,-0.0186274304500027,-0.00460027760432004
0.127182065555935,0.266963587973457,0.068928523694747,-0.317684204441372,-0.0222130513259136,-0.0197722728256199,-0.00510324497854819
0.198969776723284,0.26080827678953,0.0707699184218396,-0.325357686164118,-0.0212590312639645,-0.0208755349617607,-0.00548350695733231
0.269851021798381,0.25640365998748,0.0728206241085947,-0.332093657185489,-0.0202593679274969,-0.0219133894099486,-0.00572034077121995
0.339585160757733,0.253692424612236,0.0751107673073233,-0.337966704256678,-0.0192385804721246,-0.0228589122407621,-0.00579723726249375
0.407877875268811,0.252573173251064,0.077660924806153,-0.34308153695608,-0.0182223599731249,-0.0236848967862362,-0.00570364296806224
0.474361835935611,0.252893326816679,0.0804736554465096,-0.347534394680709,-0.0172360537532132,-0.024367092510393,-0.00543622777930246
0.538604341205645,0.254451450503496,0.0835282584550354,-0.351376681532636,-0.0163034259403461,-0.0248871553549663,-0.00499940913071019
0.600138992977627,0.257011246512905,0.0867807881486389,-0.354591777505632,-0.0154457757830941,-0.0252346077255854,-0.00440503722307207
0.658509976353028,0.2603239928649,0.0901695143729756,-0.357091452246782,-0.0146813646209516,-0.0254074042648679,-0.00367136383741613
0.713314539625484,0.264152150160147,0.09362406157613,-0.358731498422479,-0.014024999750386,-0.025411127430232,-0.0028215819039907
0.764232665464466,0.268286431422884,0.0970753673338773,-0.359340700209301,-0.0134876034226764,-0.0252572138571702,-0.00188227497397743
0.811039233378802,0.272551266127373,0.100463619396505,-0.358754671327394,-0.0130756400380234,-0.0249607641717716,-0.000882046611699702
0.853600250126592,0.276797841028729,0.103742289813691,-0.356846825465703,-0.0127903773068455,-0.0245384341545176,0.000149534318013661
0.891858056786933,0.280887628893211,0.106877632914007,-0.353550893224544,-0.012627069337805,-0.024006705218062,0.00118267881874645
0.925811201403252,0.284671817336604,0.109844195793825,-0.348871798944662,-0.0125742603012848,-0.0233806277573535,0.00218792363269513
0.955493498851723,0.287973020768848,0.112617762138714,-0.342883445279468,-0.0126134861291323,-0.0226729877046581,0.00313663850296716
0.980955270549679,0.290575361626814,0.115167735406195,-0.335713427624574,-0.0127196761772077,-0.0218938043863676,0.00400164921890858
1.00224851016778,0.292227373900761,0.117451214136881,-0.327516465270665,-0.0128624878426056,-0.0210501024133162,0.00475807186967674
1.01941683297082,0.292659097936868,0.119410780045879,-0.318440678702788,-0.0130086195243577,-0.0201459613533157,0.00538435103482332
1.03249091418918,0.291610717708002,0.120977238624629,-0.308593495031598,-0.0131248707777522,-0.0191828918435878,0.00586337557623553
1.04148943836766,0.288866000250903,0.122077156172673,-0.29801530150898,-0.0131814324585976,-0.0181605544946966,0.00618345253138067
1.04642532427733,0.284281710637585,0.122643539803326,-0.286668067892805,-0.0131547429807297,-0.0170777584991442,0.00633890458891869
1.04731564885683,0.277804931787365,0.122626838195676,-0.274442172147217,-0.0130293186393863,-0.0159335633058487,0.00633013215898016
1.04419308287892,0.269474116487537,0.122003298422924,-0.261179390471593,-0.0127982610457473,-0.0147282536857531,0.00616312298531911
1.03711588820941,0.259404661506406,0.120778535091729,-0.246705335253639,-0.0124625165495304,-0.0134639766631076,0.00584852862099704
1.02617418186139,0.247763990848874,0.118985705770204,-0.230862823817321,-0.0120292635604633,-0.0121449318016627,0.00540050788817439
1.01149094527705,0.23474283243177,0.116679164480771,-0.213538759679839,-0.0115099206620114,-0.0107771276738535,0.00483553948314421
0.993218496278189,0.22052900030996,0.113925569693849,-0.194680500372791,-0.0109182276899687,-0.00936783417845364,0.00417136210177343
0.971531775342607,0.205287797669126,0.11079464912701,-0.174301069333265,-0.0102686957100373,-0.00792490519997344,0.0034261310796712
0.946621007793865,0.189150916277512,0.10735156442012,-0.152475334324661,-0.00957556287126254,-0.00645615083317031,0.00261782587144796
0.918685354628267,0.172213549556918,0.103652028672904,-0.129330286432718,-0.00885225289481802,-0.00496888328304397,0.00176389780668584
0.887928962889676,0.154538337341797,0.0997406076946886,-0.105032599879264,-0.00811125998642604,-0.00346969983746285,0.000881125511185049
0.854558922429551,0.13616404950833,0.0956518676692449,-0.0797756515350112,-0.00736434086620831,-0.00196449260887603,-1.43704710259709e-05
0.818784922850789,0.117117152551961,0.0914137199097209,-0.0537673359178341,-0.00662290316560443,-0.000458633156982145,-0.000907002665782743
0.78081950340381,0.0974245473715161,0.0870520450975511,-0.0272190176213115,-0.00589848505038674,0.00104275484996043,-0.00178153199990936
0.74087752373647,0.0771260106285687,0.0825956019286545,-0.000335404677009157,-0.0052032317089868,0.00253453070507636,-0.00262287104716005
0.699174683872669,0.0562852025690803,0.0780803763059874,0.0266949660021128,-0.00455028864458107,0.00401136823068601,-0.0034159201850214
0.655924073846262,0.0349978290008626,0.0735524715274235,0.0537088128673845,-0.0039540222047926,0.00546774612997715,-0.00414547741698322
0.611330645513487,0.0133956961444408,0.0690688561213672,0.0805764646511278,-0.00342997732431561,0.0068981331950331,-0.00479625854600437
0.565584770135345,-0.00835462194607824,0.0646955928444411,0.107208443572211,-0.00299449382123305,0.00829734971996818,-0.0053530593053006
0.51885579375253,-0.030059476869569,0.0605034608406692,0.133558698983779,-0.00266391727382992,0.00966104297766934,-0.00580108087664562
0.471287751405409,-0.0515123510916382,0.0565614607094392,0.159622639607498,-0.00245339763343291,0.0109861727653617,-0.00612642995775725
0.422999116997463,-0.0725135076303307,0.0529291962900572,0.185428480884882,-0.00237535166257934,0.0122713772655223,-0.00631678279657623
0.374087844744876,-0.0928924477470321,0.0496495761729017,0.211021563810471,-0.00243777671450652,0.0135170918630863,-0.00636217096307634
0.3246418319748,-0.112529112125576,0.0467434857347307,0.236443182523078,-0.00264271369323565,0.0147253354453889,-0.00625580884584654
0.274753125393289,-0.13136907522053,0.0442078381230753,0.261707450505858,-0.00298521674677643,0.0158991482565624,-0.00599484394345339
0.224532817169105,-0.14942863817514,0.0420177230326853,0.286781102642785,-0.00345314901351386,0.0170417527813297,-0.00558089521184677
0.174123031250121,-0.166787908943905,0.0401323284197922,0.311571045316578,-0.00402796459292248,0.0181555815557355,-0.00502026952653856
0.123703018643679,-0.183573146695402,0.0385032280968864,0.335922688670926,-0.00468639180936271,0.0192413420053432,-0.00432381613718529
0.0734879545600741,-0.199932750085223,0.0370829205968407,0.359629307238664,-0.00540269149172652,0.0202972586235994,-0.00350647408408494
0.0237207027316699,-0.216013011044782,0.0358314388716813,0.382449915529956,-0.00615102335172936,0.0213185532432772,-0.0025866450803904
-0.0253418720368848,-0.23193969757815,0.0347194854861235,0.404131768649364,-0.00690746912322716,0.0222971522555965,-0.00158555558105673
-0.0734460292633609,-0.247809824571856,0.0337275806959311,0.424433648383385,-0.00765140800919731,0.0232215716322208,-0.000526741267847516
-0.120359764629289,-0.263695612015271,0.0328418077961916,0.443147309651238,-0.0083661503658451,0.0240769626949374,0.000564284482356569
-0.165891115898276,-0.279660250969946,0.0320475864431485,0.460115619197094,-0.00903893095973769,0.0248453762544374,0.00166020602245908
-0.209904131491081,-0.295783149882433,0.0313234103607775,0.475246492160572,-0.00966050284406001,0.0255063971961921,0.00273203578146159
-0.252329731691902,-0.31219048268581,0.030636610715281,0.488521172321231,-0.0102246357885416,0.0260383473486685,0.00374937688477823
-0.293167802361106,-0.329085023800255,0.0299429541401203,0.499994428029958,-0.0107278065935195,0.0264202144894,0.00468103209331038
-0.332476588134258,-0.346767451868152,0.0291911447942546,0.509783633660289,-0.0111692525163985,0.0266342866692792,0.00549615837107836
-0.370346817119287,-0.365640475280546,0.0283320043103052,0.518044866130603,-0.0115513324613308,0.0266691627308408,0.00616606476894091
-0.406861661247147,-0.386188654920371,0.0273304029870592,0.524937852068687,-0.0118798364641028,0.0265224582704781,0.00666653903870371
-0.442049073685842,-0.40893155362287,0.0261765033138757,0.530587156228671,-0.0121636299046592,0.026202320054679,0.00698030036809632
-0.475837919667246,-0.434354690693668,0.0248924687311274,0.53505152276718,-0.0124130230904292,0.0257270118097424,0.00709893877815381
-0.508030404058672,-0.462828301376827,0.0235320995159885,0.538312865291412,-0.0126366884234455,0.0251224022002669,0.00702369105423759
-0.538299309697366,-0.494525193767978,0.0221734526279864,0.540289573622507,-0.0128377674150402,0.0244179646622231,0.00676471357298434
-0.566211412843539,-0.529346884078565,0.0209068744216325,0.540868116254719,-0.0130106639347908,0.023642447837916,0.00633903088487845
-0.591272496842464,-0.566867299509205,0.0198216640425151,0.53993878393997,-0.0131403716047296,0.0228203773308828,0.00576780115156315
-0.61298670503589,-0.60630940637427,0.018993818475712,0.537420874242936,-0.0132055641584122,0.0219700291056607,0.00507371020596041
-0.630921613638697,-0.646576674011789,0.0184763008197978,0.533269976427207,-0.0131850474933133,0.0211028256471539,0.00427913323686095
-0.644767710120385,-0.686354936313822,0.0182930503635608,0.527470596879757,-0.0130652268391918,0.0202236484955886,0.00340530940054539
-0.654378447861609,-0.724273921240656,0.0184380458391467,0.52002443372521,-0.0128452851303242,0.019331514951016,0.00247235942416654
-0.659780157133724,-0.759085180185793,0.0188798991747846,0.510944253710062,-0.0125377694634315,0.0184203336606318,0.00149972663195749
-0.661151017988226,-0.789800089312161,0.0195704904340599,0.500256568084585,-0.0121647334130122,0.0174797468550145,0.000506618618284125
-0.658779487519019,-0.815750792795858,0.0204544503493583,0.488009096028176,-0.0117517294356431,0.0164961931200298,-0.000487789501546971
-0.65301708645123,-0.836573343258954,0.0214762592341602,0.474276006693823,-0.0113223911411497,0.0154542668181154,-0.00146441599785159
-0.644236846914486,-0.852140377778787,0.0225833079055155,0.459155788367023,-0.010895242847396,0.0143383355010914,-0.00240450174099244
-0.632801804377699,-0.862477942712056,0.0237252597454703,0.442760634736672,-0.0104828854168112,0.0131343067268874,-0.00328990183465477
-0.619042640240947,-0.8676922795109,0.0248513905863422,0.425199555039467,-0.0100927681291199,0.0118314137906858,-0.00410338370612079
-0.603241961669566,-0.867919049371582,0.0259079733653791,0.406559159667605,-0.00972856012956562,0.0104238810865542,-0.00482892774584435
-0.585623696012399,-0.863297091244695,0.0268374440127444,0.386886526308442,-0.00939139814800147,0.00891230513500363,-0.00545205269827043
-0.566347495646258,-0.853962609788929,0.0275803315105339,0.36617798349816,-0.00908067187257846,0.00730454768359187,-0.00596018293153658
-0.545509423866499,-0.840057630347298,0.028080013763156,0.34437688644326,-0.00879433587115903,0.00561593289249869,-0.0063430525085324
-0.523149832612309,-0.821745490676789,0.0282894050037175,0.321381706080119,-0.00852892673852332,0.00386858351242419,-0.00659310827731202
-0.499268365566114,-0.799226697529292,0.0281779430046825,0.297063804961689,-0.00827953553923554,0.00208985657860815,-0.00670585010766835
-0.473844169058549,-0.772749389828277,0.0277369290903895,0.271291954048242,-0.00803995198141679,0.000310014616119373,-0.00668003633909287
-0.446858143228261,-0.742611025735485,0.0269815733782221,0.243959060200183,-0.0078031046282058,-0.00144054886243108,-0.00651769919459879
-0.418312915711827,-0.709149701227314,0.0259489094939253,0.215005627913019,-0.00756179312520683,-0.0031340965671149,-0.00622394197024512
-0.388247311763932,-0.672727026034544,0.024691894136944,0.18443564575507,-0.00730961363724106,-0.00474790260692057,-0.00580653978831378
-0.356743516191886,-0.633706365742945,0.0232710073718397,0.152322545255345,-0.0070419202752839,-0.00626584467016737,-0.00527540473726908
-0.323926674095401,-0.592430532447229,0.0217451965325112,0.118805225713366,-0.00675665826871715,-0.0076790870248828,-0.00464199585565008
-0.289959070340492,-0.54920377576481,0.0201640020507339,0.0840767052482402,-0.00645495906725974,-0.00898591160085272,-0.00391877032149223
-0.255030716046078,-0.504280042496455,0.0185621724151288,0.0483685799907556,-0.00614143416162202,-0.0101908925000905,-0.00311874439314064
-0.219349266852398,-0.457859108974784,0.0169573767708043,0.0119349905941568,-0.00582416819371872,-0.0113036858705131,-0.00225522122750218
-0.183130484071784,-0.41008942643355,0.0153509730265926,-0.0249614745377584,-0.00551442755471093,-0.0123376722516458,-0.001341702002522
-0.146590384407052,-0.361076926133565,0.0137314010994166,-0.0620604288001003,-0.00522611242067753,-0.013308629392427,-0.000391982524619554
-0.109939160599901,-0.310898453732824,0.0120795818724568,-0.0991107244881296,-0.00497495519590054,-0.0142335136038446,0.000579585646551905
-0.0733763074473152,-0.259618651548421,0.0103756725075658,-0.135874646118836,-0.00477744069032469,-0.0151293309208083,0.00155770481748212
-0.0370865995272261,-0.207309832984304,0.00860651717360445,-0.172130405534508,-0.00464941596096524,-0.0160120229921504,0.00252565703942979
-0.00123632065519254,-0.154073941989902,0.00677299620067031,-0.207674242308327,-0.00460437321272939,-0.0168952500212713,0.00346481067051878
0.0340301525285074,-0.100065334820061,0.00489619322958563,-0.242323084780535,-0.00465146796164139,-0.0177889856909836,0.00435419917293559
0.0685929227892865,-0.0455112844498837,0.00302090651826024,-0.275918055751166,-0.00479346748275752,-0.0186979076996191,0.00517030596172616
0.102357194392137,0.0092748654162574,0.00121478587337429,-0.308328300305379,-0.0050250152422234,-0.0196197226751088,0.00588723791631987
0.135250471337479,0.0638947948782859,-0.000438359904282397,-0.339453680594093,-0.00533177519376883,-0.0205437606195374,0.00647749588919444
0.167214925234332,0.117887119245837,-0.00185135683684368,-0.36922448194518,-0.00569107217557925,-0.0214503801973163,0.00691350747029642
0.198194259059385,0.170772712114381,-0.00295066240976391,-0.397596290444164,-0.00607440325702821,-0.0223117768117159,0.00716991496897888
0.228116077640111,0.222117880254698,-0.00369315811903104,-0.424539672175714,-0.00645159830259475,-0.0230945874611369,0.00722632755897686
0.256872791201992,0.271600293947503,-0.00407694574050682,-0.450025858874361,-0.00679559730250501,-0.0237641144271272,0.00706994139604406
0.284305929126197,0.319057109844044,-0.00414154614631615,-0.474011697266603,-0.00708624714555873,-0.0242893076166048,0.0066973253602203
0.310198999845635,0.364497781148927,-0.0039567532147838,-0.496427583934225,-0.00731165058863705,-0.0246471838107161,0.00611488356735451
0.334282687295071,0.408075167773675,-0.00360402451979005,-0.517171467635301,-0.00746652848459346,-0.0248255092052896,0.00533798438694117
0.3562536132679,0.450021486243082,-0.00315705498070029,-0.536110234277981,-0.00754833722604144,-0.024823255946819,0.00438921076970614
0.375805309072585,0.490564567065771,-0.00266778692824156,-0.553088405184874,-0.00755288889204965,-0.0246491736106931,0.00329639008428574
0.392667374998401,0.529843885839834,-0.00216136660488551,-0.567943399335613,-0.00747154143212399,-0.0243193168722147,0.00209094341011211
0.406645573499441,0.567848191262243,-0.00164019696047808,-0.580526598689187,-0.00729156182212683,-0.0238543749234899,0.000806795178056719
0.417652156487496,0.60439708816281,-0.00109441316484495,-0.590728914163544,-0.00700005198603231,-0.0232772900654598,-0.000520213821497888
0.42571551059908,0.639181247075272,-0.000514223975023895,-0.598508088400793,-0.00659015763031261,-0.0226112491834387,-0.0018526444829295
0.430964341202476,0.671854273775823,0.000100933070636072,-0.603912444624525,-0.00606697674467893,-0.0218779088637786,-0.0031517853090587
0.433592311659921,0.702142974928872,0.000740000463688383,-0.607093916067853,-0.00545065253769461,-0.0210957471110129,-0.00437822514862269
0.433815830516869,0.729931314403524,0.00138516539349941,-0.608302694011391,-0.004775607040828,-0.0202785766459505,-0.00549286363610461
0.431835783094348,0.755287100215299,0.00202139587829948,-0.607858251465137,-0.00408654310672274,-0.0194344001026814,-0.00645849551553065
0.427807256425787,0.778427089088277,0.00264649445625157,-0.60609689135322,-0.00343258302827055,-0.0185648736701693,-0.00724197495381392
0.421818077035204,0.799638716896216,0.00327766844218815,-0.603304850989328,-0.00286081781245853,-0.0176656816890064,-0.0078167216303032
0.413878538387728,0.81918680685473,0.00395195431088135,-0.599654568863017,-0.00241033245812512,-0.0167280000280741,-0.00816505324411909
0.403926681442271,0.837233832703292,0.00471991606184439,-0.595164975622016,-0.00210773111833191,-0.0157409132830525,-0.00827971223172705
0.391850964229998,0.853794765177925,0.00563440562819709,-0.589700074578604,-0.00196501362087306,-0.014694256867928,-0.0081641297468694
0.377525946606671,0.86873483005688,0.00673800087085619,-0.583006096706917,-0.00198010625037403,-0.0135811373149573,-0.00783137656781914
0.360851089120516,0.881804333729691,0.00805314671482193,-0.574773516727377,-0.00213959897724607,-0.0123994873995972,-0.00730215257676346
0.341782002935916,0.892694735561428,0.00957779288498349,-0.564703767562985,-0.00242269023876834,-0.0111523783278599,-0.006602360795944
0.320347509973704,0.901097455304421,0.0112871008617467,-0.55256321164341,-0.00280522939378301,-0.00984722878268529,-0.00576076556215355
0.296651692181935,0.906750746245299,0.0131396653161928,-0.538215100298726,-0.00326301799190333,-0.0084943375739266,-0.00480705599144634
0.270864618439838,0.909467221974174,0.0150855126780563,-0.521628858306955,-0.00377396114026101,-0.00710525588216624,-0.00377044977808489
0.243207007101162,0.909141290495344,0.01707313877498,-0.502871447616781,-0.00431904434788166,-0.00569142764374178,-0.00267883494804332
0.213933375267256,0.905740327310824,0.0190537270006161,-0.48208749655609,-0.00488235137500842,-0.00426334595013987,-0.00155836878474389
0.183316433434727,0.899285454007093,0.0209819146573394,-0.459474253701976,-0.00545043189412891,-0.00283027507328535,-0.000433416704740671
0.151633639309032,0.889827675799218,0.022813591817899,-0.435255521167651,-0.0060113204943199,-0.00140042642359301,0.000673297002773837
0.119155660400179,0.877424254789061,0.0245019991824754,-0.409656944971081,-0.00655345865918769,1.86166699383701e-05,0.00174044784648003
0.086136028920984,0.862118896947518,0.0259937835845914,-0.382883792580363,-0.00706471864037294,0.00141945651991002,0.0027478838690699
0.052801533709569,0.84392861327679,0.0272267107763762,-0.355102135045963,-0.00753169472867919,0.00279461918853981,0.00367649398101564
0.0193434394609876,0.822838822135154,0.0281304110956358,-0.326424411307252,-0.00793940337387836,0.00413659823959678,0.00450822668881358
-0.0140894947035107,0.798807831349603,0.0286308825229418,-0.296901125551594,-0.00827151197823801,0.00543822946376406,0.00522628581353299
-0.0473946133264899,0.771780300793424,0.0286584934689014,-0.26652057030496,-0.00851116333300266,0.0066933184621892,0.00581550056705286
-0.0805137618442607,0.741708050282384,0.0281581196048702,-0.235218234945424,-0.00864237280776203,0.00789735783860849,0.00626284041933151
-0.113425235040766,0.708574858554135,0.0270990807415454,-0.202896233952185,-0.00865185522540541,0.00904813358326694,0.00655802340210344
-0.146129422613032,0.672420302016119,0.0254821826208731,-0.169450828894087,-0.00853097839280835,0.0101460234847587,0.00669413737764975
-0.178630077748422,0.633356783467843,0.0233415190479396,-0.134803603122388,-0.00827746274808716,0.0111938730855511,0.00666818131791101
-0.210914813740572,0.591574990902486,0.0207400100923133,-0.0989301132759865,-0.00789641220479497,0.0121964291829308,0.0064814189488261
-0.242939084633978,0.547335041732342,0.01775943752231,-0.0618794983023076,-0.00740038299991974,0.0131594218732135,0.00613944792461
-0.274617206416187,0.500945161645222,0.0144873076697695,-0.0237808220169272,-0.00680841031705248,0.0140884748128119,0.00565193932106472
-0.305822146545758,0.452732973988643,0.0110037848952767,0.0151647691795778,-0.00614418184571804,0.0149880524654867,0.00503207622193471
-0.336393643602323,0.403016878709698,0.007371746046866,0.054703178392327,-0.00543375803027745,0.0158606280416453,0.00429580414508508
-0.36615187344958,0.352083195233024,0.00363184107845232,0.0945525369356789,-0.00470329919474656,0.0167061467649397,0.00346104348769384
-0.394913528058704,0.300173817589083,-0.000196882950514479,0.134428363379632,-0.00397721591477715,0.0175217919587875,0.0025470278266749
-0.422506697571399,0.247484883191235,-0.00411154605464402,0.17406379689616,-0.00327697540593687,0.0183019610210172,0.0015738730217374
-0.448782599649656,0.19417596318808,-0.00811659888960354,0.213221998190079,-0.00262062597422485,0.0190383853399706,0.000562425629266298
-0.473623038268102,0.140387542221301,-0.0122132587096759,0.25169994932543,-0.00202293696541304,0.0197203601613005,-0.000465638313327149
-0.496942979222691,0.0862640019380546,-0.0163888953003457,0.289324328269787,-0.00149594595438459,0.0203351127946235,-0.00148755279441135
-0.518688435928475,0.0319793562444993,-0.020608071183404,0.325941272431196,-0.00104965038244706,0.0208684270617896,-0.0024791706285
-0.538829458474764,-0.0222380178512044,-0.0248070701133521,0.361402267443501,-0.000692547719054922,0.0213056519257505,-0.00341480858365673
-0.557348448895542,-0.0760864987322446,-0.0288938386580457,0.395549017631947,-0.000431732277347369,0.0216331875939139,-0.00426741492991513
-0.574224327790398,-0.129184102139338,-0.032754939291611,0.428200571055577,-0.000272311102828881,0.0218404125551584,-0.00500923811361622
-0.589414491062414,-0.181079028934372,-0.0362699324417831,0.459146372655252,-0.000216057745857918,0.0219217874486685,-0.00561311430386116
-0.602838068548377,-0.231280831784333,-0.0393313953987436,0.488148467078721,-0.000259493756520496,0.0218786429160483,-0.00605435440220009
-0.61436526090648,-0.279309057188685,-0.0418660361109007,0.514954190725976,-0.000391923881097005,0.0217200137669934,-0.0063130029978012
-0.623817673482858,-0.324748380554884,-0.0438504384568799,0.539317630208827,-0.000594194151313052,0.0214619976756974,-0.00637603295785461
-0.630982042905404,-0.367293447474905,-0.0453154453404886,0.561024349043661,-0.000838894218811959,0.0211255092697554,-0.00623893885170559
-0.635635931286917,-0.406767300979698,-0.0463367181034483,0.579912020584131,-0.00109230243683991,0.020732872816597,-0.00590630475031264
-0.637579949296435,-0.443105417304272,-0.0470142230325778,0.595880698563286,-0.001317731272744,0.0203041359341616,-0.00539122660884692
-0.636669187916339,-0.476309300385856,-0.0474475529590478,0.608890463258552,-0.00147941522151547,0.0198540526442512,-0.00471382368365493
-0.632837791992034,-0.50638318544189,-0.0477149147450797,0.618949229049019,-0.00154598377222893,0.019390363691146,-0.00389930117828703
-0.626113588531406,-0.533270346517387,-0.0478612240312597,0.626096880413028,-0.00149290583556616,0.0189135011845064,-0.00297604123279
-0.616622486750519,-0.556802407454443,-0.0478968871823045,0.630392594737099,-0.0013038598597075,0.0184174401286622,-0.00197405361956301
-0.604583226403975,-0.576669774077616,-0.0478056147171832,0.631910534514775,-0.000971491048407297,0.0178912472961318,-0.000923922406320724
-0.590291680693905,-0.592417992429373,-0.0475580471251734,0.630746273983823,-0.000498266169548659,0.0173209109891282,0.000143775956602742
-0.574091273377829,-0.603475299329312,-0.0471278390948642,0.627033117012589,0.000101969999563989,0.0166911550656155,0.00119871612373655
-0.556324536047174,-0.609219594702581,-0.0465072280601697,0.620964049082584,0.000801650218894598,0.015987049849714,0.00221094096201199
-0.537263663459549,-0.609093683450815,-0.0457191592900512,0.612811213764428,0.00155719821110002,0.0151953018672996,0.00315113562832996
-0.51702803462089,-0.602768373091363,-0.0448225944556051,0.602931148464009,0.0023087633274665,0.0143051759311436,0.0039913823894653
-0.495512732799557,-0.590327874929104,-0.0439075668823294,0.591743057702702,0.0029845279386009,0.0133091267673919,0.00470664033178527
-0.472364979613636,-0.572417205611778,-0.0430785178029239,0.579674000429701,0.00351111525530306,0.0122033779555582,0.00527689071486605
-0.44703861307297,-0.55027164934022,-0.0424292022057446,0.56708035741773,0.00382852210454015,0.0109887120133142,0.00568939291596421
-0.418923027348983,-0.525576078511178,-0.0420179235665213,0.55417278983271,0.003904308676648,0.00967147859510089,0.00594011415748089
-0.387499797741556,-0.500178934571425,-0.0418534724455318,0.540977279443526,0.00374062015340231,0.00826438265357653,0.00603354567129463
-0.35246251619137,-0.475763811371525,-0.0418972890245715,0.527349469482298,0.00337078858514655,0.00678638141986446,0.00598085936219582
-0.313759414638394,-0.453599560948381,-0.0420790790672489,0.513032856404102,0.00284770525126364,0.00526128832171423,0.00579717488965364
-0.271562766691508,-0.434436728823043,-0.0423175398754806,0.497733250890612,0.00222970432578643,0.00371528269689763,0.00549898007880156
-0.226199263819115,-0.418541585979514,-0.0425380978021716,0.481182786629663,0.00156929998478211,0.00217400253398978,0.00510238892218229
-0.17807752984068,-0.40581141009166,-0.0426835973999791,0.463180025835344,0.000907191289199823,0.000659970007454921,0.0046223461005234
-0.127633481955937,-0.395910407235603,-0.0427179732478826,0.443606121152319,0.00027109987329019,-0.000809159791931092,0.00407251023215979
-0.0752978000192152,-0.38838691410787,-0.0426250593841426,0.422423863730063,-0.000322368707112065,-0.0022213889378065,0.00346547144323421
-0.0214805064267853,-0.382756785621767,-0.0424049589407779,0.399667166648784,-0.000864673155364005,-0.00357033235405369,0.00281305748220249
0.0334345543489074,-0.37855391778404,-0.0420697694432606,0.375426487122966,-0.00135232844157535,-0.00485458786353463,0.00212661225833734
0.0890911060295786,-0.375355683329091,-0.0416396858458383,0.349833316902551,-0.00178453435875435,-0.00607677796137803,0.00141721863157386
0.145161131005397,-0.372791984785749,-0.0411399031698108,0.32304515641333,-0.00216159057639356,-0.00724246694501612,0.000695875553568139
0.20134634509525,-0.370545095096843,-0.0405983695267831,0.295231521303332,-0.00248401984364053,-0.00835908433639104,-2.6353576435204e-05
0.25738069998051,-0.368345332908248,-0.0400442311022847,0.266561144029993,-0.00275223906127511,-0.00943491899912906,-0.000738212641504394
0.313033431941037,-0.365965787320482,-0.0395067116356784,0.23719048184043,-0.00296661141082644,-0.0104781997716013,-0.00142814760569656
0.368111793935259,-0.363218016929117,-0.0390141534951849,0.207253854527944,-0.00312773445841923,-0.0114962538095219,-0.00208423817974465
0.422462375835275,-0.359949644261453,-0.0385929805938732,0.176855767690121,-0.00323684302282574,-0.0124947299992312,-0.00269418920968482
0.475969865675003,-0.356044078549877,-0.0382664379134373,0.14606629390446,-0.00329622359895085,-0.0134768925344115,-0.00324541087821664
0.528552264352529,-0.351422007270477,-0.0380530983379992,0.114920555680163,-0.00330954922732141,-0.0144430220703529,-0.00372521905410311
0.580151888028945,-0.346043678880303,-0.0379652782303027,0.0834232038434254,-0.00328205496893322,-0.0153899957785596,-0.00412118123602512
0.630722286043893,-0.339910660852213,-0.0380076617464628,0.0515583261031935,-0.00322049522398233,-0.0163111468939597,-0.00442161751508803
0.680212129759042,-0.333065534907018,-0.0381765170970075,0.0193042356205498,-0.00313285902467798,-0.0171965025271993,-0.00461623670699514
0.72854821276935,-0.325588268764742,-0.0384598650715099,-0.0133486478940614,-0.00302787032509652,-0.0180334587682888,-0.00469685037011496
0.775620543591515,-0.317588786446963,-0.0388387912442523,-0.0463797915426934,-0.00291435635734199,-0.0188078714894915,-0.00465807257118349
0.821272887481123,-0.309196512349171,-0.0392898107255864,-0.0797240036007245,-0.00280060904051089,-0.0195054433685668,-0.00449789765599861
0.865301006553033,-0.300548672227102,-0.0397878459952849,-0.113263596070217,-0.00269386725204002,-0.0201131899279559,-0.00421805908494638
0.907459309443368,-0.291779962230669,-0.0403091540706609,-0.146829046553036,-0.00260000662520042,-0.0206207341785151,-0.00382411752573227
0.947474114975223,-0.283016003762917,-0.0408334892531018,-0.180207820499516,-0.00252344504338328,-0.021021205057668,-0.00332528515253583
0.985060111455363,-0.274372279293234,-0.0413449975713946,-0.213158974677918,-0.0024671906655901,-0.0213116161860692,-0.00273404986736439
1.0199357069269,-0.265958956398828,-0.041831695816763,-0.245429929614666,-0.00243290601476413,-0.0214927221979224,-0.00206569267389971
1.05183353703197,-0.257890797004239,-0.042283790721407,-0.27677175481585,-0.00242086023024409,-0.0215684589020923,-0.00133778852476423
1.08050371143728,-0.250300356185783,-0.0426914060701449,-0.306950263399186,-0.00242969328266096,-0.021545130769095,-0.000569748908728968
1.10570931959236,-0.243352071402628,-0.0430424637927955,-0.335751767896657,-0.00245600932850127,-0.0214305175196641,0.000217581543589767
1.12721520359353,-0.237254300918592,-0.043321474120548,-0.362983866735556,-0.0024939305879054,-0.0212330307834704,0.00100230880272034
1.14477262017038,-0.232265937365456,-0.0435098732191577,-0.388472929232325,-0.00253485705065599,-0.0209610010659918,0.00176192055104203
1.15810342064232,-0.228693673852806,-0.0435882757609246,-0.412060685536239,-0.00256775788634007,-0.0206221191575206,0.00247384216765009
1.1668885997207,-0.226875754594398,-0.0435406092971189,-0.433602640097645,-0.00258032207375328,-0.0202230226282327,0.00311617510613695
1.17076630268628,-0.227148341987289,-0.0433595432398456,-0.45297049479551,-0.00256115538237451,-0.0197689888184354,0.00366862134866761
1.16934447583205,-0.22979245553682,-0.0430520506059704,-0.470059618671114,-0.00250288240530016,-0.0192636913761815,0.00411351733642899
1.16223147913882,-0.234963278239175,-0.0426434708493277,-0.484800407110507,-0.00240551193588647,-0.0187089738232759,0.00443681738010187
1.14908492993621,-0.242610245632408,-0.0421783555148379,-0.497169970662547,-0.00227890464125346,-0.0181046249511776,0.0046288235104327
1.12967357713523,-0.252404901148512,-0.0417168412821748,-0.507198669565969,-0.00214294337671836,-0.0174482037430735,0.00468449525771952
1.1039403644395,-0.263701182115147,-0.0413264079367648,-0.51496624559672,-0.00202440131227371,-0.016735061055787,0.00460329852298806
1.07204910235751,-0.275553745916971,-0.0410704686245471,-0.5205856441808,-0.00195067213944106,-0.0159587793446481,0.00438871758598839
1.03439555147595,-0.286807815354806,-0.0409967539320302,-0.524177940029334,-0.00194209912256845,-0.0151121884806847,0.00404765954105499
0.991571826229561,-0.296249105381057,-0.0411291285273678,-0.525846887045474,-0.00200572148747663,-0.0141888937431301,0.00358995681516309
0.944289029097121,-0.302775327536269,-0.0414655947582669,-0.525662500058025,-0.00213296231179399,-0.0131849489373179,0.00302803026604192
0.893280253578483,-0.305538917950307,-0.0419829708334688,-0.523659021854085,-0.00230206723760374,-0.0121001509403275,0.00237662394463999
0.839213397192671,-0.304023128090035,-0.0426462075680824,-0.519845921221904,-0.00248399672991577,-0.0109385544969119,0.00165247111054557
0.782636261337897,-0.29804258277551,-0.0434189144370098,-0.514225560230103,-0.00264928668116804,-0.00970813741017031,0.000873818245949513
0.723961162584013,-0.287686736439238,-0.0442719685439943,-0.506810608157051,-0.00277363727883641,-0.00841986982665923,5.98447146510269e-05
0.663481513230424,-0.273236580851666,-0.0451884546007515,-0.497636586045564,-0.00284113708884537,-0.00708656463471012,-0.00076992072159403
0.601406271460396,-0.255081460367051,-0.0461646923312977,-0.486768293943733,-0.00284518778738205,-0.00572181855293133,-0.00159609212244873
0.537898855888276,-0.233651628431405,-0.047208071071723,-0.474300984650571,-0.00278782356818645,-0.00433918889980316,-0.00239978518860126
0.473111327069983,-0.209371228968831,-0.048332746973356,-0.460357596507571,-0.00267819751022068,-0.00295160124643449,-0.00316285566808055
0.407209412274191,-0.182629758294857,-0.0495542483607208,-0.445083158676004,-0.00253078773506212,-0.00157090920316881,-0.00386806387144219
0.340387142532262,-0.153767589696443,-0.0508839168410038,-0.428637037742017,-0.00236360249416792,-0.000207522652050422,-0.00449922121795801
0.272871558117641,-0.12307129667377,-0.0523240237700106,-0.411183486412578,-0.00219646623630328,0.00112993921917245,-0.00504136640410548
0.204918941144579,-0.090775803969105,-0.0538643706286371,-0.392881310414903,-0.0020493803367124,0.00243495777705183,-0.00548100347276423
0.13680439373747,-0.0570715241925336,-0.0554810766736025,-0.373873745853373,-0.00194094812533217,0.00370333163409915,-0.00580641453801955
0.0688070700994202,-0.0221153061160455,-0.0571380235105943,-0.354280019069357,-0.00188690136108898,0.00493322436834017,-0.006008040183685
0.00119376926083989,0.0139559782950582,-0.0587909888996225,-0.334190103945909,-0.00189882785209108,0.00612498031918518,-0.00607889919315363
-0.065796181894393,0.0510108180413012,-0.0603939034535523,-0.313663823425262,-0.00198324689691879,0.00728068732942276,-0.00601499699568271
-0.131961974477484,0.0889095050287055,-0.061906065354673,-0.292734756850787,-0.00214118591942935,0.00840352477338883,-0.00581565497306286
-0.197146241259835,0.127493832759515,-0.0632987501318195,-0.271418395938038,-0.0023683625553526,0.00949699074307085,-0.00548368686100485
-0.261233071978355,0.166581734331151,-0.0645597205787914,-0.24972324037045,-0.00265597810465479,0.0105641375723929,-0.00502536881486273
-0.32413990120878,0.205967457437333,-0.065694630545544,-0.227662695143258,-0.00299200346908685,0.0116069345554056,-0.00445018671261127
-0.385805489515294,0.245426647867414,-0.0667251937124777,-0.205265618031814,-0.00336273397988946,0.0126258341146154,-0.00377039971396833
-0.446176962775736,0.284724756947676,-0.0676848061174996,-0.182583516923641,-0.00375433777145918,0.0136195459144818,-0.00300050103564351
-0.505198817239,0.323626924335057,-0.0686128533665801,-0.159693097535101,-0.00415414187989456,0.014584962920129,-0.00215667808206655
-0.562805916725306,0.361907821091461,-0.0695489895849503,-0.136693595823893,-0.00455147449967133,0.0155171509950558,-0.00125636333189415
-0.618921350896958,0.399360695629981,-0.0705283627977183,-0.113699083314257,-0.00493798160997579,0.01640932781337,-0.000317935361714845
-0.67345883430932,0.43580555388076,-0.0715782537372702,-0.0908264740994613,-0.00530743014144854,0.0172528055257925,0.000639413873537445
-0.726328523821817,0.471096812143577,-0.0727161439962026,-0.0681804270491024,-0.00565508497787768,0.0180369429077597,0.00159567152832381
-0.777444441939861,0.505130515920473,-0.0739489339810617,-0.0458367675085661,-0.00597680249590518,0.0187492161130253,0.00252991943959937
-0.826731323207084,0.537850504186709,-0.0752729711540241,-0.0238267037079091,-0.00626803135229175,0.0193755605155852,0.00342026619500043
-0.874128400223688,0.5692517652374,-0.0766746528424897,-0.0021249326480366,-0.00652295521697621,0.0199011342483261,0.00424391254211517
-0.919588018831434,0.599378387340941,-0.0781315933758514,0.0193544819730371,-0.00673404498565982,0.0203116014733963,0.00497748016164258
-0.963067746006692,0.628313210282771,-0.0796145177870641,0.0407504871179077,-0.00689227327100336,0.0205949047566042,0.00559772389467136
-1.00451663009551,0.656157587902684,-0.081090102979038,0.0622330518114728,-0.0069881422935133,0.0207433136044709,0.00608269635552456
-1.0438584444023,0.683002349221849,-0.0825247628970501,0.0839675952541857,-0.00701345415250386,0.020755324947816,0.00641332201389163
-1.08097656536094,0.708894767526334,-0.0838889154146376,0.106071631378862,-0.00696344711269754,0.0206368513871338,0.00657517449804932
-1.11570582474088,0.733809789317436,-0.0851607943567918,0.128574228439312,-0.00683865915230661,0.0204011853001784,0.00656009560274385
-1.14783536882187,0.757634785118065,-0.0863286890855318,0.151390635975322,-0.00664582992653917,0.0200675253119847,0.00636724141198612
-1.17712245755475,0.780173628490929,-0.0873907631560135,0.17432096738506,-0.00639740536066107,0.0196582945081626,0.00600325352319565
-1.20331384460131,0.801170175346422,-0.0883524229659587,0.197074029641909,-0.00610969604970849,0.0191958979686908,0.00548152000534215
-1.22616782996242,0.820344132988323,-0.0892219582485477,0.219308698179584,-0.00580020133122703,0.0186996947593129,0.00482076646775226
-1.24547078938253,0.83742924280326,-0.090005693821522,0.240680244127516,-0.00548483601636363,0.0181838070187272,0.00404338057300948
-1.26104413030476,0.852204255860811,-0.0907038192886305,0.260879396565802,-0.00517570758035757,0.0176560376679647,0.00317385183090251
-1.27274103552398,0.864510961698326,-0.0913076570759442,0.279656453963631,-0.00487981001918607,0.0171178373587491,0.00223756274808047
-1.28043495134524,0.874257749652449,-0.0917986353751306,0.296828401952497,-0.00459869487578794,0.0165650673880833,0.00125999357916198
-1.28400394901023,0.881410757425039,-0.0921489406675543,0.312271550592961,-0.00432896937435128,0.0159892790421383,0.000266277582843834
-1.28331507281141,0.88597581350656,-0.0923236459054327,0.32590446545162,-0.00406337395883606,0.0153792851246761,-0.000719019309475537
-1.27821257518762,0.887974623099054,-0.0922840792541166,0.337666569243984,-0.00379218351603212,0.014722885840271,-0.00167202930590429
-1.2685138777279,0.887418813297591,-0.0919921989003249,0.347497573930865,-0.0035047130022065,0.0140086725336566,-0.00256973987127388
-1.25401598356334,0.884285281686605,-0.091415603222926,0.355322162570689,-0.003190753236701,0.0132278288689792,-0.00339026372582831
-1.23451405217757,0.878496832919015,-0.0905326233890556,0.361043524852056,-0.00284180742726738,0.0123758011737621,-0.0041132734423657
-1.20983139665168,0.869912066978679,-0.089336698157096,0.364547933265035,-0.00245203875844816,0.011453628727559,-0.00472061207272951
-1.17985771815602,0.8583282190994,-0.0878391491626943,0.365720606988083,-0.00201888140034414,0.0104686719663341,-0.00519704552141281
-1.14458889864391,0.843498446939839,-0.0860695719538042,0.364470244399403,-0.00154330735919786,0.0094344835016031,-0.00553107132471923
-1.10415965600282,0.825161917879981,-0.0840734896406844,0.360756787836976,-0.00102977787302606,0.00836968389601115,-0.00571565382284167
-1.05886084419591,0.803081692549524,-0.0819075855128786,0.354615292831934,-0.000485930796735413,0.00729591982693921,-0.00574873555110343
-1.0091357685301,0.777082548791284,-0.079633448743761,0.346168999433415,7.79397983652967e-05,0.00623522532682389,-0.00563339100733873
-0.955555106710275,0.747080684846684,-0.0773111576463039,0.335627517246047,0.000649560409301145,0.00520729031459317,-0.00537755076013218
-0.898775449941165,0.713099571914394,-0.0749939795045155,0.323270391478263,0.0012154637225425,0.00422717286514684,-0.00499331453538241
-0.839489802777014,0.675269966201975,-0.0727250000206915,0.309420388765774,0.00176182881098204,0.0033038514689956,-0.0044959594245334
-0.778379362208542,0.633816319221887,-0.0705358924373926,0.294413293740989,0.00227530734105764,0.00243976764228515,-0.0039028082067821
-0.716073987011823,0.589034526150059,-0.068447497867046,0.278570923802965,0.0027437586998552,0.00163125631530218,-0.00323213307107214
-0.653125193405753,0.541266497666479,-0.0664715748566405,0.262181934465086,0.00315682486506731,0.000869593060905098,-0.00250223568884528
-0.589992504050675,0.49087642185,-0.0646130735992413,0.245492271633325,0.00350630505002518,0.00014234252341958,-0.00173078852804542
-0.527041257209688,0.43823160461986,-0.0628724036116469,0.228704504974037,0.00378632841426662,-0.00056525533699337,-0.000934459068095012
-0.464549050392656,0.383689234294809,-0.0612473809119858,0.211983799364839,0.00399335992389186,-0.00126901992239662,-0.000128790416747431
-0.40271794924446,0.327589242539517,-0.0597347251034479,0.195467760499204,0.00412609822626245,-0.00198473946679349,0.000671718921861707
-0.34168992041768,0.270252641719348,-0.0583310814411949,0.179277491187061,0.00418532909451943,-0.00272723371218793,0.00145340777268578
-0.281563519593538,0.211984394935731,-0.0570335986157392,0.163527663063575,0.00417378635446119,-0.003509511808991,0.00220319075222567
-0.22241031158571,0.153079694986708,-0.0558401128164281,0.148333943194037,0.00409604863416741,-0.00434196798895051,0.00290831053389907
-0.16428979593027,0.0938323511459095,-0.0547490132364093,0.133816657150626,0.00395847161836418,-0.0052315879384727,0.0035561643723066
-0.107261314288795,0.0345433343968451,-0.0537588084685811,0.120099849261828,0.00376911928284088,-0.00618118386461252,0.00413425276746337
-0.0513919777545063,-0.024472432519284,-0.0528675212269414,0.107305727636284,0.0035376398785913,-0.0071887356078835,0.0046302858037532
0.00324043980937719,-0.0828833923418979,-0.0520720048833569,0.0955450134562773,0.00327501820073073,-0.00824696113816604,0.00503246100605029
0.0565499227527938,-0.140344655306939,-0.0513673389152542,0.0849046940718954,0.00299315244589585,-0.00934326748011277,0.00532990168860893
0.108449372548987,-0.196508215141843,-0.0507464662057654,0.0754355252169541,0.00270424527690866,-0.0104602191117953,0.00551321515444728
0.158860945234631,-0.251039456180043,-0.0502002032957688,0.0671421558249636,0.00242006163056729,-0.0115765964788681,0.00557510215459466
0.207727240072815,-0.303637557202774,-0.0497176744313221,0.059978619283752,0.00215117170161879,-0.0126690072362637,0.00551093077150998
0.255020684787996,-0.35405587417719,-0.0492870837129965,0.0538509460620011,0.00190633802758522,-0.0137138768547218,0.00531918452590006
0.300748903307758,-0.402118027926203,-0.0488966719190082,0.0486270831854002,0.0016922003952362,-0.0146895425379632,0.00500171918616642
0.344954568390125,-0.447725849724183,-0.0485355836254667,0.0441523687648893,0.00151334435414062,-0.0155781119849711,0.00456379439510639
0.387709579905216,-0.49085744001839,-0.048194461295545,0.0402674596293084,0.00137273688133711,-0.0163668015905874,0.00401390024674281
0.429104590924489,-0.531556015912953,-0.0478656777230149,0.036825011745609,0.00127240149317532,-0.0170485860754577,0.00336343898413922
0.469235619298424,-0.569912257145798,-0.0475432411904919,0.0337017979171488,0.00121412807509568,-0.0176221419745567,0.00262634281845304
0.508189773472392,-0.606044086851132,-0.0472225250780456,0.0308040789741088,0.00119999401042402,-0.0180912052317272,0.00181870724794417
0.54603160953789,-0.640077430336612,-0.0468999887835939,0.028065439416421,0.00123251185027678,-0.0184635287970621,0.000958493253052467
0.582790944021818,-0.672130220702898,-0.0465730255820846,0.0254376500567875,0.00131429999459068,-0.0187496272912263,6.53170945592671e-05
0.618452537346126,-0.70230044289051,-0.0462400135144036,0.0228762482746928,0.00144727449393283,-0.0189614517690052,-0.000839689483797348
0.652948206183938,-0.730657896462957,-0.0459005760810442,0.020323438588741,0.00163146596791289,-0.0191110783902935,-0.00173399991147873
0.686152482188253,-0.757238787300231,-0.0455559841357428,0.0176916787361646,0.00186366744717049,-0.019209446449973,-0.00259387628581611
0.717883724088942,-0.782042429870753,-0.0452095700581451,0.0148519022154738,0.0021362097841473,-0.0192651711809139,-0.00339472038665358
0.747912970038807,-0.805029964546017,-0.0448669811502888,0.0116304541909862,0.00243622285358489,-0.0192834914449001,-0.00411170191091056
0.775982282930631,-0.826125843817659,-0.0445360960048945,0.00781798140246091,0.00274573688609483,-0.0192654861269383,-0.00472074517127961
0.801832183163585,-0.845223131980846,-0.044226471955766,0.00319119753186263,0.00304286111329956,-0.0192077538711045,-0.0051998792737885
0.825234675876572,-0.862193362091762,-0.0439483060089807,-0.00245523434076817,0.00330402306510346,-0.0191027795490602,-0.00553083110720753
0.846024789269348,-0.876900187770559,-0.0437110612491251,-0.00927367551629416,0.00350689952052749,-0.0189400820439815,-0.00570060688710228
0.86412252779395,-0.889214705836588,-0.0435220802366574,-0.0173348583366781,0.00363336074692391,-0.0187080491822501,-0.00570272450101765
0.879538585413784,-0.899028807250838,-0.0433855589979447,-0.0266143605340299,0.00367164742813886,-0.0183960978541359,-0.00553779170169985
0.892362442168826,-0.906263487115162,-0.0433021900112505,-0.0369984327751511,0.00361721312391743,-0.0179966492185328,-0.0052132884265536
0.902736725622127,-0.910870031982724,-0.0432695381651556,-0.0483070075713257,0.00347211518241618,-0.0175064285233066,-0.00474263118240373
0.910826181265908,-0.912824829271446,-0.0432830086826257,-0.0603264948795736,0.00324331195584655,-0.0169268473550848,-0.00414378426860995
0.916789770364655,-0.912119678905141,-0.0433370761242842,-0.072843099742931,0.00294050826337438,-0.0162634838291517,-0.00343774431147901
0.920762101227529,-0.908750583327076,-0.0434264636895496,-0.0856690431377469,0.00257418530648734,-0.0155249567255099,-0.00264717659224546
0.92284680928681,-0.902707671981381,-0.0435470582748149,-0.0986576674239986,0.00215424576466615,-0.0147215615047219,-0.0017953626912863
0.923120985376878,-0.893968077434639,-0.0436964862040972,-0.111707036669339,0.00168942458812887,-0.013864000593953,-0.000905497486028556
0.921647864248248,-0.882493147569182,-0.0438743986874645,-0.124754154223173,0.00118738686093061,-0.0129624205750918,-2.87633422940095e-07
0.918493772823281,-0.868230707076959,-0.0440825531419116,-0.137763006420697,0.000655299447926066,-0.0120258253755899,0.000898241717609932
0.913745287290575,-0.851122944464014,-0.0443247687126207,-0.150709733163424,0.000100618264272215,-0.0110618266536039,0.00176883602654286
0.907522654727015,-0.831119987778545,-0.0446067732434687,-0.163567788607301,-0.00046815521208094,-0.0100766275376644,0.00259109169759157
0.899986069256425,-0.808198455575254,-0.0449358936670889,-0.176295402834373,-0.00104095287901804,-0.00907512036187735,0.00334560285590748
0.891332331105636,-0.782383003912988,-0.0453204981638304,-0.188827126242011,-0.00160600175152003,-0.00806100076268143,0.00401422257824117
0.881780837000398,-0.753767271246404,-0.0457690989274407,-0.201070669088978,-0.00215014441758647,-0.00703684434416677,0.00458045350695747
0.871550290175895,-0.722529670263326,-0.0462891083550701,-0.212909612313293,-0.00265960810585991,-0.00600414737989257,0.00502994784435109
0.860829772588996,-0.688939109819395,-0.0468853560528695,-0.22421163361563,-0.00312111713538102,-0.00496337217805373,0.00535106274296917
0.849750069801503,-0.653347285162215,-0.0475586226032314,-0.234840882393576,-0.0035231574156896,-0.0039140567451666,0.00553539352227274
0.838361905108887,-0.616167040468304,-0.0483045381688434,-0.244672167269486,-0.00385715002582244,-0.00285503404313312,0.00557819889133197
0.826626519075807,-0.577839806098376,-0.0491131776851597,-0.253604014814947,-0.00411829545915276,-0.00178476658821643,0.00547864210678373
0.814421365089685,-0.538798327798363,-0.0499695659028319,-0.261567823699343,-0.00430591926905586,-0.000701757540822198,0.00523980126436701
0.801559822429412,-0.49943214614489,-0.0508550871217765,-0.268531214944311,-0.00442326516068505,0.000395033436823307,0.00486844125751458
0.7878204998713,-0.460062413783156,-0.0517495751231873,-0.274495172347897,-0.00447680997393477,0.00150584425456576,0.00437458297123326
0.772979586688697,-0.420929747754074,-0.052633690624732,-0.279486092219052,-0.00447527531523337,0.00262988281970413,0.00377093894484667
0.756839888873337,-0.382195441878531,-0.0534911574242833,-0.283545091332746,-0.0044285590562076,0.0037652220736528,0.00307230446351713
0.739251541425951,-0.343953216602899,-0.0543104693478626,-0.286717262775999,-0.00434679613330425,0.00490878160044449,0.00229498950340829
0.720121984096436,-0.306247163364719,-0.0550858086420898,-0.28904327839972,-0.00423970159826711,0.00605633974281408,0.00145635815370119
0.699415148963883,-0.269091394297397,-0.0558170423762458,-0.290554869954248,-0.0041162707834738,0.00720252893627924,0.000574511104287664
0.677141446028925,-0.232487824969751,-0.0565087534580038,-0.291274645338458,-0.0039848342588495,0.00834079897847611,-0.000331886932072814
0.653341185564092,-0.196439992159481,-0.0571683326055821,-0.291219806503897,-0.00385340336130979,0.00946337746217497,-0.00124366187115093
0.628064410320142,-0.160962113268375,-0.0578032104095385,-0.290408652170274,-0.00373019540318411,0.0105612974553223,-0.00214111680829563
0.601350065317284,-0.126083464822859,-0.0584173848552591,-0.288868270398033,-0.00362419235315566,0.0116245841564155,-0.00300401608267441
0.573207720403544,-0.091848691307558,-0.0590075758925412,-0.286641697164127,-0.00354556316282085,0.0126426892351319,-0.00381164244115115
0.543604969126333,-0.0583147057074445,-0.0595595625350121,-0.283792683405859,-0.00350576723878433,0.0136052189595042,-0.00454300710587175
0.512463722392245,-0.0255448887436353,-0.0600455479060491,-0.280406436783775,-0.00351717365373147,0.0145029289778163,-0.00517728780052615
0.479668032636247,0.00639863464956954,-0.0604236001178115,-0.276585201050915,-0.00359209520678926,0.0153288611834043,-0.00569454971125011
0.445084420732269,0.0374636022921413,-0.0606401526525777,-0.272438425446813,-0.00374126440057085,0.0160794008405202,-0.00607675948421626
0.4085927881755,0.0676156281579178,-0.0606360410841191,-0.268068569874551,-0.00397196245590945,0.0167549729531903,-0.00630902778690692
0.370122557394,0.096843770559282,-0.060355589096498,-0.263555172896999,-0.00428620599224461,0.0173601226702089,-0.00638092350971521
0.329685430980245,0.125161880363794,-0.0597570073389286,-0.258940845836314,-0.00467950672245869,0.0179028402100095,-0.00628761716898471
0.287395674581883,0.152604755090404,-0.0588214690428951,-0.254223144860489,-0.00514066343859021,0.0183931984809827,-0.00603058813677605
0.243471411692801,0.17921955904632,-0.0575581646532462,-0.249354902808838,-0.00565278794761458,0.0188415732439165,-0.00561769742316857
0.198216282844805,0.205054538204995,-0.0560037534507425,-0.24425328258235,-0.00619539599791419,0.0192568470287608,-0.00506258881255459
0.151986651957785,0.230147746499358,-0.0542163667142624,-0.238814833450413,-0.00674706245179914,0.0196449579749339,-0.00438355951881091
0.105153674548712,0.254518212846961,-0.0522660179031978,-0.232932249129625,-0.00728801011626322,0.0200080180115384,-0.00360217447712161
0.0580693631644824,0.278160550404759,-0.0502239934492863,-0.226508166616664,-0.00780209511363221,0.0203440141956656,-0.00274191335841407
0.0110429182717355,0.301042671210553,-0.0481535523185086,-0.219462885086253,-0.00827790418037696,0.0206469748554651,-0.001827065465777
-0.0356706933378972,0.323105302508416,-0.046103289369897,-0.211734856750711,-0.0087089457136004,0.0209074263999106,-0.000881962531439531
-0.0818712907539849,0.344262189041057,-0.0441035380345395,-0.203274947572473,-0.00909311622603322,0.0211130223377211,6.94701524505034e-05
-0.127406473832871,0.364400614634353,-0.0421655056047638,-0.19403680995024,-0.00943171572710013,0.0212493080183709,0.00100393867025621
-0.172160811665413,0.383383163033536,-0.0402826394025039,-0.18396654105547,-0.00972830235363917,0.0213006744621197,0.00189890857017601
-0.216044425198453,0.401052053350474,-0.0384337437385129,-0.172994603931839,-0.00998762819095001,0.0212515544078791,0.00273276703887781
-0.258982847618238,0.417237095073021,-0.0365875017289491,-0.161032442592185,-0.0102148265676776,0.0210878538549914,0.0034851225361834
-0.300908680420067,0.431767571759154,-0.0347081311587463,-0.147975492489542,-0.0104149462700465,0.0207985216360185,0.0041372947043584
-0.341755115996733,0.444487886504377,-0.0327618325768442,-0.13371341819304,-0.0105928625258927,0.0203770878520112,0.00467298995164025
-0.381451629014408,0.4552757473692,-0.030723386019623,-0.118146676129962,-0.0107535154351538,0.0198229288888148,0.00507909757024613
-0.419922045390818,0.464059516051454,-0.0285817803415405,-0.101206138242964,-0.0109023177032463,0.0191419332504564,0.00534647788794948
-0.457085072534868,0.470830432650222,-0.0263436159328287,-0.0828709321543704,-0.0110455231112792,0.0183463078893858,0.00547057245949229
-0.492855944359596,0.475644698913228,-0.0240332190647491,-0.0631792490037131,-0.0111903294016823,0.0174533850635154,0.00545166086752408
-0.527149456594571,0.47861511871824,-0.0216893254870789,-0.0422293145261433,-0.0113446363754766,0.0164836490273523,0.00529468557874556
-0.559883520821731,0.479893639197057,-0.0193589956211428,-0.0201701967387858,-0.0115164741681973,0.0154583463193854,0.00500866057608381
-0.590982838199446,0.479649186080395,-0.0170901686181043,0.0028147662791778,-0.0117132405099465,0.0143971537981644,0.00460578701486489
-0.620382331935679,0.478045966790383,-0.0149244701269574,0.0265273938163132,-0.0119409325023314,0.0133163079115961,0.0041004525592802
-0.648030247224145,0.475226649516775,-0.0128915970764588,0.0507723394896621,-0.012203540065307,0.0122274315779411,0.00350828659044739
-0.673890448361103,0.471302473014389,-0.011005991925638,0.0753696986464776,-0.0125026916695442,0.0111370901567283,0.00284538975387534
-0.69794419437041,0.466350885109479,-0.00926593058939203,0.100161039918501,-0.0128375806717144,0.0100469817436062,0.00212779834626314
-0.720191106830361,0.460419375502837,-0.00765470491815621,0.125009020413502,-0.0132051306675749,0.00895458280515665,0.00137118417824347
-0.740649513233823,0.453533930669688,-0.00614341860420908,0.149791862620268,-0.0136003389709583,0.00785407991316538,0.000590758309890934
-0.759355689920383,0.445710138457025,-0.00469492574114963,0.174394435808652,-0.0140167233735962,0.00673744747920132,-0.000198673287579085
-0.776361791954362,0.436965582671974,-0.00326857657480807,0.19869789224361,-0.0144468177340254,0.00559559201644028,-0.000982557837260959
-0.791732108465599,0.427332430205235,-0.00182549650473863,0.222569675025724,-0.014882677901705,0.00441952165305147,-0.00174640379294762
-0.805537045413984,0.416869125798523,-0.000334164247476925,0.245855741431542,-0.0153163717904486,0.00320152185393579,-0.00247560491914512
-0.817844692183502,0.405670153538522,0.00122409864051062,0.268376712983229,-0.0157404390980525,0.00193631354164963,-0.00315533399800508
-0.828710197421646,0.393872522286544,0.00285033190094673,0.289929484704647,-0.0161483051242197,0.000622139460254013,-0.00377055727598905
-0.838163836283116,0.381657398496408,0.00452468423813857,0.310295298948979,-0.0165346267406611,-0.000738322456724235,-0.00430621319122389
-0.84619947827007,0.369245417957307,0.00620567608566357,0.329254312776653,-0.0168955424598157,-0.00213736745022475,-0.00474758331608771
-0.852765766691964,0.356884843016639,0.00783279659144305,0.346605194455928,-0.0172287963803085,-0.00356216831799287,-0.00508085636352003
-0.857762787951672,0.344833202170533,0.00933272959430074,0.362186676863079,-0.017533721915926,-0.00499532799018891,-0.00529384977109371
-0.861046230901946,0.333334764490754,0.010628643450969,0.375896544868915,-0.0178110921157917,-0.00641614623018201,-0.00537681006475626
-0.862439911732206,0.322598047340694,0.0116510193597164,0.387703286329729,-0.0180628836213147,-0.00780252114383483,-0.00532317971683048
-0.861755316785097,0.312778269814985,0.0123478034004165,0.39764671405261,-0.0182920279585879,-0.00913323812880588,-0.00513020467871536
-0.858814913474781,0.303968987591448,0.0126916117342685,0.40582648523582,-0.0185022360278906,-0.0103902702672787,-0.00479927834248472
-0.853474783727079,0.296204901812618,0.0126824200911559,0.412380689003968,-0.0186979602512024,-0.0115606834927139,-0.00433597139205759
-0.845642094614459,0.289474758201635,0.0123454039867476,0.41745932057889,-0.0188845035149529,-0.0126378273179647,-0.0037497666344701
-0.835284347117652,0.283740622138295,0.0117248910700946,0.421198679362078,-0.0190682172692365,-0.0136216688075289,-0.00305358148580095
-0.822429369296554,0.278958451472937,0.0108762550652298,0.423702103709256,-0.0192566688998369,-0.0145183208091672,-0.00226319554838906
-0.807157180758979,0.275095161701235,0.0098577830384091,0.425030620181992,-0.019458626132382,-0.0153389570240554,-0.00139670031059298
-0.789586142256761,0.272138704321986,0.00872414979349181,0.425204712735842,-0.0196837027822192,-0.0160983522362916,-0.000474056498608696
-0.769856551151631,0.270099485781567,0.00752241965545407,0.424216494384549,-0.019941546547158,-0.0168132491303301,0.00048320134906714
-0.748114661866729,0.269002927381548,0.0062907568413769,0.42205008643301,-0.0202405105393492,-0.0175006624885607,0.00145212293805004
-0.724499879796835,0.268874078424707,0.00505945355952363,0.418707080855581,-0.0205858511731863,-0.0181761443428541,0.00240841640606415
-0.699137348850557,0.269715965810158,0.00385351590280591,0.414232961561315,-0.020977631394879,-0.0188519846842854,0.00332653064039434
-0.672137725440826,0.27148434373432,0.00269584061383142,0.408739287067524,-0.0214086897806274,-0.0195353508554226,0.00417987153856347
-0.643605053087667,0.274062928132887,0.00160992252022155,0.402415388662172,-0.0218632259743257,-0.0202264835039691,0.00494130357181165
-0.613652035668691,0.277244944816856,0.000621082099655732,0.395523199978302,-0.0223166693351686,-0.0209172510379196,0.00558408709942177
-0.582419720190086,0.280728021964878,-0.000244496541564444,0.388370949039897,-0.0227374110695845,-0.021590550788087,0.00608334298346804
-0.550096135524946,0.284128486831003,-0.000962982113308506,0.381266658173108,-0.0230905675788882,-0.0222211007072256,0.00641798984223209
-0.516927265900142,0.287016751956811,-0.00151753041389365,0.374460131858828,-0.0233432318292792,-0.022777954621586,0.00657287970929522
-0.483214986434585,0.288968169772396,-0.00190271536328821,0.368089126283745,-0.023469923675394,-0.0232285566840557,0.00654065234219711
-0.449300437467147,0.28961669323592,-0.00212697615180015,0.362147125883628,-0.0234566135432726,-0.0235435075122048,0.00632277569892403
-0.415536330269791,0.288696306717267,-0.00221201177509632,0.35648396336527,-0.0233020894424006,-0.0237008068138969,0.00592943000909192
-0.382255383759706,0.2860596401712,-0.00218931532527984,0.350838639856466,-0.0230164439079485,-0.0236884577654305,0.00537826340946521
-0.349742610938614,0.28167214117869,-0.00209512482477358,0.344892389553419,-0.0226175233321616,-0.0235049298262847,0.00469240148741299
-0.318216738216873,0.275588659782315,-0.0019654006251786,0.338325163250807,-0.0221267437540744,-0.0231577331425675,0.00389825022415537
-0.287822261952685,0.267923227040101,-0.00183199864442624,0.33086136286009,-0.0215655481342717,-0.0226608630924805,0.00302355237432208
-0.258630557209334,0.258821663289319,-0.00172042360863395,0.322297656215019,-0.0209532103388298,-0.0220319698451052,0.00209594353790553
-0.230647037971423,0.248442561226074,-0.00164889670591782,0.31251267233246,-0.0203060706033398,-0.021289891030889,0.00114203946879986
-0.203821454775417,0.23694772477359,-0.00162819637503695,0.301462637381743,-0.0196378708890893,-0.0204528541860204,0.000186947885013472
-0.1780594026319,0.224500012703964,-0.0016618049323179,0.289168339821697,-0.0189607047383159,-0.0195373767414502,-0.000745953417194786
-0.153234238456759,0.211265120617117,-0.0017461565338845,0.2756981864533,-0.0182861273264515,-0.0185577295955754,-0.00163512306294312
-0.129199298777832,0.197413691510005,-0.00187106060148204,0.261150578542702,-0.0176260771069333,-0.017525769752981,-0.0024609621012287
-0.105800615664575,0.183121049891648,-0.00202054625966794,0.245637579905808,-0.0169933947664325,-0.0164509756333145,-0.00320598667795318
-0.0828900387059591,0.168563150874103,-0.00217437454155677,0.229270963983692,-0.016401843537048,-0.0153405774212796,-0.00385508594428318
-0.0603380324809482,0.153908746909543,-0.00231029850366995,0.212151286491317,-0.0158656379026119,-0.0141997364053111,-0.00439583818378473
-0.0380448182288506,0.13930914782926,-0.00240688193265377,0.194360612412187,-0.0153985876762676,-0.0130317811864101,-0.00481882468680103
-0.0159481248721733,0.124887698389236,-0.00244642316382552,0.175959270479002,-0.0150130283289988,-0.0118385168917241,-0.00511786409218025
0.00597388795444377,0.110731424946453,-0.00241739324854241,0.156986857069684,-0.0147187584740475,-0.0106206230581743,-0.00529010141167402
0.027705216331709,0.0968866826378638,-0.00231585325833469,0.137466987260045,-0.014522184752306,-0.0093781147073882,-0.00533591392113673
0.0491995925606974,0.0833597415007099,-0.00214555536133619,0.117414793453634,-0.0144258284688817,-0.00811082015162328,-0.00525863993579709
0.0703915125974008,0.0701220900750084,-0.00191675996542029,0.096845688848706,-0.0144282619001082,-0.00681881268180512,-0.00506417394042798
0.0912085591838876,0.0571192039844612,-0.00164409511575644,0.0757836914968877,-0.0145244399137086,-0.00550273128807791,-0.00476048804728261
0.111582903748214,0.0442811309001279,-0.00134396227097625,0.0542680920063503,-0.0147063400747738,-0.00416396342939895,-0.00435714854386773
0.131460489201605,0.03153305386739,-0.00103200894273464,0.0323576658281136,-0.0149637737298287,-0.00280468331086324,-0.00386487768461194
0.15080686257062,0.0188042001028152,-0.000721115005719543,0.0101321808571932,-0.0152852185986261,-0.00142777153975385,-0.00329519128864883
0.169609684504216,0.00603404130337686,-0.000420159250616964,-0.012308354252758,-0.0156585618742686,-3.66663625076173e-05,-0.00266012769967352
0.187877598491113,-0.00682486948237188,-0.000133684149832352,-0.0348461558828206,-0.0160716200745656,0.00136480004049266,-0.00197205922678844
0.20563688164168,-0.0198072361487533,0.000137567907175399,-0.0573489075175348,-0.0165125042475469,0.00277250291089291,-0.00124361088370062
0.22292645418696,-0.0329384379384983,0.000395397419132456,-0.0796737044866542,-0.0169698139968446,0.00418205203893945,-0.000487662116404934
0.239791637509769,-0.046240539167394,0.000642397287937128,-0.101671746657721,-0.0174326796229196,0.00558874687677351,0.000282593739415439
0.256276418629106,-0.0597399750825014,0.000879993920815996,-0.123193886579824,-0.0178906656124361,0.00698747211778904,0.00105356019721601
0.272414977206349,-0.0734759968708918,0.00110659916199296,-0.144097295298316,-0.0183336296559351,0.00837257487328259,0.00181114118644273
0.288222599402462,-0.087508521312241,0.00131622537415193,-0.164253470014479,-0.018751592643968,0.00973777194067038,0.00254067181882885
0.303686848625378,-0.101924063581371,0.00149790148076965,-0.183557447249593,-0.0191346948178583,0.0110761436221405,0.003226912278229
0.31876030352829,-0.116838314551018,0.00163617218744596,-0.201937596245094,-0.019473309662412,0.0123802625535033,0.00385414504370874
0.333356389620728,-0.132393976813131,0.00171282548067209,-0.21936451237751,-0.0197583537035823,0.0136424746236039,0.00440641320133981
0.347350317846705,-0.148752955134488,0.00170977058619811,-0.235856983810486,-0.0199818168310326,0.0148553205950056,0.00486793224529239
0.360586828510576,-0.166082818060778,0.00161269483680221,-0.251482668131356,-0.0201374855509255,0.0160120448010491,0.00522369238217956
0.372895480639406,-0.184538683200234,0.00141482715772307,-0.266351509871129,-0.0202217718404347,0.0171071012715408,0.00546024093927688
0.384112444440425,-0.204243084549351,0.00111993378953987,-0.280601194131707,-0.0202344951692419,0.0181365452167438,0.00556659326539669
0.394105578231879,-0.225267561912627,0.000743690719627064,-0.294376017033121,-0.0201794209134992,0.0190982035693914,0.00553517252890841
0.40279763434675,-0.247620032565394,0.000312894749835829,-0.307802803595072,-0.0200643517840873,0.0199915514613889,0.00536263750439763
0.410181938196801,-0.271241079345702,-0.000137444263134838,-0.320969144818401,-0.019900631193834,0.0208172859728872,0.00505044773764011
0.416326270101442,-0.296009971806278,-0.000568429785398825,-0.333909239454753,-0.0197020360340691,0.0215766573869178,0.00460505099667563
0.421363897753581,-0.321758210972482,-0.00094186738002254,-0.346600834315106,-0.0194831924527404,0.0222706746735161,0.00403765791699644
0.425474412727023,-0.348285701921562,-0.00122393718581022,-0.358973626483725,-0.0192577870965468,0.0228993203202093,0.00336366350097008
0.428859792352347,-0.375373587389686,-0.00138722104191118,-0.370926346988421,-0.0190369318793225,0.0234608963310972,0.00260184800530477
0.431721677500338,-0.402788853439707,-0.00141108416167987,-0.382347616067442,-0.0188280397587372,0.0239515844629551,0.00177351118513271
0.434244404937774,-0.430278971960042,-0.00128109581573081,-0.393135232845464,-0.01863448834563,0.0243652689077729,0.000901665518574412
0.436585752444079,-0.457559072971876,-0.000988523073130145,-0.403209605997319,-0.0184561904235166,0.0246936474937163,1.03565668279819e-05
0.438874835154295,-0.484297857150506,-0.000530812989175615,-0.412518912092335,-0.0182909646361119,0.024926645425422,-0.000875883875186697
0.441215270984927,-0.510110391496438,8.65553070830373e-05,-0.421035623884762,-0.0181363491874476,0.0250531355542546,-0.00173248887343151
0.443691417226925,-0.534564546900957,0.000847199876655296,-0.428745908121937,-0.0179912951188331,0.0250619538144829,-0.00253528438940028
0.446376104196308,-0.55720414256609,0.00172097105793453,-0.435634555663137,-0.017857132467091,0.0249431638230531,-0.00326097799324128
0.449338421453681,-0.577586305411593,0.0026624805168132,-0.441668848278503,-0.0177373848442764,0.0246894713191052,-0.003887796236646
0.452650081218555,-0.595326158574868,0.00361233108996387,-0.446784840788637,-0.0176363948832111,0.0242976065002731,-0.00439632341092366
0.456388296817932,-0.610139327707001,0.00450178721188181,-0.450879363807083,-0.0175571736208867,0.0237694125385519,-0.00477052836735918
0.460633358123211,-0.621872892815453,0.00526064754845809,-0.453810357204819,-0.0174992187096794,0.0231123377610514,-0.00499886226650516
0.465460390957352,-0.630517694904805,0.00582692092658156,-0.455406686643015,-0.0174571046014132,0.0223390843370051,-0.00507521359144782
0.470926962001024,-0.636198951566514,0.00615598340517956,-0.455486358034672,-0.0174203937499059,0.0214663449029367,-0.00499947138702722
0.477060167166,-0.639147261492064,0.00622669302000454,-0.453879645967118,-0.017374950186186,0.0205128184294144,-0.00477751250112149
0.483847255290475,-0.639656685437515,0.00604270037901569,-0.450451944809193,-0.0173052495662566,0.019496917516016,-0.00442057666144003
0.491232495278982,-0.638039249582645,0.00562867243944717,-0.445121176505229,-0.0171969863823157,0.0184346598150785,-0.00394415921594283
0.499120644816641,-0.634584965557519,0.00502269229382162,-0.437866423706701,-0.017039279752628,0.017338143142562,-0.00336665962247668
0.507385286519712,-0.629533687720715,0.00426705222254468,-0.428727261331982,-0.0168260217386679,0.0162147987630943,-0.00270803797893205
0.515879182892478,-0.62306105222135,0.00339973743501185,-0.417795658617769,-0.0165562399197507,0.0150673989759347,-0.00198866784464472
0.524444104973981,-0.615277383216085,0.00244827937956802,-0.405203761294873,-0.0162336244264332,0.013894656977366,-0.00122848072208806
0.532918449668794,-0.606236219871803,0.00142674622379017,-0.391110801487935,-0.0158655111988461,0.012692205820869,-0.00044641363866724
0.541142127538848,-0.595948570476914,0.000335817218092166,-0.37569152893793,-0.0154616339422605,0.01145376895838,0.000339881714061916
0.548959032043887,-0.584399390973282,-0.000834648057531062,-0.359127280177218,-0.0150328948304363,0.0101723884195157,0.00111413413576208
0.556217918257824,-0.571563746027609,-0.00210136843803762,-0.341599726956223,-0.0145903150738584,0.0088416303100611,0.00186142206101892
0.562772607493953,-0.557421000295551,-0.00348257325484745,-0.323286602901202,-0.0141442417052941,0.0074567185403289,0.00256807964240582
0.568482382970165,-0.541966172736404,-0.00499287381391324,-0.304358484392176,-0.0137038279602241,0.0060155570778974,0.00322159136042364
0.573213099638023,-0.525217931773943,-0.00663873796959468,-0.284975744233972,-0.0132767657175158,0.0045195884990176,0.00381051383166254
0.57683926718085,-0.507223005913513,-0.00841513370881089,-0.265285183060224,-0.0128692317985979,0.00297441889604609,0.00432445050715151
0.579247000636661,-0.488056899283158,-0.0103038001479177,-0.24541628161807,-0.0124860008164425,0.0013901239657846,0.00475409217285402
0.580337406809221,-0.467820957889742,-0.0122734516491501,-0.22547745595897,-0.01213067205798,-0.00021884737700551,0.00509132368050051
0.580029797459149,-0.446636162669844,-0.014281992825855,-0.205553053921293,-0.0118059548189501,-0.00183422861995017,0.00532938604818654
0.578263931861019,-0.424634240632801,-0.0162805406010134,-0.185701933639693,-0.0115139507985264,-0.00343495536755027,0.00546307237076243
0.575000767912373,-0.401947450305865,-0.0182186850025242,-0.165958412130745,-0.0112563786848806,-0.00499857892298466,0.0054889294682993
0.570221152517548,-0.378698176489985,-0.0200502072348807,-0.146335937888284,-0.0110346864162156,-0.00650292995555629,0.00540543180957361
0.56392250362024,-0.354989950379569,-0.0217383054789427,-0.126833389235331,-0.0108500216800825,-0.00792782761833632,0.00521309768613376
0.556113934495456,-0.330901151025591,-0.0232594828569666,-0.107443327928961,-0.0107030566521996,-0.00925661046232294,0.00491452607509159
0.546810405077371,-0.306481983145214,-0.0246055303462497,-0.0881610194221981,-0.0105936893862023,-0.0104772901512604,0.00451434422080226
0.536027048063047,-0.281754900655348,-0.0257834708055479,-0.0689929130579183,-0.0105206787788507,-0.0115832025536884,0.00401907598211054
0.523774581375755,-0.256717834773845,-0.0268137540213202,-0.0499632640696649,-0.0104812831975855,-0.0125731228346935,0.00343695402424162
0.510056657241611,-0.231349234471113,-0.0277273114867168,-0.03111790366007,-0.0104709796261482,-0.0134509034636391,0.00277771018170757
0.494869774936935,-0.205613839273805,-0.0285622013427356,-0.0125245772085765,-0.0104833331169262,-0.0142247600092071,0.00205238136316811
0.478205869032507,-0.179468196017474,-0.0293604743737856,0.0057303560488351,-0.0105100652110555,-0.0149063492310682,0.00127316187722346
0.460057707792208,-0.152865513356508,-0.0301656601678617,0.0235487285889107,-0.0105413553455455,-0.0155097751067836,0.000453324376299334
0.44042677392355,-0.125759847552949,-0.0310209451502122,0.0408305706650644,-0.0105663850247552,-0.0160506097299982,-0.000392784591106907
0.419332895667481,-0.0981100459408461,-0.0319678045630126,0.0574868207959003,-0.0105741123138617,-0.0165449532651087,-0.00124968446861801
0.396824877970169,-0.0698842958683439,-0.0330446730079158,0.0734539305255284,-0.0105542508849749,-0.0170085194912216,-0.00210066155606584
0.372990691194849,-0.0410660726570067,-0.0342851538547971,0.0887091326583658,-0.0104983961460629,-0.0174556849911768,-0.00292767700155754
0.347964606759674,-0.0116617857428243,-0.0357153728901181,0.103284203664252,-0.0104011873018882,-0.0178984319834576,-0.00371134572582108
0.321929226740099,0.0182899837951486,-0.0373504608987514,0.117274805588102,-0.0102613692714219,-0.0183451869801679,-0.00443107323917158
0.295108930594064,0.0487091120610733,-0.0391905317508197,0.130841564354299,-0.0100825320436908,-0.0187995964789382,-0.00506544702828018
0.267753315762525,0.0794667893722069,-0.0412171630114879,0.144199365260804,-0.00987330841541288,-0.0192594535863932,-0.0055929794711552
0.240110528286988,0.110383882249528,-0.0433917216364025,0.157592834106549,-0.00964682122618539,-0.0197160724601219,-0.00599324992583373
0.212393884593619,0.141237722000072,-0.0456568716973448,0.17125944417839,-0.00941930027848103,-0.0201544560770988,-0.0062483931861728
0.184749410131693,0.171778623232233,-0.0479420553609715,0.185386732594755,-0.00920803347899843,-0.0205545499298541,-0.00634475392893618
0.157233084635587,0.201754208774211,-0.0501723970108656,0.200073831417381,-0.00902904304902685,-0.0208935582642429,-0.00627438450003737
0.129805859923926,0.230936298860051,-0.0522791596107017,0.215308681946346,-0.00889506497427017,-0.021148977020482,-0.0060360335443837
0.102349034532354,0.259143511058161,-0.0542090265994387,0.230968257489741,-0.00881434503258563,-0.0213016862973218,-0.00563537539540864
0.0746958583434299,0.286253133965158,-0.0559296439958146,0.246841697122296,-0.00879049864642782,-0.0213383697477417,-0.00508443962254047
0.0466698496894526,0.312199730859905,-0.0574301881536397,0.262668622830797,-0.00882328630516738,-0.021252756231669,-0.00440044346156197
0.0181191127175925,0.336961883133574,-0.0587173375751549,0.278180906320259,-0.00890986020544107,-0.0210455647914006,-0.00360436254221495
-0.01106138433137,0.360541644500381,-0.0598082861502883,0.293136900690066,-0.00904594229722443,-0.0207234029135231,-0.00271957214795608
-0.040922910753018,0.382942260891581,-0.0607228737880215,0.307341389404232,-0.00922651167480304,-0.0202970700282944,-0.00177077999429847
-0.0714704259274338,0.404149042090213,-0.0614766533155549,0.320649704818621,-0.00944581280272053,-0.0197797292602004,-0.000783327579383035
-0.102680581347821,0.424116652114279,-0.0620760861347079,0.332958435326327,-0.00969673206546937,-0.0191852763441124,0.000217185038891924
-0.134525229509482,0.442764584133795,-0.0625164504951443,0.344187402490541,-0.0099697741147926,-0.0185270639587889,0.00120507002775244
-0.166995103776523,0.459981448821246,-0.0627825870946257,0.354258402553724,-0.0102519856643479,-0.017816996882502,0.00215466852219205
-0.200118457744079,0.475637771310019,-0.0628522633374606,0.363076169584179,-0.0105262284440034,-0.017064933667501,0.0030405639794518
-0.233969932243989,0.489605886784742,-0.0627015990122975,0.370516462765567,-0.0107711901013023,-0.0162783185572776,0.00383801772984723
-0.268666160389875,0.501784091834161,-0.0623116067133867,0.376425082623341,-0.0109624202415166,-0.015462009172427,0.00452370092735007
-0.30434698921473,0.512120392839741,-0.0616744880841963,0.380629473700574,-0.0110744599394021,-0.0146183182971278,0.00507671656511846
-0.341144807228291,0.520630116630354,-0.0607981453000368,0.382961584353692,-0.0110838207832904,-0.0137473269233251,0.00547980596865632
-0.379148400696869,0.527402056547122,-0.0597076123998171,0.383287180012243,-0.0109722422266233,-0.012847505336501,0.00572054282651734
-0.418370303688811,0.532590187236654,-0.0584428551510809,0.381534004279794,-0.0107294515672309,-0.0119165923189889,0.0057922704236942
-0.458726552471221,0.536392396732671,-0.0570534975394021,0.377710910034913,-0.0103547077511309,-0.0109525831887262,0.00569456989420393
-0.500034247438257,0.539021686039949,-0.0555919564568058,0.371912349695651,-0.00985673033254489,-0.00995460172331639,0.00543314989667283
-0.542026987431932,0.540677614753989,-0.0541068538665566,0.364307188074692,-0.00925209095875354,-0.00892344971680724,0.00501918997597579
-0.584383069811261,0.541524925077037,-0.0526382323334766,0.355115469797007,-0.0085625648464355,-0.00786172889955043,0.00446829189785417
-0.626758575362462,0.541683116386266,-0.0512152965008648,0.344579862971542,-0.00781214819668981,-0.00677357314237515,0.00379925727032961
-0.668817543277803,0.541226683693518,-0.0498565362607402,0.33293890372087,-0.00702440041151559,-0.00566414246857719,0.00303290302688405
-0.710253897927169,0.540192793822673,-0.0485715323602002,0.320407456567125,-0.00622055116454901,-0.00453907653283035,0.00219107059038779
-0.75080296378255,0.538592018593522,-0.0473635867608779,0.307166978441758,-0.00541854192613743,-0.00340407471152701,0.00129590781566949
-0.79024313773392,0.536418394094847,-0.0462324723468721,0.293365503880526,-0.00463294939490139,-0.00226469152490575,0.000369432273879301
-0.828389865142323,0.533656704253682,-0.0451768676083521,0.279125388988058,-0.00387560175343578,-0.00112634407194723,-0.00056666735459428
-0.865084507951103,0.530286647195014,-0.0441962789555526,0.264555884011818,-0.00315663738073381,5.54838141562166e-06,-0.00149106598140892
-0.900180417130779,0.526284818820177,-0.0432923837701447,0.249767314032338,-0.00248573803387202,0.00112541696735372,-0.00238276136267542
-0.933528176017716,0.521626042616218,-0.0424697613570362,0.234883773043576,-0.0018732679703087,0.0022275178904728,-0.00322104917999745
-0.964961819536977,0.516285393546627,-0.0417359574987534,0.220051543499383,-0.00133105729532829,0.00330612637539776,-0.00398559997190138
-0.994287932883518,0.510241486094894,-0.0411008158737304,0.205440962280874,-0.000872594027619218,0.0043559793115914,-0.00465670948966442
-1.02128003307126,0.50348070365955,-0.0405750740791616,0.191240409938093,-0.000512459093989633,0.00537290308237665,-0.00521576794834673
-1.04568046558275,0.496001016952397,-0.0401683637628051,0.177642438991306,-0.000264976529832828,0.00635448332383174,-0.0056459539340433
-1.06721165111848,0.487813848413106,-0.0398869506262728,0.164824046283445,-0.000142236458531821,0.00730053999026164,-0.0059331002707931
-1.08559655793393,0.478942549057611,-0.0397317493689818,0.152924894748566,-0.000151882208341295,0.00821322536607972,-0.00606662791080155
-1.10058579113855,0.469417245034323,-0.0396971779438937,0.142028597270571,-0.000295194957631497,0.00909661142488403,-0.00604039405863562
-1.11198606502592,0.459267105186787,-0.0397712637756863,0.132152018029323,-0.000566024957637783,0.00995579939339117,-0.00585329262019276
-1.11968356746896,0.448512233869276,-0.0399370676387668,0.123245766177916,-0.000950934208529932,0.010795737668919,-0.00550948105616094
-1.12365638047979,0.437157621338699,-0.040175073402939,0.115206009126563,-0.00143058274439567,0.0116200280265373,-0.00501818392051767
-1.12397300369404,0.425190924063229,-0.0404658980190649,0.107894593976925,-0.00198203413646466,0.0124299736674371,-0.00439312095112214
-1.12077808644918,0.412584773560469,-0.0407926203735432,0.101162260184771,-0.00258140899724749,0.0132240467686941,-0.00365168294760097
-1.1142693718172,0.399303052230058,-0.041142209045491,0.0948693579078013,-0.00320627763676049,0.0139977664251095,-0.0028140226420706
-1.10467165958806,0.385310185776331,-0.0415058549786245,0.0888996683491285,-0.00383732523907683,0.0147438958572367,-0.00190221374169439
-1.09221244487857,0.370582265291987,-0.0418782985202771,0.0831650488046028,-0.00445906856412594,0.0154528145221108,-0.000939581506007573
-1.07710217603893,0.355119070044266,-0.0422564394509024,0.0776009251481387,-0.00505964984589278,0.0161129625433443,4.97575728929823e-05
-1.05951965196856,0.338955938888107,-0.0426375797584842,0.0721544786626811,-0.00562991817799618,0.016711333758552,0.00104117438670687
-1.03960174978124,0.322174066650936,-0.0430176509549974,0.0667686384874333,-0.00616211947497345,0.0172340783205218,0.00200970135516427
-1.01743610928324,0.304907005193083,-0.0433897479186609,0.0613657216819845,-0.00664856607441066,0.0176673192294903,0.00293021212257384
-0.993056546749743,0.287340634226658,-0.0437432935688698,0.0558349375588643,-0.00708066493607488,0.0179982789371974,0.00377773106069402
-0.966442051804935,0.269703746573796,-0.0440641223697866,0.0500277948327692,-0.00744863703601893,0.0182167243253696,0.00452798969696827
-0.937521385811514,0.252247548302658,-0.0443356743106334,0.0437644611420057,-0.00774213657987363,0.0183165932559165,0.00515830800465235
-0.906185723767511,0.235215092032746,-0.0445412849434733,0.0368519583123822,-0.00795175661462925,0.0182975042630638,0.00564879922031161
-0.872309963794082,0.218805303237055,-0.0446672058855022,0.0291117089396598,-0.0080711044753717,0.0181657276869809,0.00598377676925167
-0.835780599725069,0.203139850547064,-0.0447056485347744,0.0204102978909623,-0.00809885145314961,0.0179342156612824,0.00615311504572424
-0.796524608727833,0.188242374539172,-0.0446569579308615,0.010684960207502,-0.00804004866888716,0.0176214804780195,0.00615323963018093
-0.754531895542962,0.17403712102137,-0.0445301767258176,-4.40740400504125e-05,-0.00790616910642085,0.0172494397548447,0.00598745910001534
-0.709864909085233,0.16036813613108,-0.0443417564245081,-0.0116782866031924,-0.00771375461150199,0.0168406751604437,0.00566551342493864
-0.662652841562134,0.147033340535283,-0.0441127975152265,-0.0240608203955914,-0.00748202711972797,0.0164157175259048,0.00520243950668723
-0.613072400816118,0.133823270489308,-0.0438656376508443,-0.0370051037634073,-0.00723013111064428,0.0159908982806187,0.00461703475681483
-0.561320920951007,0.120554097846535,-0.0436207030039069,-0.0503238417555987,-0.00697469533640978,0.0155770686891676,0.00393026185321399
-0.507588805959375,0.107088009653967,-0.0433943014585171,-0.0638515614435524,-0.00672818408566104,0.0151792123578278,0.00316387593005702
-0.452036492413846,0.0933387297263886,-0.0431975998540193,-0.0774571632428429,-0.00649819624875078,0.0147967620250545,0.00233942176258421
-0.394779913348334,0.0792642406157772,-0.0430367555700551,-0.0910463038341866,-0.00628763116593141,0.0144243843662675,0.00147763093671371
-0.335885070882444,0.0648506811705226,-0.0429138900975181,-0.104555628514521,-0.00609548893011824,0.0140529930569086,0.000598155609521394
-0.275371772274353,0.0500920589046785,-0.0428286087540697,-0.117941930144934,-0.00591805012281353,0.013670853339813,-0.000280456095943946
-0.213224757513913,0.0349696612052777,-0.0427796953105646,-0.131169185101003,-0.0057501913847123,0.0132646867525441,-0.0011406502678507
-0.149411383867575,0.0194345267597289,-0.0427667685784808,-0.144196175068914,-0.00558665709104309,0.0128207788889745,-0.00196571335763253
-0.0839042389745145,0.00339557678365471,-0.042791669913041,-0.156966780055837,-0.00542314308975506,0.0123260957464561,-0.00273965351934584
-0.0167067896878401,-0.0132844280302717,-0.0428593605984696,-0.169404435090042,-0.00525708181387476,0.0117693992411584,-0.00344717756372753
0.0521200452849309,-0.0307834127824932,-0.0429782461376457,-0.181412053070192,-0.0050880634418587,0.0111423492862322,-0.00407380940108964
0.122434241205755,-0.0493044550603367,-0.0431597778589045,-0.192877696375222,-0.00491784808986673,0.0104404881183531,-0.00460617214653507
0.193996301806421,-0.0690512923474565,-0.043417337360249,-0.203685497887317,-0.00474998289759837,0.00966396945598266,-0.00503242633404051
0.266464701003225,-0.0901982296978992,-0.0437645371987998,-0.213730123403695,-0.00458910147883346,0.00881786492691103,-0.00534281823415147
0.339406054200165,-0.112859902023054,-0.0442131809734136,-0.22293171330257,-0.00444004600037229,0.00791189236759923,-0.00553024743584802
0.412319921036715,-0.137067474562767,-0.0447713026262815,-0.231247826512507,-0.00430700734283531,0.00695951170443519,-0.00559074160379376
0.484674429670847,-0.162757129165503,-0.0454417209237575,-0.238679200547467,-0.00419288171783968,0.0059764630825113,-0.00552372982634384
0.555945739582306,-0.18977390580615,-0.0462214406054848,-0.245267517619008,-0.00409898997329882,0.00497895819024874,-0.00533204513655966
0.625653428310546,-0.217890055470167,-0.0471020440804871,-0.251085551649179,-0.00402521064847686,0.00398182739998321,-0.00502165432370953
0.693385043208452,-0.246833259251686,-0.0480709365877143,-0.256221893197855,-0.00397046332948186,0.00299692202994516,-0.00460117494379856
0.758806662466417,-0.27631808701973,-0.0491131396969626,-0.26076377564689,-0.00393339515063331,0.00203199528736941,-0.00408128541713302
0.821659799803316,-0.306074081020325,-0.0502132127684954,-0.264781418287,-0.00391308445536975,0.00109015546039082,-0.00347413765191022
0.881748222515461,-0.33586585096761,-0.0513569459281094,-0.268316571193834,-0.00390959616590098,0.000169867072438612,-0.00279286171385451
0.938919627972627,-0.365503245611953,-0.0525325895437813,-0.271376663547497,-0.0039242788791782,-0.00073460464865742,-0.0020512136641518
0.993047146227596,-0.39484216269574,-0.0537315451167198,-0.273934830880684,-0.00395976294096244,-0.00163243681660118,-0.00126338068519616
1.04401449014463,-0.423778136718218,-0.0549485628278494,-0.27593527514605,-0.00401967810472751,-0.00253529407927951,-0.000443928337999002
1.09170677291355,-0.452235322006629,-0.0561815386014704,-0.277302912247786,-0.00410814729278691,-0.0034562507366827,0.000392144143520095
1.13600746003773,-0.480153260946271,-0.0574309992940169,-0.277956079627612,-0.00422913091404391,-0.00440862131364231,0.0012292843125798
1.17680055062511,-0.507473163389266,-0.0586993072997002,-0.277820921558027,-0.00438569969071856,-0.00540470127037773,0.00205125212310148
1.21397624412715,-0.534124816431429,-0.0599895555132251,-0.276845879325876,-0.00457931437226528,-0.0064544143828278,0.00284102379085461
1.24743825697044,-0.560015077987669,-0.0613041121514582,-0.275014487950027,-0.0048091971160511,-0.00756389118580347,0.00358079101600713
1.27711073191804,-0.585018936555668,-0.0626428075880255,-0.272354293361315,-0.00507188998299499,-0.00873406220180444,0.00425211563355661
1.30294304366545,-0.608974541241205,-0.0640008900204856,-0.268939571185227,-0.00536110654421041,-0.00995943382411664,0.00483629769121364
1.32491116890945,-0.63168387014521,-0.0653670667191493,-0.264885829572997,-0.00566797459160194,-0.0112272989750949,0.00531500096858525
1.34301485421135,-0.652920457019447,-0.06672213725838,-0.260335178970702,-0.00598172292320687,-0.0125176800398838,0.00567114589039931
1.35727083073751,-0.672444612741968,-0.0680388211070297,-0.255433701426054,-0.00629077380421127,-0.0138042623764164,0.00589002230417412
1.36770319574575,-0.690024634575719,-0.0692832516778165,-0.250304481701852,-0.00658407530797082,-0.015056415645234,0.00596049894549915
1.37433358631214,-0.705460631203068,-0.0704182616734448,-0.245022269876234,-0.00685239247598986,-0.0162421383094844,0.00587614026353737
1.37717374003067,-0.718605924137578,-0.0714080165885565,-0.239596285945788,-0.00708922772824689,-0.0173314622519339,0.00563601314415749
1.37622264695921,-0.729381128715552,-0.0722230493121764,-0.233965995013905,-0.00729111409816395,-0.0182996579519644,0.0052450096805909
1.37146922363933,-0.737777945099991,-0.0728445226687999,-0.228010983438412,-0.00745721233745015,-0.0191295918468225,0.00471362281147658
1.3628988836448,-0.743852185448561,-0.0732666731515373,-0.221571673534189,-0.00758836950598637,-0.0198128102229721,0.00405724507197509
1.3505018199016,-0.74770864234674,-0.0734969166954619,-0.214474813028476,-0.00768597565494667,-0.0203492915970195,0.00329517052141606
1.33427956790175,-0.749481326175005,-0.0735536264453834,-0.206556980153884,-0.00775099887344732,-0.0207461282882657,0.0024495131284844
1.31424789173409,-0.749312860826391,-0.0734620683865847,-0.197681174527101,-0.00778350091070872,-0.0210155899088971,0.00154422285488677
1.29043515181053,-0.747335543950711,-0.0732491679534852,-0.187744357467329,-0.0077827737495456,-0.0211730218793092,0.000604300829961477
1.26287687192584,-0.743655287836515,-0.0729378073724932,-0.176676575927176,-0.00774806617917047,-0.0212349082866892,-0.000344771366207726
1.23160863180851,-0.738338949834599,-0.0725413469593259,-0.164434250806861,-0.00767973363101754,-0.0212172628056507,-0.001277442759642
1.19665981250031,-0.731405326854471,-0.0720590950521746,-0.150991033605705,-0.00758055444940667,-0.0211343657737973,-0.00216844244661896
1.15805115231563,-0.722820805927348,-0.0714735871937152,-0.136329649531552,-0.00745691325487538,-0.0209977977351729,-0.00299318112165945
1.11579830093847,-0.712501199321991,-0.0707505916482977,-0.120437390134952,-0.0073195463560262,-0.0208157183581413,-0.0037283076812081
1.06992232143303,-0.700321466797616,-0.0698425799179896,-0.103306686512495,-0.00718358886689327,-0.0205923972446113,-0.00435248341090205
1.02046587360002,-0.686133931698987,-0.0686957818089871,-0.0849405796501341,-0.00706777205368503,-0.0203280694510986,-0.00484736379108379
0.967511789573066,-0.669793556111884,-0.0672599410076637,-0.0653613128496472,-0.00699280288524629,-0.0200192266556078,-0.00519868373967226
0.91119906876075,-0.651186045157926,-0.0654987664024876,-0.0446190989027508,-0.00697918074107425,-0.0196594134308939,-0.00539725357094235
0.851731185191971,-0.630252446831937,-0.0633983973329704,-0.0227979140454142,-0.00704489532711464,-0.019240478072911,-0.00543963273310968
0.789373489001875,-0.607003872120236,-0.0609714608600462,-1.6154591551e-05,-0.00720351443823095,-0.0187540760846669,-0.00532829103550965
0.724440446007705,-0.581522940474197,-0.0582556094736974,0.0235781752343226,-0.00746306487401098,-0.0181931316637841,-0.00507119307597466
0.657275741925568,-0.55395182849632,-0.0553070890796013,0.0478162831506579,-0.00782585691759128,-0.0175529460036602,-0.00468089104348347
0.588231042724732,-0.524471379865819,-0.0521914157805432,0.0725188130755242,-0.00828912696028752,-0.0168317664153953,-0.00417333212928939
0.517648219540829,-0.493277147226838,-0.0489737267769391,0.0975048785417544,-0.0088461761947558,-0.016030786555231,-0.00356662128074314
0.445848262247097,-0.460557781925577,-0.0457109592135718,0.122597999815701,-0.00948763401480865,-0.0151536925324542,-0.00287993820501985
0.373127958704899,-0.426479863327462,-0.042447130755964,0.147628273685984,-0.0102025431653129,-0.0142059581492469,-0.0021327249634862
0.299763197666281,-0.391180452940482,-0.0392119304167278,0.17243105232871,-0.0109791004144083,-0.0131940831134434,-0.00134416964897609
0.226017076445482,-0.354767369742928,-0.03602216185761,0.196843219034417,-0.0118050288336608,-0.012124931178461,-0.000532950039922675
0.152150081334416,-0.317325617124974,-0.0328851711613673,0.220698416588039,-0.0126676507263249,-0.0110052357881103,0.0002828381701314
0.0784302803439754,-0.278928617306755,-0.0298033755176698,0.243822876485699,-0.0135538006308803,-0.00984129470328327,0.0010856518809043
0.00514130952511061,-0.239652343784646,-0.0267790264636344,0.266033253983719,-0.0144497249630897,-0.00863881275100783,0.001858451922982
-0.0674133602631411,-0.199590737734255,-0.0238184773082247,0.287137670844215,-0.0153411095501318,-0.00740284200606452,0.00258470213445014
-0.13891089351678,-0.158870695252926,-0.020935329549705,0.306940687187601,-0.0162133425226928,-0.00613777231403592,0.00324846456076552
-0.209014651144119,-0.117664644026955,-0.0181519451338248,0.325252103009849,-0.0170520602085815,-0.00484734147268155,0.00383461593616387
-0.277384280941065,-0.0761987064811645,-0.0154990049699066,0.341898645627264,-0.0178439555004319,-0.00353466374720379,0.00432918559484305
-0.343688867711147,-0.0347546859634659,-0.0130130878292113,0.356736730378652,-0.0185777497653214,-0.00220229448760005,0.00471979138490285
-0.407620911140339,0.00633555558552041,-0.0107325779026986,0.369663816409213,-0.0192451575408718,-0.000852356607836974,0.00499612876807333
-0.468908341575145,0.0467033937045167,-0.00869262667955643,0.380625761731876,-0.0198416301475856,0.000513260502132197,0.00515045464547683
-0.527322046294349,0.0859631349524723,-0.00692016106341998,0.389618258736984,-0.0203666710149792,0.00189263683976777,0.00517800113979563
-0.582677098953633,0.12373579246443,-0.00542992441716476,0.396681587215351,-0.0208235783805717,0.00328352988754668,0.00507726053684204
-0.63482725688575,0.159673492776763,-0.0042223589910122,0.401889481998452,-0.0212185727009124,0.00468310174867123,0.00485009390065054
-0.683654232175956,0.193481472104669,-0.00328362849524396,0.405334519159746,-0.0215594098043519,0.00608771251659343,0.00450164497270561
-0.729054259211735,0.224935537428976,-0.00258753873342742,0.407112869634306,-0.0218536819014798,0.00749280348541167,0.00404006650321241
-0.770925871180646,0.253894497893769,-0.00209869169995883,0.407311619552601,-0.0221071145773492,0.00889286509647918,0.00347610386044804
-0.809162340699504,0.280308335390645,-0.00177604118993171,0.406000720189462,-0.0223221855530008,0.0102814553279259,0.00282260219092891
-0.843651178247308,0.304223291601693,-0.00157615178571769,0.403230323149997,-0.0224973671883602,0.0116512190487543,0.00209401527000011
-0.874281682226928,0.325784443753806,-0.00145579468936317,0.399033127206374,-0.0226272243574104,0.012993868695207,0.00130599055146643
-0.900959275569701,0.345234785407957,-0.00137387302699313,0.393430302196123,-0.0227034549754666,0.0143001093470419,0.000475082020848985
-0.923624076762746,0.362908637355047,-0.00129290929799038,0.386439487114301,-0.0227167890591529,0.0155595332930581,-0.000381388063321054
-0.942270011980268,0.379217010280435,-0.00118037847851549,0.378083500373744,-0.0226594531526706,0.016760545100673,-0.00124533596129496
-0.956960765035642,0.394624050675705,-0.00101007305265313,0.368398828040364,-0.0225277360650149,0.0178904052868448,-0.00209784529708617
-0.967839864278612,0.409616435368321,-0.000763538723238552,0.357443226863302,-0.0223241204520324,0.018935492880263,-0.00291910084368012
-0.975133121440643,0.424669950747765,-0.000431499324946061,0.345301392950809,-0.0220584919728821,0.0198818690339294,-0.00368842829855524
-0.979142854187346,0.440218489389259,-1.51024296515473e-05,0.332087152038763,-0.0217481091400864,0.0207161878311816,-0.00438454524400125
-0.980233603843392,0.456629505845236,0.000473290927682897,0.31794010809107,-0.0214162299209802,0.0214269268660297,-0.00498611604846808
-0.978808895511155,0.4741874334412,0.00101020155201861,0.303014894548401,-0.021089501267447,0.0220057999787844,-0.00547266649443706
-0.975279516651886,0.493084433391227,0.00156255545835827,0.287462815822087,-0.020794435313234,0.0224490984413881,-0.0058258460655811
-0.970025249093087,0.513416721196662,0.00209107670931589,0.271408188711787,-0.0205535077181021,0.0227586020887414,-0.00603092003069374
-0.963355493323944,0.535185447511179,0.00255553156501191,0.254924820736266,-0.0203816311507681,0.0229417092316167,-0.00607825662183775
-0.955476861609723,0.558302213788675,0.00292105628841334,0.238019767666524,-0.0202838378260982,0.0230105753302446,-0.00596449155835512
-0.946476481777597,0.58260004104583,0.00316410370911829,0.22063069577398,-0.0202548335480599,0.0229803320235582,-0.00569306903460136
-0.936326334996954,0.607849899382008,0.0032763474863625,0.202639286281897,-0.0202806078152943,0.0228667553328541,-0.00527399744428923
-0.924907923931849,0.633781328353321,0.00326541700795135,0.183897821992882,-0.0203416705887958,0.0226839292346538,-0.00472287826860592
-0.912050407442572,0.660104086896217,0.00315238763854578,0.164261844410265,-0.0204170132548138,0.0224424101530924,-0.00405946501322798
-0.897572242919809,0.686527300063028,0.00296699170288695,0.143620613753003,-0.0204877832692651,0.0221481821538209,-0.00330609671827008
-0.881317053140356,0.7127732619401,0.0027420663114502,0.12191908346076,-0.0205399158719816,0.0218024236816523,-0.00248630395404623
-0.863178100229411,0.738584660830605,0.00250867647916621,0.0991687743713332,-0.0205654085955966,0.0214019207358048,-0.00162375646514406
-0.843109934745786,0.763725597834896,0.00229283540346485,0.0754483083990753,-0.0205623321321484,0.0209398990972214,-0.000741582698067535
-0.821129014529022,0.787978006676593,0.00211410118055116,0.0508962944006484,-0.0205339106148442,0.0204071044431248,0.000138007598105167
-0.797306424659208,0.811135597411133,0.00198579936103989,0.0256996216985953,-0.0204871030184359,0.0197929923929571,0.000993908342172642
-0.77175611930569,0.832997639305414,0.00191630510621017,7.95400770464477e-05,-0.0204310337283121,0.0190870257913556,0.00180622779424179
-0.744621490534822,0.853364708344053,0.00191071396978673,-0.0257230061153608,-0.0203755713358117,0.0182800256416948,0.00255641618971319
-0.716062261443891,0.8720379214226,0.00197228923734483,-0.0514620513206197,-0.020330222757287,0.0173655344233224,0.00322747132114967
-0.686243259420233,0.888822556464335,0.00210325090683446,-0.076900746224247,-0.0203034281160675,0.0163410831254485,0.00380424355658098
-0.655326197760216,0.90353591368036,0.00230472276823588,-0.101824202461994,-0.020302256854853,0.0152091952600029,0.00427382279078071
-0.623465246636966,0.916018100806741,0.00257593297751062,-0.12604988455974,-0.0203324334081665,0.0139779321615042,0.00462595479160645
-0.590806810977828,0.926143489645088,0.00291300771050234,-0.149434154134277,-0.0203985669898049,0.0126608141515297,0.00485341172197765
-0.557493319063118,0.933830076772956,0.00330783695025068,-0.171873784839167,-0.0205044303948536,0.0112760450975144,0.00495223850782748
-0.523669912167125,0.939043938001907,0.0037474764237762,-0.193301958944611,-0.0206531316205436,0.00984510098657426,0.00492181499231039
-0.489492515767666,0.941797283641421,0.00421438470246167,-0.213679359206373,-0.0208470697506705,0.00839088655789847,0.00476471348297532
-0.455135194526613,0.942139762006843,0.00468753799590816,-0.232981973017495,-0.021087624660151,0.00693574887297879,0.00448637465597741
-0.420794908483783,0.940144342150529,0.00514421703762177,-0.251187917435331,-0.0213746073820508,0.00549965154517377,0.00409466349261636
-0.386692092804447,0.935889863785858,0.00556210225296058,-0.268265624096052,-0.021705553908938,0.00409874585127469,0.00359938547911993
-0.353066349648238,0.929443050396763,0.00592128597687641,-0.284165353597044,-0.0220749936771074,0.00274446756012775,0.00301184438034833
-0.320167149183365,0.920842397308583,0.00620589155777832,-0.298815246293546,-0.0224738396495387,0.00144317095908143,0.00234450456163401
-0.288240109011458,0.910085869103824,0.0064051303518711,-0.312122369033001,-0.0228890504015503,0.000196227591085451,0.00161079419546415
-0.257510096018079,0.897124062213783,0.00651377550357596,-0.323978703569078,-0.0233037098576861,-0.000999518703987105,0.000825056637454794
-0.228162933691074,0.881860190080818,0.00653214688955349,-0.334271691848802,-0.0236976458270235,-0.00215104059897764,2.62784627556005e-06
-0.200327843855691,0.864157680004733,0.00646576551352543,-0.34289863525893,-0.0240486487389777,-0.00326822123144826,-0.000840009496871717
-0.174062911059519,0.843855547155877,0.00632484351088849,-0.349783911672333,-0.0243342579488771,-0.00436276625846363,-0.00168506555325429
-0.149345511093882,0.820790711942628,0.00612372012244639,-0.354897472978935,-0.0245339584844772,-0.00544691614490866,-0.00251336000369258
-0.126068516200405,0.794824392970975,0.00588022409880083,-0.358272119923032,-0.0246314882614913,-0.00653194759042995,-0.00330440078251344
-0.104041748051991,0.7658678176721,0.00561476194972353,-0.360016023332195,-0.0246168644966338,-0.00762650849583022,-0.00403669658292534
-0.0829973911560346,0.733901766414019,0.00534877254588023,-0.360316408274637,-0.0244877542444138,-0.00873493286916121,-0.00468835103154305
-0.0625985050724318,0.698984727872234,0.00510217544385428,-0.359430478455523,-0.0242499205135338,-0.00985579792181135,-0.0052379523744256
-0.0424516171837545,0.661246712994226,0.004889711565454,-0.357661428570673,-0.0239166518475368,-0.0109810683307234,-0.00566572614413216
-0.0221263923508081,0.620869683888391,0.00471664922776966,-0.355321055889052,-0.0235072710865235,-0.0120961694795114,-0.00595485714413139
-0.00118546239554472,0.57805937512463,0.00457499821810678,-0.35268508209712,-0.0230449584256841,-0.0131811969591014,-0.00609281235535997
0.0207755395667446,0.533015840468964,0.00444174393880492,-0.349951132665031,-0.0225542186119045,-0.01421320692989,-0.0060724336056644
0.0440829087167301,0.485910787056701,0.00428032081004717,-0.347210477119384,-0.0220584018455155,-0.0151692221437638,-0.00589256797570894
0.0689444724657347,0.436877287156452,0.00404555000729851,-0.344441306908655,-0.0215776969826313,-0.0160293424559538,-0.00555808776609059
0.095424293254627,0.386013331269344,0.00369100235311685,-0.341524810462786,-0.0211279349029028,-0.0167792955739279,-0.00507930787484136
0.12343898482602,0.3333962908186,0.00317685493116457,-0.338278352156354,-0.0207203438223334,-0.0174119357557216,-0.00447096753146753
0.152775659780132,0.279102403541893,0.00247621356604992,-0.334495736273449,-0.0203621402584276,-0.0179275154616531,-0.00375103252377835
0.183125742015308,0.223224795808351,0.00157851576119196,-0.32998421781434,-0.0200576229172565,-0.018332874943042,-0.00293956535669447
0.214126149264853,0.1658851425381,0.000489591436015377,-0.324590918315176,-0.0198093519250997,-0.018639904841239,-0.00205783201284651
0.245399863836441,0.107236483613851,-0.000771211493076092,-0.318215404317569,-0.0196190409360617,-0.0188636848737706,-0.00112771147930402
0.276590359634832,0.0474571213203462,-0.00217595965809457,-0.310808781677621,-0.0194879251299234,-0.0190206258306394,-0.00017138996231843
0.307387151030997,-0.0132626337905919,-0.00369411203087448,-0.302362023064346,-0.0194165324377621,-0.0191268125049337,0.000788730006750337
0.337541869897798,-0.0747379962695957,-0.00529858030585192,-0.29288738305867,-0.0194039263283384,-0.0191966182771307,0.0017300024223225
0.366875024488875,-0.136807852849114,-0.00697093951117194,-0.282397143172629,-0.0194466058945559,-0.0192415793242678,0.00262950165884045
0.395274207827402,-0.199349595888623,-0.00870492702766575,-0.270884009292216,-0.0195373194710951,-0.0192694880477516,0.00346409514401277
0.422683981864988,-0.262286333490586,-0.0105073182340223,-0.258307487537829,-0.0196641261966151,-0.0192836948069303,0.00421074597768555
0.449088278503677,-0.325582923503775,-0.0123955141899247,-0.244590033026008,-0.0198100542489979,-0.0192826739758157,0.00484714772438164
0.474486934894563,-0.38922894978599,-0.0143916818053407,-0.229625382635566,-0.0199536544930934,-0.0192599755246083,0.00535274070063127
0.498869738115576,-0.4532100333537,-0.0165142258831093,-0.213298905686739,-0.0200705827075351,-0.019204717342458,0.00571005439246394
0.522193089007451,-0.517473030274018,-0.0187684768460147,-0.195516251636842,-0.0201360593726396,-0.0191027213837881,0.00590618337959906
0.544364976145439,-0.581894059063721,-0.021139239379656,-0.176233208928466,-0.0201277291180223,-0.0189382441905087,0.00593408627355483
0.565242510378432,-0.64625893718585,-0.0235876988251757,-0.155478314819878,-0.0200282284113481,-0.0186960485791969,0.00579337269446273
0.58464277599237,-0.710262356411534,-0.0260539355365726,-0.133361522853915,-0.0198268074732446,-0.0183634030247087,0.00549035297767135
0.602363735270568,-0.773526163023578,-0.028464428579047,-0.110066786412723,-0.019519665550161,-0.0179315808832545,0.00503733732614877
0.618208956808266,-0.835630828153583,-0.0307423305332969,-0.0858315896559905,-0.0191090913046705,-0.017396573493059,0.00445138332208338
0.632009956810811,-0.896151122219962,-0.0328177285756212,-0.0609201067685264,-0.0186018653981929,-0.016758983825461,0.00375281327572914
0.643641855749286,-0.954687290499441,-0.0346356392100572,-0.0355972957628228,-0.0180075068219853,-0.0160232860294506,0.00296381191313247
0.65303092564154,-1.01088602464552,-0.0361606389579308,-0.0101094271783923,-0.017336845583304,-0.0151967518292001,0.00210731172952929
0.66015509640815,-1.06444944215448,-0.0373781683255064,0.0153263370999309,-0.0166011864744196,-0.0142883419256289,0.00120624416467874
0.665039689477066,-1.11513335236215,-0.0382932372392612,0.0405234001111674,-0.0158121014828599,-0.0133077715666451,0.000283129008450312
0.667750565641844,-1.16273763652477,-0.0389274329051002,0.0653201238163362,-0.0149817205588504,-0.0122648398655738,-0.000640087934135445
0.668386317638673,-1.20709230337472,-0.0393149676836021,0.0895699363454645,-0.0141233047739844,-0.0111690138653376,-0.00154206137368585
0.667070020490378,-1.24804223240655,-0.039498203751894,0.113130128777803,-0.0132518495121918,-0.0100291889422738,-0.00240204743545699
0.663940526859732,-1.28543336313152,-0.0395228842823848,0.135852112411223,-0.0123844783462098,-0.00885353007778057,-0.00319997045242777
0.659142810231666,-1.31910207532657,-0.0394332430531382,0.157575417982403,-0.0115404224585287,-0.00764931235737242,-0.00391661888691026
0.65281746237674,-1.34886947093192,-0.0392673127211008,0.178127039617761,-0.0107404599379988,-0.00642273096911079,-0.00453399885016057
0.645090026024737,-1.37454145235952,-0.039052960089341,0.19732674545293,-0.0100057936335503,-0.00517870453488834,-0.00503583525550308
0.636061759501826,-1.39591498331522,-0.0388053372920167,0.214997790132913,-0.00935648202921833,-0.00392074226165938,-0.00540817456649218
0.625803830694769,-1.41278986153448,-0.0385263800080631,0.230981179471335,-0.00880966944273505,-0.00265095862525682,-0.00564001507244804
0.614356859314485,-1.42498455243283,-0.038206662593545,0.245150645194585,-0.00837795666461803,-0.00137029454266214,-0.00572387831345134
0.601736548016933,-1.43235323358741,-0.0378293677279244,0.257424987296593,-0.00806826331836074,-7.8942938111112e-05,-0.00565623713695003
0.587944885350454,-1.4348010738448,-0.037375577042487,0.267774882440179,-0.00788145169799166,0.0012230903970111,-0.00543773591633092
0.57298495487694,-1.43229489893034,-0.0368297278118909,0.276222458693162,-0.00781281318807045,0.00253540835155359,-0.00507316865832276
0.556876492464647,-1.42486731854245,-0.03618407113773,0.28283365716738,-0.0078533140315538,0.00385674762016227,-0.00457121818460953
0.539669481932093,-1.41261446699216,-0.0354413150542531,0.287705257151787,-0.00799132264129004,0.00518468400466866,-0.00394400113662527
0.521453561772775,-1.39568880953876,-0.0346151480717126,0.29094965235757,-0.00821444064162796,0.00651552135383743,-0.00320649541684879
0.50236190321319,-1.37428938489599,-0.0337288279844546,0.292680842388473,-0.00851106059230815,0.00784429639055458,-0.00237594422654076
0.482569275054455,-1.34865251848247,-0.0328123387077619,0.29300472692319,-0.00887136064220661,0.0091647970841968,-0.00147132935669752
0.462284074028493,-1.31904406945525,-0.0318986636118117,0.292015433258561,-0.00928756800564875,0.0104695017869234,-0.000512979365320938
0.441734644913578,-1.28575384454191,-0.0310196626776153,0.289798221443991,-0.00975346161719978,0.0117494080934791,0.000477656371350534
0.421149991892556,-1.24909060547772,-0.0302019003491835,0.286438034318733,-0.0102632001512509,0.0129938028742594,0.0014780819563926
0.400735298531121,-1.20937508909434,-0.029462724452844,0.2820316231153,-0.0108096730237337,0.0141901102265943,0.00246473377315963
0.38064373618745,-1.16692874944025,-0.0288069884887666,0.276700336826519,-0.0113826937992726,0.0153240183628863,0.00341295892980955
0.360947596231932,-1.12205647496845,-0.0282249817082967,0.270599832795081,-0.0119674810686747,0.0163800910144874,0.00429712235052068
0.341614190157554,-1.07502392037772,-0.0276923071072279,0.263922681788468,-0.0125439772135459,0.017342998185578,0.00509099193281516
0.322494188313973,-1.02603334977585,-0.0271724285183985,0.256890434668672,-0.0130875557535316,0.0181993369782184,0.00576854378703523
0.303330513189232,-0.975204698721994,-0.0266221961453764,0.249733668318501,-0.0135714534560568,0.0189397682888131,0.00630526901260687
0.283793099803047,-0.922570176959418,-0.0259998091262233,0.242662219384223,-0.0139707827876331,0.019560955426531,0.00667993424550095
0.263537587674925,-0.868088317026229,-0.0252735671605669,0.235832139467585,-0.0142673102166689,0.0200666686059493,0.00687655995059869
0.242276354874307,-0.811677732548531,-0.0244289672208816,0.229319141809853,-0.0144536269592105,0.0204675558734972,0.00688620476259715
0.219842436350122,-0.753262919035119,-0.0234718102839772,0.22310787894694,-0.0145352583378246,0.0207794759105845,0.00670808294200189
0.196226202776849,-0.692818663775827,-0.0224262335430857,0.217101562164282,-0.0145298574589462,0.0210207902178492,0.00634967497089797
0.171573100050829,-0.630399222842914,-0.0213284585516468,0.211148999716519,-0.0144636854181661,0.0212093522110311,0.00582578742969839
0.146144790393199,-0.566144394268,-0.0202185643140799,0.205080030540397,-0.0143665527029846,0.0213599422522441,0.00515684115770673
0.120258250931029,-0.50026298229305,-0.0191329584567728,0.198738366271073,-0.0142667757294764,0.02148259872325,0.00436685006641344
0.094222406565832,-0.433001470291546,-0.0180994462849575,0.192003548475632,-0.0141874114307835,0.0215819184117798,0.00348154029916438
0.0682886612803645,-0.364608085537172,-0.0171354776395504,0.184798496220949,-0.0141443435370204,0.0216571129781358,0.002526896167951
0.0426241115237519,-0.295301396308824,-0.0162490448614908,0.177083759329564,-0.0141461353008614,0.0217025300400031,0.00152822829117008
0.017308353006719,-0.225248951928924,-0.0154411446030644,0.16884230822724,-0.0141951555493969,0.0217084034722093,0.000509711698409385
-0.00765048605889087,-0.154558299315144,-0.0147086964253957,0.160059748963354,-0.0142893720742512,0.0216617216086298,-0.000505730754041736
-0.0322872455279574,-0.0832800467033068,-0.0140470897188005,0.150704692345053,-0.0144242812533357,0.0215472186651615,-0.00149635041153004
-0.0566458557929734,-0.0114216281525366,-0.0134519023733623,0.140713619691186,-0.0145946033397933,0.021348574449039,-0.00244144676674842
-0.0807465252850966,0.0610306919879745,-0.0129196449352068,0.129983730092748,-0.0147955178484586,0.0210499040577418,-0.00332133124560845
-0.104559819590746,0.134084700886683,-0.0124476028530793,0.11837621153933,-0.0150233159230161,0.0206375166737957,-0.00411748926983936
-0.127992127265147,0.207713383363946,-0.0120330170844925,0.1057307919763,-0.0152754307446528,0.0201017802742745,-0.00481299141354352
-0.150885437608691,0.281827771511349,-0.0116719870842818,0.0918905882081449,-0.0155499232678253,0.0194388229014623,-0.00539312649383363
-0.173032302800303,0.356255968465969,-0.0113585669467372,0.0767339170003529,-0.0158446479867736,0.0186517764752422,-0.00584616015909251
-0.194203683967054,0.430733311808439,-0.0110844272420706,0.0602066717452016,-0.0161563684026868,0.0177512211083218,-0.00616405509270427
-0.214184197790163,0.504907588928043,-0.0108392689226627,0.0423474512074972,-0.0164801136739938,0.0167546175859273,-0.00634296995641311
-0.232806883584903,0.578359850555468,-0.0106118901228182,0.0232983977530778,-0.0168089725531056,0.0156847078862663,-0.00638338623025575
-0.249979425800256,0.650636754933781,-0.0103915666295585,0.00329826010571875,-0.0171343716219272,0.014567114289188,-0.00628980170116259
-0.265696518942183,0.721287526881829,-0.0101693285009952,-0.0173407151172313,-0.01744676023705,0.0134275940103094,-0.00607005498424111
-0.280037094297125,0.789897773822449,-0.00993878847982887,-0.0382662338984154,-0.0177365198751385,0.0122894543185701,-0.00573443463532732
-0.293148922497352,0.856113971657624,-0.00969636852905106,-0.0591219982254954,-0.0179948834622426,0.0111715279724561,-0.00529475321868363
-0.305225500732238,0.919655838463656,-0.00944098518653843,-0.0795793351021056,-0.0182146936022387,0.0100869190437161,-0.00476353652190543
-0.316480390930701,0.980316600100976,-0.00917339274403535,-0.0993599197624871,-0.0183908910023561,0.00904251994348672,-0.00415341013135454
-0.327123522799477,1.0379542973441,-0.00889544022309391,-0.118248124229186,-0.0185207213695271,0.00803917194824417,-0.00347670901795554
-0.337342276257433,1.09247791827877,-0.00860945150769487,-0.136093938793632,-0.0186036969982901,0.00707226875282596,-0.00274528900280843
-0.347288705368772,1.14383217677094,-0.00831785039363607,-0.152808791484736,-0.0186413828340418,0.00613260839462478,-0.00197050073958354
-0.357073108223561,1.19198384850943,-0.00802305026013106,-0.168356950919194,-0.0186370791240273,0.00520734302362317,-0.00116328406247318
-0.366763382106307,1.23691120498367,-0.00772753992395205,-0.182744823581783,-0.0185954542721281,0.00428093658290458,-0.000334345763688642
-0.376389300592173,1.2785970786097,-0.00743404061504681,-0.196009763124367,-0.0185221604951611,0.00333610277842133,0.000505608522579599
-0.385950680406201,1.31702505868757,-0.00714558326625191,-0.208209223813302,-0.0184234400759936,0.00235474420376712,0.00134561356190369
-0.395428354295813,1.35217774203468,-0.0068653642347461,-0.219410455819962,-0.0183057163468605,0.0013189454745877,0.00217417929467151
-0.404796745071604,1.38403561996862,-0.00659627880539738,-0.229680542346737,-0.0181751620981068,0.000212083321103948,0.00297904814231908
-0.414036628097208,1.41257519812204,-0.00634010583268606,-0.239076490199607,-0.0180372527687887,-0.000979897872765442,0.00374700640310095
-0.423146360172639,1.43776521086429,-0.00609642006988512,-0.24763530098102,-0.0178963381744725,-0.00226703894499689,0.00446378637119659
-0.432149595718593,1.45956048625392,-0.0058614316890232,-0.255364458977725,-0.0177552988472665,-0.00365381170920976,0.005114100065317
-0.44109743732684,1.4778939335264,-0.00562707080365553,-0.262233939446055,-0.0176153753879066,-0.00513761576200946,0.00568184689837574
-0.450063435381632,1.4926685635439,-0.0053807105714855,-0.268171541452797,-0.0174762608895271,-0.0067075853340077,0.00615053466962645
-0.459130794351429,1.50375220975915,-0.00510589950557698,-0.273063637597292,-0.0173365029325705,-0.00834404123998947,0.00650393889216322
-0.468372909322567,1.51097826810364,-0.00478430810821584,-0.276763158717526,-0.0171941837092113,-0.0100189309864437,0.00672699672167306
-0.477830386925588,1.51415484693007,-0.00439876935942892,-0.279105408514855,-0.0170477382749843,-0.0116974943702349,0.00680688234253414
-0.487489667325044,1.5130830890849,-0.0039368710992374,-0.279930410257048,-0.016896681215553,-0.0133411579320091,0.00673415007352844
-0.497269030059601,1.50758244173814,-0.00339418822243904,-0.279108273648632,-0.0167419766546138,-0.0149113346507375,0.00650377518704209
-0.507016576896945,1.49751799174963,-0.00277612849951989,-0.276562534497965,-0.0165858501442018,-0.0163734931624357,0.00611590260963616
-0.516521714794706,1.48282386032913,-0.00209765055749359,-0.272286389681484,-0.0164310015015649,-0.0177007043010802,0.0055761541577298
-0.525537486408061,1.46351705481707,-0.00138075811772419,-0.266348330851225,-0.016279376069053,-0.0188759614487357,0.00489544044050167
-0.533807895206914,1.43969908506295,-0.000650442110063523,-0.258886495957923,-0.0161308212633073,-0.019892899247287,0.00408934599512112
-0.541093119133403,1.41154555693441,6.96986197779885e-05,-0.250093681799629,-0.0159820137906819,-0.0207549581150905,0.00317725106209487
-0.547186954347588,1.37928684049098,0.000760795628391681,-0.240196572386673,-0.0158259888534399,-0.0214733995117981,0.00218139105666717
-0.55192364149613,1.34318359189936,0.00140995000439143,-0.229432705366915,-0.0156524575021102,-0.0220647354086721,0.00112602551334753
-0.555174439690814,1.30350063688335,0.00200888779372241,-0.218027659139593,-0.0154489342118427,-0.0225480946533556,3.68190242305332e-05
-0.556836778427847,1.26048188336922,0.00255019365791365,-0.206173699230415,-0.0152025553687174,-0.0229428771301858,-0.00105954504366217
-0.55681984934071,1.21432762202494,0.00302187872531461,-0.19401037173139,-0.0149023546637437,-0.0232668298095023,-0.00213557183863957
-0.555031076634887,1.1651763759089,0.00340154298587487,-0.181608058231998,-0.0145416831401104,-0.0235345297032293,-0.00316309573741615
-0.551367546425702,1.11309428623298,0.00365178356651139,-0.168956820230381,-0.0141203790121287,-0.0237561913844783,-0.0041135159082382
-0.545715589662727,1.05807600391133,0.00371867735685938,-0.155964404645179,-0.0136462177023903,-0.0239367519794668,-0.00495831951077681
-0.537960372618776,1.00006147420535,0.00353491161887202,-0.142467946146912,-0.0131351564188186,-0.0240753131974725,-0.00567007688082512
-0.528004772507018,0.938970339766684,0.00302818331237121,-0.128262187661948,-0.0126100014031637,-0.0241651572060531,-0.00622400296628688
-0.515793433791899,0.874750239124621,0.0021337830243154,-0.113142415867971,-0.0120974550274797,-0.0241946039904899,-0.00659998171108289
-0.501334953554256,0.807428264825856,0.000808282360200942,-0.0969539002371483,-0.0116240426704523,-0.0241488697616027,-0.00678468099132094
-0.484713589174529,0.737149673919332,-0.000960043064567151,-0.0796343976852965,-0.0112119284436314,-0.0240127199236642,-0.00677318292225434
-0.466085541744426,0.664190702592005,-0.00314778601212708,-0.0612364505994287,-0.0108758521174757,-0.0237733482311024,-0.00656957824101345
-0.445659954775045,0.588940409380843,-0.00570129296206411,-0.0419225835108924,-0.0106220570007576,-0.023422704290086,-0.00618627880463492
-0.423670749438559,0.511858105382752,-0.00854790448601837,-0.0219363865172781,-0.010449303910138,-0.0229586262638063,-0.00564224102668241
-0.400348411187376,0.433421191335766,-0.011609503752382,-0.00156037827970419,-0.0103513029737402,-0.0223846056698469,-0.00496063659004126
-0.375899136861923,0.354078254840282,-0.0148141907234439,0.0189263554689296,-0.0103195304612669,-0.0217084542329648,-0.00416656492241749
-0.350495122797567,0.274217325777703,-0.0181034791972681,0.0392810473527555,-0.0103455278052171,-0.0209404358340221,-0.00328524168568866
-0.324275786642203,0.194152058765472,-0.0214344019652365,0.0593165158892455,-0.0104221922492787,-0.0200914232901971,-0.0023408388402634
-0.29735737725881,0.114123534480254,-0.0247774161082324,0.0789073670565402,-0.0105439945683396,-0.0191714728503475,-0.00135594296870487
-0.269847488691172,0.0343130241505507,-0.0281116772970466,0.097986107855182,-0.0107063317038727,-0.0181889804905973,-0.000351483647728919
-0.241861504957626,-0.0451386398949626,-0.0314193111334779,0.116532577864279,-0.0109043433040064,-0.0171504229006002,0.000653045125416814
-0.213538097273706,-0.124108860719305,-0.0346800452291332,0.134559411066112,-0.0111315182627973,-0.0160605587503128,0.00163923855577763
-0.185051150769403,-0.202470739765919,-0.0378671834442628,0.152095121456248,-0.0113783797210837,-0.0149229040780041,0.00258944835835758
-0.156615748167828,-0.280072172341737,-0.0409456203550355,0.169165863518286,-0.01163150043384,-0.0137403026948942,0.00348656513884512
-0.128485877123347,-0.356717768333891,-0.0438721777093585,0.185776495764605,-0.0118730427423311,-0.0125154066818796,0.00431397277050172
-0.100942961158395,-0.432154454904852,-0.0465982217773455,0.201892208655145,-0.0120809813919083,-0.0112509719032721,0.00505568198858803
-0.0742759328258252,-0.506061846335253,-0.0490741274333591,0.217422928423978,-0.0122300898098489,-0.00994995263211783,0.00569660906779495
-0.0487555867858537,-0.578049561020477,-0.0512548509037293,0.232213886536466,-0.0122936748611575,-0.00861546865809009,0.00622294776460645
-0.0246073416385852,-0.647664857470084,-0.0531056645917051,0.246046190178977,-0.0122459178435928,-0.00725075419939038,0.00662259013992453
-0.0019868554401456,-0.714412361757262,-0.054606907377761,0.258649628393716,-0.0120645107017815,-0.00585914927162579,0.00688555426912133
0.019037126722614,-0.777785127936044,-0.0557567521596734,0.269727480449575,-0.0117331834537526,-0.00444415771744863,0.00700439084303381
0.0384894073521132,-0.837301150432972,-0.056571243951451,0.278989332371326,-0.0112436718477174,-0.00300953367674398,0.00697453107869808
0.0564827776885521,-0.892538730627422,-0.0570816172594964,0.286186147986609,-0.0105967980278719,-0.00155936379407588,0.00679456067448866
0.0732011142740994,-0.943163659630661,-0.0573294998951948,0.291140791154268,-0.00980248655616791,-9.80945258096655e-05,0.00646639819097662
0.088874469689528,-0.98894421263328,-0.057361143857024,0.293768493269282,-0.00887874103880924,0.00136953400993136,0.00599535874947283
0.103751245258063,-1.02975230366976,-0.0572219091913302,0.294083925716153,-0.00784976927622981,0.00283866675787782,0.00539007441817887
0.118072889570076,-1.06555186165722,-0.0569520108245176,0.292194631887502,-0.00674357685880334,0.00430459578783551,0.00466225429798796
0.132055474989807,-1.09637803043591,-0.0565841135622929,0.288283681657541,-0.00558942440532037,0.00576302053453576,0.00382630136788268
0.145880434156401,-1.12231284997848,-0.0561428860846972,0.28258662230678,-0.00441554405697875,0.00721018787345128,0.00289884506071964
0.159694416884277,-1.14346315930474,-0.0556461886195309,0.275368168878731,-0.00324742945835657,0.0086428029357591,0.0018982710925292
0.173616523126056,-1.15994554514278,-0.0551073228376063,0.266902913499344,-0.0021068865776936,0.0100576558327016,0.000844328000788604
0.187750405735841,-1.17188099681587,-0.0545376870552508,0.257462036761446,-0.00101189251275253,0.0114509908270446,-0.00024213813029623
0.202198887061934,-1.17940048978819,-0.0539492668125661,0.247305765901695,2.28107739723652e-05,0.012817736135533,-0.0013393074282483
0.217079060988038,-1.18266083621218,-0.0533564926452158,0.236679437416544,0.000984561834942863,0.0141507843014556,-0.00242439731548463
0.23253590113976,-1.18186896662,-0.0527771244201841,0.225810197247931,0.00186132329365505,0.0154405556556182,-0.00347362472261015
0.248751794106185,-1.17731115521131,-0.0522319306389067,0.214901524705978,0.00264026459852564,0.0166750736208677,-0.00446221094649908
0.265948429675495,-1.16938151970369,-0.0517430710154742,0.204123926300296,0.00330679679507192,0.0178407200864537,-0.00536453973509802
0.284376860114559,-1.1586016643099,-0.0513313087889589,0.193602153226478,0.00384450216425885,0.0189237131381455,-0.00615458767476336
0.304292267122064,-1.14562133750387,-0.0510124784808421,0.183401708650368,0.00423633143139006,0.0199121564724975,-0.00680673527443353
0.325912988257947,-1.13119058224913,-0.0507939793634108,0.17351954694754,0.00446720688064731,0.020798282990104,-0.00729702341178896
0.349368695763962,-1.11609868260723,-0.0506723081042497,0.163884578362809,0.00452774604103124,0.0215803198863978,-0.00760482655270364
0.374648962816646,-1.10108504797239,-0.0506326078659843,0.154371893712536,0.0044182862778798,0.0222633437561401,-0.00771477010244373
0.401567753048461,-1.08673947495269,-0.0506507449220867,0.144830326611162,0.00415196288015751,0.0228586609370548,-0.00761855687944454
0.42975819239765,-1.07341865058342,-0.0506975939329618,0.13511755287354,0.00375556789809384,0.0233816562099239,-0.00731626672788379
0.458703720002295,-1.06120552486138,-0.0507443378109891,0.125133071526901,0.00326747282976105,0.0238485684750517,-0.00681674294489652
0.487799173668312,-1.04992599276726,-0.0507671619297048,0.114839563390079,0.00273289219264551,0.0242730413901824,-0.0061369119306101
0.516424612860508,-1.03921719278553,-0.0507500066614034,0.104267314457543,0.00219772404143961,0.0246633343540311,-0.00530020783838272
0.544011740712048,-1.02862439917697,-0.0506849168304039,0.0935023055708524,0.00170262948239371,0.0250207570026171,-0.00433453341881892
0.570088542396435,-1.01769712652961,-0.0505704718141766,0.0826630264224126,0.00127873518628884,0.0253393995689357,-0.00327025467197808
0.594298084565517,-1.0060611297983,-0.0504093312368785,0.0718725129662656,0.000945610535965605,0.0256068468504971,-0.00213860109673484
0.616396234537808,-0.993455345487699,-0.0502059184904414,0.0612310640396607,0.000711410047629372,0.0258054294822759,-0.000970622811788302
0.63623729189853,-0.979735160642072,-0.049964907564222,0.0507933330160184,0.000574585621384037,0.0259136832467831,0.00020334369792421
0.653755764899219,-0.964850660959642,-0.0496907148781109,0.040552272705606,0.000526421735589793,0.0259079066399066,0.00135387568296988
0.668949130176118,-0.948810920770722,-0.0493878414598132,0.0304321627275859,0.000553729584442138,0.0257639037966321,0.00245255356332723
0.681862486756591,-0.931644392373195,-0.0490616932216438,0.0202931202031946,0.000641218822748704,0.0254590715593221,0.00347215705595925
0.692573406793382,-0.913363470642646,-0.0487194262604228,0.00994914111537958,0.000773260733082799,0.024974909383578,0.00438713725784719
0.701174606822997,-0.893939182336925,-0.0483703833667923,-0.00080011660964624,0.000934933337921549,0.0242998074368257,0.00517444541308184
0.707753441318,-0.873289850301573,-0.0480258179236424,-0.0121272154527131,0.00111239600246243,0.0234316779659144,0.00581467115462325
0.712369890367047,-0.851284887259024,-0.0476978381809407,-0.0241324169409708,0.00129277381767742,0.0223797653070272,0.00629329758724389
0.715037500877299,-0.827761650672963,-0.047397812306641,-0.0368079774888448,0.00146381865686459,0.0211649600802236,0.00660177140510368
0.715712873348093,-0.802550038660082,-0.0471347215887728,-0.0500221191592536,0.00161362562572268,0.0198182335799673,0.00673807606775389
0.714297758340788,-0.775497611552668,-0.0469140003628658,-0.0635285435384807,0.00173061136717561,0.0183773303042444,0.00670661236461961
0.710654249701402,-0.746488734808001,-0.0467372194476178,-0.0769994535971815,0.00180383101250982,0.016882391962715,0.00651739292346044
0.704629372962273,-0.715453936665783,-0.0466026257630779,-0.0900728777921006,0.00182357446083529,0.0153714738086176,0.00618474719931635
0.696083057076179,-0.682369581143336,-0.0465062572528653,-0.102401917348962,0.0017820901478386,0.0138768530501855,0.00572583113806336
0.684913194558947,-0.647250610821629,-0.0464432001987328,-0.113695114988304,0.00167425671805142,0.0124226770004685,0.00515921314011357
0.671073483946077,-0.610140515044731,-0.0464086194201791,-0.123741843015834,0.00149805527903994,0.0110240695744353,0.00450371437713838
0.654582091499154,-0.571102163670267,-0.0463983523567878,-0.132421773033673,0.00125476036144871,0.00968746709963823,0.00377757266250493
0.635521593241903,-0.530212176436311,-0.0464090693425886,-0.139701297253757,0.000948839390717325,0.00841178671626818,0.00299792319972761
0.614031471403859,-0.487559507750544,-0.0464381126456876,-0.145621386806185,0.000587603047161076,0.00719000721595798,0.00218054621069739
0.590295193185669,-0.443247858543571,-0.0464832117608986,-0.150281350752332,0.000180676724435555,0.00601083390309875,0.00133982273380141
0.564523918515871,-0.397400591596258,-0.0465422770360743,-0.153821904540249,-0.000260634517219033,0.00486024232681756,0.000488842284213016
0.536938055122867,-0.350165789716603,-0.0466133833161004,-0.156409415494155,-0.000724028619339748,0.00372280473921199,-0.000360389652934725
0.507748497992455,-0.301719682503996,-0.0466950472699742,-0.158222124013261,-0.00119689317477544,0.0025828015527072,-0.00119668537965156
0.477138540397992,-0.252266249840652,-0.0467867661740513,-0.159438087137758,-0.00166696446551015,0.00142516299504144,-0.00200938711992588
0.445248170225895,-0.202031825738555,-0.0468897623265265,-0.160224335657434,-0.00212292978021508,0.000236313929726176,-0.00278808634944331
0.412162421096109,-0.151254077231876,-0.0470077971077498,-0.160726687783454,-0.00255494004065663,-0.000995013211945878,-0.00352237485721255
0.377905713369362,-0.100165740733627,-0.0471478807271307,-0.161060027546447,-0.00295499369916971,-0.0022769567577773,-0.00420164929978684
0.342443856058061,-0.0489744782815321,-0.0473206544088313,-0.161299319925138,-0.0033171495798385,-0.00361369531515774,-0.0048149898846652
0.305695331935779,0.00215841801357684,-0.047540267741672,-0.161472394377693,-0.0036375363086142,-0.00500465851792501,-0.00535113917817309
0.267552152053074,0.0531368849993984,-0.0478235914422354,-0.161555962615106,-0.00391414702649716,-0.00644388616405999,-0.00579860986341565
0.227909042815679,0.103942219051757,-0.0481887215560968,-0.161476652518245,-0.00414644444756183,-0.00791969251469117,-0.00614595102842865
0.186697387048487,0.154634312633534,-0.048652854323791,-0.16111851257472,-0.00433484211526213,-0.00941481431174387,-0.00638218793072829
0.143918652611423,0.205339065896424,-0.0492298801191063,-0.160337843330862,-0.00448017509162249,-0.0109072067524996,-0.00649743251455424
0.0996700660514087,0.256221674727798,-0.0499281505947712,-0.158984431311899,-0.00458329180221915,-0.0123715584588581,-0.00648361238086273
0.0541557711589542,0.307449088817449,-0.0507490253277892,-0.156926556306614,-0.0046448971500545,-0.0137814525934868,-0.00633522615877347
0.00767888889826479,0.359148451716639,-0.0516866981518465,-0.154075356513976,-0.00466572893469193,-0.0151119144751449,-0.00604999573792305
-0.0393856312477342,0.411370495364613,-0.0527295551474884,-0.150403553037664,-0.00464707255719765,-0.0163419404379455,-0.00562928878513152
-0.0866323680885716,0.464066305706007,-0.0538628971738752,-0.14595440646211,-0.00459152535450485,-0.0174565543706584,-0.00507822733389443
-0.133671961393976,0.517082528279938,-0.0550724531526722,-0.140839132521859,-0.00450384471184675,-0.0184480291014658,-0.00440547559360214
-0.180172509657445,0.57017521249688,-0.0563478774139003,-0.135223998194564,-0.00439167874489103,-0.0193161148033242,-0.00362278473895775
-0.225887370481501,0.623037881037024,-0.0576854224871926,-0.129310697797979,-0.00426598960670314,-0.0200673481400368,-0.00274442890650253
-0.270664730808334,0.675336592525872,-0.0590891710654231,-0.123314533124503,-0.00414102446167047,-0.0207136835516204,-0.00178667741612614
-0.314438480044432,0.726744573874215,-0.0605705144679238,-0.117444387524264,-0.00403374777686853,-0.0212707541039503,-0.000767419672850943
-0.357202824615717,0.776970019915529,-0.0621457790220278,-0.111886847315806,-0.00396269537574912,-0.0217560118960102,0.000293996747016637
-0.398974882486856,0.825773343093742,-0.063832135419408,-0.10679528926224,-0.00394625630885915,-0.0221869151576625,0.00137670771786523
-0.439750134246177,0.872971710387756,-0.0656420318852409,-0.102283510283156,-0.0040004334176891,-0.022579210439836,0.00245809984358499
-0.479456690686528,0.918430703393871,-0.0675766469686603,-0.0984232204875186,-0.00413621937679556,-0.0229453062002252,0.00351349404427432
-0.5179159647079,0.962044175542567,-0.0696192189888373,-0.0952450281951097,-0.00435686841161199,-0.0232927237068963,0.00451588726211714
-0.554819743339396,1.00370547056204,-0.0717296782639335,-0.092743176658769,-0.00465555618180905,-0.0236226818006976,0.00543595417636227
-0.589734860420224,1.04327532304122,-0.0738425287720638,-0.0908844608095234,-0.00501414583445355,-0.0239289863175144,0.00624256460691816
-0.622144804888566,1.08055503277239,-0.0758701097381799,-0.0896210934566,-0.00540388923663515,-0.0241975614813395,0.00690407614756151
-0.651529259406293,1.11527476595518,-0.0777125475403824,-0.0889055344883033,-0.0057886718755562,-0.0244070614798965,0.00739053930602666
-0.677468265747223,1.14710501983448,-0.0792736526415883,-0.0887033985921016,-0.00613070238949573,-0.0245309386091734,0.00767666042318866
-0.699742489631333,1.17569279622219,-0.080479182128299,-0.0890000115670282,-0.00639746957726241,-0.0245409981159746,0.00774497061015173
-0.71839421872103,1.20071376597929,-0.0812917270909995,-0.0897980953612351,-0.00656787471923827,-0.0244118651824402,0.00758835359142958
-0.733723948198686,1.221923972475,-0.0817168246267114,-0.0911079504733619,-0.00663541012500982,-0.0241252469085312,0.00721114505567176
-0.746221655125826,1.23919338770394,-0.081798058823985,-0.0929348200340978,-0.00660735072497833,-0.0236727542843444,0.00662847623215704
-0.756457591694881,1.2525114739746,-0.0816033387960268,-0.0952686425740887,-0.00650059493263959,-0.0230565437137493,0.00586416218237634
-0.764969372918836,1.2619662259507,-0.0812075716373302,-0.0980789085983767,-0.00633602303851087,-0.0222878551953966,0.00494786344707743
-0.772176317668923,1.26770729427607,-0.0806772167110919,-0.101313945542965,-0.0061334238441864,-0.0213842076117753,0.00391229668232453
-0.778335727325362,1.26990726467421,-0.0800602830312171,-0.104901919783817,-0.00590833535110901,-0.0203662574176145,0.00279102098036846
-0.78353894798758,1.2687319413248,-0.0793827105135081,-0.108750809494817,-0.00567115449889205,-0.0192551257351378,0.00161698751747028
-0.787735385688467,1.26432508554984,-0.0786501590357427,-0.11274605185247,-0.00542812001818102,-0.0180706027867397,0.000421782729067332
-0.790770544991032,1.25680764212426,-0.0778533811187867,-0.116746408260259,-0.00518343057767423,-0.0168302535976194,-0.000764637815660812
-0.792426818954182,1.2462873563126,-0.0769753123106097,-0.12058007827227,-0.00494173590727845,-0.0155491906549738,-0.00191396310561536
-0.792460567004162,1.23287321867501,-0.0759983928986767,-0.124043993432844,-0.00471036802999169,-0.0142401873971211,-0.00299950505026063
-0.790632922880949,1.21668882413494,-0.0749110106660498,-0.126909254136381,-0.00450083712752424,-0.0129138342964279,-0.00399631097338786
-0.786734213461575,1.19787991085607,-0.0737122371976252,-0.128934719767983,-0.00432926974754667,-0.0115785580878221,-0.00488151186969312
-0.780602609562633,1.17661350574866,-0.0724142388107637,-0.129888726311539,-0.00421563757719051,-0.0102404829431087,-0.00563492266177425
-0.77213678090516,1.1530682334144,-0.071041958143131,-0.129576021964983,-0.00418184156834944,-0.00890325087908845,-0.00623981383549762
-0.761301738515063,1.12741836263049,-0.069630077042855,-0.127864340559032,-0.00424897611897235,-0.00756800178402197,-0.00668369297627112
-0.748126641601872,1.09981576405197,-0.0682177821981304,-0.124703713651677,-0.00443432774462735,-0.00623368801773337,-0.0069588999109082
-0.73269435952101,1.07037463866157,-0.0668423889266492,-0.120132761115829,-0.00474876883405889,-0.00489778378731819,-0.00706285550637615
-0.715124321545178,1.03916281714926,-0.0655331823695952,-0.114269624417681,-0.00519512212693454,-0.00355729063606615,-0.00699789933230004
-0.695551900825711,1.00620131172127,-0.0643067709389958,-0.107289589473471,-0.00576781514750909,-0.00220981485695898,-0.00677076253829731
-0.674108549449767,0.971471809456996,-0.0631648404348769,-0.0993949703228088,-0.0064538146464274,-0.000854457897655932,-0.00639180214987341
-0.650906085713968,0.934929714112447,-0.0620945423683867,-0.0907841098550583,-0.00723454285738577,0.000507678964827702,-0.0058741411401849
-0.626027210599307,0.896519863058566,-0.061071142079012,-0.0816254677420715,-0.00808831401813651,0.00187344654698031,-0.00523283532130102
-0.599522569753496,0.856192085233263,-0.0600621037179222,-0.0720404489237691,-0.00899280466525733,0.0032379924109209,-0.0044841463506964
-0.571412881227899,0.813913669214468,-0.0590315616320565,-0.0620959822717358,-0.00992715048185909,0.00459533599081168,-0.00364496069916267
-0.541694652937023,0.769677485538134,-0.0579442643658198,-0.0518059647170916,-0.0108734124549026,0.00593897316759296,-0.00273237824613247
-0.510347370817693,0.723504290976901,-0.0567682820792403,-0.041139559576657,-0.0118173005291371,0.0072623297836426,-0.00176347447744207
-0.477341591455529,0.675439946182923,-0.0554762370367445,-0.0300343418881325,-0.0127481852410144,0.00855895151313453,-0.000755237131135179
-0.442647628621814,0.62554826235781,-0.0540451408722967,-0.0184126713775206,-0.0136585091385915,0.0098224017927507,0.000275338539423577
-0.406245347725458,0.573901010455693,-0.0524552386292646,-0.00620032752980617,-0.0145427580306735,0.0110459231268262,0.00131102279235521
-0.368136139190447,0.520567355111857,-0.0506884866874055,0.00665312700306306,-0.0153961781663946,0.0122219906720103,0.00233403281552875
-0.328357655002009,0.465604891051393,-0.0487273382826024,0.0201529059528186,-0.0162134422139264,0.0133419305151249,0.00332567747216152
-0.287001088664596,0.409054546462259,-0.0465545085309902,0.0342378808471761,-0.016987481837568,0.0143957924704672,0.00426603962050173
-0.244229314467227,0.350941400101662,-0.0441542063977135,0.0487625645039983,-0.0177087606761718,0.0153726572609283,0.00513379545553056
-0.200292217123481,0.291282948744386,-0.0415150357183928,0.06348669850569,-0.018365278416017,0.0162614929367907,0.00590629973348606
-0.155533095442553,0.230104254523225,-0.038634180620219,0.0780781907001895,-0.0189435458494938,0.017052536327663,0.00656008118574052
-0.110380159880109,0.167458922773005,-0.03552204343431,0.0921349837106777,-0.0194306765613428,0.0177390484786348,0.00707189135943476
-0.0653174246999596,0.103450581605391,-0.0322057327574867,0.105228087435428,-0.019817349027766,0.0183190285254588,0.00742034030061202
-0.0208355483725019,0.0382492060325273,-0.0287298043772951,0.116961576163572,-0.0201010312214066,0.0187963901714645,0.00758798488478944
0.0226292040579867,-0.0279041646107566,-0.0251530997228346,0.127036890637433,-0.0202884641462049,0.0191811078420336,0.00756348481474303
0.0647519295931554,-0.0947079745471684,-0.0215417894930409,0.135302727595915,-0.0203963619825018,0.0194880920098629,0.00734325991743224
0.105353759674829,-0.161824463336242,-0.0179603383718929,0.141773346277434,-0.020449803909586,0.0197350165501038,0.00693213942136713
0.144402633798466,-0.228911521794146,-0.0144630015600427,0.146607902228675,-0.0204785779747986,0.0199396490763092,0.00634278107667767
0.181981003649412,-0.295653190420353,-0.0110883413683234,0.150057971671615,-0.0205125438853593,0.0201173884194983,0.00559408771780784
0.218232886598668,-0.361780851461866,-0.0078579722371967,0.152400903395975,-0.0205773073464859,0.0202794761441927,0.00470914843368252
0.253307200917175,-0.427080346462724,-0.00477925873699215,0.153878663884664,-0.0206911996819207,0.0204320020881384,0.00371327670630145
0.287311398060455,-0.491384273824716,-0.00185068053948382,0.154656220269092,-0.0208639798132669,0.0205755497580535,0.00263254275218025
0.32028264462033,-0.554552099324148,0.000931693563679437,0.154805010692543,-0.021097160209692,0.0207052462133142,0.00149293388935612
0.35217766961285,-0.616442869550341,0.00356797441856306,0.154310106067786,-0.0213855721518757,0.0208110365852256,0.000320077983305659
0.382878567463674,-0.676885856620678,0.00604945721910161,0.153095888124813,-0.0217196944592018,0.0208781246220597,-0.000860649058979881
0.412210690866916,-0.735654439986844,0.00835559436474171,0.151064030701268,-0.0220882940302438,0.0208876491313384,-0.00202383489595045
0.439968598239139,-0.792447706565407,0.0104535367256725,0.148137456151606,-0.0224809387456543,0.0208177352575417,-0.00314374926412653
0.465946823260518,-0.846884906689379,0.0123007346880263,0.144303967295633,-0.0228899827511076,0.0206451126583957,-0.0041942288220754
0.489972199915205,-0.898517886060662,0.0138508250148001,0.139652369391003,-0.0233116406704613,0.0203474281850886,-0.00514887002298064
0.51193377571623,-0.94686550923689,0.0150624385943329,0.134392808323858,-0.0237458557471902,0.0199062059736928,-0.00598165173152077
0.531805268944,-0.991470387693327,0.0159096225250717,0.128853071348538,-0.0241948852051993,0.019310122076395,-0.00666806326744252
0.549654315298969,-1.03197089749073,0.0163915031315718,0.123445438121832,-0.0246608753964404,0.018557926907207,-0.00718670962417
0.565634063519206,-1.0681727782921,0.0165381652197219,0.118605570228957,-0.0251431073090481,0.0176601418899021,-0.00752119982967238
0.579956795661378,-1.10009893384538,0.0164101324605388,0.114714795281792,-0.0256358609438691,0.0166387633020272,-0.00766194424514675
0.592854861062895,-1.12799773992545,0.0160905812411557,0.112025835625983,-0.0261277428754377,0.0155246942212041,-0.00760738387720318
0.604539205266558,-1.15230217359918,0.0156720010234072,0.110614241314981,-0.0266028173961099,0.0143533675933956,-0.00736425225983397
0.6151666930434,-1.17354914063565,0.0152411516130861,0.11037039588572,-0.0270431682701146,0.0131596455592245,-0.0069467331644791
0.624824007949516,-1.1922828259384,0.0148666667252863,0.111032781291406,-0.0274320025008017,0.0119732666263532,-0.00637472196544967
0.633529516857587,-1.20896915594513,0.0145922600157514,0.112249315287267,-0.0277563284826754,0.0108157736512607,-0.00567164587713421
0.641248679715642,-1.22394036429576,0.0144361211316534,0.113646766582293,-0.0280085757205789,0.00969923661550989,-0.00486234413108018
0.647915927604772,-1.23737553133914,0.0143950540231694,0.114890296360397,-0.0281870212613081,0.00862652773384029,-0.00397137700288392
0.653455969819812,-1.24931084956708,0.0144509863668606,0.11572272030174,-0.0282952543247453,0.00759260922699243,-0.0030219219076492
0.657799863537604,-1.25966803745871,0.0145776725838274,0.115981446326545,-0.0283410736530605,0.00658628515245677,-0.00203523935361945
0.660893689605635,-1.26828925297755,0.0147462004726447,0.115596786755118,-0.0283351762246965,0.0055920205189806,-0.00103058999354161
0.66269983478523,-1.27497036363881,0.0149287707934118,0.114577714777576,-0.0282898771852679,0.00459162810267052,-2.54547754274336e-05
0.66319226686134,-1.27948861765658,0.0151008405074513,0.112990944222898,-0.0282179756522294,0.00356578516206861,0.000964077133971079
0.66234803366882,-1.28162424455428,0.0152420355532072,0.110937803504722,-0.02813179759561,0.00249544143046508,0.00192286009768588
0.660137447781336,-1.28117717885349,0.0153363054531229,0.108531768302719,-0.0280424022741086,0.00136321394082223,0.00283626454600912
0.656515558913101,-1.27798074069611,0.0153717186886099,0.105878368044044,-0.0279589401467024,0.000154847162468389,0.00368983161466764
0.651417312736995,-1.2719135102864,0.0153401634703308,0.103058610774085,-0.0278881695247663,-0.00113924391674567,0.00446905889459313
0.644758320926189,-1.26290947367013,0.0152370810138069,0.100116997732139,-0.0278341655173822,-0.00252242256025568,0.0051593581082123
0.63644228548123,-1.25096517620281,0.0150612463021242,0.097055344771497,-0.0277982707779982,-0.00399045410990508,0.00574621712375642
0.626374920181202,-1.23614187092585,0.014814541738917,0.0938336598873024,-0.0277793364876673,-0.00553058629738596,0.00621558604051686
0.614482364587846,-1.21856015495009,0.0145016372902551,0.090378834273123,-0.0277742584089598,-0.00712141655716611,0.00655448228683824
0.600730484941424,-1.19838579491577,0.0141295087524299,0.0866007824075612,-0.0277787535868187,-0.00873383364986559,0.00675177324707101
0.585140078113879,-1.1758071620659,0.0137067712187824,0.0824139364286187,-0.0277882386365326,-0.0103331561212635,0.0067990460918509
0.567793069132993,-1.1510074673876,0.0132428736433385,0.0777602642788895,-0.027798613728673,-0.0118823197735173,0.00669143043800295
0.548826387575074,-1.1241370614138,0.0127472597333019,0.0726289794217746,-0.0278067440099954,-0.0133456622412747,0.00642821829755389
0.528413475215736,-1.09529203608662,0.0122286338790495,0.067068580257892,-0.0278104974381722,-0.0146926360339819,0.00601315036873096
0.506736948101235,-1.0645038929423,0.0116944548611034,0.0611888413990916,-0.0278083168748178,-0.0159007538641446,0.00545430725779456
0.48395874301816,-1.03174217158005,0.0111507268054591,0.0551532256808184,-0.0277984488835858,-0.016957266148756,0.00476364187708152
0.4601949138626,-0.996928597735105,0.010602086171876,0.0491646864984841,-0.0277780626979973,-0.0178594154541658,0.00395627695731616
0.435500640831138,-0.959958276889359,0.0100521125689103,0.0434489389147508,-0.0277425167431287,-0.0186134537378664,0.00304973190201693
0.409868748810983,-0.920722991319232,0.00950377756255165,0.0382387996456232,-0.0276850035305781,-0.0192328422231234,0.00206323846828488
0.383242008264295,-0.879132177654517,0.00895993259250406,0.0337614538411673,-0.0275967116968531,-0.0197360962830334,0.00101724868775471
0.355537743257452,-0.835129016910119,0.00842377434266339,0.0302284511146078,-0.0274675569309404,-0.0201446428860886,-6.68250218354765e-05
0.326681942039184,-0.788700844592564,0.00789924154681548,0.0278265773012381,-0.0272874525743096,-0.0204808832217324,-0.00116666110158582
0.296649155697313,-0.739884417578534,0.00739129905789522,0.0267070568148214,-0.0270480266068431,-0.0207664819069889,-0.00225894124735488
0.265503039714107,-0.688766957510475,0.00690604067850441,0.0269710633657364,-0.0267446181472781,-0.0210207886196919,-0.00331922407641866
0.233430643416986,-0.635483708379222,0.00645050593522325,0.0286512783285191,-0.0263782957360108,-0.0212592629816936,-0.0043219026799482
0.200761405825742,-0.580212398616038,0.00603209793456959,0.0316920597510279,-0.0259575334300347,-0.0214918566596996,-0.00524038184679182
0.167961054211372,-0.523164352992972,0.00565753054576679,0.0359338985720722,-0.0254990769550339,-0.0217214575311826,-0.00604761877457077
0.135592962267634,-0.46457232012967,0.00533137332360897,0.0411100332650127,-0.0250275278858132,-0.0219427243544432,-0.00671715059568613
0.104246417196358,-0.404675587907554,0.00505447214558448,0.0468625912905,-0.0245733226416991,-0.0221418086430355,-0.00722465334953038
0.0744425025848074,-0.343704142041726,0.00482272858927128,0.0527811392969825,-0.0241691590410058,-0.0222974603361602,-0.00754991806155606
0.0465402107123784,-0.28186497569387,0.00462678298013306,0.058458536419786,-0.0238454745512739,-0.0223837408605501,-0.00767891969621789
0.0206712020373722,-0.21933383687397,0.00445294336875243,0.0635506190678655,-0.0236260652265579,-0.0223740218042636,-0.00760548553494521
-0.0032741645102865,-0.15625478724067,0.00428526745324054,0.0678223687166539,-0.0235250837739668,-0.0222453849025296,-0.00733207880566787
-0.0256041195571842,-0.0927474457762028,0.00410823497031434,0.0711669586877562,-0.0235462549019307,-0.0219822631199092,-0.00686944712133104
-0.0467411010392446,-0.0289192919614879,0.00390921883109692,0.0735940705577595,-0.0236843608452177,-0.0215783989475546,-0.00623525431949044
-0.0671236871913927,0.035121060256684,0.00368009291405237,0.075194604383257,-0.0239282692567811,-0.0210368141467927,-0.00545211599137408
-0.0871229465457666,0.0992532385425954,0.00341770427652258,0.0760949314539355,-0.0242643735605941,-0.0203681345195334,-0.00454555037314452
-0.106990830225833,0.163338795788256,0.0031233366463362,0.0764135492368901,-0.0246794296264575,-0.0195880044581754,-0.00354224171407074
-0.126844944069999,0.227218317989043,0.00280154012156446,0.0762284333824247,-0.0251621503502718,-0.0187143265198478,-0.00246880458676848
-0.146683826823738,0.290709287844559,0.00245876306565603,0.0755583725988527,-0.0257034398731198,-0.0177649035616157,-0.00135107404989143
-0.166422152599085,0.35360208853571,0.00210214262262918,0.0743579742092152,-0.0262954898723591,-0.0167557794697902,-0.000213839154476721
-0.185935514855877,0.415654068857951,0.00173868884150894,0.0725247825953517,-0.0269302315816779,-0.0157004007640392,0.000919103423498172
-0.205106548032116,0.476584818377523,0.00137495651446955,0.0699166963185355,-0.0275976632247357,-0.0146095129828449,0.00202473913916514
-0.223865601676191,0.536076755969461,0.00101717311469136,0.0663776823076898,-0.0282844278409662,-0.0134915188969703,0.00308064469282418
-0.242219743937046,0.593783824625595,0.000671699814782019,0.0617693044048987,-0.0289728782646231,-0.0123529696749727,0.00406495203069821
-0.26026460986527,0.649349129510715,0.000345638091497204,0.0560046131452,-0.0296408081316609,-0.011198938560356,0.00495653137337856
-0.27817588953178,0.702431586066894,4.7351138724493e-05,0.049079634997174,-0.03026205275394,-0.0100331939606575,0.0057353957466384
-0.296180334003696,0.75273854848273,-0.000213346323404389,0.0410961596875604,-0.0308080214617854,-0.00885817291536184,0.00638327877607226
-0.314510727972465,0.800059851245012,-0.000425524270592254,0.0322693325647666,-0.0312501038424725,-0.00767488033798067,0.00688431214100837
-0.333353247923041,0.844295474462958,-0.000578067899586966,0.0229151401220093,-0.0315626239437288,-0.00648284628434566,0.00722571476763278
-0.352798513425296,0.885469198681638,-0.000661087581829978,0.0134169490695377,-0.0317258524196723,-0.00528027511618656,0.00739841865269853
-0.372807611200903,0.92372269734556,-0.000667513436317445,0.00417572470930664,-0.0317284919450784,-0.00406445436800113,0.00739757243862648
-0.393201365155537,0.959289063987418,-0.000594473339919033,-0.00444627383556569,-0.0315691088632162,-0.00283239843516461,0.00722287224661553
-0.413675786725886,0.992450281702582,-0.000444072525658369,-0.0121757356575524,-0.0312561844347071,-0.00158160857197881,0.00687866576253502
-0.433840325500569,1.0234875054077,-0.000223343641095905,-0.0188609059630093,-0.0308067497651881,-0.000310768054282446,0.00637377543069175
-0.453270022022508,1.05263449844327,5.66281148954e-05,-0.0244797794950201,-0.0302438792475213,0.000979802248451641,0.0057210140606444
-0.471559957510469,1.08004354773672,0.000382162393079765,-0.0291240287220501,-0.0295935830185072,0.00228802966059748,0.00493643639772465
-0.48837082336808,1.1057688552832,0.000738637126375973,-0.032965255662692,-0.0288817372337074,0.00361029484156993,0.00403844474990544
-0.503457939592305,1.12976743834613,0.00111193928411221,-0.0362137624125807,-0.0281316214669415,0.0049418126081183,0.00304691557984108
-0.516680894116079,1.15191401596239,0.00148942983609804,-0.0390800240401028,-0.0273624299366911,0.00627700218013904,0.00198250795685648
-0.527995128445517,1.17202393775074,0.00186030491403873,-0.0417461935475397,-0.0265888620427723,0.00760966319328226,0.000866257854455753
-0.537429703973492,1.18987967481119,0.00221540252556348,-0.0443511204488512,-0.0258217101820949,0.00893288048065775,-0.000280511303741962
-0.545055907948033,1.20525732039899,0.00254661515749529,-0.0469889163811996,-0.0250692165850278,0.0102386954056921,-0.00143600486472154
-0.55095142903911,1.21795240183077,0.00284613359862034,-0.0497188670718785,-0.0243389328081834,0.0115177021057495,-0.00257759129103318
-0.555164159956278,1.2278049601048,0.0031057791741333,-0.0525832659043705,-0.0236397621033069,0.0127588057353439,-0.0036813794164716
-0.557680043011148,1.23472416717744,0.00331669775543093,-0.0556291236446536,-0.0229838123582022,0.0139494074372635,-0.00472188474439963
-0.558400180100635,1.23871096859548,0.00346967797339161,-0.0589292083284884,-0.0223875884841486,0.0150762283007695,-0.00567194944428713
-0.557133562498927,1.23987466327486,0.00355628028460579,-0.0625974453946498,-0.0218719753662966,0.016126840174772,-0.00650309278355063
-0.553611807668791,1.23843650626693,0.00357076755141419,-0.0667937168048794,-0.0214604997118632,0.0170917314595151,-0.00718645711010216
-0.547529635944143,1.23471215808255,0.00351248526435593,-0.0717142369234584,-0.0211756453002748,0.0179664448525786,-0.00769444678125127
-0.538608563268287,1.22906777354862,0.00338792211993721,-0.0775666059315089,-0.021033613350754,0.01875309847573,-0.00800300455121505
-0.526671720731939,1.22185201312337,0.00321140102871391,-0.0845332429221672,-0.0210387329152203,0.019460588731197,-0.00809422960382162
-0.511709102660387,1.2133177856351,0.00300350599145611,-0.0927319199805708,-0.0211793708916191,0.0201031036761564,-0.00795879353293229
-0.493910300273174,1.2035565098341,0.00278709220303508,-0.102185050274906,-0.0214271337274048,0.0206971800322804,-0.00759749593074893
-0.473650318336273,1.19246778804842,0.00258181288444487,-0.112807930259824,-0.0217401543576171,0.0212581391925126,-0.00702145735609293
-0.451431144481614,1.1797757779097,0.0023989064818536,-0.124420007758018,-0.0220696893806745,0.0217969724861421,-0.0062508667160635
-0.42779861040236,1.16508576853672,0.00223796558843834,-0.13677507968772,-0.0223679820071424,0.0223184572751534,-0.0053126870408013
-0.403261302763324,1.14796061489963,0.00208655802980269,-0.149600157676524,-0.0225950839894623,0.022820668288339,-0.00423801572166982
-0.378233254336479,1.1279942381818,0.00192246918425627,-0.16263128694691,-0.0227230840289183,0.0232955030742082,-0.00305976751266142
-0.353009771476011,1.10486688797178,0.0017176271692504,-0.175637555622236,-0.0227373458970124,0.0237296347207729,-0.00181107956618425
-0.327773818732139,1.07837771804223,0.00144269173585951,-0.188429533856016,-0.0226352688792836,0.0241054439540391,-0.000524515016632314
-0.30262376162596,1.04845853018697,0.00107161470993459,-0.200853089156555,-0.0224234876604088,0.0244017997134647,0.000768092134009136
-0.277611746252097,1.0151746064748,0.000585828909479212,-0.212772614858824,-0.0221144147093965,0.024594845323658,0.00203542137110703
-0.252783662737955,0.978716927779198,-2.21734106009457e-05,-0.224049433000295,-0.0217228660702013,0.0246591315432704,0.00324637387941162
-0.228213479687247,0.939385819953911,-0.000746306475697569,-0.234521794686875,-0.0212633377217718,0.024569446258248,0.00436998561079441
-0.204026106876671,0.897563517339621,-0.00156617596457342,-0.243993037699031,-0.0207483766966665,0.0243035441229685,0.00537579256304712
-0.18040377873191,0.853672862805649,-0.00244915280731542,-0.252233487366193,-0.0201883160035405,0.023845645943303,0.00623482684944548
-0.157572934692743,0.808123297108294,-0.00335591439009692,-0.258998998466604,-0.0195923478614296,0.0231901310640542,0.00692128092151343
-0.135772782771047,0.761251903905342,-0.00424915786029532,-0.264064080927175,-0.0189704819027814,0.0223444275678815,0.00741464564975439
-0.115212963958147,0.713273734885769,-0.00510373276007141,-0.267261420416424,-0.0183355353295711,0.0213299774795207,0.00770185947525696
-0.0960332576733826,0.664257283639914,-0.00591520843224798,-0.268515162860307,-0.01770418744988,0.0201805329227856,0.00777883952889685
-0.0782792137305872,0.614135139450482,-0.00670378952565602,-0.267856005503159,-0.0170964790237456,0.0189378943845699,0.00765085467207173
-0.0619018837743188,0.562747577293157,-0.00751190580566709,-0.265412575556239,-0.016533812009608,0.0176461265809336,0.00733155947031112
-0.0467800946045349,0.509905159406364,-0.00839611771805361,-0.261382837345899,-0.0160361445710762,0.0163457871396586,0.00684096846862157
-0.0327553974304332,0.455451301491749,-0.00941592950296182,-0.255996036856778,-0.0156193161982789,0.0150695172076483,0.00620295445349516
-0.0196671888715651,0.399309083178937,-0.0106227269751671,-0.249476840018293,-0.0152932245524588,0.0138396663315838,0.00544287054635633
-0.00737855024675171,0.341505037345348,-0.0120513294559631,-0.242019696904932,-0.0150611339469548,0.0126678854103359,0.00458569153343003
0.0042110623881181,0.282171251339709,-0.013715263419545,-0.233776338383698,-0.0149200030058235,0.0115561531292816,0.00365481333995639
0.015165359736389,0.221532058726812,-0.0156056039133484,-0.224855208763861,-0.0148615043449161,0.0104985675015879,0.00267146070380892
0.0255195617180597,0.159882630486201,-0.0176925130797725,-0.215329610135737,-0.0148733738489847,0.00948334201864123,0.00165456755393478
0.0352936335057402,0.0975653065077404,-0.0199284853310937,-0.205251154066013,-0.0149408084511008,0.00849466222859718,0.000620986548270385
0.0445072021968383,0.0349468117027061,-0.0222525391549887,-0.194665477160904,-0.0150477366551892,0.00751425600429677,-0.00041409676077088
0.0531937151918766,-0.02760266128044,-0.0245950144019479,-0.183627942066683,-0.0151778975365145,0.00652269456419798,-0.00143663975157246
0.0614121819289514,-0.0897291695138283,-0.0268829938717997,-0.172217470104861,-0.0153157275038143,0.00550053071576627,-0.00243318258873958
0.0692548981563075,-0.151114270597513,-0.0290465320922522,-0.16054675546528,-0.015447100021176,0.00442942328642632,-0.00339031375446389
0.0768497615682628,-0.211494370399561,-0.0310258665385422,-0.148767307244251,-0.0155599714450555,0.00329339286516761,-0.00429421936838189
0.0843556178581979,-0.2706796075285,-0.0327794448201064,-0.137067497717779,-0.0156449552937028,0.00208029315145399,-0.00513037889854573
0.0919496919807703,-0.328570610179268,-0.0342920806397401,-0.125662272825071,-0.0156958005773702,0.00078348170667546,-0.0058834735008621
0.0998068693924245,-0.385169426120554,-0.0355818028970415,-0.114773687296113,-0.0157096702197426,-0.000596475916434449,-0.00653756340883466
0.108072146083012,-0.440578798659661,-0.0367033122349649,-0.10460298877254,-0.0156870259791949,-0.00205038350942356,-0.00707654503777947
0.116830219558216,-0.494984435876217,-0.0377459846365164,-0.095298161419812,-0.0156310171393672,-0.00355967995294225,-0.00748487648371574
0.12607875425706,-0.548618494710388,-0.0388251242853505,-0.0869235124739912,-0.015546381960826,-0.00509682250453104,-0.00774852310608828
0.135713216064053,-0.601708215387554,-0.0400667545115854,-0.0794392634587739,-0.0154380391102163,-0.00662709692109137,-0.00785603107031571
0.145529944073743,-0.654419260939769,-0.0415882611085282,-0.072698094641476,-0.0153096856136701,-0.00811186905314448,-0.00779957639079166
0.15524985167974,-0.706806296860492,-0.0434789538706228,-0.0664619619204024,-0.0151627758658778,-0.00951286964243864,-0.00757578862455951
0.164559246319025,-0.758783516565835,-0.0457853238684663,-0.0604372845510152,-0.0149962255596113,-0.0107967265982047,-0.00718617271974162
0.173158527228435,-0.810122285531676,-0.0485047227892678,-0.0543211856539447,-0.0148069807340022,-0.0119387984428353,-0.00663702788772789
0.180807206533973,-0.8604762652873,-0.0515888131854231,-0.0478485118284414,-0.0145913557919131,-0.012925549315663,-0.00593890321651996
0.187355304056928,-0.909426597899419,-0.0549552567329184,-0.0408297187853531,-0.0143468060681451,-0.0137551432939974,-0.00510574430488057
0.19275594403445,-0.956534428881441,-0.0585039477822114,-0.0331731665205026,-0.0140736850054523,-0.0144364249648347,-0.00415393910172796
0.197059650668048,-1.00138932400647,-0.062133597164155,-0.0248901267372837,-0.013776588366006,-0.0149868207872498,-0.00310147572317585
0.200394919004706,-1.04364415194813,-0.0657550908122869,-0.0160847222224614,-0.0134650249315303,-0.015429793513875,-0.00196735149877664
0.202941007420555,-1.08303259627608,-0.0692996453412095,-0.00693290300552679,-0.0131533069650581,-0.0157923745358545,-0.000771304177946978
0.204898184159984,-1.11936963250608,-0.0727212878292648,0.00234558153135001,-0.0128596706530577,-0.0161030714496421,0.000466132370491089
0.20645875824253,-1.15253761492221,-0.0759942673557067,0.0115196450283403,-0.0126046772354487,-0.0163901957729657,0.00172329318758406
0.207780530266071,-1.18246133753065,-0.0791065652660851,0.0203825867176835,-0.012408946517154,-0.0166804533415586,0.00297684159352415
0.208963750024194,-1.20907555785762,-0.0820508556384342,0.0287903049089239,-0.0122902938474152,-0.0169975250151495,0.00420111951066306
0.210033501792581,-1.23228924440938,-0.0848144359667382,0.0366997484935256,-0.0122604280570997,-0.017360350141509,0.00536752180287014
0.210931244614153,-1.25195197130419,-0.0873698851235054,0.0442019733465425,-0.0123215677138618,-0.017780921815496,0.00644409842084059
0.211521125805326,-1.26783106568251,-0.0896687249954516,0.0515395805737169,-0.0124636555696577,-0.0182616577965097,0.00739569597324662
0.21161655850339,-1.27961061134683,-0.0916407675309216,0.0590949897869179,-0.0126631874380113,-0.0187928185614803,0.00818505140053059
0.211028404928199,-1.28692284858378,-0.0932014679929932,0.0673380069534213,-0.0128847790224461,-0.0193509353192826,0.00877522330707895
0.209627138754401,-1.28941445534478,-0.0942675792626524,0.0767323848413975,-0.01308610524622,-0.0198995139325032,0.0091334240780907
0.207400819551284,-1.28683454113123,-0.0947776566251586,0.0876207901746645,-0.0132255797555346,-0.0203929850662133,0.00923565484383558
0.204485989144442,-1.27911486240531,-0.0947102071089153,0.100126106148183,-0.0132705311597239,-0.020783728861309,0.00907083133972521
0.201156287387549,-1.26640771970319,-0.0940915139687761,0.114109007650695,-0.0132027831841402,-0.0210304053630768,0.00864288440573651
0.197772236106412,-1.24906307020398,-0.0929892672303873,0.129200074469331,-0.0130194324006511,-0.0211048654812085,0.00797000269440233
0.194713226816004,-1.22755396552641,-0.0914948497757446,0.144890995546887,-0.0127288861681005,-0.0209954253090818,0.00708140742603118
0.192317606041708,-1.20238118150355,-0.0897019807091336,0.160646392791605,-0.0123443408491486,-0.0207059912357719,0.00601298831608816
0.190847517669866,-1.17399054161717,-0.0876895504964997,0.17599819227688,-0.01187752040989,-0.0202522168717983,0.00480324063954536
0.190480614341825,-1.14272338945783,-0.0855130070995915,0.190602022871733,-0.0113346673678537,-0.0196565990275265,0.00349039201893436
0.191320198594328,-1.10880420151335,-0.0832046104852906,0.20425476615633,-0.0107154320000591,-0.0189441284650944,0.00211092257707792
0.193412080946065,-1.07235827310669,-0.0807803242618182,0.216883985363769,-0.0100142918158885,-0.0181393346250641,0.000699231183562331
0.196758561372612,-1.03344810208523,-0.0782502788028499,0.228522201500617,-0.0092237010415182,-0.0172648140660082,-0.000711963417467877
0.201324496587601,-0.992118054806467,-0.0756299590919493,0.239275704160189,-0.00833814592354092,-0.0163408618318784,-0.00209088697468293
0.207035143277229,-0.94843893082654,-0.0729497054277433,0.249292749423211,-0.0073583691342852,-0.0153856239414432,-0.00340598229636467
0.213769497239958,-0.902545345430983,-0.0702604421150569,0.258732240064646,-0.00629504239230669,-0.0144151930964898,-0.00462548512830163
0.22135576901784,-0.854659342262618,-0.0676339007502829,0.267732568429149,-0.00517109014865461,-0.0134432303861193,-0.00571755732668817
0.229576706818052,-0.805094311376636,-0.0651563547606558,0.276381457175403,-0.00402182572527846,-0.0124799841143844,-0.00665115688992385
0.23819056556044,-0.754235621491857,-0.0629163417772169,0.284690578979701,-0.00289226866208387,-0.0115309434852203,-0.00739767105172141
0.24696811172718,-0.702499846315873,-0.0609889288094722,0.292581705636751,-0.0018316376116827,-0.0105957021078182,-0.00793310201268198
0.255738267798347,-0.65028168798874,-0.0594209323678355,0.299891398697693,-0.000885985125160951,-0.00966773044613015,-0.00824034354044182
0.264428532670284,-0.597903934198823,-0.0582219822598642,0.306397174954044,-9.08608640527459e-05,-0.00873553657199475,-0.00831095667109321
0.273085087516375,-0.545586313639932,-0.0573646160902672,0.311860348095503,0.000533809552197787,-0.00778515640345393,-0.00814594592604519
0.281863291367965,-0.493443223651099,-0.0567933146292101,0.316073618320983,0.00098507789111524,-0.00680332843278511,-0.00775534308602307
0.290989102196334,-0.441509743849743,-0.0564391317020053,0.318899165359974,0.00127434504700249,-0.00578039273875415,-0.00715676742806884
0.300700911305926,-0.389785588949084,-0.0562350040162763,0.320287191100152,0.00142190752063284,-0.00471208768383917,-0.0063733824450399
0.311185607084195,-0.338281569931357,-0.0561274183863714,0.320272852433389,0.00145059725423764,-0.00359989459737716,-0.00543172975853291
0.322522179403894,-0.287054093993372,-0.0560821451126923,0.318956928653918,0.00138036732813672,-0.00245012867094858,-0.00435983090474094
0.334642817062141,-0.236218601914319,-0.0560839904773635,0.316479175848195,0.00122500909286381,-0.00127233881264074,-0.00318579250212095
0.347317551172906,-0.185940044517741,-0.0561321006420704,0.312992881091631,0.000991342663918336,-7.76602745922954e-05,-0.00193700246023367
0.360165103135292,-0.136404989713588,-0.056232975861316,0.308646169039476,0.000680547088201375,0.00112239110868631,-0.000639892646266468
0.372689900817272,-0.0877845170820142,-0.0563932609205383,0.303572210140104,0.000290930714486753,0.00231646288754714,0.000679830231655249
0.384342567252872,-0.0401991793090705,-0.0566139200083629,0.29788766638891,-0.000178651003254444,0.00349330078002285,0.00199663297347509
0.394597940416576,0.00630282121898116,-0.0568868862591752,0.291696792585429,-0.000725461946020683,0.00464133660333656,0.00328446567123731
0.403040489729451,0.0517453765229532,-0.057194812500615,0.285097457966733,-0.00134026258841557,0.00574831015219254,0.00451613981077454
0.409442018180352,0.0961978488879332,-0.057514064093665,0.278184838808004,-0.00200592641127244,0.00680131745594266,0.00566299102182809
0.4138125289755,0.139724663302545,-0.0578205021639279,0.271049201411291,-0.00269771047532994,0.00778757095152716,0.00669502651118392
0.416404496479833,0.182322314030804,-0.0580968039630482,0.263766221676686,-0.00338539422396847,0.00869592923631867,0.00758170287818225
0.417656930906969,0.223863127625536,-0.0583392300983624,0.256381723718265,-0.00403714214866679,0.00951894520445714,0.00829338150846225
0.418080462248074,0.264069013272508,-0.0585612860425857,0.248896430604015,-0.00462444408167398,0.0102548913237343,0.00880337319788197
0.418105660216191,0.302533652611637,-0.0587921199236318,0.241258027801003,-0.00512699425185712,0.0109090782917039,0.00909032169239187
0.417936584486167,0.338796393279367,-0.0590690936703178,0.233366046698284,-0.00553615486372906,0.0114938980356504,0.00914051953966846
0.417458589926397,0.372449510042206,-0.0594263645952582,0.2250898785202,-0.00585593455721989,0.0120273903813364,0.00894964573289883
0.416235613222998,0.403242886690593,-0.0598834216905138,0.216294514144214,-0.00610118227392243,0.0125306267266816,0.00852344454191028
0.413600320149281,0.431148094429379,-0.0604380279136814,0.206865966373016,-0.00629363401782146,0.0130246128224338,0.00787709758802431
0.40880497529393,0.456360177164947,-0.061066286908864,0.196729717432639,-0.00645708693559686,0.0135275235360836,0.00703341870669167
0.401180801464093,0.479241304316923,-0.0617294874245724,0.185859372735259,-0.00661303208641921,0.014052848028779,0.00602035538067231
0.390258131634682,0.500230988214245,-0.0623847525673443,0.174276165956029,-0.00677763403315383,0.0146085866309481,0.0048684294564128
0.375821657281053,0.519752644159203,-0.0629955415458427,0.162041189197131,-0.00696031947630985,0.0151972176086244,0.00360863668386814
0.35790168299897,0.538139649109685,-0.0635390491442747,0.149242574649912,-0.00716377656558146,0.0158159845832715,0.00227109708271351
0.33671939183938,0.555592143991744,-0.0640092937860826,0.13597928179125,-0.00738496676660024,0.0164571188288991,0.000884505062687017
0.312608516470746,0.572165906042653,-0.0644161520174656,0.12234244517196,-0.00761676235209509,0.0171078207185457,-0.000523744591689002
0.285930867092653,0.587788586014713,-0.0647811894351003,0.108394607239792,-0.00784991281219982,0.017750043401858,-0.0019269699090535
0.256996652971278,0.602297328422558,-0.0651311937127278,0.0941476306580692,-0.00807513372412237,0.0183603276442577,-0.00329838343918967
0.225996997524904,0.61549316428394,-0.06549026547015,0.0795418439232801,-0.00828514463335365,0.0189101114808706,-0.00461026042725584
0.192956431302867,0.627208618686366,-0.0658714809196707,0.0644316537168176,-0.00847643118379442,0.0193670482049303,-0.0058333212134879
0.157715556657079,0.63738266303884,-0.0662695397275775,0.0485853975200135,-0.0086503756567104,0.0196978198413196,-0.00693659613264102
0.119955730042534,0.646131516037981,-0.0666563940025836,0.0317080807845297,-0.00881327593242686,0.0198726503014922,-0.00788807795400052
0.079273954677865,0.65379635357982,-0.0669821189118236,0.0134923672196195,-0.00897479524532946,0.0198711117687026,-0.00865641972435719
0.03530373897659,0.660944873595629,-0.0671825658128182,-0.00630594586340149,-0.00914471911506036,0.0196879553489708,-0.00921370365683305
-0.0121423493082903,0.668310740847557,-0.0671932906010102,-0.0277851477115735,-0.0093285969611693,0.0193369828389604,-0.009538873594871
-0.0629517315217853,0.676675245753558,-0.0669662236420846,-0.0508358008529465,-0.00952363857551158,0.0188509765045551,-0.00962093737824195
-0.116658844112846,0.686722607178377,-0.0664833031366345,-0.0751273288201707,-0.00971658095297001,0.0182768431036893,-0.00946084735077291
-0.172484696694301,0.698917227996904,-0.0657617415570978,-0.100153507942687,-0.00988468639212853,0.0176670483829818,-0.00907132548064573
-0.229455437132294,0.713444643768995,-0.0648491199631135,-0.125322292202525,-0.00999974607563106,0.0170700234604618,-0.00847470926504004
-0.286555048914645,0.730229628838915,-0.0638109492986717,-0.150057888263711,-0.0100337096017938,0.0165224518892784,-0.00769964551294444
-0.342860876249674,0.749013826471918,-0.0627160086102954,-0.173883211353217,-0.00996411104862023,0.0160451828718219,-0.00677771082395313
-0.397628210768946,0.769458251579721,-0.061624466220307,-0.19646547192818,-0.0097779263707081,0.015642854592789,-0.005740754296014
-0.450316181656228,0.791237063221978,-0.0605814834579114,-0.217625126428083,-0.00947339073103457,0.0153061251880892,-0.00461925768180623
-0.500566991577901,0.81410117220845,-0.0596164719608473,-0.237319566476773,-0.00906006322500658,0.0150150744713302,-0.00344161594129447
-0.548158456849247,0.837903502707392,-0.0587464944610143,-0.255615334687278,-0.00855776533498261,0.0147426342216108,-0.00223406331453815
-0.592948694117538,0.862587637230175,-0.0579817215654601,-0.272659244595779,-0.00799498204210848,0.0144574528777207,-0.00102095855453925
-0.63482633925903,0.888146594029299,-0.0573309688224302,-0.288653189199181,-0.00740706219366975,0.0141260915661563,0.000174808697029466
-0.673674136652935,0.914560971286676,-0.056805786819439,-0.303832538406435,-0.00683426769827953,0.0137147700284606,0.0013314760175088
-0.709349512128567,0.941727083466128,-0.0564220793361112,-0.318445043864509,-0.00631951217168237,0.0131910045604987,0.0024282755198623
-0.741682886976297,0.969387354857416,-0.0561987518555516,-0.332726581213845,-0.00590557160613743,0.0125254356463865,0.00344560594735959
-0.770492139439655,0.99707693251063,-0.0561535053373664,-0.346871823718104,-0.00563167182774221,0.011693969572592,0.004365526682044
-0.795608896081406,1.02410062941483,-0.0562966112163017,-0.361001466151448,-0.00552964020848085,0.0106801096454846,0.00517248032163916
-0.816909511712512,1.0495512298775,-0.0566242323854461,-0.375131727773019,-0.0056201687602333,0.00947711670499828,0.00585403859484173
-0.834341398746297,1.07237222630332,-0.0571132724602566,-0.389154441844278,-0.0059100158161845,0.00808950882153945,0.00640140968527736
-0.847935749122801,1.09145677491351,-0.0577195567821644,-0.402835392419244,-0.00639100314023024,0.00653346502580621,0.0068094974598548
-0.857801492856867,1.10576358847936,-0.0583802729158002,-0.415834174319706,-0.0070413403004302,0.00483592418996353,0.00707646756068451
-0.864101818419145,1.11442453951002,-0.0590203127522725,-0.427742440973306,-0.00782918581816444,0.00303246689571622,0.00720298192020718
-0.86702111389245,1.11682115085583,-0.0595609983029528,-0.438132048523514,-0.00871766545844042,0.00116430438246244,0.00719140079764621
-0.866733592907459,1.11261721352539,-0.0599291022613823,-0.446602783269994,-0.00967011764685215,-0.000725197798073444,0.00704524094339117
-0.863383091483974,1.10174756170556,-0.0600642006371012,-0.452821180295966,-0.010654330710512,-0.00259404168513118,0.00676902837133535
-0.857078371972894,1.08437409666013,-0.0599230795847262,-0.456546066544216,-0.0116449695609161,-0.00440479158293179,0.0063684939867622
-0.84790202641617,1.06082508541507,-0.0594807879498102,-0.45764033996422,-0.012624030532203,-0.00612712150644302,0.00585093008034631
-0.835927077903477,1.03153303991959,-0.0587287405647331,-0.456071054513145,-0.0135797284992611,-0.00773946636056691,0.00522550859490942
-0.821234280493035,0.996981704159272,-0.0576708431224871,-0.451900755368714,-0.014504515266425,-0.00922964441878718,0.00450343154369096
-0.803925033620622,0.957667630928675,-0.0563189211404848,-0.445273157791388,-0.0153929410481656,-0.0105944789137658,0.00369788621839889
-0.784126943197435,0.914076720206662,-0.054688697937353,-0.436395510848225,-0.0162398815046002,-0.0118385993548689,0.00282385153404264
-0.761991659197109,0.866673606148646,-0.0527973341229526,-0.425519451885859,-0.0170394133514569,-0.0129727052137449,0.00189783684876392
-0.737685969046318,0.81590028130283,-0.0506631093447195,-0.412921341817447,-0.0177844098064465,-0.0140115932731603,0.000937627235510305
-0.711377680307177,0.762179870332466,-0.048307309586351,-0.398882308880643,-0.0184667853203805,-0.0149721941813446,-3.79202123946149e-05
-0.6832181120773,0.705921731546965,-0.0457578609615857,-0.383667801146463,-0.0190782455974619,-0.0158717690376876,-0.00100901936298566
-0.653323265547807,0.647524586148282,-0.0430537603831444,-0.367506481537337,-0.019611366135552,-0.0167263199193784,-0.00195505961189221
-0.621756337542689,0.587375237556936,-0.0402489527424924,-0.350569020585286,-0.0200608084009735,-0.0175492024682462,-0.00285472024442028
-0.588515117553196,0.525841663662488,-0.0374140726439307,-0.332948711914337,-0.0204244731745887,-0.0183499130245807,-0.00368616416472135
-0.553528309887762,0.46326061956447,-0.0346345217031119,-0.314647379240017,-0.0207043766278486,-0.0191330548960844,-0.00442739605939976
-0.516665230489595,0.39992226443241,-0.0320039215531571,-0.295571644078191,-0.0209070584195994,-0.019897582030452,-0.0050568756326637
-0.477761338929809,0.336055814204029,-0.0296130784573665,-0.275544474257389,-0.0210433713877089,-0.0206365072415564,-0.00555445337235995
-0.43665815678131,0.271821190840563,-0.0275361816972899,-0.254334618002254,-0.0211276033258569,-0.0213373097162931,-0.00590262447285154
-0.393251205944811,0.207311478997299,-0.025817587847493,-0.231701997286251,-0.0211760633138946,-0.021983236151436,-0.00608797911062503
-0.347534111117224,0.142567941442741,-0.0244633067065844,-0.207450664576596,-0.0212054302262989,-0.0225554698096904,-0.0061025847616427
-0.299625836379394,0.0776055362945408,-0.0234405486055883,-0.181476384220431,-0.0212312987699856,-0.0230358523978187,-0.00594495742027759
-0.249771414291744,0.0124425721391081,-0.0226861947498193,-0.153795328490412,-0.0212673055448023,-0.0234095524418661,-0.0056203198700426
-0.198315185614684,-0.052873434617384,-0.0221218528537928,-0.124545848975105,-0.0213250117811778,-0.0236670055211624,-0.0051400349316364
-0.145655387344238,-0.118249953990529,-0.0216708476549123,-0.0939645605142299,-0.0214144570828073,-0.0238046969595845,-0.00452036652411716
-0.0921934227854511,-0.183546361222042,-0.0212720772558727,-0.0623454990491663,-0.0215449926431819,-0.0238246741772637,-0.00378089620357451
-0.0382918315408511,-0.248581719732978,-0.0208873707259332,-0.0299954601497317,-0.021726002267037,-0.0237331309778018,-0.00294299362953053
