0,0,0,0,0,0,0
0.166917823475629,0.000168659384268821,0.000762262198057435,0.0437456814776818,0.000112111633828129,-0.000825101404689089,-0.000993098756159597
0.333382962956401,0.000538483923893052,0.00149613651100619,0.0874025541669063,0.00021380953282445,-0.00165912797846005,-0.00196198837865899
0.498951223585397,0.00131552230565252,0.00217385911739789,0.13089590539488,0.000293662436044602,-0.00250911133853492,-0.00288197479660048
0.663191788225953,0.00271361643639753,0.00276927082749018,0.174174467494458,0.000338590311117969,-0.00337832669558998,-0.00372761473739599
0.825685365469132,0.0049535157964426,0.00325937330249492,0.217210801482503,0.000333978598345239,-0.00426458149528087,-0.0044728684385289
0.986013673934531,0.0082567230648198,0.00362642432666184,0.259989954483066,0.00026480645956219,-0.0051589208287415,-0.00509180368426133
1.14374061151615,0.0128331360508904,0.00386021895568533,0.302486433011158,0.00011785377556749,-0.0060451401030857,-0.00555987220802054
1.29838873265639,0.0188620807310605,0.00395994142911652,0.344633546120142,-0.000115278151251922,-0.00690050468284254,-0.00585562162556135
1.4494176842855,0.0264666961517011,0.00393488245785311,0.38629302797406,-0.000435012095400564,-0.0076978888940186,-0.00596254807345016
1.59621292500253,0.0356817609852437,0.00380349031164816,0.427234696174702,-0.000831525405401673,-0.00840917196536141,-0.00587070952908709
1.57167252022573,0.0424704091331387,0.00348207149113363,0.422810565250191,-0.00129351854253445,-0.00810314847154149,-0.00469467854852739
1.54219451813915,0.0491161324263452,0.00322676601550944,0.41664174052168,-0.00175640280251944,-0.00767870958198287,-0.00341937982086944
1.50778727244903,0.0554573010941523,0.00304135881467996,0.408612087895327,-0.00220962712500404,-0.00715995116267268,-0.00208285032897393
1.46854972455472,0.0613790918796662,0.00292547824974928,0.398716754924885,-0.00265073859246496,-0.00657342741222393,-0.000720695339411056
1.42465164072269,0.0667960466133081,0.00287743863472672,0.387029047054888,-0.00308245090624037,-0.00594586003168808,0.00063372547437823
1.37630199580247,0.0716274240812052,0.00289558876345295,0.373657424000942,-0.00350902268078318,-0.00530279501726047,0.00194882231067805
1.32370772917206,0.0757714821766063,0.00297813188023164,0.35869990886763,-0.00393275381517913,-0.00466773353365584,0.00319427082949111
1.26703736596963,0.0790859558169791,0.00312189381111824,0.342205117701903,-0.00435119357980415,-0.00406129531340396,0.00434066556802885
1.20640693336441,0.0813819480196787,0.00332083901269331,0.324149321023324,-0.00475552991204602,-0.00350012522412725,0.00535953519114746
1.14189085394095,0.0824358403812556,0.00356520735059053,0.30443450775951,-0.00513052285938874,-0.00299546981493556,0.00622391269865317
1.07354555680098,0.0820188713895697,0.00384192840693877,0.282907044597601,-0.00545615268562912,-0.00255165887428854,0.00690951340390502
1.00143542132814,0.0799384484847407,0.00413648342823673,0.259393925434183,-0.00571082613679371,-0.00216504677222307,0.00739637397406162
0.925664324301286,0.0760809745668695,0.00443576361172311,0.233752394310395,-0.0058755635311859,-0.00182408887556335,0.00767067580723853
0.846413944350202,0.0704435769773429,0.00473094246168353,0.205922965839283,-0.00593815618485839,-0.00151096465191298,0.00772637201450321
0.763973615937293,0.0631432342390239,0.00501922403259273,0.175968901711169,-0.00589605832186343,-0.00120459223524041,0.00756612707166681
0.678738747639988,0.0543980748314557,0.00530370977056516,0.144085825816855,-0.00575702812551349,-0.000884299482605088,0.00720110848207123
0.591175250330166,0.0444862029505551,0.00559144312675774,0.110578229761435,-0.00553734638235539,-0.000533162796287186,0.00664955661787793
0.501771039022956,0.0336958079486982,0.00589047641145724,0.0758143611316174,-0.00525837947909547,-0.000140215753908042,0.00593458134244535
0.410997095982035,0.0222811586748103,0.00620709400758646,0.040176216709096,-0.00494272260578818,0.000298784451517364,0.00508186599372744
0.319282478151933,0.0104330687222236,0.00654399437259576,0.0040167745075269,-0.00461095954253861,0.000781841398201241,0.00411776042304412
0.226999555108162,-0.00173377954629708,0.0068997057146236,-0.032368586319203,-0.00427958253548388,0.00130195315542419,0.00306797498081567
0.134458118420956,-0.0141785197863694,0.00726905405279659,-0.0687532971323548,-0.00396016041642927,0.00184853142564686,0.00195691917955974
0.0419136665797993,-0.0269201466279711,0.00764436981602519,-0.104973398418369,-0.00365961008000182,0.00240860112415229,0.000807690730147231
-0.0504103795433103,-0.0400160225725741,0.00801710670845416,-0.140908464696259,-0.00338129584074398,0.0029676453667539,-0.000357397814179406
-0.142294908823376,-0.0535367672080405,0.0083795491614491,-0.17645676231642,-0.00312663528558177,0.00351020137219212,-0.00151599611365287
-0.233502241071024,-0.0675402978848701,0.00872622511172779,-0.21151023878147,-0.00289688518129105,0.00402042511717359,-0.00264488177141749
-0.323761028878701,-0.0820465036558587,0.00905459517460525,-0.245930996995224,-0.00269480905544279,0.00448283554979138,-0.00371931408772295
-0.412754270551804,-0.0970137764649694,0.00936468497209654,-0.279529077261883,-0.00252594327434844,0.00488338351519879,-0.00471267478017694
-0.500106181163832,-0.112320578942696,0.00965760040548393,-0.31204438684306,-0.00239916847539275,0.00521091971641467,-0.00559649966055819
-0.585373538513541,-0.127758306695716,0.00993326393919776,-0.343141355209898,-0.00232627029367747,0.00545900978094745,-0.00634111571507973
-0.668055299080154,-0.143042914951243,0.0101880869487986,-0.372426777163616,-0.00232022911510813,0.00562779399780672,-0.00691713893973781
-0.747629829118477,-0.157848799836664,0.0104135164068074,-0.399494529164918,-0.00239224002969184,0.00572527012748246,-0.0072978851678361
-0.823612813554304,-0.171858916558717,0.0105963254130922,-0.42398752684139,-0.0025479728876364,0.00576723193986167,-0.00746232678444913
-0.895613688224277,-0.184814545129399,0.0107210141286316,-0.445655852507404,-0.00278417464482994,0.00577538016240254,-0.00739784519232299
-0.963368085599309,-0.196544494055573,0.0107738029368678,-0.464389357829181,-0.00308699106977768,0.00577381712877782,-0.00710197484981676
-1.0267385082404,-0.206961252000936,0.0107467505716307,-0.48021428676319,-0.00343309345764715,0.0057848669815706,-0.00658267378783907
-1.08569148978371,-0.216028097510901,0.01064018284014,-0.493258838995697,-0.00379370070934945,0.00582541670384464,-0.00585717672613997
-1.14026395338584,-0.223715210002723,0.0104622068138221,-0.503702299689807,-0.00414041807142039,0.00590462011975232,-0.00494989666661388
-1.19052626955349,-0.229965804179961,0.0102254284549902,-0.511723662284949,-0.00445100582219932,0.00602313882565606,-0.0038900087239767
-1.23654473506818,-0.234684290326174,0.00994225477068026,-0.517461666661253,-0.00471322423738086,0.0061735649413606,-0.0027092961908954
-1.27834956343316,-0.237745759723613,0.00962061134248479,-0.520994070492773,-0.00492573712321064,0.00634151650750031,-0.00144065077257782
-1.31591905156294,-0.239018020228064,0.00926141399717762,-0.522339970738855,-0.00509618255862543,0.00650703404982257,-0.000117353089593031
-1.34918775159241,-0.238386614254125,0.008858225155748,-0.521484022947909,-0.00523733623867957,0.00664614160464214,0.0012269950657531
-1.37807629377996,-0.235776866321959,0.00839883226457225,-0.518416035775339,-0.00536254265442474,0.00673263525691105,0.00255816601029198
-1.40253086148161,-0.231171005551886,0.00786826131024101,-0.513175685003378,-0.0054814337935922,0.00674028256055502,0.00384093538155211
-1.42255803434854,-0.224620584281041,0.00725281393327179,-0.505891145869039,-0.00559670817308964,0.0066456328249164,0.00503892368503606
-1.43824495997968,-0.216254244428186,0.00654475256647987,-0.496801249403193,-0.0057025830339213,0.00643149508753758,0.00611492268926007
-1.44976047910893,-0.206278977773814,0.00574702600432182,-0.486252199527526,-0.00578541246600258,0.00609078437198854,0.00703198974706008
-1.45733523109028,-0.194970785982978,0.0048769635928005,-0.474662383642952,-0.00582668539862276,0.00562990810282556,0.00775551681118839
-1.46122119315692,-0.182650792617716,0.00396752077301971,-0.462455776577393,-0.00580802154676606,0.00507041365844671,0.00825621294665169
-1.46163665316777,-0.169647052966708,0.00306490135735852,-0.449976678023861,-0.00571694359794568,0.00444764266237616,0.00851349214379213
-1.45871161771696,-0.156249580560432,0.00222245447346995,-0.437411496959549,-0.00555154557890799,0.00380593272476257,0.00851834266008267
-1.45245384239559,-0.142671913904712,0.00149228704483491,-0.424747090612853,-0.00532226462486989,0.0031912782844332,0.00827468429966808
-1.44275139602733,-0.129032025419714,0.000917132420944596,-0.411783684318469,-0.00505000281637919,0.00264357232400907,0.00779867390063577
-1.42941274486536,-0.115357986314761,0.000524965958781359,-0.398197666604332,-0.00476135906334503,0.00219073681513691,0.00711618729255909
-1.41222954664994,-0.101613116917065,0.000327486906948539,-0.38362970426184,-0.00448277329980013,0.00184616476449367,0.00625933362987938
-1.39103799657392,-0.0877291554859786,0.000322024080504793,-0.367767216845275,-0.00423548550705914,0.00160942628116789,0.00526299182782822
-1.36575765341529,-0.0736356305256826,0.000495287786946247,-0.350398705749589,-0.004032472088935,0.00146915188779506,0.00416206833953674
-1.33640033155893,-0.0592785549343329,0.000827229195905829,-0.331432983809553,-0.00387759996695976,0.00140669412916688,0.00298975659873818
-1.30305684729787,-0.0446272315701421,0.00129377196906883,-0.310889560746516,-0.00376658532127849,0.00139947724869067,0.0017767541606756
-1.265876836514,-0.0296715929131667,0.00186795482402552,-0.288872119942712,-0.00368909644851966,0.00142349034727076,0.000551210901004153
-1.22504973180988,-0.0144134892962462,0.0025197399448677,-0.265534720566459,-0.00363137495659113,0.00145486476140869,-0.000660896612573888
-1.18078367231459,0.00114471038333366,0.00321522973307032,-0.241045607914378,-0.00357890591097831,0.00147077781855925,-0.00183523960121878
-1.13327727194971,0.0170107199068871,0.00391624986405515,-0.215551588387792,-0.00351883321885574,0.00145004547026525,-0.00294863169492118
-1.08269006912087,0.0332086262088875,0.0045812350129269,-0.189147694558904,-0.00344194099526557,0.00137376086738853,-0.00397863583008653
-1.02912646240402,0.0497783678566341,0.00516811458579933,-0.161858246852125,-0.00334407308888095,0.00122624030946292,-0.00490338975156878
-0.97264047657735,0.0667677194627538,0.00563938253661075,-0.133633235297415,-0.00322683443697163,0.00099635420621187,-0.00570178957731045
-0.913254470338427,0.0842176211459389,0.00596873945626588,-0.104360656956508,-0.00309738648939725,0.000679074986866899,-0.00635411088913289
-0.85098180324175,0.102142979056703,0.00614782512471783,-0.0738938469646539,-0.00296722995131965,0.000276844409767355,-0.00684301895851892
-0.785852915403795,0.120513139694712,0.00619100109042131,-0.0420914966612109,-0.00285010165981369,-0.000199759398265134,-0.00715483120984358
-0.717946168952105,0.139238267490909,0.0061362070009974,-0.00886354666197492,-0.0027593958139474,-0.000732529626929682,-0.00728082430416144
-0.647415977215064,0.158167392447249,0.00604076257255445,0.0257889687108377,-0.00270572420487148,-0.00129752901195205,-0.00721827841001303
-0.574506095770021,0.17710031364523,0.00597251574910184,0.0617523713683606,-0.00269525811889181,-0.00186815526011356,-0.00697092211392495
-0.499541457464432,0.195810625114435,0.0059983750369577,0.0988035574652687,-0.00272928673994611,-0.0024187154924133,-0.00654858479082602
-0.422902687138553,0.214073671721543,0.00617319573769806,0.136635816229608,-0.00280503873801484,-0.00292766413867284,-0.00596614190615536
-0.344993032307704,0.23169228167565,0.00653171445566266,0.174898146619029,-0.00291740952299949,-0.00337982041227455,-0.00524206629298778
-0.266207884857027,0.248514872494514,0.00708498864756871,0.213236353956089,-0.00306100982393408,-0.00376728053465171,-0.00439697723741659
-0.186913660308672,0.264443640628669,0.00782130784107045,0.251326047881695,-0.0032319674509476,-0.00408915260148503,-0.00345250239395217
-0.107438516029578,0.279433448609603,0.0087104688922724,0.288891971792382,-0.00342910245828148,-0.00435049236030405,-0.00243061285416115
-0.0280741495873697,0.293483686829181,0.00970991637874253,0.3257124653005,-0.00365432756835041,-0.00456085939828719,-0.00135344217111939
0.0509136392885017,0.306625686341787,0.0107714138070552,0.361610824024314,-0.00391230523354385,-0.00473280296309666,-0.000243500468553376
0.129268162367338,0.318907757271496,0.0118473254297551,0.39643673091635,-0.00420949426217971,-0.00488041737223023,0.000875852920283604
0.206721081526576,0.33037908530594,0.0128959617049109,0.430041158129194,-0.00455276573688597,-0.00501794986773384,0.00197983320870493
0.282969693768739,0.341073749381317,0.0138856391821271,0.462248686909014,-0.00494781198423163,-0.00515835430700824,0.00304171363839896
0.357655131679003,0.350996894401471,0.0147971095830875,0.492832293582431,-0.00539763996175116,-0.00531168124556669,0.00403255408234825
0.430346017935888,0.360116408610649,0.0156239348439606,0.521497106769103,-0.00590152610862999,-0.00548329272282686,0.00492138995898235
0.50053383328217,0.368364836203519,0.0163704268696806,0.547880754140662,-0.00645486081770667,-0.00567208770238661,0.00567610659707081
0.567645872349308,0.375655885467969,0.0170471042145987,0.571576157259536,-0.00705021664360102,-0.00586916281561248,0.00626515760771711
0.631077640144913,0.381917177904252,0.01766433345616,0.592177239446844,-0.00767964533938319,-0.00605750218795864,0.00666009499958444
0.69023846633651,0.387135229436601,0.0182257082001834,0.609338866644755,-0.00833764620915977,-0.00621321780330241,0.00683856928828807
0.744595717644782,0.391402282508946,0.018723325015872,0.622833854122428,-0.00902366541152644,-0.00630845536548437,0.00678715317866168
0.793699858120988,0.394950387800649,0.0191369403867868,0.632587423269144,-0.00974273500103964,-0.00631544740493005,0.00650323624666373
0.837179177623166,0.398158482038947,0.0194379337462493,0.638676690736818,-0.0105032122468716,-0.00621068110730536,0.00599546486923641
0.874708409608053,0.401522747171413,0.0195975264866111,0.641297298981908,-0.0113114808754963,-0.00597811707795049,0.0052826912374281
0.905972036446692,0.405586004606982,0.0195974680970619,0.640712629060657,-0.0121645719944939,-0.00561090554329105,0.00439187610112106
0.930652152103849,0.410826755954678,0.0194406893730795,0.637205542858041,-0.0130426286410754,-0.00511177428460059,0.00335560543390653
0.948467152506509,0.417516125490977,0.0191590291993032,0.63104691082102,-0.0139038672139297,-0.00449273917989387,0.00220977882020633
0.959269380793295,0.425567070358478,0.0188149015001854,0.622483828805929,-0.0146850184922372,-0.00377472375789826,0.00099175139719128
0.963179508348983,0.434424010477821,0.0184942711265228,0.611740744014644,-0.015309543766108,-0.00298713157496004,-0.000261036853283575
0.960703028653878,0.443055491888457,0.018290643668853,0.599023899029499,-0.0157034081289782,-0.00216677947436869,-0.00151201669844724
0.952762089761957,0.450091186046414,0.0182839804697661,0.584524315094237,-0.0158141840051172,-0.00135539729138564,-0.00272608410806618
0.940604999930459,0.454080854050679,0.0185220712461809,0.568421893259838,-0.015626221288276,-0.000595416748152188,-0.00386986265731198
0.925618178982281,0.453784566394939,0.0190114732875214,0.550895714231688,-0.0151655626854056,7.5296192560668e-05,-0.00491174151183838
0.90911644219667,0.448385795651985,0.019720164775472,0.532139725990439,-0.0144932292309428,0.0006284847940941,-0.00582196072443422
0.892187461030556,0.43756627651533,0.0205883999952582,0.512374115112887,-0.0136907741069847,0.00104913172927098,-0.00657311223113818
0.875621664236901,0.421451559373138,0.0215420833968004,0.491839641670499,-0.0128439858322273,0.00133702584547568,-0.00714131189541202
0.859912014260863,0.400479890422791,0.0225046652267099,0.47076929660679,-0.0120291954319932,0.0015060975594726,-0.00750798362246896
0.845289728342784,0.37525168433831,0.0234063286889856,0.449344498615318,-0.0113041712881687,0.00158163919493366,-0.00766183197330437
0.831770472075908,0.346399681345056,0.0241906924359414,0.427653317861368,-0.0107039130915411,0.0015958160079987,-0.00760036007170079
0.819202046542134,0.314499882626176,0.0248191784495729,0.405669538594346,-0.0102409254584314,0.00158228367280627,-0.00733035394898576
0.80731407331851,0.280027743318035,0.0252727199986129,0.383262740321183,-0.00990910761810118,0.00157106191353233,-0.00686709502710051
0.795770460093213,0.243353200331842,0.0255505571633112,0.360236313463712,-0.00968992004292695,0.00158477090147672,-0.00623251293846241
0.78422086098193,0.204761188324775,0.0256665002136153,0.336379506868198,-0.00955917648347283,0.00163684810986214,-0.00545280843123985
0.772344142635444,0.164482272503556,0.0256437079414773,0.311516444501924,-0.00949294632236832,0.00173168268532286,-0.00455612964959307
0.759877063222917,0.122720676578954,0.0255092724193105,0.285539158514668,-0.00947160763693143,0.00186608255250424,-0.00357071541700139
0.74662503101866,0.0796727256373836,0.0252897099780108,0.258419602783025,-0.0094817874505946,0.00203131520755728,-0.00252368145783652
0.732456793716209,0.0355346245942435,0.0250080523829771,0.230202990395725,-0.00951647198020663,0.00221509576843067,-0.00144043930288496
0.717289292139608,-0.00949771931428438,0.0246828314721707,0.200989132789797,-0.00957384569329746,0.00240317756353342,-0.000344635344465141
0.701070502669411,-0.0552333154129,0.0243289102538765,0.170909011341815,-0.00965544968861941,0.00258048160331881,0.000741552060580958
0.683765901215457,-0.101492796370175,0.0239597943772666,0.140101605462219,-0.00976413348602948,0.00273189553718509,0.00179694302654981
0.665349154713981,-0.148115891844899,0.023590730046615,0.108693112667714,-0.00990211043876326,0.00284295309304801,0.00280089327963558
0.645794378819452,-0.194967803535993,0.0232416650306594,0.0767796081325277,-0.0100693167503287,0.00290059053787975,0.00373297181730672
0.625067851437138,-0.241941301000432,0.0229390905229188,0.0444150758961912,-0.010262247809105,0.00289409885108955,0.00457285646159651
0.603122148127587,-0.288951571062433,0.0227159824599621,0.0116082926795663,-0.0104734962709781,0.00281628513896247,0.00530050274835501
0.579899508191709,-0.335923833129245,0.0226094253441332,-0.0216684351200566,-0.0106922327598408,0.00266471438010153,0.00589665731994278
0.555348818306901,-0.38277718385034,0.0226559598274692,-0.055458748522334,-0.0109057417980422,0.00244275350436877,0.00634377418930365
0.529453003206931,-0.429409626993142,0.0228852719714066,-0.0897940789433738,-0.0111018166924187,0.00216001181940316,0.00662727369284108
0.502256987516064,-0.475687127809133,0.0233135213451492,-0.124664366817337,-0.0112714627158039,0.00183180180505927,0.00673690648249432
0.473886609458908,-0.521438064141913,0.0239381865305081,-0.159994719485658,-0.011411147837614,0.00147747648901759,0.00666787069230325
0.44455361205856,-0.566453648836584,0.0247362380650557,-0.195633721523872,-0.0115239234177968,0.00111787269591395,0.00642137460446756
0.414547708216615,-0.610494912781856,0.0256665509387809,-0.231356371822491,-0.01161908753036,0.000772407468979062,0.00600451681919778
0.384220189768792,-0.653305574095675,0.0266760287184774,-0.266880682047298,-0.0117105215813403,0.000456476465242403,0.00542956842220123
0.353964968655092,-0.694628449928686,0.0277076819428843,-0.301893245172822,-0.0118142055294892,0.000179651344898973,0.0047128969729336
0.324201777740111,-0.734220863332309,0.0287084119869145,-0.336076697493661,-0.0119455402256893,-5.51315669390436e-05,0.00387380661204049
0.29536484258988,-0.771864355519384,0.0296346721714195,-0.369132210641246,-0.012117006118511,-0.000251493296423483,0.00293351849258753
0.267898274778523,-0.807365030935841,0.030455122797048,-0.400792306057866,-0.0123364416058974,-0.000418917169915727,0.00191441753613759
0.242257637318457,-0.840543478890236,0.0311504362013384,-0.430822739290941,-0.0126059746631664,-0.000571724637406976,0.000839600208666256
0.218914944013438,-0.871215865961601,0.0317111768851066,-0.459015614148315,-0.0129214574129852,-0.000727909242010579,-0.000267312976552426
0.198361578766792,-0.8991695927124,0.0321350549482564,-0.485178338274797,-0.0132721653377521,-0.000907861227198409,-0.00138218212864307
0.181100278818986,-0.924137273217356,0.032424834355069,-0.50912384684013,-0.0136405351038947,-0.00113286670934676,-0.00248026739884649
0.167614566118475,-0.945772988444444,0.0325878392211462,-0.53066689488617,-0.0140018629031047,-0.00142317608502498,-0.0035361365185614
0.158304036564243,-0.963635978508042,0.0326373490313843,-0.549629338443245,-0.0143242135338613,-0.00179545597685069,-0.00452357572516564
0.153380669659918,-0.977190381927325,0.0325952590434603,-0.565854788483634,-0.0145692976768191,-0.00225961504798442,-0.00541546811662215
0.152738293251866,-0.985833000866962,0.0324944140572043,-0.579229895232166,-0.014695518682347,-0.00281534871672911,-0.0061836412937223
0.155832679251727,-0.98895913828298,0.032378540023968,-0.589706312930133,-0.0146641979201881,-0.00344922080414829,-0.00679888728013462
0.161629859399518,-0.986064340534093,0.0322983045775412,-0.597315570214493,-0.014448575386805,-0.00413348111959691,-0.00723166952682521
0.16867279264557,-0.97685869955814,0.0323036807301954,-0.602169995368916,-0.0140428389913768,-0.00482776903250314,-0.00745415899166384
0.175271537196819,-0.96135295496025,0.0324344782450801,-0.604446815416803,-0.0134669158501512,-0.00548412872790773,-0.00744380007803634
0.179762786517377,-0.939877701475163,0.0327116374647628,-0.604357834454874,-0.0127640135876294,-0.00605451490844683,-0.00718761619034347
0.180753597966116,-0.913022360423833,0.0331317574633939,-0.602111849632603,-0.0119916243210032,-0.00649881355368845,-0.00668563034022622
0.177280728835793,-0.881514495235334,0.033666884827256,-0.597879640238088,-0.0112100246505824,-0.0067910490777111,-0.00595190914453891
0.168861270509711,-0.846082540162528,0.0342705532478021,-0.591770945643455,-0.0104727483395727,-0.00692217224331592,-0.00501284586187626
0.15545024491691,-0.807344980796309,0.0348890132601919,-0.583828532384912,-0.00982138286622718,-0.00689921718065678,-0.00390353612910196
0.137340827250783,-0.765751212709617,0.0354743929725189,-0.574038478410873,-0.00928447174066438,-0.00674188511355169,-0.00266366639354989
0.115044173049105,-0.721576649647553,0.035995662188168,-0.562351559428442,-0.00887887380670762,-0.00647814394492671,-0.00133410528125817
0.0891760552361681,-0.674958400182838,0.0364441607496952,-0.548709580614391,-0.00861181211311199,-0.00614016349996082,4.52357215121029e-05
0.0603645667469992,-0.625952603977514,0.0368322825749243,-0.533072066071116,-0.00848244187321376,-0.00576121635172233,0.00143628063280049
0.0291825570565394,-0.574597126637343,0.0371856322879577,-0.515440603860714,-0.00848248626107245,-0.00537350044683883,0.00280274603638718
-0.00389721587141766,-0.520968532117917,0.0375301945753732,-0.495878940607549,-0.00859605755741259,-0.00500643580777242,0.00410962517490924
-0.0385272784857046,-0.465226023255937,0.0378769673185681,-0.474526196711178,-0.00879916298192237,-0.00468490658508597,0.0053226349602224
-0.0744921788386837,-0.407636927049068,0.0382074521667585,-0.451599609388605,-0.0090596308676346,-0.0044271225810644,0.00640801013095945
-0.111695728882666,-0.34857884488113,0.0384642817869866,-0.427382848861089,-0.00933825970936449,-0.00424217719963995,0.0073329621929849
-0.150127414024586,-0.288515300229957,0.038551471269301,-0.402197787884051,-0.00959180024488448,-0.0041278655957336,0.00806700486266796
-0.189809910122859,-0.227946353356785,0.0383472932068842,-0.376362119615725,-0.0097778318018901,-0.00406969825842956,0.00858412455168343
-0.230736299764452,-0.167343463849133,0.0377289857411692,-0.350141563592958,-0.00986075140563474,-0.00404204461070041,0.00886543576540473
-0.272812601275754,-0.107085750830456,0.0366032419345449,-0.323710376808607,-0.00981729549386799,-0.00401179355985765,0.00890161769058764
-0.315823504510468,-0.0474174697626886,0.034932373300283,-0.297133592517063,-0.00963978051139041,-0.00394395039463179,0.00869429813377333
-0.359433163217206,0.0115596070464957,0.0327463047343946,-0.270377474681929,-0.00933590815248439,-0.00380769565191408,0.00825581140017527
-0.403220145857182,0.0698584545929641,0.0301359160625097,-0.243343878882385,-0.00892527598687414,-0.00358116898795087,0.00760733635290293
-0.446733128682526,0.127556325832339,0.0272308668703051,-0.215915703240065,-0.00843394236415806,-0.00325382090214013,0.00677599967710569
-0.489548583199536,0.184739873923965,0.0241704714335995,-0.187998739449505,-0.00788884467346185,-0.00282618816430069,0.00579179442312532
-0.531314554038788,0.241461480891766,0.0210769977575641,-0.159549532963423,-0.0073134938408815,-0.00230781732976734,0.00468502574191099
-0.571772475976781,0.297714020510958,0.0180376689192769,-0.130585929340328,-0.00672557864946534,-0.00171443431213457,0.0034846459759124
-0.610756996831023,0.353423654858218,0.0150974915686111,-0.101182922141861,-0.00613640831750571,-0.00106531314002608,0.0022175205777844
-0.648179179668797,0.408456519982223,0.0122619105235371,-0.0714592826041378,-0.00555176218151712,-0.000381388155192161,0.000908477602285053
-0.684001738829722,0.462635501172792,0.0095068348838696,-0.0415603817567445,-0.00497365843289294,0.000315756278988013,-0.000419072802222591
-0.718214102131756,0.515765222387641,0.00679340036209663,-0.0116403242117008,-0.00440264075339827,0.00100422524100756,-0.00174218731628083
-0.750810049504156,0.567662877731634,0.00408513508084913,0.0181558264081423,-0.00384027264085693,0.00166188809931301,-0.0030373441915877
-0.781763562934016,0.618188099133494,0.00136538585949659,0.0477093599225846,-0.00329156066243332,0.00226664853394412,-0.00427949621959583
-0.810997796465063,0.667262455716876,-0.00134725679921345,0.0769424524932623,-0.00276702552782205,0.00279731730304414,-0.0054413548218495
-0.838351757775966,0.714872833177159,-0.00398847079584621,0.105825865897188,-0.00228405567963488,0.00323535352615372,-0.00649306273324135
-0.86356150451125,0.76106119685313,-0.00644634869345661,0.134376487686247,-0.00186704373624698,0.00356752833355393,-0.00740255006201234
-0.886271643704292,0.805904118730237,-0.00857182286713844,0.162643452201324,-0.00154570956636233,0.00378915836967505,-0.00813692066953414
-0.90607832029173,0.849479326005481,-0.0102026719912358,0.190682919776073,-0.00135124595422692,0.00390699906142089,-0.00866498680003417
-0.922590128824387,0.891815492491625,-0.0111974513185925,0.218523470969248,-0.00131064096251622,0.00394048706416359,-0.00896061307555501
-0.935490431626085,0.932834683016827,-0.0114700484602987,0.246129092085121,-0.00144052062602983,0.00392020534497519,-0.00900612153679389
-0.944587527045314,0.972311727136217,-0.0110128186358827,0.273372353204455,-0.00174253397062208,0.00388334096970392,-0.00879484910871359
-0.949841150604215,1.00987404238831,-0.00989917153755109,0.300030294642128,-0.00220209748392824,0.00386715162834715,-0.00833211876785856
-0.951356658272593,1.04504655303314,-0.00826447421125969,0.325807051810196,-0.00279112881787917,0.00390236022375795,-0.0076343645884466
-0.949345758925331,1.07732301094216,-0.00627291834703868,0.350375001505843,-0.00347381184649804,0.00400839542229613,-0.00672675977477752
-0.944065066201322,1.10623557130832,-0.00408261235504718,0.373418945355772,-0.00421335937454027,0.00419150875546782,-0.0056401606151034
-0.935753883402662,1.13140342921619,-0.00181967901863527,0.394670006909653,-0.00497771742202228,0.00444560488764211,-0.00440827280854023
-0.924592455692864,1.15255689136028,0.000433361265590316,0.413923903391525,-0.00574298406897419,0.0047547876636214,-0.00306565954658436
-0.910690926202312,1.1695414530833,0.0026354216785897,0.431045010615362,-0.00649433925839723,0.0050964428851804,-0.00164675835504415
-0.894105478580739,1.18230464001417,0.00477492506068374,0.44595968894456,-0.00722496513556314,0.00544400825372743,-0.000185724153164847
-0.874871361403842,1.19086511047427,0.00685313769930352,0.458641795265855,-0.00793366930531928,0.0057691103219764,0.00128320911332789
-0.853045389849394,1.19526685551652,0.00886728923504656,0.469093796882334,-0.00862189787809389,0.00604323659412527,0.00272513809824764
-0.828754416083236,1.19552680333059,0.0107971863829595,0.477327787147884,-0.00929073354984128,0.00623941180849237,0.00410395360647958
-0.802244705441727,1.19158677949574,0.0125983192545759,0.48335041701834,-0.00993840192051428,0.00633438242063394,0.00538218139278673
-0.773919137885729,1.18327846654397,0.0142036178430866,0.487153452820575,-0.0105587353514884,0.00631153677983261,0.00652153866660061
-0.744343531807701,1.17030998819729,0.0155345051129171,0.488710459020554,-0.0111409367185221,0.00616426056880066,0.00748445449616737
-0.71420557280124,1.15228462105469,0.0165193738144398,0.48798071133095,-0.0116707696984335,0.00589881374160956,0.00823658068103409
-0.684221184711362,1.12875906645247,0.0171145054268745,0.484921769305376,-0.0121329272525869,0.00553541842945325,0.00874997187018274
-0.655002505529855,1.09933714963745,0.0173202437262128,0.479510308393376,-0.012513905190456,0.00510643808107927,0.00900623315890394
-0.626920968234403,1.06377664185928,0.0171858060123303,0.471765969216091,-0.012804475112795,0.00465145272437555,0.008998718637921
-0.600009402604756,1.02207601398948,0.0168001875048378,0.461769206252513,-0.0130010551265097,0.00421035897347959,0.00873305367589764
-0.573939012848837,0.974512080199914,0.0162724218567467,0.449664632611707,-0.0131058134352926,0.00381656003402534,0.00822583749696076
-0.548081985300258,0.921617374958232,0.0157086864894332,0.435647251275731,-0.0131258141508068,0.00349223292874721,0.00750203756535969
-0.521640218783388,0.864107118417698,0.0151940944575825,0.41993695569553,-0.0130716119950515,0.00324664652611786,0.00659191777325434
-0.49379988059199,0.802779779949833,0.0147838932987178,0.402751770324618,-0.0129555209585185,0.00307724976363135,0.00552823183578278
-0.463868285101162,0.738418917982591,0.0145044667619202,0.384289625902434,-0.0127896676423409,0.00297244277130367,0.0043440690054488
-0.43136222181215,0.671718435911661,0.0143612030405044,0.364723042596641,-0.0125840558808022,0.00291480459586925,0.00307143181941443
-0.396037362562824,0.603243120433132,0.0143489534430028,0.344204985254413,-0.0123450696549994,0.00288388334184404,0.00174047597322475
-0.357866565779979,0.533425043514931,0.0144612512883007,0.322880290483642,-0.0120748788339902,0.00285813859456516,0.000379303215191185
-0.316984874044534,0.462588315552811,0.0146958853465267,0.300896533886198,-0.0117720299719,0.00281604444791252,-0.000985805314071746
-0.273620345340726,0.390991494790451,0.0150559902764463,0.278409993207436,-0.011433220747281,0.00273663308172287,-0.00232983619918363
-0.228025261121002,0.318876608501786,0.0155470138966427,0.255584255754893,-0.01105598160202,0.00259988150510851,-0.00362831216622994
-0.18041686457427,0.24651533393633,0.0161707000307685,0.232580808236497,-0.0106417872361981,0.00238735185927834,-0.00485653802991275
-0.130933430997762,0.174244598137841,0.0169177608987806,0.209542663703673,-0.0101989702270506,0.002083409810937,-0.00598899631021472
-0.0796104365565056,0.102484740996057,0.0177613468916718,0.186573749897247,-0.00974467799156888,0.00167716371414465,-0.00699908616534356
-0.0263821727736045,0.031734932103296,0.0186537426937036,0.163719080060681,-0.00930507676911852,0.00116498512718744,-0.00785942782352101
0.028887138684432,-0.0374572742152535,0.019528560666113,0.140952111373691,-0.00891315183211874,0.000553092755886635,-0.00854294617215088
0.0863438376926512,-0.104550462559063,0.0203096252960469,0.118175526842026,-0.00860395208298996,-0.000140694628011692,-0.00902483143433884
0.146067776806229,-0.169078601322083,0.0209255226346909,0.0952388584851659,-0.00840801359606358,-0.000887091071449784,-0.0092851988775956
0.207999329801791,-0.230717451232506,0.0213259417519936,0.071970777252794,-0.00834469418097394,-0.00164809381573662,-0.00931186862610177
0.271896156727137,-0.289326207344258,0.0214940504073686,0.0482182345737406,-0.00841770589358226,-0.00238218836123003,-0.0091024053035885
0.337336716508826,-0.344946688640845,0.0214497940277631,0.0238813693584428,-0.0086146249782828,-0.00305073116879002,-0.00866462761362444
0.403768057782995,-0.397755771422966,0.0212425654388443,-0.00106493577246041,-0.00891064919166653,-0.00362358134578577,-0.00801533621476088
0.470577231167859,-0.447983909248627,0.0209362192241047,-0.0265662669898032,-0.00927517050957377,-0.00408236864827382,-0.00717773451394968
0.537161919432806,-0.495826082590118,0.0205923125389441,-0.0524981975101934,-0.00967887735182978,-0.00442089443684924,-0.00617851509893203
0.602987635943148,-0.541374919973538,0.0202572077452852,-0.0786854195238308,-0.0100994352472768,-0.00464333883427204,-0.00504554186085729
0.667628948325474,-0.584592903645167,0.0199559204942977,-0.104926534162166,-0.0105247067955799,-0.00476147631970914,-0.00380651015371644
0.730788386325743,-0.625317097697141,0.0196924459255985,-0.131020033443347,-0.0109532590076549,-0.00479189506856169,-0.00248841729452937
0.792282077836722,-0.663276870242583,0.0194546127172314,-0.156785110686093,-0.0113924294115259,-0.00475375320829754,-0.00111757830032127
0.851994724943308,-0.698116940684111,0.0192215324372331,-0.182072664348095,-0.0118546355981375,-0.00466729553799555,0.00027987686557482
0.909827119768387,-0.729438131086563,0.0189722517968282,-0.20676776136256,-0.0123528047522859,-0.00455313915573573,0.00167707407640184
0.965654782813253,-0.756865438792558,0.0186941406023965,-0.230787013877414,-0.0128955572446581,-0.00443201631912249,0.00304531443651753
1.01929316382037,-0.780133010036824,0.0183891373196875,-0.254070137587141,-0.013482480303732,-0.00432438746420252,0.00435321245497484
1.07045806844467,-0.799165736752374,0.0180759905429228,-0.276561963770083,-0.0141000019494835,-0.00424934276353735,0.00556631824036733
1.11872939418512,-0.814143218808008,0.0177872864556015,-0.298185221429352,-0.0147189824439478,-0.00422249962244076,0.00664746071084239
1.16354472352998,-0.825534375345092,0.0175611385038565,-0.318811583360172,-0.0152955792311065,-0.00425304717638128,0.00755813630362883
1.20424214335569,-0.834081740904941,0.0174290520908733,-0.338242191303914,-0.0157764739346463,-0.00434062465318067,0.00826114090449062
1.24014860802225,-0.840713872501388,0.0174034819098416,-0.356207884074321,-0.0161082301439003,-0.00447320826374311,0.00872426200319191
1.27068677079147,-0.84638727721995,0.0174701026486197,-0.372394240664096,-0.0162484983150563,-0.00462730585926351,0.00892425559021888
1.29546536387225,-0.851899318674723,0.0175889366417246,-0.386487741220016,-0.016175402166316,-0.00477115688825532,0.00885003746283314
1.31432428926808,-0.857739110626742,0.017704817655014,-0.398228865207067,-0.015891635308631,-0.00487042526646903,0.00850414837899481
1.32732305155001,-0.864032113729769,0.0177630216229665,-0.407452363831563,-0.0154218993018263,-0.00489471159472758,0.0079021214349694
1.3346820761715,-0.870590739867688,0.017723382265066,-0.414099750914079,-0.0148051473379536,-0.00482285392062881,0.00707008677370459
1.33670058648524,-0.877036149470192,0.017567488359369,-0.418201925293927,-0.0140849300461628,-0.00464563323185359,0.00604143332324434
1.33367827242642,-0.882934909331443,0.0172974944092508,-0.419842841403813,-0.0133011207989818,-0.00436567927377922,0.00485344438841178
1.32586121466776,-0.887903948547898,0.0169289365289598,-0.419120733881949,-0.0124849087086227,-0.00399537108182839,0.00354459319912601
1.31342096016084,-0.891663752822608,0.016481759165944,-0.416120645512231,-0.0116573252199113,-0.00355391913517239,0.00215281680359587
1.2964635968497,-0.894043132831198,0.0159733401978082,-0.410904534372541,-0.0108305158739531,-0.00306461293560415,0.000714749694981659
1.27505799232071,-0.89495037544573,0.0154157009172172,-0.403518132104058,-0.0100106499107222,-0.00255270885960279,-0.000734307933637513
1.24927028050711,-0.89432665257911,0.0148173969011762,-0.39400951993411,-0.0092015058915509,-0.00204392310876359,-0.00215998334483288
1.21919544065039,-0.892095352771678,0.0141893336235373,-0.382453482862094,-0.00840804990698934,-0.00156316779756088,-0.00352827121003253
1.18498177512922,-0.888118999398934,0.0135528740360327,-0.368976030663971,-0.00763949838560115,-0.001133072488526,-0.00480508843781427
1.14684672236471,-0.882174171311534,0.0129478806179893,-0.353773369077647,-0.00691137457868213,-0.000771960452129807,-0.00595621674849679
1.10508145852589,-0.873952605570705,0.0124377364351657,-0.337118752302307,-0.00624601392615791,-0.000491273128392742,-0.00694790270227881
1.06004025658351,-0.863092383235755,0.0121082916889555,-0.319350857861293,-0.00567103658381785,-0.000292896123494042,-0.00774830908578153
1.01211261116894,-0.849236456273422,0.0120587095200215,-0.300840919693523,-0.00521566859703493,-0.000167278446637725,-0.00832981120801848
0.961682233796028,-0.83210689302486,0.0123847096004653,-0.281943209741683,-0.0049054899694388,-9.3393931492449e-05,-0.00867180911393098
0.909083790801713,-0.811574436562724,0.0131581870678451,-0.262941804826781,-0.0047569825145951,-4.12294685829296e-05,-0.00876338232702888
0.854571714168458,-0.787700229040903,0.0144099148924845,-0.244011158673306,-0.00477367251047103,2.33964051225149e-05,-0.00860495476590232
0.79831124764709,-0.760733373957257,0.0161219604918223,-0.225204389467402,-0.00494528720678067,0.000132888233761312,-0.00820833463476097
0.740393189077765,-0.731064346100313,0.0182329259802629,-0.206472613987585,-0.00525022170197291,0.000312538295321324,-0.00759503476715496
0.680864633751598,-0.699150911138893,0.0206538836614002,-0.187706634370254,-0.00566033415921854,0.000577242605373109,-0.00679338042183393
0.619763618134085,-0.665441078758513,0.0232889496867318,-0.168785540305549,-0.00614637311661441,0.000930785145505079,-0.0058352460011375
0.557147405900274,-0.630314094251137,0.026053772351923,-0.149617860554548,-0.00668247622944551,0.00136722973064046,-0.00475320586976141
0.49310914551039,-0.594049697755049,0.0288874183436727,-0.130167015670438,-0.0072488821944687,0.0018734167966379,-0.00357856057514247
0.427782566393277,-0.556825183311131,0.031756350398732,-0.110459581467675,-0.00783276423174491,0.00243156567660558,-0.00234033802667653
0.361336977796387,-0.518733192587019,0.0346516729577101,-0.0905791720110432,-0.00842757872773447,0.00302133388913453,-0.00106512009299397
0.293965434984053,-0.479811420243244,0.0375819263646881,-0.0706501666755586,-0.00903146788586915,0.00362111597074089,0.000222556209437513
0.225868366459319,-0.440076390521342,0.0405636749437835,-0.0508150387322349,-0.00964517453129154,0.00420870113600556,0.0014994716953514
0.157235383865286,-0.39955639370131,0.0436116804817122,-0.0312083840596283,-0.010269796893775,0.00476160865412047,0.00274287074678513
0.0882280568768349,-0.358320743148503,0.0467299122583729,-0.0119302880506518,-0.0109046134007739,0.00525748993003419,0.00392963558848993
0.0189674084700167,-0.316503270517292,0.0499045509497555,0.00697769355701233,-0.0115452206140043,0.0056749745549474,0.0050356380126945
-0.0504700113800305,-0.274317686111089,0.0531001399740644,0.0255496350639174,-0.0121823062082528,0.00599522197701182,0.00603543986424115
-0.120044353763306,-0.232060810211354,0.0562600634550769,0.0439000107858826,-0.0128014650601157,0.00620422649931032,0.00690254520000506
-0.189731365511201,-0.190099098987856,0.0593121931383544,0.0622105884833917,-0.0133844608174699,0.00629557375920672,0.007610393589961
-0.259489571767406,-0.148835604262959,0.0621794617251703,0.080696395900246,-0.0139120957047927,0.00627295187030479,0.00813416438629265
-0.329221545447486,-0.108660179639164,0.0647934499815544,0.0995535345056259,-0.0143683590683626,0.00615143843075453,0.00845321784373191
-0.398739229168362,-0.0698934551301308,0.0671073596468384,0.118899763149678,-0.0147448889083014,0.005956658036743,0.00855368329716497
-0.467744517227016,-0.0327410364446147,0.0691040840362237,0.138725231753202,-0.0150443372446079,0.00572147315838276,0.00843047811873491
-0.535833016214736,0.00272597970072982,0.0707964754834437,0.158870678486093,-0.0152813797327056,0.00548079142317458,0.0080881112605047
-0.602521268145602,0.0365569304432213,0.0722198942469187,0.179041728509043,-0.0154808971836942,0.00526585901150407,0.00754001967453177
-0.667290256405669,0.0688796572281942,0.0734202836012379,0.198854750273158,-0.0156739363733276,0.00509959741203641,0.00680673250427303
-0.729633890270755,0.0998465342674174,0.0744423929771914,0.217899119461438,-0.0158927884144516,0.00499401388495553,0.0059135196854286
-0.789101064638452,0.129586233180051,0.0753218095524508,0.235797616908676,-0.0161665616873953,0.00494984096190765,0.00488818733833812
-0.845321243101609,0.158173238064049,0.076082040090953,0.252250308797204,-0.0165180919531605,0.00495783706811967,0.00375941848274572
-0.898007712295635,0.185618558220183,0.0767358327069114,0.267054577690453,-0.0169624035680441,0.00500090821785681,0.00255578178167542
-0.946941058458456,0.211879133988181,0.0772891814519862,0.280101803517662,-0.0175065555314812,0.00505635530105559,0.00130537024109621
-0.991944878381048,0.23688185369196,0.077746673651734,0.291356887593208,-0.0181506106256921,0.00509790169955849,3.59422090470528e-05
-1.0328673565351,0.260558239308583,0.0781169526220478,0.300827957703389,-0.0188894513117592,0.00509748882379723,-0.0012246529014401
-1.06957256686874,0.282884302233096,0.0784166675886599,0.308530536737072,-0.0197150697183717,0.00502701833552671,-0.00244803298856642
-1.10193574180953,0.303917505748905,0.0786712344364693,0.314448130383376,-0.0206188662063586,0.00486027443872829,-0.00360504565972419
-1.12983647501968,0.323821738069005,0.0789115596413078,0.318492973642622,-0.0215934853253324,0.00457520254417025,-0.00466586708638777
-1.15315241612498,0.342873158065298,0.0791674015208862,0.320475897947817,-0.0226338275919055,0.00415655490369579,-0.00560053549477403
-1.17176140574027,0.361443154260837,0.0794593256399583,0.320097899885301,-0.0237369915454656,0.00359861864265162,-0.00638002880094007
-1.18555703214395,0.379958757367068,0.0797918136343669,0.316974330813727,-0.0249010260920242,0.00290739516964189,-0.00697795124466434
-1.1944748994223,0.398846253799881,0.0801499285679345,0.310694644764049,-0.0261226000734322,0.0021013950083662,-0.00737272330404965
-1.19852250193989,0.418470479563273,0.0805010989186389,0.300908424916671,-0.0273941030510396,0.00121036449037006,-0.00754991305137135
-1.1978062990582,0.439086724977987,0.0808020154945421,0.287416118834094,-0.0287011259208077,0.000271826502429736,-0.00750412832868388
-1.19255259683338,0.460819586052754,0.081008725963983,0.270236847657394,-0.0300214226287256,-0.000673906725790313,-0.00723985967858
-1.18312008831178,0.483672228719109,0.0810866355926537,0.249630797996642,-0.0313260760687031,-0.00158900603194749,-0.00677091250575964
-1.17000035663411,0.507555752306829,0.0810171377388101,0.226069278797678,-0.0325827588150489,-0.00244238740663628,-0.00611852561333314
-1.1538021385922,0.532320868195596,0.0807991641234307,0.200164242237869,-0.0337601514043475,-0.00321216591883422,-0.00530872562933982
-1.13521704121503,0.557777156787337,0.0804460695155572,0.172581085169917,-0.0348321900911694,-0.00388622957461677,-0.00436966597406669
-1.11496970731089,0.58369574967069,0.079979841866157,0.143959486399896,-0.0357810380158593,-0.00446141389242653,-0.00332957630517473
-1.09376029351393,0.609801175705699,0.0794249860755997,0.114859064647975,-0.0365982503053624,-0.00494194051870818,-0.00221562075749005
-1.0722094699807,0.635762046328934,0.0788038367630548,0.0857359020163053,-0.0372841883647185,-0.00533765998648103,-0.00105363291800407
-1.05081459298491,0.661187816039936,0.078134090731367,0.056947232594963,-0.037846081395444,-0.00566238665179801,0.000131510284158506
-1.02992181249047,0.68563357929424,0.0774285466104399,0.0287766439461059,-0.0382952251013971,-0.00593237692980091,0.00131517555369693
-1.00971443580146,0.708610324193568,0.0766965768077752,0.00147025826343088,-0.038643760100817,-0.00616484365095162,0.00247219422787698
-0.990215054282126,0.729596711969675,0.0759467270804592,-0.0247259202966432,-0.0389014453285976,-0.00637634030715775,0.0035762413869952
-0.971297780967505,0.748050265016997,0.0751898410471999,-0.0495371448765165,-0.039072890642035,-0.0065808951405301,0.00459956900031262
-0.952707106517332,0.763419531965367,0.0744420815296229,-0.0726485863439273,-0.0391558092098067,-0.00678793294212277,0.00551328091456438
-0.934081145407161,0.775162461971141,0.0737271402948647,-0.0937183904242356,-0.0391408939219629,-0.00700027790026315,0.00628831124568112
-0.914978159430071,0.782776910437357,0.0730768325428187,-0.112416830280109,-0.0390137287741293,-0.00721279905090887,0.0068971639539531
-0.894906321497859,0.785845555802189,0.0725294221058414,-0.128484696831745,-0.0387586370565653,-0.00741238328633221,0.00731625798182852
-0.873356833796721,0.784089695546953,0.0721255766013671,-0.141794539555016,-0.0383636187852952,-0.00757971703825838,0.00752844436366848
-0.849839243963095,0.777417833086003,0.0719027342809006,-0.152393034148221,-0.0378248802362087,-0.0076927796734984,0.0075250580853367
-0.823915807958888,0.765951498059298,0.07188949535749,-0.160506642892835,-0.0371493757160477,-0.00773122617253572,0.00730690345057246
-0.795230138560306,0.750016008816379,0.0721018845582274,-0.166505979819041,-0.0363544620373445,-0.00768038554152493,0.00688389302810273
-0.763525232912667,0.730095880261775,0.0725427064989625,-0.170840357969552,-0.035464892240813,-0.00753373413441339,0.00627351570286121
-0.728648098360316,0.706767065611519,0.0732040612432936,-0.173964064014032,-0.0345083322741293,-0.00729335130733423,0.00549865495018619
-0.690541493726427,0.680624585512666,0.0740720028056795,-0.17627538173881,-0.033510893725634,-0.00696862900024914,0.00458535769240075
-0.649226392514274,0.65222258107393,0.0751317895495001,-0.17808068112014,-0.0324938433465325,-0.00657399134228831,0.00356099991471187
-0.604780423765491,0.622037079121656,0.0763722518405563,-0.179585139717523,-0.0314720197101051,-0.00612644701993737,0.00245305251658112
-0.557317540271492,0.590454042093221,0.0777882563193378,-0.180903940839304,-0.0304539252886898,-0.00564356224620917,0.00128844927628448
-0.506972785178106,0.557779312541519,0.079380767669611,-0.182084733292717,-0.0294431321582253,-0.00514210581226731,9.34454996972816e-05
-0.453894261133832,0.524263879811281,0.0811544508066919,-0.183132822532208,-0.0284405358878564,-0.00463733158041366,-0.00110618283286233
-0.398242904208492,0.490136956018333,0.0831131180099406,-0.184033165836065,-0.0274470162688548,-0.00414268804271387,-0.00228475161986322
-0.340199306631059,0.455639293469973,0.0852536470661147,-0.184766139425943,-0.0264660981641713,-0.00366967492019786,-0.00341624255500599
-0.279975819927516,0.42104959948177,0.0875594076381085,-0.185316512045246,-0.0255062106936237,-0.00322758648904654,-0.00447399460752617
-0.217830900470027,0.386697329850872,0.0899946886261818,-0.185676674001993,-0.0245820970090709,-0.0028229714684829,-0.00543068458629536
-0.154081327718125,0.352956371142003,0.0925020011238277,-0.185845951582132,-0.0237148961147439,-0.00245879389677942,-0.0062587733899833
-0.0891069111946136,0.320217052652263,0.0950041175602301,-0.185827818726092,-0.0229304999551679,-0.00213347995350058,-0.00693155592625172
-0.023342606753548,0.288839295204756,0.0974119408592731,-0.185626240891498,-0.0222560955762712,-0.0018402305204368,-0.00742483479475848
0.0427444452035621,0.259096863597318,0.0996376418810312,-0.185241733373934,-0.0217153659299563,-0.00156707134294297,-0.00771903544648737
0.108690627287348,0.231128654249205,0.101610286219227,-0.184667388751444,-0.0213234738105286,-0.00129799296048804,-0.00780134690022995
0.174076329283184,0.204913987891379,0.103289454517217,-0.183885455813399,-0.0210833574084625,-0.0010151757443194,-0.0076673306731829
0.238559819059148,0.180282524319988,0.104672328909046,-0.182865651548683,-0.0209846692878831,-0.000701833797902065,-0.00732151284572077
0.301894453676037,0.156957374587912,0.105791756527033,-0.181566356190926,-0.0210058296432819,-0.000344899906858939,-0.00677677161211217
0.363925118966769,0.134618178964757,0.106706043150666,-0.179938762803936,-0.0211185300898954,6.31833518600642e-05,-0.00605272223751601
0.424567239910524,0.112965342832105,0.107484004644559,-0.177932471405851,-0.0212932122796459,0.000523921004951634,-0.00517358562135859
0.483776882107889,0.0917691927350012,0.108189855296502,-0.175500103001692,-0.0215039292360942,0.00103333731536591,-0.00416608736056122
0.541521340336169,0.0708955971610992,0.108871715678992,-0.172598920106141,-0.0217314870625264,0.00158318940150357,-0.00305779495905285
0.597757170583666,0.0503079362783358,0.109555805760892,-0.169189058182013,-0.0219644931616832,0.00216228200663432,-0.00187608337460893
0.652419116753624,0.0300507491132459,0.110246723493857,-0.16522986025526,-0.0221985360650989,0.00275749726471521,-0.000647728725184492
0.705420503919946,0.0102221332858403,0.110933102364268,-0.160677087549674,-0.0224340307064987,0.00335440621937049,0.000600989722921088
0.756663583699196,-0.00905886186572921,0.111597332852883,-0.155483998774262,-0.0226733132970601,0.00393756728173678,0.00184385605891613
0.806056921011087,-0.0276852374099627,0.112227704257207,-0.149608629998433,-0.022917510211454,0.00449077932652585,0.00305414666374058
0.85353493703389,-0.0455919523662763,0.112830852859456,-0.143028030481138,-0.0231636353267677,0.00499761773591001,0.00420411700708025
0.899073267320859,-0.06277923597975,0.113441888922913,-0.135758152681813,-0.023402390029603,0.00544253530953845,0.0052647384662103
0.942693228834368,-0.0793250716271944,0.114129151726789,-0.127875552451723,-0.0236172134527108,0.0058126497705043,0.00620587855002872
0.984450884350572,-0.0953822267390109,0.11499072729592,-0.119534462096847,-0.0237851562663864,0.00610007004125395,0.00699711387004605
1.02441056925222,-0.111156493236796,0.116141114183045,-0.110970973954813,-0.023879937408631,0.00630427070817594,0.00760931335010344
1.06260846871361,-0.126866764759311,0.117689091396132,-0.102486796857467,-0.0238769670652425,0.00643372428162853,0.00801697026905535
1.09901610516352,-0.142693868355311,0.11971142901484,-0.0944099563732223,-0.0237592449887706,0.00650593438823941,0.00820097115639798
1.13351538455947,-0.158731438874181,0.122230216634091,-0.0870388981117369,-0.0235223016088063,0.00654536498255242,0.00815116969339494
1.16589381194765,-0.174954528379148,0.125201961255285,-0.0805857585219322,-0.0231762820778385,0.00657950117729585,0.00786798798427909
1.19586216882672,-0.191217108151118,0.128523079602853,-0.075138063840107,-0.0227441932272186,0.00663407561876718,0.00736248439151386
1.22308976008248,-0.207279185221255,0.132050196204376,-0.0706520515653819,-0.0222568598081418,0.00672886606306402,0.00665486277411848
1.24724785810382,-0.222853421634564,0.13562816736152,-0.0669780136625056,-0.0217464038589708,0.00687516856159056,0.00577195897636498
1.26805082678613,-0.237655668470054,0.139116831041022,-0.0639060783488963,-0.0212403602071319,0.00707528182269951,0.00474449824416514
1.28528523449555,-0.251445394948284,0.142409387152835,-0.0612158450406068,-0.0207578776866271,0.00732357981619349,0.00360478570314522
1.2988190604009,-0.264047949902874,0.145439109424148,-0.0587158666656827,-0.0203084166442432,0.00760836654201854,0.00238515380754985
1.30858770727025,-0.275357394951036,0.148174804717556,-0.0562655346637364,-0.0198925675948867,0.00791376090563351,0.00111719132135206
1.31456293645086,-0.285324378300736,0.150608233323104,-0.053778466168778,-0.0195043420512372,0.00822119483658469,-0.000168379708543489
1.31671899365628,-0.29393676678406,0.152738070866787,-0.0512106790785348,-0.0191343385950552,0.0085104977843401,-0.00144139052092647
1.3150078852686,-0.301200234148862,0.154554542239481,-0.0485383120705894,-0.0187732435637926,0.00876080325267605,-0.00267174584987785
1.30934373656272,-0.307122399814516,0.156027180237222,-0.0457295864292018,-0.0184150596738009,0.00895157992569891,-0.00382905884193235
1.29958990700445,-0.311701294326089,0.157097191637106,-0.0427159572823137,-0.0180594251096364,0.00906402903097584,-0.00488262284425706
1.28555164764777,-0.31491969437085,0.157676663914722,-0.0393687411059801,-0.0177125344149391,0.00908297960490539,-0.00580188648767098
1.26698999736345,-0.316748966443253,0.157657682738071,-0.0354887722589259,-0.017386434036715,0.00899921975077527,-0.00655759211711093
1.24366766841652,-0.317164135499239,0.156932373910477,-0.0308155328054329,-0.017096690783399,0.00881183728045523,-0.00712366183508668
1.21541513797789,-0.316165426685131,0.155419766713597,-0.0250574414692003,-0.0168587104244227,0.00852973329579317,-0.00747963387247255
1.18219009041946,-0.313796770576375,0.153090960105153,-0.0179377200018237,-0.0166835070169817,0.00817139792092694,-0.00761308350925445
1.14411012886888,-0.310153455149766,0.149983849048661,-0.0092435641172124,-0.0165742771633146,0.00776253789001483,-0.00752130309801439
1.10145322871124,-0.305376560880667,0.14620230853182,0.00113630629997581,-0.0165251210594549,0.00733198553689765,-0.00721169363390853
1.05462742570585,-0.299636279564733,0.141899879382409,0.013197165742544,-0.0165224250277066,0.00690699217085768,-0.00670071961556444
1.00411606767994,-0.293109194867341,0.137253064632656,0.0268296772566954,-0.0165482936695694,0.00650917367240743,-0.00601172995988211
0.950411622364779,-0.285956068132376,0.132432409343628,0.0418505841606912,-0.0165846988022072,0.00615199699080602,-0.00517226500467766
0.893956622534674,-0.278306408906426,0.127579387906611,0.0580407830781069,-0.0166170416092581,0.00584004472486445,-0.00421153154849707
0.835107012653187,-0.270253394223124,0.12279383277705,0.0751793316936937,-0.0166363626773197,0.00556971748834752,-0.00315852647206568
0.774122041025964,-0.261858707637861,0.118132194689818,0.0930662082251111,-0.0166400361455493,0.00533075763582948,-0.00204097004446524
0.711175575391245,-0.253164285550059,0.113613862322952,0.111531491577238,-0.0166311979993639,0.00510802730055613,-0.000884960691605451
0.646379909692107,-0.244207310237627,0.10923178284869,0.130432095847042,-0.0166173164702248,0.00488320244937841,0.000284851164068915
0.579814599438989,-0.23503556821859,0.104964244745178,0.149639011527278,-0.0166083058745266,0.00463630152212365,0.0014447810343293
0.511556228233502,-0.225721325075679,0.100785892666252,0.16901883041143,-0.0166145174606209,0.00434715639820417,0.00257150202549635
0.441706732357495,-0.216372081694578,0.0966769449984335,0.188413710546665,-0.0166448624241769,0.00399701251829217,0.00364147186564511
0.370418574202663,-0.207136411016912,0.0926301143315588,0.207624392316132,-0.016705298297623,0.00357041758439799,0.00463055274869748
0.297913784108397,-0.198202551405451,0.0886547575471819,0.22640115955149,-0.016797905875386,0.00305741835348862,0.00551398499602335
0.224492646298264,-0.189787615834909,0.0847777149514686,0.244447372918386,-0.0169207810368109,0.00245585508552562,0.00626686263339164
0.150527472068601,-0.182116725845022,0.0810403947637497,0.261438515418596,-0.0170688917907898,0.00177327216350753,0.00686520096973062
0.0764388628382326,-0.175394435609047,0.0774922075527569,0.277056015398427,-0.0172358601857929,0.00102776309580539,0.00728756050171681
0.00265634307676731,-0.169774641624445,0.0741814082536669,0.291029673653343,-0.0174163215467008,0.000247090780401732,0.00751700156418994
-0.0704286647403557,-0.165338033440737,0.0711454568457386,0.303177369746275,-0.0176082102333251,-0.000534213546555772,0.00754295393337297
-0.142504851315088,-0.16208575477142,0.068403523662333,0.313428963459585,-0.0178142046123878,-0.00127942034017734,0.00736250449475861
-0.21336534395634,-0.159953447027702,0.0659532697660734,0.321825323105353,-0.0180417798581879,-0.0019548306377497,0.00698072671178779
-0.28290751181214,-0.158842734893938,0.0637725204747977,0.328491983849048,-0.0183018001722441,-0.00253435680032901,0.00640997091899377
-0.351110279902979,-0.158661228454975,0.0618247061055306,0.333596002542058,-0.0186061041824082,-0.0030024015501422,0.00566836696267564
-0.417998168572724,-0.159360231549725,0.0600658507771468,0.337299486328219,-0.0189648287223197,-0.0033546397088688,0.00477799314173186
-0.483603489040919,-0.160961853458943,0.0584508848475759,0.33972236174157,-0.0193841732158159,-0.00359700176184315,0.00376316802509521
-0.54793559936569,-0.163571956089849,0.056937921807632,0.340922178288664,-0.0198650348114124,-0.00374357495101602,0.00264918033462503
-0.610961535110436,-0.167379568219385,0.0554902772049039,0.340893368311043,-0.0204026312011387,-0.00381418499663188,0.001461591644392
-0.672598425640387,-0.172645465942486,0.0540769039314027,0.339584678970114,-0.0209870145455047,-0.00383220269018547,0.000226102483927444
-0.732715742937254,-0.179682356011352,0.0526723119976366,0.336931572665758,-0.0216042869711518,-0.00382279772500908,-0.00103111854073056
-0.79114443847075,-0.188827487153653,0.051256981321513,0.332899436866398,-0.0222383201009908,-0.00381156810804402,-0.00228279347170099
-0.847689409980134,-0.200406766150412,0.0498188638928493,0.327532049092843,-0.0228727819264181,-0.00382327470999164,-0.00349976884331201
-0.902141220084439,-0.214688933250403,0.0483559497631092,0.320997207184362,-0.0234932396917169,-0.00388033759814036,-0.00465035495847695
-0.954282968948138,-0.231830270167065,0.0468791599135802,0.313617979374833,-0.024089028340033,-0.00400082367284299,-0.00570006313038199
-1.00388945395415,-0.251815363004907,0.0454141914833494,0.305875225151685,-0.0246544813394908,-0.00419589343326761,-0.0066121010307098
-1.05071831932957,-0.274406745749336,0.0440006447891546,0.298367896925086,-0.0251890747296473,-0.00446707255540141,-0.0073489911969336
-1.09449638694831,-0.299122331828765,0.0426872002440341,0.291726008969018,-0.0256961402906034,-0.00480418048462625,-0.00787550060605464
-1.13490741174391,-0.325258402765218,0.0415230130846407,0.286488465871807,-0.0261801586026543,-0.00518504432992424,-0.0081626218108147
-1.17158867322241,-0.351962871456537,0.0405474800146897,0.282978787263337,-0.0266432440025573,-0.00557791857905356,-0.00819173103403983
-1.20414213113185,-0.378341576430254,0.0397819397445973,0.281223036096946,-0.0270820394106565,-0.00594665228245303,-0.00795763454160275
-1.23216172294312,-0.403562492157667,0.0392264495064825,0.280943600526674,-0.0274864111199105,-0.00625741497199639,-0.00746941515060805
-1.25527335792888,-0.426923116724119,0.0388624542027827,0.281631543965619,-0.0278407671757441,-0.00648496727269882,-0.00674883025086287
-1.27318009669757,-0.447866286899312,0.0386594230174472,0.282667316610629,-0.0281277181608906,-0.00661664415907593,-0.00582698288047097
-1.28570317844794,-0.465955243995198,0.0385821897028238,0.2834448495499,-0.0283327980659239,-0.00665328225549116,-0.0047404796719766
-1.29280940767121,-0.480833121373622,0.038596340097657,0.283462313146256,-0.0284486028112357,-0.00660753347769292,-0.0035281255935685
-1.2946171206194,-0.492189837517214,0.0386706934410041,0.282363546869369,-0.028477057209064,-0.00650069630581678,-0.00222868742868113
-1.29137763349796,-0.499747663966108,0.0387775298514204,0.27993372399781,-0.0284292756236143,-0.00635920550775957,-0.000879776798849745
-1.28343600317769,-0.503265250971462,0.0388920473625709,0.276063979123144,-0.0283232369347585,-0.00621150174238035,0.000482373087029648
-1.27117999500213,-0.502553147256077,0.0389924977376887,0.270702166913758,-0.0281799721060692,-0.00608548489754536,0.00182257559491837
-1.25498667812747,-0.497491512326486,0.0390618042978196,0.263804029067962,-0.028019122955166,-0.00600636924142234,0.00310616970619261
-1.23517413602706,-0.488041521772749,0.0390905656280976,0.255294902396203,-0.0278547272057418,-0.00599461578689585,0.00429865489021311
-1.21196609774334,-0.474245690324824,0.0390805322103367,0.245049401966575,-0.0276920962546437,-0.0060637417246127,0.00536577740929961
-1.18547957698055,-0.456217696487863,0.0390470974359344,0.232894852400503,-0.0275266551104953,-0.00621813983287153,0.00627430081437816
-1.15574516030962,-0.434126784048366,0.0390192177532305,0.21864110160571,-0.0273454084028997,-0.00645144888545327,0.0069935910291486
-1.12276047329351,-0.408182531765257,0.0390356105255565,0.202132285912349,-0.0271310499169897,-0.00674628108370238,0.00749793444979426
-1.08656348553212,-0.378623696036678,0.0391372900545078,0.183306782120677,-0.0268677573041072,-0.00707600632207649,0.00776918071406025
-1.04730060886326,-0.345711606329356,0.0393582099821915,0.162244823793178,-0.0265468227805985,-0.00740869692413785,0.00779899343596084
-1.00526401791991,-0.309726509802616,0.0397171322407704,0.139185014714053,-0.0261700849234797,-0.00771244996145071,0.00758993709709793
-0.960884609457068,-0.270964670271318,0.0402137805693459,0.114502438343132,-0.0257499276167654,-0.00796062152019015,0.00715495444424068
-0.914685642399328,-0.229734687091898,0.0408306356190976,0.0886566930298956,-0.0253060495734182,-0.00813549698271845,0.00651536713851979
-0.867216550867747,-0.186352517940173,0.0415393338933184,0.062128922835481,-0.0248604474527346,-0.00822961015614503,0.00569803394896146
-0.818989746310019,-0.14113544765997,0.0423089568109608,0.0353674883568561,-0.0244324501448832,-0.00824486600209076,0.00473246403433856
-0.770436759421835,-0.0943956118807021,0.0431132992009684,0.0087542629323665,-0.0240351910408334,-0.00819028760330537,0.00364850394555422
-0.72189006740312,-0.0464336964895967,0.0439351914137091,-0.017406346239171,-0.0236740898914598,-0.00807936605373483,0.00247488502927121
-0.673588674629755,0.00246681322002187,0.0447672670568229,-0.0428807141525818,-0.0233472188587281,-0.00792774896093914,0.00123862537142726
-0.625702056219073,0.0520445071329052,0.0456096070865114,-0.0674895312277268,-0.0230470904009956,-0.00775161678961838,-3.48805851700167e-05
-0.578366537818812,0.102063559632792,0.0464652039632987,-0.0910890216336016,-0.0227633489608169,-0.00756674858226729,-0.00132130316152936
-0.531729455078825,0.15231474254391,0.0473343663225762,-0.113555359786079,-0.0224859412649512,-0.0073880563795557,-0.00259655966186686
-0.485996770293357,0.202611921919067,0.0482092154649058,-0.134775567079281,-0.0222084057154664,-0.00722926109860089,-0.00383593392124784
-0.441478693433546,0.252781231860958,0.0490694971187576,-0.154646169537058,-0.0219308922318581,-0.00710237578586306,-0.00501333342421618
-0.398624643818172,0.302640149372759,0.0498809984403421,-0.173079144759402,-0.0216623724317144,-0.00701674026907903,-0.00610090922509978
-0.358035290311815,0.35196551809933,0.0505977710528103,-0.190013209888007,-0.0214213225417,-0.00697753094609906,-0.00706928613139293
-0.320437424876065,0.400453593911904,0.0511687660612982,-0.205427296400912,-0.021234099802327,-0.006983944534045,-0.00788861526888059
-0.286611544185707,0.447681061311719,0.0515482613262509,-0.219352557588404,-0.0211305467896455,-0.00702758396549211,-0.00853051072089684
-0.25727415730799,0.493081088297882,0.0517077551524304,-0.231879544941149,-0.0211371625539736,-0.00709180232772109,-0.0089706448892225
-0.232935215182425,0.53594913508251,0.0516456201118357,-0.243158189691554,-0.0212693219612641,-0.00715268565242334,-0.00919144333371671
-0.21376729746256,0.575486809224034,0.0513908200882626,-0.253389538380778,-0.0215249367198464,-0.00718187026723737,-0.00918413664074069
-0.199526230136478,0.610879472337922,0.050998840807935,-0.262809308939606,-0.0218819140286942,-0.00715064834004829,-0.00894955991272488
-0.189548305406806,0.641390569790126,0.0505409677607438,-0.271664568734922,-0.0223005590786357,-0.00703422715096991,-0.00849752434636839
-0.182823775190129,0.666449396080051,0.050090524792431,-0.280186495046729,-0.0227302429495695,-0.00681493666349254,-0.0078450799205725
-0.178123157163384,0.685712017597844,0.0497103680567585,-0.288563955238741,-0.0231182161528894,-0.00648365279715639,-0.00701427232210455
-0.174142210310134,0.699084759252992,0.0494447594857603,-0.296923414725938,-0.0234180630336425,-0.00603940990265066,-0.0060299767780433
-0.169634618912768,0.70671135759346,0.0493167349405749,-0.305319719927725,-0.0235959263800049,-0.00548774718449481,-0.00491818177054145
-0.163512805739311,0.708933813435712,0.0493302994698646,-0.313739651205319,-0.0236337104351782,-0.00483857019637016,-0.00370485867615511
-0.154909686959001,0.706240356350714,0.0494757457126057,-0.322116680788012,-0.0235293910595798,-0.00410422464331783,-0.00241538435098666
-0.143202973309485,0.699212288766893,0.0497361022688458,-0.330352392704844,-0.0232950469922203,-0.00329821494568554,-0.00107440506728842
-0.128007750042909,0.688477407306018,0.0500929107072496,-0.338338393385384,-0.0229533267543669,-0.00243469999213482,0.000293978225144486
-0.109144200103834,0.674674378425054,0.0505299751273745,-0.345972767277598,-0.0225329985483793,-0.00152865419527364,0.0016657951022867
-0.0865875352477599,0.658430470260862,0.0510342619320638,-0.353166879172802,-0.0220641478570928,-0.00059641047117543,0.00301663262462457
-0.0604074659312082,0.640352358248793,0.0515936391312376,-0.359840472092156,-0.0215735096385622,0.000343813633662252,0.00432098955906178
-0.0307054312924964,0.621026260631595,0.0521917556601776,-0.365905432193775,-0.0210803809039711,0.0012718578721852,0.00555168421890014
0.00244093469076004,0.601019682461577,0.05280113744216,-0.371241076925676,-0.0205935514465869,0.00216644303051163,0.00667949339706952
0.0390153662085663,0.580875315715688,0.0533765720663179,-0.375667036527074,-0.0201097463015119,0.00300711684713703,0.0076732480970534
0.0790718870495712,0.561089102142103,0.0538517096408057,-0.378922952287875,-0.0196141039452654,0.00377722710358747,0.00850063616527267
0.122707474478551,0.542070519197872,0.0541419713429882,-0.380666261090725,-0.0190830967766272,0.00446735968322794,0.00912992156712196
0.169998766728649,0.524092488099413,0.0541556160165531,-0.380497808448511,-0.0184898595223944,0.00507822205029392,0.00953262267490475
0.220915962251351,0.507247390260012,0.0538118999019702,-0.378017729602237,-0.0178110889267023,0.00562175868644899,0.00968686197330904
0.275240771668797,0.491429185845014,0.0530614877583877,-0.372901383965063,-0.017033781580153,0.00611961525093038,0.0095806810746564
0.332521363524266,0.476355331213474,0.0519016656581698,-0.3649723719358,-0.0161596496192653,0.00659896744386311,0.00921433311228103
0.392087745214996,0.461627255060734,0.0503796640710959,-0.354245536991837,-0.0152056073500772,0.00708684268174795,0.00860069375875813
0.453127077143806,0.446812331765245,0.0485819453897273,-0.340922911418792,-0.0142001928124004,0.00760474369804071,0.00776354705138376
0.514792999675741,0.431522794200636,0.0466132729040959,-0.325345353642819,-0.0131773905657505,0.00816516564921267,0.00673430717454141
0.576311796114918,0.41547144693019,0.0445731968324913,-0.307919978548953,-0.0121701175370285,0.00877062395224061,0.00554825258130372
0.637056057150646,0.398495758395745,0.0425373936613848,-0.289048597369681,-0.0112052928745625,0.00941472710126242,0.00424131144299176
0.696574903342762,0.38055305239028,0.0405481134566208,-0.269075331167219,-0.0103013856520318,0.0100842394301739,0.0028479903484254
0.754586074980748,0.361695182736719,0.0386143087790247,-0.248259736867312,-0.00946833490602349,0.0107611265799797,0.00140052746489571
0.810942558741544,0.342031410008403,0.0367196530938867,-0.226772553685708,-0.0087091911357208,0.0114240154869577,-7.09750319263487e-05
0.865585822188169,0.321686026270458,0.0348359118837177,-0.204707388850748,-0.00802274078767884,0.0120490090707038,-0.00153778892945322
0.918494062563823,0.300755449032159,0.032939318412177,-0.182102307827445,-0.00740652669028163,0.0126101875316688,-0.00297149195408355
0.969630675569924,0.279269091005946,0.0310277979407948,-0.158967567169158,-0.00685983195498364,0.0130803431454295,-0.00434286988979821
1.01889760876004,0.257159633913518,0.0291365247590389,-0.135317525555648,-0.00638623105070231,0.0134325366605151,-0.00562105461903709
1.0660993313727,0.234250234686254,0.0273483078484187,-0.11120457215815,-0.00599521250114953,0.0136428970175759,-0.00677319556835467
1.11092479405847,0.210267315216074,0.0257943141118884,-0.0867507346099684,-0.00570225534521045,0.0136946746197079,-0.00776499067075067
1.15295511824181,0.184885589372897,0.0246408750871749,-0.0621695199926946,-0.00552679617536724,0.0135829082419759,-0.00856235103546023
1.19170127357241,0.15780440520055,0.0240609549740803,-0.0377687222564285,-0.00548796645026509,0.0133183349680913,-0.00913424878434445
1.2266685382701,0.128841506654557,0.0241947110513767,-0.0139273849996803,-0.00559886489359948,0.0129287650394059,-0.00945637430501382
1.25743346361796,0.0980165991610444,0.0251104300437145,0.00895193538899735,-0.00586111716440032,0.0124565235486107,-0.00951472609085149
1.28371071101323,0.0655923470731617,0.0267805110996587,0.0305033553244527,-0.00626190707586955,0.011951903507489,-0.00930798958661011
1.30538713796213,0.0320524099970649,0.0290832225988526,0.0504505317829856,-0.00677493459351884,0.0114643208779958,-0.00884781380952751
1.32251266482142,-0.00197862703199873,0.0318302927217073,0.0686342541404718,-0.00736512585925877,0.0110339508117739,-0.00815686978415552
1.33525397951994,-0.0358446727860131,0.0348094048788103,0.0850079653232086,-0.00799531156809326,0.0106862802518417,-0.00726541046528336
1.34382952167566,-0.0689602484867896,0.0378260561180028,0.0996077405679259,-0.00863253195618447,0.0104305244567021,-0.00620746552505603
1.34844729667038,-0.100878891830986,0.0407327206916942,0.11251122456421,-0.00925225755680677,0.0102612559474491,-0.00501764908671059
1.3492618567321,-0.131320048615474,0.0434409477572773,0.12380012545384,-0.00983999033098955,0.0101617411373088,-0.00372907847122557
1.34635873118814,-0.160161975339445,0.0459188073931374,0.133535821790402,-0.0103906765815632,0.0101075258188269,-0.00237243877284842
1.33976512141059,-0.187414496630643,0.0481792532292054,0.141751401479876,-0.0109067632974458,0.0100693593488929,-0.000975948921831802
1.32947811274674,-0.213183681112779,0.0502647767544293,0.148458640942653,-0.0113956558061135,0.0100151703942197,0.000434094064523318
1.31549927069558,-0.237634994229679,0.0522319159841253,0.153665902707426,-0.01186706870001,0.00991128281472084,0.0018324678353901
1.29786746957955,-0.26095647579557,0.0541373267818575,0.157402227603309,-0.012330535360189,0.00972334922176681,0.00319407374026485
1.27668627030121,-0.283321091659195,0.0560259864723225,0.159742839044807,-0.0127932434616095,0.00941760187863208,0.0044930508498501
1.25214400916364,-0.304847868494812,0.0579217762708494,0.160830773973362,-0.0132583793919462,0.00896297920215124,0.00570215258707381
1.22452081746168,-0.325563709430411,0.059820879120331,0.160887939586304,-0.013724211004679,0.00833443566008916,0.00679262711443057
1.1941735273624,-0.345371606739857,0.0616889223274118,0.160208068762502,-0.0141841685158616,0.00751728365777626,0.00773484026220012
1.16149150806366,-0.3640350681419,0.0634631487888231,0.159125954835044,-0.0146281182257028,0.00651179059978436,0.00849978873471546
1.12682726368673,-0.381190620258775,0.0650606272424473,0.157963847887248,-0.0150448053695814,0.00533665067003412,0.00906145339232315
1.09041905987584,-0.396396068927293,0.0663920942620476,0.156965922353819,-0.0154250364471329,0.00402968787366871,0.00939963865560166
1.05233168247026,-0.409210271072318,0.0673787328762203,0.156240926279338,-0.0157647191976759,0.00264460201365328,0.0095026261076896
1.01243959890955,-0.419285100318743,0.0679673060530235,0.155735096692852,-0.0160666814854678,0.00124383217179181,0.00936884082495268
0.970461993816009,-0.426441149780154,0.0681390365439394,0.155248160372151,-0.0163404854375977,-0.000110820714646989,0.00900695481584747
0.926039337317748,-0.430703318921499,0.0679099721439463,0.154488349368602,-0.0166002004187404,-0.00136719457907855,0.00843439596584006
0.878825631043462,-0.432288422705003,0.0673239215547867,0.1531472465734,-0.0168608760278453,-0.00248901339101959,0.00767478232238706
0.828568352285378,-0.431554946120185,0.0664414797732952,0.150970529243351,-0.0171348458257074,-0.00345825558766118,0.00675506213802783
0.775157923132914,-0.428935304234394,0.0653290732949609,0.147806969811182,-0.017428850048983,-0.00427397656606093,0.00570303340229111
0.718643598614248,-0.424871200614359,0.0640507999077084,0.143629522138452,-0.0177425093971865,-0.00494885423528677,0.00454561455485243
0.659223633124363,-0.419765850268538,0.0626641181217387,0.13853185242447,-0.0180681976036081,-0.00550492151940145,0.00330793501146546
0.597221059111124,-0.413958140265425,0.0612190252108417,0.132707924655619,-0.0183920438523159,-0.00596961010383988,0.00201312181244223
0.533053201886419,-0.407716431349604,0.0597595020499743,0.126421652111821,-0.0186956649139962,-0.00637268550223726,0.000682583310392072
0.467198891373677,-0.401246048047285,0.0583257900524484,0.119970959272246,-0.0189582670488063,-0.00674416444622579,-0.000663388353955246
0.40016457193019,-0.394704140664719,0.0569562709351709,0.113648074512746,-0.0191588908017625,-0.00711298365143756,-0.00200481416226746
0.332449833417869,-0.388217474848623,0.0556881513961601,0.107696795035841,-0.0192787367062479,-0.00750604189112647,-0.00332109461204431
0.264511451465801,-0.38189968368759,0.0545564105237899,0.10226779706872,-0.0193035598261215,-0.0079471961960751,-0.00459001512213814
0.196725275890266,-0.37586503447498,0.0535907312170469,0.0973754050141522,-0.0192260646221665,-0.00845584039018472,-0.00578679917190079
0.129347474474269,-0.370235326245565,0.0528104556900271,0.0928632732869472,-0.0190480434567047,-0.00904482629883915,-0.00688339842271906
0.06248196651849,-0.36513683524878,0.0522182843982124,0.0883914100870112,-0.0187817784068009,-0.00971776194201517,-0.00784833344669675
-0.00393360112533331,-0.360685150017827,0.0517943481752637,0.0834599157188324,-0.0184500088303401,-0.0104661521430366,-0.00864752346338414
-0.0701088427936248,-0.356958138556504,0.0514931270870519,0.0774813208628392,-0.0180837146044982,-0.0112673728492094,-0.00924653231132824
-0.136339668001021,-0.353961934598275,0.0512458429293875,0.0698994251732781,-0.0177173344881391,-0.0120848430258437,-0.00961432778071962
-0.202911728029643,-0.351600791672431,0.050969686804562,0.0603292934758401,-0.0173820041471132,-0.0128715440510633,-0.00972794844022891
-0.269994448287203,-0.349665229965987,0.0505824849283175,0.0486720282460035,-0.0170986912652162,-0.0135769263543222,-0.00957670166792184
-0.337563187769615,-0.347849156018735,0.0500184170480242,0.0351569401673284,-0.0168738494901715,-0.0141555664419054,-0.0091642942259402
-0.405378471858126,-0.345794835083819,0.0492393054698423,0.0202910926672748,-0.0166995266778612,-0.0145747688128316,-0.00850802061048818
-0.473025814015828,-0.343151730324224,0.0482379285353896,0.00473750664756663,-0.0165578999766409,-0.0148186458992528,-0.00763544849198827
-0.539994840908721,-0.339630200574364,0.0470335118676442,-0.0108290353103911,-0.0164282639139307,-0.0148879017387881,-0.00658003294123082
-0.605767167770171,-0.33503592759127,0.0456624435361597,-0.0258409759619951,-0.0162938075486277,-0.0147963596390636,-0.00537715963420018
-0.669888139329542,-0.329279876173044,0.0441678481822159,-0.0399061183968984,-0.0161461790363166,-0.0145661019144528,-0.0040614612498129
-0.732009418794159,-0.322366114812698,0.0425905793545319,-0.0528230429891463,-0.0159870916544918,-0.0142228584595385,-0.0026655219992483
-0.791900459563367,-0.314363643580429,0.0409627697678939,-0.0645558636551678,-0.0158272669112577,-0.0137925686806201,-0.00121968819475957
-0.849435387256158,-0.30536935040545,0.0393041541735312,-0.0751838509522121,-0.0156835170369487,-0.0132993851250169,0.000247368753456015
-0.904567023266093,-0.295468447841998,0.0376210030532811,-0.0848391280318994,-0.0155748021990047,-0.0127649529999403,0.00170764015047352
-0.957298792388104,-0.284696685561091,0.0359073588168515,-0.0936418366880282,-0.0155178570163069,-0.0122085087162732,0.00313259258988532
-1.00765960812693,-0.273007578261925,0.0341482921448456,-0.101639659032465,-0.0155227648422612,-0.0116471769707722,0.00449207655585272
-1.0556798252962,-0.260249057453648,0.0323249894247295,-0.108758634791736,-0.0155888606687989,-0.0110958258021969,0.00575360909248609
-1.10136428795699,-0.246157522753831,0.0304215400325202,-0.114774725146936,-0.0157016427061312,-0.0105660363622341,0.00688232800860038
-1.14466230295231,-0.23037976063653,0.0284329598424818,-0.119318129464696,-0.0158317807434936,-0.0100641585840683,0.00784193829259712
-1.1854417397047,-0.212530120405641,0.0263730912054245,-0.1219207080658,-0.0159374511600585,-0.0095890007319291,0.00859690886974589
-1.22347924345362,-0.192278563155202,0.024279845294479,-0.122106762061712,-0.0159706394280581,-0.0091302330334364,0.00911588775777406
-1.25847672624217,-0.169447883018328,0.02221479883728,-0.119509213685076,-0.0158865800541985,-0.0086687326639159,0.00937576114954911
-1.29010473460763,-0.144085681416536,0.0202554899845274,-0.113975285505103,-0.0156537017803318,-0.00817953812956879,0.00936523050490657
-1.31806005425331,-0.116480231117954,0.0184818519149029,-0.105621689294518,-0.0152605273379157,-0.00763689828407951,0.00908665423835641
-1.34211706324164,-0.0871115053278037,0.0169613467229032,-0.0948168455937325,-0.0147169296281502,-0.00701976428186811,0.008555454322229
-1.36215490457526,-0.0565566168184276,0.0157381861422615,-0.0820985126672493,-0.0140496066338163,-0.00631578084357499,0.00779735536811155
-1.37815506510446,-0.0253851012270898,0.0148298794558243,-0.0680603355458594,-0.0132940426640415,-0.00552261339615985,0.00684450601478881
-1.39017693420979,0.00592398932797501,0.0142308137656941,-0.0532462569295001,-0.0124861318521459,-0.0046467123344918,0.00573169760567854
-1.39832491440604,0.0370274344364292,0.0139199490584505,-0.0380791589176628,-0.0116559122252841,-0.0037005567894013,0.00449351415552669
-1.40271912750144,0.0677264425863144,0.013869094070496,-0.0228315320427771,-0.0108244100099673,-0.0026996534639923,0.00316269989061174
-1.40347599495707,0.0979485596576195,0.0140491665757174,-0.0076320625662493,-0.010003378907752,-0.00166023297886043,0.00176962691339952
-1.40070093765921,0.127714433960122,0.014433308642202,0.00750354399680741,-0.00919715218627216,-0.000598051833747693,0.000342579934937352
-1.39449235111107,0.15709807646096,0.0149969404389481,0.0226285340207183,-0.00840577414535861,0.000471766722945554,-0.00109143804200746
-1.38495462087783,0.186185374489308,0.0157155750297985,0.0378156411025192,-0.0076287630931732,0.00153422817001595,-0.00250563139469545
-1.37221576610666,0.215032822516664,0.0165615650560037,0.0531070479685176,-0.00686902311308065,0.00257382613361795,-0.00387228750182898
-1.35644335838173,0.243627693390535,0.0175010956730064,0.0684676175255428,-0.00613644707395975,0.00357431848775234,-0.00516181519569005
-1.33785146729662,0.27185247257469,0.0184927584913089,0.0837465076547076,-0.00545061611033073,0.00451938269485238,-0.00634218516616775
-1.31669269899224,0.299459900098615,0.0194888668732775,0.0986551612311686,-0.00484178058087176,0.00539438648629714,-0.00737905790059068
-1.2932329413251,0.326068707272967,0.0204401069375678,0.112772157484929,-0.0043491930122554,0.00618911847436412,-0.00823690535732661
-1.26771279295131,0.351191116715777,0.0213030281640252,0.125584334962338,-0.00401614666711523,0.00690080239928584,-0.0088813421067069
-1.2403064912466,0.374297568072466,0.0220484290528846,0.136565666807783,-0.00388199401125866,0.00753624921472342,-0.00928258545965709
-1.21109401495915,0.394910640472889,0.0226675822758866,0.14528034766847,-0.00397288146004332,0.0081119196041915,-0.0094194689488696
-1.18006014125647,0.412703134245503,0.023173409213277,0.151480344720416,-0.00429423690998757,0.00865126377776542,-0.00928294062131504
-1.14712429637167,0.427565530488652,0.0235955695961478,0.155161530793526,-0.00482811898154644,0.00917987240188672,-0.00887785017227282
-1.11219138471836,0.439615592445638,0.0239711341916209,0.156554925844166,-0.00553683857995996,0.00972007039041793,-0.00822231503610208
-1.07520476192684,0.449146597076478,0.0243343452151674,0.15605646375253,-0.0063715722836824,0.010286840582128,-0.00734488107353829
-1.03618376208943,0.456536442268167,0.0247088193431906,0.154123951647997,-0.0072826959861718,0.0108861752092174,-0.00628051038423955
-0.995237224407996,0.462151764246012,0.0251038481112865,0.151178422860747,-0.00822842815725934,0.0115157046620373,-0.00506666318708155
-0.952554567218014,0.466275151717915,0.0255146056194027,0.147537259187881,-0.00917978507234113,0.0121665716989545,-0.00374038399739623
-0.908381647341728,0.469067869813711,0.0259251077544527,0.1433884992187,-0.0101216097443498,0.0128253856439964,-0.00233671346968164
-0.862988936661813,0.470566225157322,0.0263127448724259,0.138800959542345,-0.0110505744567856,0.0134755171634205,-0.00088828238308135
-0.816636850071455,0.470702529586542,0.0266536311284876,0.133758020455594,-0.0119713686434973,0.0140975796868253,0.000574267574500438
-0.769539550901429,0.469340714117349,0.0269283664516755,0.128202649289285,-0.0128920769293837,0.0146693995231078,0.00202141291817106
-0.721826906431483,0.466318973462629,0.0271278650531115,0.122083815626049,-0.0138194329699403,0.0151660259999481,0.00342374189503143
-0.673506146816516,0.461494729006007,0.0272586716247898,0.115397017598249,-0.0147544725204563,0.0155604122685443,0.00475106475389732
-0.624429386062605,0.454788587117558,0.0273467609628036,0.10821284763202,-0.0156891732524224,0.0158253239230658,0.00597187543999332
-0.574278966037312,0.446223184341832,0.0274384119601728,0.100687740777849,-0.0166048711297612,0.0159367772680424,0.00705342669243062
-0.522586248881627,0.435950214295845,0.0275966859972383,0.0930517669098053,-0.0174733551654859,0.0158788130543985,0.00796270810844904
-0.468795401754253,0.424255545778489,0.0278926716101917,0.0855713894522191,-0.0182612210448707,0.0156486618427211,0.00866853671482276
-0.412370124420707,0.411532562085307,0.0283922729516433,0.078492075260189,-0.0189371069460568,0.015260615278841,0.00914467724393351
-0.352920206352578,0.398221292343536,0.0291415755935591,0.0719751233389246,-0.0194800182571006,0.0147466804561469,0.00937341054252032
-0.290307082315414,0.384725627744042,0.0301555415417707,0.0660499989743099,-0.0198858456544541,0.0141528608254907,0.0093484986069962
-0.224687458011489,0.371335563196702,0.0314144554240351,0.0606013104966183,-0.0201693787332972,0.013531611619505,0.0090764413012714
-0.15647658490251,0.358183963781369,0.0328696530588986,0.0553963704615526,-0.0203608647246378,0.0129327367891325,0.00857547042104809
-0.0862473306287181,0.345253735281367,0.0344561514109639,0.0501418932567958,-0.0204985343343474,0.0123956080769287,0.00787263186177095
-0.0146060074707324,0.332429257677525,0.0361073182197939,0.044547545150349,-0.0206200016934386,0.0119447167977584,0.00699999449858675
0.0579124887536151,0.31956986467146,0.0377669950373878,0.0383754170817539,-0.0207553077389013,0.0115889417926932,0.00599112446433736
0.13090567375088,0.306579770314075,0.0393966458945364,0.0314644016497464,-0.020923044849818,0.0113235630124028,0.0048785440202499
0.204117946955839,0.29345627882079,0.0409774440590018,0.0237294149372658,-0.0211295478551196,0.0111335487948482,0.00369235105882424
0.277419807521266,0.280308702613804,0.0425085382980305,0.0151422188604671,-0.0213702519836518,0.0109968640602004,0.00245980669413033
0.350766488045563,0.267349203478565,0.0440030233983105,0.0057027245327867,-0.0216321457934431,0.0108870985065312,0.00120558595883587
0.424148256703699,0.254861828730866,0.0454828604334087,-0.00459108635826532,-0.0218965355764746,0.0107752655025704,-4.75748269997149e-05
0.497541920069526,0.243157834371902,0.0469736165820244,-0.0157681988951031,-0.0221417791452198,0.0106310244299588,-0.00127804329819366
0.570870941930141,0.232524150287206,0.0484994357634037,-0.0278997900368148,-0.0223459151852454,0.0104237507407125,-0.00246447431702553
0.643978696401109,0.223170213663412,0.0500782519098952,-0.0411009695580235,-0.0224891505952098,0.0101238630798307,-0.00358522009001083
0.716615052682232,0.215178332978066,0.0517170690772916,-0.0555162326949723,-0.0225560343986545,0.00970467061828426,-0.00461813515690177
0.788433463771655,0.208465119730328,0.0534074059634731,-0.071287498717967,-0.0225370300592343,0.00914480175438235,-0.00554085563384019
0.858996827485465,0.202764397703472,0.0551217020907298,-0.0885072698329209,-0.0224292105926423,0.00843104072361455,-0.00633154158994231
0.927793558266533,0.197641587133472,0.0568121174763401,-0.10716499326011,-0.0222359009182395,0.00756111204859287,-0.00696999956353222
0.994266214181619,0.192543604637285,0.0584131831410474,-0.127100077969023,-0.0219652446859646,0.0065456767259037,-0.00743903064639087
1.05785069211742,0.186877521290776,0.0598488636300552,-0.147976831646838,-0.0216278733597057,0.00540869975693403,-0.00772576857915099
1.11801816067138,0.180100221672666,0.0610431031850647,-0.16929252926481,-0.0212341421971516,0.00418560318184186,-0.00782273182401206
1.17430901509658,0.171795643476449,0.0619314766752697,-0.190420432954725,-0.0207916489540415,0.00291922400429824,-0.0077283624470844
1.22635198172304,0.16171972737211,0.0624709542050156,-0.210678826989107,-0.0203038073535577,0.0016543180370579,-0.00744696939966481
1.27386917846185,0.149804549087023,0.0626453040944752,-0.229409811933863,-0.0197699740206897,0.000431827465524743,-0.0069881614972751
1.31667311928838,0.136126532906179,0.062464984652141,-0.24605028791604,-0.0191870882383059,-0.000715862612716324,-0.00636595653499987
1.35465999963258,0.120853039189218,0.0619618541554665,-0.26018144101754,-0.0185522241258229,-0.00176786350695153,-0.00559775515488944
1.38779966809756,0.104184562478321,0.0611802731368968,-0.271550083797469,-0.0178651883980983,-0.00271568328977281,-0.00470332951404866
1.41612129931073,0.0863070362121253,0.0601669137500458,-0.280062927259804,-0.017130413692752,-0.00356236483676743,-0.00370394566322416
1.43969735735231,0.0673629572087048,0.0589617664008572,-0.285761281249926,-0.0163577757689788,-0.00432044395775913,-0.00262172095281783
1.45863045208426,0.0474434660483494,0.0575923136831636,-0.288786375844846,-0.015562321317517,-0.00500937353905634,-0.00147927185657772
1.47304533132122,0.0265983265876284,0.0560718948041605,-0.289344072067143,-0.014763091738391,-0.00565291759379368,-0.000299639281116088
1.48308253680293,0.00485803991760936,0.0544022961242308,-0.287673677394062,-0.0139812704567536,-0.0062767659657359,0.000893578834339813
1.4888889524375,-0.0177379123398239,0.0525800108125338,-0.284022116279768,-0.0132378947880137,-0.006906380726102,0.00207597620576641
1.49060361931475,-0.0411119739915777,0.0506052858521114,-0.278622993878171,-0.0125513960645421,-0.0075649404965345,0.0032220635096043
1.48834087293734,-0.0651234641900672,0.0484926774298926,-0.271679745488109,-0.0119352657191849,-0.00827122289184138,0.00430508532806954
1.48217452942918,-0.0895527092233034,0.0462811762148323,-0.263352490611846,-0.0113961944332847,-0.00903735648500744,0.00529707331794809
1.47212643732697,-0.114099695008315,0.0440411623344305,-0.253749043394904,-0.0109330820314178,-0.00986657022993064,0.00616929911027862
1.45816277107543,-0.138401601864998,0.0418750164899916,-0.242921687163325,-0.0105373194259289,-0.0107513405476393,0.00689327761949365
1.44020193179937,-0.162070382458532,0.0399088121443036,-0.23087204319759,-0.0101945985947686,-0.0116725913695359,0.00744240145742165
1.41813759454233,-0.184745828766762,0.03827469155221,-0.217565776272183,-0.00988813968011954,-0.0126006799120352,0.00779413294767716
1.39187547431349,-0.206152488088998,0.0370870495545883,-0.202956187129311,-0.00960267069801655,-0.0134986093200775,0.00793243533034132
1.36137555644399,-0.226143774978517,0.0364192104201896,-0.187012160534904,-0.00932800911881917,-0.0143272164495746,0.00784988193230186
1.32668620217351,-0.24471779626832,0.036288624573697,-0.169743348264261,-0.00906101314325485,-0.0150512294784691,0.00754880715652159
1.2879583835823,-0.261998455100148,0.0366561904092703,-0.151215931418911,-0.00880519331073793,-0.015644571756269,0.0070410901910334
1.24543567693681,-0.278188380856574,0.0374398293858843,-0.131555617873948,-0.00856819203522974,-0.0160934772379457,0.0063466170878513
1.19942571734608,-0.293510228083281,0.0385369603417142,-0.110939069242995,-0.00835815613098359,-0.0163968325998495,0.00549091071000086
1.15026410166419,-0.308154552758042,0.0398479714680945,-0.0895780315985129,-0.0081803014782618,-0.016564158874549,0.00450260314450991
1.09828165310445,-0.32224670774545,0.041293975568813,-0.0677011102331205,-0.00803466880142166,-0.0166122819022843,0.00341131603870538
1.0437812622419,-0.335836569086134,0.0428254777141173,-0.0455367034683121,-0.0079154833759266,-0.0165618096433403,0.00224624125907908
0.98702527831855,-0.348907893294203,0.0444219794577917,-0.0232985143338067,-0.0078120170550282,-0.0164341940134579,0.00103545055807253
0.928231540396518,-0.361401491232164,0.0460845609273364,-0.00117339868137325,-0.00771055842298362,-0.0162497094133748,-0.000194192329807584
0.867575417363825,-0.373245311532216,0.0478243817453161,0.0206892473740523,-0.00759705807388965,-0.016026301157515,-0.00141671061399073
0.805195754466941,-0.384386461227706,0.0496497653722479,0.0421871789514254,-0.00746005834854529,-0.0157790384531062,-0.0026064834696887
0.741204116277781,-0.394820321347269,0.0515543007181682,0.0632733222636367,-0.00729356185205725,-0.0155198465992548,-0.0037377009782413
0.675697577741688,-0.404612232799445,0.0535081068873886,0.083959866926997,-0.0070994835324406,-0.0152572257758713,-0.00478401034356314
0.608775627260815,-0.413906800487555,0.0554542451874113,0.104314791758403,-0.00688924799540676,-0.0149957946689707,-0.00571857046136786
0.540560847319149,-0.422920131211821,0.0573118557706211,0.124447073899541,-0.00668402399237625,-0.0147356871480498,-0.00651471724151691
0.47122088428488,-0.431912460347609,0.058986514885482,0.14447890352814,-0.00651315300459955,-0.014472041490191,-0.00714734905712766
0.400986960510307,-0.441143668946977,0.0603863819055209,0.16450777240459,-0.00641066110074118,-0.0141949805805224,-0.00759493935513867
0.330162821854623,-0.450820958109748,0.0614403309116273,0.184566898513918,-0.0064103491725599,-0.0138904638083232,-0.00784180445702191
0.259119583062477,-0.461053493446277,0.0621126480399083,0.204596026245262,-0.00654062452684814,-0.0135421356898933,-0.00788003224947997
0.188276459556311,-0.471829008626145,0.0624093222932478,0.224433061270584,-0.00682056421357438,-0.0131338698166441,-0.00771047655609798
0.118073050499414,-0.483020685567897,0.0623738131691672,0.243829992422651,-0.00725837849240833,-0.0126523433760701,-0.00734250805318468
0.0489421483010393,-0.494421708335559,0.0620741269708237,0.262487600608382,-0.00785254957581012,-0.0120889058544779,-0.00679265076213118
-0.0187087700202486,-0.505795773051909,0.0615860101172188,0.280097734297537,-0.00859493633699243,-0.0114402887488928,-0.00608258657719433
-0.084503678812821,-0.516928234094995,0.0609776306308849,0.296381792681273,-0.00947456222777134,-0.0107081497772924,-0.00523710372410732
-0.148093052459151,-0.527665216077533,0.0602995641019512,0.311118398811721,-0.0104808326518217,-0.00989782296464463,-0.00428242564258609
-0.209142390875847,-0.537933363311149,0.05958142145846,0.324158392912601,-0.0116053675482941,-0.00901679153135606,-0.00324511353198944
-0.267319466535629,-0.547738171056284,0.0588343490985197,0.335428783398531,-0.0128421744710235,-0.00807333480397478,-0.00215152830352937
-0.322284535492293,-0.557142406852573,0.0580574547741195,0.344928420303601,-0.0141863065657335,-0.00707561746380444,-0.00102771888205351
-0.373686506744675,-0.566228488359451,0.0572459402548392,0.352717810342567,-0.0156314050439963,-0.0060312927867165,0.00010043792200213
-0.421167245854362,-0.575050102952013,0.0563989349699244,0.35890438028556,-0.0171666612323745,-0.00494752486217384,0.00120702931910564
-0.464375819569675,-0.583580111752752,0.0555254610720758,0.363623741083816,-0.0187738307524066,-0.00383122949046617,0.00226600949954707
-0.502993363116847,-0.591663039216923,0.054647377361833,0.36701707481561,-0.0204249892324802,-0.00268928592919385,0.0032513780165173
-0.53676704560519,-0.598981491745078,0.053798679053854,0.369205522134799,-0.0220817095025135,-0.00152850768794263,0.00413774816936552
-0.565548136733264,-0.605044863599862,0.0530212016636504,0.370264000771541,-0.0236961648546435,-0.000355276022211299,0.00490132316677621
-0.589326890910113,-0.609206273659027,0.052357720761313,0.37019957512034,-0.025214324319644,0.000825079037176961,0.0055211729019969
-0.608256817929965,-0.610708549944204,0.0518442835083115,0.368941195356437,-0.0265809209940445,0.00200890000482576,0.00598059637886145
-0.622663977939852,-0.608754143666457,0.0515040034886074,0.366347059727421,-0.0277454123474875,0.00319450823890662,0.00626831335810117
-0.633040721184017,-0.602587758141644,0.0513440762607281,0.362231372908088,-0.028667831506642,0.00438196435902121,0.00637926076883306
-0.640025784600061,-0.591576626461946,0.0513565678219318,0.356405290016777,-0.0293233697496523,0.00557225706746977,0.00631485136583847
-0.644372795571634,-0.57527313340513,0.0515221179875323,0.348720486972088,-0.0297047553096118,0.00676611548471821,0.00608264999550428
-0.646909377202534,-0.553449609219757,0.0518148556288668,0.339102353012027,-0.0298220186711254,0.00796277388268582,0.00569553273413827
-0.648490117531115,-0.526103443986977,0.0522068459317029,0.327564080043504,-0.0296999009671968,0.0091590170640725,0.00517049888660386
-0.649948368323734,-0.493438509266157,0.0526711073359536,0.314200586937335,-0.0293737303616036,0.0103487206881181,0.00452737369444578
-0.652052156290102,-0.455832272547229,0.0531830906002044,0.299167850442946,-0.0288848134312372,0.011522929737789,0.00378763176626845
-0.655467799875271,-0.413796600044917,0.0537210571278786,0.282656063231697,-0.0282762241560941,0.0126703544807438,0.00297349141890979
-0.660732710211732,-0.367937241015954,0.0542659542780279,0.264864459410328,-0.0275895154530464,0.0137780705629904,0.00210732762093218
-0.668237287982951,-0.318914744829568,0.0548012684436756,0.245983133316609,-0.0268625222862219,0.0148322135610189,0.00121136841870849
-0.678215584096969,-0.267409003454133,0.0553131542496285,0.226184478035061,-0.0261281986769709,0.0158185512142569,0.000307595154888649
-0.690744147970657,-0.214089158266228,0.0557909054590102,0.205624257196889,-0.025414287538604,0.0167229293888599,-0.000582253297615001
-0.705748879072586,-0.159590286629328,0.0562276673120707,0.184450498402653,-0.0247435694729362,0.0175316831111365,-0.00143667409065086
-0.723019702657716,-0.104497478020743,0.0566211294918271,0.162816973223105,-0.024134408726205,0.0182321306798216,-0.00223448841253036
-0.742232964049508,-0.0493373461239613,0.0569738547078967,0.140897257744753,-0.0236013307050596,0.0188132332906576,-0.00295510581801488
-0.762981060552619,0.00542331070798184,0.0572928998281483,0.118895155622062,-0.023155417154209,0.0192664157539681,-0.00357902042954736
-0.784807779559439,0.0593722136867262,0.0575885073837507,0.0970477512716336,-0.0228043967891091,0.0195864353199906,-0.00408855239511714
-0.807246337078815,0.112140614679851,0.0578719094308552,0.0756187597812479,-0.0225524420328295,0.0197720992951354,-0.00446878997641935
-0.829855390364937,0.163388496155163,0.0581526179161865,0.0548820796407664,-0.0223998201978058,0.0198265991450677,-0.00470862013698544
-0.852247150623452,0.212789049329439,0.0584358548587966,0.0350981909555177,-0.0223426439924169,0.0197572742555639,-0.00480167523648316
-0.8741022529864,0.260016367609093,0.0587208677660033,0.0164884839632709,-0.0223729777435156,0.0195747461416375,-0.00474699755936802
-0.895168557961088,0.304740071338699,0.0590006775366458,-0.000786322177374066,-0.0224794561490035,0.0192915328282195,-0.00454925462589894
-0.91524507934543,0.34662898103503,0.0592633655479381,-0.0166384784418012,-0.0226483948456611,0.0189204008042365,-0.00421842926807462
-0.934156076389802,0.385363366027577,0.0594944942536201,-0.0310538338108462,-0.022865188857617,0.018472773780406,-0.00376903055444422
-0.951722778045159,0.420652850947959,0.0596799293864567,-0.0440818773403653,-0.0231156990334453,0.0179574817609193,-0.00321898019227727
-0.96774016408164,0.452255767734545,0.0598083111349855,-0.0558190071426169,-0.0233873494787116,0.0173800230711666,-0.00258838219499116
-0.981964024619799,0.479995947041405,0.0598726705253139,-0.0663898791184338,-0.0236697749760126,0.0167423811958204,-0.00189836906466173
-0.994110485615281,0.5037743171389,0.0598710574331575,-0.0759310276190521,-0.0239550070082986,0.0160433397583325,-0.00117015444272798
-1.00386678680824,0.523574090292065,0.0598063211804446,-0.0845792454612058,-0.0242372919137762,0.0152791790542919,-0.0004243409151179
-1.01090975540608,0.539459375265795,0.0596853188810502,-0.0924653280379809,-0.0245126834923797,0.0144446240619829,0.000319534718716663
-1.01492697144226,0.551567439223592,0.0595178057509473,-0.0997123248895491,-0.0247785406085014,0.0135339204319872,0.00104327438940309
-1.01563623608408,0.560095424423003,0.0593152267700637,-0.106436720452634,-0.0250330414607667,0.0125419431342535,0.00173017461526067
-1.01280017829112,0.565282869697646,0.0590895722492319,-0.112750864803379,-0.0252747937205607,0.0114652579822204,0.00236512321507969
-1.00623477806207,0.567392220090473,0.0588524434520306,-0.118765324322746,-0.0255025972263548,0.0103030626843908,0.00293468137975027
-0.995811455764411,0.566689747001806,0.0586144160657927,-0.124590278488593,-0.0257153703888479,0.00905791662539111,0.00342717934275805
-0.981452804008052,0.563429149784624,0.0583847251107512,-0.13033553600109,-0.0259122016562235,0.00773615512555081,0.00383283397636916
-0.963122584978495,0.557839731256159,0.058171243906773,-0.136109139883581,-0.0260924498265088,0.0063478959260162,0.00414387625824643
-0.940811761838756,0.550120617842664,0.0579807119944278,-0.142014887258316,-0.0262558098119606,0.00490659344739435,0.00435466235083076
-0.914523677454637,0.54044189214667,0.0578191685798511,-0.148149361777721,-0.0264022829357235,0.00342816879197667,0.00446173887470675
-0.884262068392455,0.528952458792071,0.0576925354374559,-0.154599163365356,-0.0265320245791073,0.00192981715660919,0.00446383962565601
-0.850024936153609,0.515793093314819,0.0576072584908524,-0.161438867804676,-0.0266450719253434,0.000428649653786489,0.00436180301531858
-0.811805680055068,0.501111910100471,0.0575708802490447,-0.168729901975398,-0.0267409755549245,-0.00105964801149398,0.00415841309716674
-0.769601123627418,0.485078977381824,0.0575924071780122,-0.176520115888537,-0.0268183748780758,-0.00252196577716365,0.00385818056864601
-0.723424795083405,0.467897210641601,0.0576823706437173,-0.184843523142283,-0.0268745723962923,-0.00394859373305642,0.00346709232012616
-0.673323280132143,0.449807774458006,0.0578525483490958,-0.193719578292087,-0.0269051754265693,-0.00533364811711187,0.00299236676181968
-0.619393071163009,0.43108929901881,0.0581153597000815,-0.203151394516129,-0.0269038675859024,-0.00667509267932914,0.00244225274692904
-0.561795726653004,0.412051409797644,0.0584830203533688,-0.213122635912041,-0.0268623745019559,-0.0079744048258296,0.00182590656765807
-0.500769051883556,0.393023550033573,0.0589665571328337,-0.22359316109288,-0.026770663820408,-0.0092359664468178,0.0011533699819787
-0.436632337706114,0.374340510993512,0.059574827848462,-0.234494014765492,-0.0266174058126159,-0.0104662647945879,0.000435659490524803
-0.369783864306503,0.35632625436488,0.0603137248545186,-0.245722862468906,-0.0263906969111408,-0.0116729729155741,-0.000315039197054167
-0.300689342237171,0.339277839964321,0.0611857884537967,-0.257141430229883,-0.0260790231003624,-0.0128639531966795,-0.00108509642281888
-0.229860938183738,0.323451568055321,0.0621905001301689,-0.268576842036098,-0.025672411952661,-0.0140462047054514,-0.00185913127620806
-0.157828017360916,0.309053412744303,0.0633254864762284,-0.279828611348614,-0.025163675223642,-0.0152247596366872,-0.00261974556802246
-0.0851031688579543,0.296235453899048,0.064588733260548,-0.290682401177073,-0.0245496060077386,-0.0164015443517112,-0.00334739719499473
-0.0121497204320854,0.285098793290134,0.065981604843727,-0.30093022516172,-0.0238319619162041,-0.017574259176414,-0.00402052627917779
0.0606411388922212,0.275701545007549,0.0675120268881687,-0.310394674209411,-0.0230180642008381,-0.0187354044403043,-0.00461604375614242
0.13295587476514,0.268068379000226,0.0691967188484057,-0.318952341823813,-0.0221208730586931,-0.0198716671321839,-0.00511025869217875
0.204542650623548,0.262197098107685,0.0710611529850579,-0.326549993279293,-0.0211584804864221,-0.0209639547873797,-0.00548025341603664
0.275176526000564,0.25805863484879,0.0731361971633732,-0.333207060578404,-0.0201530591634917,-0.0219883446310314,-0.00570561336642617
0.344615947405995,0.255590121132062,0.0754513679639265,-0.339000855652764,-0.0191294165145655,-0.0229180660118299,-0.00577030051929407
0.412565396284223,0.254684862983151,0.0780260244334222,-0.344036088719695,-0.0181133825503812,-0.0237263440328379,-0.00566436027386418
0.478657949692406,0.255185855599867,0.0808610703587634,-0.348406182620599,-0.0171302842345489,-0.0243896007343835,-0.00538512419360362
0.542464264926918,0.256888828929128,0.0839340453926314,-0.352157641574342,-0.016203706021537,-0.0248902971986365,-0.00493765296211798
0.603524368474919,0.259556673794925,0.0871995152521087,-0.355268186147607,-0.0153546190009937,-0.0252187450638378,-0.00433434649648323
0.661390834982219,0.26294176133206,0.0905948145656009,-0.357644656700738,-0.0146008286979909,-0.0253735344005988,-0.00359386510677986
0.715669789225601,0.266808970273252,0.094049315218453,-0.359139991548868,-0.0139565895568266,-0.0253606544114506,-0.00273965978582703
0.766049666720597,0.270951997473321,0.0974943633974708,-0.35958315909791,-0.0134322078978329,-0.02519172657384,-0.00179844388414955
0.812313527899389,0.27519819439599,0.100871091063124,-0.358813459456579,-0.01303350060499,-0.0248818847769241,-0.000798857532277514
0.854335912556424,0.279401153416696,0.10413421922894,-0.356711204236706,-0.0127610782724654,-0.024447746871732,0.000229559944046815
0.89206800022301,0.283423844423288,0.107251200640311,-0.353218989784017,-0.0126095420214833,-0.0239057255134831,0.00125710552089616
0.925515909790765,0.287117635172528,0.11019726801933,-0.348350432825553,-0.0125668014158703,-0.0232707528718044,0.00225446175805253
0.954717305904774,0.290303847562037,0.112947975205356,-0.342185579928799,-0.0126138084631281,-0.0225554035998683,0.00319320952609025
0.97972106106125,0.292764358082484,0.115471483028213,-0.334853965508833,-0.012725021595916,-0.0217693792955794,0.00404645340741613
1.0005734869857,0.294245940428515,0.117723032881216,-0.326507883923251,-0.0128698303079999,-0.020919335773475,0.00478965891878039
1.01731210523202,0.294479353497185,0.119643570117767,-0.317290046159843,-0.0130149602450378,-0.0200090436461248,0.0054016978548331
1.02996526961897,0.293209436743153,0.121163361356525,-0.307301532343371,-0.0131275791388856,-0.0190398638890567,0.00586596564108981
1.03855445599852,0.290228343999405,0.12220994052451,-0.296577043131464,-0.0131785417730588,-0.0180114874179874,0.0061713305741013
1.04309748892315,0.285402796372201,0.122718450036716,-0.285074065863254,-0.0131451029601133,-0.0169228596723415,0.00631266911292683
1.04361374308327,0.278688492146631,0.122641840281642,-0.27267971412304,-0.0130125657896685,-0.0157731790085778,0.00629085022853887
1.04013391276787,0.270129390031586,0.121958606634017,-0.259234194646533,-0.0127746611715919,-0.0145628267669981,0.00611219700150541
1.03271425644198,0.259843747277278,0.120676398539185,-0.244564608328494,-0.0124327934050714,-0.0132940505681544,0.00578757485318958
1.02144902078633,0.248000758467223,0.118830551053729,-0.228519335840917,-0.0119944827613432,-0.0119712127474766,0.005331279389879
1.00647165575612,0.234792231112208,0.116477558873993,-0.210993817819165,-0.0114713924329203,-0.0106005109946119,0.00475986728058092
0.987942177707013,0.220404753996455,0.113685104649332,-0.191943531059232,-0.0108773430839266,-0.0091892972288434,0.00409106737543103
0.966032270309385,0.204999081319299,0.110522028851903,-0.171386583557968,-0.0102267252516929,-0.00774533139810841,0.00334292588806732
0.9409220860466,0.188701015065673,0.107051437316843,-0.149400543871211,-0.00953355913297918,-0.00627624893233677,0.00253327011142809
0.912807689848544,0.171602237587916,0.103327681575076,-0.126115318045193,-0.00881114043999738,-0.0047892633804384,0.00167943542486156
0.881900654415721,0.153765098410568,0.0993952911377733,-0.101700967900661,-0.00807197358122854,-0.00329096373486208,0.000798128969079224
0.848414671666647,0.13522892968587,0.095288998974163,-0.0763526231448331,-0.00732785252312599,-0.00178723346825977,-9.45945251471097e-05
0.812556028630984,0.116020026191713,0.0910361608987875,-0.0502773525277052,-0.00659017161429191,-0.000283409309210529,-0.000983211411218592
0.774529627593697,0.0961656361985458,0.0866620727132006,-0.0236844867702878,-0.00587046771390103,0.00121539026015384,-0.00185251634980493
0.734547943023338,0.0757078167371704,0.0821959035988643,0.00322339375754792,-0.00518097091839553,0.00270398565371438,-0.00268742652093274
0.692829488013783,0.054713907432563,0.0776749229277991,0.0302602955342408,-0.00453497310008321,0.00417701308911468,-0.00347284264907123
0.649589655503996,0.0332834271187411,0.0731465878389128,0.0572663167994838,-0.00394697707341205,0.00562894716405687,-0.00419356904846834
0.60503216517501,0.01155139988429,0.0686687444709466,0.0841157324085843,-0.00343260411090707,0.00705428728153965,-0.00483433251404669
0.559343466379677,-0.0103132452343017,0.0643077277374527,0.110722992760559,-0.00300818297125032,0.00844791674410865,-0.00537995244703784
0.512688689367087,-0.0321156595072738,0.0601340421859183,0.137045464102082,-0.00268993750620191,0.00980558637052232,-0.00581569009140719
0.465208798691147,-0.0536497327409428,0.0562158785086745,0.163081024280074,-0.00249275766426979,0.0111244031413917,-0.00612777452536886
0.417020752685124,-0.0747180990308588,0.0526114964632602,0.188858918233504,-0.00242864314966858,0.0124031810983734,-0.00630408452577523
0.368222517019992,-0.0951545915774431,0.0493620165106705,0.214423610834489,-0.00250502379046129,0.0136425277933922,-0.00633494036905332
0.318903387216411,-0.114844965442559,0.0464863130878118,0.239813389160909,-0.00272326458619349,0.0148445903734239,-0.00621392440533389
0.269157992685857,-0.13374119289889,0.0439793888917218,0.265037454061974,-0.00307771249945375,0.0160124584259382,-0.0059386117625753
0.219100873227668,-0.151865457443068,0.0418148666169315,0.290056487346254,-0.00355559138739388,0.0171493072377469,-0.00551107922132198
0.168877868060236,-0.169302205596868,0.039951149809482,0.314771295907796,-0.00413788079071111,0.0182574253707193,-0.00493808556282262
0.118671488263861,-0.186179837676237,0.0383397699351518,0.339022291081221,-0.0048010676627799,0.0193372951911201,-0.00423089250997894
0.0686989868321748,-0.202646566655334,0.0369337707099168,0.362599663326645,-0.00551942524721982,0.0203868542676222,-0.00340478860163221
0.0192036410641915,-0.218846631385011,0.0356940097954863,0.385261647671593,-0.00626735022556568,0.0214009955043256,-0.00247845578171021
-0.0295591474853359,-0.234902773738371,0.0345919221365064,0.406756969543662,-0.00702131917670935,0.0223712889945215,-0.00147334080549373
-0.0773389402905646,-0.250909166664546,0.0336083504536078,0.42684787696377,-0.00776118344864965,0.0232858844192235,-0.000413158980427484
-0.123908701568395,-0.266936568317939,0.0327291141932962,0.44533131570705,-0.00847073139656225,0.0241295851172538,0.00067641882779633
-0.169082854413789,-0.283049103116722,0.0319387962244503,0.462056825763768,-0.00913763542896504,0.0248841583226093,0.00176793451682767
-0.21273286208285,-0.299330131759844,0.0312146937607801,0.476940153295504,-0.00975303169131058,0.0255290352495216,0.00283228538064815
-0.254797417040351,-0.315912825134504,0.0305229680796001,0.489970928308008,-0.0103110339664958,0.02604259207128,0.0038390219658725
-0.295283430938413,-0.333009217837502,0.0298187293132895,0.501211789519009,-0.0108084566542015,0.0264041495472408,0.00475701275288369
-0.334253930648775,-0.350929864738733,0.0290510069499588,0.5107860186415,-0.0112448973056495,0.0265966439901574,0.00555566475581241
-0.371800598104939,-0.370085598523018,0.0281722145610189,0.518852172497632,-0.0116230938351557,0.0266096073108982,0.00620677762507551
-0.408002666790506,-0.390964771360559,0.0271500271383227,0.525568240755059,-0.0119491706185221,0.026441756963874,0.00668688919571904
-0.442879314700687,-0.414084274590927,0.025978166793531,0.531053296006954,-0.0122321519955178,0.0261023161540366,0.00697968350067733
-0.476347197317341,-0.439919334460044,0.0246823580933394,0.535358643507693,-0.0124821656991824,0.0256103755608096,0.00707781355599842
-0.508195275710793,-0.468822134103239,0.0233191838188487,0.538459367085867,-0.0127072359596197,0.024992206550559,0.00698351319473276
-0.538084668466813,-0.500940135323454,0.0219681803477918,0.540269799128919,-0.0129094056262987,0.024277203848726,0.00670771065866926
-0.565574221799296,-0.536143042858393,0.0207197234572354,0.540675899466248,-0.0130817500961136,0.0234936351336509,0.00626787891260465
-0.5901670921679,-0.573968392162962,0.0196618380992651,0.539570212575832,-0.0132081115638084,0.0226653177908352,0.0056852953866812
-0.611371214935146,-0.613602457389074,0.0188682200852031,0.536875371001464,-0.01326664446225,0.0218097848170903,0.00498251515029904
-0.628764909279566,-0.653918922820337,0.0183888421063534,0.532549919509643,-0.0132365498963362,0.0209378212708992,0.00418165735036548
-0.642055554873071,-0.693588797180413,0.0182443988599635,0.526580387801776,-0.0131054651510192,0.0200538300637854,0.0033036978627195
-0.651117000307055,-0.73124671668932,0.0184259038924476,0.518969912792437,-0.0128742048938585,0.0191564907531691,0.00236855892498876
-0.655995359106932,-0.765666942304803,0.0188997599621452,0.509732597245046,-0.0125567715389999,0.0182394653719042,0.00139556504035283
-0.656884070762142,-0.795893399797488,0.0196166003478294,0.498896272953513,-0.0121760827183164,0.017292206487329,0.000403862330387013
-0.654080361774528,-0.821291034029559,0.0205206255305523,0.48650970533602,-0.0117578741096939,0.0163010274404347,-0.000587408332367601
-0.647938728701453,-0.841522602562693,0.0215563307959782,0.47264774121245,-0.0113254683877554,0.0152505107961509,-0.00155919314217961
-0.638831805709305,-0.856480017094227,0.022671187859093,0.457409380480577,-0.01089687295427,0.014125187304523,-0.00249276810591851
-0.627121006807421,-0.866202910002934,0.0238147708992032,0.44090711283218,-0.0104841937816889,0.012911334020199,-0.00337004382622811
-0.613134400477774,-0.87080687612533,0.0249360339319305,0.423249087364863,-0.0100945032699935,0.0115987327077243,-0.00417387408101472
-0.59714928698491,-0.870432103418531,0.0259807691263809,0.40451823943636,-0.00973119304306243,0.0101822586577624,-0.00488835481100801
-0.579379960814791,-0.865216022899257,0.0268909620031914,0.384754143840542,-0.00939515779509228,0.00866318244281061,-0.00549913614795109
-0.559973100193272,-0.855289178757688,0.0276070359735185,0.363943000185376,-0.00908554260258555,0.00705002237720459,-0.00599378452909346
-0.539012718275664,-0.840789517648022,0.0280730113381007,0.34201898266016,-0.00880007319229869,0.00535872915978849,-0.00636221189500197
-0.516533226251101,-0.821884851494071,0.0282435218732265,0.318876382661872,-0.00853512520525838,0.00361198061328368,-0.00659712703626603
-0.492536027043708,-0.798790088315309,0.028090772341833,0.294388765421328,-0.00828572087280227,0.00183750233852056,-0.00669439552234958
-0.4670057167777,-0.771770140296002,0.0276093350431336,0.268430986914996,-0.008045635717354,6.560108449806e-05,-0.0066531898027027
-0.439925807150657,-0.741129925941377,0.026817338405669,0.240901762090118,-0.00780777248542913,-0.00167365660282807,-0.0064758956422314
-0.411297263179009,-0.70720259714702,0.025753790158177,0.211746108916884,-0.00756490293291916,-0.00335313643375964,-0.00616785895654489
-0.38115948428031,-0.670343551575753,0.0244727107269088,0.180974624412652,-0.00731072338222198,-0.00495086964298062,-0.00573706545768278
-0.349603474559603,-0.630920520165405,0.023034995733866,0.148671790482559,-0.00704093323432189,-0.00645161680169632,-0.00519370305562219
-0.316766735378091,-0.589285616115006,0.0214992011880555,0.114988178418883,-0.00675398616951176,-0.00784751090710344,-0.00454951687954034
-0.282815383992961,-0.545737975681658,0.0199132009139698,0.0801226790874391,-0.00645143497603514,-0.00913765821333603,-0.00381709178467548
-0.247934231714523,-0.500511498254166,0.0183091332006999,0.0443076135581379,-0.0061381614608794,-0.0103271250872351,-0.00300942628996269
-0.212328009722704,-0.453792185791839,0.0167022528589476,0.00779781290487287,-0.00582255541226389,-0.011425902566525,-0.00213985000877867
-0.176215705379569,-0.405729868696117,0.0150923532561448,-0.0291430692974719,-0.0055162900736601,-0.0124477728705067,-0.00122199644517512
-0.139815694894321,-0.35643448662024,0.0134669785281121,-0.0662557159846987,-0.00523359122340958,-0.013408840040193,-0.00026980916583334
-0.103336104201222,-0.305981862182476,0.0118067375490025,-0.103291746200612,-0.00499029337985663,-0.0143261043709754,0.000702219074065374
-0.06697206964517,-0.254434215412993,0.0100922974312625,-0.14001627490711,-0.00480274970511146,-0.0152163412418498,0.00167860773459799
-0.0309039923385566,-0.201864906478396,0.00831202369642177,-0.17621004920151,-0.00468645539981483,-0.0160950909164573,0.00264238834162084
0.00470571170209879,-0.148381861493729,0.00646927056536969,-0.211672041348355,-0.00465431645499831,-0.0169754943695126,0.00357462457699331
0.0397162930205194,-0.0941494176306013,0.0045882302346384,-0.24622242419838,-0.00471464950936824,-0.0178668702420571,0.00445402541130647
0.0740113039413742,-0.0394070694702621,0.00271689280789889,-0.279705879599487,-0.00486915064628793,-0.0187730661143104,0.00525677774748252
0.107498793821658,0.0155195109033446,0.000925435887244887,-0.311994773842186,-0.0051112509681978,-0.019690771965252,0.00595678514520404
0.140107714132528,0.0702220567708185,-0.000701291004761692,-0.342991072338072,-0.00542543908997653,-0.0206081798744642,0.0065265252100885
0.171779436721263,0.124234400862297,-0.00207721997613939,-0.372625345395226,-0.00578814555338841,-0.0215045469017665,0.00693867830199393
0.202454150863058,0.177080242867656,-0.00313223257658816,-0.400851497685693,-0.00617050083031613,-0.0223512505610953,0.00716849328837375
0.23205342102492,0.228337387486817,-0.00382838558117119,-0.427636799371535,-0.00654263597197856,-0.0231146489523346,0.0071965522474478
0.260462069441032,0.277702357019386,-0.00416943583166986,-0.452948450808985,-0.00687839900404133,-0.023760468312722,0.00701130893443924
0.28751400905425,0.32503462526279,-0.00419947941163102,-0.47673950508787,-0.00715886951372008,-0.0242587589408052,0.0066107056355463
0.312986813512807,0.370364071623541,-0.00399059193411185,-0.498937646812201,-0.00737330281351972,-0.0245880934412195,0.00600243783928671
0.336608352523104,0.413856999086404,-0.0036238395869364,-0.519439607598545,-0.00751713435043201,-0.0247379132284017,0.00520292783175727
0.358076512222029,0.455748806858943,-0.00317037981443547,-0.538112622032394,-0.00758794218833756,-0.0247086686545811,0.00423551014064835
0.377090598676788,0.496259551625859,-0.0026785864765043,-0.554803099447784,-0.00758118226191251,-0.0245101960930807,0.00312848671249105
0.39339035985257,0.535512089536819,-0.00217024036976968,-0.56935205299877,-0.00748772538070547,-0.024159200685148,0.00191355508364826
0.406795111514806,0.573474535820128,-0.00164553246682606,-0.581616564216117,-0.00729466772742812,-0.0236766451409968,0.000624803650976891
0.417232091703833,0.609948742467269,-0.00109395129887551,-0.591495822345257,-0.00698961215027092,-0.0230854632759544,-0.000701816181232958
0.424743379695557,0.644617267641324,-0.000506409139093275,-0.598958451083501,-0.00656695594173872,-0.0224086229816289,-0.00202878896497858
0.429467646647486,0.677138778467878,0.000116319730105682,-0.604065475875669,-0.00603354780007119,-0.0216673865202862,-0.00331737908923448
0.431603607057259,0.707256482873116,0.000762092209216272,-0.606981514628835,-0.00541132718185021,-0.0208796747207547,-0.00452825091780623
0.431368033741125,0.734875814249275,0.001412922983065,-0.607966785376817,-0.00473611517232066,-0.0200586005011944,-0.00562254854925801
0.428958382822778,0.760083440069504,0.00205472008052121,-0.607345197178901,-0.0040533179123745,-0.0192113727985743,-0.00656355790759197
0.424523533723196,0.783106439288753,0.00268705598071569,-0.605449724760589,-0.00341192806994308,-0.0183388538998882,-0.00731892990887571
0.418143471323378,0.804231406572032,0.0033291111230818,-0.602555166030106,-0.00285807750570613,-0.0174360648440578,-0.00786318846129573
0.409820580152926,0.823711983660319,0.00401935095850478,-0.598816522020793,-0.0024292077744352,-0.0164937814629394,-0.00817998144761554
0.399486778774767,0.841692528323452,0.00480861901757434,-0.594233367399515,-0.00214987826086802,-0.0155010307610636,-0.00826345116700726
0.387027782964688,0.858167700597629,0.00574866211982473,-0.588653088266874,-0.0020300074668211,-0.0144479218781841,-0.00811831687478657
0.372319491744727,0.87298485604453,0.00687979426590485,-0.581811606441868,-0.00206574654167349,-0.0133280682374419,-0.00775868160325802
0.355266455551813,0.885882408358586,0.00822162629516001,-0.573396983811796,-0.00224244101044165,-0.0121400015068813,-0.00720595588145655
0.335832110336063,0.896547924954713,0.00976941545082444,-0.563115840587439,-0.00253864220143283,-0.0108873528913442,-0.00648644543961654
0.314054557356064,0.90467727950415,0.0114963449040774,-0.550745699613788,-0.00293008159847206,-0.0095779737413192,-0.00562907199388121
0.290047299806906,0.910020106596168,0.0133600030703943,-0.536164507979539,-0.00339282613171898,-0.00822242829441011,-0.00466351091293381
0.263988630334837,0.912404040529481,0.0153102828796264,-0.51935691815459,-0.00390526146197773,-0.00683236411937297,-0.00361885565361272
0.236105059809946,0.911737520295355,0.0172960405385523,-0.500402488547312,-0.00444891542104148,-0.00541918033067243,-0.00252280298997728
0.206653751952881,0.907996627617443,0.0192688122327653,-0.479453372671673,-0.00500835620830153,-0.0039932390211664,-0.00140128913986494
0.175907008273393,0.90120361133369,0.0211831358590836,-0.45670834317658,-0.00557048273578661,-0.00256365916467775,-0.000278466217599425
0.144139705248974,0.891404258096886,0.0229941224911126,-0.432387739067258,-0.00612351436651013,-0.00113856066531609,0.00082311426844112
0.111618819488027,0.878648294356214,0.0246536268681234,-0.406710983023718,-0.00665592990565404,0.00027447759557551,0.00188224846567313
0.0785936183811561,0.862974071429716,0.0261066580781173,-0.379876437708219,-0.00715554268341377,0.00166799547592284,0.00287887196340569
0.0452857472093626,0.844397297121875,0.0272896089606942,-0.352043169096064,-0.00760885323029129,0.00303445349277089,0.00379396781005107
0.0118798268629369,0.822904120673553,0.0281315208421815,-0.323315509530187,-0.00800079960206913,0.00436634462721337,0.00460961899271387
-0.0214834941716744,0.798451611657439,0.028558991530756,-0.293733569562405,-0.00831502396906354,0.0056566007251327,0.00530921288284876
-0.0547098989032884,0.770979812446124,0.0285044499693736,-0.263273712065764,-0.00853475077648544,0.00689921037137007,0.00587780813482421
-0.0877479845423987,0.740437060132711,0.0279164375258681,-0.2318615137598,-0.00864428422374483,0.00808992403072203,0.00630267286679561
-0.120580200100688,0.706813211035859,0.0267694538549998,-0.199395852610941,-0.00863096357568467,0.00922688348955781,0.00657395984359874
-0.15320881735795,0.670167714327874,0.0250703937904412,-0.16577860178301,-0.00848717397983938,0.0103109442759906,0.00668538554323518
-0.185637411218676,0.630639146147513,0.0228590731080967,-0.130943224441143,-0.00821191539854985,0.0113454683681903,0.00663472449419371
-0.217849795967519,0.588435672280096,0.0202022462755599,-0.09487850512022,-0.0078115427500029,0.0123355354410645,0.00642400422567819
-0.249792501247624,0.543819329156413,0.0171828012260472,-0.0576457956681012,-0.00729959920987542,0.0132868514981247,0.00605945267592772
-0.281368191176559,0.497092628815669,0.013886867658389,-0.0193859856737609,-0.00669580497710902,0.0142047444805645,0.0055512654877594
-0.312441305975857,0.448580964444372,0.0103915724433924,0.0196886919458952,-0.00602428306403149,0.0150933724949117,0.00491313001823867
-0.342849204028411,0.398603886089695,0.00675584310726566,0.0593166583306143,-0.00531124318029815,0.0159549951511894,0.00416145332627105
-0.372413447451768,0.347445342529945,0.00301618989216509,0.0992140197480618,-0.00458264074326958,0.0167893113066073,0.00331448506727028
-0.400952074924478,0.295338713846492,-0.000811815120627321,0.139098548141948,-0.00386236436658634,0.0175930894033446,0.00239163263544984
-0.428294092837423,0.242470028897231,-0.00472729132618834,0.178707635417163,-0.00317119773274192,0.0183601947041861,0.00141310509515733
-0.454293265347063,0.188992543126491,-0.00873476987811586,0.217809392712295,-0.00252650497848588,0.0190818667408068,0.000399846457267204
-0.47883700125448,0.135046430693634,-0.0128336279333496,0.25620595324219,-0.00194246598044359,0.019747072962407,-0.000626327649443008
-0.501848177950918,0.0807811997529069,-0.0170078160662576,0.293728634094259,-0.00143064990918782,0.0203429171720222,-0.00164247522295113
-0.523280505487607,0.0263798986844834,-0.0212174953728733,0.33022636501437,-0.0010006830159258,0.0208552520793387,-0.00262426429813603
-0.543108839198912,-0.0279175230994309,-0.0253944077531508,0.365550231869355,-0.000660728245056203,0.0212696891775822,-0.00354585851967628
-0.561315651774456,-0.08179678887221,-0.029442891732225,0.399537719101948,-0.000417489557390285,0.0215731164992717,-0.00438014364796161
-0.577874894072011,-0.134864295259208,-0.0332480325397676,0.432000583311641,-0.000275518142386182,0.02175567357249,-0.00509947842388982
-0.592734997570766,-0.186660666946906,-0.0366910588813918,0.462719954863327,-0.000235773062777764,0.021812859234143,-0.00567707555159067
-0.605804049517173,-0.236695079427166,-0.0396697391453133,0.491451224749621,-0.000293677035768746,0.0217472211417308,-0.00608896039460137
-0.616941657204328,-0.28449579118326,-0.0421188485309194,0.517939260551536,-0.00043723933555985,0.0215689837143936,-0.0063162406713122
-0.625961736445778,-0.329664490843643,-0.0440241815544329,0.541941163915702,-0.000646021655073291,0.0212951357020175,-0.00634722273313866
-0.63264827804309,-0.371917355416216,-0.0454246016693268,0.563250692864055,-0.00089161441091815,0.0209469542586212,-0.00617884791227417
-0.636782171820978,-0.411097823122808,-0.0464005289051995,0.581717133414927,-0.00113982176856172,0.0205465039105394,-0.00581707082803053
-0.63817337961367,-0.447155179785889,-0.0470524216816366,0.597253088051464,-0.00135411801167884,0.0201130288021562,-0.00527612139801078
-0.636691287381811,-0.480094825860025,-0.0474764681839486,0.609829910037949,-0.00149948202914808,0.019660146419099,-0.00457692979822048
-0.632287462297376,-0.509914460685443,-0.0477449987027473,0.61946416325797,-0.00154569288195902,0.019194378605779,-0.00374518368557733
-0.625008180934687,-0.536542161294149,-0.0478963959102763,0.626201451455993,-0.00146956066079056,0.0187150641143087,-0.00280947276834163
-0.614996746876938,-0.559788654490553,-0.0479354609296323,0.630104255861129,-0.00125613519937536,0.0182153341876817,-0.00179982013312665
-0.602486361899444,-0.57932114640205,-0.0478422562737676,0.631248732783226,-0.00089940856696959,0.0176837088158794,-0.000746711695449294
-0.587782690616777,-0.594663454075169,-0.047586180288804,0.629732606892816,-0.000403227409750111,0.0171059268700042,0.000319416539252899
-0.571232485914797,-0.605228212798939,-0.0471420437621962,0.625693042764451,0.000217028587525179,0.0164667416126857,0.00136837771133694
-0.553173186449719,-0.610389762237684,-0.046505274303149,0.619329678307419,0.000932017599631616,0.0157515048424649,0.00237034335045373
-0.533861870914325,-0.609605965586543,-0.0457033173209018,0.610923951384052,0.00169624174427987,0.0149474202871446,0.00329615553059283
-0.513392942465286,-0.602586104524924,-0.044799806956032,0.600842249519206,0.00244816790571429,0.0140444178771162,0.00411816435081605
-0.491630505128924,-0.589475320063408,-0.0438881732860361,0.589510354275744,0.00311518841512498,0.0130357388011573,0.00481180992690041
-0.468192825868213,-0.570991702520847,-0.0430736466459368,0.577354441631756,0.00362467664647839,0.0119184811806754,0.00535783573151784
-0.442516428121741,-0.548436890743064,-0.0424476270052752,0.564720417892033,0.00391911697943398,0.010694363379291,0.00574451725736641
-0.41399105842095,-0.523535152722387,-0.0420636264739959,0.551800490803609,0.00396974563881697,0.00937067462712764,0.00596894906467744
-0.382114892349501,-0.498135943469195,-0.0419248953693649,0.538599007517199,0.00378245738368845,0.00796094386635341,0.00603665787336782
-0.346606579720726,-0.473888604377563,-0.0419883625336022,0.524952240513876,0.00339331866078372,0.00648467747913579,0.00595959690945956
-0.307438835443037,-0.45200706041497,-0.0421812816886518,0.510590225602828,0.00285642136362981,0.0049658348392501,0.00575336270587198
-0.264802383586565,-0.433183811064775,-0.0424220308790967,0.495212500658897,0.0022299281743047,0.00343030496398937,0.00543467357705313
-0.219035624877382,-0.417637068757681,-0.0426373189322584,0.478551890372186,0.0015653657560431,0.00190306833617198,0.00501973574467642
-0.170554185195907,-0.405231962051209,-0.0427722036770921,0.460413738468861,0.00090220846386525,0.000405748638451231,0.00452354435300339
-0.119798405354077,-0.395616322385456,-0.0427932094727979,0.440690662358163,0.000267099432799317,-0.00104500893308458,0.00395981919956241
-0.0672016289212268,-0.388334155945445,-0.0426867251042186,0.419359341098357,-0.000324130470794657,-0.00243822309797969,0.00334122967867177
-0.0131745353275952,-0.382903998597086,-0.0424550572721046,0.39646702465186,-0.000863406737242629,-0.00376845086513594,0.0026796827945468
0.0419006833867341,-0.378864683702613,-0.0421119170180969,0.372113989434997,-0.00134746754748093,-0.00503508777707952,0.00198658217063816
0.0976712782303088,-0.375797360384593,-0.0416784005070364,0.346436118268159,-0.00177557061880538,-0.00624134810978849,0.00127304712646966
0.153813505821154,-0.373333152604793,-0.0411799440198782,0.319589826736576,-0.00214798106415043,-0.00739314117501914,0.000550105424343139
0.210033108211692,-0.371153631291951,-0.0406442963587431,0.291739729467515,-0.0024651617730639,-0.00849799191547509,-0.000171135248931918
0.266067872605003,-0.368988610516391,-0.0401002773603472,0.263048350199198,-0.00272750869201144,-0.00956407779647673,-0.000879345659494008
0.321692012358307,-0.366613300769283,-0.0395769239578019,0.233666675861087,-0.00293545876545853,-0.0105993821882405,-0.00156287887553021
0.376720552277501,-0.363845335931947,-0.0391026040599281,0.203724872222672,-0.00308981101845259,-0.0116109172693879,-0.00220973169166755
0.431010865601072,-0.360541661177511,-0.0387037893381112,0.173323669221149,-0.00319212474186244,-0.0126039621439801,-0.00280757042402855
0.484458864781424,-0.356595678127103,-0.0384034086000508,0.142528294421844,-0.00324508844832151,-0.0135813057772428,-0.00334383142402019
0.536989406301151,-0.351935771171695,-0.0382189820720294,0.111367512420409,-0.00325278479471475,-0.014542569453611,-0.00380592342209722
0.588543438508406,-0.34652652226623,-0.0381609629479774,0.0798396775753245,-0.00322080336000597,-0.0154837735185369,-0.00418157780211017
0.63906561216329,-0.340372316377493,-0.0382317233278278,0.0479255576526623,-0.0031561651628332,-0.0163973281694536,-0.00445938343763366
0.688494113915499,-0.333520484018305,-0.0384254373687221,0.0156054385160108,-0.00306703213224103,-0.0172725349373163,-0.00462948652727092
0.736750232308624,-0.326059335233834,-0.0387288220223116,-0.0171229953114642,-0.00296220205260274,-0.0180965081893284,-0.0046843504808987
0.78372374078576,-0.318108098957634,-0.0391225428761398,-0.0502287313276451,-0.00285045360555439,-0.0188553031428345,-0.00461942250933104
0.829255886034314,-0.30980100361421,-0.0395831955834518,-0.08363505925083,-0.00273988453842101,-0.0195350920206188,-0.00443359586317455
0.873129745184113,-0.301272058178372,-0.0400858538345791,-0.117212649499657,-0.00263741046982208,-0.0201233673689657,-0.00412944678499587
0.915078865944013,-0.292646767896004,-0.0406069705932356,-0.150780790387752,-0.0025485251460979,-0.020610180478343,-0.00371327695203422
0.954813642052637,-0.284041847337327,-0.0411268989668456,-0.184118178590048,-0.00247729296060229,-0.0209892260107728,-0.00319496705195491
0.992050059604503,-0.27556923000919,-0.041630992173319,-0.216980380161809,-0.0024264379709944,-0.021258381385979,-0.00258762448614582
1.02652286115752,-0.267340800102613,-0.04210866831521,-0.249117338409008,-0.00239737240072192,-0.0214194175108764,-0.00190706490724346
1.05798035009718,-0.25947456621603,-0.0425509094099969,-0.280285592673572,-0.00239006686069936,-0.0214770522232213,-0.00117125979282841
1.08617419673399,-0.252105314004637,-0.042947498730051,-0.310255081061503,-0.00240274689436011,-0.0214378725374842,-0.000399878009148681
1.11085691425618,-0.245399903303707,-0.043285222587415,-0.338813652385641,-0.0024314738506139,-0.0213095446343728,0.000386069977163339
1.13178367624016,-0.239572025754863,-0.0435475076518363,-0.365770364013927,-0.00246974276417497,-0.0211002951034231,0.00116458840464064
1.14870444429551,-0.234888821073668,-0.0437154019748493,-0.390955230994473,-0.00250832539830528,-0.0208183776478468,0.00191315782682566
1.16134243352424,-0.231664265032866,-0.0437699345778007,-0.414214663067507,-0.00253568229239227,-0.0204714147112943,0.00260934397720975
1.16937246133019,-0.230237572859753,-0.0436960927416319,-0.43540691894075,-0.00253927841673998,-0.020065794245426,0.00323156719138367
1.17241802202936,-0.230935848642731,-0.0434882443760934,-0.454404094611198,-0.00250797082074778,-0.0196063368228594,0.00376003890631175
1.1700744349567,-0.234019819960591,-0.0431558196840287,-0.471102941550836,-0.00243525159360071,-0.0190962097043839,0.00417780850494274
1.16195153139577,-0.239613603805781,-0.0427272304935306,-0.485440106281856,-0.00232259364732839,-0.0185368639623645,0.00447174588272793
1.14772600264428,-0.247626333025351,-0.0422500443290605,-0.497404154441144,-0.00218166058202304,-0.0179278316340838,0.00463321922952847
1.12719802607332,-0.257683556435205,-0.0417863806796378,-0.50703851075535,-0.00203400998831577,-0.0172664683024831,0.00465829945009463
1.1003472577516,-0.269094485167038,-0.0414039187260895,-0.514433258244113,-0.00190744062304062,-0.0165479307944443,0.00454749938723448
1.06737506783375,-0.280880320623522,-0.0411643611193715,-0.519706879278567,-0.00182937423947858,-0.0157656821844777,0.00430522203837735
1.02871277501014,-0.291873966016673,-0.0411123642952212,-0.522981868800665,-0.00181919585571292,-0.0149126279397393,0.0039391537445376
0.984981548312788,-0.300874812162458,-0.0412682983137064,-0.524361016138724,-0.00188239526274678,-0.0139827016416626,0.00345977388926624
0.936909355018783,-0.306817028660736,-0.0416272087953857,-0.523912270270247,-0.00200885347719557,-0.0129724769454844,0.00288001382457707
0.885230764516685,-0.30890225591835,-0.0421641484051895,-0.521667304991435,-0.00217579794552992,-0.0118823214164945,0.00221497577584034
0.830601871100232,-0.306663672153605,-0.0428437015854021,-0.517633047209264,-0.00235392343618747,-0.0107167780012555,0.00148159066364524
0.773551960589241,-0.29995750168651,-0.0436303256554953,-0.511810254133324,-0.00251417850806074,-0.00948416405668962,0.000698155102743589
0.714475245463793,-0.288902400033694,-0.0444965209461475,-0.504211761682928,-0.00263310711970916,-0.00819563719544329,-0.000116219621119113
0.65365217690726,-0.27379630885168,-0.0454272464068862,-0.494875347209167,-0.00269580497601799,-0.00686407380284262,-0.000942157147901108
0.591285174874877,-0.255035552147708,-0.0464204460013887,-0.483869619609308,-0.00269664375747119,-0.00550303675951046,-0.00176047971817987
0.527536319672346,-0.233050140654113,-0.0474844756015115,-0.471293999113353,-0.00263847300461075,-0.0041259655402297,-0.00255254686496271
0.462559506506204,-0.20825926887706,-0.0486335428327608,-0.457274700460058,-0.00253105005201848,-0.00274558876292296,-0.00330048228451662
0.396523632143638,-0.181044874102888,-0.0498822320404493,-0.441958206419557,-0.00238922112150846,-0.00137348634419801,-0.00398733592078924
0.329625973328198,-0.151738916942732,-0.0512400609911532,-0.425503132901721,-0.00223111246564356,-1.97234435401755e-05,-0.00459723790322108
0.262096020267881,-0.120620140598441,-0.0527068991682447,-0.408070875618898,-0.0020764051549427,0.00130748424504822,-0.00511559073634553
0.194190915138084,-0.0879172975311413,-0.0542700133691131,-0.389815633949229,-0.00194468891111173,0.00260205856231242,-0.00552932729126468
0.126184287163517,-0.0538169960798215,-0.0559033784362406,-0.370874793532109,-0.00185389411800632,0.00386024134635976,-0.00582724081368252
0.0583509387615972,-0.0184749742762521,-0.0575696185777897,-0.351361035296916,-0.00181885069367338,0.00508059593002896,-0.00600037245347041
-0.00904958833867116,0.0179703456120337,-0.0592245036306912,-0.331357748252515,-0.00185008265253947,0.00626377082058072,-0.00604242356032311
-0.0757874828025615,0.0553836349084007,-0.0608233241416676,-0.310918853006952,-0.00195298512762876,0.00741201583398114,-0.00595013992787094
-0.141672440028514,0.0936198195222085,-0.0623279249662468,-0.290073447285553,-0.00212752594760459,0.00852850250939504,-0.00572360250880021
-0.206557030965939,0.132514749163696,-0.0637128739987025,-0.268834663241806,-0.00236855464781728,0.00961655440329411,-0.00536635857128546
-0.270333383049776,0.171880924428233,-0.0649693655330677,-0.247211146592745,-0.00266669741936955,0.0106789165953996,-0.00488534697084576
-0.332924388266735,0.21150870075446,-0.0661060282093199,-0.225218938623677,-0.00300969673969744,0.0117171754574994,-0.00429061144984363
-0.394271796973839,0.251172132156356,-0.0671466425320171,-0.202891454594014,-0.00338396017529208,0.0127313850584584,-0.00359484559630497
-0.454323888250245,0.290637664885255,-0.068125526461084,-0.180285585842639,-0.00377604565436589,0.0137198825109333,-0.00281285177566783
-0.513025085505853,0.329673698303165,-0.0690818080409275,-0.157482823711301,-0.00417384207886893,0.0146792207732686,-0.00196101482698946
-0.5703091898811,0.3680596067192,-0.0700538303991881,-0.134585221849896,-0.00456728639826483,0.0156041339562424,-0.00105688046513771
-0.626097173739972,0.405593837540644,-0.0710746146866905,-0.111706732385763,-0.00494855990798029,0.016487482420063,-0.000118893583312914
-0.680299990557433,0.442101733879465,-0.0721688486155241,-0.0889608970543928,-0.00531180030270035,0.0173201919216408,0.000833695638552017
-0.732825805545223,0.477443824675646,-0.0733513736508218,-0.066445976052021,-0.00565243254159873,0.0180912581753214,0.00178079974019991
-0.783589348087182,0.511524266814721,-0.0746267854231505,-0.0442288844483013,-0.00596626494892229,0.0187879184603373,0.00270141424759804
-0.832519323618637,0.544297379517891,-0.0759896396791062,-0.0223301006245728,-0.0062485325456173,0.0193960948062521,0.00357358611731305
-0.879560061220199,0.575769371726047,-0.0774249842196717,-0.000712959505278367,-0.00649311592250594,0.0199012191215856,0.00437453554727276
-0.924665874439635,0.605992825763967,-0.07890933587533,0.0207184013193181,-0.00669220381911388,0.0202895314441597,0.00508104854347032
-0.967790303418622,0.635053268883927,-0.0804125782542279,0.0421085305796298,-0.00683665789415436,0.0205498622494113,0.00567026126862722
-1.00887297658594,0.663047801012615,-0.0819010778707698,0.0636258485997518,-0.00691720143909158,0.020675677120629,0.00612090152070013
-1.04782622944479,0.690056906432254,-0.0833418105812583,0.0854255312339428,-0.00692629272131183,0.0206668987566583,0.00641491575287987
-1.08452311428358,0.716112950836033,-0.0847066747158326,0.107606802448784,-0.0068602278334966,0.0205308784208895,0.00653922545200482
-1.1187903328702,0.741172956025149,-0.0859759028776376,0.130175391515889,-0.00672080778508579,0.020282036818296,0.00648722346770707
-1.15041079061498,0.765105367841631,-0.0871396331478948,0.153022817665278,-0.00651593864467976,0.0199400912614353,0.0062596228090796
-1.17913824399753,0.787697679368492,-0.0881972002232113,0.175930129246303,-0.00625884949729371,0.0195272524982613,0.00586443177064319
-1.20472077373562,0.808684073918506,-0.089154318623936,0.198595638477369,-0.00596608197519045,0.0190650765718099,0.00531608478086291
-1.22692452401527,0.827784137746109,-0.0900188443544191,0.220677858026132,-0.00565480345356206,0.0185716761336499,0.00463399328516675
-1.24554853894212,0.844740211649143,-0.0907960920535201,0.241840528142071,-0.00534014851667377,0.0180597804647112,0.00384089774058496
-1.26042664267389,0.859343974265779,-0.0914847504013435,0.261788105941224,-0.00503317870074955,0.0175358391660934,0.00296137351345844
-1.27141930411587,0.871449356794316,-0.0920742762096834,0.28028561040044,-0.00473977671041113,0.0170001176018035,0.00202070787177201
-1.27840111845919,0.880973265507874,-0.0925441941054149,0.29716246776155,-0.00446049855439547,0.0164475665580434,0.00104419155881958
-1.28124791562036,0.887886482828014,-0.092865222095208,0.312303563741413,-0.00419120432761772,0.0158691894875196,5.67367807321523e-05
-1.27982383423807,0.892195556953423,-0.0930017504164456,0.325631703777072,-0.00392420200771526,0.0152536519016218,-0.000917320695165127
-1.27397022938101,0.893917784244589,-0.0929153093790503,0.337086230348723,-0.00364965378224994,0.0145889915537098,-0.00185436241246925
-1.26350147950906,0.89305385217777,-0.0925688821086113,0.34660298853837,-0.00335704550054351,0.0138643800493307,-0.00273166970050515
-1.2482140836339,0.889564440424589,-0.0919319418974183,0.354100834172188,-0.00303656762371729,0.0130718948175015,-0.00352772697186963
-1.22790979690405,0.883354559034499,-0.0909855815315813,0.359478011102701,-0.00268028286397218,0.0122081461477601,-0.00422269774358691
-1.20242867919845,0.874267580974801,-0.0897267052302311,0.362619501365737,-0.0022829918642483,0.0112755027856397,-0.004799074218554
-1.17168613879537,0.862090733468201,-0.0881702628248532,0.36341442369977,-0.00184275810703402,0.0102826338050845,-0.00524244504098354
-1.13570910281981,0.846574341253968,-0.086348978267105,0.361780844877509,-0.00136110430277302,0.00924415990878455,-0.0055422862165369
-1.09466506135215,0.827464041173646,-0.0843105207005712,0.35769288943836,-0.000842920743941873,0.00817934040030215,-0.00569264983994855
-1.0488756852839,0.80453978228678,-0.0821125157890663,0.351202871006729,-0.000296134243307419,0.00710991346195587,-0.00569260461955586
-0.99880848320255,0.777652006434971,-0.0798162661252399,0.342451434355279,0.000268812916657822,0.00605743227095342,-0.00554629770964755
-0.945046913547224,0.74674694643669,-0.0774804697406666,0.331662319470794,0.000839625705918693,0.00504061213477566,-0.00526258074125053
-0.888246423443874,0.711877389252782,-0.0751562447705976,0.319123397143745,0.0014029160913467,0.00407321381729236,-0.00485424672353749
-0.829086084932754,0.67319895256865,-0.0728842309750445,0.305159270104956,0.00194501272077505,0.00316281349920506,-0.00433700596966017
-0.768224250845267,0.630954748210435,-0.0706938347099763,0.290102158500567,0.00245275998983849,0.00231054793153251,-0.00372836823616665
-0.706263345289572,0.585452620066202,-0.0686041122189801,0.274266873036542,0.00291423174050269,0.00151168478222467,-0.00304659092413456
-0.64372650653208,0.537040073965178,-0.0666256185373459,0.257933726482748,0.00331928994681088,0.00075673611483986,-0.00230981925724872
-0.581046542527665,0.486081511134891,-0.0647626263992188,0.241340754274132,0.00365994859569395,3.28134262092588e-05,-0.00153549056318225
-0.518565749726778,0.432940766690602,-0.0630152976525068,0.224684400080817,0.0039305448898352,-0.000675013163076454,-0.000740016407976904
-0.45654366988769,0.377969829009512,-0.0613815350370267,0.208126280269104,0.00412775382553555,-0.00138248790949232,6.12925019772957e-05
-0.395169734315435,0.321503355922371,-0.0598583817644845,0.191803171609499,0.0042505009318051,-0.00210511261833767,0.000854120959189189
-0.334578438138126,0.263858203288527,-0.0584429502824808,0.175837653327523,0.00429983127453711,-0.00285723029077221,0.00162493497123953
-0.274865215470017,0.205336934764922,-0.0571328987442914,0.160347298489183,0.00427877960230775,-0.00365119098900987,0.00236072916167037
-0.216101888610857,0.146234412803131,-0.05592653332638,0.145450983633487,0.00419226678874518,-0.00449654935022115,0.00304880043631376
-0.158350484367432,0.0868461119821107,-0.0548226040756382,0.131271293124901,0.00404701787527757,-0.00539927770174114,0.00367660535869478
-0.10167409763524,0.0274762901047222,-0.0538198567332402,0.117932431041659,0.00385146638014671,-0.00636102842541085,0.00423174747168941
-0.0461435607895114,-0.0315562022704644,-0.0529164163346529,0.10555363670556,0.00361558713067079,-0.00737853230019725,0.00470212427218165
0.00816088767254618,-0.0899166661741731,-0.052109121884027,0.0942389131222255,0.00335059623729591,-0.0084432633171103,0.00507624203873416
0.061153054518452,-0.147259536023847,-0.0513929544917426,0.0840647550499028,0.00306847648528526,-0.00954151578245538,0.00534367914933612
0.112748511034741,-0.203240133571719,-0.050760729359963,0.0750684011814801,0.00278133423793754,-0.010655015866224,0.0054956511123557
0.162874865341907,-0.25753216641944,-0.0502031732885037,0.0672394665521787,0.00250065606034288,-0.0117621141061296,0.00552560493283251
0.211482300323553,-0.309848333498872,-0.0497094382216953,0.0605174808404502,0.00223659334125785,-0.0128394939515994,0.00542975839980296
0.258551928615407,-0.359960037553068,-0.049267931936376,0.0547966176686876,0.00199742897439276,-0.0138641949929522,0.00520749834152442
0.304099829065456,-0.407711788899564,-0.0488672501814463,0.0499372230264316,0.00178935969189601,-0.0148156496298295,0.00486157607852445
0.348175358481675,-0.453026605975947,-0.0484969416331016,0.0457819999938501,0.00161665347553739,-0.0156773976776215,0.00439807801129801
0.390853672666309,-0.495901021037605,-0.0481479468198778,0.0421735839388871,0.00148213865388065,-0.0164382182197487,0.00382620370017955
0.432223898311525,-0.536391258883246,-0.0478127088954374,0.0389699729312463,0.00138788068193614,-0.0170925656232174,0.00315792559760059
0.472375444605035,-0.574594529882986,-0.0474850876186277,0.0360548735219203,0.00133583991895075,-0.0176403576428358,0.00240761796421199
0.511384618890013,-0.610629608608143,-0.0471602117578858,0.0333411421819767,0.00132829684829483,-0.0180862582591327,0.00159172187770434
0.549302380194507,-0.644619293099066,-0.0468343434577274,0.0307668375273664,0.0013678798614338,-0.0184386170208895,0.000728479982772791
0.586143304858496,-0.676675904269422,-0.046504820071346,0.0282847167723087,0.00145711807918858,-0.0187082177563229,-0.000162252824263184
0.621875834888617,-0.706889961126553,-0.0461701249344946,0.0258470997644667,0.0015975438331957,-0.0189069560084361,-0.00105914452716822
0.656414857020921,-0.735322048481154,-0.0458301289734107,0.0233889136623723,0.00178847338326304,-0.0190465330142285,-0.00193951954647496
0.689618450693377,-0.761997640928456,-0.0454864658218883,0.020812420644164,0.00202569192453543,-0.019137215230886,-0.00277957708147076
0.721290948263132,-0.786904426458602,-0.0451429032379678,0.0179775795072993,0.0023003519054637,-0.0191866928980706,-0.00355480277285159
0.751194320099041,-0.809992003484915,-0.0448055180883472,0.0147019050686119,0.00259844066215969,-0.0191991077308658,-0.00424067862978335
0.779068715600105,-0.83117434573211,-0.0444824875787198,0.0107724982332564,0.00290114282125422,-0.0191743810295118,-0.00481375491230225
0.804661162458038,-0.850336052221463,-0.0441833905831417,0.00597037021014979,0.00318627762104477,-0.0191080626221467,-0.00525305657885762
0.827758034541662,-0.867342963975828,-0.0439180677283918,0.000103207987139677,0.00343070800332274,-0.0189918805463892,-0.0055416743235393
0.848214271339945,-0.882056321073676,-0.0436952423741115,-0.00696102253800984,0.00361327773218127,-0.0188150635831359,-0.00566826316449215
0.865971520108279,-0.894347974001709,-0.043521243239818,-0.0152691043645601,0.00371756630326943,-0.0185662696550439,-0.005628116908497
0.88105970135716,-0.904112963310606,-0.043399178547158,-0.0247739493688921,0.00373372713806574,-0.0182357139009782,-0.00542355016345873
0.893581567251289,-0.911276182924782,-0.0433287852753958,-0.0353449477023594,0.00365895087487864,-0.0178169763216857,-0.00506349804620239
0.903685461859686,-0.915791835660495,-0.0433069635881536,-0.0467936835044711,0.00349656292732408,-0.0173080573526538,-0.00456246190854924
0.911534670531533,-0.917636719917245,-0.0433288014955946,-0.0589070064055441,0.0032541922304221,-0.0167115141597902,-0.00393908579075165
0.917281703241148,-0.916799852748649,-0.0433887716352523,-0.0714785418595352,0.00294166208844932,-0.0160337670637326,-0.00321468179869915
0.921052896302734,-0.913271539750653,-0.0434818255300642,-0.0843319695657245,0.00256918611532618,-0.0152839060780321,-0.00241195312142196
0.922944938500336,-0.90703425377841,-0.043604206420992,-0.0973330579688403,0.00214622385421993,-0.014472353476752,-0.00155403982903694
0.923031884757063,-0.898057006668216,-0.0437539433684009,-0.110390789055134,0.00168108173723683,-0.0136096826549552,-0.000663900712568302
0.921379184882445,-0.8862940572325,-0.0439310741278799,-0.123449985474514,0.001181141099932,-0.0127057598470834,0.000236030858407446
0.918060782071563,-0.871688699806648,-0.0441376889377264,-0.136478667068721,0.000653487744352211,-0.0117692491962858,0.00112401220895833
0.913175169553837,-0.854182504614585,-0.0443778575979732,-0.149453279026779,0.000105688782662276,-0.0108074231289447,0.00197907842410224
0.906856764832032,-0.833730071929234,-0.0446574517540703,-0.162344490082969,-0.000453516832629252,-0.00982617271632854,0.00278114002640135
0.899279448653546,-0.810318329210662,-0.0449838063678811,-0.175105710933261,-0.00101380267091525,-0.00883010490823118,0.00351115914284178
0.890650208726872,-0.783988065437737,-0.0453651302722588,-0.187665968881839,-0.00156324217324639,-0.00782264159393153,0.00415144413745816
0.881192430001514,-0.754853830903672,-0.0458095879645784,-0.199928194238032,-0.00208875190410579,-0.00680608130614228,0.00468606934219987
0.871120654257818,-0.723117362084407,-0.0463240538985565,-0.211773244565237,-0.00257695413337997,-0.00578163448844386,0.005101390994264
0.860611130095539,-0.689069972497006,-0.046912670067031,-0.223069074575346,-0.00301532822995907,-0.00474947997266088,0.00538659911623909
0.849774318109522,-0.653081184547711,-0.0475754697481493,-0.233683441022891,-0.00339344269400558,-0.00370889986107689,0.00553422490431929
0.838635899432958,-0.615574044428535,-0.048307407198035,-0.243497672257841,-0.0037040240651618,-0.00265852946444955,0.00554052005941735
0.827131175610097,-0.576991018960395,-0.0490980993738476,-0.252418614084429,-0.00394364314839931,-0.00159671664296443,0.00540563931919463
0.815114731419163,-0.537757153198422,-0.0499324546501501,-0.260386226226519,-0.0041128839740425,-0.000521942235053334,0.00513358987242407
0.802383325024515,-0.498247801956515,-0.0507921477859629,-0.267375326331515,-0.00421598196724665,0.000566773151032792,0.00473195131634725
0.788706862133448,-0.458766803098687,-0.0516576945323784,-0.273391479668922,-0.00426003904318551,0.00166954619798323,0.0042114104011801
0.773860779043097,-0.419537894659279,-0.0525107412240367,-0.278462481229575,-0.00425400788417685,0.0027854303187107,0.00358518500268367
0.757653550926246,-0.380708739326839,-0.0533361519514517,-0.282627820456039,-0.00420766516764144,0.00391233179794255,0.00286842467603559
0.739944929754301,-0.34236428570684,-0.0541235383725672,-0.285928718695427,-0.00413076546916121,0.00504700032013321,0.00207766869592656
0.720653081420997,-0.304545026513878,-0.0548679946816861,-0.288400859451864,-0.00403250280939186,0.00618503823786012,0.00123042033179359
0.699751065229391,-0.267265910634324,-0.0555699155391257,-0.290071023842544,-0.00392132892114638,0.00732088744124627,0.000344864788901187
0.677254725099447,-0.230532811352217,-0.0562338671137796,-0.290957874635434,-0.00380510634531227,0.00844778896815227,-0.000560273779060088
0.653204861742104,-0.194354853925583,-0.0568665441832372,-0.291076301076193,-0.00369151855415851,0.00955775511227531,-0.00146576874424903
0.627646733429354,-0.158752078190552,-0.0574739039209124,-0.290444120790472,-0.00358861773774971,0.0106416307450748,-0.00235187494193478
0.600609961056482,-0.123758691094431,-0.0580576707561106,-0.2890895762012,-0.00350536040934101,0.0116893372998856,-0.00319832858487591
0.572091818274709,-0.0894224844503282,-0.0586115727243154,-0.287057830697993,-0.00345195904069136,0.0126903771403616,-0.00398443987116242
0.542047085715606,-0.055801136167942,-0.0591179317712486,-0.28441473197187,-0.00343987375084195,0.0136346283068819,-0.00468935654343501
0.510387350739357,-0.0229561022252499,-0.0595454838568272,-0.281246289979565,-0.00348129395624103,0.0145133761675917,-0.00529256730958459
0.476992070111728,0.009055017839251,-0.0598494780541047,-0.277653020693291,-0.00358803982590857,0.0153204345727577,-0.00577468914194901
0.441731644185965,0.0401865190071381,-0.05997493740824,-0.273739224760967,-0.00376995310710448,0.0160531187260417,-0.00611853101188261
0.404499862499658,0.0704115169739943,-0.059863374372854,-0.269598687404007,-0.00403303465356642,0.0167127969405208,-0.00631034992460633
0.365249474543518,0.0997260506770898,-0.0594621998249154,-0.26529962618571,-0.00437776065410812,0.0173047930706154,-0.0063411232190041
0.324022016165622,0.128148900418587,-0.0587348746848917,-0.260872542092231,-0.00479808259918104,0.0178375500836405,-0.00620758888299137
0.280963198945838,0.155716569969743,-0.0576691098779731,-0.256304443920725,-0.00528151087530208,0.018321169361975,-0.00591280115502538
0.236318703185625,0.182474250853592,-0.05628062766748,-0.251541327367381,-0.00581039368808544,0.0187656253785257,-0.00546603808523772
0.190411261857759,0.208464833773146,-0.0546112760142071,-0.246498329883942,-0.00636413657347848,0.0191790431356939,-0.00488206501960851
0.14360569017835,0.233718474979186,-0.0527220875893114,-0.241074550787455,-0.00692182544024556,0.0195663699824158,-0.00417993262291719
0.0962715142786831,0.25824469985785,-0.050683366058921,-0.235168312349144,-0.00746464439270326,0.0199286182754865,-0.00338159403160381
0.0487518503289475,0.282027777323808,-0.0485643844544523,-0.228688870384083,-0.00797762054021259,0.0202626714834557,-0.00251061882716533
0.00134362178126499,0.305025117440421,-0.0464248466046728,-0.221562295419518,-0.00845049253667544,0.0205615434922883,-0.0015911903030728
-0.0457103001280014,0.327167797026449,-0.0443092212522511,-0.213731027353111,-0.00887774670510611,0.0208149440966018,-0.000647440880052625
-0.0922196015920069,0.348362250627865,-0.0422440604029211,-0.205148102811085,-0.00925802073617297,0.0210100343718911,0.000296928253617079
-0.13803932234944,0.368492266888942,-0.040237786006681,-0.195767858622386,-0.00959312380388152,0.0211322972108512,0.00121885655389744
-0.183059634426443,0.387420180241251,-0.0382822176807914,-0.185535079840836,-0.00988689094401851,0.0211664545573087,0.00209608141271282
-0.227193847194429,0.404988046103901,-0.0363554890837866,-0.174375866150572,-0.0101440893748559,0.0210974787498105,0.00290733185427593
-0.270366613621644,0.421023248951655,-0.0344265010737115,-0.16219481686665,-0.0103696278320597,0.0209118996450284,0.0036326415861631
-0.31250650006215,0.435354375166451,-0.0324610606548754,-0.148882121855824,-0.0105682820150354,0.0205995679759403,0.00425388048197513
-0.353543276369699,0.4478331606991,-0.0304287409103299,-0.13432803316764,-0.0107448400566614,0.0201554247466028,0.00475550836677301
-0.393405090250797,0.458352609863889,-0.0283090371377539,-0.118440040311825,-0.0109043882133858,0.0195805936712668,0.00512539640659881
-0.432013806838928,0.466858046878588,-0.0260959404047574,-0.101160402889931,-0.0110525927948,0.0188825770336358,0.00535553674255175
-0.469283900143232,0.473355135618029,-0.0238004148877838,-0.0824822409531556,-0.0111959679339837,0.0180747439077869,0.00544254782200211
-0.505126490986436,0.477912345241373,-0.0214499140040885,-0.0624590179428996,-0.0113419605144667,0.0171750764094307,0.00538785720952133
-0.539454689629501,0.480652444876151,-0.0190845630182759,-0.0412032236015323,-0.0114986639328254,0.0162041677651428,0.00519744810339385
-0.572187260505294,0.481733345649307,-0.0167507909195581,-0.0188746634725979,-0.0116741701993033,0.0151828137604381,0.00488118522660868
-0.603250744075435,0.481324215404055,-0.0144939795845024,0.00433763616939581,-0.0118757470662749,0.0141297306988207,0.00445187328733936
-0.632581783538442,0.479584029096597,-0.0123517605472589,0.0282348247174185,-0.0121090745646945,0.0130598428405907,0.00392425361776181
-0.660129999020689,0.476646621887901,-0.0103490920919259,0.0526247178898508,-0.012377696221232,0.01198331797674,0.00331410204638848
-0.685861067957526,0.472613619447156,-0.00849563243778805,0.0773327148443345,-0.0126827537018352,0.01090532700581,0.00263752628652004
-0.709758908506846,0.467554234134125,-0.00678537616977195,0.10220615728295,-0.0130229886322696,0.00982637307662697,0.00191049488634696
-0.731826606422822,0.461510437298833,-0.00519820881341739,0.127112532449875,-0.0133949610707364,0.00874301509452551,0.00114858973675815
-0.752086129962491,0.454505909570313,-0.00370292571087323,0.151932886941487,-0.0137934197422182,0.00764883032676611,0.000366947056191784
-0.770576833474668,0.44655727119584,-0.00226130375282538,0.176552268194772,-0.0142117604224881,0.00653550191513631,-0.000419663155043185
-0.787352650937397,0.437686388527948,-0.000832933919492316,0.200849197099633,-0.0146425239967098,0.00539396543003671,-0.00119667528274183
-0.802477793983438,0.427932797239448,0.000619447438245922,0.224686028780538,-0.0150779018163777,0.00421557981793723,-0.00194954055106097
-0.81602021209697,0.417364978624231,0.00212438560878016,0.247902049520186,-0.0155102206138516,0.00299329962600689,-0.00266357098844007
-0.828042679438179,0.406089316348826,0.00369633983079519,0.270310963474262,-0.0159323901389258,0.00172281545013337,-0.00332386790778827
-0.838591799718846,0.394255265559951,0.00533119768040092,0.291704162463189,-0.0163382941200628,0.000403595137023991,-0.00391538362152141
-0.84768603380926,0.382055182586294,0.00700357378391943,0.311860543878738,-0.0167231009149795,-0.000960288654930347,-0.00442315518647636
-0.8553047552746,0.369717569985142,0.00866685655389675,0.33056255905162,-0.0170834680614618,-0.00235970124798338,-0.00483273080561674
-0.86138093612665,0.357493360265302,0.0102567208120467,0.347616640151928,-0.0174176189829085,-0.00378052983138097,-0.00513078024401858
-0.865799968853898,0.345636310715245,0.011698200061106,0.362874467284804,-0.0177252838929339,-0.00520443976842421,-0.00530584105633531
-0.868406452628343,0.33438046770622,0.0129155014561614,0.376250437457896,-0.0180075276567776,-0.0066103301767105,-0.00534911213550547
-0.869018986287045,0.323919076827546,0.0138428230145211,0.387730667135642,-0.0182665171941019,-0.00797636026693341,-0.00525517598877609
-0.867451071845215,0.314389749399826,0.0144338897086249,0.397370472978295,-0.0185053071807579,-0.00928225762026516,-0.00502252882098628
-0.863534391066062,0.305869490276785,0.014668069917872,0.405280095208964,-0.0187277214954376,-0.0105115166487546,-0.004653828535842
-0.857139889565683,0.298380662067476,0.0145518026620142,0.411601601854166,-0.0189383754939087,-0.0116530998795805,-0.00415583068183076
-0.848192651467358,0.291906002796415,0.0141153550464879,0.416482273061643,-0.0191428270209868,-0.0127023733262466,-0.00353905234370989
-0.836678082674821,0.286408488456063,0.0134061351216662,0.420050415404585,-0.0193477761395014,-0.0136611927404245,-0.00281725894464834
-0.822639158942208,0.28185102374849,0.0124804838933468,0.422398611884909,-0.0195611840926015,-0.0145372402593178,-0.0020068936847613
-0.806166301354489,0.278211541765567,0.0113958991126338,0.423577327376119,-0.0197921574148612,-0.0153428233540639,-0.00112655810958225
-0.787382641337299,0.275490638923875,0.0102051463751517,0.423599561441383,-0.0200504542098938,-0.0160933683156352,-0.000196615944997731
-0.766427712219417,0.273710533668181,0.00895297950129006,0.422455361466807,-0.0203455084876178,-0.016805781674601,0.000761055818013201
-0.743442551273063,0.272905529502611,0.00767549895868006,0.420133792393627,-0.0206849423069251,-0.0174967624408816,0.00172319162164242
-0.718558710555602,0.273105043242844,0.00640166090006674,0.416648941526603,-0.0210726392297339,-0.0181810658149833,0.00266520299863512
-0.691893307750436,0.274311023754035,0.0051561272904512,0.412065559950031,-0.0215066026729807,-0.0188696914194726,0.00356128685008983
-0.663551687858805,0.276472574278072,0.00396246281779766,0.406518791375289,-0.0219770092581771,-0.0195680198948879,0.00438471004327274
-0.633638275141941,0.279462086836235,0.00284560818641668,0.40022157651405,-0.0224650511845009,-0.0202740603039086,0.00510842426866724
-0.602274340461641,0.283058880172305,0.00183264486181679,0.393453692454997,-0.0229432420661601,-0.0209771655596046,0.00570615126352909
-0.569618915274006,0.286947196300929,0.000951236980292859,0.3865293321159,-0.0233777019406582,-0.0216577407071825,0.00615399717025219
-0.535886708715462,0.290733849333508,0.000225863443975675,0.379746192983691,-0.0237324379009748,-0.0222884668277418,0.00643248420061714
-0.501356177185794,0.293985887166097,-0.000327112417584702,0.373326952818508,-0.0239748770479426,-0.0228372674944082,0.0065286605429574
-0.466362866141818,0.296281319036969,-0.000703781401917396,0.367369926086013,-0.0240812115972129,-0.0232716630027669,0.00643777235699134
-0.431277782889021,0.297259902789755,-0.000914698994510639,0.361825359156088,-0.0240399414136665,-0.0235635386898316,0.00616399397942845
-0.396475733560707,0.296660063541914,-0.00098371437495972,0.356505616733349,-0.023852575490072,-0.0236930635835768,0.00571996657161027
-0.362301776388168,0.294333444014564,-0.000944064373972246,0.351125146643662,-0.0235315397777799,-0.0236507646211288,0.00512528462890336
-0.329043651162743,0.290237335831259,-0.000833148348805433,0.345356210662067,-0.0230963309222379,-0.0234374555476065,0.00440438366074684
-0.296914864721638,0.284412449020182,-0.000687563030903221,0.338883673043651,-0.0225693510403823,-0.0230624421670428,0.00358436939161425
-0.266049086295861,0.276956039642294,-0.000539431698750689,0.331446386412861,-0.0219725928221816,-0.0225408266151969,0.002693196489016
-0.236503570431739,0.267998544995592,-0.000414281768940612,0.322860023430434,-0.0213257291854154,-0.0218907275631475,0.00175837655426878
-0.208268245170552,0.257687849634305,-0.000330149052574729,0.313022540066585,-0.0206455744109817,-0.0211309649854007,0.000806196384786713
-0.18127757842078,0.246181478235192,-0.000297391068337482,0.301906951239887,-0.0199465359660757,-0.0202794356551347,-0.000138683640976638
-0.155423427309066,0.233644471825316,-0.000318810947002409,0.289546760599083,-0.0192415705011057,-0.019352154829394,-0.00105341223500139
-0.130568158490809,0.220249701638071,-0.000389958574409053,0.276018427889676,-0.0185432112092345,-0.0183628088171251,-0.0019170527594744
-0.106558021164003,0.206177627523751,-0.000499722809397615,0.261423886576136,-0.0178643579817211,-0.017322639757826,-0.00271071194533403
-0.0832367697056772,0.191613347127168,-0.000631448322597861,0.245874787220764,-0.0172186434070772,-0.0162405115536344,-0.00341774383578034
-0.0604591806075727,0.176740125167457,-0.000764758560943316,0.229479444077831,-0.0166203089312026,-0.0151230699855476,-0.00402403229173498
-0.0381034474454168,0.161729875102226,-0.000878064251034948,0.212333041911426,-0.016083624173087,-0.0139749610726269,-0.00451831166592959
-0.0160809581156494,0.146732213735617,-0.00095146655427216,0.194511560368275,-0.0156219733598686,-0.0127991092042792,-0.00489245507016951
0.0056580878020068,0.131864392915863,-0.000969542986697926,0.176069781514195,-0.0152468021804858,-0.0115970694036906,-0.00514165329966475
0.0271242809785181,0.117204256610958,-0.000923437449983665,0.157043247619302,-0.0149666330497953,-0.0103694436520427,-0.00526442334700162
0.0482938447625219,0.102787844053969,-0.000811805826336539,0.137453699872014,-0.0147863472159023,-0.00911633920254883,-0.00526242764970436
0.06911767592124,0.0886120471120142,-0.000640447619100327,0.117316805515775,-0.0147068526615204,-0.00783781479244136,-0.00514012621823673
0.0895327288683404,0.0746417063055332,-0.000420775324328816,0.0966507453213428,-0.014725176129788,-0.00653426241958258,-0.00490432040733506
0.1094737545105,0.0608197659910309,-0.000167522462252801,0.0754843053717772,-0.0148349453560891,-0.00520668911643183,-0.00456366564295206
0.128883774041517,0.0470785297035948,0.000103798176666006,0.0538631719539785,-0.0150271507455119,-0.00385686853604425,-0.00412821555585722
0.147722528075002,0.0333502082748405,0.000379198997890004,0.0318537709512831,-0.015291079890958,-0.00248736773329186,-0.00360904646380216
0.165971949018359,0.0195747455191296,0.000647921657210527,0.00954379888045436,-0.0156151985948324,-0.00110142591899967,-0.00301794411076614
0.183636165277193,0.00570364982589366,0.000903306536155408,-0.0129603777257133,-0.0159876501142871,0.000297285929323925,-0.00236710587824382
0.200735945795831,-0.00829911078101674,0.00114276666346392,-0.0355368223128669,-0.0163963816904285,0.0017048416912615,-0.0016689221820822
0.217304748473786,-0.0224579866431465,0.00136696530805489,-0.058050299701239,-0.0168295080095579,0.00311705387131954,-0.000935974836436435
0.233386677021254,-0.0367900085350299,0.00157839162860743,-0.0803562445782238,-0.0172757451082638,0.00452944560927606,-0.000181123004240361
0.249031148582348,-0.0513118857163019,0.00177955294654383,-0.102306410752343,-0.0177244715485996,0.00593721773786125,0.000582433469002424
0.2642843249671,-0.066048315002869,0.00197105998257871,-0.123754972868017,-0.0181655193008659,0.00733514871760549,0.00134108468060842
0.27917975526179,-0.0810401497465758,0.00214995221844752,-0.144565431172262,-0.0185889557761345,0.00871746587043947,0.00208073000822833
0.293729240347521,-0.0963514096731555,0.00230860511268465,-0.164618727376038,-0.0189849511684747,0.0100777614987776,0.00278672554336379
0.30791491245342,-0.112073920480396,0.002434537899695,-0.183822521989966,-0.0193437991203257,0.011409022378966,0.00344390629518192
0.32168344220169,-0.128328186338511,0.00251135110858424,-0.202120630590383,-0.0196561167532992,0.0127038064674263,0.00403672514024842
0.334943984780019,-0.145259317297956,0.00252086035850147,-0.219500963509739,-0.0199132558158276,0.0139545749643727,0.00454954467021657
0.34757148293148,-0.163027337941618,0.00244624620186961,-0.235999697492652,-0.0201079171377955,0.0151541461310527,0.00496710670514881
0.359416587693715,-0.181792177354349,0.00227574602400888,-0.25169937920292,-0.0202349171161508,0.0162962004559702,0.00527518550249994
0.370322373269564,-0.201694966353914,0.00200614873149585,-0.266719422273132,-0.0202919995732498,0.0173757397974658,0.0054614009864089
0.380146250202815,-0.222838646170743,0.00164522677812087,-0.281199079619213,-0.0202805313946971,0.0183893947477204,0.00551612724037258
0.388783339977136,-0.245271751367998,0.00121235971733234,-0.295275074869751,-0.0202058803382611,0.0193354857929315,0.00543338456805161
0.396186295331956,-0.268979198845926,0.000737012798158768,-0.309058241359878,-0.0200772959423984,0.0202137940870175,0.00521157393891518
0.402376463638586,-0.293882372342853,0.000255344035188746,-0.322614457972251,-0.0199071825211642,0.0210250538364579,0.00485391363719896
0.407443391046899,-0.319848228706985,-0.000194192059909663,-0.335954634004545,-0.0197097935322575,0.0217702493169238,0.00436848970639174
0.411532811954839,-0.34670404381419,-0.000575067725413619,-0.349036060181126,-0.0194995217300245,0.0224498351684384,0.00376791453950117
0.414826675969689,-0.37425226899138,-0.000855702382073836,-0.361774320596352,-0.0192890917024892,0.023063011556324,0.00306867746390709
0.417520624469754,-0.402279583555565,-0.00101081235349561,-0.374062073473456,-0.0190880212043172,0.0236071603989608,0.00229032565703099
0.419804216111036,-0.43055618063432,-0.00102135515601115,-0.38578952706024,-0.0189017024299753,0.0240775152473647,0.00145461855966112
0.421847307083673,-0.458825073742931,-0.000873917575483332,-0.396861527989689,-0.018731354641823,0.0244671045869297,0.000584759961349346
0.423793543025255,-0.486785728462408,-0.000560585240541847,-0.407207620999589,-0.018574924077643,0.0247669905243793,-0.000295244753723732
0.425759833055286,-0.514079747972445,-8.00487171016593e-05,-0.416783462442785,-0.0184287559240622,0.0249668091284029,-0.00116111376013251
0.427839932429084,-0.540287399322059,0.000559947007490453,-0.425564021647272,-0.018289594308178,0.0250555999538561,-0.00198873713794636
0.43011042256334,-0.56494117020134,0.00133945968296445,-0.433530769038801,-0.0181562716861562,0.0250228914540869,-0.00275461724455881
0.432637903350855,-0.587557354069875,0.00222375080193383,-0.440656059098788,-0.0180304585607405,0.0248599756414977,-0.00343638427289637
0.435486410718357,-0.607680698497177,0.00316265273793045,-0.446888244281505,-0.017916115368991,0.0245612465982664,-0.00401346227780144
0.438723426028111,-0.624932750594157,0.00409301925727789,-0.45214089219131,-0.0178177509062644,0.0241254137221699,-0.00446792977589605
0.442422332633707,-0.639053279155653,0.00494462071856288,-0.456288918951933,-0.0177380642968031,0.0235563359736131,-0.00478553904399414
0.446659439402249,-0.649925722902353,0.00564878907043611,-0.459173395183917,-0.0176758152746376,0.0228632073083856,-0.00495675326369102
0.451505270797731,-0.657581278703635,0.00614805145223532,-0.46061511142503,-0.0176247087255578,0.0220599081602897,-0.0049775753578062
0.457012144392253,-0.662181085115991,0.00640433705040947,-0.460434831573149,-0.0175737133962536,0.0211635341731323,-0.00484993347217699
0.463201771276017,-0.663980858136958,0.0064034895915716,-0.458476095135251,-0.0175087162071746,0.0201923544623073,-0.0045814792733926
0.470056724232898,-0.663286096420219,0.00615484315625172,-0.454625478265433,-0.0174149698622575,0.0191636291807488,-0.00418481393481708
0.477518069412104,-0.660407384820817,0.00568613417737278,-0.448826000891682,-0.017279600185814,0.0180917423265551,-0.00367630868175231
0.485489124013142,-0.655623913774664,0.0050353653178203,-0.441081547974784,-0.0170935382942372,0.0169869748761338,-0.00307476509916114
0.493843524724225,-0.649160100967398,0.00424187915373639,-0.431452903058438,-0.0168525362136679,0.0158550389762465,-0.00240014797347008
0.502434949464196,-0.641176202281219,0.003338719871281,-0.420047876566394,-0.0165572421219696,0.0146973006925892,-0.0016725465911243
0.51110623190524,-0.631770870909563,0.00234763006855965,-0.4070088222998,-0.0162125437645835,0.0135115127824341,-0.000911429418913358
0.519696474526131,-0.620991985552793,0.0012771486654866,-0.392500380152382,-0.0158264829927309,0.0122928545265046,-0.000135183750721687
0.528045710507447,-0.608851811556161,0.000123560537642125,-0.376699189215015,-0.0154090294245147,0.0110351093820703,0.000639110315062299
0.535997456644807,-0.59534328944705,-0.00112597253684193,-0.359786195695602,-0.0149709298186539,0.0097318671627754,0.00139573763771
0.543399859346648,-0.58045517552854,-0.00248892402831731,-0.34194124610595,-0.0145227611192473,0.00837768181742402,0.00212030301459171
0.550106306813476,-0.564184752761952,-0.00398236607084319,-0.32333922220946,-0.0140742432385037,0.00696914130141765,0.00279964023541596
0.555976300772264,-0.546547506855436,-0.00561810554574827,-0.304146891968329,-0.0136338172368456,0.00550580718723667,0.00342172110520023
0.5608770672846,-0.527583452972411,-0.007398615458575,-0.28451979368603,-0.013208462693011,0.00399096588954602,0.00397559834876525
0.564686086206919,-0.507360005325747,-0.00931428529598599,-0.264598849415166,-0.0128037133175264,0.00243211600874608,0.00445140411917882
0.567294309080891,-0.48597133328174,-0.0113423921965861,-0.244506784060208,-0.0124238201413046,0.000841106746925449,0.00484041309349613
0.568609474785895,-0.463534288500018,-0.0134480132896983,-0.224344781511411,-0.0120720052159809,-0.000766145885244875,0.00513516612210522
0.568558755886455,-0.44018123232054,-0.015586866872413,-0.204190099636318,-0.011750745025774,-0.00237040011765026,0.00532963896276391
0.567090024438525,-0.416050747237506,-0.0177097155400227,-0.184095420433387,-0.0114620248519017,-0.00395025784375024,0.00541943109804208
0.564171216460515,-0.391277334230614,-0.0197677311391461,-0.16409060301968,-0.0112075086469915,-0.00548366127138484,0.00540194510839069
0.559787702686691,-0.365981685206884,-0.0217179582480685,-0.144187090712773,-0.0109885855994046,-0.00694954741803033,0.00527652654243703
0.553938024393562,-0.340262987926088,-0.0235279928218647,-0.124384715861094,-0.0108062765011747,-0.00832945219192001,0.00504454002044175
0.546628715027029,-0.314194323400688,-0.0251791504091559,-0.104680090134215,-0.0106610105847538,-0.00960885822406624,0.00470936745322389
0.537869026678085,-0.287821494992759,-0.0266677283199108,-0.0850753391598245,-0.0105523090705645,-0.0107781251943684,0.00427632672639375
0.527666313960759,-0.261164892348931,-0.0280043759391405,-0.0655857987803827,-0.0104784319504651,-0.0118329168219856,0.00375252282018983
0.516022726577135,-0.234223493812703,-0.0292119626050595,-0.0462454680100534,-0.0104360564906801,-0.0127741263481155,0.00314665616649097
0.50293346341851,-0.206979791955253,-0.0303225550350659,-0.0271093657364656,-0.0104200512814057,-0.0136073734979434,0.00246881962517196
0.488387127578662,-0.179404810015105,-0.0313741794483271,-0.00825247274036932,-0.0104234080062992,-0.0143422013788015,0.00173032141055047
0.472368693743115,-0.151462744111749,-0.0324079153101817,0.0102347164739337,-0.0104373792314221,-0.0149911185534747,0.000943565864972991
0.454865743198987,-0.123115276504284,-0.0334656318371161,0.0282538231654459,-0.0104518595219437,-0.0155686208600687,0.000122011419435928
0.43587846046697,-0.0943259109011712,-0.0345883984525029,0.0457091783146106,-0.0104560335930877,-0.0160902907701056,-0.000719796444421198
0.415431285276848,-0.0650641756273676,-0.0358152021806939,0.0625210324490109,-0.0104392493700235,-0.0165719500156327,-0.00156614688280271
0.393583260168357,-0.035309994665686,-0.0371814028497535,0.0786402824946262,-0.0103920350626131,-0.0170287668727839,-0.00240007389372718
0.370434596743565,-0.00505926222353615,-0.0387163646208508,0.0940627600658353,-0.0103071610407852,-0.0174741975306328,-0.00320328850775526
0.346131154907118,0.0256679759459309,-0.0404403164019047,0.108840880572351,-0.0101807218845129,-0.0179188552587492,-0.00395619890934815
0.320865014160506,0.0568176608735047,-0.0423607051312965,0.123089992505056,-0.0100131041693114,-0.0183693750610265,-0.00463812960670824
0.294866419244424,0.088292625284586,-0.0444685548691325,0.136985740080355,-0.00980958092427196,-0.0188273213802474,-0.00522784398210874
0.268383362552192,0.119946870977185,-0.0467356860272189,0.150748659741952,-0.00958023963222327,-0.0192882502530076,-0.00570442204818042
0.241651681318806,0.151585975170377,-0.0491142742414082,0.164615328114253,-0.00933912159465117,-0.0197413079203523,-0.00604850889760558
0.214861269657783,0.182976224866352,-0.0515399656487775,0.178799458703586,-0.00910259740069477,-0.0201697375053864,-0.00624384733493939
0.18812645118414,0.213863107448976,-0.0539388430757307,0.193450828438579,-0.00888722178419754,-0.0205524894926715,-0.00627887040607292
0.161469157038527,0.243996456586319,-0.0562371668895564,0.208622769267163,-0.00870752675923372,-0.0208668099517231,-0.00614802358610437
0.134820942835666,0.273156451465184,-0.0583715850386528,0.224258097399193,-0.00857430381540862,-0.0210913298885228,-0.0058524925338733
0.108044114947265,0.301173491913833,-0.0602970583404122,0.240198077323587,-0.00849379608346136,-0.0212089542225261,-0.00540015543600759
0.0809658499698316,0.32793660797372,-0.061990417584204,0.256211391532526,-0.00846790187682093,-0.0212088848489825,-0.00480480659057045
0.0534152923929007,0.35338882548989,-0.0634489587961719,0.272033789447086,-0.00849513273280307,-0.0210874032493873,-0.00408490140595594
0.0252537381600515,0.377511777671647,-0.0646850084599142,0.287406804592873,-0.00857183919155377,-0.0208474237089056,-0.00326215827130634
-0.00360844450863717,0.400304447547149,-0.065718351754701,0.302106185261858,-0.00869320787749196,-0.0204971503714404,-0.00236031086067706
-0.0332099007613522,0.421761449285104,-0.0665685506718727,0.315955359896958,-0.00885369627104892,-0.0200483033530217,-0.00140417983473242
-0.0635493367492332,0.441855450138201,-0.0672487581392801,0.328824118788935,-0.00904680988627819,-0.0195143413022414,-0.000419097229414882
-0.0946053441159015,0.460526746062744,-0.0677619746538317,0.340615956406038,-0.00926434100521013,-0.0189089533088346,0.000569389548042198
-0.126359961954641,0.477681587580653,-0.0681001264741649,0.351249146955121,-0.00949534421147049,-0.0182449273327182,0.00153566672042052
-0.158820770578017,0.493199628471967,-0.0682459177475921,0.360636967544347,-0.00972521359288249,-0.0175333755043488,0.00245420936643219
-0.192036449731905,0.506949687393771,-0.068177065272011,0.368672114998598,-0.00993525383387681,-0.0167832375720996,0.00329988572713764
-0.22610135553978,0.518811742800719,-0.0678721880176729,0.375219603613052,-0.010103093714599,-0.0160009955310424,0.00404851626499537
-0.261146246435154,0.528701503584022,-0.0673172461093352,0.380120991957537,-0.0102041478279297,-0.0151905831971261,0.00467772934297431
-0.297315154750121,0.536592415106863,-0.0665111190204855,0.38321042413607,-0.0102140800249388,-0.0143535276166163,0.0051680672265953
-0.334732285296632,0.542529474796281,-0.0654689011137588,0.384339857671296,-0.0101119012317082,-0.0134893767871707,0.00550419979520631
-0.373466430557035,0.546630357529418,-0.0642219219121171,0.383407615606595,-0.00988304701156939,-0.012596418708719,0.00567602814039632
-0.413502130299599,0.549072579716623,-0.0628143850341672,0.380382596776039,-0.00952167184012973,-0.0116726022900178,0.00567944359573621
-0.454725377762967,0.550069621381537,-0.0612975360571023,0.375317112164194,-0.00903155378695531,-0.0107164736098872,0.00551656703891863
-0.496927396277132,0.549842452018631,-0.0597229907163734,0.368344630274664,-0.00842539393308773,-0.00972790689220461,0.00519541481410555
-0.539824508926638,0.548593917991251,-0.0581369347741457,0.359663335980726,-0.00772275699773287,-0.00870846338554829,0.00472907382390731
-0.583087823460495,0.546491705930533,-0.0565763821039138,0.349510521140524,-0.00694724344554279,-0.007661336293897,0.00413456981419571
-0.626374789295237,0.543661966555706,-0.0550678469967055,0.338134762421066,-0.00612358950771811,-0.00659097253575312,0.00343164791032128
-0.669355862150733,0.540192098049576,-0.0536280655107532,0.325772340798602,-0.00527527298494537,-0.00550254747431687,0.00264165671284129
-0.711732276713473,0.536138913485215,-0.0522660145056899,0.312632049453867,-0.0044229579697686,-0.0044014773209473,0.00178665992997527
-0.753243964061713,0.531538087654891,-0.0509854585746214,0.298889744078392,-0.00358385918565888,-0.00329309990532702,0.000888824081192149
-0.793668788908724,0.526411851782656,-0.0497874506936337,0.284691614831465,-0.00277191823557335,-0.00218256817497926,-2.99325492110324e-05
-0.832815282158856,0.520773643790157,-0.0486724614283906,0.270163701044199,-0.00199857821366609,-0.00107491704631375,-0.0009480864872228
-0.870511199959884,0.514630063439287,-0.0476419995935153,0.255424578877577,-0.00127389938602992,2.47947565107024e-05,-0.00184453020920851
-0.906590016214584,0.507981500544128,-0.0466996733730869,0.240598114338136,-0.000607746811291273,0.00111139081030962,-0.00269855544410949
-0.94087723523035,0.500823004371992,-0.0458516459795573,0.225823407592376,-1.07824589079663e-05,0.00217964172232473,-0.00348988558300114
-0.973178426812159,0.493146458901108,-0.0451064214789927,0.211259481142067,0.000504989184207414,0.003224551621375,-0.00419883498983517
-1.00327116391154,0.484944230704131,-0.0444739176011687,0.197082990554857,0.000926325003999076,0.00424185388062781,-0.00480665332821142
-1.03090309892373,0.476213420495135,-0.043963871132951,0.183478366618468,0.0012395996944807,0.00522861363747649,-0.00529607897905271
-1.05579804920146,0.466959165083069,-0.0435837973592943,0.170621383592804,0.00143235166912161,0.00618377189571543,-0.00565207996523832
-1.07767080163936,0.457195484421087,-0.0433369015042327,0.158659109939482,0.00149526716170082,0.00710840757689058,-0.0058627013711899
-1.09624950385206,0.446942825009768,-0.043220494504864,0.147690612609088,0.00142415306015721,0.00800558346559672,-0.00591989870249377
-1.11130210759433,0.436222750699742,-0.0432254052847077,0.137753353470144,0.00122138417137221,0.00887972002181743,-0.00582020830349171
-1.12266155369999,0.425051369144287,-0.0433366549110074,0.128819147215272,0.000896385009872937,0.00973560440983993,-0.0055651242142669
-1.13024401853733,0.413433690888007,-0.0435352870610683,0.12080112728869,0.000464950263404327,0.0105772587367535,-0.00516110505986984
-1.13405573979464,0.401360732640507,-0.0438008792207552,0.113570081829766,-5.24655663741548e-05,0.0114069293627053,-0.00461921114030753
-1.13418686022968,0.388810239862029,-0.0441140746890833,0.106976040301371,-0.000633078445362934,0.0122243809294684,-0.00395445365662517
-1.13079442776637,0.375751012058469,-0.0444585200576902,0.100869780909852,-0.00125416508945047,0.013026600854969,-0.00318498377163703
-1.12407861838509,0.36214997836658,-0.0448218342539498,0.095119488979283,-0.00189500892857033,0.0138078389102569,-0.00233127110391173
-1.11425750803822,0.347981215958424,-0.0451955482709593,0.0896194444452969,-0.00253806749951519,0.0145598786970469,-0.00141538977899669
-1.10154474382969,0.33323621924064,-0.0455742092476886,0.0842897828180168,-0.0031692604763326,0.0152724258483223,-0.00046047994740349
-1.08613206003543,0.317934595369636,-0.0459539565946057,0.0790682724003858,-0.00377748111262447,0.0159335531088332,0.000509610564343698
-1.0681766434287,0.302134050460539,-0.0463309059915894,0.0738964985537297,-0.00435357530760852,0.01653021965628,0.00147055379463781
-1.04779167609614,0.285937736567318,-0.0466996306142702,0.0687037465392205,-0.00488910953923114,0.0170489344003422,0.0023977266498909
-1.02503902810904,0.2694965490613,-0.0470520238167617,0.0633924764881041,-0.00537528015108785,0.0174766553034638,0.00326646132554117
-0.999924380270891,0.253003752556057,-0.0473768167759797,0.0578294578729105,-0.00580230446031009,0.0178019772101523,0.00405247267632954
-0.972397224350826,0.236680106951245,-0.0476600126763342,0.0518462157210644,-0.00615956566525552,0.0180165701559919,0.00473255694849922
-0.942358955055312,0.220749446091834,-0.0478863747439813,0.0452509647665121,-0.00643662710342274,0.0181166872462018,0.00528560702519598
-0.909680977434784,0.205407482383635,-0.0480418376760016,0.037851472945425,-0.00662497972504605,0.0181044121402431,0.00569389657090449
-0.874231295106139,0.190789764883708,-0.0481163401120705,0.0294846858355401,-0.00672009105780628,0.0179882342297171,0.00594445846571268
-0.835904685992474,0.176947019545737,-0.0481063047323745,0.0200457671718554,-0.00672311402117189,0.0177826222471088,0.00603027285958507
-0.794649219529981,0.163835612470874,-0.0480159692085008,0.00950813143894521,-0.00664162405358682,0.0175065172494785,0.00595095221589224
-0.7504827184138,0.151327068247431,-0.0478571217887719,-0.00207176820001972,-0.00648904009547215,0.0171810124572939,0.00571271251777622
-0.703495007226276,0.139234286219023,-0.0476473043811325,-0.0145662873232038,-0.00628282938281889,0.0168267344416121,0.00532761313740557
-0.653836005244582,0.127346607791535,-0.0474070463627931,-0.0278010380949324,-0.00604199570484149,0.0164614955116393,0.00481225361861797
-0.60169273895737,0.115463513024705,-0.0471568741880777,-0.0415844265093358,-0.00578451370592698,0.016098614603762,0.00418623024335816
-0.547261028571131,0.10341857479742,-0.0469147771259553,-0.0557344247774892,-0.00552528065868788,0.0157460542820003,0.00347065787034616
-0.490718827284469,0.0910897279078152,-0.0466945926947111,-0.0700970756524124,-0.00527491045168849,0.0154063151502882,0.00268697857362186
-0.432206837062511,0.0783963272316232,-0.0465054801428332,-0.0845546920230995,-0.00503942324875616,0.0150769084543145,0.00185615515136156
-0.37181948971831,0.0652863625499316,-0.0463524173975441,-0.0990247420129598,-0.00482069020637945,0.0147512066326626,0.000998238345759494
-0.309605612364053,0.0517180138371136,-0.0462374044712953,-0.113452015156151,-0.00461738945267988,0.0144194743454939,0.000132220183456608
-0.245576957505662,0.0376396431224292,-0.0461610041611136,-0.127797041362785,-0.00442622214696636,0.0140699466737052,-0.000723933519687442
-0.179722930336439,0.0229718128587646,-0.0461238853289947,-0.142023398100234,-0.00424317466761813,0.013689888425696,-0.00155316716001669
-0.112031095622757,0.00759451843259323,-0.046128217832271,-0.156086304321278,-0.00406467174777635,0.013266653083011,-0.0023392113349579
-0.0425123071052372,-0.00865783044904699,-0.046178807840216,-0.169924544469031,-0.0038885020023117,0.0127887677814281,-0.00306651880991909
0.0287722415556981,-0.0259919072383564,-0.0462837799465544,-0.183457077480231,-0.0037144176115543,0.0122470148482327,-0.00372031664703265
0.101685549693429,-0.0446405929234892,-0.0464546331468531,-0.196585045258045,-0.00354434239092135,0.0116354345213491,-0.00428680931018802
0.175995140966795,-0.0648383879636114,-0.0467055474160038,-0.20919901958575,-0.00338216616483672,0.0109521210836991,-0.00475353839000767
0.251363463069413,-0.0867898702040978,-0.0470519461563748,-0.221190316244068,-0.00323316579093375,0.0101996572552166,-0.00510986925072356
0.327351753713113,-0.110636258050584,-0.0475085071065805,-0.232464224430676,-0.00310316631565275,0.00938504715322478,-0.00534753930998787
0.403438673741417,-0.136426774069532,-0.0480869793795548,-0.242952227211141,-0.00299761766964257,0.00851906931786922,-0.00546117301587534
0.479051680117476,-0.164101448616077,-0.0487942434380228,-0.252620074123391,-0.00292078858443199,0.00761507522823743,-0.00544865569818704
0.553605887189968,-0.193489890470615,-0.049631060570419,-0.261469490344922,-0.00287525625322065,0.00668739294955395,-0.00531128035517905
0.626543050046187,-0.224326694287107,-0.0505917942668989,-0.269532847646763,-0.0028617912030789,0.00574959208560767,-0.00505362816162598
0.697363141737569,-0.25627983574027,-0.0516651252873907,-0.276861880853538,-0.00287962807015703,0.00481289541276979,-0.00468320315158123
0.765643200171798,-0.288985338613027,-0.0528355442652508,-0.283513014382822,-0.00292701363586149,0.00388497729011319,-0.00420989652166672
0.831041718400729,-0.322080712166453,-0.0540852515294306,-0.289532478880803,-0.00300186507048616,0.00296928492421586,-0.00364538535124807
0.893290483129108,-0.355231155185856,-0.0553960680626592,-0.294944091571239,-0.00310236789377973,0.0020648995170499,-0.00300256847852588
0.952178982615418,-0.388145675006902,-0.0567510939619851,-0.299741890341386,-0.00322738886966815,0.00116686407426473,-0.00229511875635737
1.00753710832191,-0.420583194788844,-0.0581359648270802,-0.303888542142129,-0.0033766430928255,0.000266853364459012,-0.00153718839720284
1.0592208659153,-0.452350720731315,-0.0595396672905929,-0.307319361796814,-0.00355061608597431,-0.000645939163125506,-0.000743265699572921
1.10710319951673,-0.483296088792965,-0.0609548974420081,-0.309950823379218,-0.00375028112294876,-0.00158379067991296,7.18464686961819e-05
1.15106964338925,-0.513297347346107,-0.0623779363868892,-0.311691975126141,-0.00397666901280389,-0.00255936005610239,0.000892971408571116
1.19101792672874,-0.542250467729693,-0.0638080404982974,-0.312457309433255,-0.00423035271383658,-0.00358452637114977,0.00170446111370848
1.22686060178213,-0.570056741513943,-0.0652463437496327,-0.312179765901118,-0.00451090875293649,-0.00466914691116334,0.00249010644548058
1.25853009494511,-0.596611186656251,-0.0666942889789203,-0.310822578054817,-0.00481642159876044,-0.00581974555373163,0.0032331068063625
1.28598482601407,-0.621793016029354,-0.0681516144064084,-0.308388289432156,-0.00514310427597946,-0.00703819043228787,0.00391615565103257
1.30921418326939,-0.645459057737544,-0.0696140041805108,-0.304922926683788,-0.00548511709935154,-0.00832048772785568,0.00452169474042398
1.3282400981176,-0.667441160457425,-0.0710707007242616,-0.300513468838356,-0.00583466752596128,-0.00965589271307394,0.00503237731568264
1.34311421397449,-0.687549000267017,-0.0725026338051374,-0.295277693149339,-0.00618245423773536,-0.0110265968393924,0.00543175824493652
1.35391084114365,-0.705579375254905,-0.0738817698662869,-0.289346962083515,-0.00651846005247146,-0.0124082489743613,0.0057051916429098
1.36071687968736,-0.721331814571878,-0.0751723036031597,-0.282844386935082,-0.00683300225756551,-0.0137714717815099,0.00584086217454116
1.36362037647822,-0.734628292766694,-0.0763339281487084,-0.27586252435769,-0.00711784000544885,-0.0150843287268082,0.0058308151222169
1.36269991937,-0.745333123468296,-0.0773268312557861,-0.268445721000699,-0.00736706773141878,-0.016315431390526,0.00567180917080929
1.35801696795451,-0.753368373675642,-0.0781174516276711,-0.2605815969641,-0.00757753837331726,-0.0174371446605784,0.00536582075292353
1.34961316266883,-0.758721368195003,-0.0786837073916908,-0.252203991446376,-0.007748683217818,-0.0184282688159401,0.00492009543049173
1.33751346384833,-0.761443115156204,-0.0790184887775518,-0.243206430035661,-0.00788178504056171,-0.0192756991010545,0.00434674742959661
1.32173338763271,-0.761638396999053,-0.0791306195901463,-0.233462011949847,-0.00797893623657119,-0.0199748320720299,0.003662009376124
1.30228774122858,-0.759450152253454,-0.0790431588738802,-0.222844239414935,-0.00804201224380159,-0.020528814708542,0.00288530023669099
1.27919719525935,-0.755040785779606,-0.0787894262402601,-0.211243639628251,-0.00807196743639284,-0.0209469613971437,0.00203828251659302
1.25249115251918,-0.748573251165765,-0.0784075182440383,-0.198577206641206,-0.00806865797972391,-0.0212427726131229,0.0011440408004346
1.22220698730678,-0.740193905219229,-0.0779341490139565,-0.18479012989178,-0.00803124832084489,-0.021431942532965,0.000226444105562298
1.18838682950129,-0.730018119402663,-0.0773985503849831,-0.169851267954403,-0.00795911717932294,-0.0215306037357927,-0.000690316463598389
1.15107383428859,-0.718119160635959,-0.0768170918157406,-0.15374506210716,-0.00785307461805563,-0.0215539054747551,-0.00158207721501339
1.11030972565544,-0.704520738265229,-0.076189284598613,-0.136462962225179,-0.0077166345793104,-0.0215149044974066,-0.00242503200813496
1.06613566561902,-0.689194441539159,-0.0754959664608238,-0.117997298704388,-0.00755706105715898,-0.0214237129573653,-0.00319614334802185
1.01859795423421,-0.672063878175606,-0.0747004949792676,-0.098339775761832,-0.00738591447802899,-0.0212868747924313,-0.00387371923572918
0.967759148120233,-0.653017352788215,-0.073753534888319,-0.0774855143315218,-0.0072188834382491,-0.0211070124264706,-0.00443819926081838
0.913712521923969,-0.631928971193943,-0.0726012617182823,-0.0554418006455172,-0.00707480092714797,-0.0208828278005216,-0.00487312072390172
0.856595785020682,-0.608685355544718,-0.0711957230948627,-0.0322390626595897,-0.00697392484953863,-0.0206095437715474,-0.00516614326922303
0.796599920616149,-0.583212958365764,-0.0695051250708647,-0.0079406837400621,-0.0069357748057935,-0.02027982091344,-0.00530993588616715
0.733969682970596,-0.555499415370042,-0.067521362521887,0.0173516107832621,-0.00697697034472321,-0.019885055297184,-0.00530270920085862
0.668995545169706,-0.525603921391954,-0.0652627368038006,0.0434986445708917,-0.00710954366919478,-0.0194168492852567,-0.00514824213220754
0.601998598306202,-0.493653782123877,-0.0627711208202789,0.0703307579207049,-0.00734005384317117,-0.0188683539454636,-0.00485537489745049
0.533312600640922,-0.459829115740157,-0.060104638243329,0.0976587458697049,-0.00766957754617864,-0.0182352211688274,-0.00443708329633734
0.463267520158318,-0.424340118895167,-0.0573280254821729,0.12528564122606,-0.00809440944865651,-0.0175160181717074,-0.00390933989695171
0.392178044756133,-0.387403116189249,-0.0545032385083887,0.153016461206438,-0.00860714435863727,-0.0167121183154685,-0.00328998528637799
0.320338752869314,-0.349220580074506,-0.0516822726240385,0.180664104992698,-0.00919780269492261,-0.0158272064201873,-0.00259777952717987
0.248025708809069,-0.309968316087516,-0.04890319879723,0.208050945936648,-0.00985474695399845,-0.0148665929569204,-0.00185171993628009
0.17550267736382,-0.269790562736138,-0.0461894442565323,0.235006696415378,-0.0105652649741666,-0.0138365082791454,-0.00107062916030689
0.103029931730493,-0.228802493106942,-0.043551757956028,0.261363925338394,-0.0113158267450768,-0.0127435074929427,-0.000272965576717485
0.0308733027306655,-0.18709851195514,-0.0409919804662797,0.286952850834492,-0.0120921054415952,-0.0115940394472986,0.000523221660901584
-0.0406885447828817,-0.144764526545865,-0.0385077007491743,0.31159704444126,-0.0128789004566162,-0.0103941785202696,0.00130027562743005
-0.111360164407095,-0.101892451419419,-0.0360969708292008,0.335111579041116,-0.0136601149612509,-0.0091494875589894,0.00204092707801689
-0.180829847320762,-0.0585950940698531,-0.0337623327703789,0.357304674375952,-0.0144189184341921,-0.00786496311101072,0.00272836129731256
-0.248775058052966,-0.0150195685557016,-0.0315135378134708,0.377983355504769,-0.015138184795009,-0.00654502647362225,0.00334639403579302
-0.314872460706402,0.028642732498201,-0.029368487307586,0.396962819300525,-0.0158012318062861,-0.00519354347807009,0.00387977052434331
-0.378811410596179,0.0721515173610751,-0.0273521755601717,0.414078435036023,-0.0163928136032901,-0.0038138802534069,0.004314578373346
-0.440308917748046,0.115219927011868,-0.0254937327597449,0.429198283529822,-0.0169002284138053,-0.00240900870256851,0.00463874167229366
-0.499123520857002,0.157524536496727,-0.0238220742114417,0.442233699277273,-0.0173143410439745,-0.000981674647288783,0.00484254569001928
-0.555065297159651,0.198722461885949,-0.0223610099051513,0.453145217368644,-0.0176302891033158,0.00046537700064074,0.00491912872651399
-0.607999460075136,0.238473494129148,-0.0211248437282154,0.461941876535293,-0.0178476658788605,0.00192914705358281,0.00486487217227297
-0.657842189006052,0.276464056346255,-0.0201154187764327,0.468673350974345,-0.0179700729605399,0.00340613481089472,0.00467962950936664
-0.704548984141465,0.31242949197906,-0.0193212038445639,0.47341607334778,-0.0180040781538988,0.00489213562846678,0.00436675665135316
-0.748097882904397,0.346171989122066,-0.0187184976342018,0.476256184926157,-0.0179577777962476,0.00638210471827346,0.00393294112713482
-0.788471375492742,0.377572880345814,-0.0182743216056223,0.477272963034083,-0.01783929066008,0.00787008715663679,0.00338786574197012
-0.825641313216593,0.406599348903282,-0.017950263686801,0.476526144995182,-0.0176555663150685,0.00934919495401708,0.00274377436448678
-0.85955988436781,0.433305773868944,-0.0177064899955228,0.474049180257355,-0.0174118386152719,0.0108115988765923,0.00201502234542473
-0.890157906284285,0.457829257366531,-0.0175053241837806,0.469848936692691,-0.0171119089844595,0.0122485034046944,0.00121769240819252
-0.917349749327426,0.48037801678302,-0.0173140519476914,0.463911159404152,-0.0167592172492928,0.0136500884830891,0.000369335459851313
-0.941043241152964,0.501211750474799,-0.0171068257019972,0.456210565409478,-0.0163584160325095,0.0150054327989235,-0.000511141841904544
-0.961152917716527,0.520615384522765,-0.0168656866297499,0.446724546213583,-0.0159169954190819,0.0163024730175303,-0.00140347012169417
-0.977615208580818,0.538870698944254,-0.0165808331900478,0.435449333357861,-0.0154464861893471,0.0175280865351716,-0.00228596728141005
-0.990404252925196,0.556232239378775,-0.0162503898811068,0.422416915113412,-0.0149629183225821,0.0186684052812588,-0.00313555545674675
-0.999546164598577,0.572912632606543,-0.0158799984092891,0.407709734676002,-0.0144864214493338,0.0197094558294723,-0.00392796561060282
-1.00512860627981,0.589078557048666,-0.0154824633294531,0.391469118285022,-0.0140400063562826,0.0206381739314686,-0.00463824004129449
-1.00730206421778,0.604854313125678,-0.0150773943573839,0.373893153796172,-0.0136476088433409,0.0214437486737944,-0.00524161678882404
-1.00626995301567,0.62032760644618,-0.0146904251901983,0.355221026359677,-0.0133314883064311,0.0221191161322803,-0.00571483118451054
-1.00226672116779,0.635552652435552,-0.0143513969626936,0.335703813470895,-0.0131091805700986,0.0226622715194184,-0.00603778007053234
-0.995526409108114,0.650548428785069,-0.0140910924931893,0.315566157344876,-0.0129904577161164,0.023076973781399,-0.00619535761099241
-0.986247960331307,0.665293395725424,-0.0139367187730199,0.294967781457528,-0.0129750322668419,0.0233724691724835,-0.006179125830393
-0.974566023783988,0.679720413117488,-0.013907094442182,0.273976075841962,-0.0130518181090135,0.0235620975273288,-0.00598840928541956
-0.960535805504191,0.693716129433179,-0.0140089659017134,0.25255906191693,-0.0132002511027403,0.023661015040887,-0.00563048701972163
-0.94413684902306,0.707127541415645,-0.0142356903587306,0.230601778654582,-0.0133935308590573,0.0236835934700626,-0.00511979984913402
-0.925294293190048,0.719775293415702,-0.0145687052736258,0.207941065812206,-0.0136029757264251,0.0236411462442409,-0.00447638761307316
-0.903910676658243,0.731470529073516,-0.0149811891545811,0.184408067116111,-0.0138023500287214,0.0235404534316448,-0.00372397157054623
-0.879898925476734,0.742030771463208,-0.0154426299635768,0.15986693718952,-0.0139711625047295,0.0233832239830366,-0.00288811358684794
-0.853208520236834,0.75129083804741,-0.0159229244949895,0.134241755711845,-0.0140964044805532,0.0231663396492712,-0.00199474805520062
-0.823840748788023,0.759106769063024,-0.0163950454838389,0.107528942346917,-0.0141727206656429,0.0228825973025627,-0.00106919564063271
-0.791853688742356,0.765353633202034,-0.0168359546224111,0.0797969230492019,-0.0142013819331346,0.022521717727904,-0.000135617632802005
-0.757359761303857,0.769919632020553,-0.0172260147821696,0.051176779943885,-0.0141885699256812,0.0220714935408155,0.000783217682352349
-0.720518850124064,0.77269935003551,-0.0175475328002383,0.0218476097430235,-0.0141434496000115,0.0215190411574662,0.00166601002747159
-0.68152865629944,0.773588283686167,-0.0177832116197912,-0.00798067448720047,-0.0140763825291797,0.0208521504658592,0.00249297920747179
-0.640612852085947,0.772479915352222,-0.0179152415750984,-0.0380852731496658,-0.0139975005528323,0.0200607030336767,0.00324598739017378
-0.598007881315964,0.769266544307167,-0.0179255605061282,-0.0682477444465985,-0.0139157590911217,0.0191380898982164,0.00390877503313356
-0.553949691487337,0.763844692878652,-0.0177974683370012,-0.0982692435231076,-0.0138385023836773,0.0180824932193248,0.00446730747197268
-0.508662266632413,0.756125319714114,-0.0175183572044348,-0.127982420834705,-0.0137714970826732,0.0168978413817639,0.00491018963307053
-0.462349300345007,0.746047144317889,-0.0170828919845966,-0.1572586898964,-0.0137193049813178,0.0155942091592362,0.00522907187128743
-0.415189915063411,0.733589918057636,-0.016495722979963,-0.186009813974872,-0.0136858077007705,0.014187482348733,0.00541895105572574
-0.367339091590101,0.71878439951272,-0.0157728612953577,-0.214183461569227,-0.0136746884562636,0.0126982473326279,0.00547828200002209
-0.318932760897015,0.70171656563877,-0.0149411956969199,-0.241753425745243,-0.0136897109316191,0.0111500401572922,0.00540885304576423
-0.270096709915968,0.682525238705366,-0.014036163876872,-0.26870628590425,-0.0137347073877498,0.00956724013583083,0.005215435317909
-0.220957636595869,0.661393872969766,-0.0130980978469155,-0.295026943365565,-0.0138132672085004,0.00797295745508394,0.00490526569342513
-0.171654280318616,0.638538248838321,-0.0121680614253018,-0.320685433353853,-0.0139281801707611,0.00638722950327437,0.00448745275200604
-0.122346729767334,0.61419205998566,-0.0112840144616324,-0.345626780180769,-0.0140807231382274,0.00482573298925549,0.00397239846840739
-0.0732226505053582,0.588591977338057,-0.010477924817302,-0.36976475220638,-0.014269887385704,0.00329908582031252,0.00337131283860743
-0.0244999421421392,0.561963013567831,-0.00977412872273119,-0.392979562883003,-0.0144916405798798,0.00181269729077876,0.00269587470617558
0.023574109736387,0.534504124517759,-0.0091889370809475,-0.415119023835895,-0.0147383189918061,0.000367051975590524,0.00195806734420379
0.0707268393261968,0.506373679307018,-0.00873128526996535,-0.436002587594418,-0.0149982742053968,-0.00104170897621381,0.00117019698416548
0.116667038263261,0.47767492658876,-0.00840413893259138,-0.455427939824562,-0.0152559512766309,-0.00242102574930387,0.000345082273561976
0.161094398213035,0.448443348841549,-0.00820635836555947,-0.473180220206898,-0.0154926271427622,-0.0037810444777457,-0.000503622017709389
0.20371129277409,0.418640446395446,-0.00813470489006062,-0.489044257093798,-0.0156880172004995,-0.00513363413116356,-0.00136103752948988
0.244236296953833,0.38816059953436,-0.00818556895700301,-0.502820115208912,-0.0158227745211057,-0.00649124489926739,-0.00221071909811546
0.282418403719085,0.356856764713812,-0.00835583393596411,-0.514341786716057,-0.0158815368862849,-0.00786553385980027,-0.00303448574858495
0.318050619881373,0.324584181164118,-0.00864224457173318,-0.523497564088495,-0.0158557474470301,-0.00926571853828277,-0.00381253523118814
0.350981947328444,0.291251063902668,-0.00903902840587476,-0.530249425388783,-0.0157453203943881,-0.0106967279148046,-0.0045238797548172
0.381127234908954,0.256857405437504,-0.00953440533065754,-0.534647653097508,-0.015558577086309,-0.0121573765422166,-0.00514705428926749
0.408474119060189,0.221504836799812,-0.0101076190056969,-0.536836347412707,-0.0153106051042975,-0.0136389282453701,-0.00566100896534255
0.433084944585463,0.185372741909258,-0.0107285046908473,-0.537045852520821,-0.0150207960297739,-0.0151244777598369,-0.0060461286593538
0.455090141294157,0.148670877233392,-0.0113608936963018,-0.535569663440013,-0.014710397274636,-0.0165895213781361,-0.00628537332057783
0.47466989852774,0.111587698991942,-0.0119695504938892,-0.532726620447207,-0.0144005497856559,-0.0180038996207884,-0.00636552181387755
0.492024106161319,0.0742530077432579,-0.0125285976769198,-0.528813877658895,-0.0141108713292208,-0.0193349864909054,-0.00627840744420599
0.507335479821109,0.0367258596786127,-0.0130283702296113,-0.52406069341061,-0.0138584731127106,-0.0205516332211736,-0.00602192035929334
0.520734830734403,-0.000991536241764387,-0.0134779163600024,-0.518594781151479,-0.0136573482813157,-0.0216280769569501,-0.00560051722075333
0.532278112317682,-0.0389220431864336,-0.0139019183771625,-0.512430159785564,-0.0135181646714799,-0.0225469564728546,-0.00502507500758921
0.541941468852237,-0.0770765262384394,-0.0143329394796619,-0.505478867034893,-0.0134484868050916,-0.0233008191005619,-0.00431211637785491
0.549634424406609,-0.115423995157268,-0.0148016688778,-0.497581459517755,-0.0134533295308688,-0.0238919429170904,-0.00348261580015335
0.555225901362487,-0.15387686275247,-0.0153284140413072,-0.488546537180428,-0.0135358093069974,-0.0243307620115697,-0.00256068324384767
0.558574907089546,-0.192293655429672,-0.0159185127774657,-0.47818891706644,-0.0136975961429274,-0.0246334487325442,-0.00157238889955777
0.559558188573939,-0.230496624878028,-0.0165630393306559,-0.466358854753108,-0.0139389197659407,-0.0248192359580171,-0.000544882656507929
0.558089857003077,-0.26829895537751,-0.0172447755601007,-0.45295885944979,-0.0142580194432231,-0.0249079172740989,0.000494163069637675
0.55413116098033,-0.305535329013912,-0.017948226148288,-0.437948180346494,-0.0146500931802062,-0.0249177559896756,0.00151685990915643
0.547691174926079,-0.342089690338224,-0.0186715114149188,-0.421337232261883,-0.0151059640812404,-0.0248638670544475,0.00249529854932345
0.538820598360941,-0.377914440107817,-0.0194372113126398,-0.403175050465097,-0.0156108176557171,-0.0247570501946246,0.00340180766369173
0.527601295071789,-0.413035932243908,-0.0202987590205824,-0.383532898379436,-0.0161434557462934,-0.0246030509453774,0.00420945820586152
0.514133905170684,-0.447542537424585,-0.0213391586721197,-0.362486873918184,-0.0166765167193401,-0.0244022739540924,0.00489295468055711
0.498525589982533,-0.481554639082903,-0.0226601436402182,-0.340102362455309,-0.0171779778867752,-0.0241500360197216,0.00542995025787209
0.480879678659271,-0.51518080603619,-0.024362597000697,-0.316423159928876,-0.0176139421674153,-0.0238374529924272,0.00580265369435443
0.46128896651848,-0.548470067106508,-0.0265225182607925,-0.291467845190222,-0.017952281437108,-0.0234529755071443,0.0059994148910275
0.439833841503402,-0.581373626472945,-0.0291694648155333,-0.265234620424091,-0.0181663221691928,-0.0229844050957314,0.00601587321793169
0.416585566452517,-0.613728221684663,-0.0322745109574353,-0.23771372201909,-0.01823765311624,-0.0224210373185958,0.00585531673427994
0.39161353784777,-0.645266711202821,-0.0357517607512193,-0.208904019677089,-0.0181574006147565,-0.0217554809729406,0.00552812458442896
0.364993958511048,-0.675652156964635,-0.0394726457756747,-0.178828938943262,-0.0179258409810621,-0.0209847685940022,0.00505044301843247
0.336816848601935,-0.704523985732524,-0.0432880572917508,-0.147547239309722,-0.0175507286708974,-0.0201105757440042,0.00444243902018997
0.307188946386773,-0.73154177382988,-0.0470516366623445,-0.11515628703604,-0.0170449806880302,-0.0191386018765968,0.00372651255797549
0.276232296500262,-0.756415538031928,-0.050638569932113,-0.081788628311322,-0.016424365122268,-0.0180773822953416,0.00292576914933317
0.244081246551346,-0.778920065883111,-0.0539569744112857,-0.0476052628736705,-0.0157057102818457,-0.0169369545358015,0.00206293135545908
0.210880910225588,-0.798897600333577,-0.0569517380022984,-0.0127889636399722,-0.0149058971203658,-0.0157277551605753,0.00115972492937196
0.176788271067408,-0.81625481067863,-0.0596023788981304,0.0224608356915003,-0.0140416148536705,-0.014459927484248,0.000236655551296574
0.141973937491226,-0.830953725701846,-0.0619166936871618,0.057931936368371,-0.0131295823600492,-0.0131429342066868,-0.00068697443902021
0.106623244136936,-0.842995492675026,-0.0639218196709532,0.0934021924319082,-0.0121869286224605,-0.0117853396216117,-0.00159292792080885
0.0709369330772153,-0.852399876354305,-0.0656542453410254,0.128641384283937,-0.0112315645600744,-0.0103947155193453,-0.00246384791369069
0.0351319423074593,-0.859187477371897,-0.0671503390532579,0.163413240755263,-0.010282466259341,-0.0089776689987123,-0.00328309019890454
-0.00055902457282752,-0.863367880596818,-0.0684384057068239,0.197479525427534,-0.00935974689740954,-0.00753992618714225,-0.00403463939230903
-0.035890777773645,-0.864931931361857,-0.0695328208131329,0.230607101563372,-0.00848436894730152,-0.00608636316359542,-0.00470314304593669
-0.0706121312488039,-0.863846240920611,-0.0704306788774394,0.262577412080752,-0.00767742724576691,-0.00462095211281362,-0.00527405889607962
-0.104474647323543,-0.860050750880486,-0.0711114669016935,0.293196991433836,-0.00695904528182919,-0.00314667608006575,-0.00573389572618157
-0.137242112768093,-0.853461444447895,-0.0715400984791222,0.322307316634351,-0.00634700715374457,-0.00166549601864942,-0.00607053181197171
-0.16869913875997,-0.843979679307938,-0.0716731566211767,0.34979223303446,-0.00585530053224838,-0.000178438939063264,-0.00627360105675874
-0.198657359041347,-0.831507291607647,-0.0714674588610116,0.375581119305488,-0.00549277614580362,0.00131416535733447,-0.00633493102227149
-0.226957945744795,-0.815964706860254,-0.0708893870430325,0.399646330162181,-0.00526214444844857,0.0028123153210296,-0.00624900269833977
-0.253469770024304,-0.797308592654685,-0.069923078975056,0.42199453266427,-0.00515951367042828,0.00431589481296252,-0.00601338558877181
-0.27808331889248,-0.775545353281391,-0.0685756713488282,0.442652808869491,-0.00517460459640842,0.00582424731012385,-0.00562908462939736
-0.300701433450131,-0.750738001188643,-0.0668784579321982,0.461651831940864,-0.00529166501954239,0.00733586525557747,-0.00510073600185781
-0.321228570636461,-0.723005192021971,-0.0648838354697111,0.479009079311561,-0.00549096607719054,0.00884826286224651,-0.00443660686682394
-0.339560652386256,-0.692513109660562,-0.0626590048391501,0.494715099626827,-0.00575064153011511,0.0103580356755515,-0.00364839654651829
-0.355577587720384,-0.659462595168446,-0.0602781515184899,0.508725269380275,-0.00604856835372962,0.0118610330215384,-0.00275088793851911
-0.369140231763331,-0.624074752161369,-0.0578149626944247,0.520958472619538,-0.00636400080278022,0.0133525113740268,-0.00176153613782943
-0.38009310493693,-0.586578239514534,-0.0553368744319132,0.53130325841899,-0.00667874810868382,0.0148271282522259,-0.000700092418016906
-0.388273567838285,-0.54720029270798,-0.0529016046532212,0.539631265149064,-0.00697778750657598,0.0162786821160246,0.000411659303289975
-0.393527630102416,-0.506162145945242,-0.050555728184831,0.545817441202441,-0.00724929566082594,0.0176996001980951,0.00155001736883607
-0.395731665457527,-0.463677638996054,-0.0483345090095116,0.549766017841018,-0.00748413974342885,0.0190802855575656,0.00268934326968714
-0.394818196933079,-0.419952497785684,-0.0462621181175058,0.551440487243829,-0.00767491559183767,0.0204085426101585,0.00380197032779694
-0.390802197157801,-0.375180936292301,-0.0443516684793115,0.550894365873575,-0.00781469285938702,0.02166937726059,0.00485814671422793
-0.383802122466715,-0.329536416752578,-0.0426050779293767,0.548297280618084,-0.00789577644072774,0.0228454912217223,0.00582616689818922
-0.374047765677938,-0.283155405026632,-0.0410134293221925,0.543948276077316,-0.0079090337822924,0.0239187230778269,0.00667290015052251
-0.361866602856759,-0.236117780411618,-0.0395589683629939,0.538266564718755,-0.00784457735645731,0.0248724848266825,0.0073649715482197
-0.347643797210325,-0.188434815144546,-0.0382197698824509,0.531751257683776,-0.00769456018061324,0.025694858154267,0.0078708307288473
-0.3317601229953,-0.1400619313174,-0.0369770624214817,0.524908495067712,-0.00745816459009952,0.0263815115370904,0.00816375601277789
-0.31452510205421,-0.0909514698839855,-0.0358233047531948,0.518157553309416,-0.00714741981368381,0.0269372458396413,0.00822542388759593
-0.296131994182609,-0.0411436310902182,-0.0347673192479645,0.511742102331983,-0.00679093012681975,0.0273751716388491,0.00804914546612558
-0.276656974480107,0.00913453493646972,-0.0338328385355142,0.505678987620772,-0.00643237962565444,0.0277134640359231,0.00764160556857414
-0.256103809616433,0.059412461619883,-0.0330496857514902,0.499766007798315,-0.00612282359552664,0.0279708594055132,0.00702230208362446
-0.234469930084993,0.109002112284902,-0.0324411021455138,0.493645617952221,-0.00590932031507248,0.0281626398703296,0.00622080214263377
-0.21179952375654,0.157106403004717,-0.0320132280378428,0.48689856752787,-0.00582472137327043,0.0282983104463062,0.00527281528987702
-0.188201786985322,0.202966234022562,-0.031751419062268,0.479134318299646,-0.00588257778746224,0.0283810489263243,0.0042163536413552
-0.163835332280052,0.245987850923288,-0.0316241943196305,0.47005425752509,-0.00607803344616931,0.0284082388351679,0.00308886063240816
-0.138874825788127,0.28581208426149,-0.0315922307120251,0.459479361775061,-0.00639279042033932,0.0283723669620078,0.00192555701618716
-0.113476640178892,0.322320167767323,-0.0316187660984119,0.447346423014155,-0.00680133914386897,0.028261955052391,0.000758781018398626
-0.0877529067139862,0.35559400508955,-0.0316786024272998,0.433682726322066,-0.00727637066161964,0.0280625394884502,-0.000382080813847048
-0.0617565084664805,0.385854408458843,-0.0317641920329427,0.418569747678388,-0.00779248266973836,0.0277578442432561,-0.00147044495965591
-0.0354767841329097,0.413395139259558,-0.0318881289253116,0.402104771826717,-0.00832814793190655,0.0273312641298458,-0.0024824245048692
-0.00884578490812282,0.438522586537915,-0.032081712502703,0.384367293782776,-0.00886627985341206,0.0267676765736791,-0.00339690928832122
0.0182447068406628,0.461505867866099,-0.032389525590966,0.365395502326817,-0.0093938046316209,0.0260554809560916,-0.00419588159292073
0.0459162439289432,0.482540338437111,-0.0328605136704613,0.345176453597022,-0.00990063621632585,0.0251886198873507,-0.0048649350036439
0.0742702612388533,0.501727209841925,-0.0335369297726306,0.32365129920725,-0.0103784402919595,0.0241682106702594,-0.00539388844189616
0.103354388682475,0.51907084976454,-0.0344433947973073,0.300733702572087,-0.010819546280134,0.0230033567613355,-0.00577732416694968
0.133136271799827,0.534492813795532,-0.0355787376417458,0.276336389160341,-0.0112162844520514,0.0217108111476845,-0.00601485603455118
0.163491298805233,0.547857755163191,-0.0369127736794276,0.250398435592577,-0.0115608602038771,0.0203134027802929,-0.00611097196800255
0.194206718762408,0.559004090874908,-0.0383888608630603,0.222906447236652,-0.0118456997994879,0.0188374989589815,-0.00607440487076114
0.22500003036872,0.56777285516324,-0.0399314370843813,0.193905692195466,-0.0120640792937447,0.0173100778599169,-0.00591712901333322
0.255546453242538,0.574031200986768,-0.0414565037113538,0.163500966073204,-0.0122108235802122,0.0157560743371428,-0.00565318749820904
0.285510016977891,0.577690978455851,-0.0428826635384729,0.131849717767574,-0.0122829274696812,0.0141965130193369,-0.00529758366427562
0.314573051137412,0.578721669383793,-0.0441405133231832,0.0991495567407294,-0.0122799616087085,0.0126475359545895,-0.00486537260777854
0.342457857037853,0.577152333144856,-0.0451786510720331,0.0656213277793779,-0.0122040872281208,0.0111200663835225,-0.00437095201252126
0.368934902262857,0.573058159963169,-0.0459654908191894,0.0314906343119325,-0.0120595871991164,0.00961983078673273,-0.00382751395061094
0.393819295175631,0.566539845055582,-0.0464877689970362,-0.00302662544831791,-0.0118521413654329,0.00814774965435705,-0.00324671131812045
0.416965577782751,0.557712293750728,-0.0467478228131174,-0.0377316042811687,-0.0115882679642068,0.00670077355688034,-0.00263861371458636
0.438266045616715,0.546704689022882,-0.0467607749210609,-0.0724455607219591,-0.0112750263427658,0.00527289739389629,-0.00201186949906446
0.457646253120984,0.533658399857438,-0.0465512887542543,-0.107011311756997,-0.0109197222782736,0.00385597613807718,-0.00137391654535895
0.475053846278255,0.51871760471666,-0.0461498818558554,-0.141292124114017,-0.0105295302860031,0.00244031141201949,-0.000731206669809381
0.490446037796889,0.502020744561777,-0.0455896833447881,-0.175167486840751,-0.010111204281895,0.00101518102318597,-8.94888306472231e-05
0.503781396924108,0.483698791100067,-0.0449042223385763,-0.208527670506457,-0.00967098706697438,-0.000430615626907371,0.000545850659390975
0.515014999610757,0.46387751101424,-0.0441259707853537,-0.241268585592118,-0.00921463451753024,-0.00190822696431207,0.00116943682490256
0.524093716594528,0.442679630304747,-0.0432851678838787,-0.273286991807537,-0.00874744567651787,-0.00342823268573016,0.00177557421242125
0.530949405259665,0.42022502524358,-0.042408635502855,-0.304475564169837,-0.00827424204213816,-0.00500009965674414,0.0023579457412679
0.535489711895323,0.39662931801837,-0.0415185522616825,-0.33471785234961,-0.00779929441819013,-0.00663156948196765,0.00290935235492826
0.537587193887217,0.372001867035366,-0.0406313159600657,-0.363883877392413,-0.00732622285421534,-0.00832797264001884,0.00342151545496687
0.537067357840843,0.346443578899489,-0.0397566974694744,-0.391827283816078,-0.00685790851434455,-0.0100915056597643,0.00388497440468371
0.533696701839367,0.320044960201365,-0.0388976020313123,-0.418385104857505,-0.00639649107276696,-0.0119205487181165,0.00428911795214566
0.527172546736256,0.292884948689976,-0.0380508182463459,-0.443380985709005,-0.00594356880430536,-0.013809131547889,0.0046223880334215
0.517118054281722,0.265031793209072,-0.03720913730827,-0.466632446802653,-0.00550076588986625,-0.0157466692189615,0.00487268704273677
0.503088166519228,0.236548278863217,-0.03636507892068,-0.487962413905123,-0.00507084604506957,-0.0177180730478793,0.00502800173832743
0.484594475879019,0.207504307463633,-0.0355160803427216,-0.507214526201302,-0.00465947171726747,-0.0197042750592445,0.00507722114923396
0.461158049422709,0.177999490427236,-0.0346703812662803,-0.524270625273271,-0.00427746021366878,-0.0216830851325797,0.0050110706611407
0.432396640003596,0.148195791642399,-0.0338520634934818,-0.539067433885672,-0.00394292625001141,-0.0236301663759528,0.00482302230235113
0.398143342297112,0.118354393560529,-0.0331030538899102,-0.551608112920072,-0.00368211394349815,-0.0255198570294857,0.00451000614976499
0.358575925285289,0.0888628396932285,-0.0324798708323557,-0.561963920082678,-0.00352736860263241,-0.0273256963141993,0.00407278799830556
0.314314396790366,0.0602329817989301,-0.0320440645846238,-0.570262632168817,-0.00351118268244236,-0.0290208429630295,0.00351601663800942
0.266433325983385,0.0330550111055487,-0.0318478137450895,-0.576664241352466,-0.00365697112274464,-0.0305788978407717,0.00284812047531482
0.216353499089913,0.00791152411723497,-0.0319190670528674,-0.581329904324327,-0.00396961743592567,-0.0319755929615856,0.00208130817976286
0.165627251668413,-0.0147207667152822,-0.0322520276405598,-0.584394514525557,-0.00443015894895083,-0.0331912301429075,0.00123179666789107
0.115685682493913,-0.0345438883680627,-0.0328071843633483,-0.585953079884926,-0.00499769937124855,-0.0342130018267373,0.000320125542403851
0.0676341482027945,-0.0514616570943036,-0.0335212171975492,-0.586065633532542,-0.00561823087066589,-0.035036074597652,-0.000628757159836737
0.0221519266073098,-0.0655549735191573,-0.0343234327662655,-0.584777456517957,-0.00623691565250908,-0.0356628231283531,-0.00158590274155926
-0.0205003003363945,-0.0770303707808544,-0.0351538303758523,-0.582145239485562,-0.00680950294709748,-0.036100455037094,-0.00251934380888051
-0.0603984230528862,-0.086164470359335,-0.0359783099088382,-0.578258036008627,-0.00730982099700488,-0.0363578742546154,-0.00339559634317928
-0.09783927724867,-0.0932572329748716,-0.0367976252838333,-0.573244098689699,-0.00773221150844728,-0.0364427601718062,-0.00418160950351243
-0.133221452047649,-0.0985966721334416,-0.0376477584135075,-0.567259465993505,-0.00808923014993952,-0.0363596418513245,-0.0048471001477397
-0.166939704008351,-0.102433065959759,-0.0385908198229516,-0.560460370959738,-0.00840576525203673,-0.0361094309072798,-0.00536712485162426
-0.199303468639877,-0.104961223375786,-0.0396979544120282,-0.552967734610755,-0.00871124412069306,-0.0356904989226026,-0.00572454240574709
-0.230487734801494,-0.106311526728769,-0.0410286984781327,-0.544836017663976,-0.00903192907716963,-0.0351009491848724,-0.00591182724384266
-0.260521136414426,-0.106551119338757,-0.042613225330993,-0.53603791085642,-0.00938522486426672,-0.0343413270066009,-0.00593169764873461
-0.289308713473373,-0.105694862082142,-0.0444432692535964,-0.526470323872823,-0.00977719998795385,-0.0334168517942658,-0.00579631332812601
-0.31667796429968,-0.103722910146631,-0.0464740961400403,-0.515978586571554,-0.0102033487461619,-0.0323384659767961,-0.0055252505518137
-0.342431681419612,-0.100600043878684,-0.0486355389414108,-0.504389266496566,-0.0106515597397373,-0.0311224795782454,-0.00514281885367356
-0.366392527184594,-0.096292292871894,-0.0508472519877032,-0.491540767708729,-0.0111058229087604,-0.0297890879912661,-0.00467536248041483
-0.388430684220327,-0.0907783273349189,-0.0530330688399233,-0.47730426141297,-0.0115494587196596,-0.0283603167959433,-0.00414901484215253
-0.408473285419644,-0.0840552835719876,-0.0551310662009282,-0.461592732068735,-0.0119672603719345,-0.0268579592490755,-0.003588105609838
-0.42649967535963,-0.0761402116726249,-0.0570982529712159,-0.444360334848005,-0.012346516174322,-0.0253019200177747,-0.00301420398799803
-0.442528714616543,-0.0670688690855003,-0.0589105885281556,-0.425596252769532,-0.0126772112192685,-0.0237091647911713,-0.00244566845164182
-0.456604062708233,-0.0568934066349646,-0.0605599140991615,-0.405317196532331,-0.0129517934346737,-0.0220932934548111,-0.00189754690616538
-0.468781593873567,-0.045679929508554,-0.0620494629737092,-0.383561229482921,-0.0131648151514084,-0.0204646226309153,-0.00138169008262867
-0.479120675271612,-0.0335062931109124,-0.0633892158126066,-0.360383627532062,-0.0133126227449169,-0.0188305860198901,-0.000906975858131757
-0.487678978723343,-0.0204600983762198,-0.0645918381741131,-0.335854082820475,-0.013393140165806,-0.0171962531737118,-0.000479580479919621
-0.494509203639894,-0.0066367454439761,-0.0656694763606697,-0.310054009068462,-0.0134057093147961,-0.0155648097517021,-0.000103265655871131
-0.499656148243148,0.00786244435816424,-0.066631441178785,-0.283073273246766,-0.0133509311606477,-0.0139379280651986,0.000220326216846096
-0.503153512348556,0.0229318559047664,-0.0674827362836799,-0.255006617374611,-0.0132304762335039,-0.0123160372844074,0.000491367630994875
-0.505021560695982,0.0384627606119947,-0.0682234811467911,-0.225951025014931,-0.0130468891785402,-0.0106985636179077,0.000711535072846894
-0.505268075588368,0.0543441451888582,-0.0688493749390561,-0.196005386136689,-0.0128034548109392,-0.00908421307626368,0.00088370541302692
-0.50389481130264,0.070463737043372,-0.0693533006482758,-0.16527275657555,-0.0125041884274129,-0.00747131298000752,0.00101168108708242
-0.500909087862898,0.0867099639155695,-0.0697278458919261,-0.1338636349368,-0.0121539414530966,-0.00585813995660537,0.00109996083246767
-0.496334952560374,0.102974880838913,-0.0699678392497309,-0.101896970314629,-0.0117584792723891,-0.00424309274441611,0.00115355238399664
-0.490212828123249,0.119156165552465,-0.0700712334717462,-0.0694959811287218,-0.0113242666552841,-0.00262460380109601,0.00117779666529313
-0.482579322503064,0.135154544051726,-0.0700369942110252,-0.0367804462504127,-0.0108578006320105,-0.00100090175575793,0.00117817125235426
-0.473443282273106,0.150867254742886,-0.0698620474775847,-0.00386388356586433,-0.0103649358385529,0.00062997797933821,0.00116010544301799
-0.462806984517476,0.166190175524434,-0.0695443443708696,0.0291390101018906,-0.00985132721378202,0.00226977442123728,0.0011289381480502
-0.450724453423819,0.181034583993713,-0.0690913748262729,0.0621095256000903,-0.00932366527609028,0.00391989698178974,0.00109000146628569
-0.437287230310198,0.195327023589358,-0.068518200536276,0.0949336996961875,-0.00878923354263839,0.00558176803463416,0.0010485391894202
-0.422561099434636,0.208987492064606,-0.0678377291524407,0.127500984165387,-0.00825449960453152,0.00725656036666766,0.00100950935816624
-0.406591909504172,0.22192764977575,-0.0670609691487784,0.159698695634176,-0.0077252544116839,0.00894483430964031,0.000977559571280776
-0.389439059234563,0.234063450402904,-0.0662017022693022,0.19141588680143,-0.00720727052030667,0.0106466941400292,0.00095706271800932
-0.371181780272382,0.245319568750819,-0.0652771642400696,0.222547911467922,-0.00670634756225102,0.0123619200880457,0.000952071487773936
-0.351909510303258,0.25562609213525,-0.0643061592199358,0.252996141379437,-0.00622803091515294,0.0140898062767107,0.000966215351873329
-0.331714328023964,0.264914999279533,-0.0633073681803816,0.282665787923498,-0.00577736466658647,0.0158288780615316,0.00100257787055292
-0.310688789516061,0.273119195672989,-0.0622984582069384,0.311464763991406,-0.00535872809481487,0.0175766451919635,0.00106355927539636
-0.288926770251036,0.28017380665481,-0.0612956685784503,0.339304446128724,-0.00497570234907947,0.019329438475794,0.00115072015255843
-0.266524293327492,0.286018233619924,-0.0603133813508618,0.366101523068385,-0.00463091667494109,0.0210822937011806,0.00126460496398571
-0.243578889699015,0.290597792371817,-0.059363407005758,0.391779859842061,-0.00432586214376498,0.0228288382680128,0.00140455191509423
-0.220187208323334,0.293864252953791,-0.0584539228215131,0.416271601489041,-0.00406068727074821,0.0245611570692733,0.00156850287502629
-0.196441234425341,0.295775068205972,-0.0575881661377019,0.439517265832987,-0.00383400462690346,0.0262696493262657,0.00175283405960698
-0.172423585768584,0.296291279018223,-0.0567630832190461,0.461464880907365,-0.00364274306200555,0.0279429122740615,0.00195223460618717
-0.148202438252599,0.295374336977338,-0.0559682433336846,0.482068557006444,-0.0034820856720338,0.0295677134940676,0.0021596669229252
-0.12382652700056,0.292982081256697,-0.0551853675134154,0.501286737393351,-0.00334553506003361,0.0311291080257871,0.00236644667797868
-0.0993207981495026,0.289064287588224,-0.0543888465071626,0.519080288996476,-0.0032251485388986,0.0326107459558154,0.00256248087811295
-0.0746834528485686,0.283558421696078,-0.0535475544651812,0.535410463554712,-0.00311197833987061,0.0339953905004011,0.00273669581535129
-0.0498852385454278,0.27638646810899,-0.0526280726192733,0.550236749234605,-0.00299672913902378,0.0352656336503561,0.00287766953735468
-0.0248717045194732,0.267453798183709,-0.0515991050322748,0.563514753338881,-0.0028706022270117,0.0364047592313961,0.00297445327830384
0.000431373829770973,0.25665083438146,-0.0504364564123843,0.575194505695171,-0.00272623692309468,0.0373976701568455,0.00301752407684868
0.0261100497887504,0.243857586688739,-0.0491275738483517,0.585219664798109,-0.00255860331660565,0.038231764254004,0.00299976291649684
0.0522532092672962,0.228950205983861,-0.0476745375972125,0.59352805068287,-0.00236567871694844,0.0388976281892009,0.00291731432844267
0.0789442757723318,0.211807970788916,-0.0460946766091351,0.600053799571027,-0.00214878346422062,0.0393894381214579,0.00277017328326889
0.106254666611913,0.192318998024824,-0.0444186413221771,0.604731089677608,-0.00191256239944823,0.0397049959747502,0.00256237407606599
0.134238295718714,0.170383908790618,-0.0426865783617035,0.60749926004594,-0.00166473685145215,0.039845400243316,0.0023017214540607
0.162924164709798,0.145918402191953,-0.0409436223007257,0.608308952897257,-0.0014158378849768,0.0398144062377329,0.00199908408345444
0.192302513873202,0.118857671942569,-0.0392359769356846,0.6071288810295,-0.00117908411706922,0.0396175748623385,0.00166734138284031
0.222300628299946,0.0891666509080467,-0.0376083217492184,0.603952408781776,-0.00097035224763269,0.0392613183512506,0.00132012266879851
0.252748658615611,0.0568590950243909,-0.0361024156808471,0.598802610099487,-0.0008078728982618,0.0387519718068528,0.000970510109088761
0.283343691755071,0.0220245100374735,-0.0347559962912774,0.591733633451355,-0.00071106089415649,0.0380950429828798,0.000629902009649542
0.313628861824755,-0.0151444203234634,-0.0336009038295203,0.582826236613155,-0.000698030286632654,0.0372948351455542,0.000307240777486289
0.343006800741087,-0.0543367737671532,-0.032660024712607,0.572176824136993,-0.000781997484905918,0.036354616631541,8.75935633108911e-06
0.370796860929945,-0.0951330477072923,-0.0319438546918333,0.559882405919571,-0.000967680765791681,0.0352773716739391,-0.000261739431610003
0.396324884884215,-0.137042564959223,-0.0314483371808756,0.546026612061806,-0.00124927730317557,0.0340669147410403,-0.0005022452776598
0.419015913584946,-0.179557924245697,-0.0311553537768408,0.530672128680616,-0.00161108293182598,0.0327289550571471,-0.000711841954093572
0.438458419328191,-0.222207446129971,-0.0310359454153566,0.513861876476012,-0.00203055467626904,0.0312717127670595,-0.000890208824128709
0.45442458472002,-0.264589606266683,-0.0310550420996937,0.495627014437888,-0.00248252385672774,0.0297059112105967,-0.00103741736128155
0.466851921524271,-0.306384333410442,-0.0311760857513844,0.475997405519636,-0.00294305569049256,0.028044240898541,-0.0011539498696456
0.47580351140533,-0.347346170905261,-0.0313644462777756,0.455010445064932,-0.00339202211665574,0.0263005385064851,-0.00124079627921685
0.481424138990691,-0.387288332278771,-0.0315893368773226,0.432716064220098,-0.00381421868962809,0.0244889187543774,-0.00129951177582963
0.48390300892306,-0.42606529910564,-0.0318245015019693,0.409177787564509,-0.00419935575985261,0.0226230165143969,-0.00133218559113362
0.483446759756855,-0.463558119234794,-0.0320481327391217,0.384470920898326,-0.00454139871410544,0.0207154087139712,-0.00134132788131388
0.480262336617056,-0.49966375615683,-0.0322424291790626,0.358679432419973,-0.00483765679909034,0.0187772363598101,-0.00132970933355316
0.474547608536879,-0.534288312571795,-0.0323930605992906,0.331892815653868,-0.00508787546475387,0.0168180133217567,-0.00130019115254956
0.466487469079121,-0.567343479610858,-0.0324886834603376,0.304203709408315,-0.00529345992570856,0.0148455908659212,-0.00125557352188622
0.456253454070828,-0.598745462366857,-0.0325205576481535,0.275706453590566,-0.00545687156464245,0.0128662338381058,-0.0011984776267546
0.444005078406419,-0.628415349869045,-0.0324822465440293,0.246496209716724,-0.00558118775233822,0.0108847547393886,-0.00113126474919652
0.429891585022874,-0.65627991275682,-0.0323693635561453,0.216668247228124,-0.00566979422556126,0.00890466689939418,-0.00105598917947819
0.414053102217722,-0.682271666177246,-0.0321793158426753,0.18631704449048,-0.00572617212492147,0.00692833235549975,-0.00097437821226539
0.396621140840577,-0.706327879985754,-0.0319110423033779,0.155535369542334,-0.0057537520927305,0.00495711136252478,-0.000887833348879658
0.377718935490274,-0.728389048471267,-0.0315647779266012,0.124413696308611,-0.00575581979711955,0.00299152898060572,-0.000797448141616917
0.357462604203767,-0.748398454486801,-0.0311419163299554,0.0930403260009865,-0.00573547055276087,0.0010314692001187,-0.000704039740220978
0.335963345512264,-0.76630380314886,-0.0306449935702083,0.0615019941500526,-0.00569560681714103,-0.000923622743981775,-0.000608190201144789
0.313329912028059,-0.782060243869819,-0.0300777387599695,0.0298843511591381,-0.00563896086685414,-0.00287456104983213,-0.000510292735813338
0.289669944046155,-0.795632054452103,-0.0294450638972716,-0.0017281611490189,-0.00556811481794617,-0.0048222749973941,-0.000410598572415302
0.265089330105875,-0.806990282298608,-0.0287528956436742,-0.0332528510608672,-0.00548549276281216,-0.00676766926841358,-0.000309263084282357
0.239690963683381,-0.816107878276177,-0.0280079289880223,-0.0646088529180959,-0.00539334123350931,-0.00871144954872064,-0.000206395070936426
0.213575014817962,-0.822957647670454,-0.0272175025001887,-0.0957165458257939,-0.00529373328168918,-0.010653932025022,-0.000102112938986865
0.186841128682079,-0.827516196172111,-0.0263896760071553,-0.126497141363071,-0.00518861301235995,-0.0125949065354742,3.39266626278253e-06
0.159590035976014,-0.829768506557108,-0.0255332886837371,-0.156872979661211,-0.00507983639509385,-0.0145335526234195,0.000109794728411491
0.131923073089427,-0.829706340786937,-0.0246577776373509,-0.186767509666023,-0.00496916728916487,-0.0164683146923546,0.000216564402947831
0.103940737433549,-0.827321560835696,-0.0237728264234305,-0.216104104651764,-0.00485823649797738,-0.0183966885707867,0.000322903571831906
0.0757423342349221,-0.82260193117158,-0.0228880953889246,-0.244804528319647,-0.00474851099301893,-0.0203150179671308,0.000427677203639695
0.0474265770980082,-0.81553221256185,-0.0220131002990924,-0.272788317605102,-0.00464128369738622,-0.0222183999259716,0.000529353168693244
0.0190917494244263,-0.806095757216295,-0.0211570870121289,-0.299972709588592,-0.00453765038211003,-0.0241006550269831,0.000625957264446134
-0.00916495468765109,-0.794272667711114,-0.0203288106889478,-0.326272015584649,-0.00443845161589328,-0.0259542752883993,0.000715050010832267
-0.037248368280905,-0.780035031487227,-0.0195362712018747,-0.351596144658652,-0.00434418885904043,-0.0277703349048637,0.000793733494135988
-0.0650661070704754,-0.763342590319359,-0.0187865289300437,-0.375849224283874,-0.00425494490896606,-0.0295384431350149,0.00085869983008505
-0.0925292094199444,-0.744140784217654,-0.0180856770432561,-0.398929312512274,-0.00417033816104079,-0.031246813109067,0.000906333195356677
-0.119552777701044,-0.722360970177,-0.0174389863634991,-0.420729462738319,-0.00408953765771418,-0.0328824567564599,0.00093287442643171
-0.146056333726353,-0.697922144908307,-0.0168512192804458,-0.44113985739371,-0.00401136993070554,-0.0344314691214996,0.000934653040425043
-0.1719632188143,-0.670734683792821,-0.0163271151505927,-0.460050854264107,-0.00393455112856135,-0.0358793703006776,0.000908387397515765
-0.197198215864441,-0.640707363592919,-0.0158720256676739,-0.477356918947711,-0.00385805875238819,-0.037211479385637,0.000851547101855854
-0.221682801178208,-0.607759105719206,-0.0154926296909709,-0.492961529944915,-0.00378161030763244,-0.0384133072989305,0.000762760097653177
-0.24532808133,-0.571835558597459,-0.0151975837978229,-0.506782775804888,-0.00370614347744548,-0.0394709460366001,0.000642226518323877
-0.268026565498383,-0.532928258319828,-0.0149979139151919,-0.518758701671861,-0.003634126234204,-0.0403714191382092,0.000492073032098918
-0.28964533027835,-0.491091872715076,-0.0149069868995006,-0.528851154309791,-0.00356952225256079,-0.0411029831249843,0.000316554939777562
-0.310023789848734,-0.446453595831676,-0.0149400243490271,-0.537046725892641,-0.00351733652541761,-0.0416553866680507,0.000122007324232099
-0.328978514323735,-0.399210527116654,-0.0151133058985471,-0.543354321962686,-0.00348285117646868,-0.0420201367571844,-8.35170936233251e-05
-0.346314890847643,-0.34961504326244,-0.0154433089500849,-0.547799947251858,-0.00347081586775947,-0.0421908061490561,-0.000290907232742575
-0.361842435191344,-0.297953134346122,-0.0159459615841091,-0.550420313208033,-0.00348486108050104,-0.042163373857969,-0.000490844332408536
-0.375389222521371,-0.244523130740051,-0.0166359876468289,-0.551257165977302,-0.00352724406844846,-0.0419365463472762,-0.000674684909209604
-0.38681194760093,-0.189620636339309,-0.0175261648227688,-0.550353581120955,-0.0035988420707981,-0.0415119856167046,-0.000835223969688406
-0.396000529357741,-0.133531419954823,-0.0186263371774081,-0.547752411161613,-0.00369921946364635,-0.040894384761389,-0.00096723810490022
-0.402878272364294,-0.0765303933939573,-0.0199422055690542,-0.543496300715448,-0.00382664804081523,-0.0400913694562365,-0.00106776919734213
-0.407399354887682,-0.0188832949849992,-0.0214741178700847,-0.537628336434125,-0.00397807331723291,-0.0391132302776405,-0.00113615590568405
-0.409545163532895,0.0391517065305342,-0.023216170778951,-0.530192585599423,-0.0041491014924555,-0.0379725119475389,-0.00117384848880014
-0.409320434532848,0.0973237729901608,-0.0251558796831859,-0.521234244654891,-0.00433409246740118,-0.0366835037317062,-0.00118405924379306
-0.406749634795518,0.155390511558759,-0.0272745153817058,-0.510799433538555,-0.00452640028578513,-0.0352616785938988,-0.0011713098923941
-0.401873771056592,0.213119755643793,-0.0295480348476954,-0.498934881926425,-0.00471874432846247,-0.0337231304795473,-0.0011409391099991
-0.394747678920489,0.270291251773512,-0.0319484094571833,-0.485687724590913,-0.00490365243552876,-0.0320840496274096,-0.00109862706420246
-0.385437765377649,0.326697734001052,-0.0344451078205072,-0.471105493774575,-0.00507390288403782,-0.0303602623754325,-0.00104998061014606
-0.374020181423912,0.382145211756539,-0.0370065183276749,-0.455236334430658,-0.00522290282065685,-0.0285668533543253,-0.00100020607939031
-0.360579291321367,0.436452507255007,-0.039601156873797,-0.43812929271631,-0.00534496292978668,-0.0267178708234901,-0.000953879638707524
-0.345206399499024,0.489450265680566,-0.0421985898691498,-0.419834637789238,-0.00543545515781391,-0.024826117230264,-0.000914811669347205
-0.327998666679436,0.540979691196158,-0.0447700662525709,-0.400404149576898,-0.00549086102798038,-0.0229030188468393,-0.000885992008048832
-0.309058171950005,0.590891243136315,-0.0472888969565879,-0.379891348850005,-0.00550873169852524,-0.0209585658754343,-0.000869597818164813
-0.288491160644133,0.639043581945239,-0.0497306510385144,-0.358351754657617,-0.00548758816445476,-0.0190013170124953,-0.000867044611147814
-0.266407394454873,0.685302834584842,-0.0520732271369784,-0.335843106497507,-0.00542678793897585,-0.0170384516270809,-0.000879061866979469
-0.24291958837284,0.729542241763112,-0.0542968570997483,-0.312425567003138,-0.00532638173003871,-0.0150758575823386,-0.000905777719196993
-0.218142879576793,0.771642092785784,-0.0563840777357721,-0.288161863381857,-0.00518697727747373,-0.0131182408442429,-0.00094680059226284
-0.192194270045169,0.811489696938173,-0.0583196847202538,-0.263117306722373,-0.00500962120317687,-0.0111692445719553,-0.00100128916887568
-0.165192126177917,0.848979402308365,-0.0600906925310688,-0.237359792161001,-0.00479570742072309,-0.00923157579815534,-0.00106800561262243
-0.137255760384411,0.884012552434853,-0.0616863047986384,-0.210959803472002,-0.00454691548893812,-0.00730713485098639,-0.0011453494562997
-0.108505176166935,0.916497516185779,-0.0630979088173559,-0.183990518546508,-0.00426518076015626,-0.00539714677668732,-0.00123137197859818
-0.0790610233888607,0.946350028531955,-0.0643191070729245,-0.156528079597796,-0.00395269575383878,-0.00350229215938795,-0.00132377272957405
-0.0490446927014158,0.973493605930145,-0.0653457589803006,-0.128651931459331,-0.00361193711941926,-0.00162282894101807,-0.00141988073024836
-0.0185785454411489,0.997860050363284,-0.0661760205308271,-0.10044521908427,-0.00324571265594205,0.000241298221150501,-0.00151662441051091
0.0122137740773223,1.01938940404431,-0.0668103234721238,-0.0719951288341262,-0.00285721866438142,0.00209036553609948,-0.0016104946058338
0.0432068779408346,1.03802951656954,-0.0672512922018745,-0.0433932373596156,-0.00245010077241624,0.00392479175760391,-0.00169750712948639
0.0742730317955576,1.05373549712705,-0.0675036057034575,-0.0147358658681251,-0.00202850917530408,0.00574507338911839,-0.00177317306609404
0.105281457626702,1.06646967221139,-0.0675738416363298,0.0138756040710393,-0.00159713937298606,0.00755173695368246,-0.00183248650534057
0.13609783006354,1.07620203036382,-0.0674702996744266,0.0423347135696601,-0.00116124002583677,0.00934531057360834,-0.00186994121761745
0.166583973945224,1.08291043487724,-0.0672027795599257,0.0705303499196012,-0.000726575550531028,0.0111263113896867,-0.00187958540004445
0.196597934392724,1.08658056320263,-0.0667823395352969,0.098347752219751,-0.000299329446842097,0.0128952384622694,-0.00185512615300375
0.225994669695449,1.08720619582114,-0.0662211226573198,0.125670239372608,0.000114058754526913,0.0146525633165143,-0.00179009505917674
0.254627475753791,1.08479011366966,-0.0655323042309851,0.152381708167299,0.000507123731047686,0.0163987095277563,-0.00167808176418759
0.282350529409776,1.07934645781935,-0.06473025278086,0.178370029879598,0.000873664068240184,0.0181340169844471,-0.00151303973890475
0.309022436871368,1.07090365796992,-0.0638308492242819,0.203531131258165,0.00120807205868475,0.0198586681271642,-0.00128965758983046
0.334510533087147,1.05950738193937,-0.0628518853020363,0.227773328662454,0.00150567205183285,0.021572551198573,-0.001003782555535
0.358695563208244,1.04522328321063,-0.0618134134506052,0.251021347842707,0.0017630299813324,0.0232750419004498,-0.000652876234142701
0.381476312344922,1.02813942369353,-0.0607378513730575,0.273219438136304,0.00197820113177478,0.0249646962355328,-0.000236477507360424
0.402773484051068,1.00836745158985,-0.0596495375844593,0.294332911293162,0.00215089776381673,0.0266388475646853,0.000243355456972518
0.422531980786205,0.986041266568407,-0.0585733978022598,0.314347492627942,0.00228258177312591,0.0282931103300851,0.000781650756141587
0.440720670969732,0.961311707134901,-0.0575324280810333,0.333266036329288,0.00237651355672362,0.0299208094968593,0.00137019836937288
0.457328844537327,0.934336040560168,-0.0565438751724734,0.351102474670244,0.00243780536224901,0.0315123860163177,0.00199731491275614
0.472358953739081,0.905261865094561,-0.0556143265624927,0.367873372538323,0.00247352079901274,0.0330548783603919,0.00264771944151273
0.485815755284085,0.874206036122792,-0.0547343862798403,0.383587976776408,0.00249281620127113,0.0345316294453238,0.00330255659941305
0.497692575206127,0.841230454094577,-0.053874158917692,0.398238071372569,0.00250702791261152,0.0359223955880606,0.00393963054211828
0.507956803923524,0.806319375579449,-0.0529813363550113,0.411789730265959,0.00252949256490889,0.0372040626024194,0.00453395186022648
0.516537833018742,0.769364956806914,-0.0519838818350827,0.424179359554246,0.00257479075723761,0.0383521115678432,0.00505873125692876
0.52332175902462,0.730169583950612,-0.0507988312431169,0.43531652165383,0.00265712180513102,0.0393428470502021,0.00548694694354842
0.528156909123051,0.688472270857759,-0.0493471652286303,0.445095088447553,0.00278774069641375,0.040156159860974,0.0057935190293283
0.530871720609948,0.644000457492016,-0.0475721475308349,0.45341195065844,0.00297183606154764,0.0407782926273693,0.00595791372170412
0.531302007991465,0.596538720060737,-0.0454559517531964,0.460189346752488,0.00320574177530511,0.0412038582363207,0.00596671942193194
0.529320006497359,0.545996319754065,-0.0430285029935899,0.46539429057747,0.00347561965810054,0.0414364092948902,0.00581553717293231
0.524855659967168,0.492452436377849,-0.0403645525006987,0.469048356722562,0.00375842746366279,0.0414872502790873,0.0055095949440107
0.517903141859029,0.436164917265446,-0.0375695479291766,0.471223905414808,0.00402514641292778,0.0413727710893017,0.00506287997292934
0.508511692483905,0.377542590292013,-0.0347593612112913,0.47202770350311,0.00424535893745542,0.0411110711320984,0.0044961027149823
0.496765641411018,0.317093886307048,-0.0320407001389531,0.471576997640088,0.00439186740217045,0.0407187639172281,0.00383414904023332
0.482761333972834,0.255369446994006,-0.0294974612203668,0.469974881772382,0.00444427494976828,0.0402086398859571,0.00310367587740404
0.46658779680158,0.192912861430859,-0.0271849409119153,0.467290869656197,0.00439101878578476,0.0395884925964753,0.00233123611750871
0.448315049853143,0.130226319703849,-0.025130848339111,0.463550148255757,0.00422986720993418,0.0388610835386334,0.00154199879784348
0.427990991742708,0.0677515600091458,-0.0233405847997311,0.458732419459397,0.00396717796383998,0.0380250231488409,0.00075892716332037
0.405645601966556,0.00586297975103301,-0.0218041709473868,0.452779132159369,0.00361629657571533,0.0370762525068247,2.22657020537182e-06
0.381300215700921,-0.0551310113823026,-0.0205028825453061,0.445606752734802,0.00319545904808926,0.0360098026072436,-0.000711072661196159
0.354979211532737,-0.114981808853368,-0.019414498945898,0.437123117726348,0.00272552245409449,0.0348215271525682,-0.00136744784211689
0.326721563301508,-0.173492089764708,-0.0185167853382842,0.427243925346742,0.00222780101954382,0.0335095568163443,-0.00195711397761157
0.296590076434882,-0.230506638639043,-0.0177893227900459,0.415906786244583,0.0017222269406859,0.0320752927161019,-0.00247410226630004
0.264676794824974,-0.285903613913655,-0.0172140800947916,0.403080960126646,0.001225981030895,0.0305238470023711,-0.00291614349000402
0.231103974314778,-0.339586925038092,-0.0167752222966222,0.388771884862397,0.000752654523120478,0.0288639399401984,-0.00328434304717152
0.19602090320639,-0.39148002308252,-0.0164586078996591,0.373020560026345,0.000311922815024394,0.0271073463602656,-0.00358267255626037
0.159597590616938,-0.441521036085129,-0.0162512954750832,0.355898664714616,-9.03500894349064e-05,0.025268039560708,-0.00381733386694664
0.122016867164737,-0.489659020207787,-0.0161412256821106,0.337500975326831,-0.000451692433836694,0.0233612112308826,-0.00399606774379345
0.0834663904535216,-0.535850898988857,-0.0161170995331472,0.317936683164401,-0.000772415169036335,0.0214023204219824,-0.00412747679044994
0.0441318139679515,-0.580058810367574,-0.0161683913444983,0.297321139491518,-0.0010549230344458,0.0194062929407922,-0.00422041824770336
0.00419183272242648,-0.62224766507585,-0.0162854017407003,0.275769050932266,-0.00130303254714667,0.017386936069242,-0.00428350054662811
-0.0361846785784323,-0.662383015618737,-0.0164592741734675,0.253389716957954,-0.00152135505384803,0.0153565910939952,-0.00432469748787857
-0.0768396746410568,-0.700429377399506,-0.0166819310275757,0.230284365601909,-0.00171477698576285,0.0133260041328717,-0.0043510764720147
-0.117625563856531,-0.736349038513292,-0.0169459196234943,0.206545268041488,-0.00188804815096001,0.0113043710116353,-0.00436862548034907
-0.158403931887427,-0.770101298689767,-0.0172441852337863,0.182256167929273,-0.00204547374986591,0.00929950585911175,-0.0043821581875458
-0.199043721710714,-0.801641858306311,-0.0175697989146084,0.157493528763083,-0.00219069624089565,0.00731808541915841,-0.0043952751195694
-0.239419111766425,-0.830922385815743,-0.0179156791951817,0.13232831289738,-0.00232654995968865,0.00536593708178816,-0.0044103632311188
-0.279407267203456,-0.857890348917029,-0.0182743431593672,0.106828080583311,-0.0024549713429298,0.00344834445211398,-0.00442862002940477
-0.318886084813722,-0.882489193780765,-0.018637715058626,0.0810592500965042,-0.00257694977192147,0.00157034812981641,-0.00445009222061868
-0.357732062699233,-0.904659073343462,-0.0189970159382977,0.0550894139643752,-0.0026925081250942,-0.000262977334458487,-0.00447372331676997
-0.395818288742459,-0.924337973959388,-0.01934274894776,0.0289895696304304,-0.00280070445588002,-0.00204629074276099,-0.0044974063410132
-0.433012457725874,-0.941462761974889,-0.019664776486771,0.00283614425545549,-0.00289965186332429,-0.00377381065768494,-0.00451803955740116
-0.469174908221092,-0.955970277428591,-0.0199525087313964,-0.023287214021068,-0.0029865558354154,-0.00543921361652676,-0.00453158874932909
-0.504156856069084,-0.967798622929363,-0.0201952088061907,-0.0492881724554885,-0.00305777423059116,-0.00703561687302374,-0.00453316143608312
-0.53779923023816,-0.976889149794361,-0.0203824239054795,-0.0750647463112917,-0.00310890699509006,-0.00855566184150636,-0.00451710101106213
-0.569932396344101,-0.983189090788694,-0.0205045270751067,-0.100505086281266,-0.00313492189664198,-0.00999171195534674,-0.00447710614153276
-0.600376824311367,-0.986654305170337,-0.0205533273403454,-0.125488247660048,-0.00313032040925015,-0.0113361677212995,-0.00440637751161634
-0.62894491911988,-0.987251910601886,-0.0205227002412569,-0.149886135730057,-0.00308934624108756,-0.0125818911872855,-0.00429779343550998
-0.655443941057547,-0.984962324281071,-0.0204091596711054,-0.173566674845345,-0.00300623752966858,-0.013722718393415,-0.00414411110327431
-0.679680332973872,-0.97978088038529,-0.0202123184770745,-0.196398266776941,-0.00287552066014042,-0.0147540303745813,-0.00393818947944159
-0.701465137828307,-0.971718472520759,-0.0199351707884264,-0.218255369065698,-0.00269234124067119,-0.0156733364751863,-0.00367322227082661
-0.720620113624332,-0.96080087480539,-0.019584168043646,-0.239024892359522,-0.00245282719646773,-0.0164808166565643,-0.00334296742755629
-0.736983873220204,-0.947066331971669,-0.0191691027905179,-0.258612955756853,-0.00215448035669408,-0.0171797667371714,-0.00294195865429801
-0.750417656004945,-0.930561682209206,-0.018702875411265,-0.276951585103716,-0.00179659794404968,-0.0177769070612248,-0.00246568960624167
-0.760810390922933,-0.911337442273156,-0.0182012561921261,-0.294004987547138,-0.00138072856765392,-0.0182825327913084,-0.00191076762417461
-0.768083233949655,-0.889442941937371,-0.017682771181013,-0.309775256450089,-0.000911167927839717,-0.0187105138700492,-0.00127504418777975
-0.772194174922538,-0.864922945032246,-0.0171688042916956,-0.32430753223379,-0.000395489783594299,-0.0190781770587676,-0.000557738553863309
-0.773143437877225,-0.837817170042216,-0.016683913168723,-0.33769461508363,0.000154917621355515,-0.0194061120950784,0.000240422699959743
-0.770980449678352,-0.808164228247592,-0.0162562195712571,-0.350080783652317,0.000724383748357962,-0.0197179438848887,0.001117023950139
-0.76581288718756,-0.776011103613293,-0.0159175619375316,-0.361664125988729,0.00129269199912872,-0.0200400897837368,0.00206771510111289
-0.757817124259664,-0.741428838966582,-0.0157029455805651,-0.372695600682771,0.00183522237272132,-0.0204014783094351,0.00308588436149498
-0.747247590396765,-0.704533635971709,-0.0156487213690226,-0.383471914186677,0.00232375402341444,-0.0208331407858219,0.00416224252531392
-0.73444021897496,-0.665511604116552,-0.0157889950811499,-0.39431792993307,0.00272816470124729,-0.0213675014366969,0.00528430322740705
-0.719802158138116,-0.62464366471455,-0.0161500310629827,-0.405553302418843,0.00301918028088516,-0.0220371054032964,0.00643573484788142
-0.703778272506413,-0.582326415217532,-0.0167429741437756,-0.417438113200435,0.00317211666075983,-0.0228724367892958,0.00759551935144196
-0.686785881318409,-0.539084352180973,-0.0175559865951866,-0.430094669580428,0.00317128768516176,-0.0238984375592477,0.00873683683290784
-0.669115584914966,-0.495568652862445,-0.0185478025605687,-0.443409103116749,0.00301445269471352,-0.025129387587259,0.00982565173178446
-0.650810302024909,-0.452536161226948,-0.0196455749574547,-0.456929317990135,0.00271639192907079,-0.0265620846968604,0.0108192359972493
-0.631556593527156,-0.410798009498297,-0.0207504985404468,-0.469795918750805,0.00231038470999114,-0.0281680096047278,0.0116654311977055
-0.610645837121484,-0.37112401310795,-0.0217544138996991,-0.480764366340171,0.00184602031441593,-0.0298866604445493,0.012304228961088
-0.587068567165955,-0.334097458095591,-0.0225678687375701,-0.488378687527712,0.00138180853891973,-0.0316242216976801,0.0126735863334045
-0.559766547542333,-0.299948582113476,-0.0231532899999022,-0.491307660874415,0.000972553902425752,-0.0332625313857425,0.012720119664074
-0.52797624624602,-0.268443152684171,-0.0235480833993075,-0.488746665409117,0.000655030943391694,-0.0346801095112613,0.0124119623062789
-0.49150813875111,-0.238914037146597,-0.0238605259740911,-0.48069295406036,0.000438959356756799,-0.0357794051725008,0.0117478137128137
-0.450813501684083,-0.210454633259508,-0.0242342454522263,-0.467933781711187,0.000309140874049618,-0.0365080927402208,0.0107569866472745
-0.406816759787592,-0.182187491408784,-0.0247974278199311,-0.451757020143765,0.000237961011606185,-0.0368645426279275,0.00949063429918794
-0.36062821526229,-0.153481004321956,-0.0256215966992692,-0.433553599490142,0.000201050240796666,-0.036887356155522,0.00800939877527191
-0.313283988787963,-0.124042206907237,-0.0267049979322909,-0.414496189549836,0.000188464876751449,-0.036636993674383,0.00637311414977998
-0.265593639167099,-0.0938955378255365,-0.0279796540120972,-0.395378572569558,0.000208186848204947,-0.0361783567629999,0.0046350722165001
-0.218095167105321,-0.0632987133204967,-0.0293325200321728,-0.376598495015678,0.000283163066218945,-0.0355691274446749,0.0028403840288824
-0.171075872254675,-0.0326424007844784,-0.0306317415688045,-0.358223567765993,0.000444832746091573,-0.0348544605504451,0.00102684226400944
-0.124615756746335,-0.00235824408840411,-0.031753472693705,-0.340085182730524,0.00072563447866652,-0.0340664430930361,-0.000773103110807869
-0.0786268105189204,0.0271583879558313,-0.032608263809356,-0.32186885591646,0.00115184084278194,-0.0332262780084136,-0.00253008375529425
-0.0328806617599987,0.0556124098039421,-0.0331667596919169,-0.303191152152005,0.00173723671102713,-0.0323474799446118,-0.0042157109912178
0.012968011953368,0.082860517516684,-0.0334823877365479,-0.283666631643678,0.00247797043835214,-0.0314388652972882,-0.00580097250802109
0.0593465520388882,0.1089453396815,-0.0337049800674318,-0.26297238410752,0.00334928004598627,-0.030506577243611,-0.00725554694599142
0.106702363147753,0.134101357086716,-0.0340761036690329,-0.240913383425324,0.00430536276835317,-0.0295548383798464,-0.00854853281256713
0.155409479440958,0.158720446858126,-0.034897725351164,-0.21748121139911,0.00528379088333611,-0.0285856414151706,-0.00965090985612741
0.205659649005028,0.183273358103662,-0.0364737971065861,-0.192887468598207,0.00621490934954175,-0.0275981112634215,-0.0105394298319906
0.257374002033244,0.208201528185122,-0.0390382286420668,-0.167551055751853,0.00703450864153473,-0.0265885305550727,-0.0112007321362944
0.310174662430582,0.233811638559875,-0.0426942644338964,-0.142032070942635,0.00769589210709083,-0.0255516833867451,-0.011633928563647
0.363432985737068,0.260208213673362,-0.047388924956393,-0.11692899173869,0.00817708950466817,-0.0244833144092772,-0.0118503567956307
0.416374893420321,0.287282010296966,-0.0529301050414396,-0.0927734569302501,0.00848113327688857,-0.0233827463733503,-0.0118705714744865
0.468201096387021,0.314746654182985,-0.05903440589933,-0.0699552478608641,0.00863055541513012,-0.0222546698967167,-0.0117199742989613
0.518186151446419,0.342201618597856,-0.0653845053349214,-0.0486920928104115,0.00865929343765819,-0.021109740963749,-0.0114248612928596
0.565743543740925,0.369201294337867,-0.0716787893219788,-0.0290389110690049,0.00860506767230566,-0.0199641982923932,-0.0110100025919789
0.610459849542788,0.395317015620688,-0.0776653031627751,-0.0109204842876069,0.00850382572250715,-0.0188387391336573,-0.0104977930961115
0.652096829773133,0.420180016393687,-0.0831584551564509,0.00582802073173706,0.00838636585806782,-0.0177565391824557,-0.00990820837983156
0.690553246678086,0.443493885249862,-0.0880395508796318,0.0214213974227435,0.00827657885829001,-0.0167403927628018,-0.00925876168608365
0.725797636782179,0.465020945512415,-0.0922458015505642,0.0360884096331166,0.00819092102305303,-0.015809811626845,-0.00856435873462165
0.757818826801109,0.48457150763584,-0.0957571299077599,0.0500421041278552,0.00813909109109648,-0.0149794809730092,-0.00783756114504826
0.78663017408374,0.50201908821624,-0.0985880933373508,0.0634609975857297,0.00812567751309021,-0.0142594297739132,-0.00708938894226598
0.812291338069326,0.517319246486106,-0.100781789203005,0.0764818178229838,0.00815192895731728,-0.0136555698318944,-0.00632993212085611
0.834886375664706,0.530494330328919,-0.102398719418975,0.0891979313225848,0.00821688946506936,-0.0131694648456108,-0.00556825197556355
0.854471188553934,0.541594410190761,-0.103503073410872,0.101659411615859,0.00831804169079606,-0.0127979379829932,-0.0048120701251614
0.871054867017098,0.550677467295743,-0.104155085802453,0.113877325006054,0.00845204211923185,-0.0125335827807014,-0.00406788398496699
0.884628472386299,0.557818680799712,-0.104410983584804,0.125833851902258,0.00861562585905194,-0.0123660392155633,-0.00334139623189632
0.89519460374705,0.563119942340669,-0.104324311996372,0.137493672522316,0.00880626721220162,-0.012283135770753,-0.00263782099463949
0.902767108145403,0.566700955631327,-0.103944666773061,0.148811717496436,0.00902237544276077,-0.0122714980442073,-0.00196197853500245
0.907354741894917,0.568681303768746,-0.10331537321565,0.159737407589829,0.00926320502499583,-0.0123168804430088,-0.0013183571325052
0.908954954467672,0.569170207184544,-0.102472965568325,0.170218564388706,0.00952876321371211,-0.0124045715749733,-0.000711245633740503
0.907563730666489,0.568267604019881,-0.101448809054131,0.180206487946455,0.00981981053574114,-0.0125199319457424,-0.000144882550791777
0.903189834934022,0.566069154821457,-0.100271246728255,0.18966097000518,0.0101378762856432,-0.0126489159158721,0.000376459197598771
0.895861172835538,0.562667551714202,-0.0989667566448301,0.198553235656294,0.0104851825923958,-0.0127784362043285,0.000848473812999842
0.885621500123591,0.55814915737786,-0.0975599121805707,0.206866204425284,0.01086445500112,-0.0128965616951251,0.00126688726954065
0.87252331451385,0.552589687175201,-0.0960728197026543,0.21459296355471,0.0112786731457734,-0.0129926322440245,0.00162756381417503
0.85662257265008,0.546052431218101,-0.0945246866445863,0.221734645690049,0.0117308254532846,-0.0130573708589708,0.00192664922413544
0.83797722324083,0.538590139707428,-0.0929317826798901,0.22829840209288,0.012223706001111,-0.0130830254935636,0.00216074794270751
0.816647556312679,0.530249068589514,-0.0913076368422827,0.234295340223212,0.0127597496280286,-0.0130635142895807,0.00232711723718604
0.792695930381681,0.521073222325072,-0.0896632658201419,0.239738096586048,0.0133408887899521,-0.0129945355084187,0.00242384751347467
0.766185038939475,0.511107654563649,-0.0880073736949394,0.244637999775572,0.0139684251368508,-0.0128736219593988,0.00244999545749721
0.737175711031245,0.500400765983899,-0.0863466158122472,0.249002200063818,0.0146429266739892,-0.0127001473151506,0.0024056461390098
0.705726082329352,0.489006164388022,-0.0846860673177339,0.252831375943445,0.0153641741830886,-0.0124753093832659,0.00229189539922373
0.671893325865432,0.476984483271778,-0.0830299404242723,0.25611845881551,0.0161311757341717,-0.0122021114329408,0.00211075717646685
0.635738038855013,0.464405174694091,-0.0813824724983583,0.258848468628875,0.0169422546829069,-0.0118853499332099,0.00186501012586148
0.597330056205607,0.451347711833765,-0.0797487734203794,0.260999055745864,0.0177951907609126,-0.0115315968572003,0.00155800248292032
0.556754345870756,0.437901751193099,-0.0781354330217248,0.262541194962727,0.0186873843632448,-0.0111491620088516,0.00119343821421625
0.5141158606642,0.424166021921281,-0.0765507425519224,0.263439470852013,0.0196160102393598,-0.0107480223709973,0.000775168765061147
0.469542932726662,0.410246188214047,-0.0750044970755915,0.263651642871584,0.0205781389931176,-0.0103397152504985,0.00030701409939598
0.423189272949581,0.396252228967693,-0.0735074316618769,0.263127448222548,0.0215708202945652,-0.00993719759549591,-0.000207367480239452
0.37523482438031,0.382296002695125,-0.0720703947524559,0.261806848032035,0.0225911373611719,-0.00955467411635295,-0.000764548131512921
0.325885541109627,0.368489559410606,-0.0707033618658635,0.259618066421205,0.0236362494347805,-0.00920738979441946,-0.00136133355100182
0.275371888578402,0.354944589081522,-0.0694143709787095,0.256475873674988,0.0247034382205593,-0.00891137267809718,-0.0019947035027703
0.223945661873262,0.34177323562809,-0.0682084374299246,0.252280665957807,0.0257901658593948,-0.00868310386524904,-0.00266169845526492
0.171874746419922,0.32909041847261,-0.0670865028874956,0.246919050027211,0.0268941399080528,-0.00853908683498522,-0.00335926405468239
0.119435759915836,0.317017834775905,-0.0660445113095165,0.240266903528529,0.02801337413208,-0.00849529141585871,-0.00408406685871139
0.0669048744280669,0.30568967801502,-0.0650727429005923,0.232196059623583,0.0291462215069253,-0.00856645478204932,-0.00483229496385078
0.014547581158118,0.295259836068451,-0.0641555867848729,0.222585846364139,0.0302913450171444,-0.00876523724187622,-0.00559945569685579
-0.0373914092920088,0.285909837595555,-0.0632719752782292,0.211340564367469,0.0314475829823411,-0.00910125499581594,-0.00638017908362318
-0.0886966686421449,0.277855853100589,-0.0623966728898731,0.198413340461779,0.0326136376131694,-0.0095800403970871,-0.0071680259591995
-0.139187291288756,0.271352098090015,-0.0615025771446626,0.183835863188757,0.0337875065190163,-0.0102020226623205,-0.00795528818165924
-0.188717274169587,0.266686729450262,-0.0605640463031567,0.16775195990001,0.0349655543453074,-0.0109616647170973,-0.00873275229293481
-0.237169751526625,0.264165522546885,-0.0595611227164269,0.150451187994288,0.0361411491297445,-0.0118469442388277,-0.00948939266968624
-0.284444498286763,0.264078307318107,-0.0584843008546907,0.132396378595421,0.0373028558620792,-0.0128394102287699,-0.010211971787145
-0.330439289986114,0.266644193945215,-0.0573392442934284,0.114236658780207,0.0384323393772672,-0.0139150671436151,-0.0108845696723839
-0.375027457376619,0.27193488798144,-0.0561505587649408,0.0967952243055897,0.0395023812270157,-0.0150462942231856,-0.0114881418472315
-0.418036321681941,0.279782107805204,-0.0549634240154084,0.0810202832947047,0.0404757348506441,-0.0162048445407084,-0.0120002985569643
-0.459233616972237,0.28968571100868,-0.0538417001646689,0.0678904632248183,0.0413058026681789,-0.0173656417900463,-0.0123955621981091
-0.498330183746077,0.300751785968594,-0.0528613588135866,0.0582754508559109,0.0419401136527746,-0.0185106445429223,-0.0126463432905202
-0.535004772835127,0.31169850749206,-0.0520990558672841,0.052769597932499,0.0423270628330861,-0.0196316558782638,-0.0127247455459781
-0.568949138470622,0.320962543813348,-0.0516174400353475,0.0515364112423161,0.0424252852089581,-0.0207309232109469,-0.0126050981489639
-0.599920336975654,0.326912449488277,-0.051450813305851,0.0542148334496609,0.0422136476132821,-0.0218189270001213,-0.0122668818130032
-0.627779108378139,0.328130706396956,-0.0515958920212299,0.0599321626202322,0.0416988183261034,-0.0229098224559951,-0.011697521662408
-0.652496544468204,0.323682042764255,-0.0520115046170038,0.0674387878383057,0.0409174583703901,-0.0240160924517211,-0.0108944014076232
-0.674127735151496,0.313272155476366,-0.0526279491493123,0.0753361422614165,0.0399316256144792,-0.025144437756192,-0.00986550026640638
-0.692770872778891,0.297237020097608,-0.0533627934323841,0.0823328548497293,0.0388184638230862,-0.0262943775721908,-0.00862837131125461
-0.708538863622719,0.276375001686281,-0.0541374436522863,0.0874557560174172,0.0376573784924039,-0.0274597090555019,-0.00720772191536955
-0.721561234705124,0.25169863007663,-0.0548892692798558,0.0901663714011394,0.0365184536944064,-0.0286316492268072,-0.0056323397515993
-0.732015119114205,0.224201857287226,-0.0555768651833388,0.0903736627563721,0.0354547233429807,-0.0298019025881455,-0.0039322534656964
-0.740169419927548,0.19470909209585,-0.0561791646643456,0.0883667129960572,0.034499059644021,-0.0309642333823681,-0.00213680058929084
-0.746421761605581,0.163821787831542,-0.0566908088881396,0.0847030513858723,0.0336649504990063,-0.0321139035949288,-0.000273886328166845
-0.751312672606383,0.131938342744754,-0.0571162427088282,0.0800812420864442,0.032949918204945,-0.0332450946846155,0.00162959843963154
-0.755508018571935,0.0993064761558893,-0.0574640920472674,0.0752104210883694,0.0323405627313763,-0.0343468730614067,0.00354638436335241
-0.759745865021995,0.0660709264085034,-0.0577424837111301,0.0706753835954523,0.031818779418946,-0.0353985206744829,0.00544664597389053
-0.764746000663942,0.0322930192620586,-0.0579555000107502,0.066790520123759,0.0313690420256878,-0.0363653124848316,0.00729519650050582
-0.771082725745181,-0.00206459361455334,-0.0581009720100286,0.0634438945292418,0.0309863672035188,-0.0371962838666095,0.00904829505536073
-0.779030332718493,-0.0371765190552318,-0.0581700444535702,0.0599574375331332,0.0306834389666423,-0.0378261922368599,0.0106507254939648
-0.788413934688291,-0.0733841535068996,-0.0581490436164641,0.0550301104347366,0.0304935642749241,-0.0381843226010017,0.0120347547565471
-0.79853695524604,-0.111164478279556,-0.0580237711031654,0.0468708546603111,0.0304648286370232,-0.0382118296028368,0.0131238058694431
-0.808284776311869,-0.150988542140132,-0.0577851724098474,0.0336150588198254,0.0306425054031744,-0.0378852297759022,0.013843762726045
-0.816460293728363,-0.193073606767367,-0.057433912783992,0.0139821242029038,0.0310435879787568,-0.0372366276078601,0.0141413762165393
-0.822251989777382,-0.237132214219439,-0.0569813331850023,-0.0121046537002462,0.0316361955985284,-0.036356905929612,0.014002281408485
-0.825572091742546,-0.282277256171953,-0.0564467116917829,-0.0433283003468979,0.0323377227147682,-0.0353748824759116,0.0134571776484137
-0.8270405278021,-0.327159258696835,-0.0558537705647873,-0.0773780207999765,0.03303373414154,-0.0344216287368671,0.0125712499725638
-0.827645588632231,-0.370251785777413,-0.0552293649495084,-0.111686768398119,0.0336057231705529,-0.0335989447147141,0.0114241944756779
-0.82831893168043,-0.410131578372433,-0.0546043514628317,-0.144087375099128,0.0339540452095202,-0.0329646738935444,0.0100928826320265
-0.829638375562987,-0.445662761919608,-0.0540143471632465,-0.173145780115956,0.0340104277560761,-0.0325345069843697,0.00864277233503119
-0.831719606352201,-0.476081281626949,-0.0534982213588428,-0.198182473231325,0.0337412807319544,-0.0322926693474144,0.00712660705879624
-0.834246213690925,-0.501008958967427,-0.0530936801368344,-0.219111269284257,0.0331447081504495,-0.0322040712381125,0.00558625661304217
-0.836564360664292,-0.520421217429316,-0.0528309143543551,-0.23621865970429,0.0322436946971118,-0.0322237456229183,0.0040548489185944
-0.837796809434507,-0.534586549343162,-0.0527264195268583,-0.249961892709333,0.0310778543809926,-0.0323025772856776,0.00255839554779196
-0.836964928604583,-0.543997723348996,-0.0527793195384855,-0.260824832000272,0.0296960787195702,-0.0323903472795362,0.00111715287061127
-0.833118478486841,-0.549310970809875,-0.0529714981682272,-0.269241912900872,0.0281514333924119,-0.0324376458354085,-0.000253065038628063
-0.825458923822592,-0.551293909087085,-0.0532709942229088,-0.275577831701309,0.0264979887336354,-0.032397506609597,-0.00153975765065292
-0.813426190401816,-0.550769516675938,-0.0536367628603395,-0.28013709750649,0.0247882773135878,-0.0322266931938107,-0.00273300757696085
-0.796725989098606,-0.54854723086613,-0.0540230804091426,-0.283178456414984,0.0230705004914385,-0.0318863985950111,-0.00382516274660359
-0.775302821536367,-0.545349031793016,-0.0543832137401786,-0.284921516333797,0.0213857357792312,-0.0313426810821676,-0.0048107952924683
-0.749286239324088,-0.541749823236809,-0.0546730546134551,-0.285545873805836,0.019765987772879,-0.0305673690051666,-0.00568684070509773
-0.718937050773463,-0.538147406734806,-0.0548552779515559,-0.285188493156728,0.0182336091079017,-0.0295398156689947,-0.00645289118086922
-0.684603367149757,-0.53476394912615,-0.0549035625409736,-0.283943404496094,0.0168019568499085,-0.0282490640962618,-0.0071115638125194
-0.646682733743333,-0.53166983848371,-0.0548056091574569,-0.281864378771668,0.015476774161932,-0.0266954443278413,-0.00766874263025578
-0.605585200141335,-0.528817555717286,-0.0545638041670441,-0.278969712548026,0.0142578180610072,-0.0248907751562612,-0.00813345852712119
-0.561699194135929,-0.526076397948408,-0.0541933271226174,-0.275248884922415,0.0131404822549781,-0.0228570177697463,-0.00851729450865077
-0.515367410127276,-0.523263793756247,-0.0537185534988231,-0.270671614641893,0.0121173400285208,-0.0206238987902776,-0.00883340411984767
-0.466878798607116,-0.520172499637091,-0.05316913204518,-0.265199584072969,0.0111795860774404,-0.0182263019497437,-0.00909537833695398
-0.416476476065035,-0.516593942710824,-0.0525769154031669,-0.258799768353491,0.010318327233302,-0.0157020616170933,-0.00931621320461816
-0.364374820884294,-0.51233700504408,-0.05197425518072,-0.251456782964348,0.0095256345141661,-0.0130904037397754,-0.00950753457088996
-0.310776186713563,-0.507240111441289,-0.0513934719177866,-0.243180892232434,0.00879526930805053,-0.0104309523875713,-0.00967910178365915
-0.255879944337363,-0.501174487252801,-0.0508669373967027,-0.234009060439756,0.00812304858420045,-0.00776311586962517,-0.00983851978754038
-0.199881977922511,-0.494038577374684,-0.0504272354875996,-0.223998542165259,0.00750689075748101,-0.00512574128496989,-0.00999107425051021
-0.142967784375298,-0.485746851441442,-0.0501071241807513,-0.213215010787089,0.00694664205196527,-0.00255702224652143,-0.010139649632032
-0.0853043748933969,-0.476218709868349,-0.0499392697003767,-0.201718940646946,0.00644379488499821,-9.46394365143053e-05,-0.0102847514682711
-0.0270347727530231,-0.465373067828315,-0.0499557773563744,-0.189554022150028,0.00600117066424212,0.00222400034998243,-0.0104246830853473
0.0317239612533632,-0.453131462664793,-0.0501874286766298,-0.176740084341554,0.00562258102034325,0.00436167837291023,-0.0105559096134503
0.0908802047334275,-0.439428420701926,-0.0506623685709993,-0.163271142224722,0.00531243766634939,0.00628169539820433,-0.0106735879882795
0.150365480777245,-0.42422504334416,-0.0514040074736474,-0.149118042727698,0.00507528214118299,0.00794876087239083,-0.0107721966918248
0.210129549627152,-0.407520825988613,-0.0524281059616897,-0.134234759807825,0.0049152365835932,0.00933038723292826,-0.010846173053182
0.270130968485547,-0.389360769021368,-0.0537394759730514,-0.118567889881135,0.00483542642684594,0.010398581544616,-0.0108904948086619
0.330322325215927,-0.369837252426572,-0.0553291511328922,-0.102069039713063,0.00483745283499616,0.0111315675607948,-0.0109011812950501
0.390632331189518,-0.349087886669578,-0.0571730816433785,-0.0847092856406092,0.00492099214847656,0.0115152925905973,-0.0108757202011499
0.450949676732454,-0.327290318762322,-0.0592331553379652,-0.0664936108270186,0.00508357077885904,0.0115445062001616,-0.0108134118697384
0.511113889492136,-0.304653946902707,-0.0614607012155488,-0.0474721889308462,0.00532052875801702,0.0112232196698576,-0.0107155847092445
0.570915856159106,-0.281408032223395,-0.0638018253807524,-0.0277454737682695,0.00562515709040475,0.0105644011042265,-0.0105856069144911
0.630106586083955,-0.25778650875069,-0.0662033036799237,-0.0074615537658317,0.00598897762455859,0.00958887783917564,-0.0104286323537982
0.68840989441853,-0.234011572801158,-0.0686176269189823,0.0131934424012034,0.00640213045915235,0.0083236059009777,-0.0102510812075077
0.745534615920237,-0.210279478181309,-0.071006199821978,0.0340091506271051,0.00685383915204976,0.0067996438400332,-0.0100599354623567
0.801184518110243,-0.186751872230997,-0.0733404171342053,0.0547655829908901,0.00733293591807374,0.00505023711833869,-0.00986198379176389
0.855067269037011,-0.163554404361548,-0.0756010122965943,0.0752458660094302,0.00782844170535906,0.00310933536522928,-0.00966315169153728
0.906904544555888,-0.14078190183891,-0.0777763313764778,0.0952457990274333,0.00833019360884165,0.00101066923173233,-0.00946799455916337
0.956443042935191,-0.118507601366145,-0.0798600293428575,0.114579949983089,0.00882949133635688,-0.0012126739397366,-0.00927935382426502
1.00346189992601,-0.0967934397660598,-0.0818483023768776,0.133084200473653,0.00931969814707848,-0.00352832382777628,-0.00909811534559708
1.0477707841352,-0.0756994764409789,-0.0837366551301944,0.150614519156275,0.00979671801908498,-0.00590446941445057,-0.00892301287791762
1.08919688008476,-0.0552919165505418,-0.0855164935140632,0.167042139651795,0.010259298254084,-0.00830954142478336,-0.00875047378814374
1.12756643227816,-0.0356497718526675,-0.0871723466219258,0.182246543661964,0.0107091657761991,-0.0107118375830562,-0.00857456884482514
1.16269054091319,-0.0168694719897295,-0.0886806818712901,0.196108752556114,0.0111510358795149,-0.0130792933085804,-0.00838714088122852
1.19436112500908,0.000934302815674318,-0.0900108041061516,0.208507244864472,0.0115924939670007,-0.0153796437047076,-0.00817813690020867
1.22235378660209,0.0176333834386084,-0.0911274669509148,0.219317242047519,0.012043665773558,-0.0175811082787189,-0.00793609447358795
1.24642944191602,0.0330970223118467,-0.0919943184356412,0.228412732867452,0.0125165545180274,-0.0196535295958125,-0.00764870735800515
1.26633166750703,0.0472078465862055,-0.0925775279172379,0.235670842939586,0.013023995108254,-0.0215697868509901,-0.00730343423224971
1.28178747368381,0.0598807149391776,-0.092849562851331,0.240979586915584,0.0135783223490768,-0.0233073604863493,-0.00688816939682978
1.29252257106041,0.07108192172502,-0.092793205275397,0.24425025485968,0.014189944722536,-0.0248499806886959,-0.00639198264214912
1.29829281687426,0.0808456792327276,-0.09240526684928,0.245433478311305,0.0148659864038515,-0.0261891755437295,-0.00580585329140642
1.2989198294244,0.0892842574963488,-0.0916987757876005,0.244535053544385,0.0156090557075935,-0.0273253144309257,-0.00512325236545508
1.29431644705749,0.0965887114153456,-0.0907027282273977,0.241627159348362,0.0164161547935643,-0.028267737247183,-0.00434046035968413
1.28449997826929,0.103019391778007,-0.0894598200566021,0.236853383851093,0.0172778208972855,-0.0290339182266417,-0.00345662854072143
1.26960223567699,0.108888090676627,-0.0880235655835195,0.230428632644615,0.0181776630902427,-0.029648019868601,-0.00247367970697296
1.2498835000466,0.114534930406712,-0.0864560053455052,0.222634968363823,0.0190924148158695,-0.0301392954277185,-0.00139614573150203
1.22574617933413,0.120302580196562,-0.0848261486170799,0.213812374656221,0.019992469599007,-0.0305405706550379,-0.000231002535240688
1.19773786340742,0.126509341839459,-0.0832085403948863,0.20434221837805,0.0208427785339478,-0.0308868063837408,0.00101243509891638
1.16653856593225,0.13342231580187,-0.0816813686520746,0.194621784335985,0.0216041002320855,-0.0312137339446815,0.00232246381925772
1.13293233537374,0.141232331825516,-0.0803236686266113,0.185028798624027,0.0222348129386632,-0.0315565918779001,0.00368468722391974
1.09776031131857,0.150033538408178,-0.0792109099042906,0.175874459325402,0.0226936497253426,-0.0319488694190867,0.00508137622770536
1.06184389480932,0.15981272034094,-0.078407780270427,0.167343709516106,0.0229437238585027,-0.0324207001866532,0.00649040543592729
1.02586534152447,0.170456485314531,-0.0779570578979193,0.15942509082784,0.0229581486862732,-0.0329963829432546,0.00788364574509912
0.990206242505772,0.181786324150595,-0.0778645367910959,0.151840969747586,0.0227273910498655,-0.0336905628312441,0.00922477322663423
0.954773688465511,0.193627656281902,-0.0780822854265137,0.144002301027824,0.0222679077073333,-0.0345029260286958,0.0104668734278521
0.918883648972949,0.205903835858929,-0.0784960785571115,0.135027434604564,0.0216300054828604,-0.0354119344537658,0.011551140494866
0.881303488546821,0.218719636234926,-0.078926780189108,0.123871097047893,0.0209001314979698,-0.0363694603798503,0.0124091167038818
0.840538622823565,0.232375834628237,-0.079156113010865,0.109584594202398,0.0201908226826883,-0.0373000873903784,0.0129710791691991
0.795337488653487,0.247268871958746,-0.0789787205408639,0.091652166893832,0.019614777357062,-0.0381096860829706,0.0131806037229031
0.745212236640441,0.263696140695965,-0.0782639270420782,0.0702523275803923,0.0192503334425324,-0.0387045843128035,0.0130101888130819
0.690684634438078,0.281667355420369,-0.0769959993655799,0.0462773603114673,0.0191165314576028,-0.0390151068888066,0.0124695452023571
0.633109650614842,0.300832222677907,-0.0752701436005239,0.0210744487447258,0.0191732691876567,-0.0390120379080419,0.0116016741824776
0.574204016894749,0.320553794392755,-0.0732497867175582,-0.00394972747723994,0.0193450272227316,-0.0387083219282549,0.0104698493292402
0.51555471928461,0.340067311481966,-0.0711120567522185,-0.027661103010187,0.0195521029243139,-0.0381478360506685,0.00914318886299914
0.458307299406648,0.358641078925526,-0.069006157765964,-0.0493559830773641,0.0197336278183307,-0.0373890953508183,0.00768650907972238
0.403071539826494,0.375688059398823,-0.0670334765293728,-0.0687534403344135,0.0198565534886667,-0.0364909191420831,0.00615562429246914
0.349977988562855,0.390816076872988,-0.0652453972789124,-0.0858912398634899,0.0199132918571406,-0.03550309660872,0.00459650883928595
0.298800668041342,0.403827297568706,-0.0636507746761536,-0.100992632941865,0.019913607467919,-0.034462025383667,0.00304639233276093
0.249087144155761,0.414685770806713,-0.0622266761029321,-0.114345504612981,0.019875458949146,-0.0333901290015894,0.00153554436021528
0.200267724677188,0.423471346156314,-0.0609289962516347,-0.126211308325042,0.0198174336947703,-0.0322977347430273,8.91191796667168e-05
0.151736413375291,0.430333015300857,-0.0597017617019309,-0.13676667907273,0.0197536705974623,-0.03118622327276,-0.00127128669544382
0.10290725379441,0.4354475139452,-0.0584850151364815,-0.146074224427301,0.0196911300501227,-0.0300513852420779,-0.00252660455993904
0.0532551113671078,0.438984790668109,-0.057221673852494,-0.154078010574069,0.0196287547437842,-0.0288862252824434,-0.00365993072814464
0.00235013335379634,0.44108114186787,-0.0558637833940189,-0.160620371816231,0.019558135637084,-0.0276828562765616,-0.00465684857018186
