0.407865994598023,0.3065961716453,0.630999528980579
0.406904786025387,0.306637297772251,0.630982801496669
0.404986478694319,0.306719583161186,0.630955879858511
0.402119468326758,0.306843116443104,0.630931683598598
0.398316745793608,0.307008099192298,0.630929218583377
0.393596258405221,0.307214957334664,0.630973117318641
0.387981217037765,0.307464518242741,0.631093018136442
0.381500242602842,0.307758239303456,0.631322795594222
0.374187279110305,0.308098428126274,0.631699672373372
0.366081267311732,0.308488338366613,0.632263257550368
0.357225650125581,0.308931980026368,0.633054558561037
0.348607578861404,0.309376254074292,0.634000697724307
0.340258806429761,0.309819460818132,0.635082945116571
0.33220831814261,0.310258931344859,0.636280849191806
0.324482989861237,0.310690815052952,0.637572524795043
0.317107907256431,0.3111101538339,0.638934941735249
0.310106296117012,0.31151120571503,0.640344275942561
0.303499103481652,0.31188795801564,0.641776363869166
0.297304337208851,0.312234754860144,0.643207268494301
0.291536323038333,0.312546945603926,0.644613927413336
0.286205072771869,0.312821440940669,0.64597481614008
0.281315964613636,0.313057055951438,0.647270531979854
0.276869900082242,0.313254542075875,0.64848419740937
0.272864009805215,0.313416271908373,0.649601606746853
0.26929284212557,0.313545630529745,0.650611096556047
0.266149822947206,0.313646252595245,0.651503193801965
0.263428681693646,0.313721287618061,0.652270158188389
0.261124542564997,0.313772856400842,0.652905558975473
0.259234483827743,0.313801790177546,0.653404001735909
0.257757523745783,0.31380765550974,0.653761060431248
0.256694135550782,0.31378899663122,0.653973402128561
0.256045479550252,0.313743693056008,0.654039040617844
0.255812560182227,0.313669329296394,0.653957631923155
0.255995485861045,0.313563493432218,0.653730727818877
0.256592954332746,0.313423947741812,0.653361924630146
0.257602029562972,0.313248639252318,0.652856873077422
0.259018233589282,0.313035539032202,0.652223141831816
0.26083594323539,0.312782319200927,0.651469951575238
0.263049044280377,0.312485901930407,0.650607819274015
0.265651741768442,0.312141948143668,0.64964817538432
0.26863936081526,0.311744392490007,0.648603034151026
0.272008920346196,0.311285163484227,0.647484799201215
0.275759258515202,0.31075423384081,0.646306262958424
0.27989056546742,0.310140106834859,0.645080805673604
0.284403337869826,0.309430755487438,0.643822729731131
0.289296962198448,0.308614911467617,0.642547604356748
0.294568273202547,0.307683491586711,0.641272476203611
0.300210446535275,0.306630888878873,0.640015836991224
0.306212458751686,0.305455865653856,0.638797316836846
0.312559148253029,0.304161865740164,0.637637155386907
0.319231732202675,0.302756694530461,0.636555557195095
0.326208542483091,0.301251664165847,0.63557204737845
0.333465744851098,0.299660422115556,0.634704915542267
0.340977863760194,0.297997737107035,0.633970789419428
0.34871801045736,0.296278497095978,0.633384332859593
0.356657784736442,0.294517098271641,0.632958026995308
0.364766893404322,0.292727300710652,0.632701974236628
0.373012609081813,0.290922516734416,0.632623665918386
0.381359276444758,0.289116394396136,0.632727679012576
0.389768130398986,0.287323474391942,0.63301531433424
0.398197673676372,0.285559659503566,0.633484246682377
0.406604730513003,0.283842273485584,0.634128301321182
0.414946062962264,0.282189613857276,0.634937470966569
0.423180199753004,0.2806200847334,0.635898229221949
0.431269015638165,0.279151151121096,0.636994101561743
0.439178683339656,0.277798404509952,0.638206372625551
0.446879856851408,0.276574958286783,0.639514782019354
0.454347197294002,0.275491247146984,0.640898096226025
0.461558509672051,0.274555169501416,0.642334513127052
0.468493785723252,0.273772434079047,0.643801920715017
0.475134383223684,0.273146959069714,0.645278070400303
0.481462475187088,0.272681203307247,0.646740735093233
0.487460816569461,0.272376358426486,0.648167911645573
0.493112817754601,0.272232380968827,0.649538106626455
0.498402880093204,0.272247886180976,0.650830720634078
0.503316927417113,0.272419958959357,0.65202652201604
0.507843047518328,0.272743961614717,0.653108176350114
0.511972134701908,0.273213430295425,0.654060774566131
0.51569840374861,0.273820146738836,0.654872284466694
0.519019640821356,0.274554443753236,0.655533845310927
0.521937085043471,0.275405750171777,0.656039841377399
0.524454903954155,0.276363313041294,0.656387730841542
0.526579326101313,0.277416972140912,0.656577663052959
0.528317592309999,0.278557830268194,0.656611971371153
0.529676943118119,0.279778679119399,0.656494657904883
0.530663847508618,0.281074101668245,0.656230977713298
0.531283602671795,0.282440254025116,0.655827187553754
0.531540329460435,0.283874402095384,0.655290467152719
0.531437293174876,0.285374329935712,0.654628971155339
0.530977420225927,0.286937743931651,0.653851941450878
0.530163862875562,0.288561779836985,0.65296980504423
0.529000476717607,0.29024269248765,0.651994196494324
0.527492105804821,0.291975780794326,0.6509378683668
0.525644610004681,0.293755576350447,0.649814481884386
0.523464616574757,0.295576299258837,0.648638299100618
0.520959035902988,0.297432553223559,0.647423824859798
0.518134450936583,0.299320189342734,0.646185467983049
0.514996562660342,0.3012372180183,0.644937300423507
0.511549927207755,0.30318460670373,0.643692982587057
0.507798218656939,0.305166793962133,0.642465886562916
0.503745164888992,0.307191801425952,0.641269389437214
0.499396133461705,0.309270934753549,0.640117243176156
0.494760141361465,0.31141819218802,0.639023883969361
0.489851909524604,0.313649573614986,0.638004546911554
0.484693541678972,0.315982442427562,0.637075104128938
0.479315471005192,0.318434931446587,0.63625162164905
0.473756422346722,0.321025172230672,0.63554969675004
0.468062224808213,0.32376999128996,0.634983670278821
0.462283398103762,0.32668279440736,0.634565810323239
0.456471621877811,0.329770718685643,0.634305555348913
0.450675551641249,0.333031660260897,0.634208902463831
0.444936864187239,0.336452159492053,0.634278022341947
0.439287596493525,0.340006996707327,0.634511151772792
0.433749521725973,0.34366069818451,0.634902748849856
0.428335571616721,0.347370391936901,0.635443824923872
0.423052592453055,0.351089087145455,0.636122339437185
0.417904405420047,0.354768615184966,0.636923577163883
0.412894295110331,0.35836190069513,0.637830495054444
0.408026467164989,0.361824588906004,0.638824081356696
0.403306452607244,0.365116188525119,0.63988378201549
0.398740742980544,0.368200847672946,0.64098801846005
0.394336066763344,0.371047791210543,0.642114771382625
0.390098680643004,0.373631405151423,0.643242167997895
0.386033909626512,0.375930977392538,0.64434900406198
0.382146005473414,0.377930160366893,0.645415154678716
0.37843826598133,0.379616267191772,0.646421863488248
0.374913294443606,0.380979525767131,0.647351930900329
0.371573271976771,0.382012397230437,0.648189839146986
0.36842014268405,0.382709031018301,0.64892185443753
0.365455651134271,0.383064893253717,0.649536138738451
0.362681210688709,0.383076576115563,0.650022890576173
0.360097615483018,0.382741774766544,0.650374519298103
0.357704638681361,0.382059402987719,0.650585842317758
0.355500585760646,0.381029805639731,0.650654281116697
0.353481892119617,0.37965501429799,0.650580020861722
0.351642863305393,0.377938982429693,0.650366092726996
0.349975645432558,0.375887734271619,0.650018341093372
0.348470475284666,0.373509371035028,0.649545251751103
0.347116194730718,0.370813907096449,0.648957642842077
0.34590093643739,0.367812951837024,0.648268250959859
0.344812824376787,0.364519299395435,0.647491270551161
0.343840510990134,0.360946519827009,0.646641914168566
0.342973405949094,0.357108646846317,0.645736049095718
0.342201527742944,0.353020028063327,0.644789937007491
0.34151499940839,0.34869535595224,0.6438200696247
0.340903283569673,0.344149850185538,0.642843067263294
0.340354293369482,0.339399529353509,0.641875595963302
0.339853526296549,0.334461498255118,0.640934262583881
0.339383360152503,0.329354183865579,0.640035461132974
0.338922640048368,0.324097472411182,0.639195161251683
0.338446684135267,0.318712724092262,0.638428645503639
0.33792784712827,0.313222662470647,0.63775021201203
0.337336793351958,0.307651143247878,0.637172861642453
0.336644610076792,0.3020227960918,0.63670798645594
0.33582577628273,0.296362511515467,0.63636507446909
0.334861735016998,0.290694746552928,0.636151451256954
0.333744428494775,0.285042695620322,0.636072090417969
0.332478838040615,0.279427520260024,0.636129528030665
0.331083618930547,0.273867953970962,0.636323894083216
0.32958946389056,0.268380541326972,0.636653031228222
0.328035626630125,0.262980494184296,0.637112640458079
0.326465624294828,0.257682822317174,0.637696402948151
0.324923219845049,0.25250325950499,0.638396069509441
0.323449431414699,0.247458639502197,0.639201549040031
0.322080811101714,0.242566657380252,0.640101039035325
0.320848832576929,0.237845199316051,0.641081224914979
0.319780025588533,0.233311538410787,0.642127546918736
0.318896469942378,0.228981681059964,0.643224509019771
0.31821633701775,0.224870062919297,0.644355991056575
0.317754277330838,0.22098968457815,0.645505524340928
0.317521562298469,0.217352667538231,0.646656501349979
0.31752598665108,0.213971106292506,0.647792310163877
0.317771624917909,0.21085799866158,0.648896410728854
0.318258606410178,0.208027975420799,0.649952395763814
0.318983109804852,0.205497557093568,0.650944093407971
0.319937752459368,0.203284769872628,0.651855761242092
0.321112443504113,0.201408144650116,0.652672389965396
0.322495605178664,0.199885336346425,0.65338009123406
0.324075512486039,0.198731735434792,0.653966509042516
0.32584143824824,0.197959430753038,0.654421184887997
0.327784353680104,0.197576735729139,0.654735825540463
0.32989708732777,0.197588291478086,0.654904455227943
0.332174005673064,0.197995605014006,0.654923463517471
0.334610383535065,0.198797811016364,0.654791576839771
0.337201662833536,0.199992454626491,0.654509784371165
0.339942773216702,0.201576145009845,0.654081242956695
0.342827640826,0.203544988663963,0.65351117705645
0.345848964258912,0.205894759506264,0.652806781977322
0.348998297816594,0.208620795335215,0.651977133415819
0.35226644747623,0.211717632818654,0.651033103185188
0.355644143561503,0.215178418130331,0.649987277762334
0.359122900270501,0.21899416606367,0.648853871044316
0.362695905490733,0.223152991896264,0.647648614519049
0.366358723758121,0.227639494784185,0.646388599613155
0.370109575588636,0.232434499677081,0.645092044295978
0.373949017249809,0.237515327873398,0.643777965898385
0.377878999401715,0.242856640375543,0.642465767159575
0.381901488167309,0.248431706903904,0.641174775304286
0.38601699500593,0.254213777496045,0.639923797496893
0.390223394489785,0.260177171177625,0.638730753836857
0.394515294772345,0.266297791667305,0.637612419037566
0.398884030421294,0.272552986646005,0.636584261900448
0.403318167476613,0.278920880933863,0.635660340125263
0.407804308329214,0.285379447441744,0.634853200134703
0.412327965978704,0.291905606412419,0.634173745644031
0.416874315589139,0.298474590143081,0.633631063417011
0.421428694160341,0.305059721356404,0.633232218543571
0.425976787770311,0.311632660896099,0.632982048071588
0.430504515383054,0.318164095230773,0.632882989260397
0.434997689585877,0.32462475290361,0.632934977843547
0.439441603573134,0.330986559206835,0.633135443411477
0.443820741988763,0.337223673488205,0.633479413967033
0.44811880850123,0.343313137902701,0.633959721390251
0.452319174594843,0.349234940193508,0.634567278074957
0.456405684608439,0.354971466547109,0.635291379249538
0.460363563697971,0.36050654134297,0.636119982606826
0.464180074216608,0.365824412667566,0.637039929876031
0.467844632575834,0.370909051870759,0.638037099778567
0.471348314055048,0.37574398453231,0.639096508325166
0.474682918261129,0.380312647834067,0.640202389769359
0.477839909280857,0.384599093624148,0.641338293943124
0.480809528081196,0.388588794448596,0.642487224944217
0.48358024731951,0.392269350412137,0.643631829286282
0.486138593678467,0.395630980690155,0.644754626335622
0.488469270723231,0.398666760141419,0.645838264821011
0.490555494289693,0.401372604291273,0.646865787499445
0.492379480287924,0.403747018896742,0.647820890249976
0.493923067085637,0.405790631087681,0.648688169631349
0.495168482494632,0.407505524941222,0.649453361463669
0.496099262334018,0.408894426812887,0.650103579534524
0.496701287558803,0.409959827392547,0.65062756516106
0.496963835918361,0.410703180297801,0.651015952805686
0.496880463339516,0.411124359555805,0.651261543728427
0.496449479333491,0.411221558288977,0.651359561884365
0.495673807077787,0.410991738476218,0.651307851139
0.494560150511886,0.410431596139559,0.651106970164048
0.493117600620913,0.409538835423437,0.650760157378101
0.491356011210865,0.40831343112329,0.650273169257075
0.489284556934887,0.406758567190826,0.649654027397217
0.486910806806941,0.404881064321795,0.648912726351729
0.484240454055827,0.402691283208126,0.648060949123541
0.481277637662915,0.400202629544452,0.647111816256049
0.478025655541446,0.397430850906926,0.646079670993577
0.474487828743134,0.394393310260361,0.644979887058043
0.470668306476613,0.391108375626648,0.64382867993803
0.466572662881649,0.387595008515233,0.642642904644559
0.462208199112542,0.383872582213686,0.641439829362157
0.457583919080435,0.379960920739318,0.640236883375976
0.452710198295916,0.375880516131292,0.639051387421486
0.447598220177369,0.371652848386563,0.637900283186106
0.442259313270454,0.367300694990655,0.636799883477411
0.436704374960834,0.362848284451006,0.635765663654386
0.430943586380664,0.358321144659848,0.634812107286683
0.424986584890626,0.353745547948495,0.633952606263104
0.418843147916857,0.349147569892283,0.633199399971504
0.412524281229261,0.34455192236221,0.63256352509199
0.406043454228153,0.339980824813237,0.632054742540539
0.399417653760156,0.335453182095286,0.63168141576677
0.392667971593501,0.330984240507522,0.631450334538204
0.385819578127059,0.326585751997868,0.631366503302111
0.378901105091817,0.322266555009026,0.631432932125018
0.371943599274259,0.318033412122408,0.631650472774951
0.364979281234251,0.313891925514332,0.632017731991142
0.358040345790428,0.309847363291122,0.632531074376939
0.351157995927251,0.305905258598534,0.633184706710606
0.344361834895709,0.302071682273821,0.633970819813794
0.337679670038953,0.29835313732855,0.634879756341977
0.331137711350809,0.294756081293182,0.635900173856962
0.324761076417145,0.291286152216333,0.637019182378652
0.318574443619675,0.287947252730489,0.6382224532766
0.312602642595726,0.284740718876664,0.639494318139837
0.306870963252039,0.281664835446499,0.640817894439661
0.301405029074984,0.278714919143905,0.642175279234099
0.2962302168377,0.275884054093702,0.643547836165477
0.291370767799663,0.273164358652235,0.644916568442248
0.286848849042034,0.270548470420608,0.646262537070702
0.282683829595992,0.268030854462821,0.647567267543585
0.278891937433853,0.265608612074716,0.648813097090055
0.275486320494763,0.263281651911703,0.649983440472982
0.272477417935399,0.261052286102163,0.651062979611295
0.26987349314046,0.258924448451783,0.652037799481821
0.26768118277476,0.256902772219146,0.652895497354472
0.265905950187299,0.254991732901341,0.653625288341448
0.264552372092608,0.253194997287718,0.654218122572289
0.263624221510551,0.251515055951981,0.654666821241605
0.263124335329911,0.249953167373126,0.654966231157997
0.263054277220106,0.248509604932108,0.65511338946776
0.263413831481782,0.247184167911498,0.655107681252205
0.264200397244671,0.245976880999962,0.654950962560423
0.265408392721927,0.244888763893962,0.654647612476424
0.267028817518499,0.243922508921386,0.654204474066635
0.269049133827146,0.243082883884263,0.653630652123784
0.271453591264037,0.242376703695829,0.652937159473195
0.274224018849927,0.241812304816857,0.652136441863663
0.277340959241724,0.241398595135714,0.651241852005897
0.28078488281713,0.241143887396269,0.650267166240388
0.28453716452629,0.241054792879898,0.649226226604834
0.288580571471455,0.241135420111018,0.648132747514016
0.292899164966235,0.241387011352932,0.647000269554251
0.297477692629307,0.241808015677561,0.645842198765629
0.302300665416927,0.242394496535176,0.644671853746
0.307351355778967,0.243140727571561,0.643502454188592
0.312610931753407,0.244039834779217,0.642347011867841
0.31805788916136,0.245084373237034,0.641218116408992
0.323667884603538,0.24626676215554,0.640127635653471
0.329414014946848,0.247579532605192,0.639086370848281
0.335267531414759,0.249015368535483,0.638103719245628
0.341198911615347,0.250566950393919,0.637187399948287
0.347179140091254,0.252226649470286,0.636343291211191
0.353180979649069,0.25398617123789,0.635575407703604
0.359179979738847,0.255836296192719,0.634886016195012
0.365154999318405,0.257766890691966,0.634275854809083
0.371088140771581,0.259767325104443,0.633744396445716
0.376964178708083,0.261827323971935,0.633290093637036
0.382769751551995,0.263938105264076,0.632910564709158
0.388492669331364,0.266093511653009,0.632602720614038
0.394121620060816,0.268290778233185,0.632362867811484
0.399646358414388,0.270530659352102,0.63218683548085
0.40505823744263,0.272816821738845,0.632070159163606
0.410350805876049,0.275154621352088,0.632008318561897
0.415520188886063,0.277549538550039,0.631996993806342
0.420565074909734,0.280005611315337,0.632032287471178
0.425486282390333,0.282524183030535,0.632110864079459
0.430286018038858,0.285103196188611,0.632229980567045
0.434967026262181,0.287737144852319,0.632387411181857
0.439531854375394,0.29041766705615,0.632581298972599
0.443982420159342,0.293134627781697,0.63280998516313
0.448319974773038,0.295877429388519,0.633071871297537
0.452545422107276,0.298636214289878,0.633365354264017
0.45665981844437,0.301402627574478,0.633688843487804
0.46066478366441,0.304169912213164,0.63404083200621
0.464562558339707,0.306932310499544,0.634419964055073
0.468355560220449,0.309683983130212,0.634825036375802
0.472045490685854,0.31241783231211,0.635254894367292
0.475632228109789,0.315124641992132,0.635708227747784
0.479112832022036,0.317792814764743,0.636183312703047
0.482480937044598,0.320408763403916,0.636677769265463
0.485726677145492,0.322957810986306,0.637188397164798
0.488837122694195,0.325425340449026,0.637711127675931
0.491797096325484,0.327797923951602,0.638241096618582
0.494590182375521,0.330064221334068,0.638772816338114
0.497199749328431,0.332215520695824,0.639300407969609
0.499609841391496,0.334245870810562,0.639817849853032
0.501805841435708,0.336151812621483,0.640319201031084
0.503774849849282,0.337931758682141,0.640798767367402
0.505505759385091,0.339585105381788,0.641251190088025
0.506989038811675,0.341111201900496,0.641671451776658
0.508216274399125,0.342508342238788,0.642054812692539
0.509179560442752,0.343772979415473,0.642396709108122
0.50987087189516,0.344899359445853,0.642692660963345
0.510281576941999,0.34587971182938,0.642938241717854
0.51040223359995,0.346705007047176,0.643129152276322
0.510222750392993,0.347366130558701,0.643261412029154
0.50973288919552,0.347855190130475,0.643331641463644
0.508922986345329,0.348166632127046,0.643337378181736
0.507784710140514,0.348297913943828,0.643277356354145
0.506311681577374,0.348249628117822,0.643151693224746
0.50449984905355,0.348025130762649,0.642961957059689
0.50234759226787,0.347629835589344,0.642711124172628
0.499855601481344,0.347070374444755,0.642403456039842
0.49702661824937,0.346353809288658,0.642044336288344
0.493865132909578,0.345487035930317,0.641640103454761
0.49037712249279,0.344476469583348,0.64119790392932
0.486569890674544,0.343328056852235,0.640725575166623
0.482452045071608,0.342047617003753,0.640231555209124
0.478033618068987,0.340641469902033,0.639724802673306
0.473326304850729,0.339117252334752,0.639214703232013
0.46834375765704,0.337484760719165,0.638710936542786
0.463101845307011,0.335756603313472,0.638223284152653
0.457618774910377,0.33394843124204,0.637761375352161
0.451914993198821,0.332078579873311,0.637334391234639
0.446012843620372,0.33016710153968,0.63695076865756
0.439936037289753,0.3282343680327,0.636617953796617
0.433709066098347,0.326299580468915,0.636342242405764
0.427356708059897,0.324379559953117,0.636128714829866
0.420903735569367,0.322488083371558,0.635981242628542
0.414374857274739,0.320635834347767,0.635902525601554
0.407794841686488,0.318830855702136,0.635894119475466
0.401188715529364,0.317079284763877,0.635956431248041
0.394581911409784,0.31538613843861,0.636088681754872
0.388000250875549,0.313755962192972,0.636288855218083
0.381469679890543,0.312193228000454,0.636553668981278
0.375015718277943,0.310702434674553,0.636878601753334
0.368662642364734,0.309287920539917,0.637258014597851
0.362432491096996,0.307953445000187,0.637685384440088
0.35634406368859,0.306701636742243,0.638153644538141
0.350412141580053,0.305533441445726,0.638655592891251
0.344647185464247,0.304447720810878,0.639184296487633
0.33905569388174,0.303441140066856,0.639733400955958
0.333641251942187,0.302508419331584,0.640297266220882
0.328406086109365,0.301642922084594,0.640870893761193
0.323352761460417,0.300837446730732,0.641449676429211
0.318485602578362,0.300085024020935,0.642029059145311
0.313811519355358,0.299379535157816,0.642604221658481
0.309340121371345,0.298716043391409,0.643169875378619
0.305083210680479,0.298090834048642,0.643720219278369
0.301053874602103,0.297501240158935,0.644249048700895
0.297265435525512,0.296945370599184,0.644749973839334
0.293730478985215,0.296421856812489,0.645216687875004
0.290460115129819,0.295929707040205,0.645643225084854
0.287463563692966,0.295468318152567,0.646024160002958
0.284748102046186,0.295037653243781,0.64635471438542
0.282319377856895,0.294638551276706,0.646630756556755
0.280182052353017,0.294273094289821,0.646848697287321
0.278340696963641,0.293944921311077,0.647005307882555
0.276800811966959,0.293659354967051,0.647097508282944
0.275569780049071,0.293423211312375,0.647122190995502
0.274657534164173,0.293244210567965,0.64707615234345
0.274076738473632,0.293130000177806,0.646956187091562
0.273842373012613,0.293086922323428,0.646759362973873
0.273970763904191,0.293118760902543,0.646483437004214
0.274478259488109,0.293225736745447,0.646127326410037
0.275379850628653,0.293403959642041,0.645691526140731
0.276688028130452,0.293645414159695,0.645178382218849
0.278412070802495,0.29393841123508,0.644592176638088
0.280557814917764,0.29426833602799,0.643939033476372
0.283127826750066,0.294618489993741,0.643226696901305
0.286121818443828,0.2949708517228,0.642464249991933
0.289537117944364,0.295306638866976,0.641661840148467
0.293369012438922,0.29560661636027,0.640830459468329
0.297610815509953,0.295851150560863,0.639981804228645
0.302253553234151,0.296020054176731,0.63912821123361
0.307285226757595,0.29609230901503,0.638282642694449
0.312689698596245,0.2960457974838,0.637458667786922
0.318445372288668,0.295857214293358,0.636670373093591
0.324523973026818,0.295502346814892,0.635932134731493
0.330889835910378,0.294956874816436,0.635258211976237
0.337500084842435,0.294197725182427,0.634662177536191
0.344305878358224,0.293204841506568,0.63415626680141
0.35125454884597,0.291963063418936,0.633750772837983
0.358292133210042,0.290463748695922,0.633453603789969
0.365365678754033,0.288705854486966,0.633270054584419
0.372424873659306,0.286696371615059,0.633202763345026
0.379422880458266,0.284450174490083,0.633251772107124
0.386316549693292,0.281989434949234,0.633414612476431
0.393066334932391,0.279342747845948,0.633686376211009
0.399636216128322,0.276544071704671,0.634059779001931
0.405993835095435,0.273631541870277,0.63452525992144
0.412110925186309,0.270646186338087,0.635071170505636
0.417964012552274,0.267630567081006,0.635684098094177
0.42353528166306,0.264627377402556,0.63634934314129
0.428813424715367,0.261678045549579,0.637051534713637
0.43379423510041,0.258821424265317,0.637775327760892
0.438480682378081,0.256092678125948,0.638506088990013
0.442882257935335,0.253522499488713,0.639230459200249
0.447013532483532,0.251136768013393,0.639936693495508
0.450892096391437,0.248956703900544,0.640614732364186
0.454536276286837,0.246999461068622,0.641256032752646
0.457963124661182,0.245279001387943,0.641853258074503
0.461187100154684,0.243807032156707,0.642399957932169
0.464219631181286,0.242593801740662,0.642890350351624
0.467069495501701,0.241648620115794,0.643319265884774
0.469743761155615,0.240980063625626,0.643682252002164
0.472248965458685,0.240595899298441,0.643975791100276
0.474592239361794,0.240502805902776,0.644197565120052
0.476782165861534,0.240705978956864,0.644346700815483
0.478829250396248,0.241208698034352,0.644423943467874
0.480745956681713,0.242011920048373,0.64443172544905
0.48254632149819,0.243113950055529,0.644374114878966
0.484245215857452,0.244510233351181,0.644256647344395
0.485857377321476,0.246193305759868,0.644086060587333
0.487396398907229,0.248152926147457,0.643869968319473
0.48887390705172,0.250376389005662,0.643616522874701
0.490299161105574,0.252848973192314,0.643334122222449
0.491679225188394,0.25555443409364,0.643031208327308
0.493019693827722,0.25847541252838,0.642716177266564
0.494325743754938,0.261593642139357,0.642397381754821
0.495603129455958,0.264889901744599,0.642083168771828
0.496858725653513,0.268343762957553,0.641781877278689
0.498100362365281,0.271933280627757,0.641501733564257
0.499335930589194,0.275634816597479,0.641250618948155
0.500571955137503,0.279423156297061,0.64103572890611
0.501811958195676,0.283271989931851,0.64086317614397
0.503054952543892,0.287154723685877,0.640737603343239
0.504294333620785,0.29104549806354,0.640661865239435
0.505517329470985,0.294920241848005,0.640636821665896
0.506705057672939,0.298757585889248,0.640661261824701
0.507833154860793,0.302539493495333,0.640731962027203
0.508872898013818,0.306251519560438,0.640843868012095
0.509792723189686,0.309882674067533,0.640990388764889
0.5105600505158,0.3134249266575,0.641163788440598
0.511143320258426,0.316872442780723,0.641355661264627
0.511514111914872,0.320220686422361,0.641557465795414
0.511649148602384,0.323465553710683,0.641761076975641
0.51153190130379,0.326602702265045,0.641959290115127
0.511153451945875,0.329627196991453,0.642146191132511
0.510512320214066,0.332533501839029,0.642317308796072
0.509613154912624,0.335315735029858,0.64246950171365
0.508464509053531,0.337968022654971,0.642600603913908
0.507076231071978,0.340484775842423,0.64270893201939
0.505457143450505,0.342860782461026,0.642792803802474
0.503613555321898,0.345091103111015,0.64285020526527
0.501548834362423,0.34717083900392,0.642878679295374
0.499263917278792,0.349094868872778,0.64287542962987
0.496758415939997,0.350857641528517,0.642837575757872
0.494031921203045,0.352453084988316,0.642762472807866
0.491085171701922,0.353874671630861,0.642648019204469
0.487920865823584,0.355115666752493,0.642492898710572
0.484543998705017,0.356169579129049,0.642296729361309
0.480961684896654,0.357030815766955,0.6420601131477
0.477182490615788,0.357695508440813,0.641784595944283
0.473215366861051,0.358162421696347,0.64147255853357
0.469068359052588,0.358433776856137,0.641127068036448
0.464747362042912,0.358515758544321,0.640751724369692
0.460255253582966,0.358418453559997,0.640350536352498
0.455591716621219,0.358155055844137,0.639927853961445
0.45075390902196,0.357740372620378,0.639488366215588
0.445737881120618,0.357188928183175,0.639037152169435
0.440540383268453,0.356513155397827,0.6385797536514
0.435160579235176,0.355722168426694,0.638122231163987
0.429601251075843,0.354821407714977,0.637671171468112
0.423869293797088,0.353813150360272,0.637233632390318
0.41797553474082,0.352697637329987,0.63681702898779
0.411934076079656,0.351474471294797,0.63642897838316
0.405761419819811,0.350143975923056,0.636077125259921
0.399475616925171,0.348708313380888,0.635768966680987
0.393095625188257,0.347172264300613,0.635511686000801
0.386640993620134,0.345543645084354,0.635311994215483
0.380131926265296,0.343833364037648,0.63517596628201
0.373589713585599,0.342055114771006,0.635108852970159
0.367037447630844,0.340224697263588,0.635114849108845
0.360500855147,0.338358969988843,0.635196809758651
0.354009001744408,0.336474489233788,0.635355928162206
0.347594571604109,0.334585984554631,0.635591420056005
0.341293457051497,0.332704924135487,0.635900287876415
0.335143536714547,0.330838485030654,0.636277249273704
0.32918276647798,0.328989201676924,0.636714892187981
0.323446967197316,0.327155402611158,0.637204062278156
0.317967837602092,0.325332313140034,0.637734417981527
0.312771662380196,0.32351350667071,0.638295037599922
0.307878949504122,0.321692319736577,0.638874956716607
0.303304940473157,0.319862920137715,0.639463552284773
0.299060723543106,0.318020874900911,0.640050748511406
0.295154604184903,0.316163224098514,0.6406270715127
0.291593428812596,0.314288175010555,0.641183608780501
0.288383657275071,0.312394577248179,0.641711935009663
0.285532080638486,0.310481339017278,0.642204056037367
0.283046151946327,0.308546920639408,0.642652407176596
0.280933932973359,0.306589011337913,0.643049927388471
0.279203670359217,0.304604467328311,0.64339021832007
0.277863018167163,0.302589562777551,0.643667785584329
0.276917940877511,0.300540572685966,0.643878345459987
0.276371377506673,0.298454657346018,0.64401916087124
0.276221830848779,0.296330943762224,0.644089346829904
0.276462154559717,0.294171605251778,0.64409006389207
0.277078902538425,0.291982656328342,0.644024511888534
0.278052604470116,0.289774163250196,0.643897661668049
0.279359161356065,0.287559681135332,0.643715727979055
0.280972210983403,0.28535497203736,0.643485476103725
0.282865927450816,0.283176340222796,0.643213525427117
0.28501751293473,0.281039081765276,0.64290581913079
0.287408756995715,0.27895648275204,0.64256736133401
0.290026410216102,0.276939558902298,0.642202220609735
0.292861523605698,0.274997458098261,0.641813717913501
0.295908151843805,0.273138273231805,0.64140468857788
0.299161858986046,0.271369967464924,0.640977726463608
0.302618367331821,0.269701155794191,0.640535358984073
0.30627254892862,0.268141559193363,0.640080142147881
0.310117839118218,0.266702016399294,0.639614693443453
0.314146074716863,0.265393997708572,0.639141694759667
0.318347718912592,0.264228627669731,0.638663899135646
0.32271241117639,0.263215307146995,0.638184166292463
0.327229753114665,0.262360138383735,0.637705535098709
0.331890198437032,0.261664483482811,0.637231320100735
0.336685861948757,0.261124076027349,0.636765200411126
0.341611026142298,0.260729079894583,0.636311260989373
0.346662147532956,0.260465288005219,0.635873955111969
0.351837278725031,0.260316300360911,0.635457981407636
0.357135006023887,0.260266156304218,0.63506809831694
0.362553175890737,0.260301713677851,0.634708918504219
0.368087753399172,0.260414173637357,0.6343847272458
0.373732086493628,0.260599477523883,0.634099355090271
0.379476688431621,0.260857669235386,0.633856115782966
0.385309484267053,0.261191562841995,0.633657803880032
0.39121636034579,0.2616051288395,0.633506735818886
0.397181824197196,0.262101956276951,0.633404812810632
0.403189605913023,0.26268403749925,0.633353582048578
0.409223081904355,0.26335101634567,0.633354273169296
0.415265457014492,0.264099965250324,0.633407789349067
0.421299693279815,0.264925709539889,0.633514637459974
0.427308224114297,0.265821679593432,0.633674790664224
0.43327254431673,0.266781219721249,0.633887491192942
0.439172816677368,0.267799199124396,0.634151021261792
0.444987671583358,0.268873656396161,0.6344624934576
0.450694371855187,0.270007097211558,0.634817730735953
0.456269444933118,0.271207021766814,0.635211307681599
0.461689744039275,0.272485361631553,0.635636796484529
0.46693372945661,0.273856785977602,0.636087201945913
0.47198264219551,0.275336218418381,0.636555499233812
0.476821250681979,0.27693620945149,0.637035141621765
0.481437994696102,0.278664862894384,0.637520411956542
0.485824555326728,0.280524785819363,0.638006549781173
0.489975043261651,0.282513156656992,0.638489664214869
0.493885061785834,0.284622678644223,0.638966503175116
0.497550873371928,0.286843022237113,0.639434172998477
0.500968824677145,0.289162359467071,0.639889892743635
0.504135106356846,0.291568685654034,0.640330839921919
0.507045861222967,0.294050736903396,0.64075411330073
0.509697606119402,0.296598405057922,0.641156810823131
0.512087888420548,0.299202619506004,0.641536197307331
0.514216047193126,0.301854723516818,0.641889915786464
0.516083892033849,0.304545443425143,0.642216178363977
0.517696066871892,0.30726364337901,0.642513862348058
0.519059866556066,0.309995161771404,0.642782444915737
0.520184360334219,0.312722089234213,0.643021744103034
0.521078861230499,0.315422805009169,0.643231494887945
0.521751016156325,0.318072900785498,0.643410857347863
0.522204969134375,0.320646835300809,0.643557995398188
0.522440060715887,0.3231199118467,0.643669852132704
0.522450349275383,0.325470089424896,0.643742183961964
0.522224968862845,0.327679259570765,0.643769834665652
0.521749112924889,0.329733855303579,0.643747172058198
0.521005339614802,0.33162487525644,0.643668593090669
0.519974928294851,0.333347523945303,0.64352902043935
0.518639118854932,0.334900683958412,0.643324345150998
0.516980172635355,0.336286387117472,0.643051798370369
0.514982268425284,0.337509382566462,0.642710252016178
0.512632277087754,0.338576836445541,0.642300452303901
0.509920449449461,0.339498150012943,0.641825184602659
0.50684101714924,0.340284850716395,0.641289358414375
0.503392661895918,0.340950491544831,0.640699993160057
0.499578772470964,0.341510486776091,0.640066084301081
0.495407398345428,0.341981818079392,0.639398338850503
0.490890836980012,0.342382565475089,0.638708789722304
0.486044861207612,0.342731252762259,0.63801032489137
0.480887687044245,0.343046041316257,0.637316190292196
0.475438867130473,0.343343849329422,0.636639533885016
0.469718332313623,0.343639503268895,0.635993046075748
0.463745771543298,0.34394503540883,0.635388721660708
0.457540446992147,0.344269223411795,0.634837732268466
0.451121423076913,0.344617429752488,0.634350370020918
0.444508089477913,0.344991750111425,0.633936012254169
0.437720809882783,0.34539143206801,0.633603064347744
0.4307815351027,0.345813487985366,0.633358856428615
0.423714264452292,0.346253403913502,0.633209490747396
0.41654529653903,0.34670583956088,0.633159652687021
0.409303257195203,0.3471652194315,0.633212406799735
0.40201891665333,0.347626128344076,0.633369001145329
0.394724810574087,0.348083444309335,0.633628701828886
0.38745466962428,0.348532170219866,0.633988678292293
0.380242654017286,0.348966967430185,0.634443960180991
0.373122397182199,0.349381452585464,0.634987487571375
0.366125896498891,0.349767391174857,0.635610274746317
0.359282348803354,0.350113992193573,0.63630169919004
0.352617098725149,0.350407548034269,0.637049908921757
0.346150916770817,0.350631634520833,0.637842313865459
0.339899811877287,0.350767963558006,0.638666098324188
0.333875485551564,0.350797783365487,0.639508674873778
0.328086368449305,0.350703521807507,0.640358007463802
0.32253900917653,0.350470265090658,0.641202765780206
0.317239488558924,0.350086716453668,0.642032322068643
0.312194554087082,0.349545461676117,0.642836644724392
0.307412287914929,0.348842587475394,0.64360616304867
0.302902272751229,0.347976860802638,0.644331671044141
0.29867533970649,0.34694873938957,0.645004313949763
0.29474304060746,0.345759460792249,0.645615672680449
0.291116989931086,0.344410388811426,0.646157938065792
0.287808191291957,0.34290271935559,0.646624152352023
0.284826426148507,0.341237577976935,0.647008487502728
0.282179752663982,0.339416481362136,0.647306525539752
0.279874147356882,0.337442075986819,0.64751550237678
0.27791331783627,0.335319005345335,0.647634473844286
0.276298712449848,0.333054699368729,0.647664364464139
0.275029740389689,0.33065984805256,0.647607871533486
0.274104184572325,0.328148347561577,0.647469223081361
0.273518740369249,0.325536612915505,0.647253825388279
0.273269562155412,0.32284232312263,0.646967871576821
0.273352673556908,0.320082842857634,0.646617999409544
0.273764117814986,0.317273669212622,0.646211071651903
0.274499790011912,0.314427232629569,0.645754110030446
0.27555497563655,0.31155225293576,0.645254363053439
0.276923684914184,0.308653681583912,0.644719450695062
0.278597898595152,0.305733122104186,0.644157516774558
0.280566830717277,0.302789551393781,0.643577330313432
0.28281628480842,0.299820163792189,0.642988299452495
0.285328151596071,0.296821203475383,0.642400384646583
0.288080080814929,0.29378871023895,0.641823915320962
0.291045359483998,0.290719158099201,0.641269324560216
0.294193038392334,0.28761000383145,0.640746821557888
0.297488356088484,0.284460179719838,0.640266024509028
0.300893502763441,0.281270562804681,0.639835579575529
0.304368735654295,0.278044436745939,0.639462794821658
0.307873803074406,0.274787939583547,0.639153319775175
0.311369568678851,0.271510469271608,0.638910898686131
0.314819674209027,0.268225004896666,0.638737216853063
0.318192060412373,0.264948296533161,0.638631845905542
0.321460191188683,0.261700878439194,0.638592280313806
0.324603884592829,0.258506866449403,0.638614049138979
0.32760972180702,0.255393512173727,0.638690886933773
0.330471058792061,0.25239050817644,0.638814953751761
0.333187695592131,0.249529071349167,0.638977101000842
0.335765270312686,0.246840870466341,0.639167182184654
0.33821444975956,0.244356896204101,0.639374403618976
0.340549994155309,0.242106385562565,0.639587702139702
0.342789779462576,0.240115902468573,0.639796128797986
0.344953863023178,0.238408646181565,0.639989213214299
0.347063671391669,0.23700401850644,0.640157284341983
0.34914137070485,0.235917439915607,0.640291729604643
0.35120945006748,0.235160371181559,0.640385184120631
0.353290510169686,0.234740475126654,0.640431652853328
0.355407208194997,0.234661844424008,0.640426578607221
0.357582274050318,0.234925226169053,0.640366875470289
0.359838492127693,0.235528191117648,0.640250948574742
0.362198546854383,0.236465222142241,0.640078715890011
0.364684663758582,0.237727726963116,0.639851636978863
0.367318035417574,0.239304006910734,0.639572740219697
0.370118086787171,0.241179228551727,0.639246628594601
0.37310168429883,0.243335444277636,0.638879439238932
0.376282409313254,0.24575169306192,0.638478735685738
0.379669994627615,0.248404190692826,0.638053322659419
0.383269974251333,0.251266598924503,0.637612987082975
0.387083542019209,0.254310351870072,0.637168180760982
0.39110757254354,0.257505017607835,0.636729666741339
0.395334738306376,0.26081868105941,0.636308152052833
0.399753659406005,0.264218346217534,0.635913925922179
0.404349041352414,0.267670366986048,0.635556517212635
0.409101783153483,0.271140922441243,0.635244380013703
0.413989065369423,0.274596551857511,0.634984613481462
0.418984450068945,0.278004756492738,0.63478272156469
0.424058037625976,0.281334659909988,0.634642419563969
0.429176726459115,0.284557699413948,0.634565496340418
0.434304610490724,0.287648302654291,0.634551741953558
0.439403527125697,0.290584491037539,0.634598949344782
0.44443374048798,0.29334834996719,0.634702994858515
0.44935471717612,0.295926317266781,0.634857996311705
0.45412593201189,0.29830926394581,0.635056540261939
0.458707634498425,0.3004923706827,0.63528996383984
0.463061514792397,0.302474831884094,0.635548672619906
0.467151228668336,0.304259440012187,0.63582247541971
0.470942768711847,0.30585211146014,0.636100919554924
0.474404697056658,0.307261410475039,0.636373614950949
0.477508277234098,0.308498111697209,0.636630541095147
0.480227555097331,0.309574819346219,0.6368623355477
0.482539439766578,0.310505637493803,0.637060565424058
0.48442382600763,0.311305866688715,0.637217983374561
0.485863782128798,0.311991691994243,0.637328767281885
0.486845806364936,0.31257982919086,0.637388738966197
0.487360134301392,0.313087109932126,0.637395552806774
0.487401064034417,0.313530010145626,0.637348841549208
0.486967256265193,0.313924152507369,0.637250304480762
0.486061962414019,0.314283834633758,0.637103722893729
0.484693132251281,0.31462164163385,0.636914889295535
0.482873351898831,0.314948191148293,0.636691440474364
0.480619566665626,0.315272034002912,0.636442591318265
0.477952559501962,0.315599702944699,0.636178777329874
0.474896192521586,0.315935876101674,0.635911228528333
0.471476473535761,0.316283608227296,0.635651512161568
0.467720564266427,0.316644583251357,0.635411090133737
0.463655876172028,0.317019353198306,0.635200933976678
0.459309385989047,0.317407546194274,0.635031225098177
0.454707249186333,0.317808045385952,0.634911146299856
0.449874717557596,0.318219157341715,0.63484875037469
0.444836303976196,0.31863879951545,0.634850879428992
0.439616099953095,0.319064738363958,0.634923106493998
0.434238142108733,0.319494900077898,0.635069677173265
0.428726733658154,0.319927753782426,0.63529344004935
0.423106646389771,0.320362735031293,0.635595767157732
0.417403151772539,0.320800642711868,0.635976477628754
0.411641856964914,0.32124391709471,0.636433786437396
0.405848355229814,0.321696704590585,0.636964303605691
0.400047739867965,0.322164645273494,0.637563104824213
0.394264068106085,0.322654379894413,0.638223881711714
0.388519882231278,0.323172846239078,0.638939161651071
0.382835887202262,0.323726493300732,0.639700569576119
0.377230845499599,0.324320563020248,0.640499094257366
0.371721693827008,0.324958566828357,0.641325323555695
0.366323833356101,0.325642029949296,0.642169625500661
0.361051513533336,0.326370512440575,0.643022269289911
0.355918225921008,0.327141862452483,0.643873495724786
0.35093704422318,0.327952625137098,0.644713555563742
0.346120877475832,0.328798520923758,0.645532735813314
0.34148263293316,0.329674914042363,0.646321389992513
0.337035304981628,0.330577208720297,0.647069982129157
0.332792013789722,0.331501129952434,0.647769148406326
0.328766014385716,0.332442864032527,0.648409776388129
0.324970687465389,0.333399049495715,0.648983099943361
0.321419511113648,0.334366622148604,0.649480808178561
0.318126000895653,0.335342530209184,0.649895168268074
0.315103596850059,0.336323348608396,0.650219164075136
0.312365474923957,0.33730483657074,0.650446652743943
0.309924267608499,0.338281497377951,0.65057253950134
0.307791696531446,0.339246210949537,0.650592965608157
0.305978145023381,0.340190013003574,0.650505496913506
0.304492225560482,0.341102083828679,0.650309292778867
0.303340416366838,0.341969981765746,0.650005230399872
0.302526843935058,0.342780112710909,0.6495959607415
0.302053267930525,0.34351837528711,0.649085880869706
0.301919283849613,0.344170875994359,0.648481022013919
0.302122707979014,0.344724585930816,0.647788868964649
0.302660065257041,0.345167821710558,0.647018138895656
0.303527078177334,0.345490477277756,0.646178552287216
0.304719059058465,0.345683996749295,0.64528062468575
0.306231133196096,0.345741140416377,0.64433549819222
0.308058254366735,0.345655638297703,0.643354819917707
0.310195006065073,0.345421838953898,0.642350664191846
0.312635207745047,0.345034446101837,0.641335486853986
0.315371368280697,0.344488398182823,0.640322092697386
0.318394055141657,0.343778894371209,0.63932359033029
0.32169128030587,0.342901513257983,0.638353303529737
0.325248035990107,0.341852319644986,0.637424608488416
0.32904612594024,0.34062782894712,0.636550677597984
0.333064405563503,0.33922472073691,0.63574413581713
0.337279450954319,0.337639279707908,0.635016671247934
0.34166653922883,0.335866685965365,0.634378673579453
0.346200697114255,0.333900432184128,0.633838983819761
0.350857533886235,0.331732239358312,0.633404814113368
0.355613657384815,0.329352804130006,0.633081842240875
0.36044664697937,0.326753505529706,0.63287442286138
0.365334735222846,0.323928859937796,0.632785813337257
0.370256435096327,0.320879156000427,0.632818305726646
0.375190301405334,0.317612507787305,0.632973192877267
0.380114876518649,0.314145687118242,0.633250561340056
0.385008742105298,0.310503516894414,0.63364896770573
0.389850560420557,0.306717101826813,0.634165089188447
0.394619042699137,0.30282146983383,0.634793434679931
0.399292866367804,0.298853190181997,0.635526173160178
0.403850616588197,0.294848325074497,0.636353104442283
0.408270833295796,0.290840837079816,0.63726177606599
0.41253221803135,0.28686142950542,0.638237739895537
0.41661401639483,0.282936756544864,0.639264935837161
0.420496553308538,0.279088963555731,0.640326181812725
0.424161863158165,0.275335554884039,0.641403736749985
0.427594328336307,0.271689602770437,0.642479889512824
0.430781223826259,0.268160293058325,0.643537516971431
0.433713069414164,0.2647537576984,0.644560554525532
0.436383718770417,0.261474089208057,0.64553433541502
0.438790161747486,0.258324391619364,0.646445779264987
0.440932070659683,0.25530771369333,0.647283439116934
0.442811166837149,0.252427738352004,0.648037440977689
0.444430507728938,0.249689158212092,0.648699363640298
0.445793793330633,0.247097732566974,0.649262106757356
0.446904769728897,0.244660077552809,0.649719784659792
0.447766776598516,0.24238327477952,0.650067667711415
0.448382455284086,0.240274395630702,0.650302176837765
0.448753606890663,0.238340033448852,0.650420922165663
0.448881171600096,0.236585924730806,0.650422765566111
0.448765295604589,0.235016726632121,0.650307882083695
0.448405459609996,0.233636002987101,0.650077797232905
0.447800658187854,0.232446454411327,0.649735384242481
0.446949633149084,0.231450406540784,0.6492848145329
0.445851174062563,0.230650536938506,0.648731465678948
0.444504499204446,0.230050770230756,0.6480818024353
0.442909717146104,0.229657204047191,0.647343256422408
0.441068341915773,0.229478860380235,0.646524135745032
0.438983798517833,0.229528020100256,0.645633593070355
0.436661824451536,0.229819934309625,0.644681666022635
0.434110667601197,0.230371841193351,0.643679377937192
0.431341017679224,0.231201428782925,0.642638857800793
0.428365683110857,0.232325088704308,0.641573419203259
0.425199106562539,0.233756394154819,0.640497541547195
0.421856856749938,0.23550514511482,0.639426724235067
0.418355216459951,0.237577090078785,0.638377224511998
0.414710919774334,0.239974169879598,0.637365723759804
0.410941019681742,0.242694961283417,0.636408980211099
0.407062838938446,0.245735002280817,0.635523512900949
0.403093991509832,0.249086847428587,0.634725328723033
0.399052526414774,0.252739923427412,0.634029669016348
0.39495726611448,0.256680377982993,0.633450734532326
0.390828332431625,0.260891059819398,0.633001357189202
0.386687702769329,0.265351618057574,0.632692614668835
0.382559520449331,0.270038629101239,0.632533413158206
0.378469889116865,0.274925719052744,0.63253008565197
0.374446031284092,0.27998377099913,0.632686066695012
0.370514925463928,0.285181364595635,0.633001704720326
0.366701749411455,0.290485535616073,0.633474252672525
0.363028545779913,0.295862806615664,0.63409803734915
0.359513446942901,0.301280313330044,0.63486476337907
0.356170592721247,0.306706802339867,0.635763879920277
0.353010652703713,0.312113317863846,0.636782938132273
0.350041719262217,0.317473496987526,0.637907890580262
0.347270304626596,0.322763503881559,0.639123315866151
0.344702231730758,0.327961715131315,0.640412579714071
0.342343302633176,0.333048302985201,0.641757960806066
0.3401997146257,0.338004854769771,0.643140775659681
0.338278249036596,0.342814130106421,0.644541534932835
0.33658627844635,0.347460009525751,0.645940157296103
0.335131634293454,0.351927640325724,0.647316258606886
0.333922362122607,0.356203743900057,0.648649524093982
0.332966378257048,0.360277015451231,0.649920159057535
0.332271037651406,0.364138523992431,0.651109398910049
0.331842631810815,0.367782011112772,0.652200043157992
0.331685856086895,0.371203995597341,0.653176963256707
0.331803310547623,0.374403620347499,0.654027525863075
0.332195116985872,0.377382225633278,0.654741875748276
0.332858735230184,0.380142691438911,0.655313039608524
0.333789037525773,0.382688644131012,0.65573684099819
0.334978652052939,0.385023656723985,0.65601165177534
0.336418528494325,0.387150576350622,0.656138036507512
0.338098625755277,0.389071083564753,0.656118364067067
0.340008594569082,0.390785536696289,0.655956459397063
0.34213833438304,0.392293093946189,0.655657348611403
0.344478341181915,0.393592051252231,0.65522711862151
0.347019816714014,0.394680298740257,0.654672878795234
0.34975456046581,0.395555784824354,0.65400278635732
0.352674700950156,0.396216883832106,0.653226085152669
0.355772338618504,0.396662584072307,0.652353109324649
0.359039173091217,0.396892443642268,0.651395216251435
0.362466179291805,0.396906299354417,0.650364632590938
0.366043385535373,0.396703761317406,0.649274220080699
0.369759793731385,0.396283581612024,0.648137190501571
0.373603464635037,0.395643044762142,0.646966818619177
0.377561767610994,0.394777572172794,0.645776212178274
0.381621761926286,0.393680737156788,0.644578193336386
0.385770640689753,0.392344826492952,0.643385321771772
0.389996141411947,0.390761955812342,0.642210048550248
0.394286824698491,0.388925584273049,0.641064943896424
0.398632154304731,0.386832145035122,0.639962910217803
0.403022371185021,0.384482474715501,0.638917289909773
0.407448218750526,0.381882805507186,0.637941807899114
0.411900619382523,0.379045238705933,0.637050338021059
0.41637040674816,0.375987777261699,0.636256528989989
0.420848184918474,0.372734096347328,0.635573352940441
0.425324326304728,0.36931324633308,0.635012641351948
0.429789051809641,0.36575941356018,0.634584654099645
0.434232472355002,0.362111728396861,0.634297697623989
0.438644426738576,0.358413934524633,0.63415777970036
0.443013952631402,0.354713567246156,0.63416827296638
0.447328313399675,0.351060221263627,0.634329567982403
0.451571697963253,0.347502640306205,0.634638733915582
0.455723969346469,0.344084801032068,0.635089259924675
0.459760009309254,0.340841770056103,0.63567099016763
0.463650109873123,0.337796528177384,0.63637035026245
0.46736146897249,0.334958806475968,0.637170882778817
0.47086037775855,0.332326246999838,0.638054005470838
0.474114446186194,0.329887322366335,0.638999842786101
0.477094316489399,0.327624950631612,0.639987989846807
0.47977462084558,0.325519808310625,0.640998126807938
0.482134231244865,0.323552766726285,0.642010466386066
0.484156006142337,0.321706330018628,0.643006059728544
0.485826264214928,0.319965241940642,0.643967001700972
0.487134170177444,0.318316529415589,0.644876575437873
0.488071154552387,0.316749229893796,0.645719367767474
0.48863043590035,0.31525398100548,0.646481377859511
0.488806677462178,0.313822581913742,0.647150133361777
0.488595787840204,0.312447585314024,0.647714821549838
0.487994862124729,0.311121949371988,0.648166437124465
0.487002250896529,0.309838765011417,0.648497942684507
0.485617736555203,0.308591069202652,0.648704432351387
0.48384278761135,0.307371753345096,0.64878328366055
0.481680851845741,0.306173573010763,0.648734278317666
0.479137640213849,0.304989258416648,0.648559669876799
0.476221347993005,0.303811713151849,0.648264177149119
0.472942761598197,0.302634273245815,0.647854887279287
0.469315211963416,0.301450983217652,0.647341062224306
0.465354359384684,0.300256835492039,0.646733855738467
0.461077827528834,0.299047919707346,0.646045962271112
0.456504738648823,0.297821441883899,0.645291230583702
0.451655227527783,0.29657559871501,0.64448427955223
0.446550018482964,0.295309323155078,0.643640149331125
0.441210134003155,0.294021944975901,0.642774008798852
0.435656769239332,0.292712825926109,0.641900923880703
0.429911324420733,0.291381029590004,0.641035676339609
0.42399555012497,0.290025072123581,0.640192613486382
0.417931738106309,0.288642776462695,0.639385508027765
0.411742887672496,0.287231225281274,0.638627413172217
0.405452793470487,0.285786782654893,0.637930508217229
0.399086030199301,0.284305136709168,0.6373059403629
0.392667845284648,0.282781311995531,0.636763675794975
0.386224001640675,0.281209618093048,0.636312374697973
0.379780627388375,0.279583544829526,0.635959300238559
0.37336411723653,0.277895680740879,0.635710262591856
0.367001088021728,0.276137800120965,0.635569589957219
0.36071833046238,0.274301297349336,0.635540114277954
0.354542650455324,0.272378100761192,0.635623163158863
0.348500494924997,0.270362050420797,0.635818559472148
0.342617332036058,0.268250510213406,0.63612463927678
0.336916882122015,0.266045805646753,0.636538298884691
0.331420404771703,0.263756053412518,0.637055071173599
0.326146262637733,0.261395124424652,0.637669216988931
0.321109882500545,0.258981779428713,0.638373811122238
0.316324077839495,0.256538275631838,0.639160809161939
0.311799578397583,0.254088840966765,0.640021096045975
0.307545586603785,0.251658340785552,0.640944529023402
0.303570235703368,0.249271302587121,0.641919990611004
0.299880907628152,0.246951312461651,0.642935462155056
0.2964844334705,0.244720703432732,0.643978121105552
0.293387227383674,0.24260042411777,0.645034459856063
0.290595400985454,0.240609985757711,0.646090422818878
0.288114884266992,0.23876741475901,0.647131560479832
0.285951553883972,0.237089172224021,0.648143202384798
0.284111349052594,0.235590034427379,0.649110653169288
0.282600343430285,0.234282955167755,0.650019415372273
0.281424740047422,0.233178949344312,0.650855439434882
0.28059076551813,0.232287043850335,0.651605395633849
0.280104457673543,0.231614334980716,0.652256956244343
0.279971363593566,0.231166172046333,0.652799070886571
0.280196186652837,0.230946459703451,0.653222215631582
0.280782434753885,0.230958044684802,0.653518598141106
0.281732122231582,0.231203134347183,0.653682306852971
0.28304556402836,0.231683689433324,0.653709400747946
0.284721277145344,0.232401741157955,0.653597945302777
0.28675597874791,0.233359597885714,0.653348007556855
0.289144650376849,0.23455992247798,0.652961627115872
0.291880628203723,0.236005672830852,0.652442779754703
0.294955680909037,0.237699903929584,0.651797346355654
0.298360047166744,0.239645432298657,0.651033093059055
0.302082420485737,0.241844367984981,0.650159659547338
0.306109887124554,0.244297530667972,0.649188542179662
0.310427840247304,0.247003788832394,0.648133048537735
0.315019907818038,0.249959393626231,0.64700819207404
0.319867939292454,0.253157414440272,0.645830493593078
0.324952092567692,0.256587405891298,0.644617664383456
0.330251044449045,0.260235425760975,0.643388166370319
0.335742315998411,0.264084465923642,0.642160675166548
0.341402666782117,0.268115257752347,0.640953503091104
0.347208484276995,0.27230730108616,0.639784057353242
0.353136091543954,0.276639889694049,0.638668402829848
0.359161923303105,0.281092904843313,0.637620969071163
0.365262568043499,0.285647225101653,0.63665439988012
0.371414721804185,0.29028472030237,0.635779508944837
0.377595128818049,0.294987911342835,0.635005289432978
0.383780586673243,0.299739449281029,0.634338931159045
0.389948071858237,0.304521587301863,0.633785818827477
0.396075004801302,0.30931579809085,0.633349508693382
0.402139631852566,0.314102644288666,0.63303170034684
0.408121463205513,0.318861954843465,0.632832230557458
0.414001677015179,0.323573302588738,0.632749115929399
0.419763387133397,0.328216721556288,0.632778661615294
0.425391681106187,0.332773550136797,0.632915637310621
0.430873370702291,0.3372272459596,0.633153503469769
0.436196458040642,0.341564002246823,0.633484655555075
0.441349395919648,0.345773015667789,0.633900647638761
0.446320290801442,0.349846317583901,0.634392362434455
0.451096235754129,0.353778175310435,0.634950112438545
0.455662948680482,0.357564173352448,0.635563680974135
0.460004825301497,0.36120016384246,0.636222333786848
0.464105415150338,0.364681303495993,0.63691484300147
0.467948225843695,0.368001362527798,0.637629561611235
0.471517689939186,0.371152412888757,0.638354570360083
0.474800108923731,0.374124907739859,0.639077896800719
0.477784418551114,0.376908081398749,0.639787786500436
0.480462680881436,0.379490548800622,0.640472994492514
0.482830277280048,0.381860970524509,0.641123062805499
0.484885833928191,0.384008666359018,0.641728555480103
0.486630947030273,0.385924094516292,0.642281232458203
0.488069787697537,0.387599152677172,0.642774154658141
0.489208661180626,0.389027292787683,0.643201722077814
0.490055578390523,0.390203469772641,0.643559653740365
0.490619876157132,0.391123964401931,0.643844922631304
0.490911901343106,0.391786132791876,0.644055660791613
0.49094275643153,0.39218814008652,0.644191049923984
0.490724092854521,0.392328733662203,0.644251211570502
0.490267934249911,0.392207101235193,0.644237108270192
0.489586515085285,0.391822841948899,0.644150463294325
0.488692128835917,0.391176055738549,0.643993701859196
0.487596990842529,0.390267532324069,0.643769911776666
0.486313129880498,0.389099001883047,0.643482817250636
0.48485232538026,0.387673399798681,0.643136756816386
0.483226102334406,0.385995100241459,0.642736655797242
0.481445784132032,0.384070086127915,0.642287985056021
0.479522588054669,0.381906041287669,0.641796700601204
0.477467733171834,0.379512368582145,0.641269161904388
0.475292519406586,0.37690015008301,0.640712029749758
0.473008331970648,0.374082069413417,0.640132146603649
0.470626528644554,0.371072311792827,0.639536403868756
0.468158179680701,0.367886446285087,0.638931601352574
0.465613652762469,0.364541281344067,0.638324305412566
0.463002068799097,0.361054673891265,0.637720713863009
0.460330695957809,0.357445269182365,0.637126537704151
0.457604391279511,0.353732157575482,0.63654691120727
0.454825227697605,0.349934455933356,0.635986341521621
0.451992439686176,0.346070851496428,0.635448705306545
0.449102772465014,0.342159173814672,0.634937292553445
0.446151227351284,0.338216072587756,0.63445488791649
0.443132086875352,0.334256865192485,0.634003870768948
0.44004001868707,0.330295577810451,0.633586310743327
0.436871034220305,0.32634515193137,0.633204038215451
0.433623126775576,0.322417744126658,0.632858678414409
0.430296512262448,0.318525027879819,0.632551649960425
0.426893502070724,0.314678416085208,0.632284138912732
0.423418117716106,0.310889154020001,0.632057064622613
0.4198755921478,0.307168271756452,0.631871052949127
0.416271896847901,0.303526420573712,0.63172642715844
0.412613400235647,0.299973643303274,0.631623219470411
0.408906716343676,0.296519141731993,0.631561199056316
0.405158754359723,0.293171105665642,0.631539907015981
0.401376936122044,0.289936658978144,0.631558686466087
0.397569514050551,0.286821958676628,0.631616696771174
0.393745899704246,0.2838324548081,0.631712905046549
0.389916906835102,0.280973284769064,0.631846054661416
0.386094825528563,0.278249740950921,0.632014618165205
0.382293276143099,0.27566772408207,0.632216748798719
0.37852683875385,0.273234085163599,0.632450248271146
0.374810505646268,0.270956772624397,0.632712567094786
0.371159047605179,0.268844737733655,0.633000847206734
0.367586406739767,0.266907601911172,0.633312006457597
0.364105222642764,0.265155140099261,0.63364285388122
0.360726566859981,0.263596670060819,0.633990216890459
0.35745991301964,0.262240448904564,0.634351059053109
0.354313320569438,0.261093164607484,0.634722570315016
0.351293771356369,0.260159579048356,0.635102218950723
0.348407577271228,0.259442341468629,0.635487763527531
0.345660774347097,0.258941958017267,0.635877231191143
0.343059429930857,0.25865688095447,0.63626887389106
0.340609809079264,0.258583672221386,0.636661116152789
0.338318369516528,0.258717198780421,0.637052506946138
0.336191579012737,0.259050827743408,0.637441684835405
0.334235574558032,0.259576603575481,0.637827360797479
0.332455709493452,0.260285403687169,0.638208317685624
0.330856061633276,0.261167079309639,0.638583420128922
0.329438997864699,0.262210593487036,0.638951624640467
0.328204900480416,0.263404166653584,0.639311977937282
0.327152147411013,0.264735433745232,0.639663592964639
0.326277395696459,0.266191608063878,0.640005597298135
0.325576148496949,0.267759640065908,0.640337056656953
0.325043508629345,0.269426357024373,0.640656884906406
0.324674964337604,0.271178573179288,0.640963757972888
0.324467040844284,0.273003168180804,0.641256049988822
0.324417690974405,0.274887141603011,0.64153180530228
0.324526372894795,0.276817660259192,0.641788751829581
0.324793842437904,0.278782121139626,0.642024352929922
0.325221744480238,0.280768254849086,0.642235889325484
0.325812110637119,0.282764291549101,0.642420560577135
0.326566862949683,0.284759202771363,0.642575596561439
0.32748739756177,0.286743017717128,0.642698371709295
0.328574290942865,0.28870719262534,0.642786517007756
0.329827142586535,0.290644988998247,0.642838025906985
0.331244547372127,0.292551795730949,0.642851349627048
0.332824178531951,0.294425316202611,0.64282547483356
0.334562954433136,0.296265545431625,0.642759974482971
0.336457253745711,0.298074489275587,0.642655023506709
0.338503135116672,0.299855629012397,0.642511376227028
0.340696516682045,0.301613196905805,0.642330309743065
0.343033281101109,0.303351380627958,0.642113544228579
0.345509290512297,0.305073596853442,0.641863154996052
0.348120316036923,0.306781957859279,0.641581491325433
0.350861902138909,0.308477005748737,0.641271113421838
0.353729193483858,0.310157725344212,0.640934752811065
0.356716750948956,0.311821789812259,0.640575294936653
0.359818376885445,0.313465956916139,0.640195777442603
0.363026961432223,0.31508652208396,0.63979939459264
0.366334354894692,0.31667974242441,0.639389497617374
0.369731267984296,0.318242165133736,0.63896958206658
0.373207202021543,0.319770816577067,0.638543255854605
0.376750415878632,0.321263231257516,0.638114185266773
0.380347941735351,0.322717320074085,0.637686020190306
0.383985667602562,0.324131096925031,0.637262304193211
0.387648507127823,0.325502302239547,0.636846379342651
0.391320673916406,0.326827981684718,0.636441299242908
0.39498606601233,0.32810409573897,0.636049765732764
0.398628745612217,0.32932524600877,0.635674103843377
0.402233471978263,0.330484600374015,0.635316284992137
0.405786218312221,0.331574075583086,0.634977999802464
0.409274585714413,0.332584791877399,0.634660770633896
0.412688029014028,0.333507756666348,0.634366082712102
0.416017835178627,0.334334678249579,0.634095505413891
0.419256841324587,0.335058774580513,0.633850774977488
0.422398933153875,0.335675440001234,0.633633817639482
0.425438409001926,0.336182667180296,0.633446705938056
0.428369316405281,0.336581181386528,0.633291556383315
0.431184863725063,0.33687431079315,0.633170389223581
0.433876985739971,0.337067670928278,0.633084977528934
0.436436111787303,0.337168771693611,0.633036712631396
0.438851159602735,0.337186658225213,0.633026507526445
0.441109763239282,0.337131675146895,0.633054751467515
0.443198737491469,0.337015402692855,0.633121319739165
0.445104775917692,0.336850758123836,0.63322563373209
0.446815363550328,0.336652193274632,0.633366758532156
0.448319849304494,0.336435859903818,0.63354351873283
0.449610566149984,0.336219577252158,0.633754609065224
0.450683823985612,0.336022444837012,0.633998676413257
0.451540562552569,0.335864016428376,0.634274355566358
0.452186476910849,0.33576308310539,0.634580252796292
0.452631533454144,0.33573626274835,0.634914886082017
0.45288895409021,0.335796693110819,0.635276602905264
0.452973893860704,0.335953120587613,0.635663500686918
0.45290210492405,0.33620956359252,0.636073369808027
0.452688842847992,0.336565562132669,0.636503668350419
0.452348160751301,0.337016878812025,0.636951526936447
0.451892611920104,0.33755644108077,0.637413775426833
0.451333289661276,0.338175315582431,0.637886981532259
0.450680090961287,0.338863556973407,0.638367493028304
0.449942088895269,0.339610842772188,0.638851478158425
0.449127918724012,0.340406869347839,0.639334961600968
0.448246108193252,0.341241531738217,0.639813855588766
0.447305305728072,0.342104940039406,0.640283987466261
0.446314380057677,0.342987339545634,0.640741126268934
0.445282383801411,0.34387900288596,0.641181011758219
0.444218393697303,0.344770152032731,0.641599389464019
0.443131260593508,0.345650948738803,0.641992054433193
0.442029319027879,0.34651156765225,0.642354904556879
0.440920114012338,0.347342342383535,0.642684001951246
0.439810198169012,0.348133956536546,0.642975638600814
0.438705036299373,0.348877642773707,0.643226401050452
0.43760903150338,0.349565354087222,0.643433228779297
0.436525663758177,0.3501898805058,0.643593461933887
0.435457714237004,0.350744897882765,0.643704875941293
0.434407539596656,0.351224949751028,0.643765702826889
0.433377359226312,0.351625376276138,0.643774641519712
0.43236952414721,0.351942212739058,0.643730861041375
0.431386743414596,0.352172082323744,0.643633999804176
0.430432252740079,0.352312103779082,0.643484162201834
0.429509914998205,0.352359831486349,0.643281914467599
0.428624244492253,0.352313241315162,0.643028282920119
0.42778034699539,0.352170766389093,0.642724757296182
0.426983768507281,0.351931376502514,0.642373300467416
0.426240248137204,0.351594683348789,0.641976364247188
0.425555377278818,0.351161043624931,0.641536909059998
0.424934179555103,0.350631624971059,0.641058423010156
0.424380643650424,0.350008398212729,0.640544933723406
0.423897261404005,0.349294025929245,0.64000100485512
0.423484640768304,0.348491633400158,0.639431709213913
0.423141269642441,0.347604472413911,0.638842572738141
0.42286349460395,0.346635516772464,0.638239488240677
0.422645744765818,0.345587052887013,0.637628604110987
0.42248097996708,0.3444603408568,0.637016199254274
0.422361287872271,0.343255414796045,0.636408559217148
0.422278514837249,0.341971066339667,0.63581186803332
0.422224805776071,0.340605020088815,0.635232125670736
0.4221929527538,0.33915427626781,0.634675093667193
0.422176501621304,0.337615573763812,0.634146264152234
0.422169624029404,0.335985917860712,0.633650842209853
0.422166812753243,0.33426311470746,0.633193729488688
0.42216249198934,0.332446249413136,0.632779498033719
0.422150648252479,0.330536033510688,0.632412346968704
0.422124582522403,0.328534940693474,0.63209604046693
0.422076860235674,0.326447065379497,0.631833832821378
0.421999497141624,0.324277695296644,0.631628393852564
0.421884367497859,0.322032676457288,0.631481752537866
0.421723767992221,0.319717736062846,0.631395275478651
0.421511027265397,0.317337968587609,0.6313696883506
0.421241030821095,0.314897652773153,0.631405135048209
0.420910544381262,0.312400459452341,0.631501256245763
0.420518265783615,0.309849975966083,0.631657262488531
0.420064603329239,0.307250370392378,0.631871979819297
0.419551243999911,0.304606988349702,0.632143856861691
0.418980615727764,0.301926719952318,0.63247093614781
0.418355353320359,0.29921806424082,0.632850803591464
0.417677852697178,0.296490910935362,0.633280534879509
0.416949957917766,0.293756123288614,0.633756655940252
0.416172786275964,0.291025030601007,0.634275128720843
0.415346669125982,0.288308931283786,0.634831366207418
0.414471173476067,0.285618681376805,0.635420274342259
0.413545169687041,0.282964412371058,0.636036314504943
0.412566919238985,0.280355394364539,0.636673578759659
0.411534168596636,0.277800039212271,0.63732587068852
0.410444246722777,0.275306023275002,0.63798678658467
0.409294172081192,0.272880499102256,0.638649794298423
0.408080778586808,0.270530358529463,0.639308309439891
0.406800868526388,0.268262505665879,0.639955770428738
0.405451394829826,0.266084098173628,0.640585714702886
0.404029666077102,0.264002718277592,0.641191858147772
0.402533558692005,0.262026444914611,0.641768178572393
0.400961713150252,0.26016381186616,0.642309002189789
0.399313687860634,0.258423653735644,0.642809090098276
0.397590046740077,0.256814858445853,0.643263720298251
0.395792364418737,0.255346057995627,0.643668760299396
0.393923144986045,0.254025295545533,0.644020726093309
0.391985663683904,0.252859705327637,0.644316825032568
0.389983753232202,0.251855233523003,0.64455498247699
0.387921565560573,0.251016415995915,0.644733854345308
0.385803344728825,0.250346216590621,0.644852829274462
0.383633248030684,0.249845921123184,0.644912024500438
0.381415250479483,0.249515079506988,0.644912278651362
0.379153163395211,0.24935149245907,0.644855142328398
0.376850790923373,0.249351248213968,0.644742864256936
0.374512236181838,0.249508824275281,0.644578367674824
0.37214235146225,0.249817275889816,0.644365209526649
0.369747299955177,0.250268533084967,0.644107513875791
0.367335161971038,0.250853819457968,0.643809871340045
0.364916482421441,0.251564184331876,0.643477199840087
0.362504630742875,0.252391104972526,0.643114569750004
0.360115845715572,0.25332707614765,0.642727007444977
0.357768880111589,0.254366076318008,0.642319301961161
0.355484245567056,0.255503801053636,0.64189584522316
0.353283166328979,0.256737594726186,0.641460532865782
0.351186441456043,0.258066084114182,0.641016739144268
0.3492134469387,0.259488597103491,0.640567359951288
0.347381464101332,0.261004504608185,0.640114900354021
0.345705417098236,0.262612633865088,0.639661574571405
0.344197984053376,0.264310867691388,0.639209389547684
0.342869956401118,0.266095985793177,0.638760195418159
0.341730681379343,0.267963743375592,0.638315701383671
0.340788431985825,0.269909134441204,0.637877468282034
0.340050592189536,0.271926757266485,0.637446896165622
0.339523605959526,0.274011185884164,0.637025225560898
0.3392127040989,0.27615725119255,0.636613565485225
0.339121484044476,0.278360148192163,0.636212951376075
0.339251466181611,0.280615314000413,0.63582442425396
0.339601775263744,0.282918066434295,0.635449111861191
0.340169085924567,0.285263051622545,0.63508828679936
0.34094792077856,0.287643609213788,0.634743378808461
0.341931304486134,0.290051205758607,0.634415929050728
0.343111679404267,0.292475091266204,0.634107490967131
0.344481910272271,0.294902292308118,0.633819499324941
0.346036175247102,0.297317977176234,0.633553140069939
0.347770569183397,0.299706140135312,0.633309254378654
0.349683320093372,0.302050482391895,0.633088300908044
0.351774613202805,0.304335337125969,0.63289038457094
0.35404609895037,0.306546498136671,0.632715343869832
0.356500211671269,0.308671854959202,0.632562876750388
0.359139438922847,0.310701793414082,0.632432679589704
0.361965663638873,0.312629372337672,0.632324575250381
0.364979664427854,0.31445032349413,0.632238612271965
0.368180815452594,0.316162937987837,0.632175125697864
0.371566985663065,0.317767899914645,0.632134758387125
0.375134603334753,0.319268111012257,0.632118448241511
0.378878828820941,0.320668525146015,0.632127390689341
0.382793767419378,0.321975985971883,0.632162986832807
0.386872655606815,0.323199042361582,0.632226786261869
0.391107966928723,0.324347709915199,0.632320430423976
0.395491406278357,0.325433155864023,0.632445598544801
0.40001378926992,0.326467305319927,0.632603954547547
0.404664830519299,0.327462394257175,0.632797090862955
0.409432885583149,0.328430515466889,0.633026464398772
0.414304700261741,0.329383212924104,0.633293321055455
0.419265216889893,0.330331170725009,0.633598607909192
0.424297473062294,0.331284020839898,0.633942875519639
0.429382608133114,0.332250263261362,0.634326175986405
0.434499974766531,0.333237264631471,0.634747964434138
0.439627341389877,0.334251282645781,0.635207012364264
0.44474116898148,0.335297457946992,0.635701340948469
0.449816950641587,0.336379723607694,0.636228181335128
0.454829610334222,0.337500603410086,0.636783967762552
0.459753962160224,0.338660901374547,0.637364367710576
0.464565228221988,0.339859322358027,0.637964351052044
0.469239598822014,0.341092100737364,0.638578296614623
0.473754795123477,0.342352741758477,0.639200129520487
0.478090568602703,0.343631986163503,0.639823476771588
0.482229055433974,0.344918082384369,0.6404418235125
0.48615490981475,0.346197388896196,0.641048650589223
0.489855174709737,0.347455243877244,0.64163753733843
0.493318905852969,0.348676957471999,0.642202222092859
0.496536626439021,0.349848737119413,0.642736624350295
0.499499731764513,0.350958370356091,0.64323484291709
0.502199968796289,0.351995558340879,0.643691149919008
0.504629084993232,0.352951888790084,0.644099999773222
0.506778688353987,0.353820522710378,0.644456066066799
0.508640306598955,0.354595719653056,0.64475431049581
0.510205592926762,0.355272334963379,0.644990079463478
0.511466605025948,0.355845399062137,0.645159217597552
0.512416081273283,0.356309848583884,0.645258184127274
0.513047647907829,0.356660435587376,0.645284157664486
0.513355908374125,0.356891802178623,0.645235117033885
0.513336387921328,0.3569986771984,0.645109889950432
0.512985331806552,0.35697613025974,0.644908167191166
0.512299383790777,0.356819807500621,0.644630487086923
0.511275201155491,0.35652607497733,0.644278202820764
0.509909088867548,0.356092012215198,0.643853451703985
0.508196751094462,0.355515230915592,0.643359149065696
0.506133254662377,0.354793538815497,0.642799027338605
0.503713270106245,0.3539245166342,0.642177731820218
0.500931603502429,0.352905112583485,0.64150096920339
0.497783967402382,0.351731369743262,0.640775686757715
0.494267880787431,0.350398379581639,0.640010244631579
0.490383554906436,0.348900504875971,0.639214536671803
0.486134624684086,0.347231853158094,0.638400019383535
0.481528621507811,0.345386927532186,0.637579623093743
0.476577139264454,0.343361350600581,0.636767539529149
0.471295703699958,0.341152554316709,0.635978899937333
0.465703401389364,0.338760348876246,0.635229372692132
0.459822351361304,0.336187316442906,0.634534716462277
0.45367710959898,0.333439009312894,0.633910324515299
0.447294088185959,0.33052395888283,0.633370789385651
0.440701052496253,0.327453517902394,0.63292950765772
0.433926736529071,0.324241564492984,0.632598334699157
0.427000591902571,0.320904095730596,0.632387291030512
0.419952662266261,0.317458735941356,0.632304317058225
0.412813553280505,0.313924184637831,0.632355071712704
0.405614450346612,0.310319633848808,0.632542772861913
0.398387124604293,0.306664194215996,0.63286808212211
0.391163866122521,0.302976380107833,0.633329041988558
0.383977295308872,0.29927371005262,0.633921076677612
0.376860030310537,0.295572473572783,0.634637067474854
0.369844225190064,0.291887695385427,0.63546750764435
0.362961030704382,0.28823329498685,0.636400732076144
0.356240053605918,0.284622402128519,0.637423206041949
0.349708891952238,0.281067758220585,0.638519849898966
0.343392802115098,0.277582119769829,0.639674375512343
0.337314516894924,0.274178585452907,0.640869615994313
0.331494197303373,0.270870788684153,0.642087840615002
0.325949475364823,0.26767292366737,0.643311057416431
0.320695537543314,0.264599596844949,0.644521313452463
0.315745207076027,0.261665513719203,0.645701004503768
0.311109003031963,0.258885024510176,0.646833202171352
0.306795177452683,0.256271565257118,0.647901997356096
0.302809753142622,0.253837047560173,0.648892847161596
0.299156598385025,0.251591270364485,0.649792899949225
0.295837577242691,0.249541445691396,0.65059126419073
0.292852802980946,0.24769193656864,0.651279184962606
0.290200998431536,0.246044288025571,0.65185010059671
0.287879936220996,0.24459758400975,0.652299571545165
0.285886902118342,0.243349093329513,0.652625099817924
0.284219109323871,0.242295093163518,0.652825881861777
0.282873997188251,0.241431711246914,0.652902550701616
0.281849373183787,0.24075562714603,0.652856959312373
0.281143395208422,0.24026451678672,0.652692037878085
0.280754426979283,0.239957196831309,0.652411731013256
0.280680822505902,0.239833497550552,0.652020997004449
0.280920701854741,0.239893944204226,0.651525836626156
0.281471771584182,0.240139349903835,0.650933316155787
0.282331224565468,0.240570421354656,0.650251555848143
0.283495730691516,0.241187461749993,0.649489667489146
0.28496150605705,0.241990230759182,0.648657638892546
0.286724426256887,0.242977995010814,0.647766176284519
0.288780131807861,0.24414977534191,0.646826525299909
0.291124063290873,0.245504769347715,0.645850296267681
0.293751364233202,0.247042899798519,0.644849318608244
0.296656604171871,0.248765413439069,0.643835542315275
0.299833303911569,0.250675434779072,0.642820992619928
0.303273287030162,0.252778370600063,0.641817769495379
0.306965929255269,0.255082066197847,0.640838070319326
0.310897420663521,0.257596633161598,0.639894205655096
0.315050184828398,0.260333896345449,0.638998577388595
0.319402606195646,0.263306440197757,0.638163595519816
0.323929196306658,0.266526273548735,0.637401522105775
0.328601275651803,0.270003188220597,0.636724243934476
0.333388156766312,0.273742971485449,0.636142986014875
0.33825869179986,0.277745734273505,0.635667985186818
0.343182924611187,0.2820046847585,0.635308148694071
0.348133519396089,0.286505638451351,0.635070727159408
0.353086676215981,0.291227381238134,0.634961032315369
0.358022389067517,0.296142754067705,0.634982222784646
0.362924090342406,0.301220133813545,0.635135165788953
0.367777871625713,0.306424939152909,0.635418365079675
0.3725715282095,0.311720891119724,0.635827934718739
0.377293653635062,0.317070927403755,0.636357600328309
0.381932949533677,0.322437820610111,0.636998723128035
0.386477846135719,0.3277846333645,0.637740360765551
0.390916461186428,0.333075148856531,0.638569393242209
0.395236860149065,0.338274362838521,0.639470743937948
0.399427522586406,0.343349044227924,0.64042771166092
0.403477881158601,0.348268301407452,0.64142240409511
0.40737879468139,0.353004057412748,0.642436236565858
0.41112284840099,0.357531348760644,0.643450444194838
0.414704430394314,0.361828408166443,0.644446556311036
0.418119590718972,0.365876546664441,0.645406797155106
0.421365730760996,0.369659892867283,0.646314398418928
0.424441187247302,0.373165064807329,0.647153828466966
0.42734477308405,0.376380844569922,0.647910955314371
0.43007532699741,0.379297904700779,0.648573164532422
0.432631312816195,0.381908610538018,0.649129452010944
0.435010504224201,0.384206897262781,0.649570506598783
0.437209788730355,0.38618820130655,0.649888791780449
0.439225122283803,0.387849412570261,0.65007862924396
0.441051657825715,0.389188810552902,0.650136281794997
0.442684053050773,0.390205951585861,0.650060028042876
0.444116938272,0.390901488679407,0.649850218683456
0.445345495911905,0.391276925840411,0.649509303574891
0.446366081557042,0.391334329164449,0.649041820756092
0.447176809147453,0.391076031560512,0.648454342428741
0.447778034323127,0.390504371355383,0.647755377610018
0.448172697198045,0.389621496311615,0.646955235360411
0.448366520278659,0.388429247574961,0.646065855319452
0.448368087953559,0.386929119413088,0.645100613451779
0.448188851500664,0.385122277592105,0.644074110802521
0.44784310135626,0.383009617483576,0.643001952311641
0.447347922473287,0.380591855828262,0.64190052188845
0.446723096700986,0.377869677872062,0.640786759067667
0.445990840329814,0.374843999641629,0.639677941048794
0.445175181182066,0.37151643825589,0.638591470470995
0.444300734308816,0.367890080382205,0.637544662866101
0.443390713092587,0.363970558567949,0.636554519541878
0.442464296906564,0.359767269119136,0.635637467485227
0.441533934215717,0.35529435812023,0.634809056981175
0.440603529851957,0.350571027749878,0.634083633688129
0.439668369035399,0.345620916747599,0.633474031780821
0.438716964246212,0.340470718808898,0.63299134317191
0.437734183482337,0.335148538518236,0.632644792289316
0.436704604573272,0.329682517257448,0.632441702943971
0.435615216538786,0.324100029823844,0.632387512437671
0.434457066850222,0.31842746513306,0.632485782924243
0.433225871984424,0.312690418982715,0.632738176208573
0.431921821893228,0.306914070237456,0.633144383190039
0.430548858897499,0.30112353973239,0.633702022869114
0.429113686082753,0.29534409678425,0.634406542085337
0.427624713780997,0.289601153358399,0.635251152680322
0.42609110142412,0.283920055182155,0.636226837030225
0.424521996710902,0.27832573179638,0.637322438361185
0.422926016607314,0.272842296586576,0.638524833883683
0.421310962329682,0.267492691345335,0.639819172199993
0.419683721641614,0.262298451687899,0.641189146061828
0.418050291725855,0.257279637072935,0.642617269492929
0.416415854527459,0.252454930438317,0.644085134335064
0.414784849656279,0.247841874565712,0.645573633531371
0.413161011735344,0.243457181026286,0.647063153924972
0.411547363579452,0.239317028272641,0.648533756247638
0.409946178648452,0.235437263372228,0.649965370034926
0.40835894155657,0.231833440495689,0.65133803259475
0.406786340809911,0.228520667114964,0.652632192005208
0.405228322252459,0.225513279106046,0.653829075591466
0.403684216308448,0.222824411751114,0.654911103561337
0.402152932454473,0.220465561878473,0.65586230955828
0.400633196723334,0.218446236270008,0.656668722741079
0.399123798335521,0.21677375433172,0.65731867214648
0.397623812150421,0.215453229858318,0.65780299078695
0.39613277291763,0.214487712363205,0.658115117972743
0.394650790956114,0.213878438557558,0.658251115207357
0.393178612195796,0.213625141256088,0.658209615770304
0.391717635419641,0.213726378948511,0.657991723064692
0.390269904742607,0.21417985714913,0.657600871652907
0.388838095384084,0.214982708059628,0.657042669618056
0.387425506227383,0.216131697443113,0.656324740798081
0.386036065247687,0.217623339636306,0.655456578973045
0.384674345512615,0.219453912813036,0.654449419179491
0.383345581819949,0.221619374416751,0.653316125920083
0.382055672615296,0.224115182531019,0.65207109388665
0.380811149791459,0.226936035404231,0.650730153048143
0.379619101707977,0.230075548861468,0.649310466621343
0.378487040210155,0.233525899198615,0.647830408310403
0.377422712732894,0.237277466320952,0.646309404516097
0.3764338709174,0.241318515959227,0.644767729159744
0.375528017085399,0.245634959360062,0.64322624327044
0.374712156826468,0.250210222986798,0.64170607822841
0.373992588450896,0.25502524961236,0.640228269569621
0.373374757471363,0.260058637158235,0.638813356110477
0.37286319668928,0.265286905005995,0.637480965377064
0.372461560733147,0.270684862206894,0.636249409682537
0.372172749522503,0.276226040712468,0.635135317077
0.371999100138993,0.281883151172607,0.634153317923674
0.371942613105813,0.287628519101009,0.633315801848925
0.372005168691884,0.293434463989143,0.63263275243496
0.372188681747711,0.299273591611135,0.632111659404918
0.372495138136839,0.305118980090668,0.631757501057547
0.372926449554788,0.310944255514548,0.631572784070431
0.373484057141333,0.316723576337325,0.631557624311941
0.374168220048995,0.322431576967348,0.631709851695654
0.374976973895622,0.328043348009657,0.632025124180857
0.375904872127788,0.333534529728176,0.63249703912861
0.376941820516024,0.338881547658289,0.633117232963921
0.378072468424179,0.344061941636698,0.633875464641598
0.37927655968941,0.349054686978524,0.634759689523824
0.380530317482702,0.353840421344955,0.63575614676585
0.381808516166149,0.358401552005589,0.636849493132798
0.383086645899063,0.362722267094245,0.638023007173661
0.384342625031331,0.366788481538933,0.639258862523521
0.385557773642032,0.370587730433986,0.640538443889512
0.386717053194943,0.37410900814636,0.641842668421459
0.387808773777715,0.377342552044716,0.643152281215505
0.388824036434981,0.380279581121206,0.644448109651957
0.389756144534406,0.382912013543919,0.645711278291781
0.390600136396317,0.385232197766294,0.646923398514381
0.391352503256426,0.387232696822137,0.648066753078152
0.392011084836216,0.38890616386768,0.649124495575271
0.392575087304825,0.390245338382575,0.650080879328968
0.393045145420031,0.39124317667023,0.650921520837927
0.393423349586249,0.391893108885627,0.65163369105772
0.393713175790175,0.392189391497137,0.652206616024445
0.39391928649484,0.392127504107068,0.652631759358779
0.394047206165062,0.391704528853432,0.652903055757379
0.394102907313335,0.390919452918873,0.653017068042438
0.394092364147985,0.389773351266615,0.652973050672531
0.394021137033554,0.38826943571544,0.652772918252407
0.393894042553714,0.38641299162174,0.652421134953382
0.393714944093129,0.38421124681303,0.651924551054172
0.3934866705528,0.381673202512843,0.65129220407032
0.393211046050476,0.378809423950132,0.650535085429687
0.392889002204344,0.375631801111652,0.649665878862275
0.392520742256091,0.372153323738117,0.648698691516006
0.392105924186714,0.36838791008711,0.647648795507218
0.391643829493343,0.364350303032743,0.646532384720016
0.39113348722202,0.360056030377214,0.64536634372647
0.390573727661365,0.355521421804036,0.644168023809379
0.389963145361674,0.350763676568965,0.64295502198751
0.389299956929675,0.345800979968812,0.641744960656506
0.388581746755367,0.340652670736951,0.640555267051064
0.387805105951668,0.335339463620638,0.639402952734843
0.386965189780772,0.329883728465149,0.638304393550153
0.386055250590629,0.324309814952068,0.637275110073562
0.385066249471916,0.318644385655417,0.636329548249607
0.383986707970617,0.312916675649245,0.635480860729709
0.382803015909931,0.307158537804509,0.634740693094943
0.381500424569746,0.301404079498724,0.634118986631258
0.38006486329606,0.295688696124884,0.633623819304785
0.378485464402007,0.290047426097456,0.633261313314314
0.376757293801902,0.284512823719646,0.633035631723514
0.374883458809589,0.279112879261447,0.632949062438716
0.372875800339434,0.273869673482242,0.633002153778599
0.370753897348209,0.268799230197013,0.633193845266986
0.368542829390503,0.263912510352845,0.633521548068207
0.366270564153285,0.259217039077647,0.63398116367283
0.363965738516058,0.254718562470532,0.634567060398668
0.361656190166062,0.250422350089098,0.635272037284076
0.359368210368297,0.246334047028239,0.636087297760564
0.357126297147425,0.242460154967832,0.637002444939141
0.354953169199754,0.238808259271337,0.638005505710315
0.352869863793601,0.235387080453913,0.639082992803397
0.350895818615486,0.23220637799849,0.640220017962881
0.349048899202476,0.229276708087866,0.641400470164618
0.347345374721285,0.226609041761834,0.642607267119271
0.345799867342065,0.224214276136717,0.643822676525248
0.344425307117489,0.222102700705157,0.645028689403203
0.343232918567411,0.220283496713238,0.646207416739964
0.342232252050154,0.218764341728227,0.647341476844985
0.341431258460748,0.217551166187185,0.648414345283552
0.340836394890009,0.216648074234463,0.649410649599869
0.340452744107666,0.216057409497261,0.650316403088772
0.340284131760637,0.215779925766529,0.65111918181373
0.340333229877736,0.215815015103221,0.651808254867083
0.340601641223139,0.216160949349184,0.652374679368139
0.341089964389625,0.216815100941776,0.652811370006814
0.341797843314521,0.217774121061952,0.653113149583406
0.342724006919715,0.219034064572622,0.653276783296322
0.343866305006594,0.220590460443637,0.653300996394982
0.34522174564212,0.222438332872344,0.653186472778394
0.346786537515894,0.224572182346644,0.652935831270706
0.348556138211985,0.226985937366771,0.652553576762169
0.350525307080927,0.229672887805222,0.652046024478738
0.352688158711697,0.232625608828632,0.651421197659249
0.355038212043428,0.235835882759382,0.650688700303333
0.357568430247906,0.239294624651044,0.649859567567218
0.360271248674435,0.242991817046918,0.648946096144296
0.363138590080228,0.246916458731382,0.64796165677053
0.366161868557636,0.251056531016261,0.646920490949614
0.369331984074422,0.255398982314653,0.645837494858599
0.372639309819544,0.259929729090835,0.644727994187747
0.376073675204037,0.264633670028463,0.643607513799514
0.379624348537627,0.269494710657832,0.642491545550524
0.38328002447844,0.274495796776971,0.641395316974817
0.387028821751093,0.279618955764501,0.640333563265675
0.390858296219132,0.284845344915721,0.639320305190452
0.394755473432457,0.290155305445104,0.638368635979611
0.39870690344759,0.295528420023158,0.637490520621539
0.402698739161452,0.300943570893312,0.63669661118772
0.406716837553865,0.306378994814611,0.635996081749312
0.410746881013744,0.311812330359285,0.635396486100051
0.414774513288944,0.317220652569464,0.634903640859408
0.418785481622753,0.322580489841758,0.634521535602398
0.422765773527273,0.327867818473913,0.634252270490587
0.426701733734992,0.333058031986088,0.634096020603182
0.430580144577581,0.338125885652584,0.634051025013173
0.434388251871445,0.343045422278304,0.634113597985067
0.438113718873174,0.347789893732533,0.63427815992166
0.441744493706723,0.3523317044549,0.63453728732043
0.445268581764557,0.356642417578517,0.634881784340528
0.448673725211838,0.360692879414082,0.63530078360652
0.451947008147721,0.364453529264078,0.635781889899691
0.455074428578319,0.367894961542945,0.636311385767655
0.458040504930215,0.370988787019276,0.636874520132418
0.460828008583338,0.373708792712064,0.637455896417911
0.463417923243963,0.37603232681222,0.638039963035509
0.465789713988659,0.377941751176269,0.638611586575361
0.467921936767336,0.379425738554198,0.639156661597598
0.469793141163739,0.380480177748512,0.639662689574099
0.471382939888428,0.381108505853788,0.640119253083891
0.472673069428198,0.381321401689462,0.640518324956602
0.473648268901732,0.381135909368588,0.640854382493335
0.474296856793148,0.380574167640809,0.64112433369238
0.474610964556879,0.379661967162273,0.641327293235189
0.474586461243626,0.378427341146131,0.641464262623978
0.474222651897933,0.376899335982856,0.641537769974264
0.473521848011794,0.375107036666344,0.641551514745468
0.472488897544248,0.373078860320728,0.641510047405814
0.471130737453125,0.370842090669305,0.641418499020361
0.469456004702236,0.368422607103928,0.641282364068137
0.467474719261964,0.365844758537912,0.641107332295947
0.465198037324176,0.363131337720962,0.640899161614866
0.462638064490943,0.36030362076375,0.640663582913412
0.459807715447549,0.357381445925576,0.640406228164211
0.45672060689155,0.354383313691249,0.640132574562701
0.453390972799226,0.351326496305674,0.639847899129705
0.449833594431616,0.348227149286642,0.639557239924185
0.446063740916727,0.345100420210529,0.639265361531422
0.442097119111783,0.341960551556685,0.638976723681935
0.437949833219749,0.33882097496459,0.638695452626699
0.433638355222209,0.335694394337025,0.638425315258505
0.429179506873926,0.332592855233814,0.638169696019436
0.424590453352745,0.329527798226641,0.637931576535726
0.419888708104851,0.32651009440306,0.637713517813599
0.415092148052467,0.323550061966799,0.637517644768165
0.410219038036388,0.320657463782434,0.637345632850506
0.405288062904811,0.317841486761337,0.63719869651985
0.400318365085123,0.315110705172003,0.637077579272749
0.395329584942625,0.312473031266891,0.636982544882539
0.390341901048006,0.309935657818748,0.636913369489194
0.385376067762731,0.307504997967929,0.636869334245064
0.38045344830227,0.305186627801748,0.636849218422443
0.375596042440695,0.302985236013144,0.636851293247402
0.370826508963933,0.300904582639011,0.636873317262048
0.366168183484222,0.298947465322143,0.636912534736511
0.361645091909162,0.297115687149456,0.636965679534158
0.357281958322229,0.295410015570286,0.637028987851167
0.353104202974105,0.293830118331541,0.637098224318075
0.349137921325423,0.292374461158413,0.637168726970345
0.345409828776908,0.291040154655345,0.63723547740762
0.341947148472134,0.289822745890504,0.63729320288988
0.338777412735841,0.28871596400054,0.63733651689894
0.335928144451979,0.287711448099651,0.637360103510134
0.333426385947678,0.286798507214039,0.637358948331274
0.331298052922825,0.285963981214036,0.637328614288239
0.32956711204053,0.285192282441922,0.637265553799274
0.32825461304039,0.284465693138051,0.637167439968925
0.327377645768846,0.283764968620569,0.637033489347815
0.326948330862351,0.283070249553542,0.636864739748766
0.326972977929614,0.282362224302358,0.636664241833864
0.327451544974551,0.281623417705934,0.636437126029537
0.328377500571122,0.280839434285441,0.636190518681236
0.329738128843035,0.279999970206075,0.635933302130516
0.331515240645108,0.279099439101276,0.635675738016
0.333686183829613,0.278137127453706,0.635428994766513
0.336225001701969,0.277116886011799,0.635204632629397
0.339103582875962,0.27604644736632,0.635014099584862
0.342292675092829,0.27493651279229,0.634868280567751
0.34576268617706,0.273799763543594,0.634777125443859
0.349484249167818,0.272649928186589,0.63474936398502
0.353428571419777,0.271500993582502,0.634792302971454
0.3575676125197,0.270366599784226,0.634911693220496
0.36187414386417,0.269259620542528,0.635111652235432
0.36632173860294,0.268191906452253,0.635394629538734
0.370884730188332,0.267174156429166,0.635761404725662
0.375538165670008,0.266215881654463,0.636211111445216
0.380257769000282,0.265325430243179,0.636741283113537
0.385019921245263,0.264510047374325,0.637347917929325
0.389801658917449,0.26377595229826,0.638025561758503
0.394580688341593,0.263128419487631,0.63876740787834
0.399335412456419,0.262571855838951,0.639565412649671
0.404044966169583,0.262109869353639,0.640410426089869
0.408689256784615,0.261745327348265,0.641292336153725
0.413249006673666,0.261480404200525,0.642200225330566
0.417705795951478,0.261316620122755,0.643122537913972
0.422042103233572,0.261254873536263,0.644047255972689
0.426241342583416,0.261295470314988,0.644962081630655
0.430287894616871,0.261438153374399,0.645854622817482
0.434167129701665,0.261682135729298,0.646712579300387
0.437865421682606,0.262026139150138,0.647523925775294
0.441370151814503,0.26246843905763,0.648277089216902
0.444669704553798,0.263006914599476,0.648961118564923
0.447753458582026,0.263639101613679,0.649565845656838
0.450611776881583,0.264362245783226,0.650082036551864
0.453235998203226,0.265173353790188,0.650501531666828
0.455618430724422,0.266069240689956,0.650817372438173
0.457752348501395,0.267046572368391,0.65102391230075
0.459631992508648,0.26810190124204,0.651116910711133
0.461252578450043,0.269231695288783,0.651093609540456
0.462610312054444,0.270432361495775,0.650952790936441
0.463702410271368,0.271700266242221,0.650694815143687
0.464527124467909,0.273031755747195,0.650321636215412
0.465083760210229,0.274423179230518,0.64983679342252
0.465372687480633,0.2758709167412,0.649245376478131
0.465395336243746,0.277371410530209,0.648553963688638
0.465154173979834,0.278921197651018,0.64777053342012
0.464652665020677,0.280516939002263,0.646904350922216
0.463895215160621,0.282155438966616,0.645965834132573
0.462887108436843,0.283833649892192,0.644966403269308
0.461634445365919,0.285548657116312,0.643918319523325
0.460144092554457,0.287297642831123,0.642834517814185
0.458423652202381,0.289077830291103,0.641728437450785
0.456481456804515,0.290886412962037,0.640613852922937
0.454326590016641,0.292720475546276,0.639504705362631
0.451968930111936,0.294576914954564,0.638414933876648
0.449419208639013,0.296452369113206,0.63735830527777
0.446689074456053,0.298343160197692,0.636348240844971
0.443791152544679,0.300245256891722,0.635397639545594
0.440739087792455,0.302154258109353,0.634518698424309
0.437547565866572,0.304065398804536,0.633722732307081
0.434232305839735,0.305973577458177,0.633019996305574
0.430810021804709,0.307873404885903,0.632419515634436
0.427298352867981,0.309759275281878,0.631928927873674
0.423715762383653,0.311625462739313,0.631554343025757
0.420081408068878,0.313466249120474,0.631300226601383
0.41641498507706,0.315276090286103,0.631169310595156
0.412736544964991,0.3170498240829,0.631162536584876
0.409066295836064,0.318782911049804,0.63127903415908
0.40542439343711,0.320471675901214,0.631516136173378
0.401830738496735,0.322113491506806,0.631869429814769
0.398304798134117,0.323706836775357,0.632332839591052
0.394865463761139,0.325251187414598,0.632898736482352
0.391530944076495,0.32674676286908,0.633558067964076
0.388318677120607,0.328194216236779,0.6343005063045
0.385245240238033,0.329594370678047,0.635114615407034
0.382326243991374,0.330948067201752,0.635988037318338
0.379576208897515,0.332256129041792,0.636907697975352
0.377008433845523,0.333519405921966,0.637860029117464
0.374634868983567,0.334738850117523,0.638831200958398
0.372466005343573,0.335915585641599,0.639807358788096
0.370510791213535,0.337050947818955,0.640774856092878
0.368776582850616,0.338146484422162,0.64172047679978
0.367269134742884,0.339203919065156,0.642631639763096
0.365992632014027,0.340225083266158,0.643496579595062
0.364949764419642,0.341211826678972,0.644304499419737
0.364141837841796,0.342165916232136,0.645045693008236
0.363568915610433,0.343088934705852,0.645711635869595
0.36322997903044,0.343982187832784,0.646295046931202
0.363123094785046,0.344846626619846,0.646789924137568
0.363245576842412,0.345682788699716,0.647191558364828
0.363594132122798,0.346490759710932,0.647496530384678
0.364164982249786,0.347270153523353,0.647702695215478
0.36495395756009,0.348020108981292,0.647809157264174
0.365956563371492,0.348739300871609,0.647816238492077
0.3671680216275,0.349425963858811,0.647725440708551
0.368583292836693,0.35007792981958,0.647539402303295
0.370197083116204,0.350692680384047,0.647261849457121
0.372003840353531,0.351267418318376,0.64689754191006
0.373997740820889,0.351799160923308,0.646452213706202
0.376172665786893,0.352284857993387,0.645932509373883
0.378522165452094,0.352721534976112,0.645345916031564
0.381039406498062,0.35310645927178,0.644700691593312
0.383717098221624,0.353437325996366,0.644005788998409
0.386547393390388,0.353712457448468,0.643270775551962
0.389521761193051,0.353931010307339,0.642505745765216
0.392630831940173,0.354093185040432,0.641721225348592
0.395864215608735,0.354200432958328,0.640928063571784
0.399210298791476,0.354255656686273,0.64013731113345
0.402656027253436,0.354263397946107,0.639360081002245
0.406186684810747,0.354230000480614,0.638607390363579
0.409785685042395,0.354163723570823,0.637889982769271
0.413434402212225,0.354074761516492,0.637218130927633
0.417112083235378,0.353975097824214,0.636601422575263
0.420795902799634,0.353878096730672,0.636048535112156
0.424461242593266,0.353797725877917,0.635567009763568
0.428082277719522,0.353747339764272,0.635163042967401
0.431632915662149,0.353738061229952,0.634841319700338
0.435088037482769,0.353776976977518,0.634604916227501
0.438424850623095,0.353865550583278,0.634455292711373
0.441624042793556,0.35399873068649,0.634392377002616
0.444670419656473,0.35416508889593,0.634414715931399
0.447552858955538,0.354347987455696,0.63451965296968
0.450263653635095,0.354527428036985,0.634703492087454
0.452797508127703,0.354682066585691,0.634961625406128
0.455150499490506,0.354790952034704,0.635288624470452
0.45731923121734,0.354834758792225,0.635678309496396
0.459300275099999,0.354796491167775,0.636123814101655
0.461089889898061,0.354661761140061,0.636617658459897
0.462683952311057,0.354418776171172,0.63715183704669
0.464078026422123,0.354058156608179,0.637717921727308
0.465267511193982,0.353572668074415,0.638307177945928
0.466247824720317,0.352956923476479,0.638910690794422
0.467014599984091,0.352207088381484,0.639519497887562
0.467563877306878,0.351320611476151,0.640124726453481
0.467892284163435,0.350295994996934,0.640717732334769
0.467997195345381,0.349132615076424,0.641290238448812
0.467876867305361,0.347830596873873,0.641834469687502
0.467530541155866,0.346390743580889,0.642343280448345
0.466958509883146,0.344814512376994,0.642810270267887
0.46616214711529,0.343104025173601,0.643229882688417
0.465143897132279,0.341262098524359,0.643597482751808
0.463907228488015,0.339292276087441,0.643909409484833
0.462456556307579,0.337198848678791,0.644163001358011
0.460797140688486,0.334986850914085,0.644356594749127
0.458934970361828,0.332662028939125,0.644489497596963
0.456876641577729,0.330230779747529,0.644561942310542
0.45462924185743,0.327700067945996,0.644575023249117
0.45220024681485,0.32507732960632,0.644530624503531
0.449597435869992,0.322370374430944,0.644431343255113
0.446828829713008,0.319587296728398,0.644280412815828
0.443902649403896,0.316736403053788,0.644081627903218
0.440827294431754,0.31382616050886,0.643839273105197
0.437611335385008,0.31086516553842,0.643558054206583
0.434263516182728,0.307862129367407,0.64324303123848
0.430792761110794,0.304825873603386,0.642899551855233
0.427208182948294,0.301765328255725,0.642533183845945
0.423519090029344,0.298689524536198,0.642149646123964
0.419734991862275,0.295607576110452,0.641754738230708
0.415865604625013,0.292528644629834,0.641354269063538
0.411920859228857,0.289461887984463,0.640953986061414
0.407910915364754,0.286416392368534,0.640559506298709
0.403846184859006,0.283401091640151,0.640176250794846
0.399737366740911,0.280424679422282,0.639809382864046
0.395595494877785,0.277495520810973,0.639463750674384
0.391431997077923,0.2746215713009,0.639143833522451
0.387258762445464,0.271810310401743,0.638853690851868
0.383088211662965,0.269068696329027,0.638596912814205
0.378933363082076,0.266403146119719,0.638376571285188
0.37480788636118,0.263819542792721,0.638195170709355
0.370726135273782,0.261323268117257,0.638054598927289
0.366703152415689,0.258919256545865,0.637956079159721
0.362754640893621,0.256612063531409,0.637900125362477
0.358896901364585,0.254405940154237,0.637886504042358
0.355146736551941,0.252304906247057,0.637914206085743
0.351521328863023,0.250312816115577,0.637981432074095
0.348038099232994,0.24843341439263,0.638085593901693
0.344714556138974,0.246670383995262,0.638223334381673
0.3415681424913,0.245027392758442,0.638390565152917
0.338616084758521,0.24350814892728,0.638582521912843
0.33587524379588,0.242116477182657,0.63879383511017
0.33336196136998,0.240856425092204,0.639018614003281
0.331091891875959,0.239732404288749,0.639250542480778
0.329079806817638,0.238749361359733,0.639482986113303
0.327339361744132,0.237912961711942,0.63970911115372
0.325882822155605,0.237229758101777,0.639922017052122
0.324720755644655,0.236707307500594,0.640114883930712
0.323861710003752,0.236354199023329,0.640281134985387
0.323311907771995,0.236179963933529,0.640414610982687
0.323074993231716,0.23619485583045,0.640509750429646
0.32315186591878,0.236409511451698,0.64056176555306
0.323540625346628,0.23683452436314,0.640566801972076
0.324236637163052,0.237479979091991,0.64052206970005
0.325232715185113,0.238354998154487,0.640425935101263
0.326519400351308,0.239467348461497,0.640277967278878
0.328085308958196,0.240823139569946,0.640078937221603
0.329917519209235,0.242426628751941,0.639830772857276
0.332001966316674,0.244280131925139,0.639536476963344
0.334323820317711,0.246384026521047,0.639200017418739
0.33686782593195,0.248736825916688,0.638826200018187
0.339618589542569,0.251335302907518,0.638420533409087
0.3425608031998,0.25417464040187,0.637989094194219
0.345679400618489,0.257248591081775,0.637538397908682
0.348959645054255,0.260549631987135,0.637075279090346
0.352387154010378,0.264069104521119,0.636606781290926
0.355947870726062,0.267797334864665,0.636140055929186
0.359627996673166,0.271723733899201,0.635682267630164
0.363413902013918,0.275836879289471,0.635240503254579
0.367292031707962,0.280124584862416,0.634821682208991
0.371248822528107,0.284573964019774,0.634432466670919
0.375270642569007,0.289171493786651,0.6340791717462
0.379343759108278,0.293903085090711,0.633767676955796
0.383454335022666,0.298754162809938,0.633503341497472
0.38758844908951,0.303709756659089,0.633290926239042
0.391732132178198,0.30875460142084,0.633134525333525
0.395871409903939,0.313873242720106,0.63303750977315
0.399992342713205,0.319050142624061,0.633002484286337
0.404081056295068,0.324269777945332,0.633031257913164
0.408123758219668,0.329516723321365,0.633124827544553
0.412106740346864,0.334775711104005,0.633283372820095
0.416016370040199,0.340031660945615,0.633506260155591
0.419839076924177,0.345269674149129,0.633792053404322
0.423561343905732,0.350474991056655,0.634138528793971
0.427169712652456,0.355632914326086,0.634542692355421
0.430650812709491,0.360728705858296,0.635000799014391
0.433991421505957,0.365747470285495,0.635508373763592
0.437178558609945,0.370674041670321,0.636060236687031
0.44019961254288,0.375492891839206,0.636650534742517
0.443042493620888,0.380188077445507,0.63727278395131
0.445695802040872,0.384743238515792,0.637919925665102
0.448148997959991,0.389141654198485,0.638584399821133
0.450392560176681,0.393366353026491,0.639258236611681
0.452418122319174,0.397400266936494,0.639933166046858
0.454218579777165,0.401226412404742,0.640600742896917
0.455788165998011,0.40482807969978,0.641252482899878
0.457122501954513,0.408189012942943,0.641880005255824
0.45821862631204,0.411293568952509,0.642475176437257
0.459075015052747,0.414126850348327,0.64303025109363
0.459691597604024,0.416674816263372,0.643538006980335
0.460069772066623,0.418924380283095,0.643991871943467
0.460212415945989,0.420863508426915,0.644386041655945
0.460123882309716,0.422481329088769,0.644715586761129
0.4598099665215,0.423768262038975,0.644976547396732
0.459277827337093,0.424716165683754,0.645166011990983
0.458535849450654,0.425318492703801,0.645282176242027
0.457593442636872,0.425570436332976,0.645324377839284
0.456460784086329,0.42546904518323,0.64529310314078
0.455148522803254,0.42501328532,0.645189963789231
0.45366747481899,0.424204034548945,0.645017643867313
0.452028342527831,0.423044004078842,0.644779821021668
0.450241489293048,0.421537594448995,0.644481067351709
0.448316791999543,0.419690702770281,0.644126737155363
0.446263581681224,0.417510504629608,0.643722848621579
0.444090668825607,0.41500523533704,0.64327596539342
0.441806438423834,0.412183991884968,0.642793082027981
0.439418992380422,0.40905657068591,0.642281515351419
0.436936314127964,0.405633348570759,0.641748801985834
0.434366431742908,0.401925207436384,0.641202601214728
0.431717560326024,0.397943497530295,0.640650601933978
0.428998210402193,0.393700030962238,0.640100432557476
0.426217255414061,0.389207095719057,0.639559573236646
0.423383957158612,0.384477480865548,0.639035270386684
0.420507952728959,0.379524505172895,0.638534454084861
0.417599209961275,0.374362043626001,0.638063659292073
0.414667960458519,0.369004548494846,0.637628951958103
0.411724620031507,0.363467063605947,0.637235860931548
0.408779705962517,0.35776523175829,0.63688931625365
0.405843759075688,0.351915295996956,0.636593594016306
0.402927276424266,0.345934095720909,0.636352267615025
0.400040657755152,0.339839058613956,0.63616816504109
0.39719416603783,0.333648189313856,0.636043331889865
0.394397899521582,0.327380055545176,0.635978999989167
0.391661770255683,0.321053772212555,0.635975561952443
0.38899548201581,0.314688983553043,0.636032552455783
0.386408499343465,0.308305842807111,0.636148637556274
0.383909999116374,0.301924987923445,0.636321613843556
0.381508796861255,0.29556751055721,0.636548419597667
0.379213242054739,0.289254914130144,0.636825160346588
0.377031079973367,0.283009055234222,0.637147151229041
0.374969282222263,0.276852061555458,0.63750897829233
0.373033853646449,0.270806219290998,0.637904580209033
0.371229629340107,0.264893824270001,0.638327350813699
0.36956008096781,0.259136994045948,0.638770261332819
0.368027155407075,0.253557443210099,0.639225999272599
0.366631169379598,0.248176230540227,0.639687118891967
0.36537078023622,0.243013493289805,0.640146196368645
0.364243045028512,0.23808818929583,0.640595981629478
0.363243568294008,0.233417869938777,0.641029538761947
0.362366725682847,0.229018505057797,0.641440368162586
0.361605938609389,0.224904374459091,0.64182250599596
0.360953967546598,0.221088030815609,0.642170599643355
0.360403190364866,0.217580327749281,0.642479960907011
0.359945837553773,0.214390497568864,0.642746601028317
0.359574166575356,0.211526257814256,0.642967252565849
0.359280570010726,0.208993925678487,0.64313938271299
0.359057623235935,0.206798524246511,0.643261201000682
0.358898084432832,0.204943872685331,0.643331662126914
0.358794861522874,0.203432661708032,0.643350462583785
0.358740957345736,0.202266523286264,0.643318028461841
0.358729397684198,0.201446107681651,0.643235491703271
0.358753138957197,0.200971180055244,0.643104653284643
0.358804946298127,0.200840743042937,0.642927934100629
0.358877230686912,0.201053181595353,0.642708317195353
0.358961837369466,0.20160641404476,0.642449287727066
0.359049787300733,0.20249802163301,0.642154778852562
0.359130987608265,0.203725320585895,0.641829131938572
0.359193943649069,0.205285338979308,0.641477077766257
0.359225520730484,0.207174666665693,0.641103741743547
0.35921081431922,0.209389160685911,0.640714670999782
0.359133190142305,0.211923509615156,0.640315875357328
0.358974547398815,0.214770685658726,0.639913868491389
0.358715838114644,0.217921339186372,0.639515691183357
0.358337844378575,0.221363211930205,0.639128896559529
0.357822176507147,0.22508065694562,0.638761478568315
0.357152415682278,0.229054350931408,0.638421730244639
0.356315292792493,0.233261265529701,0.638118027256156
0.355301779089741,0.23767493062625,0.637858543523472
