0,0,0,0,0,0,0
-0.0411217160172095,-0.000519700216475205,1.58092474899972e-05,-0.00550542537336808,7.5312207891759e-06,3.1716214861945e-05,-1.8188473208675e-05
-0.123251278523472,-0.00155179731380491,4.66943380069002e-05,-0.0164841428893649,2.23296390290977e-05,9.49838735091048e-05,-5.39287530176754e-05
-0.205039530516801,-0.00256211481688396,7.53901080758249e-05,-0.0273666165101872,3.634234670597e-05,0.000157757219036693,-8.77741802061027e-05
-0.286259887475724,-0.00353656447842895,0.000100473373585754,-0.0380891982224591,4.90666678112261e-05,0.000219706611217611,-0.000118511838437406
-0.366687350877838,-0.00446169753920028,0.000120575765715921,-0.0485890333065074,6.00314249539441e-05,0.000280502152076728,-0.000145003799926563
-0.446099030034033,-0.00532493966267871,0.00013440594994963,-0.0588043641462735,6.88090192187161e-05,0.000339813089056392,-0.000166215899350127
-0.524274802475435,-0.00611480794813305,0.000140772031198009,-0.0686748529272574,7.50269309039468e-05,0.000397307027531522,-0.000181245266017561
-0.600997850740784,-0.00682110110473284,0.0001386038284117,-0.0781418868830575,7.83782976829634e-05,0.000452648809604421,-0.000189345965500643
-0.676055445223987,-0.00743506189474504,0.000126974756568484,-0.0871489127956604,7.86312681888744e-05,0.000505499487719602,-0.000189952265489965
-0.749239548709418,-0.00794950204087555,0.000105122651108896,-0.0956417414842125,7.56366652778636e-05,0.000555515295601733,-0.000182698644298304
-0.820347496471653,-0.00835888906767757,7.24689623167994e-05,-0.10356885215846,6.93335919653995e-05,0.000602347105547513,-0.000167435867829823
-0.889182734648627,-0.00865939262621719,2.86355659625986e-05,-0.110881689969267,5.97525966873608e-05,0.000645640693524091,-0.000144242326707047
-0.955555463742832,-0.008848888175723,-2.65416082653357e-05,-0.117534932706092,4.70160777947667e-05,0.000685038036727022,-0.00011342982304687
-1.01928333471361,-0.00892692095387104,-9.30028570753894e-05,-0.123486741448261,3.13357481626314e-05,0.000720180054129392,-7.55431634103828e-05
-1.08019203783457,-0.00889463160942246,-0.00017045959099528,-0.128698971126517,1.30070894241846e-05,0.000750710886028933,-3.13529794374107e-05
-1.13811598056715,-0.00875464976054162,-0.00025839440502271,-0.133137362229455,-7.59910185511777e-06,0.000776283939299223,1.81585389131081e-05
-1.1928988152657,-0.00851095853620326,-0.000356066781941411,-0.136771681462553,-3.00478463065437e-05,0.000796569442212818,7.18191337907237e-05
-1.24439407482242,-0.0081687381191262,-0.000462524763200199,-0.139575841000243,-5.38534096174271e-05,0.000811263420706098,0.000128294987135666
-1.29246562098034,-0.0077341915848118,-0.000576622707819634,-0.141527960110432,-7.84945370972117e-05,0.000820097426087146,0.000186125762944978
-1.3369881583252,-0.00721436051561019,-0.000697045189492961,-0.142610399579157,-0.000103430916178032,0.000822848556651513,0.000243765353807707
-1.3778475726553,-0.0066169335852531,-0.000822336788916434,-0.142809742775288,-0.000128120219630929,0.00081934885192485,0.00029962717667113
-1.41494130960788,-0.00595005401993772,-0.00095093747095395,-0.142116751136005,-0.000152035065132441,0.000809493385576862,0.000352132592718748
-1.44817863821567,-0.00522212891051461,-0.00108122285637935,-0.140526281228235,-0.000174679202660815,0.000793246162402681,0.000399760748893036
-1.47748086267605,-0.00444164456113137,-0.00121154847964212,-0.138037176589657,-0.000195602270452233,0.000770643184447848,0.000441097978275282
-1.5027814760237,-0.00361699153374225,-0.00134029676472825,-0.134652140828995,-0.000214412506289105,0.000741792210065285,0.000474884796039887
-1.52402630515529,-0.00275630329272469,-0.00146592514925411,-0.130377604545852,-0.000230786891704459,0.000706869036866868,0.000500058549560484
-1.54117353710956,-0.0018673118815347,-0.00158701334677212,-0.125223583387912,-0.000244478305020583,0.00066611037544457,0.00051578985321799
-1.55419371981362,-0.000957224734538909,-0.00170230765852563,-0.119203543933448,-0.000255319444198267,0.000619803824237742,0.000521511221977411
-1.56306972139571,-3.26259383096111e-05,-0.00181076007947335,-0.112334281809104,-0.000263223458740452,0.000568275691387982,0.000516936622293601
-1.56779667573168,0.000900595313016559,-0.00191156006959458,-0.104635818273842,-0.000268181444739086,0.000511877655940741,0.000502071088049199
-1.56838188430845,0.00183728739205404,-0.0020041570842496,-0.0961313142735377,-0.000270257152757153,0.000450973358243341,0.000477210002632165
-1.56484465710581,0.0027730494975083,-0.00208827242644938,-0.086847000217584,-0.000269579437382725,0.000385926023867449,0.000442928148108152
-1.55721617676487,0.00370421639944294,-0.00216389972449632,-0.076812124333333,-0.000266333124062851,0.000317088141990182,0.000400059137152929
-1.54553932247475,0.00462781696355065,-0.00223129386936014,-0.0660589097957221,-0.000260749002243848,0.000244793942352702,0.000349666226787384
-1.52986846386762,0.00554150990929064,-0.00229094904353284,-0.0546225155551069,-0.000253093649685407,0.000169355148760874,0.000293005893445647
-1.51026919954889,0.00644350112636805,-0.00234356708697385,-0.0425409937294787,-0.000243659697962791,9.10601465376603e-05,0.000231485798743836
-1.48681816688681,0.00733244794662847,-0.00239001821731826,-0.0298552434403742,-0.000232757030204559,1.01763961567314e-05,0.000166618960606314
-1.4596027135053,0.00820735503544342,-0.00243129603131391,-0.0166089471747517,-0.000220705162452185,-7.3044418448548e-05,9.99759146874335e-05
-1.4287206005911,0.0090674675642882,-0.00246846948479417,-0.00284849412355892,-0.000207826938466209,-0.000158359172302579,3.31366900759604e-05
-1.39427967494357,0.00991216630942651,-0.00250263426746372,0.0113771141096185,-0.00019444345742679,-0.0002455248502883,-3.23557598252464e-05
-1.35639752382422,0.0107408689855296,-0.00253486599614241,0.0260163755357301,-0.000180870034632837,-0.000334289732853543,-9.50392025056812e-05
-1.31520110063259,0.0115529412798286,-0.00256617736927846,0.0410154172157554,-0.00016741290801914,-0.000424385037331365,-0.00015357161155353
-1.27082631943625,0.0123476202708248,-0.00259748109275152,0.0563181406377362,-0.000154366373637488,-0.000515517715956246,-0.00020676550538359
-1.22341766662132,0.0131239524872958,-0.0026295600571169,0.0718663826690699,-0.000142010054042119,-0.000607364957431873,-0.000253616418066136
-1.17312774143977,0.0138807469183022,-0.00266304551474057,0.0876000892917853,-0.000130606033796849,-0.000699570708157617,-0.00029332502354325
-1.12011681482942,0.0146165438243648,-0.00269840383914644,0.103457503056479,-0.000120395688481086,-0.000791744369917323,-0.000325312685094488
-1.06455236408214,0.0153295983085135,-0.0027359317124926,0.119375363060979,-0.00011159609016794,-0.000883461609897977,-0.000349230405388115
-1.00660858812835,0.0160178771475104,-0.00277575922171657,0.135289117211216,-0.000104395947507992,-0.000974267071635609,-0.000364961338879968
-0.946465902661604,0.0166790665716062,-0.00281785994764809,0.151133146521438,-9.89510940290246e-05,-0.00106367865952357,-0.000372617179346613
-0.884310394252101,0.0173105876637333,-0.00286206678098,0.166840998526843,-9.53795779422008e-05,-0.00115119298526149,-0.000372528845446816
-0.820333281293459,0.0179096164252974,-0.00290809218690498,0.182345634808629,-9.37564426639098e-05,-0.00123629160950826,-0.000365231995801752
-0.754730327544381,0.0184731035051673,-0.00295555129707936,0.197579685706659,-9.41083000797217e-05,-0.00131844765746799,-0.000351447924398421
-0.68770124847887,0.0189977895378048,-0.00300398648983497,0.21247571728464,-9.64078335914151e-05,-0.00139713254584139,-0.000332060448391625
-0.619449092069288,0.0194802106813805,-0.00305289208353101,0.226966508265446,-0.000100568400153688,-0.00147182260328975,-0.000308089387242812
-0.550179573482793,0.0199166882755794,-0.00310173792503979,0.24098533087424,-0.000106438961080439,-0.00154200545429598,-0.000280661223902587
-0.480100396020879,0.0203032974960594,-0.0031499911026679,0.254466242694518,-0.000113799672049919,-0.00160718623432401,-0.000250977555698106
-0.409420542291435,0.020635808876336,-0.00319713513778406,0.267344386410096,-0.000122358595840295,-0.00166689372708508,-0.000220281916981042
-0.338349517580695,0.0209095967805484,-0.00324268627501358,0.279556287916253,-0.000131750187282962,-0.00172068653661691,-0.000189825560311106
-0.267096585146941,0.0211195127451826,-0.00328620717106633,0.291040167495975,-0.000141536447763818,-0.00176815957568136,-0.000160832837789789
-0.195869964616943,0.0212597229180051,-0.00332731830406309,0.30173624857354,-0.000151211903880629,-0.00180895090966759,-0.000134466834336179
-0.124876016743852,0.0213235173485576,-0.00336570813547944,0.311587070569733,-0.000160213832641197,-0.00184274901134508,-0.000111795998788019
-0.0543184163243814,0.0213031083146053,-0.00340114327393031,0.320537798746754,-0.000167939305081067,-0.00186930018811496,-9.37625943033028e-05
0.0156026701522211,0.0211894501133553,-0.00343348019999103,0.328536532735044,-0.000173770529633097,-0.0018884157113761,-8.11538979010001e-05
0.0846913917185236,0.0209721295305337,-0.00346267981806119,0.335534604855105,-0.00017710942369993,-0.00189997777853636,-7.45771744538074e-05
0.152756986084268,0.0206393938361676,-0.00348882540355197,0.341486869001035,-0.000177421133326473,-0.00190394317989672,-7.44395309136373e-05
0.219614502357217,0.0201783916142582,-0.00351214270542201,0.346351962547463,-0.000174284211664612,-0.00190034325306552,-8.09337628934459e-05
0.285085460822591,0.0195756969949305,-0.00353301896492076,0.350092559499621,-0.000167442541961803,-0.00188927901041183,-9.40312127551291e-05
0.348998427644466,0.0188181506748437,-0.00355201428636952,0.352675565053807,-0.00015685132752918,-0.00187091045594721,-0.00011348237417156
0.411189530829296,0.0178939953636612,-0.00356985805397596,0.354072312511346,-0.000142707756559739,-0.00184544070226281,-0.000138825544889388
0.47150289524949,0.0167941921180551,-0.00358742196305099,0.354258694226028,-0.000125457282024897,-0.00181309606427873,-0.000169403180714424
0.529791032343305,0.015513729583118,-0.0036056655227617,0.353215264022955,-0.000105769923543339,-0.00177410511818862,-0.000204384958033364
0.585915191441571,0.0140526902642371,-0.00362555547126905,0.350927297716025,-8.44870974487587e-05,-0.00172868010271292,-0.000242795990024709
0.639745698350806,0.012416857868363,-0.00364796814687487,0.347384826819052,-6.25466190783539e-05,-0.00167700391306951,-0.000283548388783887
0.691162261831871,0.0106177347759705,-0.00367358941222441,0.342582634443767,-4.08990279533246e-05,-0.0016192245450915,-0.000325474454668442
0.740054234914449,0.00867196821272012,-0.0037028287811414,0.336520221411442,-2.04300904135817e-05,-0.00155545711962738,-0.000367360173968097
0.786320807085356,0.00660030885371928,-0.00373576144857031,0.329201747176112,-1.90160771064877e-06,-0.00148579187734242,-0.000407978205396622
0.829871132563034,0.00442630586129227,-0.00377210562264677,0.320635962912063,1.40831570466863e-05,-0.00141030557138706,-0.000446119949486973
0.870624304474829,0.00217495658917504,-0.00381123459292942,0.310836104316593,2.70896101511293e-05,-0.00132907336286266,-0.000480626416803203
0.908509303205318,-0.000128508514921727,-0.00385221805435594,0.299819807455597,3.68426071258218e-05,-0.00124217943133136,-0.000510417656410885
0.943464878991172,-0.00245959748882128,-0.00389388307140236,0.287609021012247,4.32052843703409e-05,-0.001149725090936,-0.000534520232852078
0.975439380559566,-0.00479524646683354,-0.0039348849117532,0.274229913712953,4.61531732040934e-05,-0.00105183426457231,-0.000552092060073184
1.00439060174018,-0.00711424288987167,-0.00397377969233435,0.25971279386046,4.57490996270418e-05,-0.000948656867663033,-0.000562443820042375
1.0302854769077,-0.00939742791348522,-0.00400909206136941,0.244091982539329,4.21221208365299e-05,-0.000840370605721971,-0.000565056071192808
1.05309982463926,-0.0116277343353233,-0.0040393749940587,0.227405704027607,3.54517245802511e-05,-0.000727182155354665,-0.000559591496679992
1.07281796307349,-0.0137901120633644,-0.00406325905790676,0.209695942325569,2.59570734067095e-05,-0.000609328031423989,-0.000545901757547329
1.0894323040095,-0.0158713842340429,-0.00407949096634342,0.191008298776068,1.38902828728055e-05,-0.000487075522676151,-0.00052402884938604
1.10294315059336,-0.0178600684214803,-0.00408696246928309,0.171391895686593,-4.67566142589929e-07,-0.000360723830119878,-0.000494201192890752
1.11335845800495,-0.0197461820612791,-0.0040847292968997,0.150899263050375,-1.68089222555681e-05,-0.000230605012214015,-0.000456824680530922
1.12069372394742,-0.0215210470080758,-0.00407202172644491,0.129586238873888,-3.48017535300738e-05,-9.7084568290755e-05,-0.000412469321866694
1.12497180816368,-0.0231770971497135,-0.00404824708859214,0.107511844183085,-5.40917111673654e-05,3.94387132071366e-05,-0.00036185209389302
1.12622284374152,-0.024707694270278,-0.00401298597900285,0.0847381600950211,-7.43048545179385e-05,0.00017853379461179,-0.000305816866742133
1.12448408973215,-0.0261069497860846,-0.00396598280479241,0.0613301854668416,-9.50510842441703e-05,0.000319739494340477,-0.000245312163438871
1.11979990905474,-0.0273695546186256,-0.00390713252607873,0.0373556973984031,-0.000115928279254808,0.000462567683847664,-0.000181367619699919
1.11222176881744,-0.0284906132947148,-0.00383646437115914,0.0128850994352996,-0.000136527033186294,0.000606507561234611,-0.000115069825830099
1.10180828842414,-0.0294654800913688,-0.00375412372849737,-0.0120087404610672,-0.000156435862641241,0.000751030883240365,-4.75381857454409e-05
1.08862534958097,-0.0302895945935522,-0.00366035332141539,-0.0372506633712647,-0.000175246788805987,0.000895597992781912,2.00986969599077e-05
1.07274617908139,-0.0309583112035797,-0.00355547437229038,-0.0627634065966065,-0.000192561255604819,0.00103966438648782,8.67257263808171e-05
1.05425145943627,-0.0314667207335835,-0.00343986895915109,-0.0884678005458466,-0.000207996479292014,0.00118268760463352,0.000151262820675649
1.03322939765988,-0.0318094596292634,-0.00331396437834308,-0.11428297259769,-0.000221192471209722,0.00132413416007481,0.000212685032462947
1.00977583406154,-0.0319805079319489,-0.0031782209485889,-0.140126559404335,-0.000231820211982949,0.00146348635640689,0.000270041174910978
0.983994293503455,-0.0319729748761433,-0.00303312428395194,-0.165914923668821,-0.000239591705208267,0.00160024871255551,0.000322470898004069
0.955995997610556,-0.0317788926986538,-0.00287918508970822,-0.191563372750941,-0.000244272694914215,0.00173395386719197,0.000369220193823627
0.925899837264462,-0.0313889673187732,-0.00271694182671985,-0.216986389823072,-0.000245701091185845,0.00186416737615091,0.000409655345506011
0.89383231491939,-0.0307924448998964,-0.00254698175074859,-0.242097866715665,-0.000243810150561857,0.00199049174401959,0.000443275349144893
0.859927376471072,-0.0299770146917867,-0.00236996987978718,-0.2668113452135,-0.000238661617866371,0.00211256834381831,0.000469722860074655
0.824326160314725,-0.028928890696848,-0.00218669479281778,-0.291040265478337,-0.000230489938705418,0.00223007662526515,0.000488793785150209
0.787176653223585,-0.0276331800042481,-0.00199813153335805,-0.314698225462412,-0.000219759611344955,0.00234272905797656,0.000500445723987682
0.748633250233016,-0.0260747037083516,-0.00180552049872933,-0.337699256332137,-0.000207235326360236,0.00245025967867859,0.000504805554446004
0.708856169898528,-0.02423947271015,-0.00161045581698491,-0.359958102275047,-0.000194059890271666,0.00255240338342402,0.000502176460840948
0.668010757269435,-0.0221170233026275,-0.00141496819397985,-0.381390518079689,-0.000181826879562613,0.00264886319069358,0.000493044587510518
0.626266658378875,-0.0197037264559025,-0.00122157510710559,-0.401913585327136,-0.000172623446454385,0.00273926371635606,0.000478084912264715
0.583796844325835,-0.0170069331314947,-0.00103325867073309,-0.421446046324314,-0.000169006402178819,0.00282309229554108,0.000458164732432382
0.540776520365358,-0.0140494492656643,-0.000853329196367093,-0.439908665448804,-0.000173867554968106,0.00289963622468787,0.000434341322430983
0.49738189139775,-0.0108731142410936,-0.000685139992378526,-0.457224647179076,-0.000190157374352557,0.00296793109807331,0.000407848171404701
0.453788844957232,-0.00754005014198966,-0.000531671582498536,-0.47332010756188,-0.000220471727264921,0.00302674443856886,0.000380063207121467
0.410171578364069,-0.00413006676662841,-0.000395062565348303,-0.488124626981411,-0.000266572793770307,0.00307461647382289,0.000352454104535602
0.366701207215475,-0.000733726359731345,-0.000276228185938163,-0.501571868661578,-0.000328976391496926,0.00310996715330983,0.000326501385658042
0.323544391125546,0.00255780888309636,-0.000174714750944992,-0.513600231338759,-0.000406753901452312,0.00313125420031122,0.000303608111818589
0.28086199568181,0.00566351367001573,-8.88659132052301e-05,-0.524153485192276,-0.000497636749685468,0.00313714357460817,0.000285011454826973
0.238807795123479,0.00852078640091714,-1.62529091383786e-05,-0.533181335726694,-0.000598396104917473,0.00312664616386532,0.000271712016771169
0.197527206540402,0.0110892946839493,4.5782325064881e-05,-0.540639883066579,-0.000705366401536771,0.00309918869158585,0.000264430581049149
0.157156163563672,0.01335019759103,9.96455782250145e-05,-0.546491931987627,-0.00081494913532554,0.00305461421127932,0.000263593421910466
0.117820021518156,0.0153021206189453,0.000147185214091923,-0.550707234334608,-0.000923976413741116,0.00299312993904074,0.000269339090275594
0.0796326824939313,0.0169557583933557,0.000189591946606997,-0.553262607748545,-0.00102989534277271,0.00291523091615249,0.000281538856637758
0.042695918478197,0.0183287066397818,0.000227461145215062,-0.554141982997388,-0.00113079855935112,0.00282162321208906,0.000299823555042054
0.00709892776042123,0.0194414012120489,0.000260948380533506,-0.553336378748071,-0.00122535686551229,0.0027131605897224,0.000323613003574766
-0.0270818560698265,0.0203144048056743,0.000289953571947463,-0.550843804757852,-0.00131270877748622,0.00259079884652827,0.000352146746506477
-0.0597827664540402,0.0209668533864367,0.000314293533720225,-0.546669120657618,-0.00139234594288907,0.00245556612441076,0.000384515682660077
-0.0909526098624339,0.0214158043381826,0.000333834321081007,-0.540823787349928,-0.00146401446360002,0.0023085445182042,0.00041969568603033
-0.120552223313073,0.0216761199973948,0.000348583026766567,-0.533325595960574,-0.00152763971926222,0.00215085878848259,0.000456582252291709
-0.148553842239101,0.02176066511362,0.000358738421390949,-0.524198339454322,-0.00158327357050841,0.00198366839199259,0.000494026080081526
-0.174940319519041,0.0216806437573889,0.000364707509355317,-0.513471442503706,-0.00163105968787814,0.00180816034711292,0.000530868531304807
-0.199704227498365,0.0214459722894949,0.000367095608025909,-0.50117957222692,-0.00167121197882118,0.00162554149167703,0.000565975787022756
-0.222846874531478,0.0210656313320842,0.000366677189630035,-0.487362237827506,-0.00170400159281487,0.00143702938828755,0.000598270454067411
-0.244377263630058,0.0205479695536326,0.000364353805269325,-0.472063379953384,-0.00172974896221638,0.00124384165870679,0.000626759470111475
-0.264311034269939,0.0199009515826022,0.000361104436919114,-0.455330989071376,-0.00174881849471027,0.00104718402941069,0.000650557408437442
-0.282669398548668,0.0191323488091314,0.000357932654080704,-0.437216715752797,-0.00176161415015557,0.000848237366344459,0.000668904487573789
-0.299478119748732,0.0182498806062551,0.000355814248075315,-0.417775530425261,-0.00176857512936448,0.000648144426374909,0.000681179014392669
-0.314766536966739,0.017261311258598,0.000355648269310956,-0.397065394105551,-0.00177017105027129,0.000447996844546223,0.000686904197096187
-0.328566667877154,0.0161745111404965,0.000358213834743211,-0.375146967561593,-0.00176689655444038,0.000248823076777413,0.000685749642407673
-0.340912393424673,0.0149974884022058,0.000364134447867161,-0.352083340548419,-0.00175926532863172,5.15778666740882e-05,0.000677528044327895
-0.351838753259208,0.013738398650567,0.000373851027562187,-0.327939804369667,-0.00174780382873573,-0.000142866212999416,0.000662187834966906
-0.361381344788947,0.0124055374181327,0.000387604220011622,-0.302783644359431,-0.00173304486367843,-0.000333724791552695,0.000639802631298057
-0.369575850008032,0.0110073213990533,0.000405426050191012,-0.276683971730259,-0.00171552141220025,-0.000520305055346094,0.000610558455957371
-0.376457668766014,0.00955226176529941,0.000427140409850726,-0.249711566938855,-0.00169576080811857,-0.000702006354208546,0.000574739633999382
-0.382061688784541,0.0080489345425534,0.000452371511519368,-0.221938761315602,-0.00167427967595224,-0.000878318138985929,0.000532714324216968
-0.386422188970694,0.00650595076867445,0.000480559084357752,-0.193439346519483,-0.00165157978267407,-0.00104881546930162,0.000484920481047834
-0.389572887870485,0.00493192895418651,0.00051097891636325,-0.164288513131532,-0.00162814499978103,-0.00121315246321778,0.000431852935905509
-0.391547182529105,0.00333547192576307,0.000542767336073881,-0.134562830100035,-0.0016044396579752,-0.00137105426367354,0.000374052159419266
-0.392378594181033,0.00172514790046418,0.000574948271427391,-0.104340241417754,-0.00158090838747949,-0.00152230816454748,0.000312095017942376
-0.392101252533471,0.000109472936824813,0.000606461440738126,-0.0736999826547794,-0.00155797675037784,-0.00166675394161479,0.000246587457228319
-0.390749686772642,-0.00150310711624945,0.00063618955754261,-0.042722244071003,-0.00153604977801473,-0.00180427085089089,0.000178158564697391
-0.388358727723895,-0.00310421948022808,0.000662984756062268,-0.0114880317096136,-0.00151551181433965,-0.00193476369997364,0.000107456970995265
-0.384964636949236,-0.00468555818323117,0.000685695611109243,0.0199206674037165,-0.00149673187065431,-0.00205815366048653,3.51497884678902e-05
-0.380606172568738,-0.00623888355797878,0.00070319278874045,0.0514209162755767,-0.00148006913008738,-0.0021743698623306,-3.80777082300563e-05
-0.375324989504567,-0.0077560194116605,0.000714392181294128,0.082928990714524,-0.00146587626482302,-0.00228333863276596,-0.00011152219535537
-0.36916612401476,-0.00922884727629846,0.000718276774935707,0.114360501149271,-0.00145450343647727,-0.00238497368314009,-0.000184462274233499
-0.36217845452237,-0.0106492985176084,0.000713917247034742,0.145630484710876,-0.00144630240323256,-0.00247916698562701,-0.000256159000231751
-0.354415255696503,-0.0120093481483653,0.000700491666456075,0.176653501893477,-0.00144163102790171,-0.00256578132410273,-0.000325857676535081
-0.345934680268274,-0.0133010090410457,0.000677304031812994,0.207343731327215,-0.00144085738145605,-0.00264464387839378,-0.000392791557883876
-0.336800222987318,-0.0145163283351797,0.000643801608409025,0.237615086995253,-0.00144436350196195,-0.00271554147432025,-0.00045618806463232
-0.327081070413069,-0.0156473833132782,0.000599590504632291,0.267381334356411,-0.00145254828812912,-0.0027782171689654,-0.000515277913344708
-0.316852361894748,-0.0166862762682972,0.000544448914706503,0.296556221843174,-0.00146582952367447,-0.00283236864787568,-0.000569307478576253
-0.30619530965234,-0.0176251242592435,0.000478337056297632,0.325053607819411,-0.0014846447679913,-0.00287764835553461,-0.000617554431706699
-0.295197200839413,-0.0184560412280945,0.000401402764917354,0.352787610026252,-0.00150945124883903,-0.00291366583271358,-0.000659346555896152
-0.283951241008578,-0.0191711056948892,0.000313981436372268,0.37967276403335,-0.00154072472966014,-0.00293999217310413,-0.000694083291052694
-0.272556233573007,-0.01976230654655,0.000216589027911928,0.405624199295736,-0.00157895759293386,-0.00295616667474176,-0.000721259324664003
-0.26111608972904,-0.0202214569564391,0.000109906901579379,0.430557844043052,-0.00162465650607327,-0.00296170561162306,-0.000740489273827642
-0.249739162262234,-0.020540076156376,-5.23948259165911e-06,0.454390646657469,-0.00167834016021587,-0.00295611245241678,-0.000751532309327804
-0.238537363324609,-0.0207091557346434,-0.000127923322079652,0.47704086061647,-0.00174053714921703,-0.0029388904052863,-0.000754314914618525
-0.227625160824334,-0.0207189190420415,-0.000257151792045502,0.498428352298321,-0.00181178531365529,-0.00290955392901462,-0.000748951071006025
-0.217118364788532,-0.0205584193360339,-0.000391921176957388,0.518474967367527,-0.00189263168850944,-0.00286764059555307,-0.000735757514132611
-0.207132770968622,-0.0202150064738649,-0.000531275889830867,0.537104956485874,-0.00198363301531994,-0.00281272089309021,-0.000715263018897007
-0.197782670663004,-0.0196736126846616,-0.000674370180592212,0.554245459479046,-0.00208535501529779,-0.00274440470789744,-0.000688210401374864
-0.189179250513523,-0.0189158189699485,-0.000820526196228917,0.569827034959904,-0.00219836678077774,-0.00266234292338984,-0.00065555033012977
-0.181428922920027,-0.017918673490384,-0.000969278591513633,0.583784242640692,-0.00232322377073857,-0.00256622290336284,-0.000618426504061139
-0.174631625985299,-0.0166532623578602,-0.00112039099994609,0.596056266552221,-0.00246042851490527,-0.00245575714006784,-0.000578152195598079
-0.16887913442682,-0.0150831034943493,-0.00127382312995203,0.606587555632534,-0.00261035227589906,-0.00233066564434652,-0.000536178566442492
-0.164253435690548,-0.0131625780934376,-0.00142961953697685,0.615328488412653,-0.00277309428239443,-0.00219065532932827,-0.000494055435478824
-0.160825209592885,-0.0108358710681592,-0.00158768417131441,0.622236025856029,-0.00294824947499195,-0.00203540379969109,-0.000453384996095011
-0.158652453660422,-0.0080373063664953,-0.00174740461472848,0.627274359256486,-0.00313455725258162,-0.00186456187453536,-0.000415768331690229
-0.157779266132639,-0.00469451821691448,-0.00190710805470736,0.630415529413591,-0.0033294228237961,-0.00167779782965731,-0.000382743210589466
-0.158234776953451,-0.000736426099761194,-0.00206338637819246,0.631640040853243,-0.00352835654914433,-0.00147491446069534,-0.000355710071346054
-0.160032161876017,0.00389201874745949,-0.00221043761231673,0.630937443799297,-0.00372447815870642,-0.00125606906725918,-0.000335842516915243
-0.163167660954957,0.00920775766727282,-0.00233972697767497,0.628306885532736,-0.0039083697984378,-0.00102210311601124,-0.000323981857856846
-0.167619562058369,0.0151633544953206,-0.00244039376017767,0.623757571110009,-0.00406865544096907,-0.000774929194909854,-0.000320525251098878
-0.173347289938483,0.0216251890897911,-0.00250075245625233,0.617309025912142,-0.00419358089611354,-0.000517836978821602,-0.000325333617673591
-0.180291022631197,0.0283687828825253,-0.00251080219757809,0.608990981681741,-0.00427344140132473,-0.000255521299617406,-0.000337699772673923
-0.188372461244035,0.0351009939101746,-0.00246497215726469,0.598842779235174,-0.00430308000869463,6.31124406099112e-06,-0.000356412188313505
-0.197497177997447,0.0415068856262407,-0.00236388853528648,0.58691228596446,-0.00428333491402873,0.000261709804493831,-0.000379914726099695
-0.207558275276496,0.0473047112159019,-0.00221428485351886,0.573254566720544,-0.00422069761647409,0.000505351197137953,-0.000406516997831556
-0.218440541076002,0.0522878036331758,-0.00202715384005924,0.557930607681872,-0.00412539341129962,0.000733182860025503,-0.000434585108770466
-0.230024007672307,0.0563405270895348,-0.00181512186296881,0.541006344897473,-0.00400885614141194,0.000942653053797242,-0.000462661121189743
-0.242186453509384,0.0594299892282874,-0.00159014461678462,0.522552027191194,-0.00388161828629118,0.00113256334161721,-0.000489504134896334
-0.254804914388607,0.0615841616489508,-0.00136212576984166,0.502641804825981,-0.00375212218481039,0.00130271938938305,-0.000514076841928062
-0.267756620080318,0.0628676110879737,-0.00113846920182982,0.481353404475872,-0.00362640814349234,0.00145355437080145,-0.000535509956843004
-0.280919748168156,0.0633616267755443,-0.000924256860292058,0.458767793976445,-0.00350836116551894,0.00158582637223361,-0.00055306732609964
-0.294174206099317,0.0631508451682187,-0.000722710574754379,0.434968792938706,-0.00340019000076531,0.00170041765808449,-0.000566121422166742
-0.307402492542449,0.0623156698737343,-0.000535700708062934,0.410042638441026,-0.00330292300706424,0.0017982215512447,-0.000574139951100621
-0.320490590564001,0.0609288117726158,-0.000364183261404086,0.384077519792783,-0.00321681993228338,0.00188008939952233,-0.000576680445745918
-0.333328820818958,0.0590543405872537,-0.000208529006375978,0.357163106832493,-0.0031416741699122,0.00194681249769455,-0.000573389198435231
-0.345812582552958,0.0567480648131244,-6.87502403726656e-05,0.329390082971924,-0.00307701657035538,0.00199912117941992,-0.000564001747408533
-0.357842939793358,0.0540584960519954,5.53538480203826e-05,0.300849705083158,-0.00302224386266085,0.00203769043878901,-0.000548343283720027
-0.369327036999131,0.0510279818090686,0.000164110515250564,0.271633411374697,-0.00297669455127444,0.00206314660552815,-0.000526328276438597
-0.380178342425506,0.0476938059908508,0.00025792777123279,0.241832472543456,-0.00293969061140524,0.00207607267808086,-0.000497959267041263
-0.390316685802681,0.0440891316553984,0.0003372684292563,0.211537730676995,-0.00291055738282905,0.00207701194660433,-0.000463324694051393
-0.399668232102263,0.0402438508757308,0.000402648324314878,0.18083936793741,-0.00288863221113121,0.00206646998364151,-0.000422596921310002
-0.408165287309985,0.0361852573904934,0.000454636721398728,0.149826757604023,-0.0028732655918422,0.0020449158913526,-0.000376029935687595
-0.415746053384491,0.0319386105348863,0.000493862314263756,0.118588363150449,-0.00286381939970916,0.00201278348611782,-0.000323957463804312
-0.422354362060426,0.0275276013880248,0.00052102023010636,0.0872116751526832,-0.00285966411651627,0.00197047314814347,-0.000266791536864376
-0.427939425905137,0.0229747385472384,0.000536878160201943,0.05578315787359,-0.00286017626543832,0.00191835486572608,-0.00020502146338642
-0.43245569896246,0.0183016703504472,0.000542280514349829,0.0243881832007819,-0.00286473711924964,0.0018567731062964,-0.000139213038287621
-0.435862804512676,0.0135294449164487,0.000538149812842188,-0.00688911779269706,-0.00287273255974831,0.00178605333176556,-7.00075431403551e-05
-0.438125296071694,0.00867870265707069,0.000525484618276452,-0.0379661342197604,-0.00288355262944681,0.00170650909249413,1.88004399642464e-06
-0.439211352368632,0.00376979014917612,0.000505352819365356,-0.0687621127967907,-0.00289658492376355,0.00161844609267249,7.56641700024395e-05
-0.43908918211422,-0.00117716129740181,0.000478879272787208,-0.0991980669743946,-0.00291119372362208,0.00152215941605987,0.000150492807846583
-0.4377240898056,-0.00614203080548456,0.000447232403019644,-0.129195924945772,-0.00292670383357157,0.00141793707311012,0.000225451569900629
-0.435082354668033,-0.0111044254522864,0.000411616926189551,-0.158678547138862,-0.00294242951411691,0.00130609031981633,0.000299570919095351
-0.431136244645757,-0.016043620164588,0.000373265080388105,-0.187571270763551,-0.00295771213980152,0.00118698434995984,0.00037183988817324
-0.425861538188568,-0.0209385576088574,0.000333418259751703,-0.215802194066708,-0.0029719093335051,0.0010610414091275,0.000441221697569831
-0.41923359204465,-0.0257676939701572,0.000293307714574277,-0.243301204333426,-0.00298437438966391,0.000928741259953679,0.000506670051034824
-0.411226432257719,-0.0305088127201576,0.000254138824854237,-0.269999463671687,-0.0029944561899817,0.000790631666581598,0.000567149375748836
-0.401813251027147,-0.035138873413724,0.000217076611903564,-0.295829437341719,-0.00300150974875449,0.000647341034527131,0.000621659373965388
-0.390967050521329,-0.0396338785705849,0.00018323069473216,-0.320725110699202,-0.00300490959202599,0.000499588343407846,0.000669262799246594
-0.378661094659485,-0.0439687329835632,0.000153638433317214,-0.344622169671084,-0.00300406433137774,0.000348189099570385,0.000709115210259226
-0.364869228949034,-0.0481170892216077,0.000129244602285312,-0.367458087105508,-0.00299843386897092,0.000194057274685629,0.000740495538053333
-0.349566295926507,-0.0520512073332801,0.000110875121708673,-0.389172230040418,-0.00298755254575298,3.82033469623149e-05,0.000762836477903874
-0.332728562701557,-0.0557418545162528,9.9201405535619e-05,-0.409705908721539,-0.00297105989518487,-0.000118272069671737,0.00077575315704961
-0.314334262932411,-0.059158321976282,9.46915982972946e-05,-0.429002451001847,-0.00294874257840302,-0.000274189505429508,0.00077906880059933
-0.294364225026425,-0.0622686705571978,9.75455668506132e-05,-0.447007300008449,-0.00292058991032271,-0.000428307976483905,0.000772835944058177
-0.272802569303851,-0.0650403738011403,0.000107613257461948,-0.463668154317935,-0.0028868636645558,-0.000579350219666912,0.000757351864005546
-0.249637431437312,-0.0674415726793262,0.000124302224018753,-0.478935155988891,-0.00284817782585906,-0.000726038385732524,0.000733166980619123
-0.224861671958461,-0.0694431579254802,0.000146490948105637,-0.492761145000352,-0.00280557483989773,-0.000867142917133202,0.000701085078189085
-0.198473521734919,-0.0710217757302854,0.000172479224064414,-0.505101976952677,-0.0027605714983066,-0.00100154575680871,0.0006621541016607
-0.170477150022909,-0.0721635421456337,0.000200019952789334,-0.515916906517835,-0.00271513475445546,-0.00112831437329006,0.000617646140652705
-0.140883201995037,-0.0728677364339978,0.000226476131302989,-0.525169038754296,-0.00267154600915681,-0.00124677490584304,0.000569025155313764
-0.109709423852356,-0.0731491991794125,0.000249117811481337,-0.532825845075296,-0.00263213603467445,-0.00135656355358617,0.000517901522456815
-0.0769815314477082,-0.0730379976523158,0.000265512754503683,-0.538859739150413,-0.00259892707642252,-0.00145763176529599,0.000465974129617898
-0.0427344088157064,-0.0725755610406705,0.000273896478613224,-0.54324866001633,-0.00257328293992121,-0.00155019021609625,0.000414963424745601
-0.00701357404339972,-0.0718079174934968,0.000273382962544044,-0.54597663636307,-0.00255569658787925,-0.00163459970922748,0.000366541546079829
0.0301233444364897,-0.0707780934821025,0.000263932151808799,-0.547034264046368,-0.0025458007621898,-0.00171124174008665,0.000322266488329114
0.0686054452126841,-0.0695201623159359,0.000246100505690486,-0.546419079078751,-0.00254258819767421,-0.00178041061610451,0.000283525560620177
0.108347943873158,-0.0680565117419777,0.000220692243831826,-0.544135808149243,-0.00254473930339644,-0.00184225571614194,0.000251490135006911
0.149252167290184,-0.0663983599185746,0.000188445098385737,-0.54019650530953,-0.00255093267622617,-0.00189677746964371,0.000227081061993568
0.191206050928506,-0.06454840370728,0.000149832664780252,-0.534620606898233,-0.00256005583078902,-0.00194386081737281,0.000210943314507764
0.234084977725944,-0.0625041958090683,0.000104995777443824,-0.527434899598879,-0.00257129642728345,-0.0019833237241343,0.000203429010956147
0.277752825157241,-0.0602612161123496,5.37693115867522e-05,-0.518673422435977,-0.00258413926067923,-0.00201496335337029,0.000204588913308684
0.322063133684855,-0.0578151496319936,-4.24192029888971e-06,-0.508377283971182,-0.00259830928068783,-0.00203859099930931,0.000214172948682472
0.36686035700787,-0.0551633113214186,-6.95756621301542e-05,-0.496594397903633,-0.00261369560365228,-0.002054053920148,0.000231640174678277
0.411981185914777,-0.0523053756067894,-0.000142835119365848,-0.483379154444955,-0.00263027877987372,-0.00206124601785344,0.000256178094600086
0.457255921420448,-0.0492436208800278,-0.000224631113091856,-0.468792007955763,-0.00264807170953653,-0.00206011034495697,0.000286730601174809
0.502509888163549,-0.045982879163928,-0.000315544083009045,-0.45289900635899,-0.00266707709897433,-0.00205063640747833,0.000322033318145895
0.547564864887623,-0.0425303280203406,-0.000416102633473576,-0.435771271516749,-0.00268726025292985,-0.00203285453559912,0.000360654746702499
0.592240503627987,-0.0388952133125478,-0.000526774171329672,-0.417484441649377,-0.00270853445376689,-0.00200682896862586,0.000401041447735584
0.63635570920736,-0.0350885550434836,-0.00064796345298265,-0.398118089249459,-0.00273075595710592,-0.00197265083535983,0.000441565472371717
0.679729960814787,-0.0311228647350975,-0.00078001567192897,-0.377755133263581,-0.00275372599980811,-0.00193043191611412,0.000480572360500255
0.722184543312351,-0.0270118865595381,-0.000923221581355513,-0.35648124794532,-0.00277719760866775,-0.00188029977855495,0.00051642820117506
0.763543689084355,-0.0227703681299914,-0.0010778229127385,-0.334384290107449,-0.00280088558925862,-0.00182239480070131,0.000547564499793452
0.803635605927058,-0.0184138604493953,-0.00124401688015351,-0.311553742488452,-0.00282447830839328,-0.00175686932239062,0.00057251982657231
0.84229340770493,-0.013958546327629,-0.00142195898793862,-0.288080190730233,-0.00284765032748518,-0.0016838891027086,0.000589977487436778
0.879355927598863,-0.00942109384465739,-0.00161176358365347,-0.264054826752793,-0.00287007500449464,-0.0016036369647184,0.000598798647067026
0.914668431557162,-0.00481853263446593,-0.00181350184734442,-0.239568987954979,-0.00289143650260122,-0.00151631842328176,0.00059805053941746
0.948083220042065,-0.000168149839471965,-0.00202719704745059,-0.214713726561714,-0.00291144068600118,-0.00142216884904278,0.000587029520844713
0.979460135648347,0.00451259660685701,-0.00225281712329561,-0.189579413822008,-0.00292982462712617,-0.0013214616422036,0.000565278843874281
1.00866695917999,0.00920615003816086,-0.00249026478575112,-0.164255371816226,-0.00294636446393139,-0.00121451671696784,0.000532601074567072
1.03557971560845,0.0138949145215475,-0.00273936559098861,-0.138829537146516,-0.00296088159111932,-0.00110170860866962,0.000489065143498748
1.06008286362585,0.0185613037387294,-0.00299985451524649,-0.113388149176362,-0.00297324711873641,-0.000983473431483678,0.000435008011828869
1.0820694211925,0.0231877813831148,-0.00327136186704203,-0.088015471410322,-0.00298338483808004,-0.00086031406347015,0.000371030987281461
1.10144098552363,0.0277568945588608,-0.00355339922951725,-0.0627935365610489,-0.00299127268735928,-0.000732802897561197,0.0002979906738114
1.11810771797876,0.032251302669869,-0.00384534641638985,-0.0378019232519484,-0.00299694302879021,-0.000601581755360941,0.000216984598062053
1.13198828644396,0.0366538035629061,-0.00414644018727583,-0.0131175589102085,-0.00300048177552377,-0.000467358626130427,0.000129331524030584
1.14300981057635,0.0409473595479976,-0.00445576552539162,0.0111854510376468,-0.00300202648071418,-0.000330901129648399,3.65465138001324e-05
1.15110780530133,0.0451151248129106,-0.00477225001271115,0.0350359716575082,-0.00300176327304853,-0.000193026768779044,-5.96891747931983e-05
1.15622609065413,0.0491404742251313,-0.00509466158189141,0.0583659649694667,-0.00299992237053691,-5.45902658223307e-05,-0.00015756316939759
1.15831673518965,0.0530070364394562,-0.00542161016225784,0.081110591772198,-0.00299677210856313,8.35314565712689e-05,-0.000255171718343094
1.15733990548606,0.0566987270672817,-0.00575155288229912,0.103208283355284,-0.00299261089490176,0.000220455931922681,-0.00035056358842119
1.15326369770226,0.0601997843281803,-0.00608280317857204,0.124600776435913,-0.00298775709345746,0.000355312471451359,-0.000441787404804123
1.14606391294367,0.0634948054459,-0.00641354366326478,0.145233104439152,-0.00298253666290924,0.000487259082880121,-0.000526941475014099
1.13572395827704,0.0665687927540456,-0.00674184364849881,0.165053559435518,-0.0029772691401496,0.000615497908746218,-0.000604224953116211
1.12223470402962,0.0694072023656949,-0.00706568052591369,0.184013616948209,-0.00297225190553179,0.000739288112263304,-0.00067198887387297
1.10559458014924,0.0719960113330416,-0.00738296645432395,0.202067865021261,-0.00296774411781589,0.000857955406852288,-0.000728785536440621
1.08580960751244,0.0743217880571328,-0.00769157852219879,0.219173916313633,-0.00296395045959956,0.000970897464993364,-0.000773414322009995
1.06289354941467,0.0763717763410609,-0.00798939294981812,0.235292339395939,-0.0029610063136279,0.00107758494583066,-0.000804962158016952
1.03686790273622,0.0781339747966998,-0.00827432072877055,0.250386573224694,-0.00295896487648438,0.00117755798570636,-0.000822836612550914
1.00776190400657,0.0795972200295308,-0.00854434453653421,0.264422857400514,-0.00295778788804376,0.00127041869232923,-0.000826790030177056
0.975612609688271,0.0807512764027229,-0.00879755598751309,0.277370201340332,-0.00295734120707827,0.00135582058441175,-0.000816933384027799
0.940465099512907,0.0815869354244835,-0.00903219218918684,0.289200417511864,-0.00295739616954596,0.00143345628398798,-0.000793738928916972
0.902372636284542,0.0820961112852794,-0.00924666878072577,0.299888186526856,-0.00295763667723287,0.00150304471613881,-0.000758031043245099
0.861397098496463,0.0822719576940646,-0.00943961088958207,0.309411246147979,-0.00295767294797146,0.00156431975235858,-0.000710965572962654
0.817609114900537,0.0821089592665475,-0.00960987585836768,0.317750544892906,-0.00295705979985816,0.00161702089578153,-0.000653997772114062
0.771088338885314,0.0816030339455876,-0.00975657095679096,0.324890477828688,-0.00295531997381182,0.00166088771898301,-0.000588840281700701
0.721923489496478,0.080751614782348,-0.00987906214716878,0.330819075046234,-0.00295197019904823,0.00169565815960602,-0.000517412343824524
0.670212467047109,0.0795537421489594,-0.00997697741443683,0.335528234977564,-0.00294654971152868,0.00172107145353025,-0.0004417823666973
0.616062419900472,0.0780101604727456,-0.0100502043832089,0.339013955914617,-0.00293864946290505,0.00173687532557659,-0.000364105824424282
0.559589730454769,0.0761234243514976,-0.0100988834401968,0.341276543092947,-0.00292794048489626,0.00174283676283734,-0.000286560793340746
0.500920062190661,0.0738980248580959,-0.010123397958148,0.34232085592926,-0.00291420066634492,0.00173875574667097,-0.00021128293930807
0.440188179824525,0.0713405338892203,-0.0101243627503926,0.342156450509563,-0.00289733724256592,0.00172448018150359,-0.000140302974865544
0.37753778154337,0.0684597717132649,-0.0101026110753121,0.340797726747817,-0.00287740472560544,0.00169992125569786,-7.54877958890003e-05
0.313121250204261,0.0652669994291394,-0.0100591812877351,0.338264032840461,-0.00285461641454794,0.00166506785311188,-1.84875667882772e-05
0.247099296142257,0.0617761208617013,-0.00999530155772155,0.334579696309544,-0.00282934790216415,0.00161999877118119,2.93097550922635e-05
0.179640554417732,0.0580038862610478,-0.00991237276465189,0.329774018090396,-0.00280213165789837,0.00156489203412593,6.68151465923839e-05
0.110921120606277,0.0539700692404231,-0.00981194776205136,0.323881218258783,-0.00277364167484724,0.00150003055189098,9.32655718658842e-05
0.0411240155599468,0.0496975779699885,-0.00969570492861247,0.31694031667855,-0.00274466771287976,0.00142580357075141,0.000108240794849506
-0.0295614030204118,0.0452124598424632,-0.00956541511342339,0.308994959318207,-0.00271607978248923,0.00134270372282621,0.000111669765086054
-0.10094007867648,0.0405437540461013,-0.00942290144778221,0.300093182510619,-0.00268878450632939,0.00125131963310066,0.000103826770117261
-0.172811917375602,0.0357231616203272,-0.00926999428247419,0.290287156831837,-0.0026636765975438,0.00115232454374946,8.53179954555748e-05
-0.244972546704881,0.0307845004900664,-0.00910848209684944,0.279632845534884,-0.00264158935450297,0.00104646120473328,5.70589105455549e-05
-0.317214017075489,0.0257629684907362,-0.00894006448282988,0.268189672501559,-0.00262324905389463,0.000934524439343798,2.02444570554625e-05
-0.389325590316456,0.0206942383843769,-0.00876631055976289,0.256020138774192,-0.00260923818022708,0.000817342266100588,-2.36876312423691e-05
-0.461094544907227,0.0156134582169908,-0.00858862824365053,0.243189436410631,-0.00259997144797895,0.00069575726171192,-7.30986108586958e-05
-0.532306996968766,0.0105542415020908,-0.00840824707413629,0.22976504294637,-0.00259568675726776,0.000570609572927134,-0.000126194443640172
-0.602748728894208,0.00554774270202749,-0.00822621618536746,0.215816307011189,-0.00259645126673818,0.000442722917628007,-0.000181074264448694
-0.672206056654191,0.000621904053177374,-0.00804341726535086,0.201414046907771,-0.00260218075938329,0.000312894514621633,-0.000235780562596163
-0.740466663145629,-0.00419906705944356,-0.0078605883899384,0.186630127119109,-0.00261266819200484,0.000181889146039189,-0.00028835015388212
-0.807320453058081,-0.00889495881969104,-0.00767835567261027,0.171537046180007,-0.0026276171250557,5.04371282522625e-05,-0.000336865140300808
-0.872560374051447,-0.0134495587137076,-0.0074972672353619,0.156207515392826,-0.00264667511621516,-8.07647147252928e-05,-0.000379503080126442
-0.935983238359841,-0.0178504322122703,-0.00731782563816613,0.140714043284175,-0.00266946330507728,-0.00021105025410188,-0.000414585602957963
-0.99739050430801,-0.0220885271835455,-0.00714051493683458,0.125128518016039,-0.00269559934760611,-0.000339780756795733,-0.000440624612761983
-1.05658902455781,-0.026157662783665,-0.00696582042896839,0.109521796362325,-0.00272471243832316,-0.000466342239359681,-0.000456365137503888
-1.11339177908186,-0.030053961030795,-0.00679424049897123,0.0939633079090873,-0.00275645044155621,-0.000590144313871987,-0.000460823782389167
-1.16761856213498,-0.0337752706989416,-0.00662629075027508,0.0785206761843616,-0.00279047998374604,-0.00071062090553854,-0.000453321633141073
-1.21909662847192,-0.0373206226643955,-0.00646250180659991,0.0632593657319412,-0.00282648107316861,-0.000827232745892402,-0.000433510428400957
-1.26766132154073,-0.0406897447615215,-0.00630341275510655,0.0482423636056216,-0.00286413810031911,-0.000939471137483992,-0.000401390849153598
-1.31315662479349,-0.0438826511643597,-0.00614956191629066,0.0335298960711758,-0.00290312885258113,-0.00104686212824525,-0.000357321837066202
-1.35543565818758,-0.0468993145040499,-0.00600147708524534,0.0191791880458582,-0.00294311318789484,-0.00114897011222245,-0.000302020067176789
-1.39436116063085,-0.0497394231175636,-0.00585966714036,0.00524426899370333,-0.00298372276093331,-0.00124539991152302,-0.000236548953265787
-1.42980584940102,-0.0524022161449895,-0.00572461578909502,-0.00822417753861019,-0.0030245525714269,-0.00133579645220197,-0.000162296833521397
-1.46165279292542,-0.054886394140082,-0.00559677894947761,-0.0211789165955898,-0.00306515539823132,-0.00141984164910575,-8.09444218994095e-05
-1.48979572624995,-0.0571900943847159,-0.00547658577828167,-0.0335762208184359,-0.00310503951480564,-0.0014972483681507,5.57805728480057e-06
-1.51413929509001,-0.0593109210215965,-0.00536444324430273,-0.0453758864933229,-0.00314367005714934,-0.00156775182401552,9.51431925626413e-05
-1.53459928721318,-0.0612460228859475,-0.00526074405489346,-0.0565412086965582,-0.00318047442738365,-0.00163109928409209,0.000185486882226331
-1.55110281357412,-0.0629922089626669,-0.00516587705868811,-0.0670389179604782,-0.00321485175789385,-0.00168703922848176,0.000274275326160554
-1.56358845917857,-0.0645460942737463,-0.00508023926503822,-0.0768390821200266,-0.00324618638368166,-0.00173531140973864,0.000359176446334761
-1.57200635375985,-0.0659042670287656,-0.00500424823202781,-0.0859149763899664,-0.0032738648640596,-0.00177563925319873,0.000437933330133829
-1.5763182249221,-0.067063472839218,-0.00493835388966895,-0.0942429306961286,-0.00329729600834894,-0.00180772603487648,0.000508437039795713
-1.57649739787089,-0.068020808086388,-0.00488304850917531,-0.101802162764894,-0.00331593280999831,-0.00183125585414942,0.000568795964392393
-1.5725287865589,-0.0687739175502689,-0.00483887386263653,-0.108574611460982,-0.00332929503953883,-0.00184590002236522,0.000617398877854636
-1.56440886530856,-0.0693211885991601,-0.00480642458047991,-0.114544784204009,-0.00333699089811278,-0.00185132882763808,0.000652968985537264
-1.5521456593221,-0.0696619356873704,-0.00478634710887371,-0.11969963552324,-0.00333873614949473,-0.00184722805082412,0.000674606556056952
-1.53575871532371,-0.0697965652169087,-0.00477933375303007,-0.124028487557577,-0.00333436908526471,-0.00183331892005297,0.000681818176273731
-1.51527907726285,-0.0697267136449085,-0.00478611187538208,-0.127523003902896,-0.00332386009955889,-0.00180937979623748,0.00067453130440148
-1.49074925022592,-0.0694553507736449,-0.00480742859544073,-0.130177220709112,-0.00330731500980099,-0.00177526756346376,0.000653093505241424
-1.46222318973238,-0.0689868442278694,-0.00484403188881558,-0.131987637622141,-0.00328497191978826,-0.00173093673258324,0.000618256550644466
-1.42976624208772,-0.0683269784290552,-0.00489664894938065,-0.132953356646629,-0.0032571917369248,-0.00167645434511039,0.00057114628077099
-1.39345508110102,-0.0674829294612019,-0.00496596324839938,-0.133076261770262,-0.00322444319961339,-0.00161200933133703,0.000513219859043113
-1.3533776323784,-0.066463197551354,-0.00505259163145025,-0.13236122485429,-0.00318728350685174,-0.00153791548244279,0.000446212582176711
-1.30963296754818,-0.0652775008751852,-0.00515706270618157,-0.13081632088537,-0.00314633580452303,-0.00145460782296529,0.000372076787487124
-1.2623311633262,-0.0639366368179139,-0.00527979764504086,-0.128453037022537,-0.00310226482606727,-0.0013626328065065,0.000292915608300037
-1.21159311234097,-0.0624523175928308,-0.00542109424934457,-0.125286460841689,-0.00305575184697177,-0.00126263328220972,0.000210914352874335
-1.157550243271,-0.0608369861251199,-0.00558111469673479,-0.121335432776665,-0.00300746983459931,-0.00115532954336694,0.000128272151230643
-1.10034417785395,-0.0591036214449071,-0.00575987733356517,-0.116622657702993,-0.00295805960439829,-0.001041498079844,4.71362920088172e-05
-1.04012638686011,-0.0572655442883213,-0.00595725277750982,-0.111174777579833,-0.00290810767861175,-0.000921949745103041,-3.04586670655463e-05
-0.977057731278345,-0.0553362240046029,-0.00617296355390017,-0.105022391293148,-0.00285812594081469,-0.00079750876787083,-0.000102645348607682
-0.911308035066693,-0.05332910047962,-0.00640658747406695,-0.0982000366500686,-0.00280853374766191,-0.000668994083883303,-0.000167770268488211
-0.843055618110726,-0.051257422806662,-0.00665756384307684,-0.0907461279760528,-0.00275964257467636,-0.000537203923689724,-0.000224431960145283
-0.772486670515943,-0.0491341022800457,-0.00692520094523103,-0.0827028377373505,-0.00271164308100433,-0.000402904221509272,-0.000271510003311651
-0.69979476720505,-0.0469715997186183,-0.00720868589526325,-0.0741159560788718,-0.00266459572679693,-0.00026682137303701,-0.000308184857426193
-0.625180198201254,-0.0447818306774788,-0.00750709391869159,-0.0650346953216777,-0.00261842423233181,-0.000129639017760449,-0.000333948634443675
-0.548849410630605,-0.0425761067597358,-0.00781939854513898,-0.0555114735490223,-0.00257291306202586,8.00132511252843e-06,-0.000348607316030411
-0.47101437695967,-0.0403651015338127,-0.00814448079583881,-0.0456016598546655,-0.00252770854907465,0.000145496515249355,-0.000352275020655668
-0.391891883389637,-0.0381588377140742,-0.00848113647343084,-0.0353632839956344,-0.00248232366238154,0.00028227568026334,-0.000345361080075868
-0.311702956314864,-0.0359667084529347,-0.00882808412182418,-0.0248567363887672,-0.00243614739459143,0.000417792560741397,-0.000328550925260208
-0.230672144588273,-0.0337975080066298,-0.00918396996741078,-0.0141444329994801,-0.00238845745048684,0.000551517195837851,-0.000302781515171322
-0.149026948215515,-0.031659492473265,-0.00954737520544722,-0.00329047644801321,-0.00233843767194602,0.000682927832094913,-0.000269212393128116
-0.0669972062017218,-0.0295604577626206,-0.00991682564064718,0.00763970637358501,-0.00228519959810481,0.000811503919823992,-0.000229193096351358
0.0151856084145335,-0.0275078427225011,-0.0102908094037026,0.0185797630291857,-0.00222780892726247,0.000936721221131115,-0.000184227682512864
0.0972897749653938,-0.0255087330865202,-0.0106677673785537,0.0294628656712,-0.00216530766529892,0.00105804679765059,-0.000135935882722214
0.179084005469458,-0.0235694796128476,-0.0110459370072588,0.0402218430266174,-0.00209670772563854,0.00117492166879771,-8.60098693934103e-05
0.260335834934192,-0.0216961733569776,-0.011423485892047,0.0507894964028702,-0.00202105381208919,0.00128676837117962,-3.61766911895812e-05
0.340814231703118,-0.019894961510623,-0.011798650191978,0.0610994562321773,-0.00193748106549287,0.00139300495506406,1.1842838281539e-05
0.420290873760751,-0.0181718030007064,-0.0121696610603718,0.0710865315271345,-0.00184522897485722,0.00149303960733399,5.63790458910807e-05
0.498540265468527,-0.0165323386604246,-0.0125347142426884,0.0806869877036027,-0.0017436666406283,0.0015862687067236,9.585680447371e-05
0.575340063766566,-0.0149818030320118,-0.0128919786395187,0.0898389150885077,-0.00163232515283659,0.00167207914179543,0.000128837803066832
0.650471830900717,-0.0135248999336444,-0.0132396219754775,0.0984826751718407,-0.00151093073931913,0.00174985295242198,0.000154061456902746
0.723721734585539,-0.0121655986573843,-0.0135758356667847,0.106561331599669,-0.00137943446443213,0.00181897217315132,0.000170483503911305
0.794881514204778,-0.0109068571853549,-0.0138988682870109,0.114021113704298,-0.00123803854750354,0.00187882514229447,0.000177311181918793
0.863749359570212,-0.00975026186520153,-0.0142070587047379,0.120811845306307,-0.00108721694250635,0.00192881356483186,0.000174033592524163
0.930130869832601,-0.00869556599037753,-0.0144988737220441,0.126887375691751,-0.000927728199591527,0.00196836075439613,0.000160446167136726
0.993839910940318,-0.00774018018845161,-0.0147729428159452,0.132205941377182,-0.000760620600438976,0.00199692190500983,0.000136667377544222
1.05469944220097,-0.00687858929258749,-0.0150280921210875,0.136730495268586,-0.00058722639354042,0.00201399606944461,0.000103146908379389
1.11254235611159,-0.00610174853695865,-0.0152633745600206,0.140428983131318,-0.000409144736259052,0.00201914053116816,6.06639955246164e-05
1.16721230174616,-0.00539649586915458,-0.0154780931292323,0.143274557916721,-0.000228212210961177,0.00201198734004213,1.03151559333869e-05
1.21856450359605,-0.00474503184114178,-0.0156718150293707,0.145245726598842,-4.64606441341194e-05,0.00199226163012325,-4.65091432947297e-05
1.26646659818269,-0.00412452451888387,-0.0158443750318799,0.146326427350226,0.000133937225209723,0.00195980097897653,-0.000108158899131838
1.3107994288653,-0.00350689626986927,-0.0159958663449215,0.146506027325914,0.000310732713278973,0.00191457456094817,-0.000172769604450033
1.35145768581946,-0.00285884167879904,-0.0161266179390755,0.145779229487972,0.00048167416129485,0.00185670050084507,-0.000238316882353473
1.38835046100765,-0.00214211218596567,-0.016237160970927,0.144145903181332,0.00064458426828604,0.0017864599806558,-0.000302679168415005
1.42140167376796,-0.00131408099710551,-0.0163281865328623,0.1416108427778,0.000797437409878822,0.00170430644930332,-0.000363706378652306
1.45055023563696,-0.000328575823642536,-0.0164004968072564,0.138183453929182,0.000938432072936291,0.00161086838617284,-0.000419292025034466
1.47575013613947,0.000863057377558458,-0.0164549557449145,0.133877404062799,0.00106605369915823,0.00150694488681279,-0.000467445955447828
1.49697033415162,0.00231072951448911,-0.0164924416447328,0.128710243414023,0.00117912383004806,0.00139349328094537,-0.00050636466783532
1.51419446219784,0.00406425057968106,-0.0165138044394834,0.122703013876482,0.00127683137591225,0.00127160996211537,-0.000534496037307819
1.52742042753847,0.00617201899889235,-0.0165198314116847,0.11587987883463,0.00135874594188735,0.00114250346709045,-0.00055059573480221
1.53665989173848,0.00867973553200205,-0.016511221089657,0.108267780101929,0.0014248107264176,0.00100746332205933,-0.000553772625238681
1.54193763332115,0.0116292591270112,-0.0164885656496128,0.099896138782191,0.00147531689685171,0.000867825665484266,-0.000543521202472239
1.54329085912522,0.0150576406131804,-0.0164523413316365,0.0907966119285008,0.00151086140881211,0.000724938247067848,-0.000519739721180761
1.54076853917453,0.0189963586079891,-0.0164029060244369,0.0810029117858062,0.00153229138186942,0.000580127224305978,-0.000482733456248515
1.53443069577792,0.0234707594008728,-0.016340501430552,0.0705506789608659,0.00154063853748634,0.000434667879388312,-0.000433203234313981
1.52434777836249,0.0284996841423012,-0.0162652594614321,0.0594774101097778,0.00153704754512546,0.000289761057829449,-0.000372220175381852
1.51060003256594,0.0340952505038942,-0.0161772104123313,0.0478224230062648,0.00152270172379441,0.000146516375871774,-0.000301188122271913
1.49327689786485,0.0402627468873379,-0.0160762921827082,0.0356268490034105,0.0014987492424405,5.94257853271188e-06,-0.000221795759585627
1.47247638191889,0.0470005912836919,-0.0159623592437886,0.0229336389607131,0.00146623232485218,-0.00013105536931299,-0.000135960716297911
1.44830445198562,0.0543003077782063,-0.0158351912935478,0.00978757442716291,0.00142602149613359,-0.000263673570701383,-4.57681250598782e-05
1.42087434378315,0.0621464738871646,-0.015694500144872,-0.00376472630393525,0.00137875630647372,-0.000391202581288915,4.659391048437e-05
1.39030583146428,0.070516600852132,-0.0155399348357081,-0.0176748098981267,0.00132479384904003,-0.00051301899498671,0.000138899570624583
1.3567243694724,0.0793809139837212,-0.0153710832274228,-0.0318924005274631,0.00126416625052915,-0.000628577515146054,0.000228949143862393
1.32026011268949,0.0887020137607453,-0.0151874689042101,-0.0463654220973459,0.0011965486868301,-0.000737405734338031,0.000314629507168233
1.28104677205588,0.0984344105786447,-0.0149885410170768,-0.0610400285662021,0.00112123996084815,-0.000839103534861967,0.000393969635032741
1.23922033278436,0.10852394674574,-0.0147736547919026,-0.0758606417039273,0.00103715844833526,-0.000933348507570964,0.000465189813177063
1.19491758265054,0.118907135496301,-0.0145420388717314,-0.0907699951726525,0.000942856859338542,-0.00101990800302875,0.000526743518973267
1.14827453863403,0.129510479178951,-0.0142927468453998,-0.105709189196906,0.000836559899482285,-0.00109865756397127,0.000577351254515706
1.09942479739024,0.140249851192171,-0.0140245896673499,-0.120617761031166,0.000716228863193399,-0.00116960440154714,0.000616025903393002
1.04849788503867,0.151030053648705,-0.0137360470407368,-0.135433778718912,0.000579656425529917,-0.0012329134826289,0.00064208947592163
0.995617768905088,0.161744691015042,-0.013425158726734,-0.150093972595394,0.000424593031324998,-0.00128893280820828,0.000655181422261225
0.940901712830232,0.172276513434452,-0.0130894000796412,-0.164533922959349,0.000248903031583794,-0.00133821365420514,0.000655258968044996
0.884459590260273,0.182498365684745,-0.0127255494766825,-0.178688312667725,5.07441664082696e-05,-0.00138152104777257,0.000642590103969467
0.826393935312114,0.192274883028914,-0.0123295628381348,-0.192491275986813,-0.000171241302562034,-0.00141983022918082,0.000617740070544855
0.766800792011795,0.201464918359172,-0.0118964709895059,-0.205876827086746,-0.000417740749635276,-0.00145430511976661,0.000581552521412356
0.70577150332723,0.209924791385315,-0.0114203247062392,-0.218779412677642,-0.000688612201091498,-0.00148625798040826,0.000535125780979126
0.643395353123063,0.21751210929221,-0.0108942051353988,-0.231134544922078,-0.000982774273388917,-0.00151709034755404,0.000479785515029825
0.579762910659696,0.224089969538074,-0.0103103176793811,-0.242879509619511,-0.00129816526285857,-0.00154821927062896,0.00041705422938642
0.514969746838596,0.229531200085713,-0.00966017631011458,-0.253954103308726,-0.00163178434367785,-0.00158099507367326,0.000348618037803474
0.449120133518893,0.233722271528052,-0.00893487396898446,-0.264301353023828,-0.00197981730397322,-0.00161661881910577,0.000276290907455711
0.382330296321087,0.236566535492322,-0.00812542154928577,-0.273868167664393,-0.00233783694439518,-0.00165606817049353,0.000201976433600215
0.314730822966588,0.237986519048563,-0.00722312672455431,-0.282605868744353,-0.00270105687924115,-0.00170003932527277,0.000127627145418141
0.246467975884223,0.23792514425631,-0.00621997827607021,-0.290470577133495,-0.00306460987317318,-0.00174891046077816,5.52014581570361e-05
0.177703784538898,0.236345861239113,-0.00510900089319623,-0.29742342953355,-0.00342381941866299,-0.00180272888041324,-1.33813758642082e-05
0.108614938319896,0.233231851086614,-0.00388455196610874,-0.303430639695148,-0.00377443618576864,-0.00186122100465047,-7.62879816464279e-05
0.0393907865341357,0.228584468428731,-0.00254254279590894,-0.308463412347997,-0.00411281977115059,-0.00192382148870488,-0.000131817608243163
-0.0297693720773315,0.222421269585678,-0.0010805781792593,-0.312497788533099,-0.00443605470445049,-0.00198971661212604,-0.000178448411177962
-0.0986593609314652,0.21477379773801,0.000501981563103756,-0.315514382748509,-0.0047419997031607,-0.00205789569443806,-0.000214881318634274
-0.167069251659557,0.205685427981925,0.00220402251213053,-0.317498140612858,-0.00502927825650236,-0.00212720567379997,-0.000240080070879877
-0.234788252099448,0.195209323225277,0.00402272541358505,-0.318438035358221,-0.00529722156802195,-0.00219640424559299,-0.000253305192464844
-0.301607291164571,0.183406696127242,0.0059536452497666,-0.318326799499435,-0.00554577864741028,-0.00226420811378056,-0.000254141271011144
-0.367321113873506,0.170345363044191,0.00799080498304405,-0.317160677872355,-0.00577540745986163,-0.00232933487463319,-0.000242515482945088
-0.431729911088547,0.156098607743991,0.0101267938268492,-0.314939218283511,-0.00598695924316584,-0.00239053731199798,-0.000218706679752853
-0.494640523359945,0.140744325092222,0.0123528640001217,-0.311665111400312,-0.00618156561233666,-0.00244662995859494,-0.000183344360418339
-0.555867373191477,0.124364421617468,0.0146590261115141,-0.307344133874135,-0.00636053611997829,-0.0024965085811297,-0.000137397336206138
-0.61523324078888,0.107044393298721,0.017034145869248,-0.301985166431317,-0.00652527011854361,-0.00253916302216603,-8.21521964604986e-05
-0.672570025559784,0.0888730180624649,0.0194660476246132,-0.295600286267215,-0.00667718525442142,-0.0025736842563975,-1.9182049122841e-05
-0.727719465809555,0.0699420720024784,0.0219416270481115,-0.288204845845792,-0.00681766174786883,-0.00259926596966249,4.96937254234186e-05
-0.780533683744109,0.050346010400362,0.0244469717245439,-0.279817454781688,-0.0069480004559542,-0.00261520102304649,0.000122457623236764
-0.830875402731345,0.0301815991755007,0.026967486338284,-0.270459822778998,-0.00706939269370839,-0.00262087352818465,0.000196948640015094
-0.878617728867146,0.00954751619168262,0.0294880187886649,-0.260156467460173,-0.007182900231059,-0.00261574770821656,0.000270921665015095
-0.923643671965548,-0.0114560355517677,0.0319929913841354,-0.24893439244488,-0.00728944602687741,-0.00259935574349423,0.000342109812263149
-0.965845819629867,-0.0327276917744273,0.0344665498255687,-0.236822870090435,-0.00738981734386791,-0.0025712872548977,0.000408287923067722
-1.00512650332454,-0.054165310214623,0.036892742026173,-0.223853380183999,-0.00748468141366755,-0.0025311823579921,0.000467335568249613
-1.04139831483123,-0.0756664277905111,0.0392557227354897,-0.210059605021476,-0.00757460993917849,-0.0024787284786695,0.000517297773501856
-1.07458461172536,-0.0971287987925401,0.0415399697722032,-0.195477370369847,-0.00766010767406193,-0.00241366044452226,0.000556441550061497
-1.10461964506067,-0.118450970313874,0.0437304941802,-0.180144473879817,-0.00774164086104067,-0.00233576327914354,0.000583306301692676
-1.13144823532576,-0.139532837828024,0.0458130349959699,-0.164100436936378,-0.00781966366151839,-0.00224487763102953,0.00059674644411336
-1.15502513933838,-0.160276144180214,0.0477742370001146,-0.147386252089447,-0.00789464213353934,-0.00214090783494908,0.000595964961976932
-1.17531465256406,-0.180584953835152,0.0496018267771252,-0.130044235106631,-0.00796707792842646,-0.00202383290998926,0.000580537192246203
-1.19229046482694,-0.200366113613926,0.0512847834864799,-0.112117962959837,-0.0080375302781353,-0.00189371912425127,0.000550424218983601
-1.20593588701684,-0.219529726440316,0.0528135052269133,-0.0936522890639827,-0.00810663598475869,-0.00175073277005354,0.000505975658139586
-1.21624408400818,-0.237989592906584,0.0541799521184818,-0.074693368726642,-0.00817512439825526,-0.00159515092409809,0.000447921726120449
-1.22321814750083,-0.255663581406305,0.0553777549531678,-0.0552886775070771,-0.00824382623320843,-0.001427368677254,0.000377354972427476
-1.22687095507539,-0.272473896737604,0.0564022819257655,-0.0354870234898711,-0.00831367603932353,-0.00124790212761932,0.000295702490897846
-1.2272249646769,-0.288347276190666,0.0572506772954749,-0.0153385823779443,-0.0083857102628903,-0.00105738545752437,0.000204689570900109
-1.22431191770436,-0.303215080019165,0.0579218500264434,0.00510507986490761,-0.00846106017799664,-0.000856564656500492,0.000106296444712631
-1.21817278201134,-0.31701336790797,0.0584164491803074,0.0257909514228655,-0.00854094355577464,-0.000646285550125636,2.70896495307829e-06
-1.2088577084513,-0.3296828986481,0.0587368027388199,0.0466645265564757,-0.00862665322974205,-0.000427477625170134,-0.000103735315385917
-1.19642609098262,-0.34116916816695,0.0588868434438157,0.067669790806766,-0.00871954557754512,-0.000201135381890707,-0.000210604097036634
-1.18094655893037,-0.351422299701256,0.0588719893186048,0.0887492020994599,-0.00882102543093526,3.17039205083841e-05,-0.000315429630493088
-1.1624969285121,-0.360396913508747,0.0586990051132829,0.109843695286376,-0.00893253069292785,0.00026998260100897,-0.000415768687873524
-1.14116405094069,-0.368051904377354,0.0583758349020024,0.130892690374355,-0.00905551584138658,0.000512644586063351,-0.000509262116352365
-1.11704363661122,-0.374350154626121,0.0579114150125881,0.151834106878942,-0.00919143595681707,0.000758655476072474,-0.000593692699765256
-1.09024001639894,-0.379258169174415,0.0573154699148127,0.172604382609115,-0.00934173211311663,0.00100701940420205,-0.000667040029468217
-1.06086585823311,-0.382745635138437,0.0565982973441975,0.193138501434787,-0.00950781963156093,0.00125679170727028,-0.0007275310394851
-1.02904186525649,-0.384784911570849,0.0557705501471955,0.213370041316958,-0.00969108099089756,0.00150708684097028,-0.000773684819719234
-0.994896404752241,-0.385350426951692,0.0548430187998422,0.23323124649687,-0.00989286460316834,0.00175708138058812,-0.000804350240912755
-0.958565100378084,-0.384417985509631,0.0538264228991144,0.252653139724137,-0.010114491187185,0.00200601250125503,-0.000818734966776373
-0.920190361388623,-0.381963957547025,0.0527312164880178,0.271565681738295,-0.0103572685114784,0.00225317277721191,-0.000816424450529181
-0.879920850640069,-0.377964330579546,0.0515674127562032,0.289897986821517,-0.0106225146703463,0.00249790257637129,-0.000797389650773506
-0.837910897246169,-0.372393590839131,0.0503444328570278,0.307578600652801,-0.0109115888212099,0.00273958161475986,-0.000761982402446784
-0.794319886557852,-0.365223406913938,0.0490709840439135,0.324535850041475,-0.0112259268456749,0.00297762138051041,-0.000710917675451798
-0.74931165909174,-0.35642108091251,0.0477549715205998,0.340698271418142,-0.0115670770955763,0.00321145997878764,-0.000645242304316221
-0.703053957725933,-0.345947734025462,0.0464034485442855,0.3559951234891,-0.0119367284674296,0.00344056048064117,-0.000566290216968453
-0.655718008349008,-0.333756222082967,0.0450226125298462,0.370357003989694,-0.0123367198996147,0.00366441318569246,-0.000475624788091155
-0.607478300275901,-0.319788794485685,0.0436178551824882,0.383716582638331,-0.0127690155010998,0.00388254094791397,-0.000374969659782062
-0.558512699517888,-0.303974595723442,0.0421938811761282,0.396009490029502,-0.0132356250564516,0.00409450539898419,-0.000266130439468675
-0.509003012691375,-0.286227202744977,0.0407549121676457,0.40717539650398,-0.0137384435171291,0.00429990991771133,-0.000150911098578207
-0.459136176148712,-0.266442588538521,0.0393050003610926,0.417159346918067,-0.0142789788681023,0.00449839334492228,-3.10309473357151e-05
-0.409106203150257,-0.244498144613304,0.0378484763397291,0.425913402206026,-0.0148579347314151,0.00468960617650645,9.19492238647933e-05
-0.359117028245693,-0.220253776780464,0.0363905582108219,0.433398673176328,-0.0154746196954761,0.00487315989236587,0.000216679775377462
-0.309386170308519,-0.19355646067684,0.0349381308437409,0.439587742840326,-0.0161261697531753,0.00504853943427312,0.000342037763249758
-0.260148924145621,-0.164250062589702,0.033500679163913,0.444467446005794,-0.016806607935535,0.00521497230721108,0.000467086336354054
-0.211662294326073,-0.132192361028388,0.0320913021404499,0.448041808456239,-0.0175058266270058,0.00537125535576974,0.000590958450451978
-0.164207238392366,-0.0972807832297501,0.0307276508648155,0.450334710519251,-0.0182086661319943,0.00551555442895758,0.000712650778199717
-0.118087135425715,-0.0594870032717868,0.0294325384943047,0.451391597249503,-0.0188943653498827,0.00564521338495886,0.000830728997470885
-0.0736199877668525,-0.0188979073373113,0.0282338872470885,0.451279297104212,-0.0195367355422656,0.00575663191406166,0.000942973358217738
-0.0311222623354626,0.0242432439796544,0.027163670281188,0.450082943309357,-0.0201053969951354,0.00584528686703034,0.00104603126784487
0.00911604345736282,0.0695052786394779,0.0262556374307457,0.447899316910155,-0.0205682585937593,0.00590596434373253,0.00113518068391773
0.0468625578242702,0.116258720482518,0.0255419046872528,0.44482668113168,-0.0208950901589713,0.00593322616167631,0.00120432422274951
0.081973904448992,0.163695735627192,0.0250488847525553,0.440952331334789,-0.0210616171199753,0.00592205786851212,0.00124630793104876
0.114419045520254,0.210882621318973,0.0247933802448339,0.436340187725525,-0.0210532312898116,0.00586856157977708,0.00125358305495837
0.144287033364891,0.256837324254995,0.0247797660414689,0.431021266345248,-0.0208673591552902,0.00577050895351749,0.00121912347624655
0.171775622350409,0.300616209461426,0.0249989561031519,0.424989431791887,-0.0205138492560349,0.00562759307858247,0.00113741972463821
0.197163032272326,0.341391492467009,0.0254293520229593,0.418203457244601,-0.0200133189918974,0.00544131082380898,0.00100533688276501
0.220770134501526,0.378504700129883,0.0260394266196785,0.410594753634402,-0.0193939865764122,0.00521452900763002,0.000822665169527405
0.242922259523719,0.411489903012065,0.0267912238593744,0.402078750606882,-0.0186878528071763,0.00495088004577172,0.000592285853424559
0.263918348282214,0.440069214009203,0.0276439727194559,0.392567383317905,-0.0179270994391033,0.00465416101088789,0.000319976965730015
0.186955090825918,0.241376089748314,0.0146934136834597,0.171355995121977,-0.00832410083356878,0.00175977768248779,-0.000663739428638296
0.934705683879901,1.2547661720532,0.0757359896290529,0.867506526391425,-0.04064671629153,0.00858291258980084,-0.00322303926765259
0.799656937728716,1.10666818961978,0.0665311566855285,0.745936037148193,-0.0337498946690465,0.00707098035650114,-0.00272606521437047
0.594228493669496,0.833304016719523,0.0501434438567364,0.544732142593375,-0.0239657288600267,0.00488124591743135,-0.00208749641658709
0.35913157387465,0.480008291254304,0.0292437086431583,0.293188425413075,-0.0130205165247035,0.00232358641415872,-0.00146945829134376
0.19182434341206,0.122926675899946,0.0089803845007608,0.014181831244018,-0.00313249744802627,-0.000721746330410277,-0.0013871573041289
0.256679173442439,0.0598510458429659,0.00672677830368772,-0.0841915735902666,-0.00184499618602911,-0.00239959413775379,-0.00166983551185306
0.360325454751281,0.0175717672086979,0.00582258734796323,-0.175687114527339,-0.00167835516090856,-0.00410583714124165,-0.00134872184131073
0.453269223055519,-0.0277957445999421,0.00470525981399081,-0.2581244869457,-0.00191297058133938,-0.00542929769775161,-0.000251539282972613
0.532419517473441,-0.0684268628204249,0.00419452786812479,-0.325521753966191,-0.00239917890248534,-0.00627245087693762,0.000977329781567035
0.594014972876254,-0.0947575224723311,0.00452332576648407,-0.372529059904162,-0.00271821631432401,-0.00660239647979175,0.0015731287250726
0.633182784565621,-0.0973031000977783,0.00484240266872355,-0.39515165977438,-0.00250066950593251,-0.00631899546095125,0.00115423192586034
0.647945195319999,-0.0732880842884954,0.00382111796958958,-0.391090866029942,-0.00182636904955085,-0.00539503705217062,-1.66685134591268e-05
0.639742400911319,-0.0277522769918065,0.000966926887908822,-0.360671314925082,-0.00104059185767813,-0.00400937618326244,-0.00120685712504646
0.609848889470523,0.0309959135032937,-0.00310613069293038,-0.307056432436164,-0.000545973525517776,-0.00239313974246821,-0.00167937312414255
0.580425018637036,0.0940465788122885,-0.00752010694310392,-0.247809033265396,-0.000591664640688836,-0.000804605198862005,-0.00123437883409356
0.609739846751231,0.162639751126672,-0.0126709872441169,-0.215380773229563,-0.00108650455494655,0.000538660257192001,-0.000384590294492162
0.681185202683239,0.241352802662722,-0.019318518518616,-0.199461270099187,-0.00180530160680547,0.00179666028745681,0.000537147649973485
0.711199400818499,0.310695765922021,-0.0262958249323273,-0.169665088427257,-0.00244372929176807,0.0029077745144558,0.00135614113290049
0.663391242015341,0.352961011830317,-0.0324227607011458,-0.119332702517998,-0.0027405211483002,0.00365883821112644,0.00181825069606376
0.522113068614148,0.354592258134357,-0.0366681620557847,-0.0496495506976778,-0.00250489853714087,0.0038828278697479,0.00171662235363991
0.258915288642856,0.294535113560125,-0.0372940884150875,0.040300968187122,-0.00152652401943744,0.00336921020566846,0.000841519563868863
-0.000916733155263503,0.236533165911371,-0.0399347168309005,0.127150741338173,-0.000417025797162796,0.00281728930620993,-0.000322042865259255
-0.202857985393464,0.223999116162468,-0.0486212581181615,0.211716771433613,0.000391177800755289,0.00276646878274523,-0.00111098355221158
-0.395011097925139,0.18457238547474,-0.0531712688008953,0.279848423381955,0.00114637794714454,0.00247930078711513,-0.00125294243336662
-0.568878519363475,0.115148000981144,-0.0533642464565447,0.327588236540292,0.00197212722170394,0.00205668311721127,-0.000647345913735126
-0.718027842002696,0.0162973885221306,-0.0503685175782547,0.352807571930362,0.00317486589952227,0.00156044905043546,0.00034296866722152
-0.837399461373738,-0.108018119653381,-0.0458563210230642,0.355675812974907,0.00502598207972782,0.000992182046670613,0.00106826758696908
-0.924018528152883,-0.251082270844593,-0.0412351400910973,0.338306418474829,0.00743255892940575,0.000415146417862023,0.00100675110800276
-0.978407858049101,-0.400728680020048,-0.0374775966434059,0.304407078922002,0.00968446634922172,-7.74511731639983e-05,0.000180567264314057
-1.00259749472902,-0.533864176327794,-0.0352836292519671,0.259004943317089,0.0108516728543011,-0.000492790921715198,-0.000802891284555955
-0.99338562462877,-0.622562461625896,-0.0348299973550594,0.207023070292361,0.0106695840430385,-0.000829294927451963,-0.00121078835143519
-0.942219704538671,-0.649098136554645,-0.0355864942896044,0.151330208521718,0.00960999500885447,-0.000984422634190526,-0.000760222469258084
-0.841309867680542,-0.608768426115481,-0.0365454429686945,0.0924061083646298,0.00834079559321898,-0.000914627817906277,0.000214317394891424
-0.686841526328207,-0.505733318793426,-0.0366928515391652,0.0295676764469792,0.00741473051012076,-0.000711913123494065,0.00107877962722406
-0.479166426151674,-0.350045073404492,-0.0355485619365982,-0.0376615352018102,0.00719769948379403,-0.000472838902176674,0.00133518187080326
-0.221996679465646,-0.156039729104167,-0.0334718703304789,-0.108615534489951,0.0078292866304677,-0.000209979933381425,0.000887459821947951
0.0789803666472393,0.0586266365371775,-0.0315412836648599,-0.181148083009022,0.00914834925256471,0.000102450534260346,7.70906627932301e-05
0.416618082474425,0.272140643405804,-0.0311058508069397,-0.251849294903718,0.0105458679683869,0.000505671712335383,-0.000515001197173481
0.773450351493475,0.456399982195198,-0.0333584191354081,-0.315760216310886,0.0108444706076706,0.0010619177453336,-0.000462554372262881
1.1053224729438,0.585033079172624,-0.0385780344894403,-0.364921005616482,0.00910600942310267,0.00167010054399061,0.000136124810796888
1.35600786319591,0.649329947046198,-0.0452507230314958,-0.388505203825298,0.00600096220922926,0.00199448298518702,0.000761182807161975
1.49345034999173,0.653068716346834,-0.0511029550957932,-0.376937714119446,0.00299350878061424,0.00184556808628942,0.000962768593732554
1.51108944447391,0.601705657113096,-0.0545716999060037,-0.326390122499585,0.000811486355978423,0.00133512208601129,0.000652104003907969
1.41426853291789,0.503281190091873,-0.0547752753527798,-0.239235969996003,-0.000563042670103555,0.000659231318461371,7.63998947250205e-05
1.21520110156954,0.369604754439213,-0.0513130151331548,-0.122649971472542,-0.00140405853280243,-5.21720971077911e-05,-0.000408200497539158
0.931862013517572,0.214626767170536,-0.0444283885533438,0.0127713875663493,-0.00197834949027968,-0.000717702770800676,-0.000569910833001615
0.587022971171591,0.0523950431822585,-0.0351503915187496,0.154496821541781,-0.002463852979972,-0.00126211830638052,-0.000393979443500957
0.207362755963941,-0.104040182783761,-0.0251485059803321,0.28939902041244,-0.0029496300256,-0.0016162029464552,-4.91807628352253e-05
-0.177225014468369,-0.242792712639514,-0.0162407195329885,0.404670193424257,-0.00349153108796673,-0.00172423826412608,0.000214331600017459
-0.534466960512695,-0.35378537467972,-0.00980599512722899,0.488600493659149,-0.00420171636254844,-0.00153890930631202,0.000208032119820174
-0.831086296014292,-0.431387736348201,-0.00638909688874846,0.531718247654138,-0.00521300511919834,-0.00101999339313506,-5.52248264361626e-05
-1.0399461180584,-0.473234558482759,-0.0051847686793474,0.528187871521767,-0.00605783012341339,-0.000200728621099315,-0.000384531809036445
-1.16041051204762,-0.4652165857896,-0.00446129424262583,0.476558984502877,-0.0058407318719704,0.000635800505936426,-0.000683926326382061
-1.20530944992534,-0.396410215003795,-0.00405721194496123,0.380444608202452,-0.00517819816131403,0.0012181862998132,-0.000862307466898648
-1.17644948144326,-0.27895145225744,-0.00405907006837649,0.24817121798327,-0.00475621856706335,0.00152479663637782,-0.000755365984029754
-1.07590329248788,-0.131577034051043,-0.00381777939445578,0.0910834714861939,-0.0045939066203366,0.00158635658084648,-0.000367120245861541
-0.910966486073475,0.0287177660626277,-0.00264309945494825,-0.0778907121986501,-0.00458045227841638,0.00140650548868341,0.000131333749800438
-0.694008169280429,0.18724804764387,-0.000390609298596153,-0.245136681140651,-0.00467290575517178,0.000974881187568492,0.00051862398974281
-0.443405981823728,0.331187324929391,0.00227122785833824,-0.397048331482045,-0.00488144089737682,0.000302088361347952,0.000609298508453926
-0.184456950013996,0.449311687593808,0.00410260601566145,-0.52067400359558,-0.0050884318294453,-0.000561447651329835,0.000319363739245736
0.0597551991474255,0.526106013742704,0.00425165484539901,-0.604643065032707,-0.00459021434573869,-0.00149415048302271,-0.000198872920249272
0.286640202921417,0.534503578158997,0.00185254026366951,-0.640164315279212,-0.00332428741765121,-0.00225998367085472,-0.000423733699812252
0.484463799061543,0.467159374938043,-0.00423057586848344,-0.62293594127548,-0.00265769222382448,-0.00273766792498225,-0.000117656862006402
0.633147238622141,0.337753104747783,-0.0134250949219463,-0.554625290859662,-0.0027082666681185,-0.00294728554228435,0.000401511320494366
0.724879867886177,0.164251546356805,-0.024644752631769,-0.441613215062787,-0.00303677997617009,-0.00291920881792904,0.000727828623251307
0.75949965386574,-0.0330406653875166,-0.036533471615425,-0.293515225035937,-0.00330830160406228,-0.00266169406573373,0.000649219566649811
0.739407756821347,-0.233704757367311,-0.0471853734740744,-0.121917468145157,-0.00337670961728106,-0.00217595979551182,0.000222513904159613
0.668111260287435,-0.419332360682582,-0.0545395497078166,0.0604267859727932,-0.003260852479436,-0.00148365692850075,-0.000319561726045206
0.551213033945172,-0.573770681370384,-0.0571670970030685,0.239982900651549,-0.00305938229327599,-0.000620544428849125,-0.000704945777939695
0.398407922972909,-0.682232362151873,-0.054852119539804,0.402871066960677,-0.00283934445095345,0.000378447726369007,-0.000732949592133735
0.22478396595882,-0.7310179371509,-0.0487431883221594,0.53567653830669,-0.00251722170471484,0.00145890257170534,-0.000379706541230833
0.0492927918283866,-0.708296303947193,-0.0408670147719613,0.626780678553719,-0.00177627797114487,0.00250489933994064,0.000125892405371706
-0.111453259924424,-0.603360143895527,-0.0330743628975273,0.668269515614344,-0.000157141459953702,0.00334199227459205,0.000360713326590937
-0.247755943650219,-0.405882174198004,-0.0270413744387768,0.658539511454322,0.00180072289076177,0.00380223189163791,1.59484393132677e-05
-0.331548230922576,-0.149321555385617,-0.0258306227571283,0.601831004057106,0.00131300739841984,0.00386130070487734,-0.000396133194524494
-0.339032857055872,0.0925974814097629,-0.0287393460224219,0.503104650949346,-0.000504982190068411,0.00365249523721316,-0.000209509302394881
-0.289897395956342,0.305883810088676,-0.0331767792964788,0.368218966047273,-0.00162902625701792,0.00321879647504762,0.00025240894278025
-0.205034947020375,0.488189014399139,-0.037586656265163,0.207017188728501,-0.00203047698996049,0.00257017946281451,0.000555485388913906
-0.0988622468264802,0.630004842037014,-0.0404761141482126,0.0315268867419153,-0.00188927939836211,0.0017450518004563,0.000503828988960093
0.0169265315832695,0.721215446626988,-0.0409009736628262,-0.145343236514228,-0.00124620020397361,0.000782858723649837,0.000135034152690994
0.1306819996061,0.752798656335662,-0.0388498479009756,-0.310349222711401,5.12433728067156e-06,-0.000297400917411003,-0.00032831783146976
0.228428270275155,0.713834552554852,-0.0349923033932667,-0.450610889836529,0.00215604065105886,-0.00146675122143364,-0.000545753850756113
0.291250179188844,0.581454883922447,-0.030274575476959,-0.555430218291515,0.00553930243584059,-0.00261977890557436,-0.000143339885598695
0.289148330403247,0.326457579728289,-0.0277485447674984,-0.621015868433335,0.00833152525062012,-0.00349985114805768,0.00107016103322482
0.204846713153624,0.0330042151635538,-0.0328231923307314,-0.648339869267872,0.00597726038987359,-0.0039255199888692,0.00196111252216504
0.0768453483165948,-0.177038664827594,-0.0432670646442515,-0.636005053839402,0.00234609556770942,-0.0039784785284533,0.000994749367787427
-0.0753219107520258,-0.309863892146652,-0.0561527947534072,-0.578171929573798,0.000621099507748565,-0.00364919163498934,-0.000976961591012071
-0.240088941061452,-0.382251580883245,-0.0690124073593961,-0.475931411964179,-0.000147515157888608,-0.00317088933037465,-0.00235443512377471
-0.398349708136971,-0.40094995032666,-0.0782267365041299,-0.337240746702364,-0.00106584010525901,-0.00264547688679145,-0.0022568797133328
-0.531487813382489,-0.375003023656857,-0.0819379844194434,-0.174231210026691,-0.00245460897430169,-0.00196827761100049,-0.000851928035485315
-0.627534693325546,-0.315113121909459,-0.0810265361359253,-0.000527276337484243,-0.00393023452101271,-0.00118851393978666,0.000998971180944599
-0.680375950688962,-0.231556102351223,-0.0777036692575373,0.170313943909563,-0.00484088533424112,-0.000462680838455085,0.00226452783074636
-0.686221904465394,-0.135794857398395,-0.0743087094482356,0.325443005020457,-0.00467898867657113,0.000267736689894609,0.0021860990718883
-0.640351509142722,-0.0389544820266939,-0.0711452190705892,0.453625240987376,-0.00344807234465616,0.00120731646054669,0.000716131501556357
-0.536545124937949,0.0503295590049251,-0.0665581607272284,0.545583092374078,-0.00155406263268572,0.00227391829199326,-0.0013400024101249
-0.366425143551208,0.126574876613096,-0.0590938067820745,0.594212432783097,0.000750146244120375,0.00310510884706234,-0.00275482352835523
-0.115021448079982,0.189311102702435,-0.0491495810994466,0.596270915901152,0.00355729529843743,0.00353005091428673,-0.0027277397038493
0.227084759126631,0.22984262950689,-0.0409574420736692,0.557830203014804,0.00546743357355896,0.00359853604609428,-0.00140836635254994
0.584796281143683,0.205813330386137,-0.0401015783539544,0.490910829488832,0.00345549012294146,0.00342196678314443,0.000802602395068133
0.846984928354512,0.109390864952892,-0.0440362361046301,0.396858590558041,0.000150720361272399,0.00302273787466953,0.00290081565768377
0.997290652187777,-0.0264148746704633,-0.0468536964344751,0.273584167052546,-0.00157480530458022,0.00232394945383386,0.00339998002850547
1.04919542288649,-0.173116067485549,-0.0455212590833297,0.127830645858425,-0.00174578709820417,0.0016558816399903,0.00190443767894211
1.0153415539449,-0.309633137505908,-0.040424621322915,-0.0281515896906026,-0.00106394874243477,0.00115084178081771,-0.00071941759283031
0.906689175382697,-0.420876602164784,-0.0336455080994891,-0.180570697459325,0.000109625476083288,0.000433866133503232,-0.00298245896232736
0.735581587710399,-0.494354353130872,-0.0279743556229139,-0.31711474886294,0.00147584901530033,-0.000627345849223147,-0.00346976084624551
0.508730310427244,-0.516691118482861,-0.0244859912393617,-0.429080559370277,0.00291302376237153,-0.00154715139394746,-0.001709420880328
0.220450553617958,-0.468529142588267,-0.0228111578457348,-0.510346023554656,0.00423200336922244,-0.00211987620987022,0.0014461604407392
-0.108299341892906,-0.337391455139692,-0.0253891640603913,-0.55697025537834,0.00351829360557318,-0.00278343848105154,0.00420032302952141
-0.405796969448939,-0.152140568621164,-0.0347986809413894,-0.571161507706686,0.000918138477367082,-0.00359073754897369,0.00430505444531924
-0.629931271965378,0.0529049475864083,-0.0507257591868175,-0.552851680227257,-0.000710518009744919,-0.00365824401758637,0.00134485975635383
-0.769554892224405,0.260455103029531,-0.0701583119745538,-0.49426117538646,-0.00098525215289806,-0.00306026157170204,-0.00252158947783857
-0.820976843661619,0.45403293417295,-0.0878137373328149,-0.392857065900664,-0.000979849357830288,-0.00265824048650829,-0.00477104875823508
-0.788673882987072,0.610308120140327,-0.096519601166696,-0.255428361386936,-0.00190786211763948,-0.00236289270130808,-0.00414344099259285
-0.691381673162794,0.713971066762009,-0.0948214281875106,-0.0956046333076747,-0.00384628350543242,-0.00156704706598697,-0.00117690446175852
-0.546950679957704,0.761084516531217,-0.0862144582005983,0.0723799957954115,-0.00591213240214381,-0.000559673250948006,0.00243862522834199
-0.369840797836425,0.753594615124834,-0.0754238293645055,0.235163353784493,-0.00698188524388904,1.96506971333012e-05,0.00470508618392295
-0.180350741524244,0.698666138567513,-0.0684544404859292,0.379631507796652,-0.00614254742528169,0.000472177447414978,0.00413626549991337
0.00341263020307432,0.596624673562385,-0.0645329524048611,0.495091706693705,-0.00377597554652371,0.00157725749379665,0.000955615845886147
0.168026330155619,0.442482568143702,-0.0597252417365851,0.572940689666188,-0.000861638435631696,0.00300183021935093,-0.00298326956698906
0.299900595190638,0.224619347790693,-0.0520726023621913,0.606694108424643,0.0021081891723757,0.00377308937050805,-0.0053631442347789
0.380572134063065,-0.085014820293649,-0.0429848873053977,0.595675859620513,0.00414265933337797,0.00389867811713535,-0.0047245015252934
0.380553872472237,-0.441338740697764,-0.0405834082169832,0.549006047323495,0.00227518494369515,0.00418599883282656,-0.00121717307710144
0.309853343653268,-0.710815208188457,-0.0461028662399005,0.470456697228817,-0.00187463583758249,0.00444234302053394,0.00335921099323145
0.202108421547241,-0.861394812059396,-0.0528222776755753,0.356829210636029,-0.00448549314932334,0.00362575451842165,0.00608346278988284
0.0814509947026852,-0.905785479514883,-0.0538751535614227,0.213043402991497,-0.00476949147649122,0.0021189300733728,0.00524737460558957
-0.0356053384271277,-0.865815837876377,-0.0487257244586991,0.0488994033126122,-0.00386815184627229,0.0012506110050328,0.00150303833409143
-0.140734111183942,-0.759254505141219,-0.0406091584923725,-0.121694701078567,-0.00249764804251227,0.000715445403985641,-0.00308284309538501
-0.226019387788446,-0.597827106351562,-0.032304879055252,-0.282957904930033,-0.000433290787102484,-0.000716663782266919,-0.00607580480903023
-0.283835587887851,-0.399726201896995,-0.0283188313598082,-0.42532677230834,0.00162430272671401,-0.00280028698919476,-0.00541047826880068
-0.285448166519893,-0.162221584181485,-0.0264759847600855,-0.542126496837697,0.00365400631782545,-0.00397203101400536,-0.00114689247750381
-0.18720360161643,0.116725940282748,-0.0256810321114028,-0.620846706019901,0.00385289940337565,-0.00465188515390992,0.00448772966167563
-0.029830401602777,0.360900084590605,-0.029678833017149,-0.652791727939251,-0.000639879622454726,-0.00621085814064644,0.0076947113349449
0.123980585969446,0.518289937553348,-0.0400318973306677,-0.644517239748715,-0.00398667111199859,-0.00702474398371384,0.0052037168644329
0.254873522795254,0.585671170256262,-0.0547411187105519,-0.589431601479188,-0.00420058675149795,-0.00554484812251829,-0.0009241877571504
0.361043861549876,0.570157910621816,-0.0700932489910251,-0.482493927209634,-0.00278626151226009,-0.00376561518544909,-0.00643496338377569
0.426438932941304,0.483481111188659,-0.0772051333050467,-0.334814092552652,-0.00234929218899212,-0.00299715529459887,-0.00809365013206184
0.43474862137644,0.35248651455067,-0.0673887982345199,-0.163526043326812,-0.00460775450343255,-0.00172820967493094,-0.00521431370928421
0.403733942289366,0.20381008023595,-0.0506820775135331,0.0180974151777153,-0.00813524037621812,0.000738578747514715,0.000188338125229507
0.342801010970681,0.0459419448351609,-0.0318689560219957,0.196328669303657,-0.0114602846098931,0.00297911085420856,0.00547570344722075
0.265622571051021,-0.113616610426525,-0.0174453040955221,0.360525422107316,-0.0130656179608487,0.00375974533308007,0.00794495943279414
0.195180871035029,-0.25745854958373,-0.0167661865654676,0.507330674491619,-0.011789193229907,0.00414350990865776,0.00567738185778486
0.121129504930083,-0.363272661610933,-0.0202514899277953,0.623009192909184,-0.0095364011929874,0.00560656688646995,-9.23316417058778e-05
0.0383877274737644,-0.415599545281773,-0.021900417418272,0.693981899220101,-0.00830522805750216,0.00680381448204542,-0.00587646182606222
-0.0615917467532126,-0.399963547203824,-0.019699008551219,0.710245903605854,-0.00905793552366369,0.00602565043153215,-0.00780726518463269
-0.189284919095819,-0.303760740578252,-0.0174364070680225,0.655584261339547,-0.0116049621451439,0.00491590437268214,-0.0043847134438686
-0.311519465573418,-0.143922893136482,-0.0186203956970121,0.536813493409711,-0.0133690654593837,0.00456650155528085,0.00173771885175317
-0.420026397153366,0.0520472431537208,-0.0218210958458294,0.375589409214724,-0.0142001824442353,0.00313562711793381,0.00674451698129182
-0.496611287185133,0.252293578184029,-0.023004806053769,0.202782469012112,-0.013968203024767,0.00015126554749636,0.00779220276139124
-0.528221803617341,0.426964183415807,-0.0185774649150023,0.0368012325117799,-0.0126880318904219,-0.00180558326209151,0.00461373486775988
-0.524705076282729,0.566539985558024,-0.0124902288717586,-0.122942990452839,-0.0116514687471321,-0.00189530885156967,-0.000858361208351729
-0.492221860999904,0.662567463158201,-0.0073794203959065,-0.263412076085087,-0.0104032161904918,-0.00188933448281493,-0.00624964603440822
-0.443216741937885,0.716609827495573,-0.00607626148597286,-0.385431688443792,-0.00942567270557644,-0.00332265555515171,-0.00858860964231071
-0.382891606262842,0.733043463560332,-0.00783385733296603,-0.50561576351167,-0.0103855017285257,-0.00428581774973486,-0.00568253978248802
-0.292486441789952,0.685120897988989,-0.00897738711397167,-0.596286550747467,-0.0117934459707146,-0.00312663327561583,0.000381471367293581
-0.168388763657942,0.561277034587572,-0.0108944759321013,-0.636088748829539,-0.0130248335455987,-0.0017544593732899,0.00581529549733204
-0.0136994213781135,0.353675552630496,-0.0150244538698419,-0.608235292820643,-0.0135790381377069,-0.00157711735174395,0.00737649212570623
0.155954794280346,0.0669182347248422,-0.0214956650891736,-0.504344023937169,-0.0124768552312679,-0.00114112025033172,0.0040064867947136
0.312807860967381,-0.2543356981108,-0.0281708379907369,-0.354919893444787,-0.0106537553219724,0.000311622520932234,-0.00189799707300367
0.441871728121325,-0.57680131860642,-0.0323812277260643,-0.184407126971614,-0.00875520774361659,0.00116417768594289,-0.00679862656107405
0.535780941391303,-0.861090442020715,-0.0343650285026181,-0.0250364406846989,-0.0080651699076258,0.000932293470724475,-0.00783867048309292
0.594540579036889,-1.07123960463981,-0.037196902473124,0.104609146254561,-0.00867237322691111,0.0015811670225494,-0.00450449188093891
0.618465322731844,-1.20346346764484,-0.0407354945938035,0.214044610845655,-0.00917800958653236,0.00330945989849815,0.00138406441249791
0.605933136070996,-1.25179403378851,-0.0436942211408809,0.296542912694938,-0.0100594164979753,0.00410687587123905,0.00706541580134656
0.550370750788262,-1.22315596667762,-0.0419007060141684,0.360807032433645,-0.0104976171586721,0.0026254441204908,0.00899352441562785
0.446012070970942,-1.12265735905767,-0.0337110952354428,0.421118304275267,-0.00915256182588514,0.00150660396120866,0.00538682022434168
0.308606099816195,-0.929507592354458,-0.0250907791999956,0.448715845334854,-0.00779796496323094,0.00224129934887478,-0.000909874612206224
0.149111861695687,-0.649459482426588,-0.0178112871290872,0.433680790964152,-0.00681420823235475,0.002879253822656,-0.00630449437649709
-0.00561976406959974,-0.291837873289538,-0.0140391425325626,0.365814885901462,-0.00703032284634027,0.00206355924083209,-0.00793784315587438
-0.113714952238208,0.113490018178001,-0.0134578352185017,0.245786161317713,-0.00866037041046153,0.0012261501481014,-0.00490313224990233
-0.187203824748652,0.514120620076258,-0.0129813240452264,0.108609200478938,-0.00986680673681876,0.00143728483327709,0.000690916923594423
-0.242374721838082,0.884366879758118,-0.0118898513474609,-0.0301504953921022,-0.0106298614143255,0.00119425485227966,0.00593165348276514
-0.295660627615368,1.20091110773153,-0.0109647516960102,-0.155112286297818,-0.0110241475879703,-0.000700487614627319,0.0080342168303646
-0.36576089619468,1.42972098699653,-0.0102562793541562,-0.241465213900831,-0.0104344301296183,-0.00252811225425492,0.00552326103496258
-0.432724605997692,1.55444128181465,-0.00864016929273482,-0.290514307248002,-0.00959261861598366,-0.0025554341204096,-0.000222692622985495
-0.486795116397769,1.57405364448073,-0.00606337785000425,-0.309835179148501,-0.00856291058305321,-0.00216669553736342,-0.00602537132929454
-0.504828316921291,1.48880874976187,-0.00401405377463695,-0.308707076752947,-0.00753301325917852,-0.00320806126786288,-0.00827038157451182
-0.462848509094467,1.29508866582236,-0.00863171458482903,-0.287977185278715,-0.00806246793229746,-0.00411641216641431,-0.00550144527938064
-0.391531014318852,1.00279530952824,-0.0188741296143111,-0.235802803285299,-0.00857394434957014,-0.00322853175772459,0.000202428475684085
-0.30527755619919,0.636704410352767,-0.0327605170363147,-0.15833913668291,-0.00877013734111871,-0.00225674322680282,0.00572202012835066
-0.217053291214536,0.222835120954263,-0.0468227064780385,-0.0630718271555323,-0.00859272961186927,-0.0026478087990225,0.0081702938889196
-0.147938346866048,-0.203100674918554,-0.0535618789462282,0.0430601079300061,-0.00648674149358278,-0.00288792944236592,0.0060371560238638
-0.0855046949315651,-0.602637181296232,-0.0569393439743318,0.139685851652386,-0.0034081884494421,-0.00139332767770751,0.000841564853571239
-0.0263899404249935,-0.945131672061766,-0.0588109130736404,0.213077369613472,0.000628946578270056,0.000695903238621344,-0.00476300890242706
0.029149137682983,-1.20307951355997,-0.0596232539345556,0.25637130304656,0.00564865475873635,0.00180031373266465,-0.0078902463692355
0.104551883429517,-1.36629555097868,-0.0640635328221268,0.259012731131094,0.00929840287506842,0.00261693869482148,-0.00606380210047601
0.195113296402483,-1.43241314844677,-0.0683839201880087,0.21862432971369,0.0116358894648315,0.00443961743665961,-0.000384698747137924
0.29232678079251,-1.4144604912551,-0.0700875484198652,0.145236105109492,0.012887550892018,0.0057446823154027,0.0053066695960506
0.386526776301528,-1.32809357384973,-0.068938631484659,0.0572122370483956,0.0133382325127955,0.00513159581722144,0.00760179862112283
0.460570513415315,-1.17194010495342,-0.065233672497152,-0.0105250263183228,0.0139674509739789,0.00386519013738922,0.00517692357752453
0.49738530203071,-0.969804276968361,-0.0615183895006647,-0.0415816774135317,0.0141596289073986,0.00341925975289331,-0.000426885610264128
0.492335059770783,-0.723193735873405,-0.0588551418963397,-0.0439936446191762,0.0141734105266644,0.00261899571243743,-0.00598379451496753
0.452060909988395,-0.445338706004522,-0.0578958742689038,-0.0411534529727633,0.0142084262498162,-0.000221518810258781,-0.00812992442300922
0.361155939052174,-0.153655831549226,-0.0608332033204393,-0.0553334793419152,0.0132768206081156,-0.00328199437545855,-0.005644182325698
0.234335176192439,0.163243033423627,-0.0668721344121548,-0.0817732082531965,0.0122782680931396,-0.00465291430093059,-0.000312460586074817
0.0965799838944712,0.486590976977476,-0.0748449423202399,-0.124419117152912,0.0109421964239916,-0.00596481065205785,0.00535102654474384
-0.0337012298721209,0.793191309121639,-0.083245997962723,-0.174205389510038,0.00890480502327408,-0.0087393473273715,0.00839476723773386
-0.131899265897422,1.07418651577952,-0.0902678112413038,-0.1950018207473,0.00806481394162453,-0.010768549892648,0.0064059086639036
-0.201367481914992,1.29978002400166,-0.0966984545548856,-0.195257908348847,0.00793989947266899,-0.00979203134851622,0.000681215730480906
-0.242554701948693,1.43946673163672,-0.100879136236382,-0.182697144824262,0.00828299324311986,-0.00738560495421914,-0.00561939556243726
-0.25619906424151,1.48337453194231,-0.103582560942999,-0.159091824059427,0.00811639919404754,-0.00536550732620181,-0.00893930519657369
-0.266209006494511,1.42801522657881,-0.105719675505108,-0.147098866091717,0.00490799965832364,-0.00250358395370934,-0.00673633584722485
-0.268282729072885,1.26548080819044,-0.1016737946518,-0.124210826669414,0.000858775676144683,0.00195783884285544,-0.00104426480045277
-0.250802470948505,1.01107102332161,-0.0927758282820917,-0.0744510580828132,-0.00239124114028591,0.00641749174055638,0.00468338193417724
-0.207984098828482,0.68607155245087,-0.0823573776267066,0.0011353477314069,-0.0044995734017078,0.00945211133657793,0.00780030398719679
-0.139614045343718,0.298880692685665,-0.0683784825979278,0.111633793767983,-0.00435433908000901,0.0110219406966791,0.00664073147409359
-0.0669664910341493,-0.119716720890515,-0.0524744845929743,0.238799039112249,-0.00306432791061067,0.0123941962900928,0.00178078911482367
-0.00271327839277995,-0.528238524934144,-0.03990680970193,0.354994493858844,-0.00241719801783236,0.0132842873529236,-0.00396861495073162
0.0365271877175357,-0.898745610071156,-0.0302436135594718,0.438140147360816,-0.00229787238339849,0.0120711736378588,-0.00731777821194055
0.0293180784530635,-1.19011077171171,-0.0242819042731003,0.458528919412413,-0.00271026099689861,0.00925086530002516,-0.00616833651737691
-0.00268973863095266,-1.37594553418335,-0.0225907119613923,0.425170492159342,-0.00308131655117357,0.00689446336779683,-0.00144849019548921
-0.039491977296046,-1.45009653650148,-0.022199299516454,0.352156329903057,-0.00327296009804533,0.0041198460077508,0.00424421357329102
-0.0845752385900474,-1.41537776467815,-0.0223989135475388,0.244723298017959,-0.00399355998432796,-0.00112749244124716,0.00790652528156689
-0.12466239549698,-1.29595440239145,-0.0236204807319452,0.133530840087969,-0.00472579236034073,-0.00731396390565996,0.00711202132770115
-0.136912212945844,-1.1004923861414,-0.023011000967968,0.0251387146132597,-0.00495056557895817,-0.0107451773450436,0.00265144155657965
-0.132154873618572,-0.834955907740694,-0.0209560207132854,-0.0911506040094149,-0.00475001612351038,-0.011797442541202,-0.00291591990351646
-0.126020934958436,-0.517110937695951,-0.0196723029400241,-0.210827353413339,-0.00376513851193494,-0.0126593508868927,-0.0072138938561491
-0.0980214815534663,-0.151914769699821,-0.0178032411054541,-0.337589578262127,-0.00281961438842585,-0.0136849325008691,-0.0078008519765617
-0.0205939223408516,0.233634776289032,-0.0169210245738422,-0.461937637817141,-0.00348736993471754,-0.0127608506445417,-0.00385219525038232
0.0774714935130665,0.584855017441688,-0.020449404083096,-0.557317378313087,-0.00588708689876395,-0.0094938902108335,0.00222409001159098
0.168292171365695,0.861458177823482,-0.0273641793288641,-0.60431150385742,-0.00856304287623349,-0.00535193896008212,0.00676613704361761
0.243546672220953,1.02542203258421,-0.0333253130637908,-0.577171793200063,-0.00880247484051559,-0.00099702809577823,0.00695877982277613
0.290686223557983,1.07824916611985,-0.0324225495065181,-0.482497953459698,-0.00653234240375701,0.00395757022362967,0.00284425877296054
0.312729970845553,1.04238654860895,-0.0259577319207103,-0.343426777271782,-0.00382712776871785,0.00878997050654985,-0.00307306213455809
0.317009992231555,0.924478377720231,-0.0178218141116098,-0.171862174189632,-0.00175502818832498,0.0118498424360722,-0.00754391028327405
0.309330325552459,0.755040585325628,-0.0146895793727553,-0.00123771194537742,-0.00160152746900685,0.012789394567198,-0.00765593116020085
0.289206827863074,0.560078141044454,-0.0170299252580621,0.15534738597864,-0.00214862877311507,0.0135677813198973,-0.003496523626295
0.256049369567659,0.335535927284325,-0.0204275038599128,0.309330174409892,-0.00181121516589075,0.014331441333224,0.00235294387943113
0.210729886470163,0.0958376607763851,-0.0232971875227434,0.445499767594631,-0.00187665244410385,0.0129790686354032,0.0072779965190075
0.137784518047852,-0.13828491681565,-0.0175719458287951,0.55408305477733,-0.00257721015556383,0.00800641689351896,0.00853366612500217
0.0423035359882601,-0.350195160229339,-0.00718215249694973,0.642056847222567,-0.00390062024521117,0.00244918708919403,0.00484412283947534
-0.0287943075959744,-0.506061644762286,-0.00317345152203615,0.691409540294697,-0.00677104624214046,-0.00171401292029685,-0.00149779786145876
-0.0658112847081045,-0.575053934991977,-0.00241239163818095,0.674754628242862,-0.00786238509423164,-0.00670063961852528,-0.00693830806348645
-0.119478563867124,-0.549234394498743,-0.00237769473624567,0.578529513431157,-0.00578381008522767,-0.0124762202394159,-0.00818788769522049
-0.185225332850584,-0.455704494073016,0.000961215443043347,0.430475253154633,-0.00379459835482868,-0.0153626651653366,-0.00432246682477305
-0.259266080951251,-0.33017936205365,0.00626676165625054,0.255065059800028,-0.00328146797227615,-0.0150891089104554,0.00199220308529216
-0.333773767891948,-0.173883475687308,0.0114549290515909,0.0551242210888904,-0.00467158291624371,-0.0143056120762426,0.00740516032304162
-0.405746905958929,-0.0120516934348181,0.0131085719055473,-0.138463240575257,-0.00576520631850218,-0.0136630511932885,0.00887534873054147
-0.473534650386577,0.119927953872953,0.00890077226334647,-0.302037407676374,-0.00458760255770353,-0.0110301420137477,0.00546562473975351
-0.52216435413373,0.229168012083599,0.00458641004127702,-0.445771794963821,-0.00252904123220466,-0.00609404050076849,-0.00079858009741605
-0.54868529629324,0.306383832745695,0.00158213173078586,-0.557525241234903,-0.000549507614265663,-0.000514746573084617,-0.00691383875415623
-0.531681399558879,0.33900100400763,0.00123241556224986,-0.623848875201594,0.000477511635783448,0.00424968025354983,-0.0094258135713363
-0.435376937573471,0.342208720300737,-0.000852310477719552,-0.656477783665601,-0.000842282771387558,0.00859826936974998,-0.00622810950158875
-0.281689362481445,0.299228735141436,-0.00871560775650719,-0.645130942613227,-0.00211983076470657,0.0133261484960838,0.000580098040056687
-0.0826254379508915,0.198652879745375,-0.0225070971921976,-0.575663571042427,-0.00196631823742832,0.0166125911349823,0.00673828365534421
0.129334989143257,0.0427080526039811,-0.0340008732160249,-0.455757496650625,-0.000536892249616179,0.0167032941391207,0.0085250349496049
0.317123210936937,-0.148835356785743,-0.0312205437544769,-0.297451768373573,0.00136416443905811,0.0154563155155506,0.0051039225511366
0.484796810453515,-0.341028989026033,-0.0260458160290384,-0.112743772091942,0.00140973153157355,0.0144168667951274,-0.000778328953808005
0.623325880451594,-0.518677442754359,-0.0200498132856361,0.0783419860974839,0.000650651561834972,0.0118585588410476,-0.00614473968978224
0.720650399877006,-0.657371859048045,-0.0144024610809812,0.244049154583759,0.00046383731884884,0.00640670255844918,-0.00849436042884664
0.783791548955179,-0.730927756564202,-0.019811748153647,0.372422860497479,0.00119772402418838,0.000630975816549815,-0.00641476527885379
0.804951184763813,-0.743736706634509,-0.0292652762289081,0.474313520306404,0.00346851377577133,-0.00284701746762738,-0.000907829812652056
0.765573935454089,-0.688686368150235,-0.0350420545501635,0.531698014611126,0.00578077886275332,-0.00574975878917928,0.00537235887372619
0.646898098083607,-0.556656426920554,-0.0340646362848967,0.524282693193675,0.00679820675991108,-0.0107349537845258,0.00936553227527024
0.428006900744532,-0.38191330642224,-0.0252792112519275,0.487294282355338,0.0080424280107913,-0.0154945781238681,0.00811725056734795
0.154073977520648,-0.173380102690713,-0.019511308992427,0.443668347346503,0.00857741448750559,-0.0160315179591147,0.00224939745641124
-0.109840287804465,0.080517892929409,-0.0191647815914928,0.374293530520234,0.00847772834523516,-0.0142796995851416,-0.00460125639299408
-0.335509945342758,0.361043799430882,-0.0221705588729674,0.277119912225594,0.00931229064458105,-0.0129119233683088,-0.00891343974822574
-0.480513592824549,0.647271023686717,-0.0234148939022511,0.1459223978079,0.0093700867760473,-0.0117093430724729,-0.0081319612363598
-0.560534743386198,0.902870387670548,-0.0227038540037016,-0.00833281010455145,0.00770780557151071,-0.00862922469111042,-0.00291954893312601
-0.599455454095571,1.09903118442376,-0.0222315209997354,-0.161238009751144,0.00574901775167622,-0.00417297716242938,0.00372614496365522
-0.583451229692438,1.2145578596065,-0.0203595524456679,-0.294592774156789,0.00482444781350263,-0.000170230006082387,0.0084415372605929
-0.533046204031288,1.21705407952641,-0.0183814578913552,-0.377996657543259,0.00718636315916419,0.00276734465987142,0.00823305214216576
-0.464824783677111,1.10205913440587,-0.0169431996725851,-0.409209656434736,0.0118899516032768,0.0059952609797777,0.00291863670017662
-0.374026237964592,0.885092961795244,-0.0179157893722678,-0.402336177142204,0.0152539336821634,0.00916194456611014,-0.00422443135567025
-0.28446126677705,0.591888379336913,-0.0238300263234048,-0.364162204070663,0.0167321849856677,0.0100899837607864,-0.00917390338200445
-0.191200929037183,0.271719061527216,-0.0363500562664121,-0.334963505554264,0.0152248583563246,0.00879548819789155,-0.00854350799402671
-0.0990352778719252,-0.0524513911339904,-0.0532123506081269,-0.311281260296011,0.0129223887484779,0.0086917650957122,-0.00321163060803193
-0.0216997701625887,-0.376854801260596,-0.0725726067585837,-0.269064898100873,0.0118539260547555,0.0092814125913787,0.00331869015215275
0.0348852068298054,-0.67369993654811,-0.0900494277271959,-0.21413867973419,0.0108344580633959,0.00792545138037656,0.00799384687915716
0.0511750179777771,-0.924071972449421,-0.0997303425618685,-0.125700791299364,0.0105815078389587,0.00404770677504662,0.00825611222337595
0.041106691930111,-1.12077895659029,-0.108356295628834,-0.00409949907114258,0.0111834695467009,0.000874545255523043,0.00392146997498728
0.0310733561630478,-1.24472875626472,-0.117754100521773,0.113653227742489,0.0118940734291559,-0.00096025015618413,-0.00232663329994428
0.0169504007946692,-1.2755310813299,-0.120881945378012,0.216098537792347,0.013527039996031,-0.00366013207595806,-0.00737905932583402
0.0191297201830262,-1.19982664772663,-0.115433341275233,0.278275603590959,0.0155687428175396,-0.00723181708661165,-0.0083263420812307
0.0639707261351267,-1.02889825410305,-0.104725832073896,0.28566010772666,0.0174660137168308,-0.00839082997887959,-0.0041764131006345
0.13568047166441,-0.778713142222427,-0.0907359754375588,0.268899864522772,0.0193788602951729,-0.00724211052571946,0.0024844119355612
0.23207663619888,-0.458635801939893,-0.0740247898715677,0.25003668079848,0.0208739607683033,-0.00642968586104432,0.00787646670517071
0.334674989166754,-0.110919468279301,-0.0613378223024455,0.253724922800714,0.0234252288370973,-0.00647894958494652,0.00850542043988305
0.42590849067781,0.22119456544403,-0.0553505899549361,0.266416106085335,0.0278765275231334,-0.00515382819527568,0.00404082851318864
0.522834270989889,0.514853215817044,-0.0521399598647369,0.255873224775636,0.0325742024683309,-0.00239244885490396,-0.00274766777425778
0.604238442149275,0.734896130351688,-0.0504838978011376,0.210528205762544,0.0363252290556696,-0.000603030297159318,-0.00830525767276662
0.658565368217361,0.848340042299486,-0.0509890963226481,0.137291833964877,0.0364636301990117,-0.000906979194399658,-0.00885355843098867
0.64210549387644,0.86419766511388,-0.0545524144864643,0.0747980503689769,0.0329574190780107,-0.000644177902622892,-0.00391891837980062
0.512696085665357,0.84209318677006,-0.057613036261594,0.0280504429992119,0.0294099006808715,0.000707441524495424,0.00326914414526469
0.301089048977226,0.813421894047289,-0.0597177852182504,-0.00444327483573748,0.0259541263431499,0.000877405980852282,0.00933812612515398
0.0451514479163888,0.83199311535151,-0.0585047535616394,-0.0447703338328754,0.0251053676879434,-0.000805209357315859,0.0107503171700216
-0.175464091140145,0.908228669544748,-0.054173119182156,-0.122380642213047,0.0278421639179141,-0.000379424805293776,0.0059642954317713
-0.299742634124789,0.949586664365044,-0.0514356281222873,-0.208446260366531,0.0292866849648427,0.00302664628547366,-0.00163393405108302
-0.339283208527191,0.910596472536176,-0.050086719488372,-0.294076061495853,0.0288686979028592,0.00685527994868293,-0.00836294525599725
-0.34345575023157,0.752139516686547,-0.0500962688134758,-0.344223149155647,0.0257010729148519,0.00840559816718509,-0.0108893604063954
-0.364578004011818,0.461355918952054,-0.052859704291239,-0.312901205361174,0.0193985228248745,0.00909680069279095,-0.00719698325640684
-0.419284831545311,0.112749107987267,-0.0565568965391708,-0.242509976779095,0.0149225712213586,0.0107418428028708,0.000368314139729545
-0.486569005134319,-0.25484537827525,-0.0623940462854747,-0.150472062675425,0.0127187952537841,0.0108408242208016,0.00776296482797768
-0.532354804567456,-0.614799275509951,-0.0750442712650338,-0.0664574142408137,0.0117812397134212,0.00709023206323183,0.0110766851051666
-0.55169963591759,-0.900975461145517,-0.0852845120104435,-0.0349935289426283,0.0128251044452804,0.00293485024225253,0.00838799770616612
-0.564108027321512,-1.10487282730888,-0.0875264139278721,-0.0136210376132295,0.0134817923933999,0.00192113888336051,0.0018693213462273
-0.553880805972853,-1.22673913366089,-0.0853975284361425,0.00676649251848037,0.0133722849452446,0.00180760996288068,-0.00571600245746266
-0.495842180644366,-1.26188391484325,-0.0812266258677954,0.00559019241106029,0.0142480903912269,-0.00136045501655839,-0.0112559653143349
-0.41558426130861,-1.25022664471579,-0.0836803979034692,0.0215946750826822,0.0147349781266037,-0.0072467521495424,-0.0103168577107751
-0.330817766792508,-1.16940262443449,-0.0858440733594536,0.0583637157881446,0.0146063846290215,-0.00953414134928886,-0.00385175250857882
-0.219869590688866,-1.0072203005356,-0.0833888468498506,0.0818155203664151,0.0143454106932338,-0.00911823571065876,0.00388940437815301
-0.0928407743745412,-0.794450831804555,-0.0820620021151477,0.089987423900943,0.0120886972765319,-0.00953937117905652,0.00971234199501317
0.0571319062874075,-0.510421598346561,-0.0724122584323584,0.0827170532815294,0.0103936834842398,-0.0113125636244272,0.0104831789152597
0.235256636802071,-0.161961744529467,-0.0516399287331673,0.0776999399119518,0.0111292370112007,-0.0106713240681362,0.0053568162109461
0.4092464602079,0.188288376932499,-0.0327200726767588,0.0860968477169363,0.0118653629442905,-0.00751308675297639,-0.00243103051362653
