0,0,0,0,0,0,0
-0.0576423666571484,-0.000728341150632389,2.21004455298926e-05,-0.00771743306652233,1.05547978942395e-05,4.44641491593522e-05,-2.55064750001768e-05
-0.172772340172511,-0.0021740272340656,6.51496522241787e-05,-0.0231086456752072,3.12522959599238e-05,0.000133188574538367,-7.56654954975174e-05
-0.287438276194731,-0.00358692057518463,0.000104756966127609,-0.0383690203670307,5.07214825616687e-05,0.000221300028493893,-0.00012327893773758
-0.401331673792436,-0.00494581062198891,0.000138672144810708,-0.0534117518713847,6.81702785559077e-05,0.000308385298727398,-0.000166704041439677
-0.514145287109915,-0.00623045459099983,0.000164713056980657,-0.06815067588826,8.28473746790141e-05,0.000394023991605943,-0.000204380252513017
-0.62557364386989,-0.00742194566798636,0.00018079589353585,-0.0825005565769662,9.405952273525e-05,0.000477785131333632,-0.000234863489141491
-0.735313711631686,-0.00850306043574944,0.000184967876572198,-0.0963774190809174,0.000101189412469593,0.000559223508438096,-0.000256861400953189
-0.843065610257692,-0.00945857392401409,0.000175442418123342,-0.109698915993338,0.000103713736018028,0.000637875832754737,-0.000269269243708234
-0.948533411996204,-0.0102755313191004,0.000150636286790425,-0.122384732831592,0.000101220766103651,0.000713257006539075,-0.000271205671392511
-1.05142601822823,-0.0109434648420435,0.000109207869209919,-0.134357027839706,9.34265063022266e-05,0.000784856946693533,-0.000262047337014609
-1.15145811210643,-0.0114545459832086,5.00951997048541e-05,-0.145540900101238,8.01882987665025e-05,0.000852138529174068,-0.000241460830009946
-1.24835118535004,-0.0118036662697543,-2.74478938298557e-05,-0.155864877481085,6.15147229021797e-05,0.000914537325349384,-0.000209430173795786
-1.34183462239925,-0.0119884437460494,-0.000123819369675409,-0.165261412356366,3.7570711440441e-05,0.000971463826258084,-0.000166277907527408
-1.43164682687585,-0.0120091569868338,-0.000239042162761066,-0.173667372201275,8.67704356659037e-06,0.00102230880743781,-0.000112677714135534
-1.51753637000437,-0.0118686128243856,-0.000372744767579143,-0.181024511055461,-2.46962786442324e-05,0.00106645234147517,-4.96566562304213e-05
-1.59926314041874,-0.0115719573813129,-0.000524150795136648,-0.18727990790603,-6.19428531723526e-05,0.00110327671746389,2.14146507607449e-05
-1.67659947384245,-0.0111264420025814,-0.000692078824663897,-0.192386358551054,-0.00010233855992491,0.00113218317751552,9.88451592087468e-05
-1.74933123871178,-0.0105411560710998,-0.00087495360659183,-0.196302708377541,-0.000145065376259262,0.00115261194964032,0.000180660439443693
-1.81725885779968,-0.00982673768996622,-0.00107082943850955,-0.198994115563689,-0.000189239291128871,0.00116406458613027,0.000264653574237634
-1.88019824416213,-0.00899507129460704,-0.00127742631124565,-0.200432236485097,-0.000233941057582782,0.00116612715544894,0.000348448995957508
-1.93798163462593,-0.00805897902969023,-0.00149217918085851,-0.200595328662492,-0.000278248382549018,0.0011584924570497,0.000429577509830599
-1.99045830605462,-0.00703191087307027,-0.0017123003676104,-0.199468270797228,-0.000321268076175973,0.00114097920142009,0.000505559901424121
-2.03749516397825,-0.00592763745268769,-0.00193485454247823,-0.197042504425807,-0.00036216665855921,0.00111354608896141,0.00057399576035837
-2.07897719941401,-0.00475994948978203,-0.00215684497754273,-0.193315906982803,-0.00040019794649354,0.00107629897419185,0.000632653534782396
-2.1148078129798,-0.00354236879903606,-0.00237530869247338,-0.188292611015481,-0.000434726226004696,0.00102948982657593,0.000679557425418303
-2.14490901236539,-0.00228787726768809,-0.00258741693941738,-0.181982787966132,-0.000465243788713034,0.00097350695781419,0.000713066605345755
-2.16922149369813,-0.00100867177324131,-0.00279057627960062,-0.174402416613471,-0.000491381893672466,0.000908856896696203,0.000731942447628281
-2.18770461955083,0.000284046020066157,-0.00298252454413321,-0.165573055376266,-0.000512914623942567,0.000836139236288341,0.000735399972827995
-2.20033630831639,0.00158023614275608,-0.00316141548293385,-0.155521634072793,-0.000529755626246371,0.000756016613511746,0.000723140574490389
-2.2071128487838,0.00287113559116998,-0.00332588605748589,-0.144280274900286,-0.000541948302108069,0.000669182575918836,0.000695364177950741
-2.20804865197874,0.00414931752123464,-0.00347510121133449,-0.131886144952197,-0.00054965058475675,0.00057633034226869,0.000652760242327639
-2.20317594891205,0.00540869294907106,-0.00360877248386946,-0.118381335508891,-0.000553115896188894,0.00047812533414736,0.000596478309355846
-2.19254443976511,0.00664445741156033,-0.00372714884835637,-0.103812757155057,-0.000552672153242599,0.000375183860491538,0.000528080011969081
-2.17622089732168,0.00785298870183708,-0.00383098037916248,-0.0882320358660005,-0.000548700728120164,0.000268059559900548,0.000449475470630331
-2.15428872591551,0.00903170471247093,-0.00392145748589163,-0.0716953946283186,-0.000541617060104609,0.000157238275169544,0.000362847748173409
-2.12684747677834,0.0101788923811041,-0.00400013024892738,-0.0542635066737313,-0.000531854201070921,4.31410825875309e-05,0.000270569458187504
-2.09401232094895,0.0112935195471771,-0.0040688136637117,-0.0360013101714046,-0.000519850033497085,-7.38656384254989e-05,0.000175115728632677
-2.05591348268987,0.0123750412623336,-0.00412948527246184,-0.0169777796769737,-0.00050603832197125,-0.000193454831236368,7.89775469271231e-05
-2.01269563800199,0.0134232110416975,-0.00418418174941645,0.00273434528247786,-0.000490843239862371,-0.000315320177437966,-1.54208939739124e-05
-1.96451728380029,0.0144379059204611,-0.00423490058053253,0.0230588699439827,-0.000474676623021925,-0.000439156478352425,-0.000105797798152878
-1.91155008396386,0.0154189722221758,-0.00428351214821261,0.043916484805585,-0.000457936981117616,-0.000564641013088825,-0.000190079929208529
-1.85397819893288,0.0163660968543414,-0.00433168641325746,0.0652251277461619,-0.000441009247802652,-0.000691417525988309,-0.000266457638718426
-1.79199760476211,0.01727870686464,-0.00438083708891023,0.0869003587166386,-0.0004242643461537,-0.000819084019186216,-0.000333427747727681
-1.72581540590939,0.0181558979721614,-0.0044320848235629,0.10885573914861,-0.000408057839452823,-0.000947185000759102,-0.0003898238977543
-1.65564914555573,0.0189963908428615,-0.00448623954006514,0.131003209417583,-0.000392727176731488,-0.00107520832729562,-0.000434834538032963
-1.5817261155579,0.0197985120769556,-0.00454380081215981,0.153253459420171,-0.000378587278038084,-0.00120258634049596,-0.000468009173772788
-1.50428266745881,0.0205601952072623,-0.00460497407482696,0.175516288520626,-0.000365924400969171,-0.00132870066309241,-0.000489253854006772
-1.42356352311005,0.021278995523186,-0.00466969964401754,0.197700952596224,-0.000354988368190089,-0.00145288981541661,-0.000498817123596897
-1.33982108330268,0.0219521111727724,-0.00473769101019307,0.219716496283334,-0.000345983315095053,-0.0015744587365096,-0.000497267802327153
-1.25331473234111,0.0225764017524957,-0.00480847869748571,0.241472068826418,-0.000339057149567136,-0.00169268933830533,-0.000485465992353602
-1.1643101335123,0.0231483943723088,-0.00488145613029822,0.262877222982036,-0.00033428992610706,-0.00180685137171214,-0.000464528667013192
-1.07307850964797,0.0236642657833861,-0.00495592437293816,0.283842196910437,-0.00033168135679323,-0.00191621310398134,-0.000435791073907999
-0.979895900993679,0.0241197874386142,-0.00503113323684805,0.304278180076948,-0.00033113774904951,-0.00202005157365048,-0.000400765017925402
-0.885042392837701,0.0245102181947286,-0.00510631701236938,0.324097565012792,-0.00033245882083587,-0.00211766246677222,-0.000361094900584776
-0.788801304544702,0.0248301269182476,-0.00518072393516574,0.34321418813061,-0.000335325154219409,-0.0022083699194657,-0.000318512206759021
-0.691458330682667,0.025073125161253,-0.00525363944290207,0.361543564242249,-0.000339287580396336,-0.00229153676163715,-0.000274788973869604
-0.593300626797402,0.0252314899445333,-0.00532440437720963,0.379003120244855,-0.000343760626807787,-0.00236657583055233,-0.000231690678213292
-0.494615837664936,0.0252956617730349,-0.0053924306506468,0.395512433601654,-0.000348023374164139,-0.00243296294395433,-0.000190928952796506
-0.395691068017871,0.0252536188863555,-0.00545721862893517,0.410993481821138,-0.000351232671105604,-0.00249025185127443,-0.00015411463336436
-0.296811803322599,0.0250901635585383,-0.00551838249246258,0.425370908429927,-0.000352455435731634,-0.00253809085695749,-0.000122711847821302
-0.198260799060654,0.0247862195745856,-0.00557569164598153,0.438572309191813,-0.000350728105061998,-0.00257623971245147,-9.79942502377413e-05
-0.100316966590519,0.024318337709919,-0.00562913656673055,0.45052853993973,-0.000345150840782189,-0.00260458375460701,-8.10050704728903e-05
-0.00325429003795445,0.0236587290176915,-0.00567902406463866,0.461174043397023,-0.000335019700824975,-0.00262314031272048,-7.25233669859435e-05
0.0926591857532764,0.0227762523785138,-0.00572609695954749,0.470447185642474,-0.00031998919270408,-0.00263205079553042,-7.30395586808829e-05
0.187162265563445,0.0216387846367477,-0.00577165520035942,0.478290584806796,-0.000300239558075807,-0.00263155196532139,-8.27435731767201e-05
0.280001415103993,0.0202171782462795,-0.00581763287553576,0.484651407827814,-0.000276601785235095,-0.00262192346945518,-0.000101528185192577
0.370931512922022,0.0184904873951478,-0.00586657001575873,0.489481608690739,-0.000250580239795065,-0.00260341668915391,-0.000129007822253817
0.459716624165772,0.0164514205082556,-0.00592142724733813,0.492738091327232,-0.000224224258468042,-0.002576180604588,-0.000164549478429075
0.546130883173915,0.014110412555533,-0.00598523665442715,0.494382802573742,-0.000199845187838989,-0.00254020814201818,-0.000207308830599762
0.629959520813368,0.0114967723747168,-0.00606065187138112,0.494382787300683,-0.000179640834002601,-0.00249532455349673,-0.000256263479376162
0.710999983712252,0.00865624054296253,-0.00614951650089875,0.4927102538182,-0.000165338551313391,-0.00244122550810753,-0.000310237924013882
0.789063012085109,0.0056456145443519,-0.00625257312264818,0.489342690005896,-0.000157966141053591,-0.00237755303086078,-0.000367920421386123
0.863973522393225,0.00252610799403886,-0.00636937961077448,0.484263042403313,-0.000157804390284876,-0.002303983559782,-0.000427877057505565
0.935571187662263,-0.000642726943460672,-0.00649842026766706,0.477459938510269,-0.000164501570419982,-0.00222030162724012,-0.000488570216351434
1.00371070054399,-0.00380728892985759,-0.00663734149716941,0.468927918365711,-0.000177280974257512,-0.00212644324250535,-0.000548386594317705
1.06826171879226,-0.00692215135758244,-0.00678323168254505,0.458667615018125,-0.000195162992279439,-0.0020225060305851,-0.000605676541711857
1.12910863574173,-0.00995047353698138,-0.00693287752961246,0.446685900486083,-0.000217149808608858,-0.00190873473208453,-0.00065880164994437
1.18615017081922,-0.0128633180286923,-0.00708297086305054,0.432995950387412,-0.000242347151030329,-0.00178549199562833,-0.000706187158955726
1.23929886022112,-0.0156384335304284,-0.00723025907788902,0.417617248928894,-0.000270025367261007,-0.00165322498746036,-0.000746374186863222
1.28848047078257,-0.0182589353526309,-0.0073716488598462,0.400575542634482,-0.000299633250070222,-0.00151243456295873,-0.000778067815403328
1.33363335660401,-0.020712117645972,-0.0075042762463039,0.381902756846861,-0.00033078126186223,-0.00136365063677605,-0.00080017798641619
1.37470777612771,-0.0229884885622841,-0.00762555430826872,0.361636888150498,-0.000363208657704446,-0.00120741495876776,-0.000811851193974049
1.411665184716,-0.0250810340353498,-0.00773320601990993,0.339821885547485,-0.00039674509877588,-0.00104427099970143,-0.000812491876238357
1.44447752492097,-0.0269846760430462,-0.00782528641162835,0.316507529208197,-0.000431273563057821,-0.000874759838181703,-0.000801773199728279
1.47312654056468,-0.028695879400575,-0.00790019567541605,0.291749311505643,-0.000466698384689226,-0.000699420602623457,-0.000779637587485249
1.49760313875009,-0.0302123635851788,-0.00795668357265287,0.265608323301448,-0.000502920154903232,-0.000518793987567354,-0.000746287882421608
1.51790682681243,-0.0315328846736184,-0.00799384507953249,0.238151142532776,-0.000539817843079297,-0.000333427461277187,-0.000702170456569399
1.53404524713529,-0.0326570617396316,-0.00801110734561829,0.209449719333596,-0.000577237637016732,-0.000143880991505096,-0.000647951869297875
1.54603382694207,-0.0335852301203628,-0.0080082084546646,0.179581249768373,-0.000614987502430254,4.92676273093052e-05,-0.00058449083765033
1.55389555481741,-0.0343183101058712,-0.00798516896401704,0.14862802987468,-0.000652836210139322,0.000245418488377636,-0.000512807317072567
1.55766088962789,-0.0348576837782633,-0.00794225759342249,0.116677280908395,-0.000690515504643466,0.000443946719094131,-0.000434050400765014
1.55736780202796,-0.0352050882637509,-0.00787995473900529,0.0838209388213864,-0.000727723719196225,0.000644201182505824,-0.000349466641432709
1.55306194225497,-0.0353624510694576,-0.00779890435066771,0.0501554051399501,-0.000764131851015302,0.000845504882248815,-0.000260369638894371
1.54479692741171,-0.0353318139415858,-0.00769987947486188,0.0157812540876921,-0.000799386606172768,0.00104715663320245,-0.000168112659479424
1.53263473312031,-0.0351151819015891,-0.00758373761158098,-0.0191970975717885,-0.000833114346754041,0.00124843406525407,-7.40640437239807e-05
1.51664617546954,-0.0347143746699868,-0.00745138003208337,-0.0546717563522491,-0.000864922936602261,0.00144859764361632,2.04139285715772e-05
1.49691146927805,-0.0341308716466876,-0.00730371592934946,-0.0905317463257372,-0.000894401452303043,0.00164689568161338,0.000113982945616322
1.47352082325123,-0.033365563450782,-0.00714161781721322,-0.126663422291885,-0.000921118212151297,0.00184256970713772,0.000205343301830584
1.44657508704585,-0.032418533195726,-0.00696589349916195,-0.162950893729039,-0.000944616037293256,0.00203486128342023,0.000293246584190874
1.41618639217427,-0.0312887249752453,-0.00677725167327851,-0.199276449307569,-0.000964405605041154,0.00222301939469867,0.000376506332414798
1.38247877782738,-0.0299735297744009,-0.00657627148268053,-0.235520973292437,-0.000979956954983944,0.00240630918333541,0.000454007797910445
1.3455887721523,-0.0284682473326703,-0.00636337457973754,-0.271564346787946,-0.000990689820528138,0.00258402238139775,0.000524717441407249
1.30566590138323,-0.0267653839842589,-0.00613880086712653,-0.307285828945208,-0.000995964038266914,0.00275549003939125,0.000587692772354458
1.26287309903792,-0.0248537383143987,-0.00590259045199141,-0.342564415754312,-0.000995072385667624,0.00292009832047375,0.000642092948960379
1.21738698707393,-0.0227172213072618,-0.0056545766618783,-0.377279177387029,-0.000987240147667495,0.00307730826602543,0.000687190326464307
1.16939800116731,-0.0203333627545345,-0.0053943987301,-0.41130957850589,-0.000971639056280497,0.00322668045464881,0.000722382908961367
1.11911033370905,-0.0176714865536147,-0.00512154865249322,-0.444535788242462,-0.000947428724149996,0.00336790515516331,0.000747207509051113
1.06674166605095,-0.0146906245289698,-0.00483547541687097,-0.47683899003475,-0.000913847111700971,0.00350083748635349,0.00076135349958048
1.0125226564285,-0.0113374372128172,-0.00453578138586486,-0.508101702540562,-0.000870383239807402,0.00362553439380495,0.000764677582986875
0.956696138290415,-0.00754480977739968,-0.00422255774750283,-0.538208119864994,-0.000817078486295084,0.00374228454842688,0.000757221345003343
0.899515952449626,-0.00323250320010147,-0.00389691000093462,-0.567044473768641,-0.000755009775048676,0.00385161173155223,0.000739235849374874
0.841245282257556,0.00168768302918302,-0.00356169899980941,-0.59449940739962,-0.000686988872170153,0.00395421571201686,0.000711221128363856
0.782154287666717,0.00729859808639841,-0.00322242819680071,-0.620464330052022,-0.00061842818450376,0.00405079524622057,0.000673991658264935
0.722516783022526,0.0136524158432889,-0.00288799652103722,-0.644833707022296,-0.00055812607219056,0.00414169095782948,0.000628777038535076
0.662605800675268,0.0207324946723704,-0.00257072010537227,-0.667505255378344,-0.000518413620614196,0.0042263267201958,0.000577351042783664
0.602688321215615,0.0284105606493091,-0.00228481316106428,-0.688380108241981,-0.000513863120075575,0.00430255962744377,0.000522143928587892
0.543020275502894,0.0364206666922378,-0.00204288667307143,-0.707363180327617,-0.000558041677485382,0.00436625520853666,0.00046624395508048
0.483843593929323,0.0443775894234328,-0.00185132810656436,-0.724364088967275,-0.000658990216192608,0.0044115177414024,0.000413185016390373
0.425386529088086,0.0518501772925574,-0.00170697297097815,-0.739298826116406,-0.000815649567488591,0.00443176928264434,0.000366508494708018
0.367866247704808,0.058462274561976,-0.00159745709282282,-0.752091922079449,-0.00101763056322015,0.00442129451879552,0.000329244203881911
0.311490891814161,0.0639698548909311,-0.00150530412536283,-0.762678446395843,-0.00124865782169418,0.00437647541695586,0.00030353756177688
0.256458686210292,0.0682805011263172,-0.00141323841480438,-0.771005296977459,-0.00149151719604271,0.00429616610695622,0.000290546965240739
0.202954178665653,0.0714222829562357,-0.00130795653716071,-0.777031669533617,-0.00173187087951551,0.00418127792685721,0.000290562588415135
0.151143459743161,0.0734929047035049,-0.00118134632815775,-0.780728960751896,-0.00195981369142959,0.00403402875731856,0.000303210320339889
0.101170166437774,0.0746153911848621,-0.00102980678734275,-0.78208041536218,-0.00216962289560934,0.00385726278781196,0.000327635890823956
0.0531530705727528,0.0749104169282751,-0.000852802821470168,-0.781080698415542,-0.00235869096484211,0.00365400789477467,0.000362634075432981
0.00718522124906544,0.0744836902093677,-0.000651456248738368,-0.777735439016801,-0.00252638609994915,0.00342725646949781,0.000406732978461265
-0.0366657176075563,0.0734229094273482,-0.000427503385221553,-0.772060725293429,-0.00267317044955961,0.00317989092520648,0.000458255324061109
-0.0783562970761727,0.071799416500397,-0.000182651246800893,-0.764082521377663,-0.00280002849930628,0.00291468088318683,0.00051537347185071
-0.117865543888602,0.0696714854765075,8.17528297958701e-05,-0.753835993079295,-0.00290814274135482,0.00263430519551359,0.000576166191217837
-0.155192826968509,0.0670877049790254,0.000364840043856141,-0.741364748272111,-0.00299873297183359,0.00234137478666165,0.000638678697272991
-0.190355449581473,0.0640898533774514,0.000666207697941129,-0.726720012794114,-0.00307299087891795,0.00203844613677594,0.000700983901420663
-0.223386068479796,0.0607150530257182,0.000985841054505431,-0.709959767201712,-0.00313206578451771,0.00172802503016118,0.000761241210555374
-0.25433000394962,0.0569973946339034,0.00132398723415739,-0.691147878895868,-0.00317707072288698,0.00141255767942374,0.000817749657185145
-0.283242537910441,0.0529690035485826,0.0016810232626998,-0.670353256826594,-0.00320909693525803,0.00109441522280621,0.000868991918290934
-0.310186255912925,0.0486607415319126,0.00205732227444936,-0.647649054550721,-0.00322922751476217,0.00077587240977405,0.00091366730597904
-0.335228499812353,0.0441026312230989,0.00245312906009195,-0.62311194299814,-0.00323854726310656,0.000459083444342494,0.000950712520775443
-0.358438986788181,0.0393240843187729,0.00286845103347513,-0.596821468076534,-0.00323814782226538,0.000146057433178918,0.000979309967251987
-0.379887641082694,0.0343539951009314,0.0033029687908777,-0.568859502710993,-0.00322912831859606,-0.00016136437644576,0.000998884283847327
-0.399642675229972,0.0292207453106695,0.00375596902865591,-0.539309797715576,-0.00321259228450127,-0.000461527730370552,0.00100908843917712
-0.417768948400133,0.0239521542668244,0.00422630134254615,-0.508257630120586,-0.00318964180188661,-0.000752979466778315,0.00100978126853913
-0.434326619160095,0.0185753994964989,0.00471235914307675,-0.475789544802382,-0.00316136981065111,-0.00103447563993008,0.00100099865734488
-0.449370101365691,0.0131169265126259,0.00521208365062232,-0.441993181844729,-0.00312885143418361,-0.00130498323334788,0.000982920730736795
-0.462947324275846,0.00760236146465614,0.00572298870610571,-0.406957180106542,-0.00309313504034418,-0.00156367551506073,0.000955837399735873
-0.475099290650654,0.00205643677046137,0.0062422030757768,-0.370771147716757,-0.00305523360995799,-0.00180992150972417,0.000920114469978095
-0.485859922439708,-0.00349706368635667,0.00676652621508466,-0.333525687185089,-0.00301611683680223,-0.00204327043212333,0.00087616227037813
-0.495256179291585,-0.00903533593959975,0.00729249308523733,-0.29531246170471,-0.00297670425060677,-0.00226343217113273,0.000824408438680292
-0.503308433408556,-0.014536563847334,0.00781644377193188,-0.256224277695082,-0.00293785953735911,-0.00247025509615449,0.000765276123897414
-0.510031083961696,-0.0199799100660394,0.00833459445521058,-0.216355120634364,-0.00290038612736256,-0.00266370261752556,0.00069916841802064
-0.515433388700278,-0.0253455074403861,0.0088431077367307,-0.175799997218223,-0.00286502404443035,-0.00284383007139952,0.00062645926303417
-0.519520466969516,-0.0306144823723907,0.00933816213373874,-0.134654297217425,-0.00283244800625955,-0.00301076354626754,0.000547490342342039
-0.52229435848191,-0.0357690144002359,0.00981601827491541,-0.093012544624241,-0.00280326711432456,-0.00316468092376746,0.000462573268975865
-0.523754983205831,-0.0407923081202808,0.0102730681989843,-0.0509674717998013,-0.00277802722790593,-0.00330579175525806,0.000371998396625535
-0.523901067369149,-0.0456683129143638,0.0107058530495292,-0.00861098942896006,-0.00275721676867142,-0.00343431289295947,0.000276053552745169
-0.522731359616801,-0.0503813155543936,0.0111110637500056,0.033963551929014,-0.00274127462381462,-0.0035504454462504,0.000175051714242795
-0.52024622953566,-0.0549156837960628,0.0114855526643328,0.0766600462874067,-0.00273059859250843,-0.00365436038318365,6.9361912461978e-05
-0.516449399775567,-0.0592557851430036,0.0118263590893458,0.119379717415427,-0.00272555500387883,-0.00374619122031453,-4.05597221394781e-05
-0.511349623366956,-0.0633859547734357,0.0121307376716221,0.162021676794649,-0.00272649082632393,-0.00382602896856311,-0.000154138758451651
-0.50496227829632,-0.0672904528155109,0.0123961857271449,0.204483410965541,-0.00273374878761541,-0.00389391726438091,-0.000270651654590064
-0.49731089174638,-0.0709534103639514,0.0126204709803851,0.246661123292874,-0.0027476854549624,-0.00394984731655184,-0.000389197073093336
-0.488428592993846,-0.074358776112838,0.0128016619158244,0.288449983341609,-0.00276869196971875,-0.00399375252248254,-0.000508671641620981
-0.478359488934315,-0.0774902857492214,0.0129381668775079,0.329744322574517,-0.00279721706657442,-0.00402550214336763,-0.000627752803667809
-0.467159898431034,-0.0803313893017201,0.0130287578250383,0.370437800162996,-0.00283379090095612,-0.00404489557040625,-0.000744890928641864
-0.454899493690078,-0.0828652616562547,0.0130726218878903,0.410423531225824,-0.00287904998717678,-0.0040516540683476,-0.000858314203300178
-0.441662244600174,-0.0850747714546755,0.0130693952963962,0.449594183055398,-0.00293376077385196,-0.00404541324893727,-0.0009660479081618
-0.427547163784317,-0.0869424540894194,0.0130191952045997,0.487842027761134,-0.00299884118492124,-0.00402571572136471,-0.00106595050335325
-0.412668807033245,-0.0884504617697543,0.0129226399221419,0.525058944280625,-0.00307537894299205,-0.00399200536443645,-0.00115576778603329
-0.397157486370868,-0.0895804667660498,0.0127808509486421,0.56113636946705,-0.00316464613471234,-0.00394362474790909,-0.00123320547171942
-0.381159151340495,-0.0903134834784356,0.0125954296762658,0.595965204671281,-0.00326811040604165,-0.00387981734489731,-0.00129601925591076
-0.364834893202581,-0.0906295606476369,0.0123684015740253,0.629435696880881,-0.00338744452524265,-0.00379973594028178,-0.00134211987612564
-0.348360030152894,-0.0905072744413519,0.0121021211186901,0.661437324190069,-0.00352453774545973,-0.00370245792209146,-0.00136968900662601
-0.331922739013885,-0.0899229233515967,0.0117991316521937,0.691858726615408,-0.00368151426356569,-0.00358700683770963,-0.00137730014971377
-0.315722211435271,-0.0888492819950299,0.011461975673645,0.720587731824892,-0.00386076577355435,-0.00345237765158892,-0.00136403723837538
-0.299966332264557,-0.0872537061496247,0.0110929528970263,0.747511527000167,-0.00406500609239591,-0.00329756057275479,-0.00132960265286897
-0.284868903731063,-0.085095286494993,0.0106938261402071,0.772517023947684,-0.00429735518839652,-0.0031215551955696,-0.00127440599014493
-0.270646472362048,-0.0823206126148915,0.0102654800095339,0.795491453727333,-0.00456145607601814,-0.00292336313355354,-0.00119962536358007
-0.257514857097769,-0.0788575233856481,0.00980754727523528,0.816323212094473,-0.00486161805072468,-0.00270194350037966,-0.00110723432636041
-0.24568552939847,-0.0746059918741887,0.00931803864137198,0.834902963572209,-0.00520295822432512,-0.002456111889829,-0.000999989668734641
-0.235362065764617,-0.0694250808483352,0.00879305431093426,0.851125006875256,-0.0055914705094297,-0.00218436107260411,-0.000881378167827387
-0.226736988074434,-0.0631149065679218,0.00822673911224001,0.864888919089542,-0.00603387088745035,-0.00188458374853285,-0.000755523497934053
-0.219989429282268,-0.0553932912887532,0.00761179393112334,0.876101544838253,-0.00653692795042697,-0.00155369288223109,-0.000627057212366591
-0.215284175140847,-0.0458694732803072,0.00694109763329775,0.884679491813791,-0.00710577390884805,-0.001187182666204,-0.000500958596649826
-0.212772573647993,-0.0340241565062777,0.0062112902620516,0.890552425990371,-0.00774044954713541,-0.000778788938056011,-0.000382364853417314
-0.212595107316331,-0.0192192912622643,0.00542927637915918,0.893667535010454,-0.00842991184388774,-0.00032063694563168,-0.000276342484319731
-0.214883168768534,-0.000782012491120365,0.00462181169129122,0.893995262750976,-0.00914359234366106,0.00019540512752072,-0.000187593032119789
-0.219752986511801,0.0217804112671666,0.00384541236289594,0.891535326344368,-0.00982339413734859,0.000774279088353183,-0.000120055943194538
-0.227280047584827,0.0484200139419691,0.0031884782274554,0.886319969931778,-0.0103837755540009,0.00141204346469704,-7.64100181204501e-05
-0.237447761091964,0.0781748090147704,0.00275433371602649,0.878409959918179,-0.0107297365818103,0.00209018162080661,-5.76070952474918e-05
-0.250090677021019,0.109094230783382,0.00262320806167872,0.867881424567169,-0.0107928741037499,0.00277491478,-6.27302416788631e-05
-0.264882231272319,0.138705032033351,0.00281383332124909,0.854809015605035,-0.0105649511901021,0.0034251291226957,-8.94052454773237e-05
-0.281397657938005,0.16481722157353,0.00327529092304383,0.839256143955527,-0.0101015101063718,0.00400531640372838,-0.000134591612516856
-0.299214136491516,0.186125652106296,0.00391509632485166,0.821278313390871,-0.00949276102847828,0.00449474882751447,-0.000195250127872503
-0.317979246996985,0.202288811803377,0.00463828244911711,0.80093472015144,-0.00882681014028931,0.00488816599723887,-0.000268570974540995
-0.33742151017566,0.213632142692828,0.0053720330079259,0.778298553953828,-0.00816811289665863,0.00519070910521423,-0.000351871143954605
-0.357325853078997,0.22078557466045,0.00607102261830401,0.753460975834873,-0.00755412763430659,0.00541211727355636,-0.000442427983548304
-0.377504540121742,0.224431222708809,0.00671182087048703,0.726529723010903,-0.00700158835073582,0.00556285126253085,-0.00053740102584068
-0.397778081986151,0.225180606773221,0.00728482952715015,0.697625315237703,-0.00651447705288674,0.00565230665422088,-0.000633855701124159
-0.417967102203011,0.223537221232693,0.007787781837808,0.66687700733496,-0.00609018281965478,0.0056883414359723,-0.000728846766455312
-0.437891346411431,0.219900254172282,0.00822159469503525,0.634419375546612,-0.00572332187036421,0.00567740063337663,-0.000819519783330575
-0.45737212916489,0.214582570212531,0.0085880910638177,0.600389689876625,-0.00540778503972785,0.00562482043732603,-0.000903204889777889
-0.476235877363765,0.207830370406058,0.00888891521897664,0.564925956759594,-0.00513769261441194,0.00553512613585703,-0.000977490733117302
-0.494317581766949,0.199839960990778,0.00912512196397701,0.528165473222646,-0.00490775437065821,0.00541226312991641,-0.00104027481126741
-0.511463660363543,0.190770698590079,0.00929711526089622,0.490243761971015,-0.0047133378749248,0.00525975468369757,-0.0010897910108033
-0.527534088994029,0.180754526703764,0.00940475374929144,0.451293793199927,-0.00455041127789247,0.00508079891385716,-0.00112461743096464
-0.542403812237481,0.169902856610302,0.00944752732641792,0.411445425455658,-0.00441544485427885,0.00487832128211752,-0.00114366864192456
-0.555963507996334,0.158311505974801,0.00942475685731663,0.370825014436065,-0.00430531049405539,0.00465499721298532,-0.0011461768642593
-0.568119795642347,0.146064262112775,0.00933579370981945,0.329555147534587,-0.00421719502508707,0.00441325642086357,-0.00113166644582281
-0.578794975783756,0.133235486272871,0.00918020766559706,0.287754465417434,-0.00414853181259927,0.00415527753774283,-0.00109992560260006
-0.587926380671683,0.119892051509716,0.0089579570823853,0.24553753249292,-0.00409694986082312,0.00388297909983445,-0.00105097878081491
-0.595465402544694,0.10609481291124,0.00866953738475718,0.203014715301274,-0.00406023754442577,0.00359801091720501,-0.000985062261940222
-0.601376263255142,0.0918997500148011,0.00831610745548759,0.160292021283953,-0.00403631766604485,0.00330174824399964,-0.000902604900963802
-0.605634508559953,0.0773588124561174,0.00789957690003145,0.11747086046916,-0.00402322957783828,0.0029952900950819,-0.000804214643339389
-0.608225362976334,0.0625206195833453,0.00742268207694514,0.0746476369197489,-0.0040191171805945,0.00267946171050113,-0.000690671858425197
-0.609141807732961,0.047430929637743,0.00688901579583771,0.0319131731902544,-0.00402221808711781,0.00235482132735794,-0.000562928252348532
-0.608382432094785,0.0321329886472328,0.00630302848147152,-0.0106479942713432,-0.00403085261114844,0.00202167124538218,-0.000422111391568052
-0.605949057104397,0.0166679255639232,0.00567000450841662,-0.052958014335415,-0.00404340991242469,0.00168007630199505,-0.000269535622757855
-0.601844382391464,0.0010757279468525,0.00499604089317678,-0.0949444782761258,-0.00405832852380955,0.00132990138225395,-0.000106724754654911
-0.596070513522368,-0.014602193652184,0.00428808340428443,-0.136535090204782,-0.0040740684407388,0.00097089287583159,6.45414872455893e-05
-0.588629670412816,-0.0303184485320641,0.00355405016803824,-0.177647603421602,-0.00408907497714085,0.000602820547414008,0.00024215184565677
-0.579526849879251,-0.0460156260982368,0.002802920510444,-0.218181839053925,-0.00410174185150029,0.000225631192240775,0.000423592424483927
-0.568771497831829,-0.061626512835375,0.00204457756598445,-0.258022965311697,-0.00411038201344867,-0.000160474421828628,0.000605937578072478
-0.556376116576157,-0.0770778067386866,0.0012894092929992,-0.297053098764397,-0.00411320337784622,-0.000555038851635712,0.000785907730291445
-0.542353176900462,-0.0922932275555937,0.000547880822788947,-0.33516044530627,-0.00410828104621599,-0.000957335429962093,0.000959948467819552
-0.526712367638314,-0.1071943230824,-0.000169795924812437,-0.372242168111394,-0.00409352484697982,-0.00136630799761489,0.00112430694312208
-0.509458769560525,-0.121699798476453,-0.000853904178580544,-0.408203617272282,-0.00406664707583354,-0.00178048381041904,0.00127511407002875
-0.490591765376644,-0.135724276667367,-0.00149540562509852,-0.44295651504995,-0.00402513563027017,-0.00219788682714328,0.00140848493130039
-0.470104480258237,-0.149176803244243,-0.00208607416580175,-0.476417112151487,-0.00396623651619783,-0.00261596747698779,0.00152064267437414
-0.447983673741998,-0.16195908044645,-0.00261858071414882,-0.508504531481151,-0.003886948894248,-0.00303155698594342,0.00160806541167612
-0.424210135984739,-0.173963200386477,-0.00308652229441549,-0.539139294788464,-0.00378403902329786,-0.00344085338289425,0.00166765128652456
-0.398759610094533,-0.185068805141173,-0.00348442712732434,-0.568242033354843,-0.00365407845395599,-0.00383943381180384,0.0016968951916208
-0.371604360232778,-0.195139346118303,-0.00380775445493636,-0.595732412224205,-0.00349352781501496,-0.00422229468155176,0.00169406690253744
-0.3427154140405,-0.204017392290225,-0.00405295988483893,-0.621528349274481,-0.00329890084027063,-0.00458390835980177,0.00165837987407265
-0.312065429517006,-0.211519144812318,-0.0042177247197314,-0.645545622265409,-0.00306707641926741,-0.00491828695320974,0.00159013875910431
-0.279631916946271,-0.217429035575879,-0.00430149437193004,-0.667697953425761,-0.00279587234148629,-0.00521904904712314,0.00149085354648771
-0.245400132497147,-0.221496818031793,-0.00430651190122355,-0.687897634120345,-0.00248504689708746,-0.00547950612521174,0.00136330766141073
-0.209364265740704,-0.223442401839215,-0.00423952367997447,-0.706056701898383,-0.00213791310031502,-0.00569283064256781,0.0012115646774789
-0.171524625849676,-0.222977889897409,-0.00411415949798825,-0.722088601728131,-0.00176362738682402,-0.00585244084584642,0.00104089110079478
-0.13187797486924,-0.219859849779985,-0.00395344959771432,-0.73591014030435,-0.00137975403669716,-0.00595281046966537,0.000857560916624202
-0.0903996104592396,-0.21398104342412,-0.00379090350469066,-0.74744339641987,-0.00101374618892021,-0.00599087910702017,0.000668501083491473
-0.0470216106976586,-0.205488264587744,-0.00366750505783934,-0.756617202934703,-0.000700881691477436,-0.00596791028844639,0.000480764885351957
-0.0016213042572057,-0.194869164620421,-0.00362256274203388,-0.763368073965399,-0.00047647423176401,-0.0058909466759062,0.000300916719649885
0.0459616024799466,-0.182920608553218,-0.00368044627111933,-0.767641005981514,-0.000363738757661184,-0.00577245897076611,0.0001345480578432
0.0958750783261317,-0.170559020500096,-0.00384081555985083,-0.769390895133014,-0.000364045570182923,-0.00562744295599663,-1.38363522725404e-05
0.148195528282909,-0.158557514982225,-0.00407993722723547,-0.768584851189821,-0.000456963901256922,-0.00546918467956918,-0.000140552871147012
0.202893365404072,-0.147366630419072,-0.00436236550846737,-0.76520485652816,-0.000610242909549044,-0.00530619064283664,-0.000242384985434714
0.259836136266122,-0.13710038341698,-0.00465446342932108,-0.759249904054156,-0.000792277263265546,-0.00514171490522037,-0.000316457265667891
0.318814749031427,-0.127640414388172,-0.00493235056603609,-0.750737127917114,-0.000979923597718454,-0.00497525281450561,-0.000360400876750931
0.379572005878334,-0.118763351833727,-0.00518320475974173,-0.739701983193843,-0.00116015678660862,-0.0048045165305839,-0.000372657638055004
0.441822665761475,-0.110232784125302,-0.00540284262688897,-0.726197775570944,-0.00132799061532541,-0.00462691916130481,-0.000352749641256862
0.505264477302,-0.101845905659926,-0.00559253325736191,-0.710294784391805,-0.0014834070263265,-0.00444036216835272,-0.000301427884477307
0.569583610742726,-0.0934482002115596,-0.005756494318752,-0.692079090117869,-0.0016287720538755,-0.00424350957643334,-0.000220690381623552
0.634457697726031,-0.084931720528356,-0.00590034453287196,-0.671651152541544,-0.0017671235970531,-0.00403578396543639,-0.000113694987827014
0.699558307773742,-0.0762272845172486,-0.00603029441669403,-0.649124189064783,-0.00190121033484572,-0.00381724497592101,1.5400930565438e-05
0.764553570684671,-0.0672957726003355,-0.00615278050919388,-0.624622425442553,-0.0020330424762851,-0.00358843382561802,0.000161645500031838
0.829111043180393,-0.0581205492697548,-0.00627432072944107,-0.598279303167661,-0.00216375021461835,-0.00335021964729553,0.000319519239102315
0.892900679774388,-0.0487014922741199,-0.00640145814285473,-0.570235718730452,-0.00229361179498859,-0.0031036607860194,0.000483166383371441
0.955597727803787,-0.0390505030914636,-0.00654072567298286,-0.540638346977649,-0.00242216762125772,-0.00284988564560437,0.000646617794956877
1.01688540753032,-0.02918820216949,-0.00669860197730434,-0.509638074797769,-0.00254837287781987,-0.00258999534020207,0.000803996636915546
1.0764572993463,-0.0191415169125393,-0.00688144674010092,-0.477388550600124,-0.00267076249574902,-0.00232499003542218,0.000949701400331781
1.13401941295927,-0.0089419269749785,-0.0070954107530466,-0.444044843542856,-0.00278761402104274,-0.00205572059715268,0.00107856358807543
1.18929194506571,0.00137580857054941,-0.00734631887619445,-0.409762206112284,-0.00289709994871289,-0.00178286641624529,0.00118597932979163
1.24201074442151,0.0117745700787371,-0.00763952623306012,-0.374694940729704,-0.00299742397698051,-0.00150693900272081,0.00126801547179276
1.29192850308182,0.0222155370354522,-0.00797975145495745,-0.338995380044004,-0.0030869370660835,-0.00122830932602525,0.00132149138180819
1.33881568420245,0.0326586614883761,-0.0083708954325364,-0.302812997799632,-0.00316423016601329,-0.000947255186646286,0.00134403799882981
1.38246118804104,0.0430630132989494,-0.00881585879933601,-0.266293668434777,-0.00322820157698181,-0.000664023392502626,0.0013341357248206
1.42267275342951,0.0533870442823123,-0.00931637483165697,-0.229579087108519,-0.00327809835064326,-0.000378900401664123,0.0012911327372004
1.45927709420239,0.0635888085486337,-0.00987287535962187,-0.192806348649919,-0.0033135328887868,-9.22845374034869e-05,0.00121524527855331
1.49211978240268,0.0736261776698586,-0.0104844083961718,-0.156107667304717,-0.00333447794134417,0.000195246698131208,0.00110754163098602
1.52106487731058,0.0834570084009462,-0.0111485997551261,-0.119610202839909,-0.00334124349472011,0.00048288212179757,0.000969910469103764
1.54599437831012,0.0930393979078341,-0.0118616994892724,-0.0834359460269229,-0.00333444320759092,0.000769536790882274,0.000805016592284692
1.5668075018355,0.102331890427196,-0.012618668588099,-0.0477016153544567,-0.00331495417995522,0.00105383339232916,0.000616243581607797
1.58341985608599,0.111293699420053,-0.0134133157868953,-0.012518520947029,-0.00328387613644156,0.00133410557652666,0.000407624896428854
1.59576255734811,0.119884918995585,-0.0142384649013666,0.022007630238665,-0.00324249347202144,0.00160842423821881,0.000183763472088708
1.60378132799482,0.128066713043907,-0.015086136610159,0.0557769904022565,-0.00319224172477931,0.00187464604475304,-5.02605148805271e-05
1.60743560268214,0.135801473259565,-0.0159477308861749,0.0886958637034664,-0.00313467774423677,0.00213048220777689,-0.000288994499617167
1.60669765149294,0.143052960404214,-0.0168142056068389,0.120676986571867,-0.00307145031447666,0.00237358460487816,-0.000526732164773323
1.60155173124563,0.149786346422969,-0.0176762262157484,0.151639731308442,-0.00300426889829191,0.00260164240674523,-0.000757645729722267
1.59199323345463,0.155968333033664,-0.0185243316728849,0.181510154686535,-0.00293486178597876,0.00281248719394978,-0.000975933712561609
1.57802784820424,0.161567205215754,-0.0193490828926984,0.210220836432,-0.00286492345290391,0.00300419462874423,-0.00117598106384741
1.55967073936,0.166552915849607,-0.0201412216599546,0.237710470442384,-0.00279604722652292,0.00317517587670988,-0.0013525294102529
1.53694575939954,0.17089720697022,-0.020891843211093,0.263923214782665,-0.00272964476269491,0.00332424897315008,-0.00150085186031759
1.50988475034438,0.174573782534685,-0.0215925848957362,0.288807852312464,-0.0026668571440764,0.00345068140779604,-0.00161692477007647
1.4785269905105,0.177558538689382,-0.0222358270551193,0.312316860040997,-0.00260846589775047,0.00355419733154986,-0.00169758704807292
1.44291885069019,0.179829844769308,-0.0228148955069555,0.334405513597506,-0.00255481466159051,0.00363494637347217,-0.0017406765801423
1.40311371079289,0.181368855136544,-0.0233242496750923,0.355031160611321,-0.00250575284221102,0.00369343577385873,-0.00174513358110812
1.35917215798738,0.182159820968295,-0.0237596378457727,0.374152778091875,-0.00246061100706912,0.00373043263245966,-0.00171106228159229
1.31116244781973,0.182190364399213,-0.0241182019087286,0.391730883835853,-0.00241821409157085,0.00374684754002343,-0.00163974519718333
1.25916116948498,0.181451677114679,-0.024398518163953,0.407727811774772,-0.00237693348151734,0.00374361375815157,-0.00153360791723156
1.20325402638187,0.179938611854057,-0.0246005673971539,0.422108299868573,-0.00233477376141124,0.00372157677884601,-0.00139613629060052
1.14353662588653,0.177649646974404,-0.0247256350730159,0.434840292628394,-0.00228948559079713,0.00368140737513994,-0.00123175141366573
1.0801151805143,0.174586719187233,-0.0247761497349329,0.445895836223145,-0.00223869371580747,0.0036235475354467,-0.00104565043527595
1.01310704774913,0.170754935448439,-0.0247554735465818,0.45525194814534,-0.00218002894303079,0.00354819375397971,-0.000843622600573884
0.942641072789352,0.166162190352528,-0.0246676629804852,0.462891371634492,-0.00211125479214588,0.00345531699330144,-0.000631850182119869
0.868857733078802,0.160818729187878,-0.0245172199318412,0.468803167279027,-0.00203038281353871,0.00334471410616546,-0.000416703228492881
0.791909119300583,0.15473671088454,-0.0243088544054594,0.472983138036585,-0.00193577426004886,0.00321608224127028,-0.000204535829498843
0.711958803777914,0.147929839531881,-0.0240472795013397,0.475434119488506,-0.00182622899392545,0.0030691060364024,-1.49020194523614e-06
0.629181642392424,0.140413148890255,-0.0237370577046635,0.476166187196518,-0.00170106442266605,0.00290354723290908,0.000186686350325574
0.543763551087887,0.132203041571181,-0.0233825140055546,0.475196833213992,-0.00156018747393053,0.00271932755811581,0.000354807441582134
0.455901272999636,0.123317697735337,-0.0229877255386487,0.472551148858599,-0.00140416096094049,0.00251659795421053,0.000498393012897675
0.365802129708585,0.113777970400669,-0.0225565888099622,0.468262024460885,-0.0012342623065553,0.00229579008176593,0.000613790939500455
0.273683738111614,0.103608864404494,-0.0220929542941402,0.462370346884442,-0.00105252790852099,0.00205764900500298,0.000698271901804995
0.179773670028408,0.0928416391678085,-0.0216008052195331,0.454925149326059,-0.000861771183417148,0.00180324850779593,0.000750094931170396
0.0843090439683965,0.0815164706688505,-0.0210844448622016,0.445983651376672,-0.000665557750128497,0.00153399207432209,0.000768541556342648
-0.0124639436926059,0.0696854521515429,-0.0205486477548524,0.43561112396076,-0.000468119051381489,0.00125160279049886,0.000753917224259583
-0.110290523039602,0.0574155228359552,-0.0199987286228653,0.423880525423032,-0.000274188106581035,0.000958104236058316,0.000707519678548672
-0.20890785781222,0.04479073261259,-0.0194404918441343,0.410871880794926,-8.87499642889639e-05,0.000655792297851899,0.000631575273482957
-0.308045544887025,0.0319131467456664,-0.0188800449947479,0.396671411708852,8.32846951494021e-05,0.00034719568933425,0.000529145792099464
-0.40742614030095,0.0189017475187283,-0.0183234902120685,0.381370463507028,0.000237453583003401,3.50220877192075e-05,0.000404010152492094
-0.506765795307458,0.00588895272066655,-0.0177765398171484,0.365064311240816,0.000370115020216155,-0.000277911774663418,0.000260527229589477
-0.605775120511804,-0.0069851729612927,-0.0172441276592609,0.347850947415242,0.000478757025070735,-0.000588763906376741,0.000103487492658399
-0.704160389540908,-0.0195803951772592,-0.0167300950908659,0.329829954429249,0.000562185260108211,-0.000894757508847901,-6.20382419107224e-05
-0.801625137376558,-0.0317644029114888,-0.0162370156255247,0.311101541448811,0.000620552467970704,-0.00119326664949179,-0.000230845319131961
-0.897872118508988,-0.0434202470394452,-0.0157661888519093,0.291765784399983,0.000655225038960718,-0.00148188451667002,-0.000397731379205464
-0.992605493581551,-0.0544519927402656,-0.0153177933593453,0.271922062092881,0.000668517135520961,-0.00175846437072153,-0.000557619322045008
-1.08553305905044,-0.0647878777081718,-0.0148911539581344,0.251668642669595,0.000663347899047109,-0.00202112931154536,-0.000705667226571043
-1.17636833394408,-0.0743808196314327,-0.0144850603860236,0.231102354007194,0.000642885645994412,-0.00226825411450525,-0.000837367506511452
-1.26483236154903,-0.083206614769163,-0.0140980755211932,0.21031827333529,0.00061023464251833,-0.00249842823357333,-0.000948638453215297
-1.35065515371966,-0.0912604839395219,-0.0137287863300815,0.189409390545313,0.000568200884798479,-0.00271041221194477,-0.00103591085268896
-1.43357678987829,-0.0985527641946091,-0.0133759731532211,0.168466220027022,0.000519150472946575,-0.00290309820609018,-0.00109621092361138
-1.5133481918188,-0.105104371194197,-0.0130386929616997,0.147576379990886,0.000464956781868847,-0.00307548565574916,-0.0011272389185677
-1.5897316739434,-0.110942639467528,-0.0127162897119036,0.12682415382461,0.000407018270564524,-0.00322667409295731,-0.00112744091990137
-1.66250132477268,-0.116097823683318,-0.0124083527892244,0.106290075857737,0.000346325587951915,-0.00335587436288883,-0.00109607006371271
-1.73144328330832,-0.120600421762732,-0.0121146476358059,0.0860505739253735,0.000283556268540277,-0.00346243408687653,-0.00103323277026439
-1.79635595757705,-0.124479335484577,-0.0118350405436126,0.066177691240322,0.000219179313559256,-0.00354587091182868,-0.000939915615695521
-1.85705021814669,-0.127760793871788,-0.011569434631432,0.0467388950877311,0.000153557147374309,-0.00360590591916923,-0.000817989110810026
-1.9133495888003,-0.130467912726524,-0.0113177277916974,0.0277969650039255,8.70374841849986e-05,-0.0036424897436106,-0.000670185671680448
-1.9650904469599,-0.132620740997114,-0.011079797245418,0.00940994339620931,2.00316129208309e-05,-0.00365581524539727,-0.000500050263130078
-2.01212223796891,-0.134236643448658,-0.0108555102564041,-0.00836887061509648,-4.69219168934941e-05,-0.00364631267123781,-0.000311863386674071
-2.05430769745447,-0.135330883331873,-0.0106447571117257,-0.0254908968241016,-0.000113108265417554,-0.00361462577727857,-0.000110537163348338
-2.09152306587761,-0.135917293801287,-0.0104475008141737,-0.0419122186334539,-0.000177602239537575,-0.00356157003902997,9.85137962682853e-05
-2.12365827217277,-0.136008958422332,-0.0102638377807256,-0.0575934812785998,-0.000239250448784172,-0.00348807655234089,0.000309524186084626
-2.15061705986675,-0.135618854565307,-0.0100940646357959,-0.0724997155853708,-0.00029667191179361,-0.0033951273034023,0.000516549034884754
-2.17231703299761,-0.134760443996986,-0.00993874722136346,-0.0866000550965403,-0.000348279731211299,-0.00328368896662894,0.000713649543408835
-2.18868961127828,-0.13344821782443,-0.00979878859553234,-0.0998673221100322,-0.000392325773297175,-0.00315465311055486,0.000895088122256801
-2.19967990237456,-0.131698214452436,-0.00967549270698131,-0.112277478076014,-0.000426968354703129,-0.00300879051044598,0.00105552571212137
-2.2052465203422,-0.129528527761141,-0.00957061964259179,-0.123808962818324,-0.000450359947593089,-0.00284672608468141,0.00119021317492295
-2.20536139845311,-0.126959809309017,-0.00948642724499073,-0.13444197947666,-0.0004607484416913,-0.00266893878206361,0.00129516754118309
-2.2000096548956,-0.124015747082042,-0.0094256931374123,-0.14415780906708,-0.000456582387122567,-0.00247578771143033,0.00136732349038202
-2.18918956687824,-0.120723480744614,-0.00939171142725041,-0.152938251761844,-0.000436608780485538,-0.00226756228871899,0.00140465090671665
-2.17291269008844,-0.117113884594056,-0.00938826006114678,-0.160765287540334,-0.000399951959979523,-0.00204455082624625,0.00140623081125353
-2.1512041395291,-0.113221716395002,-0.00941953728829063,-0.167621017822155,-0.000346164691780931,-0.0018071185801873,0.00137228472942183
-2.12410299698359,-0.10908547160727,-0.00949007057756116,-0.173487923075568,-0.00027524583395256,-0.00155578614465096,0.00130415515475458
-2.09166279816468,-0.104747026119705,-0.0096046035375702,-0.178349406157641,-0.000187624513876694,-0.00129129741922171,0.00120423908846362
-2.0539520217502,-0.100251028415611,-0.0097679701838073,-0.18219056247136,-8.41149522710982e-05,-0.00101466898171836,0.00107587939479809
-2.0110545001568,-0.0956440955556814,-0.00998496653088312,-0.18499908413156,3.41504571069938e-05,-0.000727215077364556,0.000923221566934625
-1.96306968252579,-0.0909738830226856,-0.0102602288528886,-0.186766196648316,0.000165800729703461,-0.00043054582760703,0.000751045149458699
-1.91011270414402,-0.0862881093348573,-0.0105981257964091,-0.187487536389576,0.000309309887227952,-0.000126539602973762,0.000564579696209792
-1.85231424376947,-0.0816336113469793,-0.0110026686141475,-0.187163901713631,0.000463077843765532,0.0001827067006619,0.000369314824139051
-1.78982017803241,-0.0770554889499487,-0.0114774408438863,-0.185801842292398,0.000625504505067589,0.000494943775816447,0.000170812916562544
-1.72279106381354,-0.0725963743517336,-0.012025546372678,-0.183414082026397,0.000795055601264403,0.000807845653293605,-2.54683688224091e-05
-1.65140149009487,-0.0682958378437426,-0.0126495733040663,-0.180019794547474,0.000970320713702293,0.00111908812742851,-0.000214338152742105
-1.57583934051134,-0.0641899243754489,-0.0133515703877579,-0.175644762743497,0.00115006493156979,0.0014264233410846,-0.000391014754678678
-1.49630500047045,-0.0603108060705523,-0.0141330327620218,-0.170321454708645,0.00133327557799527,0.00172774491511817,-0.000551245541145798
-1.41301053061867,-0.0566865345849068,-0.0149948941466291,-0.164089040349693,0.00151920472051893,0.0020211392144147,-0.0006914023192601
-1.32617880955867,-0.0533408811594454,-0.0159375232540921,-0.156993359157354,0.00170740710526535,0.00230491976766707,-0.000808551307660992
-1.23604263496279,-0.050293258355521,-0.0169607228522926,-0.149086835461997,0.00189777208850042,0.00257764338157513,-0.000900497536004356
-1.14284376002796,-0.0475587221163201,-0.0180637306369524,-0.140428326567664,0.00209054741870682,0.00283810804901036,-0.000965804318687756
-1.04683183441057,-0.0451480539507354,-0.0192452218182008,-0.131082884312041,0.00228635252597033,0.00308533423748295,-0.00100378924278744
-0.948263210757692,-0.0430679199675616,-0.0205033141619267,-0.121121412173801,0.00248617936675588,0.00331853243896761,-0.00101449888237771
-0.847399574560836,-0.0413210973329386,-0.0218355770059705,-0.110620207759045,0.00269137974170886,0.00353706082569077,-0.000998665145739457
-0.744506346763099,-0.0399067510329485,-0.0232390465521368,-0.0996603914100301,0.00290363920284336,0.00374037739726492,-0.000957646701154603
-0.639850799216298,-0.0388207370771723,-0.0247102503063552,-0.0883272336685476,0.00312493894814851,0.00392799106097993,-0.000893359246355772
-0.533699817878393,-0.0380559041625787,-0.0262452437839053,-0.0767094057167255,0.00335750826856994,0.0040994156473969,-0.000808198448897542
-0.4263172905065,-0.0376023655248083,-0.0278396617214023,-0.0648981909389099,0.0036037708888791,0.00425412995954015,-0.000704959262415405
-0.317961261459039,-0.0374477148334236,-0.0294887827833175,-0.0529867200938412,0.0038662886211381,0.00439154567288046,-0.000586755196424248
-0.208881480998294,-0.0375771610816909,-0.0311875976280595,-0.0410693459896953,0.00414770430002402,0.00451098341732097,-0.000456941350045444
-0.0993190480428758,-0.0379735484734877,-0.0329308502845295,-0.0292413758009999,0.00445068147383049,0.00461165617489159,-0.000319045965162249
0.010488848654401,-0.0386171984053805,-0.0347129969983321,-0.0175994691579225,0.00477783016702797,0.00469265975563612,-0.000176716012539799
0.120296664137046,-0.0394854789265398,-0.0365280315876907,-0.00624284058716999,0.00513160180926123,0.00475297415502142,-3.36788643476963e-05
0.229834031424673,-0.0405520362563635,-0.0383692222754355,0.0047253123968251,0.0055141487150332,0.00479148741323967,0.000106290756040796
0.338795968391533,-0.0417858418709826,-0.0402289465599309,0.0151974946761958,0.0059271736458268,0.00480704523581459,0.000239422285680065
0.446847947447208,-0.0431503219577307,-0.0420987776895069,0.0250635205700526,0.00637181014040321,0.00479852349636559,0.000362036401390371
0.553641488873634,-0.0446027854555628,-0.0439697718556652,0.0342133740081935,0.00684854297890214,0.00476489974232159,0.000470657706831242
0.658829917350814,-0.0460940951866394,-0.0458327864559074,0.042540077448491,0.00735715008685785,0.00470531184076873,0.000562130918256806
0.762078935324829,-0.0475684765281053,-0.0476787319279435,0.0499420074637629,0.00789664876104262,0.0046191022944394,0.000633726945538731
0.863072580481779,-0.048963448286128,-0.0494987579131088,0.0563247726587398,0.00846524486674894,0.00450585191863158,0.000683236122142314
0.961516811876153,-0.0502099504531789,-0.0512844065813264,0.0616029173967122,0.00906029240324686,0.00436540563829959,0.000709048826809139
1.05714230511357,-0.0512327893302528,-0.0530277567471931,0.0657016006225732,0.00967827196878158,0.00419789166506529,0.000710222313919326
1.14970716506105,-0.0519515429317425,-0.0547215671090366,0.0685582757490003,0.0103147951957764,0.00400373484629625,0.000686530852999053
1.23899970240946,-0.0522820786867738,-0.0563594158353726,0.0701243229610345,0.0109646401308074,0.00378366514192855,0.000638495532525264
1.32484111310908,-0.0521388269606983,-0.0579358273177857,0.0703665512154728,0.0116218201297993,0.00353872240398314,0.000567390347350654
1.40708774629973,-0.051437918776924,-0.0594463743934294,0.0692684793942907,0.0122796862258115,0.00327025854950419,0.000475222209406401
1.48563256981623,-0.0501012264259825,-0.0608877447237981,0.0668313140266356,0.0129310601515978,0.00297993774014202,0.000364684008725985
1.56040541856202,-0.0480612392603814,-0.0622577626731676,0.0630745585377824,0.0135683925110489,0.00266973437226502,0.000239081535014207
1.6313716404134,-0.045266571223708,-0.0635553623000172,0.0580362124317821,0.0141839383575316,0.00234192770434247,0.000102236704301065
1.69852884393752,-0.0416877476393944,-0.0647805121169399,0.0517725439608544,0.0147699410421416,0.00199909098963917,-4.16290953530211e-05
1.76190159640643,-0.0373227812191546,-0.0659340970263786,0.0443574443642673,0.0153188148646995,0.0016440722779242,-0.000188026743340003
1.82153411128105,-0.0322019480566958,-0.0670177664458971,0.0358813928381684,0.0158233178899254,0.00127996376913371,-0.000332340871522577
1.87748118582139,-0.026391138901988,-0.0680337596399147,0.0264500781559455,0.016276708195842,0.000910056859424176,-0.000469975616377907
1.9297978703009,-0.0199932054591595,-0.06898471945655,0.0161827345681178,0.016672879430032,0.000537780886471597,-0.000596499328824378
1.97852854400131,-0.0131468502942453,-0.0698735043988132,0.00521025681032017,0.0170064744286832,0.000166625032939036,-0.000707783300981981
2.02369621217783,-0.00602281201741246,-0.0707030068048033,-0.00632683857954781,0.0172729782752742,-0.000199955219311265,-0.000800130046274649
2.06529289934289,0.00118264624928579,-0.0714759825378938,-0.0182805396564513,0.0174687940694509,-0.000558643434643137,-0.000870387195305193
2.10327198812936,0.00825665845088009,-0.0721948956174444,-0.030497493126052,0.0175913055153039,-0.000906373427076568,-0.000916043643017667
2.13754323917906,0.0149805328963936,-0.0728617801092004,-0.0428211364016381,0.0176389301048208,-0.00124043839690265,-0.000935305223179476
2.16797102971456,0.021141606853541,-0.0734781213767954,-0.0550937717517047,0.017611165201183,-0.00155858874139294,-0.00092714790833562
2.1943760893365,0.0265452484628428,-0.0740447594730041,-0.0671585634120599,0.0175086270385872,-0.00185910897965794,-0.000891347349046119
2.2165407133263,0.0310260181837614,-0.0745618186492048,-0.0788614558809816,0.0173330799468951,-0.00214086518694171,-0.000828484422973471
2.23421712436137,0.0344570492040659,-0.0750286681855443,-0.0900530253873706,0.0170874505122929,-0.00240331656928369,-0.000739927279371877
2.24713836554518,0.0367568586041691,-0.0754439204233936,-0.100590282522642,0.0167758194749777,-0.0026464881198275,-0.000627791048559709
2.25503087716474,0.0378930458149483,-0.0758054715855094,-0.110338440460062,0.0164033834423928,-0.00287090529197816,-0.000494876862792222
2.25762776435604,0.037882644472193,-0.0761105893680544,-0.119172648091832,0.015976379338557,-0.00307749569792576,-0.00034459209490605
2.25468172503933,0.0367892294854116,-0.0763560483870794,-0.12697966368243,0.0155019669767471,-0.00326746640203464,-0.000180853812624172
2.24597668441105,0.0347171972594636,-0.076538310777467,-0.133659417472769,0.0149880690104235,-0.00344216790887488,-7.97748862047853e-06
2.23133736200991,0.0318038891230793,-0.0766537451660869,-0.13912638749546,0.0144431722061846,-0.00360295710812882,0.000169446857044564
2.21063625320682,0.0282103825599146,-0.0766988737118092,-0.143310699574762,0.0138760986903162,-0.00375107116551667,0.000346688560826956
2.18379779787951,0.0241118160740108,-0.0766706345112062,-0.146158864530933,0.013295759722232,-0.00388752276790879,0.000519017133424667
2.15079979199664,0.0196880471484538,-0.0765666457182951,-0.147634085026243,0.012710906973855,-0.00401302455378902,0.000681846024522562
2.11167233361315,0.0151152928481936,-0.0763854580309906,-0.147716098650299,0.012129896884736,-0.00412794737024488,0.000830874447123157
2.06649475961065,0.0105592049660246,-0.0761267832623193,-0.146400566810581,0.0115604824763466,-0.00423231357620049,0.000962221560864963
2.0153911152713,0.00616962353956266,-0.0757916879241169,-0.143698062800374,0.0110096443759068,-0.00432582330373851,0.00107254683308826
1.95852470942012,0.00207706451150597,-0.0753827417207489,-0.139632749157152,0.0104834691913544,-0.00440790869104635,0.00115915045458381
1.8960922613172,-0.00160915127715066,-0.0749041115969903,-0.134240857607115,0.00998707935770297,-0.00447780883995014,0.00122004839291824
1.82831806217998,-0.00480132279176945,-0.0743615929338367,-0.127569091360613,0.00952461457766902,-0.00453465681981045,0.00125401803439814
1.75544847273562,-0.00743260076243699,-0.0737625712630267,-0.119673059568375,0.00909926133317182,-0.00457756956665144,0.0012606122884134
1.67774697529024,-0.0094553031271686,-0.0731159109756124,-0.11061583082225,0.00871332390718003,-0.00460573204565823,0.00124014228238051
1.59548990486233,-0.0108385864994437,-0.0724317720128405,-0.100466662239908,0.00836832810488681,-0.00461846847431133,0.00119363107245294
1.50896290357859,-0.0115657245537496,-0.0717213609846917,-0.0892999289173549,0.0080651475275648,-0.00461529552903293,0.00112274282618939
1.4184580836843,-0.0116312109617879,-0.0709966287163569,-0.0771942515121749,0.00780414191926807,-0.00459595496054326,0.00102969343961027
1.3242718434773,-0.0110378647065259,-0.0702699308031446,-0.0642318005961161,0.00758529771978423,-0.00456042555844528,0.00091714936585195
1.22670324885045,-0.00979407272282966,-0.0695536704251566,-0.0504977456256497,0.00740836236809986,-0.00450891658591012,0.00078812149796855
1.12605288959671,-0.00791126196053166,-0.0688599431201918,-0.036079816027716,0.00727296591773213,-0.00444184640420454,0.000645860358110629
1.02262212022815,-0.00540165359347218,-0.0682002013746779,-0.0210679468317531,0.00717872577350852,-0.00435981090432438,0.000493757742613405
0.916712599767889,-0.00227631782644316,-0.0675849532319379,-0.00555398917279722,0.0071253325413586,-0.00426354656759883,0.000335258565373317
0.808626066701136,0.00145647892155182,-0.0670235045850972,0.0103685239807203,0.00711261686042471,-0.00415389262050571,0.000173785164209389
0.698664307603717,0.00579266097636257,-0.0665237500872522,0.0266045582698743,0.00714059842334301,-0.00403175601014338,1.26749522462213e-05
0.58712930730247,0.0107335004793702,-0.0660920134378737,0.0430576998013111,0.00720951910523127,-0.00389808200253894,-0.000144868857665951
0.474323589241274,0.0162865818966284,-0.0657329346131289,0.0596302123157485,0.00731986220490048,-0.00375383224422956,-0.000295814607137713
0.36055080248272,0.0224666037616834,-0.0654493996866203,0.0762230217572984,0.00747235925640953,-0.00359997128343941,-0.000437329322165001
0.246116644511784,0.0292960315437246,-0.0652425082386648,0.0927356242143097,0.00766798479951369,-0.00343746183148282,-0.00056679761961398
0.131330224024,0.036805592568103,-0.065111573695221,0.109065922743783,0.00790793797739356,-0.00326726844575782,-0.00068183451414584
0.0165059684649306,0.0450345719685297,-0.0650541534686727,0.125110012931766,0.00819360804619307,-0.00309036878890716,-0.00078029423012704
-0.0980338896745463,0.0540308315300723,-0.0650661081770857,0.140761963062905,0.00852651910649014,-0.0029077710096214,-0.000860277053544493
-0.211956321318956,0.0638504304013272,-0.0651416925433117,0.155913664932303,0.00890824791314343,-0.00272053505841571,-0.000920136077277796
-0.324914216418459,0.0745566802623523,-0.0652736844271053,0.170454861125706,0.00934030790351483,-0.00252979484759758,-0.000958485378725617
-0.436543138566085,0.0862184190174297,-0.0654535619009633,0.184273472713659,0.00982399294441142,-0.00233677716341482,-0.000974210714056852
-0.546458478696491,0.0989072350802819,-0.065671740005381,0.197256345193024,0.0103601759032797,-0.00214281234394173,-0.00096648332303247
-0.65425335410585,0.112693329262037,-0.0659178774906159,0.209290505413227,0.0109490604706325,-0.00194933105109936,-0.000934777159429152
-0.759497578052536,0.127639680503968,-0.0661812584218345,0.220264982282379,0.0115898901086986,-0.00175784118958017,-0.000878889984324239
-0.861738058847745,0.143794214770117,-0.066451243940919,0.230073195549868,0.0122806261504611,-0.0015698793825615,-0.000798969298319676
-0.96050109650655,0.161179802235551,-0.0667177761351662,0.238615861597785,0.0130176180437073,-0.00138693272229534,-0.000695544859325365
-1.05529717612909,0.17978216073159,-0.0669719002896283,0.245804297524325,0.0137953016936506,-0.00121032918246167,-0.000569570146309054
-1.1456289435742,0.199536146413494,-0.0672062561864887,0.251563925804174,0.0146059746714391,-0.00104109934981018,-0.000422475110768011
-1.23100298537341,0.220311450655735,-0.0674154773678664,0.255837697464308,0.0154397059849868,-0.000879817931158618,-0.000256231401372112
-1.31094575974712,0.241899330838913,-0.0675964342604546,0.25858908204033,0.0162844385728714,-0.000726440085119482,-7.34285264472375e-05
-1.38502346713099,0.264002539074505,-0.0677482674325171,0.259804242555342,0.017126329877541,-0.000580153681773915,0.000122644923721334
-1.45286486819769,0.28623089019324,-0.0678721834870939,0.259493051854328,0.0179503476301116,-0.000439272152331603,0.000327926459733549
-1.51418517190744,0.308104727453432,-0.067971026064539,0.257688728948536,0.018741096214843,-0.00030119179595971,0.000537528427068524
-1.56880834486689,0.329067777581111,-0.0680486799850724,0.254446070876785,0.0194838011077576,-0.000162431238295826,0.000745731484268672
-1.6166848087358,0.348509578515935,-0.0681094051624759,0.249838492376059,0.0201653371000612,-1.87597174607083e-05,0.000946044494369404
-1.65790170194587,0.365796059427618,-0.068157215091693,0.243954298548659,0.0207751634542363,0.000134592640462908,0.001131348021953
-1.69268373191435,0.380305351130661,-0.0681954045724883,0.236892741937254,0.021306034942993,0.000302661895728957,0.00129412899919372
-1.72138395539321,0.391464913306697,-0.0682262940689708,0.228760411587374,0.0217543924083827,0.000490442165873059,0.00142680069136221
-1.74446528831856,0.398785855574436,-0.0682512052272626,0.219668368223473,0.0221203918578556,0.000702571737005666,0.00152208766184882
-1.76247478209028,0.401890911293992,-0.0682706303674263,0.209730221049289,0.0224075922417162,0.000943039200086996,0.00157344327034038
-1.77601345450518,0.400533673983364,-0.0682845235745527,0.199061108203464,0.0226223735083535,0.00121492840431012,0.00157546021410813
-1.78570465494414,0.394608078844097,-0.0682926301508949,0.187777361624151,0.0227731873327691,0.00152021357430648,0.00152423431525625
-1.79216367142115,0.38414838068688,-0.0682947828511957,0.175996547117943,0.0228697493868442,0.00185961015596535,0.00141764806661979
-1.79597073821613,0.369320842259919,-0.0682911184738962,0.16383757252813,0.0229222675459749,0.00223248352493815,0.00125555175094754
-1.79764895496804,0.350408943406151,-0.0682821957899488,0.151420621647294,0.0229407728965149,0.00263681605180676,0.00103983362165956
-1.79764799280119,0.327794190811339,-0.0682690168663374,0.13886675831143,0.0229345889707199,0.00306923209096855,0.000774383804111954
-1.7963338817532,0.301934623531433,-0.0682529652375329,0.126297119293733,0.0229119469906552,0.00352507947116229,0.000464966790810606
-1.79398464912998,0.273342935494496,-0.0682356777800687,0.113831661624571,0.0228797357470752,0.00399856481628419,0.000119023158305812
-1.79079111194818,0.242565815538828,-0.0682188668994016,0.101587454595028,0.0228433654936351,0.00448293876316476,-0.000254577934146499
-1.78686173980331,0.210165667816664,-0.0682041100370595,0.0896765259830658,0.0228067246588954,0.00497072613769947,-0.000645817109177385
-1.78223023726893,0.176705356958885,-0.0681926266902707,0.0782033062933395,0.0227722133916828,0.00545399522531085,-0.00104382151645929
-1.77686439245552,0.142736073871356,-0.068185068491282,0.0672617761352793,0.0227408454729736,0.00592465878041437,-0.00143717417224309
-1.77067483443753,0.1087879057827,-0.0681813526707743,0.0569325087785176,0.022712416606956,0.00637479650835435,-0.00181423577613846
-1.76352264661968,0.0753622955764717,-0.068180569920858,0.0472798958377995,0.0226857398446486,0.00679698387831684,-0.00216348196211298
-1.7552252713558,0.0429253652041248,-0.0681809915643284,0.0383499190170359,0.0226589461953695,0.00718460565537501,-0.00247385842363477
-1.74556074824516,0.0119011151300187,-0.0681801873604085,0.0301688495613058,0.0226298400086909,0.00753212603748833,-0.00273515200197792
-1.73427094598017,-0.0173361816648551,-0.0681752462731671,0.0227431898011821,0.0225962858666976,0.00783528337464023,-0.00293836833733293
-1.72106493400702,-0.0444705343525567,-0.0681630726003407,0.0160610070131966,0.0225565898018283,0.00809117910262962,-0.00307609774459695
-1.70562385050717,-0.0692532211835065,-0.0681407147623993,0.0100945685415282,0.0225098274080988,0.00829823984755524,-0.00314284307581324
-1.68760845667838,-0.0915110856950859,-0.0681056787487835,0.00480392148659105,0.0224560698114083,0.00845604863374588,-0.00313527921011767
-1.66667002146478,-0.111152656770898,-0.0680561847585638,0.000140846080919159,0.0223964687791847,0.00856506286810399,-0.00305241558100272
-1.64246437507897,-0.128170634044249,-0.0679913418815589,-0.00394747782476214,0.0223331841935031,0.00862625801123517,-0.00289564143955269
-1.61466812723679,-0.142639725100829,-0.0679112360564838,-0.0075156761209267,0.0222691661217526,0.00864075057653333,-0.0026686469940851
-1.58299541648619,-0.154709571400242,-0.0678169440199881,-0.0106186127876376,0.0222078320692195,0.00860945791950332,-0.00237722906740434
-1.54721332472656,-0.164593336084949,-0.0677104951667461,-0.0133110842920529,0.0221526995614743,0.00853284422867341,-0.00202900370027484
-1.50715430130501,-0.172553204095671,-0.0675948025891594,-0.0156484922648166,0.0221070395657335,0.00841078500572626,-0.00163305706297551
-1.46272449288464,-0.178884388138057,-0.0674735764466565,-0.0176879803201492,0.0220736066725466,0.00824256138972057,-0.00119956864231812
-1.41390757088334,-0.183899191718755,-0.067351221993547,-0.0194894313293771,0.0220544812034439,0.00802697638666115,-0.000739437357406257
-1.36076428250262,-0.187912326344837,-0.0672327159136007,-0.0211157812114362,0.0220510329148262,0.00776257110645293,-0.000263933878904426
-1.30342837990251,-0.191228164868114,-0.0671234511207792,-0.022632284567948,0.0220639922548912,0.00744791154900909,0.000215606641750898
-1.2420997494348,-0.194130102341922,-0.0670290425246181,-0.0241046173179957,0.0220935979023817,0.00708191412897396,0.000688045943196211
-1.17703551018898,-0.196871816569885,-0.0669550930996435,-0.0255959689628045,0.0221397807054953,0.00666417875977216,0.00114265958476392
-1.10853966758995,-0.199670039403292,-0.0669069285505216,-0.0271635163787472,0.022202343995759,0.00619529986888437,0.00156931551544714
-1.03695168917403,-0.20269847171531,-0.0668893174456401,-0.0288548466656081,0.0222811070075671,0.00567712706255402,0.00195862272589374
-0.962634209542918,-0.206082656567206,-0.0669061999534899,-0.030704981938917,0.0223759895987192,0.005112948478816,0.0023020588158047
-0.885960022208754,-0.209895894413621,-0.0669604510417753,-0.0327346362248297,0.0224870303242384,0.00450757226319703,0.00259208415821415
-0.807298584973773,-0.214156557417996,-0.0670537027752555,-0.0349501977154767,0.0226143439451692,0.00386728648777653,0.00282224808283249
-0.727002429735465,-0.218827356484362,-0.0671862454439876,-0.0373456881168076,0.0227580365331703,0.00319968633425932,0.00298728947266265
-0.645394070302545,-0.223817172128478,-0.0673570194740407,-0.0399066351604643,0.0229181045212388,0.00251336962426676,0.00308323078757977
-0.56275417256115,-0.228985947691485,-0.0675637006049911,-0.0426154564192708,0.0230943468094494,0.00181751667121092,0.00310746132548368
-0.479311819847786,-0.234152870765674,-0.0678028710775661,-0.04545765952409,0.0232863155853368,0.00112138553963177,0.00305880317263832
-0.395237626761632,-0.239107689127138,-0.0680702610316979,-0.0484279838936829,0.0234933221996895,0.000433765988935192,0.00293755244611199
-0.310640224632629,-0.243624606747843,-0.0683610382951666,-0.051535592138788,0.023714500832436,-0.000237558297494643,0.0027454895486962
-0.225566299733802,-0.247477880471122,-0.0686701222526026,-0.054807580019575,0.0239489174052661,-0.000886290942741575,0.00248585525119666
-0.140003983298036,-0.250458067428395,-0.0689924990304163,-0.0582903829812946,0.0241956972926213,-0.0015080081922184,0.00216329389449782
-0.0538890763093499,-0.252387891596548,-0.0693235205995077,-0.0620490463509158,0.0244541354656173,-0.00210042297153521,0.00178376985583603
0.0328865992255258,-0.253136884707329,-0.069659178834736,-0.0661647100960363,0.0247237484422815,-0.0026635179063209,0.00135446738217871
0.12046543135639,-0.25263424560588,-0.0699963555819378,-0.0707309535010096,0.0250042290822029,-0.00319955038832215,0.000883686056646133
0.209013365634834,-0.250879660198381,-0.0703330597026736,-0.0758497974989305,0.0252952721901069,-0.0037129399126013,0.000380743948242507
0.298708582754111,-0.247952046979251,-0.0706686698919264,-0.081628147102954,0.0255962498923635,-0.00421004803217037,-0.000144102061172425
0.389729329290704,-0.244016269262207,-0.0710042058595615,-0.0881752867316924,0.0259057299169253,-0.00469885528598922,-0.000679714031800787
0.482240360848658,-0.239327747097574,-0.0713426481200733,-0.0956017437563401,0.0262208469675823,-0.0051885302834138,-0.00121411083901549
0.576377168878721,-0.234234590317238,-0.0716893157592915,-0.104019450313707,0.026536557550158,-0.00568887776592786,-0.00173449656677901
0.672227075300935,-0.229176369430502,-0.0720522901067491,-0.113542704957342,0.0268448325040644,-0.00620965015814788,-0.00222729954182246
0.769806481025136,-0.224677989930293,-0.0724428389712645,-0.124289015556458,0.0271338689140886,-0.00675971573831919,-0.00267825219350731
0.869034148643415,-0.221336449610704,-0.0728757521925914,-0.136378559582806,0.0273874320748881,-0.00734609961012527,-0.00307255047814514
0.9697015054134,-0.219797742219895,-0.0733694504554605,-0.14993082087088,0.0275844642919576,-0.00797295140143166,-0.00339513596604395
1.07144259416082,-0.220721149353526,-0.0739456873004061,-0.165057061872118,0.0276991133159266,-0.00864054061055682,-0.00363114044223787
1.17370832003441,-0.224729054023891,-0.0746286468239242,-0.181847769758081,0.0277013305669335,-0.00934442450630381,-0.0037665190613794
1.27575158684128,-0.232342624388987,-0.0754432674612545,-0.200355112902902,0.0275581605627744,-0.0100749569772727,-0.00378887298607524
1.37663098983908,-0.243907439522779,-0.0764127131806653,-0.22057168367414,0.027235784021174,-0.0108172927869812,-0.00368842897727068
1.47523993228823,-0.259518032699739,-0.0775550747331647,-0.2424081579805,0.0267022871886853,-0.0115519828346732,-0.00345910829014943
1.5703644847644,-0.278955298806356,-0.0788796061643591,-0.265673621918693,0.0259310093002257,-0.0122561608848085,-0.00309958833336284
1.66076687183821,-0.301653800676626,-0.0803830558504314,-0.290062818911922,0.0249041701060899,-0.0129052147826158,-0.00261424304279538
1.74528327917561,-0.326714811077464,-0.0820468798616579,-0.315154140272999,0.0236163129167265,-0.0134747434707918,-0.00201384184162692
1.82291738095639,-0.352973599238947,-0.083836236476606,-0.340420673673797,0.0220769592257865,-0.0139425438820191,-0.00131588944970934
1.89290820274709,-0.379116249690538,-0.0857015346892975,-0.365254181983551,0.0203118414725323,-0.0142903536549557,-0.000544499133053533
1.95475556079622,-0.403825724014041,-0.0875828496344813,-0.388999067811078,0.0183622488648689,-0.0145050954549112,0.000270284546156644
2.00819837746764,-0.425925341089692,-0.0894167456949369,-0.410991169324718,0.0162824011843016,-0.0145794308535957,0.00109375391486146
2.05315653803794,-0.44448663584257,-0.0911441804432519,-0.430595660268948,0.0141352356151386,-0.0145115441168998,0.00188837335794594
2.08965877287676,-0.458879653717591,-0.0927175729002916,-0.447239760857524,0.0119873371619994,-0.0143042337985595,0.00261608048764706
2.11778155393715,-0.4687627733545,-0.0941051590114806,-0.460438589320547,0.0099038064778599,-0.013963559160023,0.00324087391616198
2.13761610026481,-0.474027590055127,-0.0952915369752796,-0.46981461521391,0.00794367002219887,-0.0134974100498557,0.00373143613932424
2.14926654494647,-0.474724584909227,-0.096274589575066,-0.475111472656189,0.0061561839287727,-0.0129143828261178,0.00406348360145595
2.15286907148873,-0.470994456546297,-0.0970602469822336,-0.476201482132604,0.00457823536541273,-0.0122232242410021,0.0042215179152155
2.1486151875314,-0.463020690280849,-0.0976572518410239,-0.473084700580132,0.00323301203720229,-0.0114328832737228,0.00419970576673635
2.13676420152134,-0.451006804756611,-0.0980738742263587,-0.465877441752668,0.0021300632660422,-0.0105529794312753,0.00400175703919904
2.11763800487967,-0.435172217189833,-0.0983175139552196,-0.45479046112861,0.00126670531025275,-0.00959436159587183,0.00363987189194771
2.09160052270395,-0.415756732271544,-0.0983968501163001,-0.440100184921093,0.00063045822145713,-0.00856945063784578,0.00313301605490805
2.05903022446703,-0.393024985009693,-0.0983252721027824,-0.422118603821313,0.000201980655397526,-0.00749220248786728,0.00250488708859617
2.0202951134463,-0.367266267081214,-0.0981240897461628,-0.401167580601573,-4.20838895441619e-05,-0.00637770578929551,0.00178192467978557
1.97573674001562,-0.338789250538673,-0.097824389554906,-0.377561497001282,-0.000126804347863416,-0.00524155100596414,0.00099162098902022
1.92566548099365,-0.307913539664778,-0.0974670364046221,-0.351599459104124,-7.74217569094478e-05,-0.00409913800237795,0.000161256172054863
1.87036571407842,-0.274960521492228,-0.097100880373744,-0.323565829305269,8.14453612764956e-05,-0.00296504420203655,-0.000682933034346505
1.81010752346974,-0.240245326306653,-0.0967795565611831,-0.293736299879855,0.000326032471874754,-0.00185250115850225,-0.00151622327935167
1.74516107562386,-0.204070688457795,-0.096557380647404,-0.262386150488104,0.000633357930564713,-0.00077296636175853,-0.00231562422015638
1.67581021129448,-0.166722682724024,-0.0964848530053072,-0.229797509017621,0.000981114785546686,0.00026424755651147,-0.00305996713021095
1.60236256099332,-0.128467915477899,-0.0966042907404781,-0.196263087889927,0.00134774574412647,0.00125231030886465,-0.00372996917755631
1.52515431136661,-0.0895517262992361,-0.0969461477808964,-0.162084812828138,0.00171284332501632,0.00218716313198713,-0.00430835409881411
1.44454860988751,-0.0501971492092392,-0.0975266205481113,-0.127566917017814,0.0020579156536565,0.0030677005783889,-0.0047800747746713
1.36092758880418,-0.0106046162794656,-0.0983470834922809,-0.0930043641324442,0.00236744309794532,0.00389575842809507,-0.00513264169883765
1.27467915796283,0.0290474791728757,-0.0993956700670505,-0.05866872196019,0.00263003994992447,0.00467582735719757,-0.00535651824382067
1.18618092198409,0.0686012712662734,-0.100650892103482,-0.0247945423833687,0.00283945764491853,0.00541445734934525,-0.00544550720536597
1.09578447737173,0.10791704433564,-0.102086666132527,0.00843043601308864,0.00299515401874142,0.00611939227041515,-0.00539703436181324
1.00380353510009,0.146870287246277,-0.103677678579006,0.0408685894996683,0.00310222578297327,0.00679855202209542,-0.00521224308426146
0.910508543972671,0.185348626360208,-0.105403874699469,0.0724280267999417,0.00317064742076969,0.00745902944669819,-0.00489585111554231
0.816128898498069,0.2232490999554,-0.107253093495409,0.103051237693897,0.00321393408442065,0.00810626734048303,-0.00445577669961526
0.720861908739984,0.260476141015893,-0.10922141021209,0.132699180786192,0.00324748761068229,0.00874352601401845,-0.00390259730476748
0.624886158129024,0.296940507971858,-0.111311366787063,0.16133415394162,0.00328694590218455,0.00937166592672658,-0.00324894061642883
0.528376181437201,0.332559317001123,-0.113528731197912,0.188904756584448,0.00334682565122563,0.00998918749615705,-0.00250891366799373
0.431515647570208,0.367257313931049,-0.115878600513347,0.215335439929842,0.00343965302541574,0.0105924210430235,-0.00169765436618638
0.334507169627453,0.400969539595292,-0.118361570938432,0.240521968045762,0.00357566055328012,0.0111757566330712,-0.000831052229613283
0.237578056142493,0.433645520171268,-0.120970464969901,0.264332989682744,0.00376302845765429,0.0117318408217333,7.43545066170713e-05
0.140982382557291,0.465254983943223,-0.123687872265797,0.286617074017866,0.00400858144111487,0.0122517285540376,0.00100133144470589
0.0450005177860953,0.495794804971537,-0.126484620815699,0.307213990661242,0.00431881254328489,0.0127250447380795,0.00193180079738021
-0.0500623575332749,0.525296371488853,-0.129319273462247,0.325968573835022,0.00470107741344974,0.0131402647182149,0.00284666363864092
-0.143877119105474,0.553831882721313,-0.13213880556463,0.342745038970062,0.00516476864314993,0.0134852515152303,0.00372567749367539
-0.236089522562196,0.581517278440496,-0.134880685120897,0.357439057640849,0.00572223505639693,0.0137481756220377,0.00454749032416743
-0.326316065057906,0.608508829307787,-0.137476551723085,0.36998440263291,0.00638916825168392,0.0139188759547507,0.00528994048279014
-0.414136879083482,0.634990250447669,-0.139857490757638,0.380350962005168,0.00718417246478124,0.0139905906207153,0.00593072102638504
-0.499087021076504,0.661148038561945,-0.141960496717751,0.388531972890969,0.00812731059217909,0.0139618071050311,0.00644845837724583
-0.58064920397092,0.687134923050595,-0.143735198000753,0.394520877196183,0.00923761204290516,0.0138378037508351,0.00682415792928143
-0.658252605186305,0.713024684158386,-0.145149498066931,0.398282030969473,0.0105298182822465,0.0136313656173454,0.00704283423984354
-0.731283222605763,0.7387651401768,-0.146192770486317,0.399723332468573,0.0120109350142942,0.0133622479576276,0.00709501836902466
-0.799110739727758,0.764138290458148,-0.146875808854495,0.39868059007518,0.0136773136188414,0.013055255405863,0.00697779141355479
-0.861134836820644,0.78873629175129,-0.147227735316674,0.394921419739876,0.0155128993314293,0.0127372135351707,0.00669508382321589
-0.916850649111982,0.811959459947125,-0.147291031821145,0.388170737804099,0.0174889923780388,0.0124334500769366,0.00625718758523284
-0.965929012417523,0.833039542247376,-0.147116242703799,0.378152784829262,0.019565527438832,0.0121645153221159,0.0056796600734988
-1.00830239533344,0.851089693646389,-0.146757521564154,0.364639255033921,0.0216936453992122,0.0119437261953497,0.0049819428684171
-1.04424219319285,0.86518164571368,-0.146269372139968,0.347491603978138,0.0238192435274116,0.0117758267811344,0.00418602080690028
-1.07440856018468,0.874448256553418,-0.145704221608172,0.326687998271177,0.0258871512229453,0.0116567739022039,0.00331533427825707
-1.09985287639962,0.878203867023423,-0.145110258400384,0.302330169528548,0.0278454837575388,0.0115744750338861,0.00239400858785826
-1.12195832599144,0.876066230593826,-0.144529260734961,0.274630778491179,0.0296495810150156,0.0115102355935018,0.00144634845848164
-1.14231679154365,0.868056219296344,-0.143994618109996,0.243886299392764,0.0312648634483274,0.0114406734615143,0.000496493979004257
-1.16255717525598,0.854650257104243,-0.143530043147825,0.210442996964328,0.0326680644676368,0.0113398903478486,-0.000431862586350485
-1.18415486644723,0.836768219892623,-0.14314941406055,0.1746639757012,0.0338466474795671,0.0111817301923367,-0.0013157708334377
-1.20825811447917,0.815694273717219,-0.142857857494517,0.136903796710605,0.0347966662834061,0.010941991791609,-0.00213337112525224
-1.23556219123668,0.792943939608807,-0.142653795596151,0.0974945039211766,0.0355196970715398,0.0106004832995643,-0.00286432724031851
-1.26624914161653,0.770101489302893,-0.142531433219986,0.0567439616310257,0.0360196280804973,0.0101427993307588,-0.00349036384507576
-1.29999535409762,0.748654529754013,-0.142483123248676,0.0149448863291662,0.0363000196349985,0.0095616701045732,-0.00399591657970538
-1.33603661522053,0.729848199856015,-0.142501175532366,-0.0276087840886131,0.0363625154458653,0.00885770030705739,-0.00436887407987483
-1.37327367007047,0.714573280987562,-0.142578871407099,-0.0706024585505367,0.0362064996665635,0.00803932100721917,-0.00460134840217595
-1.41040047207343,0.703294693014064,-0.142710628232743,-0.113682887113136,0.0358299361872742,0.00712185306604177,-0.00469036498759588
-1.44603993604704,0.69602195627403,-0.142891393152806,-0.156445708130563,0.0352311353968638,0.00612572873970728,-0.00463833358906073
-1.4788750662858,0.692321561817065,-0.143115447613055,-0.198431818923123,0.0344110676208469,0.00507410375544275,-0.00445316408325566
-1.50776470809912,0.691370843613383,-0.143374908578775,-0.239134521534763,0.0333757624055003,0.00399024993958807,-0.00414793327999814
-1.53183291169882,0.692050927868061,-0.14365832739756,-0.2780176440493,0.0321382916691845,0.00289518368008409,-0.00374008498516575
-1.55052120536412,0.693070864737938,-0.143949865630875,-0.314542788540428,0.0307198571505926,0.00180592633347653,-0.00325023739681999
-1.56359667754431,0.693107314994519,-0.14422948390587,-0.348201850144043,0.0291496332834116,0.0007346272713459,-0.00270075365773988
-1.5711165116934,0.69093812734104,-0.144474359743299,-0.378549553783064,0.0274632746816774,-0.000311432429896908,-0.00211427789267113
-1.57335919386397,0.685547989379822,-0.144661395638179,-0.405230551767622,0.0257003304801436,-0.00132912595796878,-0.00151243508285394
-1.57073976084995,0.676191350142408,-0.144770329491694,-0.427996858223223,0.0239010957084156,-0.00231833729069262,-0.000914840600553643
-1.5637278664461,0.662409247713977,-0.144786772265759,-0.446713715913885,0.0221035502747791,-0.00328068575984944,-0.000338483598245299
-1.55278294005837,0.644007591045485,-0.144704544746594,-0.461354569363005,0.0203409437450411,-0.00421835839340522,0.000202533778589836
-1.53831302563824,0.621010856296783,-0.144526917763444,-0.471987781636577,0.0186403373406511,-0.00513319677664318,0.000696977820739412
-1.52065656532014,0.593605983818652,-0.144266656256004,-0.478758594178856,0.0170221313077401,-0.00602609443211229,0.00113628575901656
-1.50008175829746,0.562088031481615,-0.143945013577106,-0.48186963197613,0.0155003910537407,-0.00689669445304982,0.00151428322145663
-1.47679662039185,0.526814363781519,-0.143589963919538,-0.481562404545079,0.0140836856142959,-0.00774334029243579,0.00182688594862293
-1.45096362502467,0.48816985036561,-0.143234002427382,-0.478101222826231,0.0127761555502751,-0.00856321885993705,0.00207182571589097
-1.42271459327183,0.446542654194918,-0.142911818430994,-0.471760081682371,0.0115785926245011,-0.00935263475865495,0.00224841541913335
-1.39216337234712,0.402308755564338,-0.142658091811864,-0.462812487965916,0.0104893977493969,-0.010107359901179,0.00235735161881702
-1.35941531542548,0.355822985174129,-0.142505597211941,-0.451523931216707,0.00950535807271831,-0.0108230097887501,0.00240054457231672
-1.32457353359782,0.307414554466488,-0.142483734636548,-0.438146610851689,0.00862223629018529,-0.0114954052610464,0.00238096400143105
-1.28774240592013,0.257385511145476,-0.142617540872023,-0.422916052893198,0.00783519456204618,-0.0121208867559532,0.00230249107778677
-1.24902903631118,0.206010998194826,-0.142927176500383,-0.406049298554117,0.00713908676910501,-0.0126965574112647,0.00216977116172013
-1.20854335773727,0.153540564212166,-0.143427832337819,-0.387744388114722,0.00652865284007158,-0.0132204414530809,0.00198806605496942
-1.16639749253823,0.100200040641925,-0.144129961922733,-0.368180885624276,0.00599864321474078,-0.0136915544489491,0.00176310789676087
-1.12270483988042,0.0461936805039359,-0.145039727154516,-0.347521197913697,0.00554389423045333,-0.0141098910503275,0.00150095884351641
-1.07757921412374,-0.00829363096521377,-0.14615954332728,-0.325912446526143,0.00515936872187787,-0.0144763427861523,0.00120788125659643
-1.03113422273709,-0.0630942084791874,-0.147488625219685,-0.303488662710181,0.00484017141922076,-0.0147925627184959,0.000890222508927066
-0.98348295951691,-0.118055508394437,-0.14902346259637,-0.280373097235969,0.00458154591640586,-0.0150607953095536,0.000554317089779933
-0.934738004442548,-0.173038214090111,-0.150758185254941,-0.256680468530462,0.00437885870163513,-0.0152836890964005,0.000206406873855002
-0.885011664885894,-0.227914477777444,-0.152684808805413,-0.232519010485013,0.00422757543486962,-0.0154641074574468,-0.000147421394074875
-0.834416359851635,-0.282566320036472,-0.154793378304729,-0.207992220027525,0.00412323478307746,-0.0156049496753453,-0.000501283888390012
-0.783065036674595,-0.336884183373385,-0.157072045000232,-0.18320024115739,0.00406142527613864,-0.015708991319306,-0.00084953633417507
-0.731071513110527,-0.390765636507094,-0.159507120805967,-0.158240854318405,0.00403777053391157,-0.0157787501487054,-0.00118680359078694
-0.678550651873403,-0.4441142313215,-0.162083156098077,-0.133210066781159,0.00404792767163622,-0.0158163814933982,-0.00150800630402356
-0.625618297451548,-0.49683852080947,-0.164783080064224,-0.108202322541016,0.00408760265235804,-0.015823605383615,-0.00180838825184565
-0.572390934928261,-0.548851250582921,-0.167588430742772,-0.083310370803925,0.00415258482443667,-0.0158016664320737,-0.00208354709358776
-0.518985064213681,-0.600068737520288,-0.170479686012289,-0.0586248508204826,0.00423880093630047,-0.0157513263919603,-0.00232947001280074
-0.465516318649871,-0.650410444677455,-0.173436689255947,-0.0342336679005881,0.0043423867145432,-0.0156728882100854,-0.00254257435584655
-0.412098390163187,-0.699798751953871,-0.176439146617222,-0.0102212493356274,0.00445977185914643,-0.0155662491191208,-0.0027197519814435
-0.358841852169478,-0.748158906240884,-0.179467158901563,0.0133322215488929,0.00458777233665895,-0.0154309788433833,-0.00285841482447043
-0.305852989143934,-0.795419117673573,-0.182501742560963,0.0363514936448641,0.00472368245560055,-0.0152664174261846,-0.00295653832548135
-0.253232746871647,-0.841510751729623,-0.185525292166902,0.0587667670083208,0.00486535865119687,-0.0150717857416309,-0.00301269901352552
-0.201075906283106,-0.886368554976858,-0.188521941976842,0.0805139694142691,0.00501128735133973,-0.0148463006905494,-0.00302610271477799
-0.149470558667136,-0.929930847464263,-0.191477795792098,0.101534744827589,0.00516063072601673,-0.0145892866636198,-0.00299660056321848
-0.0984979240329851,-0.972139618427158,-0.194381010446773,0.121776141075982,0.005313246343102,-0.0143002752446508,-0.00292469108042062
-0.0482325114065794,-1.0129404759217,-0.197221736285187,0.141190018898424,0.0054696794132393,-0.0139790863458136,-0.00281150788024597
0.00125742149442157,-1.05228242103452,-0.199991934768849,0.159732235277837,0.00563112896254662,-0.01362588587954,-0.00265879380534416
0.0499091862153616,-1.09011744150389,-0.202685106305068,0.177361676917589,0.00579939150035869,-0.0132412174166297,-0.00246886332304585
0.0976648581098751,-1.12639994315774,-0.205295968702523,0.194039231746741,0.00597678722559341,-0.012826007725661,-0.00224455565720778
0.144470455489358,-1.16108605894163,-0.207820127838839,0.209726787713989,0.00616607438678214,-0.012381548299951,-0.00198918135640939
0.19027520573873,-1.19413289033793,-0.210253777584582,0.224386339347814,0.00637035709046727,-0.0119094567103992,-0.00170646482829551
0.235030984018372,-1.22549774476194,-0.212593457222434,0.237979266897328,0.00659299081377794,-0.0114116227252044,-0.00140048489507458
0.278691985855946,-1.25513743503083,-0.214835883357728,0.250465833518707,0.0068374883853533,-0.0108901445829354,-0.00107561476601279
0.321214665360067,-1.28300770308827,-0.21697786144586,0.261804925606291,0.00710742754400898,-0.0103472606901754,-0.000736462119122738
0.362557941875521,-1.30906282260341,-0.219016271308045,0.271954043037562,0.0074063596542875,-0.00978528145652158,-0.000387809330668563
0.402683651231634,-1.33325542429242,-0.220948112521491,0.280869530960432,0.0077377179704222,-0.0092065251628097,-3.45533804497128e-05
0.441557194607656,-1.35553657413453,-0.222770590016765,0.288507033063897,0.00810472314188323,-0.00861326085298067,0.000318355348209293
0.479148322501832,-1.37585612069319,-0.224481218004544,0.294822138726547,0.00851028354430492,-0.0080076603400423,0.000665976254968356
0.515431980978603,-1.39416331201326,-0.226077921197437,0.299771191685207,0.00895688849639463,-0.00739176064093799,0.00100344443960676
0.550389145549094,-1.4104076673514,-0.227559115871203,0.303312225847554,0.00944649347251447,-0.00676743748948114,0.00132603975907076
0.584007572012536,-1.42454007390611,-0.22892375883685,0.305405993665178,0.00998039792987769,-0.00613639004718239,0.0016292589107476
0.616282403706903,-1.43651406525989,-0.230171359000473,0.306017053719686,0.010559118208817,-0.00550013647727,0.00190888977641466
0.647216590647667,-1.44628722857589,-0.23130195297627,0.305114886886677,0.0111822599742611,-0.00486001959512767,0.00216108655767427
0.67682109276065,-1.45382268127033,-0.232316052038086,0.302675013895788,0.0118483965914375,-0.00421722136590211,0.00238244352941819
0.705114855912587,-1.45909055693629,-0.233214571782067,0.298680091531598,0.0125549614469316,-0.00357278454483239,0.00257006463941766
0.732124562366652,-1.46206944425864,-0.233998757595121,0.293120969499882,0.0132981633026053,-0.002927639273442,0.00272162577320827
0.757884163800442,-1.46274772999282,-0.234670118154535,0.28599769438252,0.0140729341003525,-0.00228263202192675,0.00283542635452457
0.782434202738532,-1.4611248050516,-0.235230375922474,0.27732045049105,0.0148729180489244,-0.0016385540219171,0.00291042710536514
0.805820919795193,-1.45721209816908,-0.235681438655511,0.267110428526594,0.0156905093168055,-0.00099616631613192,0.0029462712717133
0.828095131288108,-1.45103390112874,-0.236025390312127,0.255400611398917,0.0165169432562715,-0.000356218870307347,0.00294328739618647
0.849310849686008,-1.44262794130042,-0.236264494497929,0.242236462289578,0.0173424429363878,0.000280538118637897,0.00290247272500106
0.869523616358374,-1.43204564196982,-0.236401199849479,0.227676493169607,0.0181564191816858,0.000913351610336845,0.00282545748703204
0.888788526618109,-1.41935199242631,-0.23643813520377,0.21179268427246,0.0189477185634188,0.00154147150435011,0.00271445145853507
0.907157955527161,-1.40462493473777,-0.236378083321235,0.194670718125788,0.0197049102335412,0.00216416329162321,0.0025721753177911
0.924679039038736,-1.38795417094028,-0.236223925133495,0.176409987609268,0.0204165994684653,0.0027807249794359,0.00240178019486421
0.941391023007135,-1.36943931075531,-0.235978551323014,0.157123337778396,0.0210717535736884,0.00339050496483722,0.00220675944874167
0.957322652182177,-1.34918732106348,-0.235644743636647,0.136936506982592,0.0216600245979332,0.0039929172687344,0.00199085700736706
0.972489819772646,-1.32730930331657,-0.235225033692841,0.115987243425851,0.0221720532343353,0.00458745082288437,0.00175797655998673
0.98689372189332,-1.30391670821377,-0.234721551357035,0.0944240884523148,0.0225997393270497,0.00517367027494436,0.00151209551709646
1.00051975048407,-1.27911718576474,-0.234135877394598,0.0724048354299413,0.0229364664438874,0.00575120693846736,0.00125718699375706
1.01333731012707,-1.25301034670061,-0.233468915812619,0.0500946902595552,0.0231772708454185,0.00631973991626645,0.000997152186154613
1.02530066111457,-1.22568376396578,-0.232720800146817,0.0276641762423434,0.023318948565201,0.00687896880638672,0.000735764507046357
1.03635078557514,-1.19720955617859,-0.23189084518444,0.00528683919112776,0.0233600979614684,0.00742858060745278,0.000476625800442681
1.04641816155778,-1.16764186323617,-0.230977551759326,-0.0168631818208141,0.0233010987170976,0.00796821428838473,0.000223133973160157
1.05542622949295,-1.13701544983337,-0.229978667792891,-0.0386136466722402,0.0231440315846258,0.00849742686098941,-2.15394464239552e-05
1.06329526294449,-1.10534556562393,-0.228891304234027,-0.0597966955198741,0.022892546026799,0.00901566466585623,-0.000254463914557937
1.06994632149372,-1.07262906675026,-0.22771210035403,-0.0802512460958626,0.022551685130302,0.00952224298803261,-0.000472959063662902
1.07530497169844,-1.03884668066742,-0.226437429328548,-0.0998252377413662,0.0221276786853431,0.0100163361668719,-0.000674600937279523
1.07930450771523,-1.00396619295232,-0.225063632414034,-0.118377658877578,0.0216277160726496,0.0104969791758292,-0.000857227474284944
1.0818884766425,-0.967946263268143,-0.223587268413327,-0.135780303104134,0.0210597105802893,0.0109630804036966,-0.00101894495699653
1.08301240113533,-0.930740545967046,-0.222005364617544,-0.151919209139597,0.0204320660418117,0.011413444208554,-0.00115813646938855
1.08264467947964,-0.892301796609669,-0.220315655874952,-0.166695752142672,0.019753455301595,0.0118468009059235,-0.00127347266640503
1.08076671917451,-0.852585685208037,-0.218516799887112,-0.180027367088458,0.0190326181506783,0.0122618412590739,-0.00136392441962551
1.07737241611397,-0.811554099915266,-0.216608559055072,-0.191847898284793,0.0182781842145223,0.0126572523130676,-0.00142877627265218
1.07246712471616,-0.769177798118517,-0.214591941943301,-0.202107583085666,0.017498524004497,0.0130317515698972,-0.0014676391939768
1.06606627550707,-0.725438336988218,-0.212469300524714,-0.210772690560191,0.016701629215634,0.0133841169569672,-0.00148046089272961
1.05819378986759,-0.680329282275867,-0.210244382479123,-0.217824847553065,0.015895021521052,0.0137132107296061,-0.00146753198514947
1.04888042236573,-0.633856746950489,-0.207922340665044,-0.223260094596015,0.0150856877031879,0.0140179962618697,-0.00142948654492007
1.03816213529797,-0.586039348869375,-0.205509704288031,-0.227087721882458,0.0142800380520534,0.0142975475010964,-0.00136729599059672
1.02607858255748,-0.536907698121728,-0.203014318004527,-0.229328940939162,0.0134838845151961,0.0145510516051095,-0.00128225579217275
1.01267175445916,-0.486503532422347,-0.200445256149757,-0.230015450482255,0.0127024350388608,0.0147778058719992,-0.00117596504194407
0.997984813530402,-0.43487861558376,-0.197812719411596,-0.229187954971623,0.0119403007799516,0.0149772104687498,-0.00105029945928443
0.982061134269595,-0.382093502525136,-0.195127920642649,-0.226894691655602,0.0112015132699012,0.0151487586562454,-0.00090737882692828
0.964943547531402,-0.328216258678816,-0.192402965305078,-0.223190016478706,0.0104895490847124,0.0152920262008521,-0.000749530152051012
0.946673781690845,-0.273321203653667,-0.189650730429787,-0.218133091639053,0.00980736002190428,0.0154066614957602,-0.000579247993551957
0.927292087232841,-0.217487730777905,-0.186884744177989,-0.211786708345769,0.00915740716013708,0.0154923776295601,-0.000399153403405577
0.906837027899978,-0.160799236599439,-0.184119066324612,-0.204216268055518,0.00854169745948266,0.0155489472806051,-0.000211952815603215
0.885345419585736,-0.103342179197203,-0.181368168479693,-0.195488934966823,0.00796182176846313,0.0155762009231496,-2.03980163394732e-05
0.862852397147452,-0.0452052714540434,-0.178646811774943,-0.18567296249465,0.00741899325735539,0.0155740284399815,0.00017275192000582
0.839391589246189,0.0135211938158044,-0.175969919207198,-0.174837187635989,0.00691408542952662,0.0155423838735994,0.0003647661049727
0.814995381183004,0.0727458976447338,-0.173352439814219,-0.163050679646617,0.00644766898310144,0.0154812927309735,0.000552974344663511
0.789695246540918,0.132376941917232,-0.170809202468577,-0.150382524110132,0.00602004694445427,0.0153908609995517,0.0007347965142203
0.763522128935954,0.192322206296653,-0.168354758136999,-0.136901719790099,0.00563128765982119,0.0152712848394876,0.000907768790817007
0.736506855916419,0.252489632385139,-0.166003210880989,-0.122677163897381,0.00528125541463962,0.015122859797593,0.00106956684713713
0.708680568576947,0.312787449797586,-0.163768039614297,-0.107777701660796,0.00496963865902064,0.0149459883469867,0.0012180261618204
0.680075151128784,0.373124357772042,-0.161661914302381,-0.0922722173245577,0.00469597600149756,0.0147411845918229,0.00135115962529181
0.650723646409348,0.433409672275248,-0.159696511896797,-0.0762297465366959,0.00445968030861831,0.0145090750953016,0.00146717260633112
0.620660645081291,0.49355344524848,-0.157882338542829,-0.0597195936934813,0.00426006137916037,0.0142503949857287,0.00156447561761055
0.58992263810145,0.553466560086412,-0.156228565313494,-0.0428114418122807,0.00409634773524463,0.0139659787609196,0.00164169468928484
0.558548324205251,0.613060805159808,-0.154742884825189,-0.0255754467263169,0.00396770808682919,0.0136567455328513,0.00169767953571737
0.526578867056182,0.672248924810292,-0.153431395515235,-0.00808231175360515,0.00387327297501711,0.01332367881882,0.00173150958956132
0.494058099523698,0.730944646201459,-0.152298519092083,0.00959665720650038,0.00381215698550782,0.0129678013621867,0.00174249798508142
0.461032675007638,0.789062681138182,-0.151346954780711,0.0273895133000861,0.00378348175522396,0.0125901458254647,0.00173019359771142
0.427552169154071,0.846518701509414,-0.150577671713817,0.0452236415916368,0.00378639979412732,0.0121917225300058,0.00169438128346779
0.393669137992199,0.903229288193875,-0.149989938301394,0.0630257363017934,0.00382011892141634,0.0117734856822049,0.00163508050736665
0.359439140594008,0.959111855309579,-0.149581384911945,0.0807217752253568,0.00388392689177052,0.0113362997096657,0.00155254259430281
0.324920736259256,1.01408455314264,-0.149348093997853,0.0982369845476215,0.0039772155831603,0.0108809074295829,0.00144724687036043
0.290175467860731,1.06806615387409,-0.149284710086147,0.115495788288798,0.00409950394197513,0.0104079017867431,0.00131989598272529
0.255267843149948,1.12097592568759,-0.149384561007943,0.13242173860248,0.00425045874775608,0.00991770282280015,0.00117141068296596
0.220265325873168,1.172733500608,-0.149639781454103,0.148937425249802,0.00442991216558937,0.00941054140252209,0.0010029243318242
0.185238347692765,1.22325874015931,-0.150041430466839,0.16496436490339,0.00463787500222139,0.00888645103441627,0.000815777331133312
0.15026034967246,1.27247160131808,-0.150579595743455,0.180422873597812,0.00487454456190513,0.00834526889169146,0.000611511610254752
0.115407859875664,1.32029200060096,-0.151243479556639,0.195231927769893,0.00514030599496288,0.00778664689956976,0.000391865201059315
0.0807606089718173,1.36663966982123,-0.152021463555383,0.209309021994163,0.00543572604260514,0.00721007347985041,0.000158766822814106
0.0464016799252,1.41143399077771,-0.152901152527155,0.222570034040557,0.00576153808533188,0.00661490625374442,-8.56697189314485e-05
0.0124176800375951,1.45459378858274,-0.153869400207823,0.23492911058928,0.00611861739136727,0.00600041568581267,-0.000339151628568568
-0.0211010878534938,1.49603705664137,-0.154912323249264,0.24629859056398,0.00650794543931245,0.00536583927085422,-0.000599214126315287
-0.0540604925664504,1.535680579418,-0.156015312278416,0.256588987268963,0.00693056214980285,0.00471044542659685,-0.000863228854545719
-0.086362536370268,1.57343941477157,-0.157163051413557,0.26570905598927,0.00738750482721809,0.00403360572923549,-0.00112841421419501
-0.117905490649424,1.60922619777063,-0.158339559404703,0.273565980541182,0.00787973261697912,0.00333487351403826,-0.00139184814797478
-0.148584311194692,1.64295023465596,-0.159528266466009,0.280065720157691,0.00840803537663642,0.002614066182223,-0.00165048380750244
-0.178291467163776,1.6745163724775,-0.160712140585278,0.285113566609626,0.0089729261177485,0.00187134784930941,-0.00190116838870337
-0.206918344525239,1.70382366055596,-0.161873875360789,0.288614969428405,0.00957451670901201,0.00110730830408018,-0.00214066519967958
-0.234357403095593,1.73076386640247,-0.162996147950179,0.290476692485735,0.0102123774416431,0.000323033748582213,-0.00236567874728633
-0.260505268472146,1.75521997390571,-0.164061950441386,0.290608365506228,0.0108853824795756,-0.000479835448189358,-0.00257288234416148
-0.285266915164057,1.77706487485194,-0.165054990949376,0.28892448610827,0.011591545248591,-0.00129906462440974,-0.00275894751415264
-0.308561030895921,1.79616055944455,-0.165960152311231,0.285346907976044,0.0123278504425062,-0.00213180638350287,-0.00292057439199132
-0.33032653289677,1.81235820670431,-0.166763987121669,0.279807816191346,0.013090092420624,-0.0029746068812621,-0.00305452248066889
-0.350530026356287,1.82549965101392,-0.167455219038757,0.272253140321037,0.0138727329914276,-0.00382343856209729,-0.00315764162740022
-0.369173753396846,1.8354207276202,-0.168025213071421,0.262646291823816,0.0146687943067232,-0.00467375960683161,-0.00322690392752542
-0.386303295473975,1.84195694368634,-0.168468373368944,0.250972040588631,0.0154698040521778,-0.00552059906820975,-0.00325943839955571
-0.402014000285688,1.84495174786748,-0.168782427109496,0.237240277046113,0.0162658094297218,-0.00635866576186648,-0.00325257148309311
-0.416454866826189,1.84426735667254,-0.168968558184821,0.221489355510012,0.017045472880283,-0.0071824785316201,-0.00320387736119152
-0.429828519089588,1.83979764263609,-0.169031364538126,0.203788696769046,0.0177962559478533,-0.00798651538031608,-0.00311124239629513
-0.442386013103359,1.83148203759582,-0.168978627195916,0.184240355173485,0.0185046887734433,-0.00876537874334373,-0.00297294722481406
-0.454415617472139,1.81931884151747,-0.168820895289419,0.162979331676824,0.0191567130247643,-0.00951397335241561,-0.00278776810426161
-0.466225399777568,1.80337588059036,-0.168570906981103,0.14017253178908,0.0197380778686054,-0.0102276912455459,-0.0025550960881498
-0.478120384442556,1.78379627286933,-0.168242878421708,0.11601640565508,0.0202347642646614,-0.010902595488881,-0.0022750690074945
-0.490376085783473,1.76079726041648,-0.167851699500951,0.0907334386018585,0.0206334139413696,-0.011535590525993,-0.00194870781696588
-0.503211164475233,1.73466071496775,-0.167412075395025,0.0645677549082137,0.0209217459148825,-0.0121245637279185,-0.00157804640622423
-0.516762586136258,1.70571498346462,-0.166937647654118,0.0377801339812835,0.0210889534109928,-0.0126684808336611,-0.00116624303985318
-0.531066789631923,1.67430906865567,-0.166440120337259,0.0106427126688698,0.0211260840312227,-0.0131674184355144,-0.00071766232890787
-0.546049899565179,1.64078150824054,-0.165928408929994,-0.016566426874658,0.0210264119229019,-0.0136225198402148,-0.000237918728702464
-0.561528961927343,1.60542745322851,-0.165407825963303,-0.0435686779773137,0.0207858093090845,-0.0140358662001842,0.000266124645149023
-0.577224688318911,1.56846810111048,-0.164879319839854,-0.0700903082401083,0.0204031147748922,-0.0144102619588894,0.000786405323519255
-0.592784508312727,1.53002663764413,-0.164338793121913,-0.0958678283316091,0.0198804787261077,-0.0147489415479514,0.00131376023672713
-0.607813152428075,1.49011412690931,-0.163776542167144,-0.120653274223456,0.0192236465267067,-0.0150552123612687,0.0018380741565855
-0.621906815141168,1.44862745207886,-0.163176878582368,-0.144219228143351,0.0184421227741982,-0.0153320571321338,0.00234847805628055
-0.63468640697077,1.40535967151227,-0.162518010163159,-0.16636324395833,0.0175491519806987,-0.0155817269472726,0.00283359832966614
-0.645825608514152,1.36002133152772,-0.161772269557986,-0.186911195127572,0.0165614562362618,-0.0158053639369237,0.00328185848378176
-0.655070352492263,1.31226970949902,-0.160906776714168,-0.2057189951005,0.0154986912634988,-0.0160026989772636,0.00368183428791354
-0.662247807878623,1.26174193664004,-0.159884599611066,-0.222672215020956,0.014382617491364,-0.0161718721419042,0.00402265986442948
-0.667264648251562,1.20808763520804,-0.158666430908324,-0.237683377167602,0.0132360279311562,-0.0163094188315433,0.00429447457407696
-0.670096040261361,1.15099711369316,-0.157212724003459,-0.25068711529601,0.0120815222014622,-0.0164104493824313,0.00448888879981724
-0.670768093706293,1.09022216977813,-0.155486137404781,-0.261633874096412,0.0109402559240939,-0.0164690234427117,0.00459943306735157
-0.669337250792514,1.02558793469695,-0.153454040816588,-0.270483220358044,0.00983081568897545,-0.0164786854883661,0.00462194390145571
-0.665870147435515,0.956995682920467,-0.151090770129744,-0.277198000405066,0.00876836222144788,-0.01643309232572,0.00455483700646306
-0.660426880141348,0.884417857381634,-0.148379312813391,-0.281740405889967,0.0077641447261627,-0.0163266382315489,0.00439922779973755
-0.653049529277421,0.807887510343285,-0.145312176960502,-0.284070525777222,0.00682542403111877,-0.0161549783642054,0.00415888083632653
-0.643756509620772,0.727484803726593,-0.141891336449166,-0.284147318862364,0.00595576711146913,-0.0159153701430487,0.00383999806721633
-0.632542163575166,0.643323141560042,-0.138127314590968,-0.281931357272193,0.00515561152183649,-0.0156067907067092,0.00345088274389236
-0.619380240968992,0.555537059924022,-0.134037621608437,-0.277388356457949,0.00442296251132587,-0.0152298346674224,0.00300153324139957
-0.604229636004849,0.464273365509718,-0.129644857661293,-0.270492504553332,0.00375408453497555,-0.0147864366236159,0.00250322493958753
-0.587040930401325,0.369686376544512,-0.124974816877456,-0.261228890101478,0.00314407725695778,-0.0142794872973511,0.00196812910361043
-0.567762761165783,0.271937606453712,-0.120054888531014,-0.249594770753801,0.00258727128309486,-0.0137124174162416,0.00140899945786862
-0.546347580900712,0.171199811560968,-0.114912971235624,-0.235599869178588,0.00207742680744338,-0.0130888121721121,0.000838934711927874
-0.522756820123588,0.0676648996397349,-0.109577018589939,-0.219266195208267,0.00160775969921866,-0.0124120973396496,0.000271203003665269
-0.496965662597047,-0.0384453652335687,-0.104075234598357,-0.200627993689656,0.00117085045172714,-0.0116853126163674,-0.000280904401224732
-0.46896757693677,-0.146867594065789,-0.0984368428728275,-0.17973230001953,0.00075851212888603,-0.0109109647807971,-0.000804233818290041
-0.438778491303475,-0.257286216871032,-0.0926932694265934,-0.156640317969863,0.000361704144366464,-0.0100909383647973,-0.00128598700609273
-0.406440254309681,-0.369326398994446,-0.0868795127950789,-0.131429562442543,-2.94228222430487e-05,-0.00922643931965209,-0.00171402320449359
-0.372022985489432,-0.482551896701,-0.081035429352119,-0.104196556516398,-0.00042528397956975,-0.00831795842556682,-0.00207724458108798
-0.335626140231101,-0.596468014992972,-0.0752066335226555,-0.0750598576928799,-0.000836390581036809,-0.00736526074807386,-0.00236603403339547
-0.297378467484196,-0.710528637186515,-0.069444706702615,-0.0441632146030964,-0.00127267557967919,-0.00636742538291996,-0.00257269353036543
-0.257437287511366,-0.824145836885485,-0.0638064431694277,-0.0116785907488405,-0.00174268932097578,-0.00532296597042023,-0.00269182794143802
-0.215987523596044,-0.936700787835144,-0.0583519740056762,0.0221913612875922,-0.00225277451928408,-0.00423005070816512,-0.00272063254344324
-0.173240884780397,-1.04755510628571,-0.0531418251026349,0.0572118247502473,-0.00280633652431542,-0.00308682645320742,-0.00265906642342538
-0.129435218309009,-1.15606225875689,-0.0482331996044905,0.0931158441085858,-0.00340330522700915,-0.00189182124569893,-0.00250991656058952
-0.0848341093931745,-1.26157830943343,-0.0436760613801379,0.129605896647213,-0.00403983255525641,-0.000644386733205222,-0.00227877920177526
-0.0397265583714773,-1.36347150856719,-0.039509672705674,0.166356867818126,-0.00470823179605641,0.000654861396349998,-0.00197399018089221
0.00557342429273183,-1.46112988673519,-0.0357602336846457,0.203019923949809,-0.00539712164807272,0.00200364570764426,-0.001606533304665
0.0507275351993873,-1.55396619031773,-0.0324400706044644,0.239226721542873,-0.00609172673983741,0.00339770088098936,-0.00118993979429947
0.095374517187691,-1.64141982846185,-0.0295485229407811,0.274593556689842,-0.00677429776549536,0.00483053891957357,-0.000740168259043063
0.139132523698684,-1.72295605991337,-0.0270743338541822,0.308725430731655,-0.00742464550745597,0.00629332076288856,-0.000275427688823876
0.181602972392572,-1.79806337986252,-0.0249990149082997,0.341220479684354,-0.00802082052424377,0.00777484911098695,0.000184118940161653
0.222376295591075,-1.86625090069991,-0.0233003875173938,0.371675623579226,-0.00853999670370155,0.00926169644484966,0.000616849168743558
0.261039715126598,-1.92704829211406,-0.0219553713645615,0.399694440159506,-0.00895961372853562,0.0107384729539151,0.00100045228122012
0.297186603350465,-1.98001125188389,-0.0209411843832242,0.424897977542261,-0.00925878780110409,0.0121882153350464,0.00131303092139139
0.330426210170584,-2.02473508734243,-0.0202345189459092,0.446938426858162,-0.00941991451455461,0.0135928408324268,0.00153453101498039
0.360391812553941,-2.06087738890743,-0.0198089548949488,0.465514433764394,-0.00943029178050901,0.0149335744908024,0.00164841351089462
0.386745167562306,-2.08818790414075,-0.0196316816684009,0.480385775843912,-0.00928354102355234,0.0161912449934779,0.00164338509771881
0.409176052692067,-2.10654007482772,-0.0196611811862382,0.491384756808346,-0.00898066266694935,0.0173463801224948,0.00151492914771952
0.427397932485538,-2.11595528511379,-0.0198475056334804,0.498422363298677,-0.00853074153685161,0.0183791280697639,0.00126636050184524
0.441144115929095,-2.11660878160282,-0.0201360250098804,0.501488818880522,-0.00795152858476698,0.0192691718512269,0.000909189476898605
0.450172109445925,-2.10880635864908,-0.0204742225767532,0.500649792569797,-0.00727015907386246,0.0199959463388632,0.000462704817194122
0.454285262478184,-2.092924504212,-0.0208197191810634,0.496040068865497,-0.00652389463861631,0.0205395341904034,-4.71819123686256e-05
0.45337739067233,-2.06931622253682,-0.0211466682316701,0.487855436915482,-0.00575998380601615,0.0208825051427804,-0.000589706177466205
0.447495249680134,-2.03820219140203,-0.021447460107437,0.476341642065102,-0.0050330128608967,0.0210125894308985,-0.00113149663702011
0.436897036240492,-1.99958741684518,-0.0217279168817786,0.461778287066352,-0.00439843905393905,0.0209255044815597,-0.00163916577202238
0.422072804304177,-1.95325013707727,-0.0219971057576708,0.444457101073304,-0.00390299656449186,0.0206268209866566,-0.00208206201964448
0.403700406251772,-1.89882405104339,-0.0222562913959238,0.424657471453673,-0.0035753602427651,0.0201319166606113,-0.00243487465604553
0.382542173217969,-1.83594399085505,-0.0224926570902256,0.40262486084294,-0.0034213991731076,0.0194639132133815,-0.00267968484270305
0.359322202235085,-1.76438802683867,-0.0226805207993372,0.378557636797483,-0.00342606376740054,0.0186503681026588,-0.00280707582622248
0.334633089413184,-1.68415824930637,-0.0227883046685543,0.352604936308999,-0.00356038320134613,0.0177198615031937,-0.00281615524292579
0.308898850260708,-1.59548633348541,-0.0227867149746328,0.324875049001424,-0.00378991120255715,0.0166991966565535,-0.00271357373049342
0.282389423791109,-1.49878879477218,-0.0226544537055287,0.29545125606261,-0.00408159189937479,0.0156114649060257,-0.00251184862525424
0.2552638722768,-1.39460763718011,-0.0223802730701715,0.264410806214578,-0.00440783191674274,0.0144749364161927,-0.00222737909390381
0.22761886177605,-1.28356115711499,-0.021962229298227,0.231842663389906,-0.00474803524662538,0.013302677402328,-0.00187851165892986
0.19952805750358,-1.16631395541834,-0.0214056813705202,0.197860846221272,-0.00508843293110388,0.0121027864348083,-0.001483912919268
0.171067807389328,-1.0435651362568,-0.0207212745873628,0.162612155996262,-0.00542100622248741,0.0108791164380924,-0.00106137879566392
0.142330804350734,-0.916050774124905,-0.0199235204744383,0.126279121874813,-0.00574206140612488,0.00963232849820771,-0.000627097715861035
0.113432112842518,-0.784558452369015,-0.0190300709327964,0.0890804956255204,-0.0060507846944208,0.00836114206205303,-0.000195310072876021
0.0845123410771683,-0.649955307144883,-0.0180615180302203,0.0512724610756741,-0.00634794237143711,0.00706370886226361,0.000221732391169667
0.0557417996296062,-0.513233284403399,-0.0170414633832046,0.0131535080105098,-0.00663479398580281,0.00573910518699677,0.000613619459580349
0.0273264216378206,-0.375567077110884,-0.0159965366605555,-0.0249272091859329,-0.00691224290598389,0.0043889120961521,0.00097159054813376
-0.000494597824356207,-0.238330524457583,-0.014955708834796,-0.0625724602331323,-0.00718030764675599,0.00301836808279218,0.00128851909388683
-0.0274888428710989,-0.102914951107564,-0.0139476979494302,-0.0993918971503717,-0.0074381426564435,0.0016353952136033,0.00155932287188705
-0.0535146520593795,0.0297046875202759,-0.0129965514599789,-0.135120363950176,-0.00768463390301428,0.000246473425379467,0.00178148971651438
-0.0785620794168245,0.159224161214031,-0.0121192420345367,-0.169680525770141,-0.00791880800888189,-0.00114653650134456,0.00195466111099585
-0.102694599277963,0.285759002989071,-0.0113276932988924,-0.203107484676358,-0.00813942362913843,-0.00254463196410389,0.00207928518253006
-0.125972489076788,0.409470746720198,-0.0106317772697156,-0.235444379784054,-0.0083442962721863,-0.00394819402420423,0.00215566138438618
-0.148421457590414,0.530413074424507,-0.0100403346582032,-0.266700008713381,-0.00852997462510751,-0.00535542428980892,0.00218382482394342
-0.170029043168242,0.648528715702685,-0.00956087739391619,-0.296847078624491,-0.00869168532443179,-0.00676227096276226,0.00216380135891526
-0.190745897848801,0.763684325015973,-0.00919904375111984,-0.325829948491022,-0.00882339110609685,-0.00816277668475612,0.00209592244605337
-0.210484927128261,0.875704505133529,-0.00895826551041083,-0.353571621519714,-0.00891797324719647,-0.00954944862208651,0.00198112796350857
-0.229118389272117,0.98439850123311,-0.00883983704434267,-0.379978748943488,-0.00896763940038815,-0.0109135786451706,0.00182125083096105
-0.24647543285777,1.08957949950297,-0.00884348569339832,-0.404945355109719,-0.00896467319572902,-0.0122455296317631,0.00161927544261998
-0.262343709116243,1.1910758194809,-0.00896843193309706,-0.428356043365913,-0.00890257869515146,-0.0135350272476049,0.0013795467963257
-0.276479016801779,1.28873212493004,-0.00921471398199937,-0.450089165251203,-0.00877750568845396,-0.0147715005814955,0.00110789150774843
-0.288625443303003,1.38239908254366,-0.00958430148511972,-0.470020025077342,-0.00858961209348168,-0.0159445007941355,0.000811615902122564
-0.29854467478513,1.47191333699411,-0.0100813401201851,-0.488024040216835,-0.00834383087050465,-0.0170441745789077,0.000499356038222967
-0.306047959063143,1.55707427748958,-0.01071103768138,-0.503979620294844,-0.00804958618130707,-0.0180617048961668,0.000180794552163124
-0.311020964481754,1.63762735516715,-0.0114772335777785,-0.517770684885924,-0.00771940683767387,-0.0189895917463168,-0.000133708353093821
-0.313433469682089,1.71326207294775,-0.0123793531634652,-0.52928896910434,-0.0073669271074117,-0.0198216816464864,-0.000433512010927052
-0.313332118997834,1.78362645791093,-0.0134097868619853,-0.538436399266075,-0.00700505749718835,-0.0205529585306002,-0.000708085815669368
-0.310821258129951,1.84835289605576,-0.0145525305458576,-0.545127713013562,-0.00664493324441319,-0.0211792148591654,-0.000947395510488548
-0.306039918806401,1.90708696455468,-0.0157833788553788,-0.549293218341331,-0.0062957692353727,-0.0216967612543319,-0.00114230789616965
-0.299141608551366,1.95951219683271,-0.0170714602811513,-0.550881338325482,-0.00596532489154418,-0.0221022931954384,-0.00128502612496216
-0.290280041732909,2.00536725694841,-0.0183816523838858,-0.549860532510612,-0.00566053213735143,-0.0223929535332054,-0.00136953705018451
-0.279600939398288,2.04445515402506,-0.0196773779529997,-0.546220331378694,-0.00538793743321596,-0.0225665563254991,-0.00139202223214348
-0.267238584088924,2.07664580830882,-0.0209233315446588,-0.53997146563127,-0.00515380623030644,-0.0226218944546671,-0.0013511703836335
-0.253315617729456,2.10187374047819,-0.0220877535346566,-0.531145291059097,-0.00496391065641942,-0.0225590420093205,-0.00124833532021133
-0.237944879322837,2.12013255988041,-0.0231439633542182,-0.519792817185352,-0.00482311865609333,-0.0223795746907019,-0.00108750567587685
-0.221232393172901,2.13146769616456,-0.0240710070439221,-0.505983619613154,-0.00473492891820878,-0.0220866583673943,-0.000875082612057066
-0.203280788126818,2.13596857352954,-0.0248534556739504,-0.489804785043424,-0.0047010751084297,-0.0216849888120576,-0.000619490808355255
-0.184192512607289,2.13376114521111,-0.0254805633046256,-0.471359870100029,-0.00472128041485132,-0.0211805966370527,-0.000330669333298173
-0.164072313858803,2.12500136384593,-0.0259451008461354,-0.450767721791889,-0.0047931979376019,-0.0205805540500916,-1.94991146350552e-05
-0.143028625855015,2.10986980132908,-0.0262421943846276,-0.428160956207693,-0.00491253483578195,-0.0198926308488184,0.000302777083297121
-0.121173745314822,2.08856732469934,-0.0263684199475782,-0.403683934309399,-0.00507333246956617,-0.019124946281433,0.000625095062339011
-0.0986229157704977,2.06131154660791,-0.0263212781782784,-0.377490187389476,-0.00526836055414371,-0.0182856541248922,0.000937035679809511
-0.075492628170916,2.02833372337004,-0.026099039511886,-0.349739388236538,-0.00548957797177034,-0.0173826849318202,0.00122919653180512
-0.0518985462971732,1.98987584694303,-0.0257008521710488,-0.320594092187769,-0.00572861360814481,-0.0164235558434483,0.00149345978966255
-0.0279534680585306,1.94618781586426,-0.0251269612488148,-0.290216549564659,-0.00597722542503839,-0.0154152472934718,0.00172315664059816
-0.00376565668224937,1.89752471490371,-0.0243788964718443,-0.258765900660362,-0.00622770379600924,-0.0143641385026152,0.00191313594107599
0.0205622510960459,1.84414434324929,-0.0234595339603747,-0.226396008947045,-0.00647319566525089,-0.0132759901882316,0.00205974985100169
0.0449336778965653,1.78630512179299,-0.0223729927179972,-0.19325407833846,-0.00670793400230241,-0.0121559601253164,0.00216077271160824
0.0692580090199747,1.72426462992933,-0.0211244159618609,-0.15948008739484,-0.00692737496898518,-0.011008642122229,0.00221527098741697
0.0934499397961477,1.65827869608859,-0.0197196488383089,-0.125206949871142,-0.00712825013364456,-0.00983811911450937,0.00222344297033718
0.117428669117769,1.58860114936575,-0.0181649495917088,-0.0905612201140694,-0.00730854270209377,-0.00864801933158544,0.0021864446944546
0.141116965797828,1.51548407220267,-0.0164667593827525,-0.0556641371845839,-0.00746741405800419,-0.00744157589209009,0.00210621698406176
0.164440323691108,1.43917841061111,-0.0146315894390648,-0.0206327852286435,-0.00760509652020978,-0.00622168498308786,0.00198532477049619
0.18732630111711,1.35993475687394,-0.0126660357272946,0.0144188151383471,-0.00772277117835193,-0.00499096209149071,0.00182681647821973
0.209704098701517,1.27800412883848,-0.0105769061284597,0.049378820075416,-0.00782244583010012,-0.0037517962616091,0.00163410792572081
0.231504384698206,1.19363860490597,-0.00837142544041884,0.0841369587305267,-0.00790684427850555,-0.00250640288779683,0.00141089236998653
0.252659344863433,1.10709172463887,-0.00605747433153988,0.118584237821108,-0.00797931452943193,-0.00125687573110924,0.0011610761646432
0.27310291790761,1.0186186181314,-0.00364381918992903,0.152612939192768,-0.00804376018928027,-5.23869842576643e-06,0.000888737989202236
0.292771167510733,0.928475878927122,-0.0011402975621165,0.186116864717726,-0.00810459700734442,0.00124650204747081,0.000598108709566593
0.31160279650309,0.836921266776466,0.00144205432878902,0.218991771724526,-0.0081667329612101,0.00249630769020349,0.000293567949467539
0.329539699442471,0.74421326769849,0.00409095683579431,0.251135929670159,-0.00823557296967613,0.00374205563661325,-2.03459095526049e-05
0.346527656254424,0.650610690102049,0.00679289420881716,0.282450739585462,-0.00831704212193042,0.00498149330304345,-0.00033891739029154
0.362517117308893,0.556372372061757,0.00953317429207577,0.312841344973086,-0.00841762478665444,0.00621219812075478,-0.000657231624901694
0.377464230200449,0.461757116060977,0.0122959903814478,0.342217211344698,-0.0085444150752112,0.00743154598291783,-0.00097015272594655
0.391332002602018,0.367023949637531,0.0150645051885706,0.370492551905152,-0.00870517076725306,0.00863669573568377,-0.0012723091939724
0.404091817143641,0.272432870534977,0.0178208897489319,0.397586563182922,-0.00890836477892103,0.00982459038063018,-0.00155809127589808
0.415725306410132,0.17824620817273,0.0205463216103418,0.423423354069129,-0.00916322502032288,0.0109919799524238,-0.00182166635971631
0.426226674527264,0.0847307878933536,0.023220931077173,0.447931457396965,-0.00947975324702155,0.0121354675110122,-0.00205701756497671
0.435605537826284,-0.00783888368188377,0.0258237001599011,0.471042807825698,-0.00986871225322134,0.0132515776001145,-0.00225800955464085
0.443890348431078,-0.099176157638457,0.0283323327266297,0.492691091522781,-0.0103415690599063,0.014336843268577,-0.00241848346624739
0.451132442533143,-0.188976231369177,0.0307231302205628,0.512809433435055,-0.0109103784000976,0.0153879039247109,-0.00253237975225372
0.457410700490078,-0.276908314914457,0.032970925452361,0.53132749492936,-0.0115875837892529,0.0164016020943938,-0.00259388380375184
0.462836684430056,-0.362605752145007,0.0350491486455321,0.548168213335861,-0.0123856998419063,0.017375062880429,-0.00259758516381932
0.467559873464994,-0.445654011927202,0.0369301269288604,0.56324462269227,-0.0133168158800323,0.0183057357400902,-0.00253863820250263
0.471772163636374,-0.525576766297511,0.0385857520019877,0.576457439312434,-0.014391825084514,0.0191913739755217,-0.0024129123484905
0.475710042158289,-0.601820881100072,0.0399886886819329,0.587694356508781,-0.0156192381500499,0.0200299229128161,-0.00221712601187769
0.479651716693987,-0.673742272845476,0.0411143284404955,0.596832235174364,-0.0170033993472605,0.0208192835225079,-0.00194897295121815
0.483905055798072,-0.740596485657571,0.0419436886618448,0.603743535398393,-0.0185419193013064,0.0215569167859008,-0.00160727458347323
0.488780901260264,-0.801540646532687,0.042467367301635,0.608308278942216,-0.020222232280673,0.0222392627281013,-0.00119222434871254
0.494546193506417,-0.855656798092354,0.0426904093320367,0.610432327595376,-0.0220174564535711,0.0228609808439982,-0.000705820361576674
0.501354197225573,-0.902009016928055,0.0426374636706621,0.610071475634191,-0.0238822446776923,0.0234140946277065,-0.000152586997542808
0.5091568996839,-0.939745130875282,0.042356941698916,0.607258514843724,-0.0257500104530218,0.0238872530086481,0.000459371205123091
0.517617658865185,-0.968244191024435,0.0419222785168757,0.60212723109926,-0.0275335130976837,0.0242654808382013,0.00111709210795722
0.526056085449353,-0.987291076890404,0.0414283409996488,0.594924399226029,-0.029130737449446,0.0245308883060678,0.00180160191130948
0.533461883339824,-0.997234703373518,0.0409820321480403,0.586000461569551,-0.0304367584250613,0.0246646990487991,0.00248745791935447
0.538599220530509,-0.999070752464466,0.0406882034697931,0.57577383199478,-0.0313598878657459,0.0246505362985916,0.00314359561155068
0.540188114172227,-0.99440055472321,0.040634196551252,0.564672574175633,-0.0318379407001524,0.0244782718462354,0.00373577927596014
0.537111898966783,-0.985258067527384,0.0408772993116215,0.553066956925797,-0.0318495664794538,0.0241472356212008,0.00423035752363945
0.528585167815337,-0.973847504553399,0.0414384029049779,0.541211631152108,-0.0314171259956792,0.0236675877970781,0.0045984362244729
0.514235304062118,-0.962265381098971,0.0423028378819618,0.529213556267454,-0.0306007399741352,0.0230592662954561,0.00481935282201186
0.49408928256052,-0.952276842055651,0.0434271484410342,0.51703269508058,-0.0294860757914979,0.022348828217318,0.00488259761089791
0.468491317834087,-0.945185729502272,0.0447493618554337,0.504511715072579,-0.02816981252717,0.0215652134123486,0.00478790610572919
0.437990925724476,-0.94180194437255,0.0462001593091659,0.49142326356799,-0.0267463921439873,0.0207356526133008,0.0045438258429704
0.403235826157732,-0.94248446212483,0.0477128410877422,0.477521067774371,-0.0252983228353205,0.0198826380870991,0.00416539977907692
0.364889629714908,-0.947228592862484,0.0492307361853865,0.462583568755566,-0.0238907720223821,0.0190223312455505,0.00367164573882583
0.323579875774709,-0.955768356004528,0.0507115079089363,0.446443780552718,-0.0225700126864671,0.018164290068215,0.00308333472839576
0.279872559215169,-0.96767326186694,0.0521284876349814,0.429004120617855,-0.0213646652903739,0.0173121238210822,0.00242132115958595
0.234265358762421,-0.982428334937712,0.0534696126418293,0.410238486072334,-0.0202885525085779,0.0164646318474334,0.00170546562066769
0.187191728236655,-0.999493906888985,0.0547347240282055,0.390185414537689,-0.0193441743389954,0.0156170742422382,0.000954062779457164
0.139029811939414,-1.01834652893538,0.0559319573998169,0.368936175481423,-0.0185261250906995,0.0147623602611243,0.000183638460243325
0.0901123160046736,-1.03850456821011,0.0570738301580054,0.346620802921732,-0.0178240758612742,0.0138920628978605,-0.00059101715933864
0.0407352582933766,-1.05954247616086,0.0581734790674109,0.323394026016254,-0.0172251725058118,0.0129972506050601,-0.00135668728769972
-0.00883527227837555,-1.08109718382221,0.0592413774419482,0.299422157159411,-0.0167158392165102,0.0120691696412494,-0.00210151391285451
-0.0583585108366625,-1.10286920285824,0.0602827748055605,0.274871403970225,-0.0162830482728681,0.0110998229335449,-0.00281478173625583
-0.107616359010984,-1.12462015016111,0.061296042731192,0.249897781102396,-0.0159151412702396,0.0100824846652321,-0.00348673245946453
-0.156412282718515,-1.14616773428888,0.0622720585701114,0.224638735263627,-0.015602287242465,0.0090121726593381,-0.00410842805283579
-0.204571275185374,-1.16737879574188,0.063194693562024,0.199206665453896,-0.0153366534615119,0.00788607920610781,-0.00467167244553553
-0.251940338245262,-1.1881607738778,0.0640423795479425,0.173684624549407,-0.0151123541984896,0.00670393985905926,-0.00516899406738903
-0.298388913073234,-1.20845194796653,0.0647906068732476,0.148124545610552,-0.0149252355281399,0.00546830282305522,-0.00559368557932108
-0.343808717775789,-1.22821091613722,0.0654150671563056,0.122548287210589,-0.0147725511852984,0.00418465255255706,-0.00593989131731703
-0.38811254204932,-1.24740596588881,0.0658950247736029,0.0969516078379479,-0.0146525841352813,0.00286134311865914,-0.00620272755397732
-0.431231714938456,-1.2660051714707,0.0662164157344079,0.071310871235184,-0.0145642682543064,0.0015093113276764,-0.00637841634856188
-0.473112187750902,-1.28396813146687,0.0663741684592833,0.0455919069773781,-0.0145068614916152,0.000141565209651753,-0.00646441155692725
-0.513709418863531,-1.30124029277507,0.0663733193050566,0.0197600749857782,-0.0144797124864385,-0.00122752286081345,-0.00645949656552353
-0.55298252029012,-1.31775021571076,0.0662287356863051,-0.00620963097423461,-0.014482153388974,-0.00258305872838619,-0.00636383757571986
-0.590888100455764,-1.33341041608931,0.0659633973194902,-0.0323237067001213,-0.0145135211196044,-0.00391051762457601,-0.00617898313235781
-0.627374567114899,-1.34812111100798,0.0656055717378474,-0.0585635512266085,-0.0145733057268848,-0.00519658915374888,-0.00590781033668529
-0.662377263007469,-1.36177642352389,0.0651853008730552,-0.0848818712783075,-0.0146613906326146,-0.00642988893851428,-0.00555442519648398
-0.695814821540664,-1.37427197042966,0.0647307648435679,-0.111202311138426,-0.0147783451976124,-0.00760147197144095,-0.00512403186203097
-0.727586851626926,-1.38551273292075,0.0642650529797853,-0.137422059273257,-0.0149257216601611,-0.00870511503348465,-0.00462278856156295
-0.757572867534864,-1.39542016927407,0.0638037600822042,-0.163416805569461,-0.0151063103989832,-0.00973736857768844,-0.00405766831822111
-0.785632230531276,-1.40393773879279,0.0633536567203214,-0.189047204705072,-0.0153243142427591,-0.0106974057190877,-0.00343634005348834
-0.81160479692937,-1.41103428254487,0.0629125032576489,-0.214165957759637,-0.0155854117057424,-0.0115867129420599,-0.00276708135407314
-0.835311976115728,-1.41670497636663,0.062469924860531,-0.238624728941951,-0.0158966878594387,-0.0124086727056201,-0.00205872884311163
-0.856557978140066,-1.42096978361097,0.0620091590049623,-0.262280312314461,-0.0162664183271867,-0.0131680838433067,-0.00132066646794033
-0.875131152801108,-1.42386947019843,0.0615094301862283,-0.284999694602966,-0.0167036963644357,-0.0138706548497108,-0.000562846499466324
-0.890805467717546,-1.4254593160203,0.0609486879168874,-0.306663873495308,-0.0172178964275031,-0.0145224917465229,0.000204167224959825
-0.903342319596338,-1.42580070200389,0.0603064471450052,-0.327170453542907,-0.0178179725230292,-0.0151295899528328,0.000969149380460707
-0.912493000356063,-1.42495082137428,0.0595664801064831,-0.34643514163726,-0.0185115990946834,-0.0156973315519384,0.00172017718463737
-0.918002227377102,-1.4229509042805,0.0587191177490292,-0.364392307095067,-0.0193041791692622,-0.0162299878874678,0.00244463401706154
-0.919613175174789,-1.41981358533562,0.0577629299939442,-0.380994779242913,-0.0201977705750445,-0.0167302340461869,0.00312928277436622
-0.917074394276106,-1.41551037251461,0.056705580040941,-0.396213055653605,-0.0211900151043111,-0.017198696740923,0.00376044180527658
-0.910148860741986,-1.40996052700062,0.0555637074260286,-0.410034111686328,-0.0222731920650697,-0.0176335786572896,0.00432429471251543
-0.898625175096097,-1.40302291171183,0.0543618034632493,-0.422460045870702,-0.0234335462463723,-0.0180304257292518,0.00480735608741769
-0.882330661461671,-1.39449235394115,0.0531302017406818,-0.433506847837267,-0.024651046704748,-0.0183821206893918,0.00519709506056811
-0.861145870884113,-1.38410167097149,0.0519024892868643,-0.443203585293288,-0.0258997036498732,-0.0186791854230489,0.00548268630922364
-0.835019829205386,-1.37152973058659,0.0507127951410148,-0.451592208041835,-0.0271485012068243,-0.0189104456818963,0.00565581767269641
-0.803985294769994,-1.35641495787078,0.0495934620264925,-0.458727919698109,-0.0283629048004621,-0.0190640509272029,0.00571144509386453
-0.768173209179305,-1.33837290716637,0.0485735032536586,-0.46467970679324,-0.0295068007695105,-0.0191287587043855,0.00564836428626242
-0.727825268252061,-1.31701622291995,0.0476779996374704,-0.469530271636788,-0.0305446562124008,-0.0190953104018486,0.00546947811509409
-0.68330299818971,-1.29197558279203,0.0469282833897578,-0.473374479416738,-0.0314436710240106,-0.0189576741279635,0.00518168390438845
-0.635091014025461,-1.262920746239,0.0463425157424391,-0.476315649209738,-0.0321757278039189,-0.0187139346882616,0.0047953765205883
-0.58379168120847,-1.2295811057837,0.0459361986358185,-0.478459595402359,-0.0327190016920287,-0.0183666745673258,0.0043236402341176
-0.530108754510517,-1.19176480856716,0.045722290984548,-0.479907083477633,-0.0330591399777122,-0.0179227946244155,0.0037812613106883
-0.474819073528531,-1.14937471175261,0.045710853047759,-0.48074601395992,-0.0331899469191599,-0.0173928356179926,0.00318371761874898
-0.41873385642014,-1.10241873381137,0.045908392694689,-0.481044926768625,-0.0331135234953025,-0.0167899488836048,0.00254628783659962
-0.362653798607085,-1.05101221596746,0.0463172271855154,-0.480849208066164,-0.0328398374808535,-0.0161287066661061,0.00188337988231588
-0.307324055097651,-0.995370988034919,0.0469351631444873,-0.480180759535019,-0.0323857506136784,-0.015423937235008,0.0012081216050153
-0.253395520255175,-0.935795642886081,0.0477556680455582,-0.479041080059626,-0.0317736005647048,-0.0146897283847877,0.000532202693401759
-0.201397482911966,-0.872649368888168,0.0487685328128548,-0.477416978786263,-0.0310295028394715,-0.013938683293488,-0.000134083022228262
-0.15172423525216,-0.806332875250888,0.0499608809156539,-0.475287687685124,-0.0301815757977024,-0.0131814527301727,-0.000781665873190032
-0.104635412536009,-0.737260110774575,0.0513183086027393,-0.472632044356109,-0.0292582861715606,-0.0124265200546711,-0.00140247183806105
-0.0602675646334575,-0.665837709809359,0.0528259493495457,-0.469434619688649,-0.0282870657665178,-0.0116801865970946,-0.00198919794633641
-0.0186531999496483,-0.592449807412257,0.0544693198781366,-0.465690043839033,-0.0272932795512248,-0.0109466950971577,-0.0025351337177152
0.0202566413293552,-0.517448534123931,0.0562348902586843,-0.461405202787827,-0.0262995532726585,-0.0102284339482168,-0.00303405119506255
0.0565696011485601,-0.441149491714124,0.0581103956178452,-0.456599339589214,-0.0253254132994905,-0.00952617901493611,-0.00348016938605238
0.0904312886526873,-0.363830976600384,0.0600849535467767,-0.451302355713465,-0.0243871617383031,-0.00883934667563794,-0.00386818656019138
0.122007850359448,-0.28573562739414,0.0621490649887122,-0.445551767586627,-0.023497905766471,-0.00816624667543396,-0.0041933658073218
0.15147217408938,-0.207073386309572,0.0642945633324489,-0.43938885072207,-0.0226676747635187,-0.00750433340877618,-0.00445165482495746
0.178993512789101,-0.128025013204584,0.066514548243342,-0.432854518952339,-0.0219035826939746,-0.00685045837330988,-0.00463981929143378
0.204730039399737,-0.0487457440675688,0.0688033096724593,-0.425985452065796,-0.0212100174248257,-0.00620112545854632,-0.00475556985928439
0.228823785143191,0.0306310482349321,0.0711562237542529,-0.418810906524598,-0.0205888567891225,-0.00555274620843486,-0.00479766549176051
0.251397477179888,0.109990181779448,0.0735695915746982,-0.411350525482166,-0.0200397201366887,-0.00490188663404726,-0.00476598026699382
0.272552898379168,0.189230929774016,0.0760403952797247,-0.403613315513984,-0.0195602638598944,-0.00424549279939138,-0.00466152641360947
0.292370488491814,0.268263207010097,0.0785659606607423,-0.395597795089142,-0.0191465222740156,-0.00358108084285713,-0.00448643248850526
0.310909964703631,0.347003737013106,0.0811435354142016,-0.387293167170237,-0.0187932850057089,-0.0029068789752358,-0.00424388134039973
0.328211759220078,0.425372329328483,0.0837698115392445,-0.378681248063142,-0.0184944923871818,-0.00222191384856526,-0.00393801699807606
0.344299066800991,0.503288444536994,0.0864404343101588,-0.369738812792341,-0.0182436240654025,-0.00152604021430969,-0.00357383228464585
0.359180283432784,0.580668233935026,0.0891495465947069,-0.36044000048598,-0.0180340544542838,-0.000819919422121681,-0.00315704962747057
0.372851616082249,0.657422215985151,0.0918894166746747,-0.35075845690184,-0.0178593516495475,-0.000104957543918047,-0.00269400639635057
0.385299662065798,0.733453704861424,0.0946501923345376,-0.340668962583538,-0.0177135027610326,0.000616783250576502,-0.00219155362553196
0.396503795555378,0.808658045882718,0.0974198163496577,-0.330148388921871,-0.0175910566908807,0.00134268630252197,-0.00165697372903828
0.406438253744205,0.882922651458649,0.100184130468934,-0.319175925350389,-0.017487183651643,0.00206968361755941,-0.00109791932309608
0.415073878004672,0.956127773443607,0.102927186923991,-0.307732618172794,-0.0173976581604059,0.00279435321655574,-0.000522371909392478
0.422379528235937,1.02814790080379,0.105631777480165,-0.29580034775081,-0.017318778404972,0.00351300834004691,6.13838720646687e-05
0.428323242923709,1.09885362580172,0.108280177557873,-0.283360444322541,-0.0172472398015688,0.00422178104026807,0.00064477729933273
0.432873258471284,1.16811378173666,0.110855084700703,-0.270392201584011,-0.0171799844984873,0.0049167065976788,0.00121896896519877
0.435999023778457,1.23579761956368,0.113340704633864,-0.256871589117445,-0.0171140516956724,0.00559381731834238,0.00177487922081663
0.437672345163327,1.30177676006421,0.115723904193583,-0.242770484735115,-0.0170464557767339,0.00624925394251927,0.0023032394203193
0.437868768726968,1.3659266413196,0.117995311488084,-0.228056736102244,-0.0169741196728499,0.00687939973331543,0.00279467786218629
0.436569249998352,1.42812719186217,0.120150206999567,-0.212695304514015,-0.016893888373944,0.00748103633535162,0.00323985113397621
0.433762075892886,1.48826251171817,0.122189026357201,-0.196650630682793,-0.0168026405956649,0.00805151228179779,0.00362962851875429
0.429444901046966,1.54621944671653,0.124117300594026,-0.179890189193568,-0.0166975041693679,0.00858890593604256,0.00395533176752527
0.423626658341969,1.60188510241936,0.125944906490831,-0.162388976024566,-0.0165761627729341,0.00909215687808291,0.00420902486291
0.416329029499387,1.65514354624347,0.127684594556089,-0.144134437042542,-0.0164372201917113,0.0095611359059256,0.00438383901842105
0.40758714712335,1.70587215450275,0.129349897939677,-0.125131151251178,-0.0162805677752659,0.00999662633255067,0.00447430863702138
0.397449267774514,1.75393822294663,0.130952676749235,-0.105404497376412,-0.0161076872598115,0.0104001992944882,0.00447668665309397
0.385975310459554,1.79919651289577,0.132500677753609,-0.0850026123093026,-0.0159218207202284,0.0107739822967849,0.00438920518686455
0.37323437067306,1.84148831221825,0.133995544454067,-0.0639962094937296,-0.0157279554683842,0.0111203397544829,0.00421225159639268
0.359301545734737,1.88064234694184,0.135431665711448,-0.0424762236935219,-0.0155326027114455,0.0114415016992815,0.00394844090962648
0.344254580323466,1.91647753266613,0.136796101401105,-0.0205496905354279,-0.0153433878371251,0.0117391871273178,0.00360258110667117
0.328170910589158,1.9488071944014,0.138069605115557,0.00166536602587062,-0.015168507017204,0.0120142689063654,0.0031815438923757
0.31112563192653,1.97744410155418,0.139228535390741,0.0240450779143923,-0.0150161295094521,0.0122665183408856,0.00269406608608664
0.29319075701124,2.00220553112024,0.140247269652238,0.0464639852245065,-0.014893831705872,0.0124944531135706,0.00215051238508943
0.274435911077709,2.02291760640016,0.141100650808403,0.0687977144453255,-0.0148081375100509,0.0126952974418448,0.00156262805572643
0.254930379202494,2.0394183352135,0.141766016136962,0.0909237797776133,-0.0147642148328544,0.0128650521815612,0.000943301321981229
0.234746213646231,2.05155903235585,0.142224464837657,0.112720634068124,-0.0147657470540974,0.0129986671284424,0.000306342613031754
0.213961944401728,2.05920409843003,0.142461182569461,0.134065498755286,-0.0148149679973384,0.013090306980652,-0.000333725500706803
0.192666314585427,2.06222939708152,0.142464825439497,0.154831821484237,-0.0149128241439419,0.0131337032393531,-0.000961885206966938
0.170961385337399,2.06051969890505,0.142226145659639,0.174887402296405,-0.0150592112210588,0.0131225827763636,-0.00156287199582726
0.148964334715713,2.05396582764666,0.14173619581486,0.194094255529165,-0.0152532253961961,0.0130511565655779,-0.00212148132441143
0.126807345648663,2.04246223489514,0.140984558194388,0.212311090773542,-0.0154933730696912,0.0129146378984437,-0.00262295461369986
0.104635182387326,2.02590571734114,0.13995808544198,0.229398870780471,-0.0157776982159489,0.0127097402843252,-0.00305345284698743
0.0826004206969562,2.00419584598091,0.138640582444437,0.245229249090411,-0.0161038115412424,0.0124350869036114,-0.00340060591530399
0.0608568040709176,1.97723738639546,0.137013690766654,0.259694897310013,-0.0164688376063095,0.0120914545273635,-0.00365410122232638
0.0395517442032186,1.94494458370215,0.135058968908339,0.272719997005318,-0.0168693269061233,0.011681783903901,-0.00380625157644047
0.018819392010932,1.9072467499441,0.132760849637403,0.284268755681194,-0.0173011994803687,0.0112109200528281,-0.00385246787914963
-0.0012242153534221,1.86409425336593,0.130109892129198,0.294349937158711,-0.017759785828616,0.0106850956559904,-0.00379156390562041
-0.0204827859364145,1.81546388853858,0.127105628984872,0.303016139973602,-0.0182400067680578,0.0101112255914685,-0.00362584168963072
-0.038877780221468,1.76136275680886,0.123758391818665,0.310357738907802,-0.018736692747567,0.0094961226714549,-0.00336094278076713
-0.0563432891444948,1.70183015755299,0.120089763038449,0.316492650517114,-0.0192449991062178,0.00884575929511475,-0.0030054924785434
-0.0728190214729951,1.6369374534441,0.116131652641122,0.321553979081933,-0.0197608423832815,0.00816468328963409,-0.00257059830338572
-0.088242988124233,1.56678627354829,0.111924314622874,0.325677880400183,-0.0202812738490035,0.00745565724760264,-0.00206928094541102
-0.102545356935532,1.49150564820387,0.107513802019078,0.328993636028118,-0.0208047201527918,0.00671954499399438,-0.00151591322972517
-0.115644482588411,1.41124870874528,0.102949379808282,0.331617167644862,-0.0213310495306092,0.00595543145232509,-0.000925724571984001
-0.127445501824894,1.32618946680853,0.0982812996328292,0.333648338607221,-0.0218614547823983,0.00516094095858201,-0.000314402757797182
-0.137841318639817,1.23651998368737,0.0935591537046594,0.335171637405243,-0.0223981726878647,0.00433271344624157,0.000302200797591861
-0.146715400065827,1.14244801961826,0.0888308340690001,0.336259344528287,-0.0229440795853215,0.00346700145350136,0.000908276950642259
-0.153945578374913,1.04419506739933,0.0841419751718897,0.336976059639908,-0.0235022142660227,0.00256035525214248,0.00148820449664446
-0.159407966544877,0.941994562478668,0.0795356754028459,0.337383448355712,-0.024075283575637,0.00161036173798854,0.00202667137576677
-0.162980085878197,0.836090054215106,0.0750522800473044,0.33754418157691,-0.024665204092569,0.000616391739343652,0.00250880835493361
-0.164542353070438,0.726733247586104,0.0707290550078189,0.337524234149892,-0.0252727242375781,-0.000419708777001599,0.00292036800810787
-0.163977203873222,0.614182108526465,0.0665996725703863,0.337392967858263,-0.0258971529923967,-0.00149306957501466,0.0032479728828028
-0.161165413623879,0.498699659478893,0.0626935465682462,0.337220752419969,-0.0265361924540667,-0.00259548897417098,0.00347944373299458
-0.155979696740733,0.380554611761011,0.0590351671900441,0.337074274452291,-0.0271858335007913,-0.00371546337764646,0.0036042033443307
-0.148276478350194,0.260025463747965,0.0556436629096431,0.337010108335202,-0.0278402350049981,-0.00483861514354075,0.00361373704915211
-0.137887790437427,0.137409929362518,0.0525328257937581,0.337067487381226,-0.0284914829179187,-0.00594851866636523,0.0035020822618122
-0.124616378183246,0.0130413035340326,0.0497117568861247,0.33726141017994,-0.0291291365640887,-0.00702784540465282,0.00326632088625799
-0.108237996410985,-0.112687608798776,0.0471861270368694,0.337577174083599,-0.0297395337434134,-0.0080596742269529,0.00290706221624826
-0.0885151130456236,-0.239294205439116,0.0449598457797184,0.337967175907268,-0.0303049497392431,-0.00902876870349955,0.00242892654634834
-0.0652253606663893,-0.366173245461613,0.0430367543454436,0.338350514602769,-0.0308028724997216,-0.00992262303332258,0.00184106120534236
-0.0382056972458683,-0.492568257803709,0.0414218825207691,0.338615795886505,-0.0312058247641845,-0.010732119644218,0.00115772570259775
-0.00740922201224796,-0.617556601712837,0.0401218855605813,0.338627711642909,-0.0314822642405624,-0.0114517018545253,0.000398953680139922
0.0270335472152389,-0.740058415015049,0.0391445099463046,0.338238278896601,-0.0315990372040967,-0.0120790155632206,-0.000408777360783726
0.0647618103570292,-0.858877150424095,0.0384972486934853,0.337303418100772,-0.0315255688787229,-0.012614001352041,-0.0012320641153943
0.105154458143721,-0.972772421223002,0.0381855683748135,0.33570377943904,-0.03123942515577,-0.0130574450245386,-0.00203063356290121
0.147333179990273,-1.08055533105234,0.0382110088019555,0.333364674233816,-0.0307321849212583,-0.013409083058798,-0.0027584121198292
0.19019945623934,-1.18118619596501,0.0385689991088457,0.330264703220258,-0.0300139991045331,-0.0136655755906174,-0.00336608046897926
0.232496199924746,-1.27385019523907,0.039245730066648,0.326420253482838,-0.0291151513393494,-0.0138189806507272,-0.00380534453358817
0.27288165656397,-1.35799181220442,0.0402136182136435,0.321839168518869,-0.0280836183980293,-0.0138565861005106,-0.00403461574727161
0.310008962702691,-1.4333024388463,0.0414263136555552,0.316453444234514,-0.0269789259945528,-0.0137627499183445,-0.00402507843118122
0.342611658941083,-1.4996707450481,0.0428161177985641,0.310059662016157,-0.0258639459334134,-0.0135226102131966,-0.00376558984064714
0.369592646777057,-1.5571153934052,0.0442971025177101,0.302301171264686,-0.0247969532713485,-0.0131265070060206,-0.00326496397021467
0.390101644060775,-1.60572113042136,0.0457747829272258,0.292708292336538,-0.0238258441619819,-0.0125734459360462,-0.00255107091968591
0.403577450492893,-1.64559329852291,0.0471591506649816,0.280781663827237,-0.0229851741520654,-0.0118723800202675,-0.00166737698590111
0.40973810731841,-1.67683611914258,0.0483754018883142,0.266081543340177,-0.0222954120898664,-0.0110411511866154,-0.000668302148443653
0.408521587257624,-1.69955095488356,0.0493678612624454,0.248286554332995,-0.0217632407880515,-0.0101038194489607,0.000385305776584873
0.399999226399828,-1.71384527794898,0.0500966224652213,0.22720460348186,-0.0213820366886383,-0.00908732027701873,0.00142994800237862
0.384293824768613,-1.71984225843709,0.0505307658291632,0.20274218280309,-0.0211324758030285,-0.0080180767891108,0.00240260270097398
0.361532035328799,-1.7176839848011,0.0506443052770958,0.174855050622256,-0.0209840140387686,-0.00691884760277205,0.0032437202342633
0.331847925061621,-1.70752688078877,0.0504198883499146,0.143509381487851,-0.0208983067157691,-0.00580608014598261,0.00390058235407483
0.295433783532096,-1.68953409601322,0.0498606478354347,0.108677212657525,-0.0208351579913502,-0.00468832614459039,0.00433112613318174
0.252611031680108,-1.66387396692392,0.0490043826527861,0.0703739732450741,-0.0207603657672003,-0.00356645892463399,0.00450774990711424
0.203879956501318,-1.6307332202601,0.0479304028705117,0.028723758248705,-0.0206534520074728,-0.00243608584597875,0.00442016463258285
0.149913856649219,-1.5903477866414,0.0467516144720578,-0.0159790619905313,-0.0205127334730576,-0.00129167966491863,0.00407636669213293
0.0914912386440144,-1.54304655798249,0.0455923349348623,-0.0632432494753909,-0.0203561146080232,-0.000131126612215321,0.00350138607003036
0.0293925691440234,-1.48929986783109,0.0445605303948151,-0.112401466786337,-0.0202179059049981,0.00104073436408804,0.00273430357176694
-0.0356952323138839,-1.4297673569821,0.0437257334578106,-0.162665343696443,-0.0201435878002378,0.00221032764564562,0.00182461200708827
-0.103230642133575,-1.36534619706272,0.0431097214708803,-0.213186925151904,-0.0201847173315564,0.00335513648943352,0.0008289831381925
-0.17281134723663,-1.29722515554991,0.0426900548982569,-0.263101892034546,-0.0203950851565699,0.00444439985243886,-0.000191047226706615
-0.244115983718321,-1.22694918345227,0.0424115879929907,-0.311546663441088,-0.0208274645216028,0.00544015655901732,-0.00117074051935293
-0.316809396664981,-1.15649120578183,0.0422003090992681,-0.357661943041734,-0.0215285487663456,0.00629854717633324,-0.00204412648419215
-0.390423438383939,-1.08830878086956,0.0419769644505964,-0.400611467671864,-0.0225284290733405,0.00697168835863357,-0.00274764900386985
-0.464208693666632,-1.02532412073871,0.0416729991031826,-0.439649564108423,-0.0238209521703404,0.00741069427342012,-0.00322671148872489
-0.536931226241537,-0.970696757360528,0.0412546824006549,-0.474254084596662,-0.0253342452521905,0.00757092999610221,-0.00344527853989521
-0.606601800063416,-0.927180091883303,0.0407561837764002,-0.504290260719873,-0.0268993929739473,0.00742164899892624,-0.00339631583874278
-0.670247833274514,-0.895892352892973,0.0403031356114728,-0.530091682616593,-0.0282406314281983,0.00696230155884073,-0.00310754227355686
-0.724066441478567,-0.874739607184005,0.0400852275281408,-0.552299526667316,-0.0290225499426093,0.0062427441000273,-0.00263528647724674
-0.764323507860627,-0.857531632427894,0.0402486611468142,-0.571414073327564,-0.0289705574738805,0.00537288364238849,-0.00204412221624359
-0.788759031697377,-0.83516276093792,0.0407562782127623,-0.587308696884586,-0.0280124238280197,0.00450178393851162,-0.00138257148330661
-0.797443012391387,-0.798856419521902,0.0413362982548778,-0.59913374800955,-0.0263300811339237,0.00376636685875087,-0.000673366363878976
-0.792305967355779,-0.743313874753814,0.0415827728164181,-0.605740951084047,-0.0242659366026835,0.00324266435787238,7.46905255819352e-05
-0.775880883811224,-0.667599317546421,0.0411220660156462,-0.606262561430577,-0.02216127884022,0.00293350914861796,0.000846933206012165
-0.750340260597206,-0.573875005189645,0.0397162496819873,-0.600417290945195,-0.0202465575152341,0.00279162401767813,0.00161236415595431
-0.717228588465303,-0.465586348034732,0.0372676784827593,-0.588470527062069,-0.0186225879378018,0.00275283320161812,0.00232616206327453
-0.677613154728666,-0.346224142973635,0.0337715071295742,-0.571030740524816,-0.0172957332772574,0.00276033473984773,0.00293864909445704
-0.632305288684313,-0.218814206407407,0.0292673233661504,-0.548844781077912,-0.0162225671832922,0.00277614110344664,0.00340444147927096
-0.582000411921304,-0.0858499112858821,0.0238118815251693,-0.522649112804885,-0.0153435159831288,0.00278304564979609,0.00368922926885274
-0.527330184161672,0.050604535009705,0.0174729281272072,-0.493078010760349,-0.0146027353140802,0.00278091392761438,0.0037737782202476
-0.468868248342095,0.188787853632181,0.010334997689077,-0.460621399017343,-0.0139572717254148,0.00278003395982744,0.00365525781237737
-0.407127938818861,0.32714827433991,0.0025066264252328,-0.425626603205074,-0.0133789209964094,0.00279373806992044,0.00334613119580418
-0.342570480792089,0.464291766104401,-0.00587844188989951,-0.388333189243287,-0.0128516842805586,0.00283219933661532,0.00287116304745278
-0.275623263907134,0.598961587128989,-0.0146679746047874,-0.348922454225455,-0.0123673783797619,0.00289863027941039,0.00226345947245201
-0.206698170903043,0.730034314385001,-0.0237028745480864,-0.307561740790877,-0.0119214489129579,0.00298813149601847,0.00156053409682098
-0.136200768204198,0.856519973603529,-0.0328286488345007,-0.264430727804836,-0.0115101930352815,0.00308862663792061,0.000801121724802594
-0.0645279584142764,0.977558386467748,-0.0419026431122612,-0.219727544778522,-0.0111296754714297,0.00318300547103998,2.30213443275211e-05
0.00794133016885374,1.09240792061285,-0.0507954590180333,-0.173661145279568,-0.0107759469792895,0.0032517281808824,-0.000738128845382353
0.0808543691083147,1.20042625251539,-0.0593874251547419,-0.126440004932854,-0.0104458748316434,0.00327545056934061,-0.00144945445845653
0.153884503292445,1.30104594391415,-0.0675626354303539,-0.0782662012976914,-0.0101379018419591,0.00323746592184279,-0.00208119316971117
0.226719216598371,1.39375024253233,-0.0752037534740695,-0.029340056889643,-0.00985223574622019,0.00312582234516352,-0.00260710417649546
0.299037866921154,1.47805548943891,-0.082190516454972,0.0201244010573603,-0.00959024117312228,0.00293489814357337,-0.00300513141794416
0.370484922082088,1.55350513953318,-0.0884036712994555,0.0698775246760165,-0.00935310944912933,0.00266612048375027,-0.00325834696803854
0.440646979599563,1.61967694892404,-0.0937341340551327,0.119613197908159,-0.00914016220559967,0.00232753038152879,-0.00335603487639593
0.509041407658062,1.67620053245357,-0.0980950644064611,0.1689571796991,-0.00894731724272295,0.00193210652337196,-0.00329466591572749
0.575120877019344,1.72277897963301,-0.101433197563289,0.217470159030431,-0.00876622118457647,0.00149511677415542,-0.00307850599538477
0.638292528835783,1.75920712708083,-0.103735914008269,0.264665924631454,-0.00858431501530557,0.00103110935632277,-0.00271969780832915
0.697945462697636,1.78538096812109,-0.105032149519494,0.310039598771738,-0.00838574305612885,0.000551304838459003,-0.00223780415547721
0.753477957276419,1.80129649260895,-0.105387487363401,0.353097642800514,-0.00815271570998125,6.20261132107135e-05,-0.00165892309716427
0.80431718308966,1.80703995638706,-0.104895458438741,0.393381680375778,-0.00786683311421249,-0.000435523444760304,-0.00101452345175676
0.849928119131374,1.80277339582692,-0.103667496685668,0.430481581771993,-0.00750999927685679,-0.000944198671462765,-0.000340102035082531
0.889812955556712,1.78871856260567,-0.101823285727285,0.464037912567145,-0.00706482127799,-0.00146892728988492,0.000326324889100939
0.92350565522932,1.7651401278737,-0.0994821264749264,0.493737883643555,-0.00651466591251831,-0.0020143291044151,0.000945955995085678
0.950567467774753,1.73232654369819,-0.0967552606088481,0.519311089335495,-0.00584372787507974,-0.00258253245512645,0.00148123574502287
0.970587662880038,1.69056601855888,-0.0937392084734333,0.54053106900572,-0.00503749732715995,-0.00317175882232946,0.00189818174802974
0.983189940251171,1.64011685683907,-0.0905109315294498,0.557226209209513,-0.00408391573159225,-0.00377611748010443,0.00216887130050292
0.988040318639892,1.58117613044267,-0.0871263439233568,0.569299592090644,-0.00297535295672433,-0.00438677632909217,0.00227379850951576
0.9848494338081,1.51385716830905,-0.0836236491304162,0.57675371683199,-0.00171142332544223,-0.00499426336561756,0.00220373052955981
0.973364062544449,1.43819237124247,-0.0800318916590762,0.579714336387965,-0.000302615825406581,-0.00559121894643201,0.0019607501092234
0.953350811525293,1.35418042647285,-0.0763833903215309,0.578448568708404,0.00122538500858098,-0.00617464388629064,0.00155837669222749
0.924587344298422,1.26189254796378,-0.072727105488976,0.573374489083388,0.00282724690834534,-0.00674671164497996,0.00102091111260451
0.886886971866839,1.16163633583254,-0.0691390126387594,0.56505984964475,0.00443493338534458,-0.00731354932377961,0.000382282165108839
0.840180706863145,1.05414488032079,-0.0657254075787282,0.55420504183809,0.00595873169119555,-0.00788196753366417,-0.00031544420705008
0.784657083977738,0.940719753590712,-0.0626161433857685,0.541602467164101,0.00729524891192793,-0.00845484678062684,-0.00102406939637348
0.720916235832353,0.82323703564309,-0.0599477757310269,0.528066920326078,0.00834309898735441,-0.0090266194797663,-0.00169225173133905
0.650057695216576,0.703962444530484,-0.0578411298523792,0.514343059365467,0.00902263169065336,-0.00958066732479162,-0.00226982873355342
0.573631843087973,0.585216814248007,-0.0563812122568431,0.501011593064231,0.00929237948282556,-0.010090026461995,-0.00271313633490445
0.493452604077432,0.469022993434433,-0.0556064304764594,0.488423217305098,0.00915552586154716,-0.0105215036902749,-0.0029901471944911
0.411345358184762,0.35687186118411,-0.0555090170433372,0.476680541253601,0.00865472679008691,-0.0108418271380636,-0.00308394587561273
0.328927340282096,0.249665395102346,-0.0560435496154221,0.465668632307004,0.00785902218768718,-0.0110236965465257,-0.00299359677745226
0.247480228328467,0.147802124290928,-0.0571388831186099,0.455117691690006,0.00684865059407604,-0.0110499116769871,-0.00273245417713104
0.167919688634972,0.0513287386135257,-0.0587100722633511,0.444675252643634,0.00570228752039977,-0.0109147666852085,-0.00232476943337721
0.0908333196012077,-0.0399069534167245,-0.0606685358700648,0.433969290447531,0.00448876498132826,-0.0106229667787208,-0.00180171850369241
0.0165525254850391,-0.126135240490474,-0.0629296074235919,0.422652303688928,0.00326335974386906,-0.0101869941035566,-0.00119776084424025
-0.0547676946886378,-0.207584073741876,-0.065417029984845,0.410424962810647,0.00206765668918993,-0.00962399004586854,-0.000547808698160989
-0.123076169604325,-0.284434431156497,-0.068064390407616,0.397043746464035,0.000931606822421619,-0.00895296538449824,0.000114719790453122
-0.18836704170489,-0.356803231006102,-0.0708140130864492,0.382319423071503,-0.000123540965012575,-0.00819274590479326,0.00075913973276056
-0.25063729467556,-0.424745948835357,-0.0736142689381839,0.366112830272778,-0.00108244534209274,-0.00736071479205667,0.00135828756170899
-0.309860070342287,-0.48827246398839,-0.0764164657770971,0.348332236804243,-0.00193362185236243,-0.00647221367387671,0.0018890768981887
-0.365972786005215,-0.547370659115801,-0.0791724384356615,0.328933722375441,-0.00266835261114191,-0.00554040085595947,0.00233294713401034
-0.418878727737011,-0.60203276323742,-0.0818336666779648,0.307923347689326,-0.00328045648105376,-0.00457638140485804,0.00267622740925025
-0.468460014805187,-0.652279697102419,-0.0843522523203814,0.285358107927344,-0.00376660516579901,-0.00358946534468028,0.00291035810512136
-0.514598289973027,-0.698179164330738,-0.0866834728096222,0.261342329484784,-0.00412677523018546,-0.00258745030571442,0.00303187197008573
-0.557197555143712,-0.739854169284325,-0.0887890684983005,0.236017590590827,-0.00436446053365082,-0.00157686525728695,0.00304205099566153
-0.596202374661755,-0.777480185650448,-0.0906401453896454,0.20954711476745,-0.00448642385509765,-0.000563163414647783,0.00294624763626149
-0.63160583091758,-0.811271637324263,-0.092218762586034,0.18209851433977,-0.00450198941191031,0.000449096971982389,0.00275296889433325
-0.66344567414079,-0.841461435917605,-0.0935178696239499,0.153829734101765,-0.00442207174765731,0.00145603217592367,0.00247290952519695
-0.691792009709678,-0.868279542769262,-0.0945399206671649,0.124881229189159,-0.00425820610936543,0.0024541608490639,0.00211812237515422
-0.716732317020326,-0.891936184934914,-0.0952948375228266,0.0953743550427835,-0.0040217784649655,0.00344012122202406,0.00170142823688933
-0.738358496180592,-0.912612654261509,-0.0957979331631394,0.0654140013759948,-0.00372352928521044,0.00441043463762188,0.00123606259515903
-0.756757910889307,-0.930459589084469,-0.0960681491892341,0.035093378852177,-0.00337331061201011,0.00536134885911582,0.000735496094892519
-0.772008300993501,-0.94560090742383,-0.096126726272569,0.00449962695694067,-0.00298003580390132,0.0062887650272318,0.00021335687711865
-0.784175616531736,-0.958141207856359,-0.0959962866861257,-0.0262804311995766,-0.0025517545160889,0.00718823873204253,-0.000316601507498291
-0.793313794740877,-0.968174784479475,-0.0957002362070963,-0.0571548021501483,-0.00209578786611599,0.00805504715370918,-0.000840526606268065
-0.799465702987609,-0.975794846926207,-0.0952623555156108,-0.0880215331879415,-0.00161886065683569,0.00888432015614901,-0.00134451865167921
-0.802664637745291,-0.981101871043066,-0.0947064374682166,-0.118765147933518,-0.00112716979347067,0.00967123511763953,-0.00181473356039257
-0.802935856747467,-0.984210228580268,-0.0940558386106852,-0.149254880679014,-0.000626335097253766,0.0104112695131864,-0.00223756002169727
-0.800297666942173,-0.98525244108275,-0.0933328542899717,-0.179345210141566,-0.000121194970723137,0.01110049232651,-0.00259988679965164
-0.794761641251696,-0.984380670475178,-0.0925578936654132,-0.208878957781919,0.000384562619994274,0.0117358586937632,-0.00288946477675205
-0.786331627385257,-0.981765465394694,-0.0917485120860525,-0.237692808689446,0.000888904450989239,0.0123154573248976,-0.00309535120301278
-0.775001362502685,-0.977592337117347,-0.0909184336612574,-0.26562458313299,0.00139201835450059,0.0128386539553961,-0.00320840303581927
-0.760750715772129,-0.972057363778405,-0.0900767421959386,-0.292521066554253,0.00189683084321706,0.0133060823386664,-0.00322176680368457
-0.743540818490553,-0.965363553356951,-0.0892274144958975,-0.318244875943288,0.00240934814169248,0.0137194590815951,-0.00313130038799917
-0.723308562780034,-0.95771993894893,-0.0883693117909314,-0.342678880225067,0.00293870594816839,0.0140812360052219,-0.00293586339987537
-0.699961109507951,-0.949345193495423,-0.0874966496725615,-0.365727191832288,0.00349685683744092,0.0143941439521537,-0.00263742991911734
-0.673371134950352,-0.940476932875716,-0.0865998706861407,-0.387312630768898,0.00409788437561465,0.0146607127072801,-0.00224100716583998
-0.643373621116954,-0.931386977141025,-0.0856667884240225,-0.407371603611036,0.00475698609219068,0.0148828634150723,-0.00175437826495085
-0.609765176912868,-0.922401878469358,-0.0846838865536584,-0.425848255024481,0.0054891901493344,0.0150616600541484,-0.00118771730770456
-0.572307314864932,-0.913927143592744,-0.0836377427389702,-0.442690319219022,0.00630785131757557,0.0151972798276272,-0.000553144171166956
-0.530735898884615,-0.906472717539583,-0.0825166781212579,-0.457849246665048,0.00722291813348337,0.0152892267497727,0.000135705507440244
-0.484780062629983,-0.900676167802956,-0.081312857358368,-0.47128694851714,0.00823890184729253,0.0153367744249398,0.000864018956995656
-0.434194932010081,-0.897318215690894,-0.0800251200280335,-0.48299093086766,0.00935245113340753,0.0153395844754828,0.00161597874825792
-0.378812717461531,-0.897322555952278,-0.0786627474311294,-0.492998589309651,0.0105494943038044,0.0152984047558999,0.00237469886568076
-0.318614980326386,-0.901728579269135,-0.0772501033848704,-0.501429684199282,0.0118020968473499,0.0152157074804143,0.00312187308872918
-0.253823753403081,-0.911622958499338,-0.0758316011242323,-0.508523044840646,0.0130655095791692,0.015096091515108,0.00383714146893694
-0.184999957137986,-0.928016666819076,-0.0744757617820915,-0.514669062776923,0.0142762986021329,0.0149462649965013,0.00449730313751117
-0.113125387715983,-0.951661421780217,-0.073276363191119,-0.520424106108376,0.0153528091952376,0.0147744655258814,0.00507569767952898
-0.0396337886983687,-0.982816887634144,-0.0723481131904866,-0.526488941161026,0.0161993086232399,0.014589274705179,0.00554228989822634
0.033645597873781,-1.0210072249843,-0.071814423125958,-0.533634998360456,0.0167147703046721,0.0143979329432745,0.00586508701216993
0.104654485710576,-1.06483640066447,-0.0717863882076347,-0.542574835344375,0.0168062773671983,0.0142044417163838,0.00601330804054987
0.171370981162281,-1.11195079482432,-0.0723354777202172,-0.553797545511118,0.0164054321623916,0.0140079260028258,0.00596210757597162
0.232117189929587,-1.15922274568418,-0.0734670653236648,-0.567417743965733,0.0154842055328699,0.0138018373616618,0.00569778108855887
0.285815360794357,-1.2031635548166,-0.075105230641002,-0.583099560953174,0.0140651653828251,0.0135744469339347,0.00522171920655847
0.332100165787531,-1.24047358550287,-0.077097680981847,-0.600097296286203,0.0122214167553117,0.0133106035427924,0.00455150076049196
0.371247782371053,-1.26855700306834,-0.0792419828662442,-0.617404780175387,0.0100648184662181,0.0129941094353197,0.00371858180379808
0.403962415124708,-1.28583307248019,-0.081324483996177,-0.633955360714819,0.00772594365571144,0.0126097604105521,0.00276348585490318
0.431115626178458,-1.29177171925851,-0.0831580402814933,-0.648797822634486,0.00533268356441917,0.0121443966168368,0.00173029457008865
0.453530506373885,-1.28670236516875,-0.0846071955482916,-0.661198111817836,0.00299399962902486,0.0115869761615319,0.000662087196083851
0.471856319406482,-1.27151430425917,-0.0855967932435655,-0.670659349261369,0.000791830907954384,0.0109281973584151,-0.00040189194413561
0.486530221972132,-1.24736124306582,-0.0861065841834384,-0.676884448978042,-0.00121964784270707,0.0101602745261803,-0.00142744451706726
0.497797475525725,-1.21543434065589,-0.0861572055755543,-0.67971513848191,-0.00301023425923571,0.00927722235170377,-0.00238557490770045
0.505760216421322,-1.17681955418605,-0.0857925378512026,-0.67907428535459,-0.00456821751978437,0.00827567698588593,-0.00325218982766036
0.510434376436552,-1.13242714660775,-0.0850619523100866,-0.674926119191533,-0.00589506797134802,0.00715603951453017,-0.00400774820375648
0.511803866395669,-1.08297293828984,-0.0840047889422825,-0.667258226162619,-0.00700110288610997,0.00592360487418504,-0.00463704674202187
0.509866616967754,-1.0289930093783,-0.0826388476848858,-0.656082119360432,-0.00790224392692153,0.00458931902240925,-0.00512915991217487
0.504669168392687,-0.970878218240331,-0.0809543378952988,-0.641445345632327,-0.00861767868990337,0.00316987251705602,-0.00547745768217297
0.496327332357837,-0.908918421933412,-0.0789141211861018,-0.623446755398205,-0.00916818475469084,0.0016869778169991,-0.00567958901268341
0.48503165472077,-0.843348220726026,-0.0764600190599873,-0.602247335833305,-0.00957492935361634,0.000165865318709416,-0.00573732914072299
0.471038485781771,-0.774387395911593,-0.0735236674925279,-0.578071528249483,-0.00985863019830688,-0.00136677835052085,-0.00565622966636526
0.454649905567243,-0.702270979561874,-0.0700393716851382,-0.551197498818931,-0.0100390121623004,-0.00288507529823333,-0.00544506637375797
0.436187603282001,-0.627266411289138,-0.0659560879590152,-0.521938324726165,-0.0101345129506337,-0.00436603853933883,-0.00511513279371489
0.415966332644194,-0.549678058703303,-0.0612461697292463,-0.490618431234694,-0.0101621884894895,-0.00579115748232472,-0.00467946256941519
0.394271644334727,-0.469841732797976,-0.0559096236258266,-0.457550308417826,-0.0101377599043831,-0.00714731386354716,-0.00415207347986665
0.371344726342077,-0.388113116670241,-0.0499738767185417,-0.423015688439782,-0.0100757394778131,-0.00842701086084238,-0.00354731291995165
0.347375119721348,-0.30485409882309,-0.0434900321195775,-0.387253624742694,-0.00998957713956586,-0.0096280207615828,-0.00287935789372385
0.322500456011499,-0.220420172047616,-0.0365270684320755,-0.35045606145039,-0.00989178044424451,-0.0107526217186335,-0.00216189285170305
0.296811527507534,-0.135150824947244,-0.0291654296322709,-0.312770089816453,-0.00979397479205211,-0.0118066017690061,-0.00140796346767631
0.270360737969506,-0.0493636427007961,-0.0214911199907943,-0.274305305167393,-0.00970688569764506,-0.0127981783476957,-0.000629988184448761
0.243172470358623,0.0366479954308895,-0.0135909656196593,-0.235144583729999,-0.00964023384953796,-0.0137369288314376,0.000160100285051293
0.215254293349139,0.122614206813098,-0.00554928082485729,-0.195356759074766,-0.00960254434911628,-0.0146327787333052,0.000950613644392832
0.186608559989204,0.208285413989009,0.00255410975114853,-0.155010102940704,-0.00960087946512596,-0.0154950528526405,0.00172979663196427
0.157244373360985,0.293426823609284,0.0106446885224364,-0.114185906362831,-0.00964051436162346,-0.0163315702857312,0.00248547473941125
0.127190073758252,0.377810361858265,0.0186531478852065,-0.0729916476761948,-0.0097245879677485,-0.0171477597828573,0.00320469614879605
0.096505981633012,0.461204431458847,0.0265147007990508,-0.0315727647635627,-0.00985377957474054,-0.017945796369657,0.00387342574351763
0.065295907466387,0.543363722403126,0.0341682725596067,0.00987925030398142,-0.0100260907025974,-0.0187238180112884,0.00447638666204217
0.0337145063117774,0.624022868045183,0.0415561146668484,0.0511259092491293,-0.0102368457601991,-0.0194753557269858,0.00499716855479528
0.0019671818977758,0.702896693263598,0.0486241511949363,0.0918908757784491,-0.0104790344791357,-0.0201891632261583,0.00541869727327224
-0.0296996108257372,0.779686909134218,0.0553229549494455,0.131879694262303,-0.0107440687053321,-0.0208496337020922,0.00572409143254999
-0.0610177073735625,0.854093053190896,0.0616089627181261,0.170807521871548,-0.0110229101555603,-0.021437928215673,0.00589784305353322
-0.0917237957703589,0.925824821437082,0.0674454447350128,0.208429612051309,-0.0113073801529582,-0.0219338000783669,0.00592716837773116
-0.121587872050551,0.99461285214562,0.0728028316030991,0.244567419412598,-0.0115913455000707,-0.0223178982129667,0.0058032985673941
-0.1504369157421,1.06021525305942,0.0776581705483358,0.279123434856239,-0.0118714657926057,-0.0225741394237944,0.00552246453615992
-0.178167463463226,1.122418194078,0.0819938055856485,0.312080433786506,-0.0121473112102913,-0.0226916563279145,0.0050863960699279
-0.204743781178326,1.18103065463443,0.0857957052683567,0.343485323870075,-0.0124208865383933,-0.0226659148653703,0.0045022914593643
-0.230182527697217,1.2358753101864,0.0890520848941466,0.373422233383402,-0.0126958220029621,-0.0224988274255978,0.00378235895024738
-0.254528418395781,1.28677878296465,0.0917529931513933,0.401982037111423,-0.0129766116058936,-0.0221979609493077,0.00294312341080392
-0.277827040321656,1.33356463628958,0.0938913577165731,0.42923538269913,-0.0132682513447725,-0.0217751385702982,0.00200470224365124
-0.300100432159763,1.37605170418272,0.0954656714989176,0.455214052477364,-0.0135764847347367,-0.0212447962781039,0.00099019796582255
-0.321329103778494,1.41405901288639,0.096484101237202,0.479902473594731,-0.013908671910774,-0.020622392247677,-7.47326881138218e-05
-0.341441943247826,1.44741700767206,0.0969693303218985,0.503238556288396,-0.0142751225857375,-0.0199230322355557,-0.00116215993741477
-0.360313788165959,1.47598316948133,0.0969629315104945,0.525121405771914,-0.0146906007267636,-0.01916033602814,-0.00224210933373785
-0.377769629219528,1.49965838739622,0.0965276059671031,0.545422862338608,-0.0151756234625283,-0.0183454801000647,-0.00328288351017939
-0.393594256701188,1.51839878554669,0.0957454603243526,0.564000006271594,-0.0157571409884851,-0.0174863417041179,-0.00425164624094036
-0.407546101105713,1.53221664644399,0.094710959960314,0.580706376121087,-0.0164682188175886,-0.016586745107521,-0.00511541896721995
-0.419373443652076,1.54116464674844,0.0935185479964309,0.595400410140266,-0.0173464843110695,-0.0156459429683308,-0.00584255856901044
-0.428829812002516,1.54530085946886,0.092247016078779,0.607950353485386,-0.0184313636262013,-0.0146585864441865,-0.00640463354139967
-0.435683707629705,1.54463798490446,0.0909447840389483,0.618235521029146,-0.0197604738752824,-0.0136154552477759,-0.00677842706717926
-0.43971707956293,1.53908736392138,0.0896210705529798,0.626144434861996,-0.0213658114233428,-0.0125050719053681,-0.00694765308623852
-0.440708483551557,1.5284133237123,0.0882466069423632,0.631571100189602,-0.0232704208189577,-0.0113160439951958,-0.00690397137941831
-0.438400924745833,1.51221358678367,0.0867643417847828,0.634411572970082,-0.0254859595625773,-0.0100396985335194,-0.00664706491171328
-0.432459717361066,1.48993682373995,0.0851070668539625,0.634563741910949,-0.0280110974051369,-0.00867245339938472,-0.00618382625407768
-0.422430374148348,1.46094181182667,0.0832168697749009,0.63193334765584,-0.0308302657451215,-0.00721748049875292,-0.00552695522726242
-0.407709447516843,1.4245972015344,0.0810615269164372,0.626448163349783,-0.033912172060479,-0.00568548265565734,-0.00469339715107979
-0.38754249563544,1.38041678993221,0.0786447111463498,0.618079835513493,-0.0372078453594887,-0.00409467598032755,-0.00370304276433054
-0.361062852224758,1.32821900777602,0.0760088994367685,0.606869629461544,-0.0406486972918564,-0.00247020684222381,-0.00257802066907667
-0.327380415620444,1.26828705195137,0.0732312815521981,0.592951433746833,-0.0441458559379697,-0.000843193212551633,-0.00134278359207734
-0.28571720988472,1.20148894317359,0.0704138825827768,0.576564718313125,-0.0475923522009777,0.000750579998453873,-2.50154262386463e-05
-0.23556482276415,1.12930567166338,0.0676701557243961,0.558053673413802,-0.0508691250638976,0.00227244438791891,0.00134285675529362
-0.17681656038482,1.05372767623459,0.0651117357996797,0.537856746967213,-0.0538542290305859,0.00368329623015738,0.00272204547066606
-0.109823258948574,0.977023448668825,0.0628400043917789,0.516499430486988,-0.0564328773601633,0.00494680495700032,0.00406638755716272
-0.035351582845511,0.901441799999664,0.0609459450282866,0.494604498994814,-0.058505391792814,0.00603329676758782,0.0053226219793347
0.0455220824095362,0.828942732068674,0.059517601666997,0.472921130987026,-0.0599915499480267,0.00692401631384617,0.00643238036655352
0.131508034767131,0.761032816775585,0.0586488227293809,0.452349797283884,-0.0608324656681947,0.00761520256398379,0.00733593527705967
0.221126061702055,0.69872120532217,0.0584395887077477,0.433918757077273,-0.060992991954879,0.00812103473143459,0.0079774594022389
0.312653959151756,0.642555529763161,0.058980688203852,0.418671681389254,-0.0604669569438175,0.00847412237967364,0.00831130843981562
0.404074481028424,0.592680289900812,0.0603243521253537,0.407465790652205,-0.0592843366204877,0.00872226068201372,0.00830840907064317
0.493118581040712,0.548885454036503,0.0624533100119727,0.400741469557597,-0.05751588111239,0.00892116274147837,0.00796118787202964
0.577451664794879,0.510650167821466,0.065265695987809,0.398365828138452,-0.0552698721914064,0.0091247362704577,0.0072851941200088
0.654954826181884,0.477203270529421,0.0685867494007707,0.399633133166016,-0.0526791055425929,0.00937605870742894,0.00631639747772372
0.723988174501521,0.447610697882889,0.0722036606987586,0.4034277798394,-0.0498816931097148,0.0097020911119813,0.00510494235100189
0.783536292893468,0.420877943225148,0.0759080146282438,0.408475489926416,-0.0470025550457816,0.0101131983144905,0.00370766803577734
0.833205026232446,0.396045163785678,0.0795291121726579,0.413581266831352,-0.0441413274035356,0.0106061968682507,0.00218184937887415
0.873104370854064,0.372258130916744,0.0829492042126984,0.417783459504541,-0.0413686018934405,0.01116854700055,0.000581525574202161
0.90367738805706,0.34881041566338,0.0861007760248717,0.420405199397912,-0.0387290793990385,0.0117817485596091,-0.00104353924652824
0.925525065414391,0.325160949927953,0.0889511904401401,0.421022305091738,-0.0362488708540865,0.0124232057018454,-0.00264703038621634
0.939255532621618,0.300933361002197,0.091480962024804,0.419380764196615,-0.0339443584528569,0.0130669374261133,-0.00418436921573616
0.945370300522246,0.275901346893018,0.0936610665771727,0.415295641770252,-0.0318306458421051,0.0136841504430161,-0.00561098180948398
0.944194899912326,0.249961282290818,0.0954341200865313,0.408557993741045,-0.029927983975926,0.0142448246762795,-0.00688126847109533
0.93586264052124,0.223092181917732,0.0967046346195442,0.398872612418322,-0.028264596425554,0.01472111608719,-0.00794890367449135
0.920360424043593,0.195305990678665,0.0973439124582656,0.385845901404747,-0.026874478006361,0.0150925416731153,-0.00876898275607951
0.897636168617842,0.166597684904781,0.097213302320211,0.369034300926563,-0.0257896793735422,0.0153516820582311,-0.00930217216841406
0.867744538998252,0.136911019581429,0.0962034877540501,0.348044784770393,-0.0250287169357423,0.0155080223725795,-0.00952023408615687
0.830979764652542,0.106135133562205,0.0942780655551077,0.322653482700528,-0.0245853968724065,0.0155874676918994,-0.00941126882351587
0.78793366242371,0.0741353458357534,0.0915027014145954,0.292891608747395,-0.0244235408054343,0.015626665300534,-0.0089824686550242
0.739443175426524,0.0408037439159542,0.0880442421637606,0.259057026796684,-0.0244810171925509,0.0156639068688111,-0.00825887637892445
0.686446198018145,0.00610524138311333,0.08413839086338,0.22164533911818,-0.0246818054850565,0.0157301751369647,-0.0072784668563277
0.629809705373159,-0.0298986743456623,0.0800404915311757,0.181233422211705,-0.0249508868140894,0.0158434013639056,-0.00608559243728809
0.570199058061219,-0.0670496190310027,0.0759799508803408,0.138365011220136,-0.0252263503440822,0.0160067684832875,-0.00472526620964078
0.508026033507339,-0.105104334699139,0.0721323164264783,0.093477014851566,-0.0254657709243737,0.0162098013490957,-0.00323988003987275
0.443473132604362,-0.14374914167306,0.0686111818687033,0.0468807293589407,-0.0256470377347471,0.0164303064594349,-0.00166863206742201
0.376564374191738,-0.182618933013564,0.065473209650634,-0.00121025251596889,-0.0257654338440448,0.0166358668851563,-4.89254874810243e-05
0.307245617199211,-0.221334129467932,0.0627271020894318,-0.0506247226236439,-0.0258287527851256,0.0167847459408709,0.00158138849276388
0.235451288973169,-0.259566893464815,0.0603401023431222,-0.101167221526291,-0.0258515922641219,0.0168270112226684,0.0031817721530665
0.161159211811866,-0.297132129669915,0.058240518871164,-0.152546444057858,-0.0258496305224769,0.0167072677671394,0.00470705850505538
0.0844496973813265,-0.334081322964837,0.0563196478074683,-0.204304378923183,-0.0258348704741098,0.0163706410510243,0.006105983279044
0.00557713611772466,-0.370764329748115,0.0544402185330034,-0.255765698191373,-0.0258132030452556,0.015773262223496,0.00732091471432116
-0.074961243101296,-0.407815932580898,0.0524589723654469,-0.306043202530783,-0.0257857388610467,0.0148967217536352,0.00829009935131185
-0.15639872237657,-0.446032392003686,0.0502648199079912,-0.354133958949249,-0.0257545603820772,0.0137625116288742,0.0089535514709351
-0.237758144997154,-0.486148812768197,0.0478208856073333,-0.399105155249849,-0.0257313913793678,0.0124390061086312,0.00926219719637149
-0.318006140655959,-0.528604563501437,0.0451868532548803,-0.440304486909099,-0.0257450407332789,0.0110337803411956,0.0091874509680021
-0.396249546214086,-0.573433229078459,0.042501489084803,-0.47748510184983,-0.0258428473366045,0.00967063084924367,0.00872695014327866
-0.471881975978942,-0.620370372100282,0.0399280896288082,-0.510767665145385,-0.026084338090556,0.00846008098583454,0.0079036926502458
-0.544616697894417,-0.669153781702931,0.0375905453447904,-0.540462816410134,-0.0265297321057075,0.00747624527968946,0.00675960115171482
-0.614412703623315,-0.719895595743066,0.0355327805332873,-0.566861854441903,-0.0272275284017546,0.0067479010468274,0.00534734858070794
-0.681346162821237,-0.773395648578999,0.03371891038146,-0.590109330803272,-0.0282027230352122,0.00626257410007574,0.00372421402632781
-0.745466237277958,-0.831296438658659,0.032073257664363,-0.610219614743993,-0.0294428367768384,0.00597663658136698,0.00194995052212996
-0.806628642878832,-0.895965925597671,0.0305501242069573,-0.627242782437789,-0.0308772234084801,0.00582404711393291,8.89117885401522e-05
-0.864280966708559,-0.969914135960938,0.0292164402716608,-0.641532961541732,-0.0323509638099952,0.00571952483941665,-0.00178497592057896
-0.917247358223279,-1.05454417049283,0.0283106944495171,-0.653988224161852,-0.0336119760244974,0.00555710263415845,-0.00358459133081721
-0.963733128788367,-1.14842818053108,0.0282125899071542,-0.666021149045234,-0.0343502093366081,0.00521183550430857,-0.00521463142632207
-1.00182566594108,-1.2461739836269,0.0292744255250021,-0.679056944717873,-0.0343140013869781,0.00455679664634429,-0.00658967508755493
-1.03036261836914,-1.33933769539455,0.0315833105138437,-0.693747223293587,-0.0334507952457055,0.00349907436064851,-0.00765559701674264
-1.04944592705987,-1.41938569492969,0.0348395943123136,-0.709516393863515,-0.0319514295816304,0.00201762851579612,-0.00839369402025433
-1.06006929502801,-1.48058256617199,0.0384509165519899,-0.724812276611024,-0.0301456895060469,0.000177557384890518,-0.00880238298655215
-1.06324632257767,-1.52087599939533,0.0417381023271976,-0.73771991209006,-0.0283398319065054,-0.00188671953820327,-0.0088772299624764
-1.0594061034345,-1.54100330932623,0.0441096287485251,-0.746423781577414,-0.0267149879100687,-0.00400744691323423,-0.00860855541424047
-1.04836431744516,-1.54315620438378,0.045166269810069,-0.749420322803019,-0.0253179496159066,-0.00602417555285734,-0.00799362524260501
-1.02967566011491,-1.53000679268412,0.0447481137417076,-0.74564499383461,-0.0241071017311643,-0.00781797270567078,-0.00704909020907812
-1.00303921086036,-1.50415617286852,0.0429184453202256,-0.734585606501357,-0.0230094140650965,-0.00933018013560523,-0.00581474497681134
-0.968538754320468,-1.4678406320627,0.0398824398809182,-0.716320657501325,-0.0219632513051892,-0.0105619479008579,-0.00434897227786894
-0.926668343795738,-1.42279827549746,0.0358734971015151,-0.691430688946839,-0.0209392897042234,-0.0115589859465081,-0.00272072353625363
-0.878208402684193,-1.37026524952426,0.0310593312889421,-0.660812322036903,-0.0199424718899552,-0.0123907516578394,-0.001002299600953
-0.824046426562682,-1.31107211472263,0.02550450579283,-0.625468638353942,-0.0190022284528532,-0.0131318528485878,0.000735264685498002
-0.765010324087787,-1.24579489535889,0.019195455079918,-0.586334386615826,-0.0181579537338307,-0.0138488423099472,0.00242432418475444
-0.701749109732589,-1.17491467258174,0.0121102414423289,-0.544158954952328,-0.0174445704671188,-0.0145917968991267,0.0040011796774112
-0.634678898077216,-1.09895148901742,0.00430346232949472,-0.499448737116008,-0.0168811120547441,-0.0153887714838583,0.00540613277414096
-0.564007835532373,-1.01854969380779,-0.00402803483833756,-0.452468797576497,-0.0164643436985732,-0.0162420347370703,0.00658408212532266
-0.489844378715044,-0.934498500086983,-0.0125323136102778,-0.403306830994502,-0.0161690173800928,-0.0171267811294149,0.00748665378097423
-0.412365989000464,-0.84768110453617,-0.020763267230469,-0.351993098131695,-0.015955298970468,-0.0179944033022566,0.00807644186782666
-0.331986574240241,-0.758968289923285,-0.028304113043709,-0.298644486389127,-0.0157814413300988,-0.0187820090133558,0.00833269509415928
-0.249442482851743,-0.669103730619758,-0.034900990056129,-0.243577232487264,-0.0156166748195412,-0.0194270572692728,0.00825608376071795
-0.165750556846293,-0.578642644465057,-0.0405365244311813,-0.187339561142337,-0.0154482010105489,-0.0198823012272877,0.0078696062137771
-0.0820654430717598,-0.487979729001642,-0.0454047376407858,-0.130658254788959,-0.015279205389877,-0.0201250253736618,0.00721446041002271
0.000483349353276297,-0.397449184666452,-0.0498089438809025,-0.0743386519319203,-0.0151201784341726,-0.0201575752388208,0.00634261027549163
0.0809075993664596,-0.307436996511153,-0.0540427583547416,-0.0191661190648742,-0.0149791247303088,-0.0200009321898279,0.0053091686192476
0.158425539260422,-0.218431941196204,-0.0583076029599261,0.0341740028041628,-0.0148553686820234,-0.0196856216752952,0.00416659710955399
0.232519728879543,-0.130959095423297,-0.0626880968124437,0.0851726694088507,-0.0147384754981659,-0.0192434294197671,0.00296068232942557
0.302996181182445,-0.0454216147308153,-0.067175596156021,0.133564654012525,-0.0146109667259219,-0.0187014430818956,0.00172781882210977
0.369970292228273,0.0380057917807515,-0.0717106984739293,0.179331396733853,-0.0144523270534526,-0.01807915126003,0.000494597826901947
0.433742402900627,0.1193294790942,-0.0762175375230974,0.222616806689395,-0.0142424512824101,-0.0173888169408033,-0.000719496486464072
0.494651418451207,0.198615367864495,-0.0806234153566244,0.263624680756956,-0.0139641351690861,-0.0166378306311304,-0.00189801974066575
0.552992638072508,0.275910624506715,-0.0848707502085943,0.302561773707798,-0.0136049862530923,-0.0158311507259293,-0.00302444153895557
0.608995605640109,0.351226206441258,-0.0889258834046052,0.339623317824948,-0.0131590055539683,-0.0149729028125337,-0.00408057141043563
0.662824970567885,0.424547196337713,-0.092784519552833,0.37499294384878,-0.0126277324985379,-0.0140670616394149,-0.00504614727784173
0.714581684248508,0.495845567227778,-0.096472227283323,0.408838606459804,-0.0120206170969805,-0.0131173815120478,-0.00589923200499873
0.764297914796305,0.565084784487969,-0.100038874424316,0.441297962800801,-0.0113542281379143,-0.0121267996630438,-0.00661724976186544
0.811927594981783,0.632213745166281,-0.103547058372712,0.472454300920007,-0.0106500409010666,-0.0110966204329509,-0.00717852199066642
0.857338359843245,0.697151660046944,-0.107056248230487,0.502309323821798,-0.00993088014591787,-0.0100258649148987,-0.00756407246169817
0.900311354651301,0.759767952037829,-0.110605991362557,0.530762021727013,-0.00921654297342417,-0.00891115237640657,-0.00775936816287517
0.940553205733736,0.81986235090727,-0.114202368528034,0.557602313741057,-0.00851950586723121,-0.00774731890742284,-0.00775564262514431
0.97772005907512,0.877149796682774,-0.117811302355603,0.582523772836551,-0.00784172700544805,-0.00652871571797637,-0.00755055229590266
1.01144885309703,0.931252735884234,-0.121360397643506,0.605153315186952,-0.00717330433095336,-0.00525087895981832,-0.00714810733988569
1.04138801532061,0.981700796454969,-0.124748495916072,0.625090326091219,-0.00649324835465061,-0.0039121441725321,-0.00655800627952731
1.06721965464532,1.02793579459643,-0.127860095744841,0.641945768889784,-0.00577210779262164,-0.0025148396032464,-0.00579461352891013
1.08866757856361,1.06931938632773,-0.130580943839303,0.655373741104122,-0.00497585764957903,-0.00106588783691165,-0.00487583238373692
1.10548863888757,1.10514177488654,-0.132811557909599,0.665092151406673,-0.00407040600005949,0.000423129311005629,-0.00382207465279583
1.11744769671868,1.13463267296679,-0.134476790902847,0.670893539368975,-0.00302623597616513,0.00193623432505509,-0.00265545488750118
1.12427856153438,1.15697977021248,-0.135531120693802,0.672649989573492,-0.00182292136325877,0.00345341411806282,-0.00139927079226158
1.12563530890523,1.17136423329864,-0.135960521614981,0.670317007760746,-0.000453367625593724,0.00495094942821009,-7.77834854762189e-05
1.12104156677677,1.17702527446538,-0.135782174010104,0.663940205543912,0.00107248874725824,0.00640176676834904,0.00128371710658255
1.10985016146388,1.17336352527674,-0.135042885475002,0.653666020891801,0.0027251571073036,0.00777604200231394,0.00265859255794412
1.09123044109141,1.16008267726225,-0.133816282633399,0.639754020810791,0.00445533403150344,0.00904236925320011,0.0040183350792396
1.0642016461081,1.13735010735255,-0.132198201582362,0.622584716310131,0.00619715787376921,0.0101697414424704,0.0053319572760018
1.02772321481239,1.10593607886087,-0.130299881988812,0.602655345870336,0.00787561132082057,0.0111303702211558,0.00656552383037085
0.980836430735712,1.06728095427119,-0.128239705126076,0.580559100665814,0.00941712781477316,0.0119030837058308,0.00768221441020969
0.9228340915855,1.02345320607945,-0.126135555816422,0.556951073426286,0.0107605055606202,0.0124767965467651,0.00864339677414386
0.853427563682267,0.97699539873328,-0.12410004647971,0.53251264254851,0.0118642719903588,0.0128534077583915,0.00941104866912915
0.772886283471059,0.93068945923379,-0.122239067638619,0.507927577754651,0.012707828645391,0.0130494204111556,0.00995141120966327
0.682131160154775,0.887285192629413,-0.120651504118623,0.483873546004614,0.0132866911587506,0.0130955955711427,0.0102391214487855
0.582758659405179,0.849229240221698,-0.11942682411126,0.461017397274644,0.0136049733111614,0.0130341935034984,0.0102606121710211
0.476965848475353,0.818426081076284,-0.118638944600756,0.439994942745951,0.0136690025401557,0.0129139643351382,0.0100156354779873
0.367361299886442,0.796067482174328,-0.11833806788209,0.421364941827964,0.0134843764753368,0.0127838777611553,0.00951642314863636
0.256687457269421,0.782567251516425,-0.118544358572063,0.405546954554865,0.013056386137634,0.0126871472105303,0.00878489910725964
0.147520982191205,0.777617708008597,-0.119246790284892,0.392767368549161,0.0123922241545272,0.0126569948289748,0.00784898937660744
0.0420276254823933,0.780348666326403,-0.120407991536769,0.383036129321116,0.0115032911074444,0.0127148683808727,0.00673913521383325
-0.0581780743753696,0.789541135176318,-0.121973433800773,0.376161749915911,0.0104066339845496,0.0128709100459643,0.00548571892545843
-0.152059583166539,0.803841865772224,-0.123882176337032,0.371795956896303,0.0091253140397527,0.0131258455928994,0.00411760389705983
-0.239095509757904,0.821939092705698,-0.126076645124353,0.369490899713918,0.0076879279597093,0.0134732853963221,0.00266164163639248
-0.319163672134003,0.8426814793235,-0.128509845567775,0.368752425111306,0.00612760978469027,0.0139016148635361,0.0011428725750889
-0.392404963979121,0.865139903054885,-0.131149270954498,0.369078674735137,0.00448076657696064,0.0143950111720799,-0.000414833136069397
-0.459088921703736,0.888620584856328,-0.133977225242176,0.369980008667488,0.00278566276627827,0.0149335024195295,-0.00198788306303982
-0.519492605201174,0.912639339685378,-0.136987345504155,0.370981777373345,0.00108083035965599,0.0154923119002597,-0.00355195419838639
-0.573798958402393,0.936864286386371,-0.140177030542387,0.371615432053109,-0.000596809829353472,0.016040993682023,-0.00508098399312178
-0.622020860671906,0.961032328111783,-0.143535620375471,0.37140634326363,-0.00221422828165068,0.0165430723601119,-0.0065462854504326
-0.663960858962308,0.984846195516587,-0.147028920242301,0.369868690527815,-0.0037449344435162,0.0169570254143289,-0.00791595169281158
-0.699220700288653,1.007865285803,-0.150582311419113,0.366518169458483,-0.0051716491053244,0.0172394006519656,-0.00915478985592387
-0.727274617803857,1.02941399259468,-0.154067148012482,0.360910303238524,-0.00648825152682875,0.0173504872643737,-0.0102251162098793
-0.747610665338385,1.04854119979081,-0.157297509913318,0.352703941050856,-0.00769995257074039,0.0172621097527078,-0.0110887821418295
-0.759922041530503,1.06406539386096,-0.160044694034332,0.341736158089795,-0.00882078926349522,0.016965840947696,-0.0117106416516216
-0.764299411443451,1.07472133476755,-0.162072668066656,0.328081060523619,-0.00986839588273468,0.0164787289309481,-0.012063180667035
-0.761352046470995,1.07938402940276,-0.163188491719716,0.31206079506736,-0.0108574224038372,0.0158434541610321,-0.0121312796762536
-0.752193732621872,1.07730009995252,-0.163291357888433,0.294191129981367,-0.0117941218383518,0.0151214773061054,-0.0119155102547497
-0.738279142609352,1.06823768221914,-0.162400142797674,0.275073379852379,-0.0126744697577954,0.01438081148283,-0.0114325583921037
-0.721144837830734,1.05249599266402,-0.160647285338923,0.255271367968405,-0.0134864872950042,0.0136826906016126,-0.0107124566405318
-0.702150975996621,1.03078009805576,-0.158242456803552,0.235217299805839,-0.0142153144395098,0.0130716933053495,-0.00979364631067518
-0.682307724742587,1.00400210750602,-0.155422172702405,0.215171500763336,-0.0148485252410464,0.0125717192437431,-0.00871758015686467
-0.662219378518031,0.973084680872402,-0.152403752724294,0.195233775805731,-0.0153796867302353,0.0121873475335431,-0.00752430683633892
-0.642127543430177,0.938819363546868,-0.149355248899452,0.175386234188851,-0.0158094972008834,0.0119083440883797,-0.00624968384408683
-0.622008815241996,0.901796111268731,-0.146383746167048,0.155544485382826,-0.0161449719373131,0.0117149175143409,-0.00492415085537436
-0.601683456022765,0.862393224274852,-0.143538072705178,0.135601012838692,-0.0163976008848347,0.0115821320199058,-0.00357264551180538
-0.580906821067629,0.820805636178736,-0.140819786956717,0.115453659947851,-0.0165812991955876,0.0114828573291404,-0.00221520672662241
-0.559432031386278,0.777090309981095,-0.138197077362645,0.0950189508487235,-0.016710635605788,0.0113893202651918,-0.00086791862937881
-0.537044232265567,0.731213848999854,-0.135618145587064,0.0742334127069303,-0.0167995043510494,0.0112736493196457,0.000456024005085573
-0.513572735600939,0.683094488425653,-0.133022535046774,0.053047023817184,-0.0168602048481331,0.011107881907838,0.0017452525444416
-0.488888965794395,0.632636038654883,-0.130350196766908,0.0314126008079574,-0.0169028109067155,0.0108638655356826,0.00298923144569708
-0.462897395241808,0.579754494489734,-0.127548777189641,0.00927426637338313,-0.0169347116404016,0.0105134145703815,0.00417737923498638
-0.435525042399134,0.524399139118783,-0.1245797704146,-0.013442409121539,-0.0169602528184852,0.0100290146930816,0.00529834512950392
-0.406713446498844,0.466569624087341,-0.121423938708764,-0.0368362619488396,-0.0169804739266972,0.00938528694356769,0.00633949219529203
-0.376415656119997,0.406329368361606,-0.118085908029941,-0.0610301210114954,-0.0169930036344359,0.00856130109302662,0.00728664786328453
-0.344599617864958,0.343814283372193,-0.114597249863422,-0.086162070245744,-0.0169922257199027,0.00754363448595941,0.00812418406753143
-0.31125812987302,0.279234727238375,-0.111016880311122,-0.112367201507586,-0.0169698370440938,0.00632980354602878,0.00883547480660054
-0.276423950611061,0.212868078393057,-0.107427506251938,-0.139750639617251,-0.0169158693161287,0.00493139428041386,0.00940374049624383
-0.240186826768935,0.14503989266191,-0.103927373337396,-0.168355613529389,-0.0168201314811835,0.00337599167526945,0.00981321883796818
-0.202707722746502,0.0760936381628914,-0.100617782523102,-0.198133504773568,-0.0166738714978573,0.00170700678358372,0.0100505077115325
-0.164225299505244,0.00635223967938378,-0.0975884297950403,-0.22892456020424,-0.0164713107059161,-1.91527574192204e-05,0.0101058379394764
-0.125051346431525,-0.0639220751945118,-0.0949038886648689,-0.260456760764688,-0.0162106452278167,-0.00173844433035789,0.0099740013148856
-0.085555174161852,-0.134561601654001,-0.0925947245516457,-0.292365817059348,-0.015894191532664,-0.00338616817896782,0.00965471930040856
-0.0461406651986606,-0.205514013248275,-0.0906554939533475,-0.324232934957024,-0.0155275709137852,-0.0049040880207877,0.0091523823158736
-0.00722208403978528,-0.276847617716438,-0.089049710201679,-0.355631705501872,-0.0151181036412587,-0.00624617041013693,0.00847526023659127
0.0307951250052108,-0.348743250925689,-0.0877197656299225,-0.386173640051427,-0.0146728100587968,-0.00738189331633146,0.00763440763590948
0.0675242070372173,-0.42147866749666,-0.0865986930928255,-0.415543980141388,-0.0141965149409235,-0.00829683246124918,0.00664252086075654
0.102595955370348,-0.495412418594935,-0.0856208127622613,-0.443523941927713,-0.0136905139362354,-0.00899094289569559,0.0055129589605635
0.135647035973944,-0.570972838579532,-0.084729394535173,-0.470000208916386,-0.013152140363405,-0.00947538220559486,0.004259060619088
0.166299230397957,-0.648654578978366,-0.0838808568703568,-0.494965526372025,-0.0125754448700044,-0.0097688234488665,0.00289381786098393
0.194131034926192,-0.729020747366272,-0.0830462114461271,-0.518515049521678,-0.0119531294843088,-0.00989407513046162,0.00142992762681518
0.218642929172686,-0.812703216879397,-0.08221120015075,-0.540841860992526,-0.0112798731974635,-0.00987560588369208,-0.000119759735783432
0.239218793355239,-0.900386796862846,-0.0813768068187597,-0.562232250876884,-0.0105571910823061,-0.00973837855702993,-0.00174133880375831
0.255090081919565,-0.992754931589928,-0.0805615721255249,-0.583057151824558,-0.00979984000693343,-0.00950827242603739,-0.00341835561802048
0.265317643345455,-1.09036784521148,-0.0798063764722613,-0.603750385692107,-0.00904329479156452,-0.00921423763466863,-0.00512945751237842
0.268817356655374,-1.19344543657286,-0.079181066191793,-0.624757279569572,-0.00835074036621543,-0.00889193814102693,-0.00684481176851987
0.264463888715212,-1.30154881426111,-0.078790626870471,-0.646431606867393,-0.00781637723777193,-0.00858758751554174,-0.00852105095726594
0.251300584017598,-1.41320849027848,-0.0787769146739496,-0.668864654798083,-0.00756029311305506,-0.00835871993436924,-0.0100953529483848
0.228853434147801,-1.52563202042776,-0.0793104493692891,-0.691666202572569,-0.00771025919254544,-0.00826671371409557,-0.0114813129829441
0.197495636343949,-1.63470327758632,-0.0805653677539484,-0.713794083327237,-0.00836941828095903,-0.00835730059637186,-0.0125719440046774
0.158745931800905,-1.73547915983863,-0.0826714695556742,-0.733603408713021,-0.00957664203261865,-0.00863389525897531,-0.0132553914205859
0.115321278636644,-1.82320150560133,-0.0856480942459859,-0.749238705115654,-0.011275958129394,-0.00904107780380849,-0.0134425468650105
0.0707690851549074,-1.89448211158249,-0.0893489708790566,-0.75925206851087,-0.0133154113776831,-0.00947685649216213,-0.0130943237646884
0.0286956332829636,-1.94805819932703,-0.0934625946310535,-0.763084205920369,-0.0154842982883693,-0.00983214740397495,-0.0122317952300072
-0.00808232505828707,-1.9847128775835,-0.09758609084665,-0.761105543729109,-0.0175733857926911,-0.0100321682356057,-0.0109235752493348
-0.0380425158906699,-2.00651260661691,-0.101337502278347,-0.754254531217041,-0.0194274124085369,-0.0100550907109738,-0.00926110513385175
-0.0609570409465588,-2.01587934217651,-0.104448478172997,-0.743557267608129,-0.0209686369040957,-0.0099250090576581,-0.00733676142122988
-0.0775422756808569,-2.01491798278479,-0.10680366989602,-0.729776079052993,-0.0221917980283323,-0.00969273287638124,-0.00523185918641988
-0.0890143307311468,-2.00511519189598,-0.10842980484651,-0.71326418913379,-0.0231437077117471,-0.00941804639015298,-0.00301336884345329
-0.0967216122536376,-1.98731870911744,-0.109455958406306,-0.693982565586659,-0.0239002519761775,-0.00915940001320863,-0.000735441568605697
-0.101907585237733,-1.96185958569195,-0.110065420553514,-0.671604951899784,-0.024547318561691,-0.00897074637645656,0.00155720280566131
-0.105583582849439,-1.92871885984802,-0.110449998148895,-0.645658459855777,-0.0251666756974325,-0.00890262284328077,0.0038253979355663
-0.108467675072683,-1.88769551449275,-0.110768748412533,-0.615679095067358,-0.0258250692073628,-0.00900421146922176,0.00603156816943815
-0.110952191968107,-1.83857350584753,-0.111109381171577,-0.581382733547133,-0.0265643908147178,-0.009323485731891,0.0081356929391187
-0.113083869084938,-1.78130350222213,-0.11145322650367,-0.542853179004329,-0.0273919742244296,-0.00990306780153685,0.0100911968305764
-0.114567386064775,-1.71620601591622,-0.111652957740589,-0.500725577750359,-0.0282724763469946,-0.0107702287460552,0.0118412305119557
-0.114826164460654,-1.64416343666127,-0.111442172041365,-0.456297030465529,-0.029125982124891,-0.0119213528873762,0.0133170005661458
-0.113157417403018,-1.56670701323785,-0.110497780967167,-0.411448303168046,-0.0298393978266877,-0.0133051638811845,0.0144413776875099
-0.108979734162939,-1.48586631751253,-0.108556212710584,-0.368272198435127,-0.030296015958471,-0.0148145130089052,0.0151410391009893
-0.102090790213924,-1.40371897524745,-0.105540704127966,-0.328449123885812,-0.0304174554817483,-0.0162985497691631,0.0153660697202675
-0.0927923483284655,-1.32178812242404,-0.10162290065868,-0.29264830168996,-0.0301975898479343,-0.0175981455883376,0.015108142646362
-0.0817923209702743,-1.24062003011272,-0.0971692846153234,-0.260324788027506,-0.0297060258071545,-0.0185896388894663,0.0144052590636959
-0.0699461507827895,-1.1597909022542,-0.0926051924388455,-0.230040243233309,-0.0290582451929234,-0.0192129514116283,0.01332926681663
-0.058000577179493,-1.07828245816546,-0.088283375169281,-0.20006790558051,-0.0283727080637786,-0.0194718618182035,0.0119646709631488
-0.0464584011249141,-0.994954653391816,-0.0844193915275437,-0.168924875915621,-0.0277384880169297,-0.0194136964505126,0.0103905890840551
-0.0355728909000041,-0.908890065919396,-0.081096655923833,-0.1356440528173,-0.0272027898801176,-0.0191038508482116,0.00867148085907559
-0.0254163122784012,-0.819546406642152,-0.0783099542467462,-0.0998056584134337,-0.0267741497454584,-0.0186059540950737,0.00685546819530894
-0.0159668142358093,-0.726763690100165,-0.0760167519733553,-0.0614360319978661,-0.026432886936686,-0.017970868759755,0.00497668135811066
-0.00718290799295305,-0.63069795112083,-0.0741794045899546,-0.0208691957465361,-0.0261423962750523,-0.0172332119349807,0.00305887494847186
0.000944614355829581,-0.531734547746289,-0.0727925319611383,0.0213762466263844,-0.0258582312708778,-0.0164128809223095,0.00111902751155624
0.00836430371768422,-0.430406572122674,-0.0718947488499534,0.0646882382860153,-0.0255344211172287,-0.0155194507751628,-0.000829406349193051
0.014959083316343,-0.327322165574777,-0.0715646589155182,0.108425025426116,-0.0251278285728608,-0.0145580192949146,-0.00277355112043052
0.0205666636838109,-0.223094126297461,-0.0719002981518661,0.151964722996573,-0.0246019035250722,-0.0135355560625768,-0.0046983419836863
0.0250289364474648,-0.118267738350781,-0.0729813248274511,0.194752893006416,-0.0239312139986511,-0.0124668983473037,-0.00658375716926872
0.0282722918002691,-0.0132519208426099,-0.0748159791878363,0.236354684666173,-0.0231077687233395,-0.0113792089075318,-0.00840190419221312
0.0304127953159683,0.0917343316865838,-0.0772817317766592,0.276511828971179,-0.0221492536757194,-0.010313086486247,-0.010114103855705
0.0318622390666976,0.19668479366021,-0.0800800764210482,0.315196919582008,-0.0211076080773647,-0.00931805744013911,-0.0116687689201373
0.0333846350773501,0.301780448870231,-0.0827379886188721,0.352645832650926,-0.0200739240383227,-0.00844083890446411,-0.0130017401379381
0.0360344182828624,0.407301200870438,-0.0846882697337254,0.389338337824079,-0.0191736542367314,-0.00770764454779361,-0.0140411876061658
0.040932198305764,0.51347814224252,-0.0854307553458106,0.425899793842056,-0.0185472108841497,-0.00710671209691643,-0.0147180357913804
0.0489242452692007,0.620321367953895,-0.0847170317526875,0.46292552236123,-0.0183175422541423,-0.00658095073755062,-0.0149795872562003
0.0602809774597389,0.727484847581262,-0.0826573674167121,0.500776498356637,-0.0185558584742644,-0.00603814561938968,-0.0148006965620727
0.0746057470683793,0.834225378732478,-0.0796788517914711,0.539426662970452,-0.0192613181263074,-0.00537670563197114,-0.0141872744679343
0.0910023817414165,0.939474901359176,-0.0763588790130444,0.578428245364432,-0.020364278863168,-0.0045153761949174,-0.013171512564824
0.108395304642839,1.04199927604972,-0.0732310225712795,0.617008337308433,-0.0217499923853981,-0.00341359667163914,-0.011802556873245
0.125843777627253,1.14058578753865,-0.0706521149852247,0.654251159974192,-0.0232903881101273,-0.00207565431827003,-0.0101370029301766
0.142750565838776,1.2341967740208,-0.0687603120753585,0.689288273995257,-0.0248710192499106,-0.000540535889296398,-0.00823175893525946
0.158952028296515,1.32204856801544,-0.0675040203442081,0.721427925976967,-0.0264060655843563,0.00113512341845293,-0.00614002598597601
0.174727786201928,1.40360943714537,-0.0667055266323145,0.750193342485643,-0.027841194962664,0.00289304828194337,-0.00391019324733884
0.190774029504807,1.47853536800969,-0.0661312501070459,0.775280007674017,-0.0291483038805662,0.00468322324337204,-0.0015870971265609
0.208160596724208,1.54656779302191,-0.0655553592215461,0.796464177747342,-0.0303171022097962,0.006466346151913,0.000784956430171935
0.228251320460994,1.60741032596876,-0.0648141335378774,0.813499792826552,-0.0313476279533413,0.00821038012922924,0.00315801386876631
0.252517111307091,1.66059864537598,-0.0638506958633649,0.826039272825549,-0.0322463703778219,0.0098844843903482,0.00547597619048652
0.282132935205211,1.7053938792921,-0.0627429980350069,0.833610562435606,-0.0330263721608729,0.0114544465513006,0.00767125488076042
0.31729411415711,1.74076880193998,-0.0616952946842095,0.83567200944396,-0.0337067414146916,0.0128833354360446,0.00966485111720481
0.356428896020899,1.7655868524995,-0.0609669509750459,0.831742734856367,-0.0343007899605879,0.0141383333460315,0.0113717476394501
0.395883314570086,1.77901503174491,-0.0607359331754399,0.82158490440056,-0.0347861048084446,0.0152000758736654,0.0127102706953284
0.430723910923081,1.78101971176106,-0.0609559858368389,0.805410012249816,-0.0350762449718387,0.0160689101714605,0.0136103368829156
0.456539234005573,1.77263057395506,-0.0613129739182892,0.784044250886774,-0.035037646042037,0.0167663391186339,0.0140183544548195
0.471141241513166,1.75575597311891,-0.0613407886294623,0.758893686893027,-0.0345652536880166,0.0173328540744676,0.013904218884771
0.475099425245552,1.73261748468499,-0.0606402706668142,0.731574998635259,-0.0336637090334499,0.0178205207160305,0.0132735894810119
0.470987935149868,1.70508400868802,-0.0590626852652094,0.703351705629309,-0.0324650925928382,0.0182792723124467,0.0121762260834827
0.462018710371729,1.67422757758229,-0.0567454644467208,0.674749057124672,-0.0311722798804239,0.0187433171766741,0.0106989441123824
0.450870138339559,1.64027816912976,-0.054000597045729,0.645578125389889,-0.0299772368576093,0.0192261236855498,0.00894517406679225
0.439145643305131,1.60290178143473,-0.051151303927781,0.615256826906122,-0.0290067524822893,0.0197247722769744,0.00701388121143251
0.427410228597398,1.56157561248078,-0.0484122214771522,0.583165758722861,-0.0283107545092534,0.0202276706359391,0.00498745385975322
0.415512792886972,1.51587682937091,-0.0458461526968688,0.548876881581364,-0.0278783274092855,0.0207201632642629,0.00292926175757339
0.402942041903035,1.46562599617316,-0.0433807120601801,0.512240276515814,-0.0276617734456131,0.021186457494454,0.000886833838038615
0.389102335496536,1.41091247653267,-0.0408559186386875,0.473381101831013,-0.0275975705440916,0.0216088588596409,-0.00110319030053949
0.373496828272633,1.35205251942292,-0.0380825573103078,0.432656192149851,-0.0276213775105304,0.0219659315107893,-0.00301036940731993
0.35584344478231,1.28951931302901,-0.034901867115342,0.390594811803591,-0.0276781366137876,0.0222309963032244,-0.00480671407394028
0.336147947401369,1.22386563293487,-0.0312418162860085,0.34782794114872,-0.027728906619303,0.0223720975455251,-0.00646399473552058
0.314741764904753,1.15564690698228,-0.0271635380560912,0.305002286119327,-0.0277551479777652,0.0223543297802688,-0.00795214152450093
0.292274771701658,1.08534877727657,-0.0228863667094863,0.262678355779189,-0.0277599916877989,0.0221450246953491,-0.00923894421633376
0.2696439495778,1.01332701700839,-0.0187760752357526,0.221223749418555,-0.0277653178033498,0.0217214784180458,-0.0102914588447412
0.247845853746618,0.939774201100557,-0.0152844771696917,0.180728107680806,-0.0278038395288807,0.0210795305723888,-0.0110794590662718
0.227768648921271,0.864729056096941,-0.0128443568877953,0.140975306684791,-0.0279071317315386,0.0202398131663924,-0.0115806257265295
0.209979616482376,0.788133557559359,-0.0117487979762904,0.101499004642051,-0.0280930783095637,0.0192480668709544,-0.011786005611672
0.194588540421043,0.709920820928915,-0.0120626424127368,0.0617151897401243,-0.0283577321246825,0.0181678184447646,-0.0117033834155854
0.181246125309581,0.630098193916271,-0.0136062499375861,0.0210859176956074,-0.0286751825750351,0.0170675127090961,-0.0113566845018727
0.169273032435163,0.548791850712178,-0.0160163446708957,-0.0207482831554525,-0.0290050091837407,0.0160072387045357,-0.0107814453353362
0.157854319375192,0.466241998989678,-0.0188505812268146,-0.0639092910266515,-0.029303202393418,0.015029951675917,-0.0100183454408331
0.146219279099142,0.382763118393044,-0.0216893770662994,-0.108297258586961,-0.0295317413165456,0.0141590047165008,-0.00910729802357045
0.133757079543681,0.298694054215063,-0.0242035320553813,-0.153653361012448,-0.029664103436944,0.0134006076139143,-0.00808361982815133
0.120060747416332,0.214357159322561,-0.026180660963788,-0.199635409953962,-0.0296866063903035,0.0127485181863345,-0.00697645634391751
0.104918532988589,0.130034043364082,-0.0275202214233752,-0.245882911687532,-0.0295969657314923,0.0121887331539657,-0.00580883107540476
0.088277876166429,0.0459566598497268,-0.028211714635644,-0.292061976108193,-0.0294016399762452,0.0117030462611632,-0.00459854402150595
0.0702016975646737,-0.0376910746995511,-0.0283079382001534,-0.337889978659807,-0.029113065648872,0.0112712351910812,-0.00335935632305207
0.0508284955991563,-0.12076582349061,-0.0279003466174506,-0.383144065445026,-0.0287473354303338,0.0108720979388029,-0.00210216650036982
0.0303411479429165,-0.203154727083498,-0.0270995203999469,-0.427658331596781,-0.0283224831770646,0.0104836974271758,-0.000836073449166222
0.00894526097521449,-0.28476429939306,-0.0260211863123004,-0.471313706850151,-0.0278573268369865,0.0100831596813502,0.000430682727815968
-0.0131441982742101,-0.365508834573461,-0.0247769255087441,-0.51402340491421,-0.027370726758388,0.00964631759264253,0.00168987944405659
-0.0357102085389298,-0.445298172055845,-0.0234682196359211,-0.555715779639542,-0.0268810887090297,0.0091474487556696,0.00293254928002932
-0.0585375417028512,-0.524024407115339,-0.0221824814474993,-0.596315808111132,-0.0264059465879256,0.00855933320285239,0.00414829192634023
-0.0814158902813372,-0.60154726440804,-0.020989996903387,-0.635726288531105,-0.0259614863869615,0.00785384570141026,0.00532467700160738
-0.104145021239225,-0.677678393744102,-0.019941167721214,-0.673810215690048,-0.0255619191092322,0.00700327584596011,0.00644677793829728
-0.126544524057521,-0.752165816833829,-0.0190640256577406,-0.710376590181856,-0.0252186807865724,0.00598250667320538,0.00749690228723291
-0.148470153649796,-0.824681078197029,-0.0183626157821585,-0.745172869720306,-0.0249395386775338,0.0047720448578628,0.00845460841002313
-0.169837464999943,-0.894813046289999,-0.0178173776635861,-0.777887876296542,-0.0247278168817717,0.00336165999371112,0.00929711583579892
-0.190650896844843,-0.962073204328367,-0.0173888764484743,-0.808168504225132,-0.024582112474587,0.00175407324257746,0.0100002120197197
-0.211032052220728,-1.02591687947139,-0.017025903211347,-0.835651311205987,-0.0244970140709859,-3.21728837001632e-05,0.0105397082512362
-0.231234243627975,-1.08578251464452,-0.0166779011340864,-0.860005838357611,-0.0244653460639845,-0.00196165178670215,0.0108933758664672
-0.251622842387644,-1.14114671010794,-0.0163099076961361,-0.880981325752179,-0.024482109411853,-0.00398350912384925,0.0110430949953813
-0.272599347087378,-1.19158703778775,-0.0159160919939306,-0.898444801503701,-0.0245492779208427,-0.00603543445067655,0.0109767312863289
-0.294465133820602,-1.23683867476857,-0.0155264352695398,-0.912399044287561,-0.0246790338029499,-0.0080493431313927,0.010689185108853
-0.317266586338825,-1.27682659905874,-0.0152018677778525,-0.922974319065851,-0.0248921824315477,-0.00995771944978625,0.0101823300293193
-0.34070856563214,-1.31165696958885,-0.0150177451465174,-0.930395428157728,-0.0252105139062893,-0.0117000396817728,0.00946412679133899
-0.364205189456136,-1.34156473906138,-0.0150421398134656,-0.9349319266475,-0.0256465716953468,-0.0132289693841087,0.00854757818072076
-0.387042778580271,-1.36683552524802,-0.0153182245767637,-0.936843140183106,-0.0261969830557167,-0.0145153672056828,0.00744993552999175
-0.408551328882695,-1.38773178877309,-0.0158558306396368,-0.936330930389361,-0.0268425388622251,-0.0155505259489308,0.00619201615360346
-0.428199603850963,-1.40444605491348,-0.0166306845828197,-0.93351076127038,-0.0275529888168897,-0.0163448838165081,0.00479734767655144
-0.445604280136476,-1.41708667112698,-0.0175869391416806,-0.928405581579289,-0.0282925863414343,-0.0169240527124722,0.00329116091999179
-0.460491894417257,-1.42568923175764,-0.0186397658736942,-0.920960678975858,-0.0290240980238148,-0.0173238935924227,0.00169951285594772
-0.472653540924932,-1.43024345759542,-0.0196770600715934,-0.911074206590522,-0.0297111905943788,-0.0175860962526683,4.87968981566791e-05
-0.481914291697782,-1.43072696858559,-0.0205611192084533,-0.8986377524718,-0.030320084196438,-0.0177549162849817,-0.00163427491586681
-0.488124875261616,-1.42713997326722,-0.0211324888793671,-0.883582317361536,-0.0308213332531552,-0.0178749953223303,-0.00332228126512102
-0.491176407400711,-1.4195367578023,-0.021219145947495,-0.865925555069821,-0.0311922161897946,-0.0179897480922115,-0.0049864268538754
-0.491035889444831,-1.40805069468709,-0.020654446881965,-0.845815145155108,-0.0314197956660877,-0.018139616204174,-0.0065957615694951
-0.487796758319141,-1.39290945708023,-0.0193060953425393,-0.823560694624282,-0.0315042855001232,-0.0183595165048468,-0.0081164684379174
-0.481733200744276,-1.37443662291576,-0.0171150466317498,-0.799643501352239,-0.0314619041089522,-0.0186750658578644,-0.00951148116722267
-0.473339811774366,-1.35303565761846,-0.0141375503566233,-0.774691777484194,-0.031325961320162,-0.0190977096960436,-0.0107408288516514
-0.463332695165806,-1.32915362499136,-0.0105765961760377,-0.749411553383081,-0.0311447204464547,-0.0196197419106456,-0.0117632348562683
-0.452590151364442,-1.30322632487729,-0.00678435676425225,-0.724473844966302,-0.0309749602814118,-0.0202111813047262,-0.0125394311313475
-0.442026929155728,-1.27561428403855,-0.00322037517545052,-0.700377628113376,-0.0308714732734991,-0.0208209765451714,-0.0130371476122059
-0.432425685976299,-1.24654746678218,-0.000365305378325322,-0.677329264258254,-0.0308748401648034,-0.0213842136108696,-0.0132367716060806
-0.424279385951795,-1.21609943965901,0.00138692038948836,-0.655187078550407,-0.0310016457957579,-0.0218345751590976,-0.0131357401329073
-0.417705524537929,-1.18420327500336,0.00181897711246631,-0.633500815410734,-0.0312412138824077,-0.0221183418131952,-0.0127496973212524
-0.412464510676467,-1.15070378011535,0.000927327850535363,-0.611634368450866,-0.0315602926122487,-0.022204905265254,-0.0121097138343282
-0.408066274393588,-1.11542487207932,-0.00110255922758488,-0.588922995561594,-0.0319134347954304,-0.022090353051182,-0.0112566711620424
-0.403914645176096,-1.07822774825983,-0.00396421417417574,-0.564808527067022,-0.0322546483960225,-0.0217940584634426,-0.0102349551120395
-0.399437360045754,-1.03904494847749,-0.00731024970093848,-0.5389180330796,-0.0325464091509732,-0.0213509430980458,-0.00908732397319031
-0.394171929887544,-0.997888570803309,-0.0108191216348788,-0.511082226672211,-0.032764305302524,-0.0208027762215694,-0.00785177007408254
-0.387803158200937,-0.954839594532707,-0.0142370711739007,-0.481310349153318,-0.032897671842982,-0.0201909305233023,-0.00656023868287279
-0.380163580640209,-0.910027447942985,-0.0173956723635832,-0.44974353673572,-0.0329476175018328,-0.0195515950973343,-0.00523861938356436
-0.371212215096217,-0.863607017509656,-0.0202113991646653,-0.416604098209911,-0.0329239166612872,-0.0189133783980308,-0.00390740883513708
-0.361004441784503,-0.815737226690369,-0.0226746638559375,-0.382150679352709,-0.0328418184709858,-0.0182967253252483,-0.00258261998446577
-0.349661209661286,-0.766562837228525,-0.0248342754922658,-0.346643044976402,-0.0327193291335604,-0.0177144796277975,-0.00127670371945348
-0.337341640830288,-0.71619971171993,-0.0267810909115391,-0.310316386775806,-0.0325751459430999,-0.0171730353065017,6.15539265073649e-07
-0.324220292457267,-0.664723256024274,-0.0286327266508239,-0.273363369616768,-0.0324272000448273,-0.016673690154486,0.00124161258975144
-0.310468787448268,-0.612159849937323,-0.0305198695868135,-0.235921869835762,-0.0322916665677912,-0.01621396788601,0.00243992877220717
-0.29624092412688,-0.558481570307612,-0.0325739507490945,-0.198066939400883,-0.0321822794505331,-0.0157887887635388,0.00359000583098811
-0.281660390368688,-0.503605268483606,-0.0349156003583011,-0.159806532149103,-0.0321098063100274,-0.0153914421296028,0.00468655648364255
-0.26681053782146,-0.447397794297198,-0.037643257126432,-0.12108158152938,-0.0320815732301107,-0.015014355292499,0.00572405404651433
-0.251726031410201,-0.389689156862203,-0.0408215396229313,-0.0817716130665393,-0.0321009751154972,-0.0146496691007885,0.00669625865235771
-0.236386456788045,-0.330293958142381,-0.0444696233042421,-0.0417068034117696,-0.0321669768816417,-0.0142896287892021,0.00759585327834834
-0.2207124237764,-0.269039126760008,-0.0485509610528878,-0.000686670326701395,-0.0322737147007318,-0.0139267932300062,0.00841430163121429
-0.204565668311714,-0.205794745620979,-0.0529668507310976,0.0414946710948282,-0.0324104126598988,-0.0135540750616969,0.00914201396980392
-0.187755581500231,-0.140505042785979,-0.0575568363561514,0.0850168604445738,-0.0325618641461897,-0.0131646542061134,0.00976882374528097
-0.170054290793416,-0.0732164315272603,-0.0621082520058608,0.129997007557471,-0.0327096392349493,-0.0127518438896574,0.0102846947357326
-0.151220504540663,-0.00409804098093002,-0.0663754642705442,0.176453721034152,-0.0328339861991773,-0.0123090104430948,0.0106805248071265
-0.131029658703816,0.066550617907722,-0.0701069695913765,0.224279083394721,-0.0329161617753688,-0.0118296378430328,0.01094888391227
-0.109305690868832,0.138308537627089,-0.0730761611864335,0.27322621168459,-0.0329407422197534,-0.0113075774684396,0.011084530038469
-0.0859488965433866,0.210658499222748,-0.0751101870533851,0.32291688736135,-0.0328974247839325,-0.0107374474118953,0.0110846052110572
-0.0609550571114251,0.283024445572442,-0.0761115038753295,0.372868710418947,-0.0327819595458492,-0.010115078383589,0.0109485123312207
-0.0344229463644084,0.354814013858837,-0.0760684136657788,0.422536470017125,-0.0325960966843818,-0.00943787649375442,0.0106775676688621
-0.00654960662034576,0.425458997565235,-0.075053327091609,0.471359676736631,-0.0323466802048081,-0.00870499388258404,0.0102745690265478
0.0223852663982148,0.494448041492834,-0.073209863235486,0.518807990898252,-0.0320441708204831,-0.00791724811322588,0.00974340403810079
0.0520431694331171,0.561348184658237,-0.070731621796926,0.564417998865101,-0.0317009123222181,-0.00707678530597708,0.00908876932537202
0.0820554802561829,0.625814109793006,-0.0678364059609635,0.607817406610616,-0.0313294025570701,-0.00618652526625528,0.00831601428299977
0.112053366106609,0.687585790875757,-0.0647399027224013,0.648735404157076,-0.0309407465482227,-0.00524945819289077,0.0074310876069038
0.141695525360417,0.746476647102195,-0.0616324484162981,0.687000256116695,-0.0305433938210359,-0.00426788690327132,0.0064405560094279
0.170691077508655,0.802355329815815,-0.0586616342436299,0.722526881105024,-0.030142208171704,-0.00324272892727873,0.00535167513034552
0.198815984661546,0.855124823797548,-0.055922314863515,0.755298193379785,-0.0297378839946958,-0.0021730072609738,0.00417251062951842
0.225922581124406,0.904702540490986,-0.0534543266306685,0.785344258755762,-0.029326704687685,-0.0010556619096907,0.00291212359855123
0.251942789676596,0.951004505122527,-0.0512471706675783,0.812722928582019,-0.0289006362564599,0.000114198468588989,0.00158084396249011
0.276886140610613,0.99393570821576,-0.0492502563490037,0.837504730877602,-0.0284477681924159,0.00134251811029998,0.000190656953901033
0.300833640119408,1.03338739803952,-0.0473870676296631,0.859763633250299,-0.0279531587794814,0.0026349574920049,-0.00124427889988309
0.323927883973102,1.06924073511943,-0.0455716854687913,0.879574034704863,-0.0274002111610023,0.00399504935517159,-0.00270697841064644
0.346358749731008,1.10137496245986,-0.043726248924611,0.897013083920079,-0.0267727842483075,0.0054220129595031,-0.00417686012600417
0.368342806969897,1.12967719928154,-0.0417979226949675,0.912166164930759,-0.0260582922359508,0.00690854212218227,-0.00562891375958323
0.390093624627602,1.1540503575134,-0.039773595810369,0.925132138788239,-0.0252520016726506,0.00843905868228816,-0.00703290983735082
0.411779889267526,1.1744159398477,-0.0376898696758604,0.936023850917322,-0.0243624931662396,0.00998908894000876,-0.00835283818310863
0.433469317578207,1.19071028133186,-0.0356351578760998,0.944959064321261,-0.0234176875209076,0.0115264963838879,-0.00954688495592004
0.455059716356232,1.20287671150469,-0.0337404780830055,0.952038419064646,-0.0224698515386873,0.0130151564380956,-0.0105684149120841
0.476205592451361,1.21086154953152,-0.0321566266370759,0.957311518760061,-0.0215967140116804,0.014421122884567,-0.0113685433041576
0.496260757512778,1.21462540857814,-0.0310187927049945,0.960740154258332,-0.0208948741865007,0.0157203125918869,-0.0119007644443975
0.514273550550634,1.21417632403132,-0.0304054755803542,0.962176471939932,-0.0204624862314574,0.0169054158320748,-0.0121274530350066
0.529083629661129,1.20961259535109,-0.0303050293458903,0.961376897744992,-0.0203724740867863,0.0179888644676646,-0.0120267538137611
0.539556407476767,1.20113942372242,-0.0306059551095148,0.958061689024249,-0.0206452078315441,0.0189994326426804,-0.0115970752173597
0.544924099835395,1.18902366920306,-0.0311213982273116,0.952004282484444,-0.0212358003657437,0.0199729649313699,-0.0108566682812097
0.545088849879754,1.17349882443655,-0.0316433523304257,0.94310968696899,-0.0220472342906113,0.0209413003931327,-0.00983850348075105
0.540687597062855,1.15469163775947,-0.0320045631836537,0.931442323815768,-0.0229640193651961,0.021924505817724,-0.00858377370859413
0.532844685836552,1.13263273272147,-0.0321193698587803,0.91719701434602,-0.023885976408387,0.0229287261744544,-0.00713731631245504
0.52276821149799,1.10733288021846,-0.0319876801970273,0.900641869247664,-0.024745046604075,0.0239481363544375,-0.00554534359742537
0.511430587257661,1.07885366510062,-0.0316693273032519,0.882065938244941,-0.025504594029355,0.0249681191957732,-0.00385404533499618
0.499447595375275,1.0473269671686,-0.0312490044512732,0.861743715706248,-0.0261509424291906,0.0259678326376451,-0.00210827692657777
0.487113697668551,1.01292714683689,-0.0308082903892212,0.839910471155078,-0.0266849861879783,0.0269216794961052,-0.000350583058712932
0.474498937747826,0.975820634097629,-0.0304106870081877,0.816738542259603,-0.0271161289763334,0.0277999143419201,0.00137911484435228
0.461540854973229,0.936113618158467,-0.0300978244063155,0.792309642870219,-0.0274579195776253,0.0285689360639924,0.00304324757338285
0.44810698340077,0.893810885888352,-0.0298922322889764,0.76658507992611,-0.0277245459221099,0.0291919737713278,0.00460609626923135
0.434029668358457,0.848795918764799,-0.0298024672819836,0.739381921255226,-0.0279279869551658,0.0296308881780019,0.00603346343599709
0.419124943160865,0.800841740928892,-0.029827918736356,0.7103675947183,-0.0280761374476491,0.0298496105637438,0.00729287940713897
0.403207887228791,0.749658925231143,-0.0299621894321491,0.6790863293265,-0.0281723885566796,0.029819261661792,0.00835462984872121
0.386112701068543,0.694978339134653,-0.0301951046823556,0.645025551591275,-0.0282169435494267,0.029524232129884,0.00919372121955506
0.367718861406305,0.636651897017395,-0.0305140040898352,0.607717172890316,-0.0282096076973689,0.0289676498367591,0.00979256222338296
0.347977385232368,0.574740385097075,-0.030905051117092,0.566850560768882,-0.028153114252469,0.0281741648965907,0.010143671026772
0.326926855480268,0.509553468969146,-0.0313550076570074,0.522360402977998,-0.0280556471339111,0.027188400525517,0.0102513741427217
0.304690545428775,0.441621051119348,-0.0318534572528094,0.474455366520975,-0.0279314830727998,0.0260688784442735,0.0101315890190216
0.281453383844715,0.37160315312286,-0.0323950059940033,0.423575542967423,-0.0277995621820082,0.0248790558702743,0.00980947240905542
0.257425957936827,0.300170913982521,-0.032980733940738,0.370296217986809,-0.0276807496844861,0.023678182614795,0.00931559663791806
0.232806817909681,0.227898198929319,-0.03361827978417,0.315213897185418,-0.0275949627801098,0.022514381979477,0.00868181429332473
0.207752369581507,0.155190245111145,-0.0343204118517887,0.258848611459245,-0.0275590781426461,0.0214210707873373,0.00793783690201038
0.182358330231898,0.0822549669566307,-0.0351025011352579,0.201580620245269,-0.0275859634252803,0.0204164809006982,0.00710901961682433
0.156652002965715,0.00910766918213866,-0.0359796050164359,0.143622930054539,-0.027684500374458,0.0195052668767696,0.00621532801517221
0.130592972016696,-0.0644025704073062,-0.0369636977611407,0.0850230628797444,-0.0278602384619921,0.0186810550443596,0.00527122244482052
0.10408198275621,-0.138546886257597,-0.0380609816499645,0.0256909791423505,-0.0281162449624477,0.0179290556533756,0.0042862607955196
0.0769823028785187,-0.213637567279323,-0.0392684101866614,-0.0345395050463631,-0.0284536517249866,0.0172282481217464,0.00326645716798436
0.0491567760645204,-0.289905193469678,-0.0405682702890442,-0.0958107247364163,-0.0288713967751763,0.0165529562041414,0.00221644519197088
0.0205055492284234,-0.36737347044117,-0.041921181464159,-0.158138312848562,-0.0293651440137197,0.0158737405892212,0.0011417721875571
-0.00902752759450221,-0.445820840636695,-0.0432604537814161,-0.221377287944556,-0.0299262751543332,0.0151576373590856,4.99557422701397e-05
-0.0394866138633681,-0.524846742819129,-0.0444905393995365,-0.285269855877996,-0.0305418206559566,0.014368097882216,-0.00104999074666528
-0.0709409493092822,-0.603953392422739,-0.0454896676556584,-0.349501770398934,-0.0311950364546536,0.0134651546811755,-0.00214822707646211
-0.103498002247168,-0.682572129400568,-0.0461166442435831,-0.413709678853142,-0.0318658729751177,0.0124061091499897,-0.00323391627162715
-0.137288510236633,-0.760040834138486,-0.0462237826368223,-0.477444342104959,-0.0325311295532558,0.011146917501527,-0.00429436588496513
-0.172427498561537,-0.835566390012554,-0.0456784203094981,-0.540117698012983,-0.0331645783492868,0.00964459912054152,-0.00531401168499133
-0.208953562458156,-0.908198990060938,-0.0443932376758032,-0.600958113364248,-0.0337374359051518,0.00786105791711262,-0.00627359155987673
-0.246749835728075,-0.976837007527215,-0.0423613056427578,-0.658995548817311,-0.0342195374317724,0.00576849911738326,-0.00714969449003124
-0.285457568691404,-1.04027664221872,-0.0396862661562341,-0.713098014316809,-0.034581494084591,0.00335613657971366,-0.00791481205563235
-0.324403908442304,-1.09731357415738,-0.0365936089105319,-0.762074914900786,-0.0347979559693752,0.000637170945846327,-0.00853801505169186
-0.362572840215918,-1.14689031294715,-0.0334093370126342,-0.804845101897795,-0.0348517825336423,-0.00234577464654295,-0.00898637546304386
-0.398643639026571,-1.1882635692715,-0.0305007561700607,-0.840637852004233,-0.0347383847518006,-0.00551913578254873,-0.00922723775718298
-0.431099889956162,-1.22114673182204,-0.0281900987471665,-0.86916443269488,-0.0344686998969756,-0.00878304594719234,-0.00923139206388731
-0.458384871779492,-1.24577144901156,-0.026668025380428,-0.890686419578369,-0.0340680963184172,-0.0120230556660562,-0.00897699490650826
-0.47907998430496,-1.26281344193557,-0.0259394723687443,-0.905933337103464,-0.0335673617653209,-0.0151270749296861,-0.00845342843209452
-0.492143891364914,-1.27314359346728,-0.0258231751712014,-0.91588723574728,-0.0329838794918274,-0.0180020293409283,-0.00766306728723174
-0.497293096631307,-1.2774263282524,-0.0260080049614677,-0.921521178134621,-0.0323030499518284,-0.0205831669301634,-0.00661850580949173
-0.495381176366895,-1.27574646767485,-0.0261564898654545,-0.923586595910535,-0.0314873460313469,-0.0228346186278827,-0.00533648144183774
-0.488243671779078,-1.26756838731704,-0.0260229504334907,-0.922472932361372,-0.0305239553317622,-0.0247496881141508,-0.00383573065036153
-0.477815647663355,-1.25206918480353,-0.0255188654666674,-0.91812474240953,-0.029465069979858,-0.0263561224896477,-0.00214246839905717
-0.465272476095519,-1.22848708470096,-0.0246845482884052,-0.910052614629275,-0.0284160250941624,-0.0277174061067552,-0.000296050243558083
-0.450858151227818,-1.1962474179632,-0.0236075352104086,-0.897471379214973,-0.0274952569099692,-0.0289230809393404,0.00165134467778413
-0.43421418477449,-1.15497163994389,-0.0223508441714712,-0.8795283253562,-0.0268055926621523,-0.0300732117521775,0.003637891691733
-0.414793964806894,-1.10451495511229,-0.0209203535783173,-0.855571570076907,-0.0264209297111588,-0.0312626944392315,0.00559374469854719
-0.392208695365921,-1.04506585875169,-0.0192777091510002,-0.825435671770762,-0.0263759960312743,-0.0325651790595925,0.00744028423423716
-0.366513095609994,-0.977275502907673,-0.0173994921680248,-0.78970562587481,-0.0266535957098898,-0.0340145048985572,0.00908828917190073
-0.3384142434278,-0.902349342916707,-0.0153700537367393,-0.749848274656721,-0.0271740282168735,-0.0355850152309688,0.010437723491713
-0.309290915203043,-0.821997881557517,-0.0134621520483157,-0.708031526599797,-0.0277982783020645,-0.0371789298082985,0.0113840897386077
-0.280879594956681,-0.738151553091404,-0.0121279383860601,-0.666511497387906,-0.0283564199579074,-0.0386350611024358,0.0118365887194649
-0.254650868766814,-0.65247323531758,-0.0118521457988437,-0.626758775766602,-0.028698713548796,-0.0397690949271763,0.0117456308069953
-0.231209743805132,-0.56591269732757,-0.0129334911300867,-0.58884408895333,-0.0287431559867684,-0.0404340407899539,0.0111239590144816
-0.210139470237807,-0.478599869547817,-0.0153505630327788,-0.551541572884455,-0.0284871680250682,-0.0405666377080294,0.0100441725128922
-0.190360142492017,-0.39012302345137,-0.0188033059051477,-0.513042779759495,-0.0279794450970276,-0.0401926623392933,0.00861376758402541
-0.170677993446827,-0.299949810186205,-0.0228716583260269,-0.471738012139709,-0.0272794268016644,-0.0393969214947825,0.00694563420426654
-0.150183096580669,-0.2077337114085,-0.0271728141761144,-0.426652700574278,-0.0264314574012725,-0.0382840946024209,0.00513899278417239
-0.128389717517808,-0.113427317283841,-0.0314485724954236,-0.377505186750287,-0.0254598047512877,-0.0369503864781232,0.00327313298943267
-0.105192241176912,-0.0172629555096894,-0.0355798917155794,-0.324558900713154,-0.0243763694133441,-0.0354708195373823,0.00140911891863149
-0.080744728776179,0.0803118787597,-0.039554942213586,-0.26843418838875,-0.0231915951495992,-0.0338980315988072,-0.000405547378013123
-0.0553363201419858,0.178689367118453,-0.0434176986263969,-0.209960846463803,-0.0219232693471584,-0.0322667057366133,-0.00213219229906121
-0.0292936069636868,0.277131385581613,-0.0472161331432345,-0.150082540776922,-0.0206014441843894,-0.0305992217059644,-0.00373747606610324
-0.0029159201747356,0.374787560675279,-0.0509622061574415,-0.0897893773303251,-0.0192692176811868,-0.0289100738403518,-0.00519172433681668
0.0235611722596925,0.470726828001903,-0.0546114528006151,-0.0300491186334855,-0.017979517163643,-0.0272082073136718,-0.00646926948246507
0.0499812037590096,0.564003693557997,-0.0580657026036856,0.0282778417512767,-0.0167885046541219,-0.0254976144000451,-0.0075504502780605
0.0762668676398911,0.653759443611154,-0.0611962017400487,0.0845296506589685,-0.015747232217037,-0.023777267337037,-0.00842421974922101
0.102409209079693,0.739330928673794,-0.0638771357349932,0.13831028750045,-0.0148941498244297,-0.0220415649963384,-0.00908986692593527
0.128449212600276,0.820324163434508,-0.0660158414674462,0.189503230572907,-0.0142509690432969,-0.0202819355181416,-0.0095566899812046
0.154454743571009,0.896622093212051,-0.0675693595491638,0.238224266836778,-0.0138228556934562,-0.0184894156971659,-0.00984152747978611
0.180496273446522,0.96832850431983,-0.0685452491400478,0.284734284986029,-0.0136019540757544,-0.0166574503929924,-0.00996511814424138
0.206625176031544,1.03567761149742,-0.0689916035184023,0.329345821791468,-0.0135722072375051,-0.0147841012579629,-0.00994857749616463
0.232857678666197,1.09894373906226,-0.0689831118482618,0.372349732462353,-0.013713715866135,-0.0128731919801009,-0.00981085374716911
0.259165829689994,1.15837245717124,-0.0686079698206337,0.413971678574069,-0.0140057923482104,-0.0109343350281363,-0.009567391829486
0.285475157153323,1.2141387262214,-0.0679575605433837,0.454354841052462,-0.0144286464581542,-0.0089820640069401,-0.00922981556786872
0.311667760321532,1.26632802629613,-0.0671189477155159,0.493559828586198,-0.0149640173375507,-0.00703439542681608,-0.00880629866443835
0.337589360188118,1.31493343914717,-0.0661695318336404,0.531573156247473,-0.0155951420769714,-0.00511112210474851,-0.00830231777400684
0.363058985401128,1.35986224738963,-0.0651732358823396,0.56831848453775,-0.0163063906983191,-0.00323206774755298,-0.00772155309570032
0.387880205597957,1.40094736937439,-0.0641778610902542,0.603667726676718,-0.0170828028956714,-0.00141545497453366,-0.00706677121613765
0.411853003605622,1.43796062734001,-0.0632135380403685,0.637451144348711,-0.0179096724394748,0.000323520065836572,-0.00634058129587982
0.434785471963244,1.47062604483043,-0.0622923881344447,0.669466486233686,-0.0187722494950817,0.00197384819713122,-0.00554600424279042
0.456504575358167,1.49863208595694,-0.0614095691739803,0.699487337815052,-0.0196555713084097,0.00352956005281264,-0.00468683950128194
0.476865316999219,1.52164214277538,-0.0605458100361682,0.727270572437461,-0.02054439159586,0.00499023505590367,-0.00376785390889667
0.495757839204088,1.53930283704176,-0.0596713791764113,0.752562537258759,-0.0214231638179033,0.00636113853160208,-0.00279484630025423
0.513112257751388,1.55124996315673,-0.0587512373682139,0.775103636518883,-0.0222760470085634,0.00765297418371238,-0.00177465553981827
0.528901280003936,1.55711223990226,-0.0577509519786738,0.794631364806042,-0.0230869467741098,0.00888126140983493,-0.000715177160041352
0.543140727001509,1.55651353114383,-0.0566428317874492,0.810882525788732,-0.0238396808507428,0.0100653735037507,0.000374563984234342
0.555887712646993,1.54907495372196,-0.0554116883480354,0.823596178334574,-0.0245184719663521,0.0112273008771924,0.00148426966283438
0.567235006515335,1.53441952639894,-0.0540596435271812,0.832519520179133,-0.0251091168936838,0.0123902295965764,0.00260218549237824
0.577297430409462,1.51218403752305,-0.0526094820927865,0.837419043045632,-0.0256013168402162,0.0135770405196876,0.00371498054593466
0.586181667835379,1.48204578792751,-0.0511061550612545,0.838098261904805,-0.0259926309762374,0.0148088142258939,0.00480787754915457
0.593926041285875,1.44377494774818,-0.0496160077521956,0.834420481848301,-0.0262939897646765,0.0161033318526093,0.0058652932455292
0.60039798003113,1.39732270914239,-0.0482227883925353,0.826330585203948,-0.0265351984371611,0.0174733740538091,0.00687219395186368
0.605157134237971,1.34294304364712,-0.0470182885421217,0.813866452615403,-0.0267663495585585,0.0189244541129708,0.00781599865070768
0.6073411910344,1.28131399262773,-0.0460845921437129,0.797154557801252,-0.0270493223328524,0.0204518326801041,0.00868808830397264
0.605685176628074,1.21358455872907,-0.0454673903158758,0.776399684642503,-0.0274366136460347,0.0220376153126159,0.00948329510400995
0.598767879414174,1.14127206682512,-0.0451478244959654,0.751895116427278,-0.0279446227956255,0.023649985532361,0.0101963144459397
0.585441087853639,1.06601368476758,-0.0450287174293778,0.72407165074704,-0.0285377992621731,0.0252465822220647,0.0108162711350727
0.565238600770233,0.989283862422932,-0.0449488787575652,0.693563862249084,-0.0291361304120894,0.026781794736582,0.0113227792170796
0.538557954027024,0.912208182771882,-0.044724647376372,0.661235814894687,-0.0296421784682261,0.028215168987306,0.0116862517301664
0.506560945319922,0.83551285874562,-0.0442035194551235,0.628115843737831,-0.0299721999167551,0.0295177501108224,0.0118725298456921
0.470878840732948,0.75955944093837,-0.0433104339939116,0.595235948397258,-0.0300782137318718,0.0306748539581066,0.0118498933108469
0.433241990148465,0.684405610997991,-0.0420707894031804,0.56342231148161,-0.0299564752593646,0.031685480449633,0.0115961839631868
0.395133083219492,0.609873236246745,-0.0406016481549801,0.533114486442138,-0.0296435355772611,0.0325594308856542,0.0111041053191928
0.357543930658136,0.535632209975247,-0.0390737652276898,0.504287750197618,-0.0292033184792102,0.0333134507786682,0.0103831890109625
0.320889229896818,0.461303021637817,-0.0376592513239133,0.476511279283353,-0.0287099892486537,0.0339676216046096,0.00945784790220017
0.28507914771656,0.386561178839131,-0.0364852581311143,0.449113188868351,-0.0282319960187659,0.0345427340441992,0.00836240280672838
0.249695829015174,0.311217254291454,-0.0356086034485172,0.421380866162797,-0.0278213719592881,0.0350586801451606,0.00713509859564877
0.214194164334251,0.235255056337954,-0.0350143360515394,0.392726237193063,-0.0275095434372254,0.0355334340567866,0.00581311361767659
0.178064336033643,0.158827318436707,-0.0346316034074725,0.362779613562209,-0.0273083174386355,0.0359821695956659,0.00442960451774277
0.140930644178731,0.0822206634667345,-0.0343572882537268,0.331412831552091,-0.0272137022647181,0.0364163118631901,0.00301275180030853
0.102591571023084,0.00580478960531424,-0.0340801205545892,0.298712812839501,-0.0272105836191453,0.0368425491248185,0.00158617659557842
0.0630195327739899,-0.0700223710125822,-0.033701628576702,0.26492936390298,-0.0272771608057559,0.0372619179646874,0.000170026593644805
0.0223388074433223,-0.144886719283843,-0.0331529321692624,0.230414351192172,-0.0273887786023797,0.0376690699954743,-0.00121777392104429
-0.0192058250621652,-0.218484172540787,-0.0324073996940463,0.195561212101371,-0.0275211585142307,0.0380518217156208,-0.00256038434023922
-0.0612837292299141,-0.290619262794638,-0.0314889712882219,0.160748092658192,-0.0276531006981671,0.0383911229752998,-0.0038411386531053
-0.103514971074654,-0.361233785047375,-0.0304751423832574,0.126285708347807,-0.0277686270258557,0.0386616421792438,-0.00504292534007274
-0.145509427080823,-0.430421242126291,-0.0294928474728028,0.0923717848056937,-0.0278583836178565,0.0388332126780023,-0.00614791820094533
-0.186908597054199,-0.498421019129353,-0.0287053924937219,0.0590564851383198,-0.027920013100672,0.0388733527768836,-0.00713774964560753
-0.22742784021574,-0.565586202420828,-0.0282896751323845,0.0262259477390453,-0.0279572255450051,0.038750898495951,-0.00799422715611499
-0.266893423082318,-0.632322451397399,-0.0284054375651334,-0.00638806497033306,-0.0279775015418524,0.0384404437705773,-0.00870063379221866
-0.305266190430707,-0.699003049660702,-0.029161786763646,-0.039167341600789,-0.0279887462454318,0.0379268290611611,-0.00924349686438553
-0.342643824668023,-0.765875461675782,-0.0305892933876792,-0.0725376693152702,-0.027995660960543,0.0372085543780582,-0.0096144877575481
-0.379237823545234,-0.832982608298817,-0.0326265682566089,-0.106883164357662,-0.0279968773783009,0.0362989959474332,-0.00981194370407892
-0.41532867794591,-0.90012186500693,-0.0351268656664818,-0.142465055769974,-0.0279837797240192,0.0352248404460543,-0.00984152134514964
-0.451209948025991,-0.9668541205874,-0.0378837352136013,-0.179366018025966,-0.0279413879791165,0.0340220551359914,-0.00971575297650249
-0.487135122984063,-1.03255839175581,-0.0406681568972982,-0.21747283170183,-0.0278509415945772,0.0327305278668525,-0.00945266074109588
-0.523278778603138,-1.09651315450493,-0.043266382163753,-0.256497151085294,-0.0276932883886499,0.0313888067610899,-0.00907387502579227
-0.559717508847175,-1.15798044127398,-0.0455090984885377,-0.296023178528412,-0.027452079152913,0.030030066228337,-0.00860275750968933
-0.596429884925187,-1.21627327689426,-0.0472870085332923,-0.33556645647227,-0.0271160451867289,0.0286798004044514,-0.00806287433263555
-0.633310733689061,-1.27079655237878,-0.0485527914746317,-0.374629695794003,-0.0266800705279754,0.0273551595984254,-0.00747694033104927
-0.670193752830814,-1.32106066820222,-0.0493127610860115,-0.412746652617528,-0.0261451555704062,0.0260655054419378,-0.00686618722463533
-0.706877026793993,-1.36667328172996,-0.0496128287725983,-0.449510534301525,-0.0255176083488428,0.0248136746799154,-0.0062500405433978
-0.743147311566137,-1.40731693970362,-0.0495230742420728,-0.484587572403938,-0.0248078942095867,0.0235975164433897,-0.00564599711428752
-0.778800296105763,-1.44272035392025,-0.0491240753652842,-0.51771883083018,-0.024029565784757,0.022411404755901,-0.00506963087302907
-0.81365504163405,-1.47262997069113,-0.0484967875485107,-0.54871427489418,-0.0231986274337978,0.0212475648024126,-0.00453468510696112
-0.847561258021786,-1.49678743474338,-0.0477165777785792,-0.577443059438379,-0.0223335894980545,0.0200971622777424,-0.00405321932585931
-0.880397954404796,-1.51491830219784,-0.0468511572673968,-0.603823323212459,-0.0214563380372783,0.0189511863347584,-0.00363576762421751
-0.912061493842108,-1.5267381359493,-0.0459615844243574,-0.627813806485047,-0.0205937489889397,0.0178012136541516,-0.00329143734096882
-0.942440846345899,-1.53198327568702,-0.0451050833921041,-0.649408487580173,-0.0197796429587743,0.0166401771230857,-0.00302784106221289
-0.971379214215484,-1.53047298561866,-0.044337999092667,-0.668634161257121,-0.0190561526951193,0.015463267391057,-0.00285073186745875
-0.99862603769821,-1.52220337006704,-0.0437168145132232,-0.685549428453263,-0.0184729485467996,0.0142690374800647,-0.00276324329281054
-1.02379252890743,-1.50745719157766,-0.0432951878743581,-0.700242149472102,-0.0180824742440321,0.0130606173967743,-0.00276478134372726
-1.04633399528966,-1.48688895847766,-0.0431161812038885,-0.712821820305369,-0.0179302149418434,0.0118466798668168,-0.00284990013370834
-1.06558352335505,-1.46152670003454,-0.043201675080712,-0.723404786356574,-0.0180416629533857,0.0106415683460892,-0.00300779754776312
-1.08084346662072,-1.4326476789,-0.043544207124974,-0.732094177624098,-0.0184111079347093,0.00946408313599768,-0.00322309022047248
-1.09150739733166,-1.40154641286555,-0.0441071216379667,-0.738961015851752,-0.0189986273900328,0.00833499058752415,-0.00347801115513558
-1.0971610867737,-1.36928418138051,-0.0448349508895178,-0.74403422742302,-0.0197381680970308,0.00727408064152879,-0.00375532981186694
-1.09762133061923,-1.33652657095869,-0.0456697910189321,-0.747303223257186,-0.0205532361973084,0.00629790256507695,-0.00404080944707633
-1.0929088668327,-1.30351986850719,-0.0465663418541338,-0.748730127570773,-0.0213727992786394,0.00541885400953201,-0.00432434487051774
-1.08318368671534,-1.27017906725656,-0.0475004293367582,-0.748264862857,-0.0221414671422365,0.00464550814609944,-0.00459973765471941
-1.06867690202042,-1.23622074879453,-0.0484703456121016,-0.745857237683204,-0.0228224971330086,0.00398357364004168,-0.00486367230070346
-1.0496397109514,-1.20128412991497,-0.0494934023100653,-0.741463722037602,-0.0233956607038301,0.00343689098416302,-0.0051145435961456
-1.02631398355177,-1.16501463270828,-0.0506005789419867,-0.735049612973955,-0.0238529237308667,0.00300814342131263,-0.00535153609683421
-0.998919958856983,-1.1271094216649,-0.051831176169809,-0.726588523675865,-0.0241940978246189,0.00269922331382236,-0.00557407199872009
-0.967654428595702,-1.0873353549619,-0.0532282711163414,-0.716060994667991,-0.0244234605397581,0.00251133377600706,-0.00578157328153622
-0.932694083388654,-1.04553076624031,-0.0548350947534214,-0.703453365508852,-0.0245475246061787,0.00244493945684725,-0.005973428747548
-0.894200699606414,-1.00159942995739,-0.0566922039934116,-0.688757395599349,-0.0245737539201959,0.00249966267894089,-0.00614906507650938
-0.85232640189226,-0.95550162658801,-0.0588353107469919,-0.67197066752488,-0.0245099283278308,0.00267418970049532,-0.0063080502436268
-0.80721817080792,-0.907244733608706,-0.0612936933164736,-0.65309754723823,-0.0243638947569732,0.00296622345559231,-0.00645018608329227
-0.759021246740548,-0.856874323707821,-0.0640891657332013,-0.632150363809642,-0.0241435149798315,0.00337249784273567,-0.00657556781824922
-0.707881311381378,-0.804466057467765,-0.0672355905747529,-0.609150461283467,-0.0238566887481115,0.00388885375647784,-0.00668460205990544
-0.653945446321069,-0.750118400167696,-0.0707388947235437,-0.584128833056685,-0.0235113829670658,0.00451036699316724,-0.00677798302018898
-0.597361948127512,-0.693946145790626,-0.0745975026347876,-0.557126149635006,-0.0231156329460181,0.00523151170703281,-0.00685663126910481
-0.538279148284714,-0.636074759657007,-0.0788030569986147,-0.528192111102276,-0.0226775041969737,0.00604633952350464,-0.00692160160419879
-0.476843450502749,-0.576635586247445,-0.0833412670526386,-0.497384176787082,-0.0222050165138805,0.00694865323524183,-0.00697396725887273
-0.41319685108121,-0.515761981330841,-0.0881927185915053,-0.464765829256649,-0.0217060390614996,0.00793215478413333,-0.00701468725990255
-0.347474247921633,-0.453586416108695,-0.0933334981009936,-0.430404608203187,-0.0211881679972332,0.00899054944097583,-0.00704446257836438
-0.279800871444496,-0.390238575215518,-0.098735522212408,-0.394370198834764,-0.0206585981368644,0.0101175911774534,-0.00706358505635123
-0.210290193747875,-0.325844445096732,-0.104366515466411,-0.356732883420902,-0.0201239983441087,0.0113070576349561,-0.00707178117154915
-0.139042705892441,-0.260526381253184,-0.110189636339476,-0.317562674793918,-0.0195903974068055,0.0125526463790856,-0.00706805077514214
-0.0661460170042115,-0.194404167250067,-0.116162807540147,-0.276929462059546,-0.0190630837418963,0.0138477870374859,-0.00705049933699908
0.00832315080620177,-0.127597150996993,-0.122237858828847,-0.23490452983859,-0.0185465188727411,0.0151853665008119,-0.00701616147679098
0.0842943121029327,-0.0602276617813814,-0.128359641903989,-0.191563869095951,-0.0180442616826846,0.0165573675891683,-0.00696081457622387
0.161694923225744,0.00757395048696333,-0.134465335781613,-0.146993763143071,-0.0175588984855373,0.0179544278739515,-0.00687878565158624
0.240437295999174,0.0756622446699861,-0.14048424222618,-0.101299127395769,-0.0170919736815542,0.0193653399466005,-0.00676276493139873
0.320399810470371,0.143867399431756,-0.146338488905053,-0.0546147985686773,-0.0166439181617209,0.0207765467793855,-0.00660365865776497
0.40140269281616,0.211984334269548,-0.151945196325216,-0.00711907734054219,-0.016213979342313,0.0221717464037739,-0.00639054243600252
0.483181301443134,0.279762456604061,-0.157220717844555,0.0409529661374106,-0.0158001698757831,0.0235318088233363,-0.00611080867622526
0.565363847347899,0.346900109633432,-0.162087282443636,0.0893013451282786,-0.0153992727209302,0.0248352902550722,-0.00575061812638758
0.64746369415899,0.413048220191334,-0.166481459025205,0.137564645934552,-0.0150069648130428,0.0260598196012649,-0.00529573909710385
0.728895302730879,0.477824666437015,-0.170362364512333,0.185339975432006,-0.0146181354820851,0.0271844360653982,-0.00473277774620701
0.809015530922174,0.540834772240102,-0.173716259488922,0.23221830673576,-0.0142274507015644,0.0281925829662431,-0.00405070010290618
0.88718125471137,0.601688033812805,-0.176554402130781,0.277826511502254,-0.013830119484399,0.0290750844898124,-0.00324248354831222
0.962806451255369,0.660001476264913,-0.178903406565205,0.321862560846364,-0.0134226470802699,0.0298322776554647,-0.00230675239430982
1.03540092374708,0.715386769637861,-0.180791021852358,0.364110985890593,-0.0130031485096459,0.0304746221681257,-0.00124933341905353
1.10457752009414,0.76742778613027,-0.182233352379851,0.40443033703401,-0.0125706187616101,0.0310214410642759,-8.47584007141656e-05
1.17002125652637,0.815663139910571,-0.183230447198334,0.442709930383585,-0.0121225023334005,0.0314977534326272,0.00116221420238364
1.2314202339377,0.859591777715941,-0.183775178915357,0.478798119098949,-0.01165008381562,0.0319293360610151,0.00245503148633877
1.28836641991146,0.898717326420992,-0.183875413989119,0.512410381248349,-0.0111317820475665,0.0323362586539798,0.00374388984366528
1.34024842988897,0.93263569557814,-0.183582108243662,0.543036397125938,-0.0105255349341903,0.0327254109979004,0.00496494439465539
1.38617959874116,0.961146178787479,-0.183007898859306,0.569882367600495,-0.00976309391825135,0.0330832842775558,0.00604138519145743
1.42502167629861,0.984330816064053,-0.182316972077747,0.591899408846827,-0.0087505639743734,0.0333715734158229,0.00688822976377605
1.45554819791993,1.00252179487747,-0.181675618088065,0.607937135316429,-0.00737923070375559,0.0335293419348924,0.00742245561213817
1.47671513458106,1.01610582714351,-0.18117774267744,0.616999865227527,-0.00554663526760576,0.0334846786556254,0.00757783452080062
1.48789989102943,1.02522082023965,-0.180786860684982,0.618492461994072,-0.00318081255193745,0.0331743060120798,0.00731990914033363
1.48894020739699,1.02951899932349,-0.180336537592965,0.612310394139749,-0.000256534788585873,0.03256338676781,0.0066543354215663
1.47992704263149,1.02817594021852,-0.179593924389699,0.598720492802787,0.00320279478299955,0.0316557743055285,0.00562466458059451
1.4608899951948,1.02018393356039,-0.178347823566672,0.578126976029451,0.00713361643109348,0.0304904220081085,0.00430170815172773
1.43158784655794,1.00480376701101,-0.176473670534874,0.550880182085129,0.0114415550054703,0.0291278592387956,0.00277036358436597
1.39153428216056,0.981986325770496,-0.173952993992364,0.517223818922856,0.0160058300754062,0.0276344788758542,0.00111887826387009
1.34024757989849,0.952611651981968,-0.170854370419077,0.477375256295128,0.0206804161821326,0.0260704579877815,-0.000567583121108173
1.27760860843428,0.918462368579744,-0.16729648518462,0.431675871177483,0.0252978622850664,0.0244830110096199,-0.0022097795378763
1.20417234924476,0.881924504290849,-0.163412807962077,0.380746027033262,0.0296803925895242,0.0229037676005241,-0.00373562788940985
1.12130561767329,0.845497914057078,-0.159329913863137,0.325598887888882,0.0336581505018807,0.0213483937594547,-0.00508190372009251
1.03110855633611,0.811274589736165,-0.155162384418828,0.267679197580283,0.0370898525840622,0.0198174247386556,-0.00619744393869519
0.936173574486944,0.780548382108921,-0.15101877412302,0.208796085702081,0.0398794857846861,0.0182983875343295,-0.0070471725380241
0.839276924601424,0.753641429629121,-0.147008784150269,0.150935256643327,0.0419844029362708,0.0167696800357689,-0.00761505210802189
0.743071383702126,0.729935465882406,-0.14324413275412,0.0959794661680555,0.0434135683608549,0.0152061241301613,-0.00790431318912722
0.649807254387422,0.708047846738696,-0.139832261866938,0.045415891854173,0.0442177548600644,0.0135851459232355,-0.00793468875488557
0.561100424312851,0.686093726071739,-0.136867310038126,0.000125586747170899,0.0444751183312701,0.0118919275828627,-0.0077376265239151
0.477780451960433,0.661988023016211,-0.134423501021728,-0.0396823118409715,0.0442757600675034,0.0101220638758345,-0.00735079925330945
0.399852801067195,0.633742952855147,-0.132553496521872,-0.0743889545761859,0.0437081642641195,0.00828113882752347,-0.0068129270884658
0.326584252645855,0.599717757885782,-0.131291259167859,-0.10478521166411,0.0428493134299033,0.00638173076090583,-0.00615953237094128
0.256685426816812,0.55878952802298,-0.130657302150853,-0.131859925595476,0.0417591620527138,0.00443911716822745,-0.00541998308095396
0.188542246395364,0.510436313169044,-0.1306639874683,-0.156612560020279,0.0404791901366938,0.00246708825538147,-0.00461596015366084
0.120448651851524,0.454744480898166,-0.1313191575902,-0.179918261747907,0.0390341358257591,0.000474870756171604,-0.00376124746330232
0.0508090239969619,0.392362019947989,-0.132627229783449,-0.202447932407977,0.037435792282017,-0.00153445170524264,-0.00286255691518943
-0.0217028661850729,0.324417714770613,-0.134587600444676,-0.22463175514777,0.0356878499433912,-0.00356413025442192,-0.00192103697060425
-0.098030146347557,0.252418901894328,-0.137190695209979,-0.246651655044565,0.0337909780256946,-0.00562289029025621,-0.00093416274978377
-0.178662817909681,0.178134590509074,-0.140412280356633,-0.268451729497984,0.0317475220034106,-0.0077233428590623,0.000102194427674428
-0.263610455729795,0.103469346368485,-0.144206765885218,-0.289761074174876,0.0295653225537378,-0.00987984829563084,0.00119162889092545
-0.352416299856382,0.0303354234045685,-0.148500230900108,-0.310127896246558,0.0272603098723499,-0.0121058499749133,0.00233504408323409
-0.444208055363652,-0.039467721778004,-0.153183922417263,-0.328966515199622,0.024857780806959,-0.0144106109926927,0.00352849170957428
-0.537776428118668,-0.104360075432131,-0.158109350265051,-0.34562012684783,0.022392625753157,-0.0167953637625934,0.00476099663704069
-0.631671756617254,-0.163075183392438,-0.163087336643799,-0.359442598286666,0.0199090997941603,-0.0192491830226978,0.00601234329333123
-0.724315203706633,-0.214751675976797,-0.167895818780803,-0.36990186349862,0.0174607784780843,-0.0217454055340995,0.00725080312539836
-0.814131116834586,-0.259033179360041,-0.172304133970786,-0.376703890888595,0.0151108523510753,-0.0242399905267272,0.00843082860722446
-0.899710713770753,-0.2961720067573,-0.176121910463139,-0.379925889392026,0.0129318025984748,-0.026673519014674,0.00949092160371186
-0.979999430229293,-0.327095698214243,-0.179272585498956,-0.380125132820611,0.0110019924044941,-0.0289781742326379,0.0103524870917164
-1.0544543749548,-0.353347249957751,-0.181868956892737,-0.378353207242682,0.00939556144735123,-0.0310897621627836,0.010921938494224
-1.12306578992714,-0.376786177239459,-0.184235769696675,-0.375972763656637,0.00816288698077356,-0.0329625556359913,0.0111003137166842
-1.18614073205324,-0.399014212926383,-0.186814047418888,-0.374211979282055,0.00730441604859322,-0.0345817566659988,0.0108041979627293
-1.24387702019999,-0.420720570850296,-0.189943621182405,-0.373582154733688,0.00675122222249696,-0.0359664629988557,0.00999396379820905
-1.2959592028137,-0.44137239805405,-0.193642317498881,-0.373530015157295,0.00637152502621475,-0.0371591859662543,0.00869315122980239
-1.34145660028464,-0.459543288224077,-0.197546079029716,-0.372647927084994,0.00600860590488825,-0.0382067489838789,0.00698313855209275
-1.37907225074873,-0.473662872813656,-0.201047482465232,-0.369319634791461,0.00552990742283748,-0.039142841747247,0.00497714221527087
-1.4075349913816,-0.482662462009181,-0.203514837574014,-0.362338675417204,0.00486021381111148,-0.0399777060656877,0.00279366386402244
-1.42592199275173,-0.486203706002459,-0.2044698882847,-0.351173924926536,0.00398906236299579,-0.0406929601638447,0.000543399322308716
-1.43385286634593,-0.48453800798221,-0.203698334104879,-0.335885566010109,0.00295910834436616,-0.0412383984310097,-0.00167103284525812
-1.43158688952978,-0.478192127391334,-0.201322635239182,-0.316853745262524,0.00184548523706149,-0.0415314440346576,-0.00374992597241329
-1.42002739854434,-0.467643440415993,-0.197842102250476,-0.294465688479996,0.000733564158959021,-0.0414641437626072,-0.00559269994981405
-1.40056802082473,-0.453094384203306,-0.194086999454957,-0.268861041643754,-0.000298828628138466,-0.0409240109795292,-0.00710048440906249
-1.37470958707059,-0.434432677713836,-0.191012534990105,-0.239826650769123,-0.00118943473235919,-0.0398299680788569,-0.0081880616130433
-1.3435105479341,-0.411415148345469,-0.189340405181314,-0.206913107106231,-0.00188892595876528,-0.0381713359195343,-0.00880318021046773
-1.30714332885588,-0.383982399547281,-0.189218112852908,-0.169737427764095,-0.0023545073379584,-0.0360254702163379,-0.00894341538111712
-1.26486500472462,-0.352487036678881,-0.190136039232789,-0.128284292614421,-0.00254960808375548,-0.0335368795476944,-0.00865813775942984
-1.21543136126627,-0.31767601191201,-0.191174560778851,-0.0830052177786255,-0.00245187183558557,-0.0308685827626092,-0.0080326970283029
-1.15765873759534,-0.280480256799449,-0.191400340367693,-0.0346901049010887,-0.00206195720124264,-0.0281559097507576,-0.00716493605092089
-1.09081308171636,-0.241789800469932,-0.190167593754866,0.0157521552767367,-0.00140528225166231,-0.0254838499558288,-0.00614634685796368
-1.01472266852983,-0.202332567985518,-0.187218612983365,0.0674671867346477,-0.000525681945430857,-0.0228877501827384,-0.00505250980137657
-0.929695789166859,-0.162660381561201,-0.182626020138909,0.119736027880158,0.000524886869722957,-0.0203659963192841,-0.00394067292029462
-0.836367086124871,-0.123191804670952,-0.176669396563709,0.171982793639926,0.00169602552604551,-0.0178944946864805,-0.00285086331594862
-0.735555033808313,-0.084267114566337,-0.169716781116863,0.223744722476429,0.00294542699975058,-0.0154380197669654,-0.00180825981296804
-0.62816249414881,-0.0461937992380452,-0.162142155182336,0.274631223339817,0.00424182272972155,-0.0129574605754327,-0.000825905990633251
-0.515121454193777,-0.00927789967923436,-0.154281769341889,0.324285466322317,0.00556513507137133,-0.0104137887893807,9.254030077697e-05
-0.397370861643416,0.0261561620070826,-0.14641930578134,0.372352625703017,0.00690500958011141,-0.0077699681068776,0.000950147179200635
-0.275854241888608,0.0597530436111401,-0.13878740600007,0.418453712833865,0.00825874637198389,-0.00499183775248945,0.0017541896482947
-0.151525098770238,0.0911172354876082,-0.131575258009768,0.462161711724924,0.00962929040952375,-0.00204870730412919,0.00251373079604889
-0.025349563045793,0.119802959941976,-0.124934958001353,0.502976409011294,0.0110236222560064,0.00108580990784777,0.00323717940045828
0.101704254479764,0.14529764462876,-0.118981680832515,0.540295674143578,0.0124517486292005,0.00443228862580992,0.00392968363018778
0.228702499586207,0.166990387782131,-0.113784454254191,0.573384492715336,0.0139265628393597,0.00800290216957099,0.00459032090725767
0.354821476696666,0.184112376973342,-0.109346791198176,0.601349431717973,0.0154650498233444,0.0117974414695319,0.00520929487712836
0.479474168518874,0.195631506129898,-0.105581248900929,0.623135147991555,0.0170913475821328,0.0157980071858084,0.00576575916751136
0.602480567380443,0.200082088009808,-0.102289853684485,0.637568364790421,0.0188413441534587,0.0199633474607672,0.00622739187937515
0.724227970680872,0.195321444491688,-0.0991707749385267,0.643478075112409,0.0207656775698032,0.024225290683621,0.00655320272320891
0.84567865543487,0.178248126750215,-0.0958733622261527,0.639914158325764,0.0229225650741921,0.0284909239716415,0.0067006203689659
0.967971002107194,0.144628521454086,-0.0921093532827786,0.626472015044061,0.0253465138954535,0.0326527046242874,0.00663549745721601
1.09134753012012,0.0893875331949025,-0.0877956816972498,0.603707010731026,0.0279841971580604,0.0366021617718743,0.00633876230328906
1.2135023803432,0.00790071882762276,-0.0831674456349106,0.573547349741321,0.0306199480681275,0.0402352943479727,0.00580020072820995
1.32830716232333,-0.101492978558875,-0.078782263625444,0.539419571590534,0.0328614436183153,0.0434436642396666,0.00499856201959019
1.42647287627699,-0.234763193155617,-0.0753632620068505,0.505619675825775,0.0342553578108872,0.0461091112718031,0.00388851815127696
1.49860092521281,-0.381408845789986,-0.0735136472742172,0.475776557240566,0.0345006273132415,0.0481285085198046,0.00242087813266525
1.53877299952998,-0.526924669147695,-0.0734504311150973,0.451193836498921,0.0336178455356825,0.0494590314599566,0.000590577227887393
1.54621948375027,-0.657251144426369,-0.074938501677527,0.430409945199164,0.0319556889752131,0.0501394870507636,-0.0015259966331668
1.52453162402999,-0.762503853686697,-0.0774738064817562,0.410507860713202,0.0300333248404821,0.0502640940746647,-0.00377045865147991
1.47985279888568,-0.838233147502753,-0.0805593553719132,0.389271619550592,0.0283100936408082,0.0499298948850189,-0.00592851578836308
1.41950634257193,-0.884435346742932,-0.0838488136746346,0.366641630299748,0.0269996908505004,0.0491918291207265,-0.00776347016889713
1.35106758032751,-0.903676834402187,-0.0870794422381309,0.344360976748083,0.0260236575034248,0.0480459718333089,-0.0090609911518027
1.2809754873011,-0.899465286944327,-0.0899442004577956,0.323951175681744,0.0251338964497217,0.0464515746121953,-0.00969504746854662
1.21284386825141,-0.875236334465229,-0.092113528922669,0.304789709503855,0.0241152228266596,0.0443853216557652,-0.0096805767697795
1.14701480124544,-0.833918352946302,-0.0933987510963578,0.284202611458334,0.0229043136859546,0.041887042707679,-0.00915616447855593
1.08185068736885,-0.777945808685464,-0.0938547540106597,0.259203645713972,0.0215652259038642,0.039059581994795,-0.0083087377065988
1.01542628815804,-0.709469494990048,-0.0937282909620719,0.227977649327697,0.0202065943918397,0.036034290233615,-0.00730701182331014
0.946464817245345,-0.630511521126762,-0.0933334800361794,0.190214492497881,0.0189250283178643,0.0329355450654873,-0.00627553975124246
0.874495086350064,-0.542993208801467,-0.0929500208213349,0.146697537655827,0.0177881524791362,0.0298610074982685,-0.00529646777842455
0.799658438409387,-0.448695873026112,-0.0927746065804683,0.0987525962669431,0.0168383789835496,0.026876842027486,-0.00441997432517447
0.722471668158897,-0.34922161329539,-0.0929139675337013,0.0478471879121133,0.0161018479623538,0.0240217881926783,-0.00367439284465552
0.643659203461217,-0.2459820174016,-0.0933986870174958,-0.00462087371106495,0.0155962783679267,0.0213147863828684,-0.00307394088723389
0.56406609745492,-0.140214457507486,-0.0942021113240464,-0.0573993417158953,0.0153365668828491,0.0187629087590653,-0.00262423002939841
0.484631568150789,-0.0330167371857197,-0.0952563304446403,-0.109383094099942,0.0153385895578692,0.0163680842732154,-0.00232605898520698
0.40640121159321,0.0746075085351413,-0.0964628477558177,-0.159584385178086,0.0156217952881571,0.0141322381244389,-0.00217790095876784
0.330562610942052,0.181695595345193,-0.09769857542519,-0.20709674733525,0.0162108803935723,0.0120610316054779,-0.0021773745174898
0.258494805780429,0.287263265160516,-0.0988190659932194,-0.251066767263882,0.017136433134142,0.0101665402874762,-0.00232185829140922
0.191823551240864,0.390227809713188,-0.0996614991584295,-0.290684445740873,0.0184339689276861,0.00846910458096349,-0.00260824799882302
0.132469338612462,0.489309238671925,-0.100050667015677,-0.325204644897197,0.0201402057762849,0.00699833356513502,-0.00303165333058582
0.0826609909794233,0.582901814172612,-0.0998123498093695,-0.354016582268899,0.0222848039014287,0.00579290308254617,-0.00358262970438813
0.0448617270656277,0.668915450748257,-0.0987995576267663,-0.376780202946567,0.0248754510285657,0.0048984494248739,-0.00424248168897437
0.0215208973390409,0.744610088140714,-0.0969360749766947,-0.393636001448347,0.0278750259836596,0.00436276053885861,-0.00497662309157716
0.0145487637622369,0.806495866243328,-0.0942743624119154,-0.405449934347547,0.031173171432528,0.00422810797012631,-0.00572751907720908
0.024476897086399,0.850440444410327,-0.0910472801240484,-0.413968833152963,0.034561996434231,0.00452245002132392,-0.00641162837520764
0.0494855401207924,0.872156497199924,-0.0876718903917077,-0.421683738306342,0.0377338323518414,0.00525375979537034,-0.00692737244577606
0.0847949533563673,0.86813536351165,-0.0846667295285827,-0.431266658597946,0.0403178838555947,0.00641192500700198,-0.00717884276945749
0.123002722024999,0.836820553738016,-0.0824989152252297,-0.444746815936221,0.0419530816861531,0.00797747190570019,-0.00710936751324067
0.155483537197467,0.779579317460251,-0.0814479256436274,-0.462889162030852,0.042368712142356,0.009929249051837,-0.00672738216071871
0.174279132936911,0.701076194568557,-0.0815664267322162,-0.485121895909564,0.0414420648710255,0.0122435356858867,-0.0061086343678309
0.173728600500782,0.608860534499595,-0.0827287554716501,-0.509910508442349,0.0392242678209684,0.0148861263537661,-0.00537393690300852
0.151420732300245,0.512105890371536,-0.0846998635613062,-0.535245012268618,0.0359365696265946,0.0178059462659985,-0.00465446018011524
0.108286760879504,0.419675902848831,-0.0871886173035526,-0.559058035868657,0.0319302707439124,0.0209364185892087,-0.00405868315884806
0.0477846640405999,0.338207257513536,-0.0898956536817627,-0.579563008672051,0.0276068214788881,0.0242033910544122,-0.00365135101560345
-0.0254960359452159,0.27112748181483,-0.0925629651999319,-0.595489486274055,0.0233227430347141,0.027533571524862,-0.00344863878788121
-0.107143871740466,0.218944476403845,-0.0950086026804664,-0.606150295682238,0.0193218958621915,0.0308585055816923,-0.00342632437606343
-0.193664124336423,0.180311437273207,-0.0971324869921613,-0.611331756631628,0.0157185724775909,0.0341136937355392,-0.0035332733203077
-0.28263769476267,0.153125808846634,-0.0989012390660692,-0.611084754332035,0.0125216777609416,0.0372357509089587,-0.00370380606203788
-0.372559331730594,0.135252757289223,-0.100330123366358,-0.605520282914473,0.0096757442417408,0.040160691511953,-0.00386687750866981
-0.462578289109568,0.124849347460559,-0.101471758961186,-0.594684239932993,0.00710083707036707,0.0428249002959561,-0.00395326296393723
-0.552232048939779,0.120431538000924,-0.102407861743715,-0.578544353125598,0.00472432776881858,0.0451687492760849,-0.00390264961443605
-0.641192734619932,0.120822858168565,-0.103234873435611,-0.557080041023868,0.0025027520466002,0.0471415827042891,-0.00367134079375639
-0.72905370454226,0.125070475110826,-0.104040879344912,-0.530420993168917,0.000431872031456707,0.0487059539194705,-0.00323930573806835
-0.815211094382924,0.132371107020783,-0.104883745720564,-0.498949555946463,-0.00145714442933672,0.0498390209481378,-0.00261389120911736
-0.898878896299748,0.142023108634084,-0.105786035238965,-0.463299011529988,-0.00311400302117541,0.0505303922908169,-0.00182801368851698
-0.979210445590181,0.153404207386114,-0.106752733966332,-0.424247161107763,-0.00449097516725845,0.0507778936848557,-0.000933069615439954
-1.05544115161113,0.165964984686098,-0.107800263263351,-0.382571442935801,-0.00556059269631688,0.0505840693365018,1.08361079664669e-05
-1.126969761466,0.179228152513784,-0.108975632118346,-0.338944242423043,-0.00632330675937327,0.0499556578991606,0.000944342934746921
-1.19334916151897,0.192789258148223,-0.110350765595298,-0.293906128683469,-0.00680497720996657,0.0489063174962595,0.00181625353893058
-1.25421466598027,0.206318190001921,-0.11199317674977,-0.247903294182451,-0.00704803640234601,0.0474608735132909,0.00258853783348719
-1.30920375229404,0.219559995138821,-0.113928692517459,-0.201347935339086,-0.00710088633979402,0.0456584142528707,0.00323902296976246
-1.35791238312585,0.232331575588663,-0.116116220825389,-0.154662567406761,-0.00700883856987474,0.0435520949282532,0.00376183479091922
-1.39990383375715,0.244511717723474,-0.118446900888459,-0.108289530718636,-0.00680822456867054,0.0412052001636551,0.00416573880818503
-1.43475626466181,0.256025284579247,-0.120766363157652,-0.0626696501120814,-0.00652393152944893,0.0386848397441305,0.00447088083312046
-1.46212066337365,0.26682507296505,-0.122908453666248,-0.018207585297576,-0.00616974778354304,0.0360555358175639,0.00470475696021905
-1.48176461527299,0.276874918264596,-0.124726966159022,0.0247577341060254,-0.00575052700545282,0.0333745781244048,0.00489827484091532
-1.49359145907642,0.2861359656849,-0.126117021854164,0.0659669956482553,-0.00526519301387239,0.0306899238558444,0.00508251123852287
-1.49763764281294,0.29455633685362,-0.127024491997563,0.105237480552495,-0.0047098404747487,0.0280403950085737,0.00528641687894921
-1.49405743467895,0.302063489648491,-0.127446311849759,0.142447742325742,-0.0040804891466207,0.0254574154435956,0.00553543519217866
-1.48310378664813,0.308558234467837,-0.127425783967257,0.177515784759067,-0.00337532503764119,0.0229675126028819,0.00585084068302059
-1.46511036573081,0.313909307871677,-0.127046049349195,0.210374647758857,-0.00259646245887444,0.0205950501376768,0.00624954279036686
-1.4404755829716,0.317947546181675,-0.126423170211115,0.24094659364756,-0.00175136407410762,0.0183649402993549,0.00674410179838548
-1.40964637257409,0.320459199602075,-0.125698586448967,0.269115213174923,-0.000854054829360087,0.0163052904168615,0.00734273534533415
-1.37309777941491,0.321179012052542,-0.125029432795938,0.294694639058479,7.38365590589526e-05,0.0144500238608595,0.00804914310061249
-1.33130394965345,0.319785574423936,-0.124574460333732,0.317397112888661,0.00100236815458303,0.0128414675379669,0.00886204066352035
-1.28469695676002,0.315904205664909,-0.124473284002064,0.336804644294501,0.00189332916041854,0.0115326934306435,0.00977437626342059
-1.23361260562973,0.309125858579913,-0.124817779534551,0.35235719185226,0.00270173062511973,0.0105890141589835,0.0107723070765271
-1.17822772174699,0.299053043941266,-0.125617171710358,0.363377084134235,0.00337957681037179,0.0100874720012419,0.0118341160208217
-1.11850145221666,0.285383104135267,-0.126762775251658,0.369153278367405,0.00388253704175478,0.0101125534067721,0.0129292970739316
-1.05414162525605,0.2680321237996,-0.128003442192894,0.369103206781791,0.00417933517695636,0.0107460231524617,0.0140179571657319
-0.984621716328826,0.247286577306886,-0.128946232421974,0.36300844425292,0.00426225440051787,0.012049206607826,0.0150505012206377
-0.909270192090585,0.223943793655851,-0.129096207130836,0.351282301857055,0.0041554861058409,0.0140378478935747,0.0159675516967553
-0.827441516328411,0.199370117682012,-0.127943297269158,0.335180120767486,0.00391685414385843,0.016653404784001,0.0167006588934037
-0.73875793180224,0.175382273819841,-0.125091514056076,0.316824495858997,0.003628634125691,0.0197404505310151,0.0171756519118014
-0.643377048291769,0.153881139963522,-0.120402469502483,0.298923474346002,0.0033759844751077,0.0230457110130705,0.0173212409417329
-0.542186834385803,0.136286158909881,-0.114093458301372,0.284161923292502,0.00321799183214666,0.0262533341353899,0.0170833710821898
-0.436793674215393,0.123007406307323,-0.106718440043966,0.274452795638458,0.00316435416297314,0.0290548806455804,0.0164404083926888
-0.329233837620071,0.113275599706587,-0.0990096189715835,0.270408708000232,0.00317229865625883,0.0312262558080337,0.0154103175271662
-0.221511443505,0.10545985788765,-0.0916518440351165,0.271319518197827,0.00316724104755016,0.0326725094364196,0.0140445812032367
-0.115191934123519,0.0976704230085947,-0.0851096796215041,0.275602089779383,0.00307483948878954,0.0334219696179671,0.0124124761788395
-0.011220967060131,0.0882997453562869,-0.0795757441895825,0.281419626440848,0.0028469048542645,0.0335840561673243,0.0105844134966825
0.0900311522134461,0.0762944657986298,-0.0750208513262887,0.287168918666193,0.00247197775525247,0.0332994968019739,0.00862073151700731
0.188612150490713,0.0611664221831295,-0.0712837391953777,0.291714105782374,0.00197250266456051,0.0327032032588574,0.00656719316105407
0.284830534903784,0.0428583822116521,-0.0681505471771224,0.294406428147592,0.00139566249874558,0.031905127788865,0.00445529259316756
0.379154978724393,0.021572824890336,-0.0654049794783453,0.29498841731386,0.000804023851011236,0.030985291607606,0.00230501411030764
0.472174665152493,-0.00237735779186863,-0.0628518723059549,0.293467534682239,0.000268925004302235,0.0299970573358183,0.000128469922276272
0.564596091028362,-0.0286783501417796,-0.0603249285878929,0.290009165896607,-0.000133320323452268,0.0289741222962146,-0.00206630403278349
0.657239247848616,-0.0570869879171859,-0.0576892010698149,0.28486976826266,-0.00032407153586013,0.0279387355637893,-0.00427158487991605
0.750989396182869,-0.087469479446642,-0.0548457812592187,0.278373502817706,-0.000226329770489826,0.0269100305180386,-0.00647616781564835
0.846657390914492,-0.11980599602279,-0.0517424264673423,0.270925263836471,0.000227379703124348,0.0259118347163711,-0.00866136286627859
0.944709741753581,-0.154150300726271,-0.0483897828960348,0.263042705086078,0.00108118311548076,0.0249789137425165,-0.0107966104511233
1.04486711407141,-0.190528694544481,-0.0448780134154127,0.255375170147459,0.00233575868779996,0.0241594798249803,-0.0128348409841867
1.14565769337948,-0.228775022424802,-0.0413831894395277,0.248661745766032,0.00392529401557244,0.0235104625301433,-0.0147086709074335
1.2441479832284,-0.268342605391733,-0.038149102221238,0.24358129406825,0.00570100823361249,0.023082039238565,-0.0163303305447123
1.33617936135272,-0.308203965561801,-0.0354341460246384,0.240492990597602,0.00743716063856434,0.0228920662820456,-0.0175997623672249
1.41732914546565,-0.346982543442083,-0.0334313263129574,0.239166323463342,0.00887388363759729,0.0229006559756492,-0.0184235343368385
1.48435999774386,-0.383355934183449,-0.0321970506463532,0.238690136831423,0.00979200902583,0.0230037626064691,-0.0187398465101569
1.53639751741406,-0.416540177393301,-0.0316340979805491,0.237700715958326,0.0100856600043062,0.0230587869510122,-0.0185369242259976
1.57510103492006,-0.446542155893263,-0.0315428379874378,0.234848851075904,0.00978953495713192,0.0229327756595195,-0.0178539101422909
1.60379221439245,-0.474036932189301,-0.0317062550134261,0.2292337868502,0.00904704127087851,0.0225458122541095,-0.0167655622470682
1.62617012451881,-0.500008950740025,-0.0319581542318728,0.220576901256401,0.00804507033803018,0.0218876708593725,-0.0153615007645739
1.64528483708871,-0.525395340519575,-0.0322086950726143,0.209120555026469,0.00695372128733579,0.0210061583291716,-0.0137294717319781
1.6630573662798,-0.550869974126139,-0.0324335460959949,0.195392028785714,0.00589307696346513,0.0199803817225583,-0.0119457231642478
1.68027688004488,-0.576778158772272,-0.0326470499386349,0.179977212524242,0.00492738461899387,0.0188937739546512,-0.0100712600463187
1.69686256931589,-0.603170199326233,-0.0328765509747603,0.163374039859428,0.00407567843437508,0.0178154451615734,-0.0081516868651835
1.71219507937614,-0.62987732982746,-0.0331457040000271,0.145929084011047,0.00332749243120151,0.0167915775419337,-0.00621886151158632
1.7254003005739,-0.65659038979179,-0.0334671146540489,0.12783178613285,0.00265675664511176,0.0158446072354744,-0.0042933302347226
1.7355425247432,-0.682920149643821,-0.0338412714869829,0.109139153076687,0.0020314091147869,0.014976878581391,-0.00238702579008627
1.74173142894776,-0.708432121983879,-0.0342584053398754,0.0898126958887781,0.00141893944092102,0.0141760533735471,-0.000505978611285547
1.74316870522771,-0.732657429720708,-0.0347009683257439,0.0697590293014563,0.000789144098220461,0.0134206495730672,0.00134708071307117
1.73916452018594,-0.755086087839858,-0.0351456839591183,0.0488723983252867,0.000115498953288419,0.012685023661026,0.00317027954841108
1.72915019288032,-0.775151689086491,-0.0355650705642273,0.0270808309451086,-0.000623697772054984,0.0119436757933974,0.00496033309598333
1.712706727819,-0.792218562071569,-0.0359288897227111,0.00439769895055743,-0.00144360054239869,0.0111749481970777,0.00671045119128751
1.68962046128855,-0.805584762439118,-0.0362061758366354,-0.0190229233608106,-0.00235006934195118,0.0103640864135087,0.00840847938211772
1.65996570328988,-0.81451608654647,-0.0363684044529307,-0.0428357276686266,-0.00333593930652492,0.00950535200384391,0.0100354685272173
1.62419796764496,-0.818324941455228,-0.0363939423003703,-0.0664767018264514,-0.00437703855188147,0.00860257992603633,0.0115650846944361
1.58322132953426,-0.816498725603454,-0.0362731829057767,-0.0891848745189972,-0.0054295514704676,0.00766752274063683,0.0129644697450476
1.53837845326047,-0.808861500739491,-0.0360128606145216,-0.110096821485229,-0.00643095815552608,0.00671581135975554,0.0141970909517473
1.49131906109528,-0.795723728025694,-0.0356374260008709,-0.128414894104361,-0.00730638086307423,0.00576144482945296,0.0152274772839329
1.4437454114971,-0.777954712378981,-0.0351857424615405,-0.143609645358581,-0.00798013844534837,0.00481185584083119,0.0160265881002296
1.39709805844755,-0.756924095622038,-0.0347030125154219,-0.155582718552469,-0.00838936446539363,0.0038657625188337,0.0165756910757392
1.35228631094829,-0.734306262704039,-0.0342300086643818,-0.164721290699927,-0.00849488309232541,0.00291470340348678,0.0168671078572947
1.30954835967314,-0.7117958325381,-0.0337929962209763,-0.17182367986799,-0.00828585734418147,0.00194724295520849,0.0169020343517767
1.26846308708253,-0.690808087252585,-0.0333975625863044,-0.177931685830969,-0.00777806387758791,0.000953840759711623,0.0166873780297531
1.22808225392016,-0.672231390549392,-0.0330284299849059,-0.18413000422932,-0.00700828127663421,-6.92386204186272e-05,0.0162337079835995
1.18713585626488,-0.656281235368835,-0.0326557955750643,-0.191364453532258,-0.00602763535131269,-0.00111769774297536,0.0155550774453601
1.1442687002104,-0.642488675353109,-0.0322467966648915,-0.200311583444066,-0.00489549250046205,-0.00217885368840647,0.0146699404530609
1.09826874781254,-0.629830140112829,-0.0317785909942782,-0.211316752699876,-0.00367416275455587,-0.0032332109573064,0.0136017413794142
1.04824641877663,-0.616966196915765,-0.0312484486001256,-0.224403593810406,-0.00242416394450944,-0.0042577764076738,0.012378185359376
0.993732374260571,-0.602520946136745,-0.0306772999032293,-0.239341241261545,-0.00120002143787397,-0.0052304305865609,0.0110291409717181
0.934684326138792,-0.58532559290676,-0.030106011937393,-0.25574179055569,-4.69418631950016e-05,-0.00613422920155963,0.00958387116055883
0.871420291216343,-0.564574503226101,-0.0295865129498209,-0.273156988882382,0.00100125678490229,-0.00696052880519935,0.00806847224101827
0.804511969105955,-0.539881728737792,-0.0291711715786068,-0.291151344681049,0.00192287299954719,-0.0077103318126466,0.00650412792642722
0.734672316573643,-0.511257675416965,-0.02890332982756,-0.30934250702478,0.00270798708357095,-0.00839389292472557,0.00490637517485685
0.662660931532566,-0.479038499803161,-0.0288104595949397,-0.32741148860269,0.0033575314724045,-0.00902907212969743,0.00328527376808915
0.589217836122629,-0.443797873156842,-0.0289000680524101,-0.345091405871044,0.00388218830758404,-0.0096390304972544,0.00164623905595292
0.515026260426438,-0.406260555768239,-0.0291577434428524,-0.362144314346746,0.00430134505166633,-0.0102497224909679,-8.70864945255776e-06
0.44069960217319,-0.367226810750946,-0.0295466426809562,-0.378333770223048,0.0046421151230975,-0.0108873945816806,-0.00167947402790362
0.366785827172736,-0.327509199565694,-0.0300080838632529,-0.393398231016374,0.00493824230838774,-0.0115760795288201,-0.00336633350896422
0.293782428661849,-0.287878976346655,-0.0304635231076884,-0.407028738681482,0.00522856852551793,-0.0123349497381285,-0.00506838966620976
0.222155299397059,-0.249017275247502,-0.0308189248342724,-0.418854102654782,0.00555464112306688,-0.0131753942757903,-0.00678208908849024
0.152354789430268,-0.2114659060233,-0.0309732338392136,-0.42843803875308,0.0059569644347502,-0.0140978274054929,-0.00849982478373888
0.0848217146670121,-0.175573881446785,-0.0308330755116151,-0.435295016457178,0.00646939546459216,-0.0150885256308964,-0.01020859643162
0.0199754350032527,-0.141439412323569,-0.0303355069441298,-0.438934028863998,0.00711133520601061,-0.0161172077311139,-0.0118886408523585
-0.0418239730906407,-0.108853733688283,-0.0294789829122053,-0.438940447390691,0.0078778268050506,-0.0171365564507689,-0.0135119039656162
-0.100345573565602,-0.0772628396016013,-0.0283590011986659,-0.435102567325323,0.00872865034591564,-0.0180852872785561,-0.0150402907445351
-0.155589057914283,-0.0457743269005857,-0.0271988319633929,-0.427576637121814,0.00957921838551084,-0.0188964093589082,-0.0164239388986166
-0.207901948546436,-0.013243949504209,-0.0263583206747101,-0.417056618599285,0.010298495495754,-0.0195114929009253,-0.0176004402659096
-0.258068845126052,0.0215300904167659,-0.026298970510598,-0.404872430119955,0.0107213236393915,-0.0198994264200737,-0.0184969073336709
-0.307296434007435,0.0595110707894235,-0.0274895670571649,-0.392902305391517,0.0106815759229454,-0.0200741651152162,-0.0190374302820969
-0.35701295233077,0.101097465911879,-0.0302625240426693,-0.383203877860329,0.0100642047949219,-0.0201020073388097,-0.0191573652577918
-0.408474017481008,0.145906529819915,-0.034673367347547,-0.377404927950059,0.00885795525003077,-0.0200893819911551,-0.0188216564745509
-0.462319349288909,0.19280921321415,-0.0404427969309438,-0.376112883519965,0.0071777883895862,-0.0201512101851816,-0.0180386251356479
-0.518330188491261,0.240239477270631,-0.0470295114248845,-0.378696469999192,0.00523634685619297,-0.0203740295974066,-0.0168596790512933
-0.575538303745052,0.286629659556896,-0.0537990421344638,-0.383581877014555,0.00327742146018896,-0.0207938709421958,-0.0153636311730335
-0.63259387407828,0.330758973161879,-0.0601952668284665,-0.38885056302701,0.00150964265399702,-0.0213981812889354,-0.0136349715563492
-0.688159127257757,0.371899990904837,-0.0658416784536974,-0.392784898691785,7.03392258844344e-05,-0.0221444875713247,-0.0117473598483159
-0.741159571828568,0.409789064298791,-0.0705621394408387,-0.394157702038214,-0.000977329048259519,-0.0229818119579774,-0.00975677938134072
-0.790865238433419,0.444510950042485,-0.0743518140746951,-0.392273652337068,-0.00162806958409063,-0.0238656030367377,-0.00770205157165468
-0.836857036567947,0.476373276074297,-0.0773324953205202,-0.386869560733835,-0.0019137189642005,-0.0247642694044553,-0.00560853967307837
-0.878943212419015,0.50580755475086,-0.0797128401883473,-0.377973693261338,-0.00188615425014261,-0.0256593938943918,-0.00349223853825497
-0.917069573111704,0.533304392764237,-0.0817607708363858,-0.365782276377484,-0.00160611113403625,-0.0265423348923871,-0.00136323281851095
-0.951245261860595,0.559376095871948,-0.0837871664516996,-0.3505759148379,-0.00113718756242584,-0.0274091165834742,0.000771479141560924
-0.981492481166632,0.584534155344733,-0.0861353970142258,-0.332678571363337,-0.000543282043010894,-0.0282545798094425,0.00290550156375145
-1.00782254625929,0.609267027110277,-0.0891682127052551,-0.31245253993265,0.000112466067199522,-0.0290661714992174,0.00503064578932299
-1.03023876940553,0.634002985549207,-0.0932412184491083,-0.290318597727952,0.000769053353603761,-0.0298175817214027,0.00713446941489918
-1.04876589206216,0.659043730231405,-0.0986511856423202,-0.26678701309644,0.0013708246983408,-0.0304627222160701,0.00919763271723065
-1.06350333258625,0.684458872777555,-0.105549814163755,-0.242480090626327,0.0018734190054085,-0.0309313401069809,0.0111909572980753
-1.07469287361549,0.709943858830451,-0.113823201909924,-0.218120665966039,0.00225216006942996,-0.0311289028751248,0.0130722171389904
-1.08277902438665,0.734671022695419,-0.122959834569344,-0.194457454624466,0.0025106427447928,-0.030944967663571,0.0147833128242166
-1.0884241879347,0.757209166674656,-0.131968319266366,-0.172107332300647,0.00268474835328597,-0.0302747362679069,0.0162498798995124
-1.09243208813405,0.775634052741122,-0.139446039307632,-0.151331280300731,0.00283576515827191,-0.0290549243864778,0.0173871216037476
-1.09555560235135,0.787936702832817,-0.143889563378766,-0.131829044850358,0.00302904185541507,-0.0273045029794126,0.0181154269356447
-1.09823786494927,0.792674771159998,-0.144208729813567,-0.112695626221285,0.00330410005777158,-0.0251472824639168,0.0183837513163878
-1.10042097021251,0.789552385191927,-0.14019524268602,-0.0926386776907616,0.00365281808644672,-0.0227930149623347,0.0181892937319574
-1.10155309706518,0.779538329460631,-0.132629442707334,-0.0703831994713861,0.00402069976994431,-0.0204790538665304,0.0175795873393158
-1.10079485031084,0.76443829857044,-0.12294861285846,-0.0450434722192884,0.00432941116992529,-0.0184054050560855,0.0166352191964688
-1.09729424579956,0.746233061077054,-0.112719869008279,-0.0162887866994524,0.00450446579181556,-0.0166971280719847,0.0154458707156377
-1.09039443567792,0.726560292029574,-0.103221357150811,0.0157034341729679,0.00449407507039544,-0.0154017821700591,0.0140930715471304
-1.0797224161945,0.70649193751749,-0.0952595967977199,0.0504095406544079,0.00427574591401802,-0.0145082515050345,0.0126433429121431
-1.06517853020229,0.686548981815068,-0.0891814932829293,0.0871416191204844,0.00385384158715757,-0.0139708382364073,0.0111481099929504
-1.04687071196202,0.666833302191622,-0.0849855680947073,0.125196615369078,0.00325239487788811,-0.0137294753475972,0.00964594441532073
-1.02503281462279,0.647184376478775,-0.0824561101248801,0.163953522945711,0.00250652632740978,-0.0137232340827152,0.00816483997230273
-0.999952906269915,0.6273127606059,-0.0812783588785997,0.202919232624436,0.00165475832228265,-0.0138975578085201,0.0067240429932612
-0.971923647554153,0.606893992696287,-0.0811192385640117,0.24173433388056,0.000733495656360382,-0.0142068346790786,0.00533564632136017
-0.941216191627033,0.585624112371656,-0.0816738845374713,0.280154132445342,-0.000226011472485019,-0.0146140687288476,0.00400615076467467
-0.908072970241444,0.563245557184524,-0.0826855871146314,0.318018741315184,-0.00119859131522431,-0.0150890870431264,0.0027380209160533
-0.872712906021249,0.539553740865694,-0.0839485674537642,0.355221762082405,-0.00216463255897544,-0.0156062515196366,0.00153115481504772
-0.835343405265786,0.514393121102893,-0.0853017344515005,0.391682420417132,-0.00310878799348272,-0.0161422215148471,0.000384175021281652
-0.796175204680423,0.4876490904286,-0.0866192361267019,0.427322627655986,-0.00401840237286715,-0.0166740230868053,-0.000704516921214105
-0.755437648508731,0.459239700891999,-0.087801387200998,0.462048688252961,-0.00488198092399195,-0.017177525475234,-0.0017359432933731
-0.713392834851111,0.429109442601289,-0.0887678667223241,0.495736949189843,-0.00568786723756019,-0.0176263706754671,-0.0027100085316269
-0.670347334033103,0.397225979510755,-0.0894539265260686,0.528223083555445,-0.00642320305428054,-0.0179914041408035,-0.00362520362278442
-0.62666012676997,0.36357967971443,-0.0898095514047693,0.559295444341869,-0.00707318702945786,-0.01824067554147,-0.00447854642490155
-0.582745416478426,0.328184764641189,-0.0898008924920608,0.588693614598263,-0.00762061934394447,-0.0183400870385863,-0.00526574518378071
-0.539069421812536,0.291079882974455,-0.0894127868130138,0.616113572179515,-0.00804570329211015,-0.0182547389334303,-0.00598156087140692
-0.496141425858563,0.252325038204598,-0.0886508390250944,0.641220519122331,-0.0083260714883364,-0.0179509458130034,-0.00662031972876735
-0.454501250446529,0.211991421330837,-0.0875415337956765,0.663669325651672,-0.00843702060831977,-0.0173987754975665,-0.00717649288146158
-0.414707513022769,0.170141302981829,-0.0861293257876576,0.683130970969384,-0.00835199212455147,-0.0165748274009523,-0.00764522557608038
-0.377332630468607,0.126797179350384,-0.084470639859397,0.699321963412863,-0.00804345295085968,-0.0154648655053833,-0.00802268297332719
-0.342970379343353,0.0819031631246239,-0.0826259969081759,0.712033294291199,-0.00748453505588226,-0.0140659026848116,-0.00830610529792265
-0.312258674756294,0.0352873711054035,-0.0806526479079629,0.721156505131004,-0.0066520876413244,-0.0123874134123699,-0.00849355205355426
-0.285912987890753,-0.0133580611787953,-0.0786006867385004,0.72670648385519,-0.00553209455014224,-0.0104514897876577,-0.00858346957375243
-0.264753666606068,-0.0644532322098519,-0.0765152512931335,0.728841925649221,-0.00412843413529906,-0.00829186216130013,-0.00857441852875967
-0.249693918198868,-0.118429457121687,-0.0744458165062904,0.727882311131479,-0.00247512641320105,-0.00595170096815108,-0.00846547560987936
-0.241640115236679,-0.175523067750832,-0.0724604355954252,0.724312722002327,-0.000649760619231452,-0.00348003046303072,-0.00825781267319392
-0.241259623749605,-0.235474000542021,-0.0706582185211631,0.71875693278409,0.00121838130132051,-0.000926643541929553,-0.00795751022454439
-0.248621723925234,-0.297220605519226,-0.0691692981516428,0.711895198314084,0.00295563584440774,0.00166404071866734,-0.00757865386873463
-0.262825960323679,-0.358771402692926,-0.0681328857851543,0.704321624473844,0.00437456313224418,0.0042586270876624,-0.00714463916813562
-0.281840089787016,-0.41743005318984,-0.0676552667745481,0.696380068376245,0.00532327792524015,0.00683746474530962,-0.00668557806731838
-0.302743771836889,-0.470372161306863,-0.0677663730858429,0.688056846441779,0.00573218680650263,0.0093926769222554,-0.00623169168910306
-0.322349951584231,-0.515320012716993,-0.0684003757188103,0.678995818879279,0.00563219461313452,0.0119222366909951,-0.00580549728018383
-0.33791357147624,-0.550977217777739,-0.0694118835446466,0.668631366828459,0.00513502122807319,0.014423223624525,-0.00541669317385295
-0.347591667814079,-0.577066094482774,-0.0706159875098743,0.656366280424608,0.00439025561101544,0.0168874535983676,-0.00506171730686595
-0.35052201781376,-0.594068172457408,-0.0718291909905614,0.64171269909778,0.0035433867928883,0.0193005990507128,-0.00472699971170214
-0.346621455645573,-0.602877902125934,-0.072895413120251,0.624357792026639,0.00271023746491479,0.0216438715570276,-0.00439352014672796
-0.336289753341847,-0.604522220992239,-0.0736949071836752,0.604162958795102,0.00196917015793749,0.0238967149218933,-0.00404080039063938
-0.320153597417464,-0.599992495783052,-0.0741422206566879,0.581125383747432,0.00136457631811725,0.0260394253367486,-0.00364964773260731
-0.298899362667557,-0.590168116521448,-0.0741802374270743,0.555327419534839,0.000914614140066685,0.0280552723950271,-0.0032037809357077
-0.273187105473803,-0.575793223420907,-0.0737746489148819,0.526888373783244,0.000618854028631601,0.0299320682015308,-0.00269072245083819
-0.243618662657302,-0.557476151182784,-0.072910331564021,0.495924807711144,0.000464146378716302,0.0316632220837606,-0.00210227485181998
-0.210734141837942,-0.535694863603528,-0.0715893718400082,0.462521435720055,0.000428584430008272,0.0332482825514898,-0.00143475827565886
-0.175019211825484,-0.510802296378824,-0.069829855451849,0.426713596770849,0.000484061252355248,0.0346929248810742,-0.000689084678843525
-0.136913493281237,-0.483031776117111,-0.0676646138191018,0.388482286594296,0.000598041047134271,0.0360083349554633,0.000129291854285376
-0.0968159729620843,-0.452505734159229,-0.0651395088053176,0.347762956490019,0.000735089646289731,0.0372099591046919,0.00101049541269398
-0.0550867592059756,-0.419252261878485,-0.0623112610310812,0.30446942070775,0.000858592181934829,0.0383156081290816,0.00194032351823617
-0.0120462810451875,-0.383234653876661,-0.059245120173965,0.258534122848949,0.000932985517749494,0.0393429016543424,0.00290017432015404
0.0320261418412157,-0.344399151780236,-0.0560127476467173,0.209965146939565,0.000926755746405957,0.040306024231614,0.00386664007940974
0.0768921483075658,-0.30274460443053,-0.0526904676005575,0.15891727258877,0.000816357535277857,0.0412117887805037,0.00481065782294758
0.122350516998473,-0.258412090387001,-0.0493574937270549,0.105766685638208,0.000590984645734748,0.0420551728826331,0.00569633520876558
0.168228131521422,-0.211779115793033,-0.0460929794963441,0.051164805435151,0.000257545170781454,0.0428149626169194,0.00648006115845758
0.2143649362205,-0.163521199570971,-0.0429703984432011,-0.00397039830863698,-0.000155882720423088,0.0434510002259268,0.00711120428600145
0.26059267296888,-0.114584601948088,-0.040049015238311,-0.058571121663318,-0.000600997739363143,0.0439054935790907,0.00753610209276271
0.30670819985215,-0.0660257808893554,-0.03736552955287,-0.111654280990513,-0.00101724375385908,0.0441108284278535,0.00770619350359216
0.352445860998985,-0.0187406555451055,-0.0349318835887581,-0.162601894210298,-0.00134607723046816,0.0440038798869331,0.0075885628096385
0.397460028507686,0.0267982423430881,-0.0327429829763329,-0.211342283717084,-0.00154562851815467,0.0435422488127562,0.00717441763754454
0.441332087025695,0.070647057885031,-0.030790242283693,-0.258312591037559,-0.00159800075207483,0.0427148595123025,0.00648122543225671
0.483607874151588,0.113276296602875,-0.0290711673239549,-0.304215165306168,-0.00150629013507458,0.0415418049418756,0.00554808150330947
0.523856058042573,0.155310063684317,-0.0275884738619709,-0.349703216443336,-0.00128561399450115,0.0400646396732582,0.00442778103650963
0.561729449492427,0.197255022206861,-0.0263405750860417,-0.395140927193561,-0.000954922473729203,0.0383328276176699,0.003179540323883
0.597015821146883,0.239319167555729,-0.0253101662600239,-0.440503906772911,-0.000533161825087571,0.0363919297782548,0.00186405563341756
0.629674236274977,0.281348762024986,-0.0244570221744706,-0.485405541838843,-3.89203424739638e-05,0.0342763349835984,0.000540383250993242
0.65985764532595,0.322862391159094,-0.0237184531948917,-0.529199838655484,0.000509423896744524,0.0320067628545466,-0.000736661015690035
0.687921960668177,0.363145115735613,-0.0230184287413491,-0.571112824905262,0.00109551362914001,0.0295914835329901,-0.00191957289961321
0.714422084254714,0.401367804353217,-0.0222836511332956,-0.610367753073057,0.00170928977827793,0.0270299356170313,-0.0029719400037085
0.740101004993833,0.436701814267322,-0.0214615548537721,-0.646280246196302,0.00235193858607477,0.0243176558382829,-0.00387234216448601
0.765883693713752,0.468402699977251,-0.0205336073175677,-0.678308543576007,0.00303769588040438,0.0214517609869928,-0.00461711145694882
0.792873589994089,0.495842514714084,-0.0195206541559027,-0.706057860136184,0.00378738568492946,0.0184363454005124,-0.00522040725324138
0.82228957819415,0.518482944526228,-0.0184847962690378,-0.729258391606128,0.00460879300063039,0.0152868461206889,-0.00571020216889449
0.855177910942938,0.535802480019439,-0.0175361193839506,-0.747753000161809,0.00546413812398531,0.0120316215192855,-0.0061193018556521
0.891714531149304,0.547224650567539,-0.016839169273307,-0.761519601521114,0.00624211681012329,0.00870843010641458,-0.00647236471297331
0.930289868952535,0.552133330298597,-0.0165850364199374,-0.770696458819954,0.00677649445921873,0.00535579617439789,-0.00677479545615542
0.967311997903209,0.550028129576307,-0.0169010528551138,-0.775525197386898,0.00693680725537562,0.0020059333464321,-0.00701354762760159
0.998521850392705,0.540706549965141,-0.0177568171662506,-0.776202390448432,0.00672426789965452,-0.00131188637069827,-0.00717102367003864
1.02088176625147,0.524286475304367,-0.018972080317344,-0.772788199717034,0.00626542310965069,-0.00456110388167516,-0.00723640018885808
1.03331481704137,0.501090610062402,-0.0203153197857011,-0.765276591170575,0.00571724059238473,-0.00769459321061965,-0.00720274447858365
1.03612466108649,0.471552350565554,-0.021583720742979,-0.753728151634645,0.00518933161944151,-0.0106622977953231,-0.00705798872020995
1.03012057758612,0.436186944605835,-0.0226155186814015,-0.738328483556071,0.00472856603519397,-0.0134220424338555,-0.0067814157650223
1.01609883466806,0.395573568046054,-0.0232664795093109,-0.719346386569086,0.00433979861864928,-0.0159468973667116,-0.00634758323450218
0.994699486733657,0.350315371862339,-0.0233928255142832,-0.697041577879994,0.00401110836961297,-0.0182279097298117,-0.00573377740681423
0.966456536872509,0.300990292963567,-0.0228593798500125,-0.671582360393959,0.00373065696582731,-0.0202735507891841,-0.00492694605008129
0.931898218084036,0.24812066023895,-0.0215697108400992,-0.643015249490854,0.00349378472280155,-0.0221073448967226,-0.00392762552814181
0.891625081858556,0.192175887646616,-0.0195032549099541,-0.61129618820229,0.00330276770426211,-0.0237645102501167,-0.00275016554117843
0.846343590887927,0.133598263408088,-0.0167436417848607,-0.576359674892447,0.00316256864462925,-0.0252877754350294,-0.00142019001623731
0.796860529954277,0.0728266560928507,-0.0134892027405695,-0.538186736071435,0.00307571361433135,-0.0267221667053604,2.88847399874923e-05
0.744051244728297,0.0102960009318781,-0.0100432716086512,-0.496841964357624,0.00303856173255545,-0.0281086304327209,0.00155863022920128
0.688808170636698,-0.0535935200892158,-0.00678269091865273,-0.452472131272604,0.00304026673074039,-0.0294767750789114,0.00312687049271953
0.631965302152484,-0.11852547536376,-0.0040988123349776,-0.405277927840323,0.00306509100348292,-0.0308376001141619,0.0046874152262436
0.574189084213613,-0.184308882397863,-0.00230251810821144,-0.355478660106824,0.00309826421275027,-0.0321777073718743,0.00618862718101983
0.515833968926488,-0.250881028966612,-0.00149148750605102,-0.303288600458291,0.0031346181006941,-0.0334571125295604,0.00757126784574588
0.456787154529789,-0.318243135973446,-0.00140145148708713,-0.248916939567281,0.00318711968250155,-0.0346132464441454,0.00876635160467192
0.396374062485935,-0.386318692330893,-0.00130605510606662,-0.192593138015168,0.00328932312800969,-0.0355735112497467,0.00969485830700857
0.33344719840719,-0.454764908975445,-7.55916495288889e-05,-0.134607243330396,0.00348396471748139,-0.0362765055811934,0.0102729944567732
0.266770149386514,-0.522828156662348,0.00350670516942106,-0.0753433931773827,0.00379467337336885,-0.0366962730505604,0.0104268857954562
0.195639457957113,-0.589371527794317,0.0102230883968597,-0.0152808572035228,0.00419253663200712,-0.0368566697210535,0.0101149299692958
0.120407378739671,-0.653133564272879,0.0199890144532399,0.0450504695199537,0.00458342480159344,-0.0368232240305525,0.00934566110160465
0.0425049398603642,-0.713096545618822,0.0318512050409889,0.10514320576698,0.00483269772634536,-0.0366744631778906,0.0081767498190539
-0.0360696687822568,-0.768730483081864,0.0444331299620945,0.164572324979687,0.0048124321459331,-0.0364709104777585,0.0066952241674212
-0.113417498209129,-0.819986569130934,0.0564915901385266,0.223008338315623,0.00443963608150262,-0.036238136892715,0.0049941422092363
-0.188179614884776,-0.867107538173182,0.0672609059386949,0.280182251920501,0.00368897218723638,-0.0359651968577514,0.00315881765244223
-0.259656188146738,-0.91039468911282,0.0765143365551142,0.335819801236554,0.00258484765765148,-0.0356107412288566,0.00126386489944971
-0.327709312925122,-0.950019144263551,0.0844448858887981,0.389560929404381,0.00118457615529913,-0.0351106506304097,-0.000624252718599616
-0.39257688343081,-0.985897776833958,0.0914821439806364,0.440877933256321,-0.000439195990696893,-0.0343858445205761,-0.00244400937071369
-0.454667871613437,-1.01762927117736,0.0981107412281779,0.489014475040466,-0.00221319248572944,-0.0333519054666135,-0.00413737016566019
-0.514361907403545,-1.04449390558884,0.104716229147632,0.532980266642686,-0.00407427268182182,-0.031932375007914,-0.00565095901877579
-0.571825699654171,-1.06553095279391,0.111474537046539,0.571634182354929,-0.00597623719486895,-0.0300753997607524,-0.00693976963607292
-0.626874718798004,-1.07969518417165,0.118305995592496,0.603857247702502,-0.00789315380315548,-0.0277699399418173,-0.00797242665306804
-0.678920915054598,-1.08605600546689,0.124909612044855,0.628763600708058,-0.00982002685275046,-0.0250553054179079,-0.00873611768017754
-0.727029752452274,-1.08396553809332,0.130866801500451,0.645858553081083,-0.0117716818457348,-0.0220188973020785,-0.00923913164403974
-0.770065234800424,-1.07312251157393,0.135771334933792,0.655067946266233,-0.013780379189012,-0.0187819306927631,-0.00950989600718044
-0.806863105000257,-1.05350624218097,0.139331452882339,0.656630344485484,-0.0158921691993163,-0.0154784088696819,-0.00959297381475264
-0.836370941461022,-1.02521597155428,0.141410937296786,0.650914302201219,-0.0181616901708652,-0.0122348485232631,-0.0095435226872737
-0.857728127210427,-0.988283310519671,0.142011002406257,0.638249719832778,-0.0206450115791827,-0.00915637769540923,-0.00942162948882771
-0.870301885701153,-0.942518654431724,0.141219631106178,0.618841470300993,-0.0233901210151603,-0.00632115477830909,-0.00928709562609108
-0.873722262200078,-0.887427601810007,0.139159472737831,0.592794012988904,-0.0264249263394957,-0.00378218105742436,-0.00919440464779567
-0.867958036822799,-0.822216151188576,0.135955502051528,0.560243332295478,-0.029743658528801,-0.00157436213808424,-0.00918724627158293
-0.853447197089813,-0.745901065856107,0.131729851825869,0.521571593044287,-0.0332945006984086,0.000275526431804653,-0.00929230305525442
-0.831248416907283,-0.65754044257757,0.12662010296077,0.477659516767944,-0.036973324935191,0.00173850093921026,-0.00951305247736532
-0.803136029790444,-0.556577387140796,0.120809915252443,0.430101977283834,-0.0406287089622757,0.00277582239586157,-0.0098257479700158
-0.771553170808373,-0.443238952451937,0.114555886458431,0.381280883416063,-0.0440804114021931,0.00333794680374738,-0.010180591801233
-0.739382885909037,-0.318873061288426,0.108192175706175,0.334186773890246,-0.0471482615435193,0.00337276728087022,-0.0105103149901206
-0.70956856068816,-0.18607380423844,0.102098645105547,0.291948074607732,-0.0496842833333661,0.00284240729454839,-0.0107456065025531
-0.68466949310049,-0.0484725435811471,0.096633951523358,0.257175670775952,-0.0515995518224917,0.00174236156364486,-0.0108330224461927
-0.666467043754575,0.0898154804410447,0.0920586706624626,0.231386293050095,-0.0528776425684742,0.000113048426900916,-0.0107482899559175
-0.655746902407968,0.224918615791256,0.0884867483653859,0.214782253627663,-0.0535691615696042,-0.00196354631647176,-0.0104990348520696
-0.652338112607128,0.353814356928745,0.0858885607728867,0.206467914644099,-0.0537691688911893,-0.00438067654383087,-0.0101165701567354
-0.655375668425605,0.474586531049271,0.084135781651909,0.204927072662954,-0.0535878492686288,-0.00702795832011131,-0.00964238872806295
-0.663652605759303,0.586323405258923,0.0830579493708463,0.208494691895327,-0.0531264723553368,-0.00980757671263594,-0.00911624480918344
-0.675922355765635,0.688811355036741,0.082486161522367,0.215659009562737,-0.0524645396453978,-0.0126419339648593,-0.00856930263638313
-0.691080748733225,0.782195243339535,0.0822763555738847,0.225177253793526,-0.0516569216453913,-0.0154742040167654,-0.00802198166094351
-0.708226223897766,0.866705338166754,0.0823164766423993,0.236066723284371,-0.0507367575946577,-0.0182649820620606,-0.00748449086531624
-0.726630380397637,0.942480577268905,0.0825248171050726,0.247540060854152,-0.0497204341694823,-0.0209875979919893,-0.00695826762357764
-0.745656505340567,1.00948267225936,0.0828450328714602,0.258931342151565,-0.0486126456767423,-0.023623513709433,-0.00643735993336685
-0.764658931317844,1.06748631287346,0.0832407272812273,0.269637477119159,-0.0474108936740458,-0.0261584436452143,-0.00590949701067446
-0.782890431839319,1.11613075630588,0.0836906007019244,0.279085640726515,-0.04610950369619,-0.0285795263271423,-0.00535703413694318
-0.799439124414335,1.15501735835166,0.0841840772903707,0.286729623805194,-0.0447034890076571,-0.0308738243773286,-0.00475817773556729
-0.81320830942093,1.1838339813453,0.0847167291200092,0.29207163876076,-0.0431925691450949,-0.0330283844197505,-0.0040889194053876
-0.822942116457568,1.20248314409253,0.0852845688765969,0.294698856271165,-0.0415854520525965,-0.035031854206661,-0.00332592096175565
-0.827290155434226,1.21118934884715,0.0858765467787796,0.2943173152494,-0.0399041426956948,-0.0368771948849592,-0.00245022989810719
-0.824899922117129,1.2105631687262,0.0864656927788481,0.290764529930185,-0.0381875714532332,-0.0385645151716949,-0.00145130647886655
-0.814527244916543,1.20160421236843,0.0870013222343801,0.283990111722236,-0.0364933151813701,-0.0401027861443514,-0.000330611910996597
-0.795158386594427,1.1856311078732,0.0874069017613365,0.274009717306227,-0.0348957756445721,-0.0415093627291411,0.000895928769198621
-0.766137004775641,1.16413545165723,0.0875892449440428,0.260854322814784,-0.0334791537013528,-0.0428067698488142,0.00219695132568775
-0.727282539698643,1.13857109792456,0.0874632207224406,0.244545477428128,-0.0323242510580903,-0.0440168623923083,0.0035261140276521
-0.678975053709254,1.11011243966276,0.0869909959738358,0.225122617968729,-0.0314898330839341,-0.0451530752622667,0.00482368282113495
-0.622169019937913,1.07944417385441,0.0862257548571543,0.202729485934862,-0.0309920760710871,-0.0462121061556726,0.00601909683466536
-0.558293231533388,1.0466709124843,0.0853389024127226,0.177734369572401,-0.0307891205891585,-0.0471672024895106,0.0070351645196756
-0.489012441299176,1.01143346106821,0.0846039804194928,0.150821365792672,-0.0307803953263313,-0.0479662214930656,0.00779551527874647
-0.415886947400107,0.973253233838555,0.0843221486595524,0.122972217922019,-0.0308284238431496,-0.048537964227376,0.00823652329488691
-0.340055097729249,0.931988578622869,0.0847096260405019,0.0952971236484109,-0.0308003142119413,-0.0488080627170471,0.00832164766981631
-0.262102108664139,0.888162644459562,0.0858064733158898,0.0687707257072808,-0.0306107498218262,-0.0487200357552485,0.00805182337584353
-0.182186706293291,0.842960815604681,0.0874649155280226,0.044011363651786,-0.0302429960397979,-0.0482518243071039,0.00746551777697789
-0.10032844461586,0.797913223726062,0.0894216127150529,0.0212171132895969,-0.0297389577106047,-0.0474195367833933,0.00662821199983244
-0.0166753239158422,0.754475228764317,0.0914023490325239,0.000260103357844911,-0.0291705114574853,-0.0462682032304852,0.00561743090885221
0.0683639121580225,0.713722454918306,0.0932012357336777,-0.0191470003385859,-0.0286116085001171,-0.0448563349657587,0.00451000088463277
0.154123515591603,0.67624158179047,0.0947104243709352,-0.0373008823673586,-0.028122203604984,-0.0432417577387331,0.00337434623672908
0.239758823898702,0.642177065703812,0.0959094195677417,-0.0544150320829751,-0.0277439038402059,-0.0414725989764338,0.00226712255277349
0.324337755101692,0.611353782429087,0.0968350332038602,-0.07058359251484,-0.027502086049953,-0.0395837073300703,0.00123235054480274
0.406911345395018,0.583410486308234,0.0975493023686609,-0.085782961812157,-0.0274096569992211,-0.0375970067741325,0.000301635275920523
0.486553690045355,0.557907304198831,0.0981146040114448,-0.0998929686361671,-0.0274700099095783,-0.0355240094609136,-0.000505191691248111
0.562376882062475,0.53439222526184,0.098578829547287,-0.112726080769908,-0.0276787093167573,-0.0333691009734155,-0.00117915315301801
0.633533640123404,0.512424883695211,0.0989699092248268,-0.12405894272731,-0.0280243878983678,-0.0311327235979812,-0.00172087055499785
0.699221544361857,0.491564682353073,0.0992973488014315,-0.133663533346864,-0.0284894917153665,-0.0288139960042577,-0.00213892456056044
0.758699625659581,0.471336799807619,0.0995578957648353,-0.141336023243657,-0.0290512759974312,-0.026412578741472,-0.00244789792936964
0.811321910561499,0.451193516894467,0.0997425794090349,-0.146921366877257,-0.0296831536902563,-0.0239297551572579,-0.00266627980993598
0.856585333553396,0.43048830166451,0.0998429897259092,-0.150331784053795,-0.0303562990144374,-0.0213687931574885,-0.00281446074832356
0.894183234511513,0.408475821212034,0.0998555619602148,-0.151557871554585,-0.0310413388126963,-0.0187347192321474,-0.00291302111654684
0.924052046996599,0.384343586347641,0.0997835336775999,-0.15067196571655,-0.0317099796918255,-0.0160336855743601,-0.00298143641971207
0.946398563901342,0.35727231120942,0.0996369025001849,-0.147824271313631,-0.0323364598101871,-0.0132721407066697,-0.00303722805900503
0.961698330849447,0.326514494127456,0.0994310406652972,-0.143232991260819,-0.032898746993587,-0.010456016047174,-0.00309550672492982
0.970661479588953,0.291476023624783,0.0991846601690414,-0.137170151478719,-0.0333794273865001,-0.00759011241516508,-0.00316880201819983
0.974169191577101,0.251784845353983,0.0989176804339372,-0.12994498810741,-0.0337662544361611,-0.00467781736984907,-0.00326704853310009
0.973190096176153,0.207333898552615,0.0986493401531306,-0.121886667931104,-0.0340523672169935,-0.00172121830448575,-0.00339760110854081
0.968689542388899,0.15829153708107,0.0983966931348997,-0.113327835652452,-0.0342362382724907,0.0012783893856307,-0.00356517284037346
0.961544907356418,0.105079583554347,0.0981734734892963,-0.104590186133563,-0.0343214621881373,0.00431965585725211,-0.003771620730609
0.952477106854873,0.0483249445615186,0.0979892201063202,-0.0959731370140182,-0.0343165317702447,0.00740009389003079,-0.00401553888056027
0.942003464005248,-0.0112062130328327,0.0978485133081905,-0.0877468645096299,-0.0342347559106533,0.0105148981395366,-0.00429165416981432
0.930411903399815,-0.0726829517145568,0.0977501972726978,-0.0801514336439498,-0.0340944409983602,0.0136558384752763,-0.00459005450010503
0.917753032257354,-0.135286938285857,0.0976865484206775,-0.0734041901966777,-0.033919372858356,0.0168104285296212,-0.00489531901357192
0.903846685430247,-0.19829104021292,0.0976425168853356,-0.0677172816542016,-0.0337394791828861,0.019961585148399,-0.00518567158023034
0.888303715743619,-0.261140167633548,0.0975954167088783,-0.0633250646246059,-0.0335913042896198,0.0230879751830818,-0.00543235584805962
0.870571292513696,-0.323533655896346,0.0975157176788746,-0.060516209400541,-0.0335176000734331,0.0261651729005439,-0.00559954346813582
0.850017094893513,-0.385500103427963,0.0973697411890028,-0.0596576774659231,-0.033565034128838,0.0291676181417672,-0.00564522420138177
0.826067681093876,-0.447441336607943,0.0971248162517743,-0.0611904881664577,-0.0337790104215804,0.0320711941973779,-0.00552360522869998
0.798400848601202,-0.510108657788958,0.0967565576398184,-0.0655771377494556,-0.0341953013623158,0.0348560793659847,-0.00518938001081196
0.76715843892634,-0.574474654047108,0.0962564719494067,-0.0731950432887242,-0.0348298294709179,0.0375093949605129,-0.00460360837028109
0.733107806616122,-0.641490142960335,0.0956368367549842,-0.0841983604379517,-0.0356699341072553,0.0400270402710631,-0.00373995255350933
0.697666722427992,-0.711765804763706,0.0949299538682432,-0.0983951006473645,-0.0366712062099058,0.0424138951915518,-0.00258927780792298
0.662742344701407,-0.785265672237677,0.0941810406265534,-0.115184880323898,-0.0377620203686613,0.044681305642454,-0.00116103579863661
0.630408668044116,-0.861113304765218,0.0934371520476599,-0.133573221363744,-0.0388539261018537,0.0468407079969525,0.000518465703952834
0.602514815108936,-0.937586879374947,0.0927367450345099,-0.152251847017454,-0.0398528938655917,0.048892807494335,0.00240894178579017
0.580347681583327,-1.01234189077039,0.0921051972549038,-0.169744495255645,-0.040666136206328,0.0508131549433433,0.00445745230177624
0.564473979439624,-1.08286469608296,0.0915618475822711,-0.184660629213596,-0.041201235418545,0.0525372328332211,0.00659604662029731
0.554868981649179,-1.14710077651335,0.0911440712907975,-0.196126225290886,-0.0413572075149771,0.0539512294488614,0.00873490850822362
0.551363466652956,-1.20407222084283,0.0909493902549112,-0.204397008759096,-0.041012052511654,0.0548986454741846,0.0107523752982978
0.554220550611884,-1.25410516315438,0.0911789408575399,-0.211434765183647,-0.0400215606136704,0.0552162609225652,0.0124883697181789
0.564289150297262,-1.29821307364376,0.0921322849053834,-0.220876730563853,-0.038255805484475,0.0548073419431387,0.0137568524112936
0.58207249086148,-1.3366507804948,0.0940899333437378,-0.236745589333684,-0.0356867676910473,0.0537287936905845,0.0143947597852624
0.605972673028304,-1.36774288659765,0.0971051993050453,-0.261138968968714,-0.032476296915378,0.052220564079114,0.0143350792226461
0.631465648992916,-1.3883999396148,0.1008824906667,-0.292623567997692,-0.0289632381547003,0.050617943857551,0.0136449944266288
0.652489338644249,-1.39598281997067,0.104893316782126,-0.326878915988396,-0.0255322056265922,0.0492018656581842,0.0124881116715103
0.663816387696699,-1.38964400278495,0.108625346391484,-0.358895132579978,-0.0224757859212297,0.0481101975568801,0.0110504705210372
0.662421389220742,-1.37028387724789,0.111748598039055,-0.384848749501274,-0.0199420764345915,0.0473500227481428,0.00949167368040184
0.64744161568348,-1.339779373887,0.114131743196092,-0.402769556742634,-0.0179555401560982,0.04685685475043,0.00793374413800336
0.619481232720179,-1.30026192371504,0.115778125160987,-0.412289221796512,-0.0164616037053058,0.0465456799191426,0.00646780566170012
0.579910133724773,-1.25369571631378,0.11675606263349,-0.414054221195704,-0.0153664376096842,0.0463376212327196,0.00516221322404478
0.530380290815404,-1.2017040588549,0.117152917326836,-0.409178999360092,-0.0145650760831074,0.0461687975398227,0.00406750333314977
0.472551584405437,-1.14553946086859,0.117053265788392,-0.398872478728957,-0.0139589606621561,0.0459911669344408,0.00321910335363437
0.407963341517018,-1.08611822018552,0.116533953755463,-0.384233265834408,-0.0134654534306542,0.0457713372893638,0.0026392401302486
0.337994103546323,-1.02407121846257,0.115670058609909,-0.366162874853522,-0.0130219213280628,0.0454895889927573,0.00233864158909447
0.263868647395586,-0.959787756048645,0.114547728428501,-0.345348414509238,-0.0125866856376851,0.045139317069306,0.00231810323605665
0.186685539507773,-0.893446115695784,0.113280621431668,-0.322282213016579,-0.0121385655482107,0.0447264573074078,0.0025698769421713
0.107448465817723,-0.825032495638399,0.112026787398801,-0.297298976985141,-0.0116760902789354,0.0442685995119498,0.00307883153174344
0.0270900244255658,-0.754352192739573,0.111002676548718,-0.270618115807852,-0.0112168314171323,0.043793874263416,0.00382330193682334
-0.0535215453667663,-0.681038850747497,0.110490030800883,-0.242382746508752,-0.0107967036856717,0.043339926970844,0.00477552733756603
-0.133602100961087,-0.604573452854404,0.110828973900626,-0.212690649109766,-0.0104684316072916,0.0429531250770533,0.00590162775114797
-0.212506052634469,-0.524334934067138,0.112386910276116,-0.181616559675752,-0.0102976879258945,0.0426875144344351,0.00716112173399597
-0.289818808553444,-0.439714160196315,0.115490181057326,-0.149228020598663,-0.0103548714245876,0.0426020617268226,0.00850588001774828
-0.36547901744831,-0.350323019701582,0.120308693077043,-0.115597145405513,-0.0107005438186138,0.0427537294524578,0.00987805054213256
-0.4399007280514,-0.256306892987323,0.126700251931501,-0.0808099055386413,-0.0113638710660521,0.0431835936853709,0.0112062501654705
-0.514027379371796,-0.158704401768622,0.134059553386934,-0.0449779963368868,-0.0123170333940829,0.0438947072508816,0.0124004074060874
-0.589198637024047,-0.0596805920510844,0.141276726828044,-0.00826571553137866,-0.0134555956755959,0.0448256242740649,0.0133495140604211
-0.666707677812291,0.0376638913124661,0.146949691553782,0.029062814345358,-0.0146033244272387,0.0458336750086944,0.0139316540164749
-0.747103398033037,0.130130895977474,0.149898926491858,0.0666115198616498,-0.0155579051425575,0.0467108819707022,0.0140433000390575
-0.829642209537689,0.215642843654491,0.149745247555577,0.103901317464919,-0.0161655366140135,0.0472435035574222,0.0136368883143862
-0.91238887244077,0.294017468900519,0.147108630822679,0.140498576443891,-0.0163753457044005,0.0472873627735031,0.0127383495506952
-0.992957874558971,0.366702916269032,0.143253958424663,0.17611229125271,-0.0162337965502004,0.0468081874609982,0.0114299831965256
-1.06933351251394,0.435788457706315,0.139494978027446,0.210575112904111,-0.0158347943968283,0.0458668255774422,0.00981605100488004
-1.14029230579508,0.50305657102564,0.136765395387824,0.243752440559615,-0.0152710873368708,0.0445736810836522,0.00799625964832605
-1.20539409155608,0.569500886291411,0.135491600528933,0.275468839548547,-0.0146122008532171,0.0430450830550374,0.0060553470513331
-1.26474758740584,0.635270887017677,0.135671946256574,0.305483592531326,-0.0139055384040479,0.0413764804255261,0.00406332758433854
-1.31873249354019,0.699834067098584,0.137027837908759,0.333491729061679,-0.0131877396595575,0.0396320036013302,0.00207946419328266
-1.36776188335252,0.762187888961302,0.13914400997044,0.359119278775832,-0.0124969082635553,0.0378448944659285,0.000156336532138569
-1.41210255800374,0.821045360082499,0.141569862940765,0.381902785688409,-0.0118814966057463,0.0360236868706855,-0.00165725280147317
-1.45174992593489,0.874988321174691,0.143885094344455,0.401267488259929,-0.0114042287205276,0.0341604815575402,-0.00331510953291921
-1.48636081607625,0.922615421622895,0.145743012100518,0.416532548944206,-0.0111400810676215,0.0322388731907245,-0.00477471992722613
-1.51526018145577,0.962706333631097,0.14690093625657,0.426968522585011,-0.0111679198089814,0.0302401172552449,-0.00600065561105195
-1.53753417987162,0.99439019242099,0.147237401370773,0.431909363176052,-0.0115571559184707,0.0281471705435446,-0.00696939316201404
-1.55219361117294,1.01727192987145,0.146749769097205,0.430887559364252,-0.0123532672111576,0.0259471474949236,-0.0076735540937288
-1.55835520971914,1.03146911012114,0.145529355323434,0.423739662462523,-0.013567247590489,0.0236330799598995,-0.00812340861049103
-1.55537753745502,1.03755286244983,0.143721516767045,0.41064093482399,-0.0151724317209962,0.0212054687408797,-0.00834470935239588
-1.54291854565227,1.03643628172207,0.141485538601219,0.392065545341794,-0.0171086734860524,0.0186733997161016,-0.00837375408642896
-1.52092997400994,1.02926827752452,0.1389668981924,0.368702431058629,-0.0192912032647295,0.0160546398951205,-0.00825164514493365
-1.48963171519472,1.01736195007763,0.13628548160874,0.341364222569707,-0.0216211368016536,0.0133743739668295,-0.00801944431286057
-1.44950171161215,1.00214476468166,0.13353540102635,0.310911945651843,-0.0239957178555446,0.0106627787437681,-0.00771490939913699
-1.40128796339043,0.985096953235217,0.13078961403308,0.278200127571969,-0.0263173873808986,0.00795203388120522,-0.00737063693420446
-1.34602269711734,0.967654383478813,0.128104522882197,0.244037618111577,-0.0285010828086941,0.00527345331571099,-0.00701312010296085
-1.28500988165022,0.951079285605831,0.125522891220059,0.209159007130008,-0.0304791734820992,0.00265525735993079,-0.00666232923893559
-1.21976717699281,0.936326346184976,0.12307551249608,0.174204495389711,-0.0322036480420256,0.000121232642310846,-0.00633163602960088
-1.15192294023701,0.923939479413318,0.120782633996986,0.139708129275357,-0.0336456727095438,-0.00230973736867471,-0.00602803943317204
-1.08308631244317,0.914005194152707,0.118655770979952,0.10609435634151,-0.0347931701052988,-0.00462347686763374,-0.00575267732516826
-1.01471609002771,0.906170176232756,0.116699971034329,0.0736818581433766,-0.0356473483745085,-0.00680994891601453,-0.00550157716274676
-0.948011300639682,0.8997135853273,0.114916223360752,0.0426927893184875,-0.0362190629268549,-0.00886259682019903,-0.00526657052951823
-0.883837337070262,0.89365476785937,0.113303619391888,0.0132654434197696,-0.0365256256711192,-0.0107778071444018,-0.00503629477301728
-0.822691470394811,0.886875425899354,0.111860955834335,-0.0145311614004594,-0.0365883534077035,-0.0125546063642167,-0.00479722316510114
-0.764704205425069,0.878239111591107,0.110587610625583,-0.040681676698638,-0.0364308871968467,-0.0141946065057353,-0.00453468485734608
-0.709669430502152,0.866696731816506,0.109483652322908,-0.0652083480438578,-0.0360781622377979,-0.0157021399003288,-0.00423384428585584
-0.657095915916633,0.851371898727488,0.108549248824269,-0.0881550802003252,-0.0355558514405972,-0.0170844775531429,-0.00388060504762875
-0.606273798697628,0.831623268176863,0.1077835242035,-0.109572612378242,-0.0348901099116766,-0.0183520100985382,-0.00346239396014665
-0.55635065876578,0.807082627280816,0.10718306730608,-0.129506127857651,-0.0341074768337344,-0.0195182804065087,-0.00296877927812179
-0.506411780319216,0.777668386065277,0.10674030559928,-0.147986636745148,-0.0332348238089074,-0.020599784526405,-0.00239189180583771
-0.455558358534582,0.743575326212932,0.106441909129851,-0.165026943614474,-0.0322992678620903,-0.021615492748578,-0.00172664915454698
-0.402976677957868,0.705243402347688,0.106267293535413,-0.180622004686795,-0.0313279948627683,-0.0225860754089564,-0.000970822434115914
-0.347991690933216,0.663310663502792,0.106187194620816,-0.194752294954395,-0.0303479654250726,-0.0235328414100419,-0.000125017281360803
-0.29010042119225,0.618556981714307,0.106162262657864,-0.207387850677673,-0.0293854922637696,-0.0244764093014159,0.000807344161195722
-0.228983824462604,0.571845322881332,0.106141745656685,-0.218490258604262,-0.0284656705746865,-0.0254351364735717,0.00181996064908008
-0.16449920440723,0.524065479564636,0.10606264306424,-0.228010189732413,-0.0276115993412569,-0.026423344541016,0.00290345302803841
-0.0966580521460427,0.476082003090768,0.105850208324593,-0.235879133311824,-0.0268432553532228,-0.027449416276558,0.0040450053562032
-0.0255957239001258,0.428684584326749,0.105421277454592,-0.241995732228076,-0.026175803053942,-0.0285139182524927,0.00522785154281445
0.0484603142204454,0.382536608568281,0.10469240793051,-0.246209510008213,-0.0256171035206584,-0.0296080296688918,0.00643063354992107
0.125217603862275,0.33811726961329,0.103594883453986,-0.248307701302951,-0.025164315600239,-0.0307127162107501,0.00762667014829744
0.204336567406393,0.295655583391809,0.102097756698608,-0.248013938932382,-0.0247998653791487,-0.0317992308603101,0.00878319829144845
0.285436918343017,0.2550619025396,0.100237623878664,-0.245009626787936,-0.024487768870479,-0.0328315646981751,0.00986072510791792
0.368093954345056,0.215874604154263,0.0981492515872781,-0.238987821619328,-0.02417226752742,-0.0337712824087805,0.0108128207533732
0.451830608946828,0.177254786141847,0.0960848632469542,-0.229742253791426,-0.0237816090632307,-0.0345846103024864,0.0115870244481307
0.536115171243274,0.138072425008037,0.0944044309855132,-0.21727805012352,-0.02323970567655,-0.0352506128150418,0.0121278979698325
0.620375152720355,0.097116779103632,0.0935208297657981,-0.201907642296268,-0.0224860705181855,-0.0357679946494142,0.0123831852657084
0.704031985692918,0.0534132930673642,0.0937997615471058,-0.184277766768732,-0.0214993282576114,-0.0361572835435704,0.0123128557917306
0.786549869658023,0.00654644438868093,0.0954444171648241,-0.165284184215387,-0.0203140071659213,-0.0364561314643227,0.0118984788526234
0.867482066686796,-0.0431665266015973,0.0984192907881573,-0.145882623410769,-0.0190198000241208,-0.0367086891593824,0.0111485348906379
0.946497961269453,-0.0947562803739596,0.102457539380307,-0.12687035741903,-0.0177406988529968,-0.0369535761058456,0.0100963957188286
1.02338500996691,-0.146898678258261,0.10714952974054,-0.108735309432607,-0.016603317995859,-0.037215636202668,0.00879183736889602
1.09803190833125,-0.198273935270521,0.112065024623228,-0.0916247552858333,-0.0157088844684224,-0.0375036457641516,0.00729054635170007
1.17040376286635,-0.247836101406086,0.116854773180646,-0.07541643688054,-0.0151182187187178,-0.0378123778740699,0.00564607963649909
1.24051673867666,-0.294932015001389,0.121304086764694,-0.059837926092788,-0.0148501340546727,-0.038125950011801,0.00390605493317453
1.30841400103183,-0.339294111683184,0.125340866473858,-0.0445870523312312,-0.0148883955604579,-0.0384202494486361,0.00211185770030489
1.37414057789455,-0.380963995184159,0.129014546067437,-0.0294319105289749,-0.0151920061480876,-0.0386637748972965,0.000300268918342333
1.43771292654563,-0.42019459706011,0.132461625078931,-0.0142888275282289,-0.0157055388940123,-0.0388173383777563,-0.00149430224291258
1.4990796375925,-0.457355770393817,0.13586662826281,0.000717627736916221,-0.0163681597953331,-0.0388336325498206,-0.00323775209234023
1.55807341080426,-0.492848982720126,0.139421151329736,0.0152143306879837,-0.0171210438428707,-0.0386579283745807,-0.00489482678192487
1.61436158783866,-0.527027502846893,0.143281232809867,0.0285717566927595,-0.0179131523500114,-0.0382312132464034,-0.006428657339427
1.66741188935021,-0.560119463767372,0.147525341239416,0.0399497693448139,-0.0187051550124232,-0.0374967396099133,-0.0078016927208154
1.71649698344786,-0.592159949619459,0.152120525958817,0.0484148284182683,-0.0194710390094695,-0.0364099414885698,-0.00897831885450495
1.76075812083541,-0.622949029132284,0.156909026355612,0.0531243482149531,-0.0201970227092576,-0.0349499402964524,-0.00992899034615506
1.79932801019849,-0.652056514845775,0.161626434479759,0.0535370889474791,-0.0208779792520628,-0.0331290395434753,-0.0106349280524908
1.83148150167898,-0.678883869993384,0.165952195087659,0.0495778595288105,-0.0215124733248214,-0.0309960588827195,-0.0110917647701913
1.85675987161071,-0.70277143057916,0.169577957614957,0.0416884804394992,-0.0220981297271897,-0.0286311802116452,-0.0113105761162716
1.87502171183684,-0.723118669990748,0.172269695195054,0.0307428026434695,-0.0226288512572977,-0.0261335754943325,-0.0113157454935817
1.88640930977854,-0.739480965018534,0.173903350713049,0.0178640404950287,-0.0230944569458801,-0.0236061392316414,-0.011140500754285
1.89125787924625,-0.751619933678681,0.174467852236503,0.00421702511000552,-0.0234822639494202,-0.0211421543453995,-0.0108217786024135
1.88999071529071,-0.759504845565089,0.174043084451302,-0.00916007124702624,-0.0237795837031787,-0.01881682559673,-0.0103959023403945
1.88303364577447,-0.763277762885196,0.172766311160951,-0.0214536581479966,-0.0239761409079311,-0.016684081178265,-0.00989577876469624
1.87076209737489,-0.763200507402578,0.170798833181947,-0.0321041988811512,-0.0240657829963479,-0.0147773812096478,-0.00934957047815982
1.85347826724913,-0.759599513761389,0.168299686829542,-0.0407868809115976,-0.0240472472684381,-0.0131128107562851,-0.00878042246795176
1.83140910374748,-0.752819223845981,0.165408576910998,-0.0473663862555297,-0.0239240552400592,-0.0116930251785426,-0.00820678604947235
1.80471567351335,-0.743188949546837,0.162237344317338,-0.0518440211008573,-0.0237037766738277,-0.010511130430532,-0.00764300860257549
1.77350709135868,-0.731003640658397,0.158867963441553,-0.0543086852923092,-0.023396960431093,-0.00955403071664711,-0.00709999921317646
1.73785496403634,-0.716516245768465,0.15535479569851,-0.0548972451779428,-0.0230159964937873,-0.00880508021770841,-0.00658587870700082
1.69780631922696,-0.699938219249876,0.151729106579358,-0.053765755493933,-0.0225740937973505,-0.00824605086303023,-0.00610657504919563
1.65339421432357,-0.681444756914435,0.148004357118803,-0.051070590715653,-0.0220844700643444,-0.00785851301981817,-0.00566634860824204
1.60464587591125,-0.661182008953808,0.144181306618016,-0.0469574755317775,-0.0215597778766904,-0.00762475453198649,-0.00526824192881631
1.55158853643311,-0.639274386283123,0.140252405744761,-0.0415561823138852,-0.0210117454234667,-0.00752836054019842,-0.00491445409353423
1.494253261188,-0.615830871407815,0.136205278383703,-0.0349789006880855,-0.0204509888409402,-0.00755455860090758,-0.00460664363164072
1.43267708860293,-0.590949846503943,0.132025290785449,-0.027320704228737,-0.0198869486499293,-0.00769041121498399,-0.00434616675711169
1.36690378819357,-0.564722340146738,0.127697312719101,-0.0186609740948976,-0.0193279077455351,-0.00792491675748204,-0.00413425924937244
1.29698351288352,-0.537233808531481,0.123206818921693,-0.00906500782131716,-0.0187810568846285,-0.0082490625018759,-0.00397217040802402
1.2229716019804,-0.50856465622253,0.118540487091333,0.00141468367751641,-0.018252582039501,-0.00865586048762975,-0.00386125627262996
1.14492680043061,-0.478789715984447,0.11368644209,0.0127377009860189,-0.0177477546303297,-0.00914038780115824,-0.00380303681747623
1.06290920581366,-0.447976880356731,0.108634288411728,0.0248758969703136,-0.0172710099317168,-0.00969984640267576,-0.00379921819637178
0.976978362287996,-0.416185040660278,0.103375074413973,0.0378144556905398,-0.0168260009567628,-0.0103336524753806,-0.00385167618095582
0.887192102557646,-0.383461460162111,0.0979013481090027,0.0515539761722451,-0.0164156152934265,-0.0110435596335941,-0.00396239048139542
0.793606973653335,-0.349838696118035,0.092207497226896,0.066113555703476,-0.0160419412768175,-0.011833811989666,-0.00413331136787593
0.696281336977571,-0.315331208764479,0.086290613641061,0.0815347293200934,-0.0157061690484573,-0.0127113088504564,-0.00436613022313115
0.595282382997662,-0.279931871683796,0.0801521698717566,0.0978858493810322,-0.0154084140907192,-0.0136857387008076,-0.0046619158642439
0.490698189271436,-0.243608785192839,0.073800813400264,0.115265976024854,-0.0151474604168522,-0.0147696012273012,-0.00502057238499318
0.382655423870092,-0.20630320703018,0.0672565198548086,0.133806463131702,-0.0149204438145786,-0.0159779779020557,-0.00544007798638363
0.271342407939181,-0.167930253321296,0.0605561287318045,0.153667046649893,-0.0147225363677836,-0.0173278318244056,-0.00591548398993434
0.157036364426912,-0.128385481792035,0.0537598454884043,0.175021416111391,-0.0145467460275388,-0.01883652097818,-0.00643769035675263
0.0401330387047522,-0.0875623700792043,0.0469575800396319,0.198025512598223,-0.0143839844696938,-0.0205191214564726,-0.006992062104881
-0.0788238650993416,-0.0453870702971488,0.0402730238764208,0.22276155850905,-0.0142235399627696,-0.0223841449655324,-0.00755700001707214
-0.199118020795116,-0.00187558965665954,0.0338623267557687,0.249154593081744,-0.0140539823678992,-0.0244274267303924,-0.00810263303042062
-0.319849807881534,0.0427881147609052,0.0279036009298547,0.276869198357474,-0.0138643399865661,-0.0266245423133729,-0.00858989854777983
-0.439955588309014,0.0881688336771964,0.0225741914245309,0.305213920765299,-0.0136452290364065,-0.0289232449771516,-0.00897049189129673
-0.558277269662633,0.133527281250188,0.0180160437728162,0.333105564911176,-0.013389644341306,-0.0312390027191728,-0.00918851460280789
-0.673694526592703,0.177848789497472,0.0142965293725183,0.359158772146346,-0.0130933964103212,-0.0334580014489463,-0.00918489897066672
-0.785300554803506,0.219994279309656,0.0113809621871483,0.38193908328917,-0.0127555434454704,-0.0354512975530322,-0.00890521871078575
-0.892552180445638,0.258959879280894,0.00913647337922479,0.400331266524724,-0.0123793450722324,-0.0370994412489158,-0.00830977101881585
-0.995296361678942,0.294150185126149,0.0073753513221957,0.413867357533539,-0.0119741357823862,-0.0383198015644285,-0.00738253655377697
-1.09361896878902,0.325529179519569,0.00592095925486379,0.422832250695173,-0.0115580883449817,-0.0390844202906771,-0.00613506163309549
-1.18756941868872,0.353569415282254,0.00466113537477998,0.428080356044515,-0.0111610954208197,-0.0394200772389649,-0.00460390260281239
-1.27689941081143,0.37903537976239,0.00356174832370262,0.430669090982375,-0.010826169178045,-0.0393923505246828,-0.0028440666829853
-1.36094821690492,0.402706066404922,0.0026395757401731,0.431491955458304,-0.0106074056687862,-0.0390831095380916,-0.000922474551225906
-1.43873810593749,0.425118874074828,0.001915116159022,0.431036631346937,-0.0105628764955516,-0.0385708202017307,0.00108590219834065
-1.50927392937104,0.446356861353856,0.00137120287270161,0.429292230064627,-0.0107413854576065,-0.037917980420735,0.00309898502587476
-1.57198010854174,0.46588381708049,0.00093855018054475,0.425776435536854,-0.0111629249899848,-0.037165209840541,0.005027172313791
-1.62712158382171,0.482484453218247,0.00052064070133049,0.419665330971799,-0.0117954513002282,-0.0363295084944949,0.00677414832462532
-1.67595417770913,0.494437239735087,5.37698010513142e-05,0.4100415692168,-0.0125371232724567,-0.0354047319600422,0.00824193586679375
-1.72036193992183,0.500014549632774,-0.000429196944289651,0.396256876407497,-0.0132206227318306,-0.0343643693636028,0.00934230990597582
-1.76201074436241,0.498187173289922,-0.000782476516266943,0.37829181153874,-0.0136530637567387,-0.0331688273048772,0.0100131440550236
-1.80146394800665,0.489145337730024,-0.000808037245646841,0.356882984305016,-0.0136818949156149,-0.0317790340603907,0.010233065669957
-1.8378344558848,0.474261956480576,-0.000361123017499656,0.333269466970497,-0.0132501290359715,-0.0301735877467929,0.0100261327999529
-1.86915824141081,0.455509971780483,0.000572721487416343,0.308691241419627,-0.0124066268708108,-0.0283615624807503,0.0094537427095676
-1.89315543756764,0.434729838299685,0.00187534893056748,0.283961041900927,-0.0112712809565833,-0.0263838686842801,0.00859869590082897
-1.9079018027325,0.413152271339449,0.00335371769290408,0.25932604752157,-0.00998377092509505,-0.0243028241080103,0.00754886810672966
-1.91216044263918,0.391304225473735,0.00481102264189028,0.234594180057744,-0.00866408242707963,-0.0221859181866082,0.00638518962160732
-1.90539490739728,0.369180281661829,0.00609547802094697,0.209365295393768,-0.0073952097629033,-0.0200910764099409,0.00517506468870421
-1.88760774120854,0.346495743193258,0.00711738238893643,0.183229457075534,-0.00622367467535654,-0.0180578621159147,0.00397032901442523
-1.85913911437806,0.322896810629484,0.00784307488254791,0.15587855141273,-0.00516870606650995,-0.0161052272313211,0.00280816698902451
-1.82050057570133,0.298086002186842,0.00827879795416881,0.127140698649001,-0.00423281625028095,-0.0142339743513582,0.00171347313061358
-1.7722658756053,0.271873541677258,0.00845396537489924,0.0969691302753438,-0.00341016429539189,-0.0124314775309182,0.000701547641693985
-1.71501201956078,0.244182706213448,0.0084082484815479,0.0654136262068421,-0.0026918601782627,-0.0106767387451344,-0.000219503085767043
-1.64929488714213,0.215033965494897,0.00818333975431854,0.0325912540792469,-0.00206871683994704,-0.0089447064257082,-0.00104689801886988
-1.57564510580341,0.184523297787353,0.0078186192148196,-0.00133663473376754,-0.00153232651738737,-0.00720948078413046,-0.00178183281822652
-1.49457414111784,0.152801731168366,0.00734954587720848,-0.0361801284753349,-0.00107524944122828,-0.00544645227287686,-0.00242851550736767
-1.40658432691973,0.12005808942183,0.00680770495654776,-0.0717309052231875,-0.000690888191043671,-0.00363361098429018,-0.00299341480948109
-1.31217891357868,0.0865048224097753,0.00622164916535475,-0.10776922005928,-0.000373420014746703,-0.00175231096075523,-0.00348456501561678
-1.21186935660989,0.0523666835450108,0.00561784433551397,-0.144069713225654,-0.000118004943236845,0.000212258696309214,-0.00391081348383332
-1.10617748034659,0.0178729558683674,0.00502118630162182,-0.180407039764686,7.86310480352355e-05,0.00227071313190146,-0.00428094911967129
-0.995630249657312,-0.0167447699989155,0.00445476897491809,-0.216561155025965,0.000217246975381826,0.00442912258235447,-0.00460270294190832
-0.88074505618819,-0.0512461239295137,0.00393891500814984,-0.252321005998806,0.000294914439768408,0.00668866220046668,-0.00488166228260945
-0.762004276266622,-0.0853632654004581,0.00348995404507564,-0.287484604770241,0.000303963950570752,0.00904532610161402,-0.00512019005781184
-0.639820423744815,-0.118767828691832,0.00311979999744405,-0.321853327656971,0.000231678037568079,0.011489823360804,-0.00531648940617428
-0.514498913450895,-0.151026024211553,0.00283783967268416,-0.355219326051674,6.16558286950127e-05,0.014007772748561,-0.00546398713374877
-0.386214851753471,-0.18155354227365,0.0026565589744117,-0.387347742341297,-0.000222203403017691,0.016580229598896,-0.00555119087306148
-0.255030065958112,-0.209593766722757,0.00260108985600118,-0.417959896897968,-0.000628901399890224,0.0191844252093065,-0.00556207026839844
-0.120976551811402,-0.23424965234655,0.0027202334010794,-0.446727733669815,-0.00115236286132563,0.0217944856556141,-0.0054768624859748
0.0157906639137461,-0.254589382394594,0.00309358594288846,-0.473289570493461,-0.00176604777277726,0.0243819984084908,-0.00527318729503506
0.154814189883248,-0.269813915857139,0.00382864106784997,-0.497289719514554,-0.00242416672862,0.0269166326269144,-0.00492766685656825
0.295210290009125,-0.279436295898265,0.00504494687699913,-0.518432555183325,-0.00307021029668919,0.0293672300219994,-0.00441870215987342
0.435672485376786,-0.283405581355606,0.00684823053680318,-0.53653234904499,-0.00364858106583488,0.0317033795601146,-0.00373099946149257
0.574611100205675,-0.282124384519938,0.00930247957956595,-0.551537980366339,-0.0041132330941091,0.0338965800235765,-0.00286143967524076
0.710363394253612,-0.276345812255775,0.0124100650151863,-0.56351518272428,-0.00443031691099035,0.0359195627077634,-0.00182460211855228
0.841376658180521,-0.266975523302538,0.0161082735638417,-0.57257700198504,-0.00457657078701003,0.0377429616981585,-0.00065595572803088
0.966290992845436,-0.254835848476734,0.0202846473869422,-0.578766753418907,-0.00453726484412684,0.0393301089221353,0.00058824217523907
1.08390872169913,-0.240462362887219,0.0248050101280205,-0.581917469267187,-0.00430623276492405,0.0406324593277707,0.00183404055672262
1.19310058798925,-0.223997541435713,0.0295413988951338,-0.581536603897528,-0.0038882963158798,0.0415892318210386,0.0029953586159268
1.29273794103747,-0.205227590799173,0.0343862417311578,-0.576788097877819,-0.00330310602955422,0.0421345757340957,0.00398230401157182
1.38173452966236,-0.183773318521115,0.0392455504414547,-0.566641307873573,-0.00258879584197953,0.0422129788304026,0.0047129843741079
1.45921602733417,-0.159379041550614,0.0440168257971093,-0.550189460424219,-0.00180279612281234,0.0417984004875922,0.00512799691862585
1.52472825412661,-0.132163956724431,0.0485703843016355,-0.527012107615638,-0.00101643957402276,0.0409074819050305,0.00520331761502294
1.57833104821992,-0.1026886365392,0.0527531472170633,-0.497370296276337,-0.000302323955116305,0.039597924051564,0.00495526371338696
1.6204917582195,-0.0718011449787241,0.0564164904388229,-0.462105726662911,0.000281189499092336,0.0379518743672884,0.00443428895383405
1.65184497825074,-0.040378536446788,0.0594501386359381,-0.422322180456649,0.000700716143747307,0.0360537547939198,0.00371081471529176
1.67296864122504,-0.00912400036251389,0.0618016512124837,-0.379055798237187,0.000949193098362473,0.0339734408780588,0.00285985642987407
1.68427594182358,0.0215018354884925,0.0634742168580089,-0.333088611945371,0.00103919732141573,0.03175955790677,0.00194943831449799
1.68602225533135,0.0512392093687353,0.0645088286299862,-0.284926089719322,0.000993014390555601,0.0294411280957585,0.0010341048864359
1.67837071757636,0.0799436543175472,0.064961833182659,-0.234873114169163,0.000833782017244801,0.0270332326195353,0.000152626608893871
1.66146276051857,0.107510061565963,0.0648868472422374,-0.183133403861209,0.000579859856165853,0.0245430583840552,-0.000671455417001025
1.63546694234336,0.133828875006429,0.0643254244845316,-0.129887510969263,0.000242638357567794,0.0219744678950867,-0.00142756522090956
1.60060273229563,0.158773342260918,0.063306616243085,-0.0753365576194808,-0.000173057546413802,0.0193306974626823,-0.00211495425831954
1.55714699315882,0.182206581619846,0.0618529608952317,-0.0197177063359074,-0.000667095143987162,0.016615596597471,-0.00273932489397226
1.50543257326871,0.203996532234471,0.0599895174384998,0.0366965071033664,-0.0012416395891383,0.0138340907168043,-0.00330965124333524
1.44584582386157,0.22403015226524,0.0577527745685504,0.0936039724886018,-0.0018988468353088,0.0109925037612469,-0.00383543938135123
1.37882656578598,0.242221863844423,0.0551969618303226,0.150676587586397,-0.00263893780815817,0.00809919489519313,-0.00432450680491121
1.30487154279029,0.258513702222074,0.0523960111290675,0.207557953556968,-0.00345874016604688,0.00516574603264943,-0.00478125552562335
1.22454085901333,0.272865835744886,0.0494400221121236,0.263854503207075,-0.00435069062909788,0.00220872170659112,-0.00520537061620271
1.13846584956539,0.285236754518695,0.0464257207132689,0.319121951158442,-0.00530228544984926,-0.000748194321510398,-0.00559088868634726
1.04735574682316,0.295553430522389,0.0434413939411765,0.372851581656403,-0.00629601477410902,-0.00367211750009741,-0.00592563505763419
0.951999137545682,0.303673987954731,0.0405484349642947,0.424463630037417,-0.00730988488430249,-0.00651962058845998,-0.00619110856303603
0.853254923930416,0.309349155734233,0.0377638907597481,0.473316976737706,-0.00831868492791113,-0.00923702824940453,-0.00636297617248469
0.75202754745638,0.31219299534764,0.0350505062221858,0.518743500769253,-0.00929614754691795,-0.0117632770379999,-0.00641238483287691
0.649224433914083,0.311675356635696,0.0323210961619869,0.560109260926565,-0.0102180381650547,-0.0140359189067123,-0.00630824030078192
0.545700970888839,0.307144457823015,0.0294608270214935,0.596892579413147,-0.0110659618267892,-0.0159999674228252,-0.00602038149683201
0.442207746301279,0.297876042756068,0.0263638113735428,0.628755330689151,-0.0118313347715975,-0.0176180207929751,-0.00552321083438203
0.339360309937274,0.283129764353596,0.0229722681336964,0.65557760721072,-0.0125186149439331,-0.0188790403130659,-0.00479898958049481
0.237647282586506,0.262184746369555,0.0193030806019846,0.677435809169078,-0.0131465660440336,-0.0198031406690271,-0.00383993059832083
0.137478973310602,0.234337290855601,0.0154519930482221,0.694528129461343,-0.0137459622525481,-0.0204411208330619,-0.00264855814513578
0.0392659390367339,0.198881177102031,0.0115776230378165,0.707074894870515,-0.0143516561356555,-0.0208695777070376,-0.00123639151136758
-0.056483502061577,0.155154338282547,0.00787763375189613,0.715228023053631,-0.0149869194469394,-0.0211839867924665,0.000378496490750924
-0.14904943670171,0.102812843369557,0.00456892026846058,0.719010530645124,-0.0156409242741019,-0.0214922175956926,0.00217414876644698
-0.237387879127211,0.042514222228665,0.00186740648643129,0.718289257667061,-0.0162507902755069,-0.0219098361233007,0.00412586506106574
-0.320120046225051,-0.0230623055213763,-6.40540319106347e-05,0.712792078720945,-0.016716624489768,-0.0225572202071894,0.00620196612479543
-0.395819846823174,-0.0886819228065844,-0.00123175711902247,0.702229039121278,-0.0169730965949881,-0.023556921612337,0.00834939268217953
-0.463641902445022,-0.147924786225203,-0.00192924865803739,0.6865914899685,-0.017070020151181,-0.0250246896277107,0.0104714152347325
-0.523863473462431,-0.196567438808571,-0.00265663633951398,0.66656690612187,-0.0171377238592268,-0.0270374764912933,0.0124123720643584
-0.577814390884795,-0.235343874783063,-0.00372651648978555,0.643810484993785,-0.0172112156848373,-0.0295617930370246,0.013962681699619
-0.627243241833321,-0.269284049452055,-0.00482251214937262,0.620728454698505,-0.0171006550398865,-0.0323648052732779,0.0148871887062134
-0.67352375525897,-0.303884123663191,-0.00502475749494701,0.599482641862095,-0.0164994525341766,-0.0350021783988533,0.0149886487260364
-0.717065686239002,-0.341101939346602,-0.00349062857682929,0.580567729548078,-0.0152610769094442,-0.0369797641263583,0.0141997678619455
-0.757313658970707,-0.378475257879313,-0.000194953766767283,0.562338206010184,-0.0135473704549255,-0.038008184355333,0.0126267138873699
-0.793336509521258,-0.411633948996512,0.00404831328430523,0.542198450995435,-0.0116908215745615,-0.0381121976726496,0.0104875953935993
-0.82444119870211,-0.437178348138008,0.00817214059448416,0.518201567913833,-0.00996117861190004,-0.037523164753231,0.00801173677506533
-0.850410019990634,-0.453738233921642,0.0113797871080744,0.489717135717513,-0.00846009892511795,-0.0365101597874193,0.00538306331053431
-0.871423796800273,-0.461582402354385,0.0133091040262174,0.457191586939288,-0.00715252250077127,-0.0352794667600835,0.00273357085540818
-0.887847659758955,-0.461874135983853,0.0139619825624324,0.421603402492425,-0.0059428703546371,-0.0339522062258422,0.00015751855470866
-0.8999824551466,-0.456128413948438,0.0135813706863835,0.383977299196976,-0.00473745616011645,-0.0325827029745474,-0.0022725978735042
-0.907849846483138,-0.445931313255524,0.012558929829176,0.345041906412053,-0.00348087608210988,-0.0311872212402037,-0.00449425915927687
-0.91108801996696,-0.432799998359144,0.0113697841642238,0.305031178409542,-0.00217188659063979,-0.0297676340881471,-0.00644890720542092
-0.909030109545601,-0.418059028582827,0.0104964920577758,0.263652346366753,-0.000863396637147741,-0.0283242017587959,-0.00808273513824075
-0.900973529943874,-0.402683806216966,0.0103210095079403,0.220252049362119,0.000352812310759636,-0.026857803270873,-0.00935412406690152
-0.886529421611581,-0.387158576959421,0.0110128826215707,0.174143130057937,0.00137421137779757,-0.0253665939885799,-0.0102442220921203
-0.865857774966326,-0.371446249388944,0.012478099683782,0.124945563318482,0.00211881770967223,-0.0238436139590864,-0.010763929905964
-0.839654149850696,-0.355117671123392,0.0144092652712009,0.0727672385755496,0.00254608294039754,-0.0222788641381658,-0.0109518621334766
-0.808927328070203,-0.337581667672103,0.016409433221072,0.0181605820474838,0.00265993561884756,-0.0206644698121042,-0.0108639818868464
-0.774727003009376,-0.318302403000458,0.0181190590120581,-0.038064528833614,0.00249751339034566,-0.0189992731430946,-0.0105607334817669
-0.737955097916743,-0.296927311170062,0.0192928041344747,-0.0950427150468916,0.00211287041538956,-0.0172905042814392,-0.010097234153619
-0.699295743715224,-0.273318496716747,0.0198172000789196,-0.151990688285239,0.00156308131755481,-0.015552529014047,-0.00951845175412395
-0.659229755663762,-0.247521601861008,0.0196890582919611,-0.208268459227168,0.000899504925885728,-0.0138039385657917,-0.0088583523591239
-0.618085727701956,-0.21971004292065,0.0189788691532826,-0.263386842531237,0.000163730658315441,-0.0120642828044473,-0.00814116116249372
-0.576095265031802,-0.190129304346066,0.0177953889868945,-0.316987972608487,-0.000613356462907949,-0.010351260130956,-0.00738331703541145
-0.533438118663649,-0.159052171737439,0.0162585318950233,-0.36881723944401,-0.00141083189972761,-0.00867869092804356,-0.00659538383773517
-0.490274306831806,-0.126746963589983,0.0144818077914053,-0.418696271269221,-0.00221628289703302,-0.0070552875570925,-0.0057836593857168
-0.446765096000282,-0.0934565990183573,0.0125628299472826,-0.466500858702889,-0.00302420882019165,-0.00548408284403561,-0.00495145907117491
-0.403085873504318,-0.0593849297609417,0.0105796561928074,-0.512144719853267,-0.00383453342621875,-0.00396233678076688,-0.00410013629536038
-0.359433713114206,-0.024686734275871,0.0085909052880137,-0.555568652981655,-0.00465130456881117,-0.00248175990099579,-0.00322991858186819
-0.316031941629428,0.0105416992687176,0.00663809457112947,-0.596734084301536,-0.00548152523881488,-0.00102893831805798,-0.00234063222987374
-0.273133650777417,0.0462736578037934,0.00474918464892705,-0.635619810369617,-0.00633393744572073,0.000414099905805758,-0.00143237767060275
-0.231025832215558,0.0825656179504301,0.00294278952570041,-0.672220588263915,-0.00721742477302059,0.00186918336199465,-0.000506204239717193
-0.190035217235212,0.119571202135872,0.00123290260515613,-0.706545995147977,-0.00813848434957483,0.00336111409371344,0.000435192434527877
-0.15053495392176,0.157546340915879,-0.000365730081629499,-0.738617586611526,-0.00909699232316906,0.00491649580154171,0.0013867861298331
-0.112946120399143,0.196822686194961,-0.00183151598734477,-0.7684619060685,-0.0100795363873488,0.00656208851903502,0.00234070954270244
-0.0777181649398197,0.237706453466984,-0.00313021037752884,-0.796096823790085,-0.0110507214712039,0.0083224210929598,0.00328628271109453
-0.0452619114398611,0.280252915797832,-0.0042135224076264,-0.82151030295795,-0.0119463059825864,0.0102164214825208,0.00421110187329896
-0.0158189015178386,0.323926460997537,-0.00503062884175059,-0.844635684538326,-0.0126773270631095,0.012253284316782,0.00510336327825941
0.010685684086228,0.367326724016417,-0.00555968783070576,-0.865334310200226,-0.0131544854174538,0.0144289332377417,0.00595421163957292
0.0346680035081509,0.408306495552527,-0.00584913387962349,-0.883394897142106,-0.0133258427971172,0.0167253834910328,0.0067573365092192
0.0566781562728336,0.444594827659596,-0.00603591215926321,-0.898542375056945,-0.0131976402883004,0.0191139760300057,0.00750424088645366
0.077064101084918,0.474527714421182,-0.00631634713145835,-0.910437023385276,-0.0128154377047401,0.0215601843519504,0.00817797283933722
0.0957509983687949,0.4973713881166,-0.00688497548416554,-0.918662221682094,-0.0122231090734558,0.024026885639323,0.0087500179404739
0.112245704945389,0.513185474873465,-0.00787473977059647,-0.922724749142592,-0.0114353728094766,0.026475849160405,0.00918175420011032
0.125790546714929,0.522527932018338,-0.00931551039896613,-0.922093281015238,-0.0104377145361302,0.0288692669432524,0.00942865778547527
0.135566964136587,0.52622544332345,-0.0111150351227778,-0.916283257752943,-0.00920458552634743,0.0311722941884833,0.00944574461506934
0.140906891234905,0.52523057190974,-0.01307054395068,-0.904974061831226,-0.00772256571467927,0.0333558956341354,0.00919411484353577
0.141486495045122,0.520504078773868,-0.0149210484799048,-0.888121222474008,-0.00600911223924843,0.0353986185560175,0.0086483940921359
0.137450380805959,0.512887124064983,-0.0164348550920121,-0.866011150323368,-0.00412054945478383,0.0372863632089123,0.00780343269673952
0.129404348419579,0.502982928520747,-0.0175010531255864,-0.839218091898679,-0.00214605244232214,0.0390102536075749,0.00667754303076623
0.118260939797923,0.491094564668769,-0.0181814237019331,-0.808469110221196,-0.000189844503587516,0.0405635727291501,0.00531044438229239
0.10499879652495,0.477247557853608,-0.0186966212213414,-0.774474649494841,0.00165057606661631,0.0419387956689755,0.00375670627242392
0.0904380440490935,0.461285133213613,-0.0193553278896865,-0.737797776336686,0.00330115046659181,0.0431251467609727,0.00207767334898915
0.075108217253774,0.442996837614453,-0.0204587914752118,-0.698805453963324,0.00471792683567455,0.0441066097336247,0.000334899472613284
0.0592258767659443,0.422242433123871,-0.0222126042727683,-0.657700598570496,0.00588425929275796,0.0448604735114559,-0.00141352239802326
0.0427556894724847,0.399048966121005,-0.0246636496973154,-0.614605649848515,0.00680244301758371,0.0453570728475057,-0.00311407922992992
0.025518339717061,0.373671087722022,-0.0276692063839765,-0.56966268798813,0.00748413067771605,0.0455618107001978,-0.0047176400697514
0.00731677943228849,0.346606702464409,-0.0309029771047596,-0.523120067185081,0.00794282185887259,0.0454404244117568,-0.00617928801816861
-0.0119406989518274,0.318557903612389,-0.0339038546540141,-0.475380995649068,0.00819035763300693,0.0449676001476482,-0.00745922623831506
-0.0321441369575238,0.290331630341207,-0.0361683369383736,-0.426995492025507,0.00823790180596806,0.0441374652749001,-0.00852522783714193
-0.0529403443390696,0.262692527282929,-0.0372717908573817,-0.378590525492991,0.00810019797092005,0.0429726792632053,-0.00935623530851494
-0.0737669230335211,0.236207149298139,-0.0369832866150757,-0.330757034914281,0.00780033424927287,0.0415279924574005,-0.00994576637721743
-0.0939568913732055,0.211134966750784,-0.0353300446839923,-0.283936501134478,0.00737186770675486,0.0398855394758643,-0.0103033665216669
-0.112876575423655,0.187408275119489,-0.0325842611042124,-0.238353960431668,0.00685663277703841,0.0381426665522902,-0.0104530231083178
-0.130044702127743,0.164702824399106,-0.0291806485970931,-0.194020370308724,0.00629906443778185,0.0363965914122028,-0.0104289355140924
-0.145195173335776,0.142561326706286,-0.025602822425066,-0.150791642190444,0.00573959765405612,0.0347311840354129,-0.0102702264744935
-0.158276724137509,0.120519004337078,-0.0222816728195043,-0.108450320024534,0.00520964271357358,0.0332092775486768,-0.0100162720606297
-0.169407340763471,0.0981949439895005,-0.019532139524093,-0.0667781796766168,0.00472933673398631,0.0318709793913532,-0.00970354416855877
-0.178809360864615,0.0753372743609133,-0.0175328266870137,-0.0256033914636067,0.00430791262734954,0.0307363768563482,-0.0093639841897503
-0.186746368790288,0.0518281100321048,-0.0163383659782677,0.015179713614005,0.0039457900355459,0.0298104357199848,-0.00902446991148143
-0.193473622224017,0.0276617434519547,-0.0159098856075064,0.0556122170382182,0.00363738578763469,0.0290883250582935,-0.00870690930169262
-0.199205360053766,0.00291062234389143,-0.0161508097714704,0.0956837364197571,0.00337388266537004,0.0285601639816147,-0.00842866597981056
-0.204097009370118,-0.0223078676754347,-0.0169393386801107,0.13534581727425,0.00314552773672356,0.0282147884947503,-0.00820316956140299
-0.208238265246178,-0.0478552761728622,-0.018153190642498,0.174517564421501,0.00294331607836962,0.028042427882923,-0.00804057930756393
-0.211653361992357,-0.073585921915703,-0.0196859360502011,0.213084097608362,0.00276010735765229,0.0280363195141497,-0.00794831912325691
-0.214306034381919,-0.0993559573072556,-0.0214567607893485,0.250894608303022,0.00259131776905282,0.0281934515095332,-0.00793133450149847
-0.216107806474454,-0.125032628596154,-0.0234159859355841,0.28776518542786,0.00243533726137066,0.028514725399672,-0.00799203726279078
-0.216929399860751,-0.150505243016702,-0.0255476884476557,0.323487315364186,0.00229376608893871,0.0290047606393722,-0.00812998481348633
-0.21661617656793,-0.175697046984452,-0.0278695237009978,0.357841521723461,0.00217148377331568,0.0296713887786019,-0.00834135274574917
-0.215009231853749,-0.200576307854825,-0.0304289262871108,0.390616429643165,0.00207648869079328,0.0305247201790326,-0.00861825133073223
-0.211973632037491,-0.225164074277202,-0.0332943363091532,0.421634279043896,0.00201939367512846,0.0315755476956979,-0.00894794294349113
-0.207433986136562,-0.249534913686846,-0.036540100585826,0.450783387646233,0.002012446540749,0.0328327891389216,-0.00931204351976659
-0.201414690451107,-0.273805836518422,-0.0402245601648208,0.478055830698689,0.00206798553308831,0.0342997047833414,-0.00968583503418276
-0.19407768294586,-0.298108603137717,-0.0443629013625469,0.50358444037673,0.00219636004717107,0.0359688437687422,-0.010037882817224
-0.185745045095298,-0.322542971053933,-0.0488996465292407,0.52766743379592,0.0024035512344162,0.0378161764476747,-0.0103302496419266
-0.176889429210315,-0.347114355259776,-0.05368946090772,0.550763304795142,0.00268897967228453,0.0397956895209132,-0.0105197149628648
-0.168076195661004,-0.371668869279109,-0.0584973441183498,0.573437340019128,0.00304418987741205,0.0418366531187737,-0.0105604622155907
-0.15985249549447,-0.395848946049289,-0.0630272792515514,0.596250711034834,0.00345309038847073,0.0438462156809892,-0.0104085131793464
-0.152602304502197,-0.419096711026847,-0.0669795085923863,0.619607650266713,0.0038940317939291,0.0457190683951691,-0.0100275826001967
-0.146414376758681,-0.440721192746987,-0.0701220723342024,0.64360842406238,0.00434321274584364,0.0473532061090558,-0.00939508328910651
-0.141021982553519,-0.460017324242011,-0.0723498709070063,0.66797273502642,0.00477808503819226,0.0486673192894968,-0.00850632423058177
-0.135850992200866,-0.476393260546458,-0.073705138497471,0.692076665346073,0.0051792761439121,0.0496135585364108,-0.00737529686442638
-0.130163334492712,-0.489451400389559,-0.0743501828738826,0.715091643887311,0.00553046390062505,0.0501812018792966,-0.00603192016291859
-0.12323961579891,-0.498988335633554,-0.0745059261715331,0.73616451606717,0.00581709395053949,0.050391143865722,-0.00451720930203967
-0.114536615827464,-0.504914264389439,-0.0743824540050798,0.75456865001577,0.00602570015722141,0.0502849473456922,-0.00287839147399224
-0.103779614531958,-0.507117952966343,-0.0741247888555342,0.769785204885112,0.00614523909968044,0.049913218006835,-0.00116535836307935
-0.0909809240535781,-0.505309476198313,-0.0737856613509001,0.781512537128791,0.00617057534410646,0.0493266205618792,0.000571246148420061
-0.0763944383953532,-0.498870130120284,-0.0733271025770391,0.78962705480683,0.00610667219114745,0.0485706533722865,0.00228084818178834
-0.0604184130951492,-0.486743392218731,-0.0726480549330107,0.794126864693838,0.00597055250262794,0.0476835969486867,0.00391360575259744
-0.0434534936514495,-0.467420525852433,-0.0716332205276424,0.795087163493713,0.00578720347891114,0.0466961766420846,0.00542180070685287
-0.0257223326860778,-0.439100476429828,-0.0702142949127414,0.792648003022571,0.00557669983431024,0.0456313100922379,0.00676234634189656
-0.00707366208052233,-0.400103933953091,-0.0684266094550099,0.787037748916492,0.00533493393398118,0.0445028092217827,0.00789983571605085
0.0131654865142797,-0.349543833625721,-0.066436259963543,0.778605745605348,0.00501909182941236,0.0433132121178011,0.00880871997857176
0.036180326912785,-0.288069293363887,-0.0645150921864649,0.76780955405855,0.00455422973647878,0.0420528165711463,0.00947363895256945
0.0634084520289977,-0.21829119688388,-0.0629618375006954,0.755113862629832,0.00386772224391961,0.0407030574620734,0.009888812275629
0.0960737095434679,-0.14449752445704,-0.062000976892042,0.740830279540262,0.00293452762662614,0.0392454900048373,0.0100585617155635
0.134741979533932,-0.0716384035677985,-0.0617110704725126,0.725002814152881,0.00180095223642525,0.0376730793953886,0.00999928886307241
0.179154422779447,-0.00406855054389027,-0.0620178830938861,0.707428257335611,0.00056930718547085,0.035997601195545,0.00974042062852884
0.228396177700496,0.0553168611563723,-0.0627451136107465,0.687794944479811,-0.000642793256461776,0.034249323581675,0.00932188040304432
0.281237190146019,0.105263297790206,-0.0636849807889431,0.665840628107656,-0.00174002983642632,0.0324703502041666,0.00878853537257275
0.33643983333409,0.145816672269403,-0.064653627104775,0.641444673237103,-0.00266665866811679,0.03070595949414,0.00818420148342886
0.392933964361501,0.177802558439749,-0.0655182254335492,0.614638261746129,-0.00340458379191346,0.0289975484864519,0.00754738403789558
0.449869217507259,0.202374661085492,-0.0662006566033903,0.585564433660317,-0.00396204600989256,0.027378563929725,0.00690934416726956
0.506596587548575,0.220721063599997,-0.0666684297077044,0.554425938809675,-0.0043614450823172,0.0258731556223557,0.00629396314301951
0.562624483913453,0.233913498321142,-0.066921525093385,0.521443197311742,-0.00463025481075737,0.0244966717679962,0.00571860022214785
0.617574180148548,0.242851899526933,-0.0669799863439539,0.486828630574857,-0.00479560839305056,0.0232571350794748,0.00519532249214976
0.67114404810359,0.24826095274888,-0.0668741616268643,0.450774918122105,-0.00488170174433154,0.0221570744980421,0.00473215145643349
0.723083941907889,0.250709921163701,-0.0666378888867121,0.41345222034992,-0.00490894746767979,0.0211953317693433,0.00433416684247023
0.773178070269948,0.250639740403213,-0.0663042261726521,0.37500996457704,-0.0048940562942816,0.0203686490677479,0.00400441850330612
0.82123407710422,0.248389633943451,-0.0659031242222617,0.335580218823061,-0.00485052827756023,0.0196729674461677,0.00374464950126932
0.867076327081344,0.244220111220167,-0.0654604564313017,0.295280971917419,-0.0047892687246637,0.0191044382327077,0.00355585376362608
0.910541885437402,0.238331508191378,-0.0649979203735701,0.254218521957387,-0.00471918968744427,0.0186601853010831,0.00343869633609391
0.951478142404881,0.230878234374429,-0.0645334365959921,0.212488678465194,-0.00464773867309833,0.0183388680456558,0.0033938216720934
0.989741392098532,0.221979224888109,-0.0640817638408702,0.170176726291567,-0.00458133610094135,0.0181410921538669,0.00342206949858698
1.02519593686469,0.21172510150318,-0.0636551131024764,0.127356188973385,-0.00452571898930681,0.0180697035353069,0.00352461008319429
1.05771346633505,0.200182395690856,-0.0632635724976675,0.0840864520616465,-0.00448619021590124,0.0181299825473732,0.00370300134826017
1.08717257025979,0.18739496123974,-0.0629151509137119,0.0404093290049913,-0.00446776478181464,0.0183297307493514,0.00395915855464927
1.1134582959551,0.173382442322054,-0.0626152133027693,-0.00365527163012319,-0.00447518713356346,0.0186792084221217,0.00429521196036429
1.1364616427185,0.158135395838097,-0.0623650224247412,-0.0481142111530096,-0.004512763264542,0.0191908342876651,0.0047132075185984
1.15607867793522,0.141606492827728,-0.0621590540038688,-0.0930057182572532,-0.00458391089440798,0.0198785021148333,0.00521458111965254
1.17220865157228,0.12369722481356,-0.0619807524809136,-0.138402007610784,-0.00469024638473742,0.0207562933999234,0.00579930593006427
1.18474926147686,0.104240384766458,-0.0617966438356546,-0.184406687086363,-0.00482997056876168,0.021836337810549,0.00646459337708287
1.19358555006622,0.0829807345851703,-0.0615493472748303,-0.231140960906912,-0.00499520375062187,0.0231255979257189,0.0072030166899759
1.19856581127753,0.0595612992706185,-0.0611513761929614,-0.278708626419365,-0.00516791971691685,0.0246215831546707,0.00799994701565587
1.19945460468186,0.0335314005617328,-0.0604836551107797,-0.327125200413123,-0.00531430299131386,0.0263074783245768,0.00883023215129159
1.19585182785089,0.00440371877597709,-0.0594047535820203,-0.376194859815937,-0.00537797470648578,0.0281479172923323,0.00965411548626786
1.18707350901657,-0.0282062241712038,-0.0577770354811487,-0.42532940902567,-0.00527395701627523,0.0300874361230285,0.0104126031647319
1.1720145358065,-0.0643425943906474,-0.0555111943704529,-0.473342407921319,-0.00488781479715818,0.0320540239785974,0.0110232771852773
1.14906679610079,-0.103429113399604,-0.0526185679645059,-0.518333652284804,-0.00408768569054865,0.0339693647346725,0.0113796880978629
1.11623385042437,-0.144135210458811,-0.0492438937456341,-0.557877289572689,-0.0027575927005842,0.0357643967605786,0.0113608134741858
1.07156858007522,-0.184679535829383,-0.0456439008896928,-0.589700089623124,-0.000850649767299949,0.0373937699021864,0.01085741875916
1.01381204477584,-0.223686910996684,-0.0421025736645067,-0.612685184821625,0.0015635209228482,0.0388394865623068,0.00981139694294311
0.942742761221762,-0.261165924196701,-0.0388323537396707,-0.627524479007533,0.00429882624227445,0.0400996869015656,0.00824527649911795
0.858821768929388,-0.298797883086022,-0.0359422749558287,-0.636408052457172,0.00711038007939852,0.0411715488471871,0.00625824029517607
0.762423120005925,-0.3391664209897,-0.0335009255671829,-0.64199388425611,0.00976273724356329,0.0420408995591322,0.0039935992859535
0.653437529642262,-0.38434348356079,-0.0316363419212487,-0.646475333027416,0.0120577631929007,0.0426801822636174,0.00160407341354756
0.531725450651931,-0.434517800555455,-0.0305878215127608,-0.651182060333227,0.0138268078158937,0.0430489775242527,-0.00076967259020249
0.398185489111903,-0.487232201432627,-0.0306588709857963,-0.656532113353367,0.0149327287647332,0.0430944990210142,-0.00301003733376349
0.255638702891788,-0.537679772217309,-0.032081130637741,-0.662035631063791,0.0153095900584449,0.0427522084157707,-0.0050279352879955
0.108689284376761,-0.580122221020311,-0.034865894631991,-0.666348615410096,0.0150111290697537,0.0419471123944284,-0.00676079770268986
-0.0375216104965095,-0.609733737874472,-0.038741423577524,-0.667596231164187,0.0142086963038846,0.0406026188032082,-0.00816248653817977
-0.178794404304271,-0.623868870131873,-0.0432151178249511,-0.664020070255304,0.0131238427791778,0.0386686173568033,-0.00919489965931198
-0.312674567919086,-0.622349833453817,-0.0477270141197971,-0.654649732602297,0.0119473096959688,0.0361647102271858,-0.00983298165705065
-0.438440480012457,-0.607002806977176,-0.0518349567042703,-0.639584232959368,0.0107981752284143,0.0332082670067984,-0.0100804044552015
-0.556619937859948,-0.580761387226356,-0.0553568223959253,-0.619730200851117,0.00972755836779355,0.0299979872366615,-0.0099802921072476
-0.668349145280595,-0.546636455649694,-0.0583954293665652,-0.5962279965121,0.0087405873993879,0.0267591164132788,-0.0096104751356977
-0.774782111278332,-0.506925529537485,-0.061236876338832,-0.569950514872641,0.00781653602973879,0.0236859763553614,-0.00906715848047118
-0.876697136371361,-0.462917763958161,-0.0641955522653482,-0.541298602799118,0.00692269541497928,0.0209110602317174,-0.00844730924109322
-0.974346199203318,-0.415051018976223,-0.0674923140219962,-0.51026853780882,0.00602400309592751,0.0185042239219904,-0.00783631725678447
-1.06749045086427,-0.363280290814671,-0.0712027946669964,-0.476644043877754,0.00508971070938039,0.0164890543625638,-0.00730204428761836
-1.15552551720324,-0.307431267708818,-0.0752629875230533,-0.440183042794404,0.00409711692781642,0.0148628144827865,-0.00689384704755971
-1.23761794862162,-0.247433398939096,-0.0795011417645811,-0.400741641420366,0.0030326761789823,0.0136126892368796,-0.00664467879688198
-1.31281194776505,-0.183432172266514,-0.0836714367592164,-0.358336824816461,0.00189153504977669,0.0127266953658518,-0.00657451151657307
-1.38009799343505,-0.115826970829207,-0.0874788958456774,-0.313174828741787,0.000676772920475119,0.0122003670004289,-0.00669364755512966
-1.43845476777259,-0.045282345771945,-0.0905967336248498,-0.265672719290956,-0.000600680541765461,0.0120409245563922,-0.00700490007566865
-1.48688614144999,0.0272581043660155,-0.09268503268995,-0.216489499676916,-0.00192098251013869,0.0122702044671528,-0.00750398492780842
-1.52448124294601,0.100551313995184,-0.0934247253669014,-0.166565803451977,-0.00325327193096688,0.0129267399167661,-0.00817773499839039
-1.55052872686869,0.173054793350338,-0.0925831818276729,-0.117145773625229,-0.00455336581245119,0.0140660153951627,-0.00900002754609653
-1.5647080642344,0.243011573256912,-0.090122389542804,-0.0697185617073957,-0.0057630672149465,0.0157557770989642,-0.00992577576340743
-1.56734293721891,0.308713400727837,-0.0863378351438148,-0.0257820032825088,-0.00681368426631003,0.0180604663019344,-0.010884025732876
-1.55961775402796,0.369007699177898,-0.0819680109248963,0.0136576066064936,-0.00763587804555229,0.0210071472962177,-0.0117720032506665
-1.5435437394935,0.423957406188845,-0.0781538366586385,0.0488004387507845,-0.00817504978184627,0.0245299456089025,-0.0124531573339386
-1.52141215509413,0.475263308780738,-0.076112198630444,0.0816281435347919,-0.00840642249331525,0.0284091455968073,-0.0127650092537826
-1.49468866508443,0.525826280748279,-0.0765258232212751,0.115666913037038,-0.008339776106773,0.0322544522111572,-0.0125456100011716
-1.46291046415217,0.578173838868227,-0.0789891896475139,0.154470194526406,-0.00800719013930791,0.0355935606959849,-0.0116803348773305
-1.4236446098861,0.632611944322867,-0.0820784659732569,0.199500818472004,-0.0074441213038954,0.0380550584955952,-0.010146032538776
-1.3738995551596,0.686689098063324,-0.0841807325607597,0.249138024909532,-0.00669008732640605,0.0395169184462531,-0.00801575427814602
-1.31190843934632,0.736431755491014,-0.0844201174054238,0.29964990089993,-0.00581903674480212,0.0401026659717574,-0.00541991882953742
-1.23795779750131,0.778130080484981,-0.0829787606837647,0.347047693987662,-0.00497460229166494,0.0400602736911016,-0.00250040755945464
-1.15410033092816,0.809454272820231,-0.0808027288675782,0.388388300492158,-0.00438019481901288,0.0396405953786398,0.000611618928706516
-1.0633118662616,0.829781122905617,-0.0790626752794069,0.42221862390708,-0.00431276585101157,0.0390374518115052,0.00379185392689558
-0.968366879005434,0.840136299628965,-0.0785884265353642,0.448664725347384,-0.0050329252904147,0.0383802131859917,0.00690172742691994
-0.87032645507999,0.842844250931217,-0.0793325014134479,0.469531027180677,-0.00665391818528377,0.0377442452267224,0.0097554967489607
-0.7669633895377,0.840478812969304,-0.0800740619414796,0.488020251611677,-0.00896220515273367,0.037143702993379,0.0120907502887446
-0.652866127022099,0.833923145552622,-0.0788980045050363,0.507108830679654,-0.0113408375116866,0.0364937395340289,0.0135973095196736
-0.523129901993588,0.820886552975733,-0.0746135499029363,0.526889128859834,-0.0130438923249576,0.0356071526777309,0.0140550439741399
-0.378171830761965,0.797062268989353,-0.0678224052623514,0.543873383631853,-0.0137000473719326,0.0343093557091796,0.013475855916553
-0.224131203662277,0.759208596879497,-0.0603013066224192,0.553753189425457,-0.0134823280436163,0.0325778982571798,0.0120769407439216
-0.0690406833932051,0.706919674060438,-0.0536150714576339,0.554311098106882,-0.0128202735915108,0.0305487196623178,0.0101392455144391
0.0805765123357484,0.642080554194688,-0.0484519182487762,0.545758337589779,-0.0120717083271049,0.0284144536680509,0.00790901481224498
0.220868305891587,0.567414040718744,-0.0447731335662797,0.52947372234584,-0.0113962615877019,0.0263269404142823,0.00557176848334173
0.350487437726812,0.485336119748261,-0.0422119837933512,0.50688017862912,-0.0107868425582182,0.0243551910402555,0.00325717083654244
0.46993940765471,0.397468476179136,-0.0403829933492696,0.479037587345165,-0.0101612055511776,0.0224910660564544,0.00105016602660094
0.580700460136497,0.304723638849539,-0.0390324721132655,0.446723100368891,-0.00944514591884137,0.0206774924927094,-0.000996206988446584
0.684354633029705,0.207695206386659,-0.0380643274024314,0.410645248390769,-0.00861254094888337,0.018838931125376,-0.00284800161382309
0.782048651702155,0.107045381308959,-0.037497140954757,0.371594080600735,-0.00768446847082954,0.0169042217959909,-0.00448137382371574
0.874319838228588,0.00371044917356143,-0.0373996153499144,0.330467777937895,-0.0067094825390241,0.0148196583238672,-0.00588003256860042
0.961143247075678,-0.101093802144744,-0.0378307911719893,0.288185008686673,-0.00574242913743263,0.0125538691361189,-0.00703810947740142
1.04205848876982,-0.205999506043199,-0.0387983963590454,0.245542109614725,-0.00482913364164165,0.0100976412112839,-0.00796437320788721
1.11632314702016,-0.30965201845019,-0.0402435402541978,0.203105885146341,-0.00399976046430832,0.00746205779104115,-0.00868293921784226
1.18306870231326,-0.410827183657025,-0.0420508671699529,0.16120563175926,-0.003271013827548,0.00467689229049852,-0.00922783912929049
1.24142085640322,-0.508463755697506,-0.0440709045349485,0.120008661497726,-0.00265391185928968,0.00178880753166486,-0.0096326686710527
1.29054793343327,-0.601635281587753,-0.046137716047189,0.0796012957436783,-0.00216206056187096,-0.00114252785607126,-0.00991908315851012
1.32963661117637,-0.689513230366132,-0.0480745902918868,0.0400033865562476,-0.00181660469414015,-0.00405165621826947,-0.0100878136718972
1.35784295871181,-0.771356679647961,-0.0496952438238834,0.00110442341839361,-0.00164622933584449,-0.00687702615600891,-0.0101145361849885
1.37430224364564,-0.846529977458173,-0.050817119736439,-0.0374210787618903,-0.00168166123913899,-0.00957013335554801,-0.00995209586976637
1.37827401271933,-0.914525466435681,-0.0512989809583047,-0.0761197964867047,-0.00194477573557805,-0.0121002714870636,-0.00954013864295674
1.36941623629271,-0.974961564651625,-0.0510937291005213,-0.115610510194838,-0.00243478309964498,-0.0144529519795378,-0.00882129427042069
1.34804228175228,-1.0275327580395,-0.0502807178946187,-0.15630564895987,-0.00311795338650636,-0.0166245324981102,-0.00775881212502897
1.31514935917532,-1.07190433465551,-0.0490412607702376,-0.198150329618901,-0.00392862182939124,-0.0186192393204811,-0.00634728153897939
1.27214745590229,-1.10756945236883,-0.0475829449018285,-0.240534725570259,-0.00478380072237724,-0.0204528455450353,-0.00461105085553882
1.22046184449673,-1.1337077528052,-0.0460640049367374,-0.282398777382595,-0.0056053734303226,-0.0221602708488783,-0.00259321296945296
1.16127491024223,-1.14909143841216,-0.0445669285822065,-0.322408295899497,-0.00634104605686409,-0.0237991709089569,-0.000343656468140354
1.09555425835986,-1.15209035936153,-0.0431290466518633,-0.359075007812825,-0.00697948940936281,-0.0254427466055713,0.00208665179260047
1.0243483916123,-1.14086046610134,-0.041803136217188,-0.390797494892779,-0.00755908289665856,-0.0271597468009372,0.00464300116141203
0.94922081414188,-1.11384764904816,-0.0407100358225555,-0.4159198198953,-0.00816615915278364,-0.028983786170086,0.00725800269261883
0.872570649555803,-1.07069589009597,-0.040043273883225,-0.432985956864604,-0.00890765459220857,-0.0308779914091983,0.00984016116597685
0.797402930152551,-1.01335542600244,-0.0399898702114602,-0.441388110793359,-0.00983738135447032,-0.0327081814331518,0.0122617156528702
0.726102141830355,-0.946682971792393,-0.0405713578573273,-0.442487139667862,-0.0108433263604147,-0.0342501934065461,0.0143431666808603
0.658441425718133,-0.877584323051197,-0.0415070556174523,-0.440759252805696,-0.0115838412607814,-0.0352659143288894,0.0158381137927387
0.590520282300665,-0.812296056037358,-0.0422918395134123,-0.443374621056392,-0.0116298854690916,-0.0356532392828239,0.016457863621894
0.516995833010756,-0.752967793098729,-0.0425724159077673,-0.45635658151203,-0.0108385754659603,-0.035570165733935,0.0159971609272936
0.435858691175842,-0.696728171643171,-0.0424990129165056,-0.479510274324518,-0.00959559482581171,-0.0353641610293293,0.0144953674472187
0.350449483343287,-0.638960486419493,-0.042585772684662,-0.506388825791867,-0.00855263452807482,-0.0353414448846531,0.0122222562082688
0.266495800321332,-0.577085615274362,-0.0432536064506649,-0.529495297284828,-0.00817656221457781,-0.0356314858804379,0.00949559823548772
0.188438843835705,-0.51125558744308,-0.0445777540372105,-0.544338050356699,-0.00859560148714011,-0.0362178457183822,0.00655614744290332
0.118198040125663,-0.443094068127348,-0.0463199176497101,-0.549860782591634,-0.00969989883219258,-0.0370115709742925,0.00356165651453435
0.0556770527951001,-0.374498001530217,-0.0480670544522675,-0.547193376222465,-0.0112749539454508,-0.0378944378143339,0.000621570295726596
-0.000391999475719849,-0.306973792659478,-0.0493940771854482,-0.538457258225593,-0.0130871291416739,-0.0387298873911134,-0.00217532974344466
-0.0518276687847517,-0.241266419661141,-0.0500558027204828,-0.526048500462108,-0.0149287328534884,-0.0393577733406273,-0.0047448891584425
-0.100554742923806,-0.17711483847376,-0.0501999594282144,-0.512197122418492,-0.0166410683021723,-0.0395924228412675,-0.00699963837871897
-0.148139910242282,-0.113212684219611,-0.0505131037955169,-0.498534976507401,-0.018123262065218,-0.0392427097040167,-0.00884994939507346
-0.195274387482501,-0.0475914038402004,-0.0521373779244122,-0.485628769816977,-0.0193260080933231,-0.0381626406502971,-0.0102175449395588
-0.241456499756948,0.0215086647365106,-0.0562575494206848,-0.472738513232582,-0.0202320162968503,-0.0363156223452977,-0.0110595552648415
-0.285204843907357,0.094660892731147,-0.0635203795183768,-0.45812838831473,-0.02083572387564,-0.0338087884621229,-0.0113902327201863
-0.324772711060231,0.170836582479124,-0.0736855687635196,-0.439883199338615,-0.021136810714619,-0.03086274997324,-0.0112831101292249
-0.358888640613566,0.24783988041394,-0.0857661137813648,-0.416727607231929,-0.0211477795293743,-0.0277333219268779,-0.0108501243304614
-0.387085481178485,0.323189856461566,-0.0985022089106893,-0.388379676105585,-0.0209025502273781,-0.0246379532689191,-0.0102123222015556
-0.409596073007352,0.394841706499921,-0.110812855511547,-0.355406145398651,-0.0204557670487871,-0.0217217121304372,-0.00947807786816373
-0.427058246336391,0.461477377279904,-0.122016130785421,-0.318846793881086,-0.0198732763458075,-0.0190599664724394,-0.00873330079167264
-0.44024061035718,0.522454021349009,-0.131828968537895,-0.2798600172087,-0.0192200875654774,-0.0166779972514926,-0.00803997749141631
-0.449870767932862,0.577610775085418,-0.140254360662692,-0.239496448864979,-0.0185512172112162,-0.0145717553232691,-0.00743862431637793
-0.456560730779964,0.627080160584055,-0.147451663477363,-0.198595140646501,-0.0179073808422631,-0.0127230358380695,-0.00695218179645122
-0.460793690630239,0.671160348820107,-0.153638163787772,-0.157755156807409,-0.0173148528470555,-0.0111084464077829,-0.00659033989686406
-0.462936952570989,0.710240040236644,-0.159031230366988,-0.117344304935782,-0.0167878691451793,-0.00970411145758817,-0.00635387380540378
-0.463259323547831,0.744745151631184,-0.16382149170126,-0.0775310242463072,-0.0163320879431163,-0.00848832420193922,-0.00623863777452719
-0.461945920948654,0.775090055020727,-0.168164096574437,-0.0383343598329304,-0.015947992477028,-0.00744339425842826,-0.00623874940630898
-0.459111073179102,0.80163790272002,-0.172178563295065,0.000321288428938818,-0.0156334876710246,-0.00655690285152792,-0.00634860241871575
-0.454810186016175,0.824678359575492,-0.175951524508895,0.03856320572829,-0.0153854157844629,-0.00582229605033107,-0.00656373855692332
-0.449049859941702,0.844420922702343,-0.179538973840729,0.0765461052975036,-0.0152001389275434,-0.00523898546619732,-0.00688091866377825
-0.441795756574678,0.860995175864799,-0.182966068465426,0.114442929130182,-0.0150734958905437,-0.00481227050571198,-0.00729774508634724
-0.432979095454126,0.874450169634858,-0.186223645339524,0.152443165172375,-0.0150003918657495,-0.00455330474917295,-0.0078120411704941
-0.422504016625118,0.884748916769348,-0.189261505605204,0.190751483467578,-0.0149741870336363,-0.00447915733211467,-0.00842106158986596
-0.410259157344463,0.891757581351547,-0.191979443643536,0.229580339462779,-0.0149859988608447,-0.00461286079771646,-0.00912053982457463
-0.396137780675339,0.895232197172375,-0.194218247153108,0.269130287959603,-0.0150240308615695,-0.00498318307763504,-0.00990355985806511
-0.380071474971387,0.894809485676747,-0.195754639929321,0.309551612037398,-0.0150730669841423,-0.00562368413793251,-0.0107592442971028
-0.36208209505458,0.890012919351894,-0.196306212494597,0.350881860366158,-0.0151142981623684,-0.00657041280748561,-0.0116712646623495
-0.342353868422088,0.880289813140999,-0.195554073244752,0.392957964807462,-0.0151256463787054,-0.00785741090218206,-0.0126161980146301
-0.321320444999625,0.86509736351143,-0.193190803252154,0.435311118322829,-0.0150826973918446,-0.009509143606025,-0.013561800940772
-0.299748074156755,0.844050299636687,-0.188997108764548,0.477069311060803,-0.0149602342513504,-0.0115293141826539,-0.0144654183939904
-0.278776074059501,0.817123336291191,-0.182939888627476,0.516915004956812,-0.0147341729816439,-0.0138866493182816,-0.0152730988852144
-0.259856483141536,0.784862798044818,-0.175266401134046,0.55316424083909,-0.0143834208618838,-0.0165005921614879,-0.0159205740145649
-0.244537115269243,0.748510739804113,-0.166548847122962,0.584025075349693,-0.0138908315650916,-0.0192332598955965,-0.0163377486142759
-0.234087029585278,0.709916469360778,-0.157627224940147,0.608026998662238,-0.0132422951563426,-0.0218965174633072,-0.0164578571630773
-0.229077153739637,0.671163721526381,-0.149429217152428,0.62448871207656,-0.0124236843229422,-0.0242803103627565,-0.016230112473319
-0.22913122306937,0.634000106496873,-0.142717705752539,0.633789918480745,-0.0114171115735163,-0.0261976140046544,-0.0156312955624054
-0.233027887544147,0.599322685832907,-0.137881818025686,0.637262195561224,-0.0101994248411186,-0.0275280408315306,-0.0146704553386692
-0.239134702803,0.566979117571671,-0.134876056586073,0.636731412525105,-0.00874499267974448,-0.0282392942427806,-0.0133841258867361
-0.245950822390818,0.535949263521948,-0.133319742943982,0.633952038041172,-0.00703177560250569,-0.0283786493149177,-0.0118249544129502
-0.252510723162059,0.504751763539895,-0.132678090798837,0.630189725811801,-0.00504742210008815,-0.0280440241251856,-0.0100494486803854
-0.258542759567262,0.47185319566903,-0.132428215719456,0.626059417276593,-0.00279270921565656,-0.0273513663050142,-0.00810909376379005
-0.264428927635665,0.435940736016463,-0.132156874265189,0.62157341498049,-0.000281952480526686,-0.0264103340105702,-0.00604595653604681
-0.271074809552438,0.396036635441247,-0.131587968082121,0.616294669278517,0.00245813703040437,-0.0253117768314858,-0.00389184011402085
-0.279781031457564,0.351504171313435,-0.130564679281348,0.609509879594416,0.00538918769414891,-0.0241249337374778,-0.00166961914676358
-0.292160462731714,0.302013093249102,-0.12901409860516,0.600382542728403,0.00846012436920824,-0.0229006572585095,0.000604202806688609
-0.310101496620106,0.247522384893787,-0.126914218742616,0.588084760738213,0.0116041012829698,-0.0216776102469512,0.00291617702354146
-0.335744020372952,0.18831894421375,-0.124274004436276,0.571929399299478,0.0147344944237225,-0.0204895283908793,0.00525200325426549
-0.371406699342043,0.125127798307925,-0.121130566912272,0.551531264115467,0.0177424031837038,-0.0193724144752862,0.007592069104321
-0.41938018267093,0.059277374944378,-0.11756276079641,0.527016114770423,0.0204993187333121,-0.018370680268364,0.00990637204327153
-0.481492831980078,-0.00714626816251639,-0.113715426769645,0.499264572486745,0.0228692978216671,-0.0175407958846263,0.0121486853148424
-0.558399897272055,-0.0712876839211132,-0.10982075091077,0.470120692875046,0.0247343637480094,-0.0169499833788948,0.0142501063215636
-0.648703065073004,-0.129829046026812,-0.106193616489391,0.442422910844326,0.0260331617518759,-0.0166660865137912,0.0161135401051253
-0.748302797899394,-0.179723324561649,-0.103175193663091,0.419672762238166,0.0268030207546322,-0.0167344765868183,0.0176138282921981
-0.850662364920687,-0.219173023959451,-0.101021239290495,0.405232137057718,0.0271991498377195,-0.0171432931149583,0.0186114086925129
-0.948458587149708,-0.248258394392889,-0.0997856955843629,0.401210419616185,0.0274559348304194,-0.017793484474199,0.0189845362676134
-1.03607066944762,-0.26856545934474,-0.0992924394778376,0.407571054114387,0.0277836287989857,-0.0185041215805403,0.0186710118108508
-1.1112696424375,-0.281903452954417,-0.0992415268404541,0.422074264841842,0.0282577563539871,-0.01906846217382,0.0176946073595025
-1.17485045944337,-0.289124599067405,-0.0993766725072153,0.441179404137892,0.0287859711630665,-0.0193309962759269,0.0161562620173531
-1.22873024882284,-0.289966514017288,-0.0995880089124821,0.461329793283819,0.0291747003245405,-0.019232622059657,0.0141968815936785
-1.27414285714465,-0.283818925189152,-0.0999001457055502,0.479872687438813,0.0292359082466493,-0.0188025375427105,0.0119571502886051
-1.3109702142266,-0.270638524961663,-0.100392094195207,0.495313272539633,0.0288639059084572,-0.018118906021543,0.00955301141301904
-1.33810510158384,-0.251412768551601,-0.101117176756079,0.507087450634048,0.0280577124568104,-0.0172700732844683,0.00706899388406617
-1.35420575933095,-0.228075154761283,-0.102057942397292,0.515182344193566,0.0269031036906719,-0.0163317869279556,0.00456266160636977
-1.35831764985431,-0.203087450735409,-0.103117190335078,0.519820205979898,0.0255379809383657,-0.0153599924390045,0.00207320779873476
-1.35015655247517,-0.178950660492032,-0.10413214367482,0.521264969953799,0.0241176608702609,-0.0143930690406825,-0.000369988437040036
-1.33008308491453,-0.157813429950982,-0.104899633448218,0.519719900801299,0.0227872801988559,-0.0134580290523102,-0.00274055447042014
-1.29889467426712,-0.141233296616963,-0.105206449551772,0.515265014887609,0.0216622329751862,-0.0125772162827055,-0.00501034710344677
-1.25756287448043,-0.130071972247114,-0.104864586644785,0.507803148269348,0.0208148647756487,-0.0117733254108406,-0.00714640381955579
-1.20700960492475,-0.124482646818706,-0.103752693386164,0.497016274937535,0.020265700351193,-0.0110711178364217,-0.00910932690181434
-1.1479802599475,-0.123961108626993,-0.101861169135424,0.482362560026237,0.0199793281389373,-0.0104947244215666,-0.0108532248731028
-1.08104187434683,-0.127459696495435,-0.0993296347278066,0.463157050085222,0.0198675034318965,-0.0100606044203683,-0.0123279086303142
-1.00670018342063,-0.133579220818637,-0.0964562951063004,0.43876012677647,0.0198032288662962,-0.00976834971852049,-0.0134842007014254
-0.925582455718858,-0.140839497935604,-0.0936582547577003,0.408840142603842,0.0196473159598178,-0.00959384718052546,-0.0142822355015518
-0.838590090224476,-0.147983062597813,-0.0913792214854251,0.37360422542454,0.0192825684727368,-0.00948984988945647,-0.0147005071718728
-0.746927134651837,-0.15422123291005,-0.0899721496237555,0.333867524832309,0.0186438461613813,-0.00939596535681171,-0.0147417644535341
-0.65197882002957,-0.15933536575774,-0.0896061416165573,0.29090390602516,0.0177314719224874,-0.00925458551736077,-0.0144327524822142
-0.555104415452529,-0.163609776047566,-0.0902372518380115,0.246147842428433,0.0166033016811014,-0.00902558846986927,-0.0138180620782836
-0.45744814719102,-0.167648694193784,-0.0916477676393619,0.200892110194375,0.0153515077246626,-0.0086937843473514,-0.012951174472454
-0.35983913697475,-0.172163510703802,-0.0935264839034847,0.156097044482613,0.0140756285916733,-0.00826760415997189,-0.0118861157422934
-0.262789603805135,-0.177800169935753,-0.0955531659703478,0.112341822525661,0.0128615118919455,-0.00777164468394915,-0.0106716217513432
-0.166558638450483,-0.185037683690009,-0.0974611380555629,0.0698801617811324,0.0117701441858581,-0.00723716968790446,-0.00934809159394097
-0.0712400335899943,-0.194154724581388,-0.0990691394799548,0.0287418930556844,0.0108354245985359,-0.00669384551514377,-0.00794673254340743
0.0231559640047984,-0.20524338804586,-0.10028666102338,-0.0111652394105573,0.0100676030092173,-0.00616427289929233,-0.0064900924820011
0.116641588698306,-0.218246224481207,-0.101102578614432,-0.0499765961803685,0.00945902944177123,-0.00566141282614716,-0.00499330651548437
0.209214589977736,-0.232998287019823,-0.101566669913075,-0.0878199639816042,0.00898989162818229,-0.00518823348583569,-0.00346561588696965
0.300843260951951,-0.249264188107863,-0.101770596654206,-0.124789690760463,0.00863280056634256,-0.00473874786052455,-0.00191193169673333
0.391469557487012,-0.266767421510065,-0.10183152153816,-0.160939542739199,0.00835597477543859,-0.00429979738573503,-0.000334372589258424
0.481025982825304,-0.285214327750849,-0.101878830448547,-0.196288730994967,0.00812531299381771,-0.00385322665890394,0.00126619639707389
0.569461298983306,-0.304318332006766,-0.102042684515865,-0.23083695575554,0.00790594366540442,-0.00337834666742142,0.00288854447782525
0.656768447503055,-0.323832057050775,-0.102442206090679,-0.264585339152202,0.00766402892646642,-0.00285473646903931,0.0045292787251786
0.743004735568303,-0.343595638359793,-0.103170928999988,-0.297559985927572,0.00736974927677488,-0.00226545187913418,0.00618078988166327
0.828289188756584,-0.363607918750206,-0.104277896225072,-0.329832888771988,0.00700245669052953,-0.00160055525963886,0.00782892224367158
0.912756188689683,-0.384120764733757,-0.105744899394135,-0.361530439339537,0.00655875235338125,-0.000860513641315293,0.00945049343944185
0.996442133141284,-0.405742685775967,-0.107464191645698,-0.392813620813459,0.00606334610227925,-5.84629005074685e-05,0.0110110545366353
1.07909074989459,-0.429516040791217,-0.109226075086557,-0.423810195623757,0.00558060810404627,0.000780164760745574,0.0124636518660608
1.15989186746678,-0.456910299883869,-0.11072957438852,-0.454487269287541,0.00522186645484283,0.00162206929418112,0.013749659007703
1.23721864994939,-0.48967162343523,-0.111627270004884,-0.484483808659295,0.00514114860868894,0.00243469007670213,0.0148026491755379
1.30847922789433,-0.529507950200904,-0.111603413337494,-0.512975986047226,0.00551291024781585,0.0031966192784323,0.0155555377634448
1.37020918963778,-0.577665974721403,-0.11046551753456,-0.538691906730183,0.00649136128563819,0.00390514980782396,0.0159501246559483
1.41846696243075,-0.634527954912003,-0.108215142121503,-0.560169684758132,0.00816070932326406,0.00457641672004532,0.015947276897543
1.44946452717621,-0.699364985744501,-0.105065800179595,-0.576232921814586,0.0104936050380082,0.00523719476923912,0.0155352901658815
1.46024198695565,-0.770311221522932,-0.101397504641417,-0.58649592930162,0.0133354799987257,0.00591272974930518,0.0147332584675355
1.44917775995034,-0.844518264916668,-0.0976677909959959,-0.591638940463189,0.0164231647458722,0.0066179493088305,0.0135868687635624
1.41624754229131,-0.91840149624086,-0.0943176309558153,-0.593298070211805,0.0194317876404677,0.00735681223011538,0.0121573355815977
