0.477766559892089,-0.00378568122159688,-0.28506144548535
0.796683799781295,-0.00620586096189764,-0.471647852979481
1.11593584563918,-0.0084912990371589,-0.653459213735699
1.43547151688408,-0.0106004805313045,-0.828807350258954
1.75516792857089,-0.0124954943562794,-0.996050651113019
2.07481499728634,-0.0141428850390221,-1.15360781887548
2.3941021026716,-0.0155143948411649,-1.29997217883901
2.71260728732261,-0.016587532548073,-1.43372646780996
3.0297893520373,-0.0173459138670445,-1.55355796289069
3.34498314371937,-0.0177793412081548,-1.65827375973755
3.65739824082137,-0.0178836233332209,-1.74681596293096
3.96612115429819,-0.017660171243778,-1.81827653476479
4.27012106046946,-0.0171154365469648,-1.8719115391917
4.56825898481272,-0.0162602750871342,-1.90715451743438
4.85930028799736,-0.0151093523319086,-1.92362872293755
5.14193019080792,-0.0136804910060382,-1.92115790721283
5.4147721080556,-0.0119943013837602,-1.89977532345367
5.67640837485656,-0.0100738077366022,-1.85973049734204
5.92540298879866,-0.00794417616497065,-1.80149325589734
6.1603258859847,-0.00563246949459139,-1.72575441444242
6.37977819095393,-0.003167375111934,-1.63342248380765
6.58241779109763,-0.000578860910651009,-1.52561579317053
6.76698449479461,0.00210226471551916,-1.40364956011079
6.93232395904731,0.00484488640193457,-1.26901768636243
7.07740953863578,0.00761818088473933,-1.12336940782373
7.20136123432343,0.0103922352825313,-0.968481340081255
7.30346101397577,0.0131386309228453,-0.806225884047372
7.38316395791752,0.015830943849838,-0.638537293306794
7.44010491614069,0.018445127055413,-0.467376916726443
7.47410063211554,0.020959758173067,-0.294699149419702
7.48514754873812,0.023356154461381,-0.122419466549422
7.47341572759132,0.0256183707093788,0.0476144015251314
7.43923945596746,0.0277331033922087,0.213647486218318
7.38310517844881,0.0296895265993628,0.37403852609545
7.30563737904345,0.0314790837133163,0.527276925308942
7.20758298908063,0.0330952493424741,0.671996053963632
7.08979473517903,0.0345332871700089,0.806983297060639
6.95321397051467,0.0357900873092389,0.931187380785737
6.79885316604287,0.0368638074272986,1.04372331299364
6.62777845325553,0.037753768779837,1.14387519643576
6.44109252866034,0.0384602363676267,1.23109711387482
6.23991822907268,0.0389842298418665,1.30501210981847
6.02538312528693,0.0393273239368627,1.365409261905
5.79860547747009,0.0394914194202483,1.41223882045639
5.56068187531152,0.0394784617506797,1.4456054153164
5.3126768323785,0.039290080698318,1.46575939425199
5.05561452599469,0.0389271188002777,1.4730864236277
4.79047277900942,0.038389007176391,1.46809555744101
4.51817927478214,0.0376729314372958,1.45140603847339
4.23960989880047,0.0367727053554582,1.42373313455257
3.95558901283465,0.0356772335573195,1.38587333212314
3.66689140260387,0.0343683973257889,1.33868920718111
3.37424559842313,0.0328181467252355,1.28309428178366
3.07833825176011,0.0309845516012551,1.22003815355115
2.7798192667333,0.0288066133517293,1.15049216708371
2.47930743319708,0.0261978988847046,1.07543588691866
2.17739639493414,0.0230397731765675,0.99584463520943
1.87466089600232,0.0191765457439996,0.912678372017456
1.57166333036528,0.0144175202728633,0.826872181609202
1.2689605492289,0.00855429774378216,0.739328493768358
0.967110436264247,0.00140306735749253,0.65091075395354
0.666676873932355,-0.00712493524522883,0.562437486436641
0.368230966520156,-0.0169417056780498,0.474674981900517
0.0723471300103216,-0.0277327855772877,0.388327275917302
-0.220404318902649,-0.0389870445930157,0.304024409021768
-0.509463512080671,-0.0501106969252391,0.222312612552058
-0.794282481957607,-0.0605696144072248,0.143649972483345
-1.07432241486774,-0.069986239504932,0.0684077870335924
-1.34905030688831,-0.0781606584957361,-0.00312506285158043
-1.61793800491795,-0.0850359849459909,-0.0707375536311154
-1.88046419097541,-0.0906454585618828,-0.134292873879102
-2.13611836430926,-0.0950668526553701,-0.193725345179294
-2.38440566913962,-0.0983925941613189,-0.249037072868661
-2.62485178920292,-0.10071386837644,-0.300293620170821
-2.85700749245069,-0.102113998536327,-0.347618303539494
-3.08045259583989,-0.102666927972752,-0.39118497270172
-3.29479918385898,-0.102438047659609,-0.431209342389047
-3.49969392072988,-0.101485820341549,-0.467939100308009
-3.69481928832133,-0.0998634367484836,-0.5016431426295
-3.87989360544883,-0.0976201831030116,-0.532600376003314
-4.05466974295046,-0.0948024267863622,-0.5610885846468
-4.21893253505924,-0.0914542356060824,-0.58737386425959
-4.37249499789822,-0.0876176918475691,-0.611701085686992
-4.5151935826772,-0.0833329769893437,-0.634285762090055
-4.64688278719282,-0.0786383019254496,-0.655307585055635
-4.76742951315976,-0.0735697498032848,-0.674905756430112
-4.87670758759462,-0.068161087206007,-0.693176117070555
-4.97459285337028,-0.0624435876197671,-0.710169954365524
-5.06095918981135,-0.0564458998830889,-0.72589427853693
-5.13567576384749,-0.0501939840021891,-0.740313283645906
-5.19860573483724,-0.0437111276256262,-0.75335068434143
-5.24960655061128,-0.0370180489304412,-0.764892603488716
-5.2885318877251,-0.0301330848604634,-0.774790715852387
-5.31523520341705,-0.0230724579497825,-0.782865394688171
-5.32957478831267,-0.015850609651943,-0.788908677014519
-5.33142013933136,-0.00848058302536954,-0.792686940013793
-5.32065941516996,-0.000974432238222776,-0.793943269000038
-5.29720769466747,0.00665636980515171,-0.792399582411475
-5.26101573274246,0.0144005622348282,-0.787758658510213
-5.21207889886675,0.02224681240349,-0.779706272439435
-5.15044598775449,0.0301835790952014,-0.767913697391413
-5.07622760913737,0.0381992053642751,-0.752040840022659
-4.98960388877959,0.0462823541332978,-0.731740272179689
-4.89083124369478,0.0544229445956335,-0.706662380142298
-4.78024802706917,0.0626138133013134,-0.676461791358563
-4.65827887439731,0.0708534193089397,-0.640805154814467
-4.52543761943482,0.0791500465637533,-0.599380256857309
-4.38232868882949,0.0875281269007796,-0.551906358576357
-4.2296469256457,0.0960374694232621,-0.498145549968282
-4.0681758157289,0.104766153306579,-0.43791483669349
-3.89878404449149,0.113857041360928,-0.371098622176828
-3.72242004101443,0.12352472045613,-0.297661239981561
-3.54010332629901,0.134060520689056,-0.217659331506813
-3.35290951047353,0.145792148111216,-0.131254346347769
-3.16194273550274,0.158931530931619,-0.0387265372251708
-2.96828967831607,0.173243456820599,0.0595070747876149
-2.77296687605981,0.187636105949301,0.162870978359039
-2.57691188306677,0.200157628400969,0.270617497427311
-2.38106016749645,0.208848033567488,0.381840843691707
-2.18643169092791,0.212817733745525,0.495513706308298
-1.99410807655282,0.21240160555517,0.610513146331101
-1.80513047233668,0.208488949301633,0.72562707319216
-1.62042187899938,0.201922317296452,0.839562188167756
-1.4407610553276,0.193298156323581,0.950965017979286
-1.26678220661062,0.182999336991672,1.05845236055175
-1.0989801626476,0.171277796799862,1.16064488808451
-0.937715426793269,0.158318606543518,1.2562000456968
-0.783219560338831,0.144277455617435,1.34384218032562
-0.635602137402556,0.129299412781224,1.42238868727095
-0.494859868063247,0.113526874652041,1.49077146814466
-0.360887856193501,0.097101843546218,1.54805341838649
-0.233492585224171,0.0801654549659753,1.59344004094334
-0.112406066301626,0.0628563277070349,1.62628657389884
0.00269944057476169,0.0453085621006911,1.64610120630284
0.112196672105184,0.0276498077376123,1.65254503582581
0.216489026229483,0.00999960404254733,1.64542941223316
0.315997001640868,-0.00753192192401597,1.62471124963795
0.4111456727973,-0.0248449797808229,1.59048679305648
0.502353374658338,-0.0418506754357083,1.54298423099447
0.590021699771152,-0.0584712360868962,1.48255545905811
0.674526850522067,-0.0746399380556323,1.40966723247282
0.756212343449985,-0.0903007777412984,1.32489189950746
0.835383028071116,-0.105407925937781,1.22889787619745
0.912300361487089,-0.119925005663699,1.12244000357321
0.987178871377312,-0.13382423237062,1.00634990346279
1.06018374274429,-0.147085454725758,0.881526420414099
1.13142948999717,-0.15969512708635,0.74892619380758
1.20097971579776,-0.171645296612884,0.609554139552591
1.26884808408654,-0.18293255783641,0.464453704816964
1.33500075929814,-0.193557137647191,0.314695844862812
1.39936060715872,-0.203522078498437,0.161365855057866
1.46181246430358,-0.212832380984666,0.00554947565687369
1.52220584907121,-0.221493622168905,-0.151672348728408
1.58035171329601,-0.229509931705612,-0.309209911826754
1.63601905102832,-0.236882354711976,-0.465945021443851
1.68893988838804,-0.243608328918643,-0.620727576659926
1.73882038328766,-0.249681695503061,-0.772386230341437
1.78535216824451,-0.255092584563694,-0.919739133360054
1.82822245278007,-0.25982702815443,-1.06160033930633
1.86712385453231,-0.263866572309409,-1.19678361536606
1.90176435693854,-0.267187867109789,-1.32410557979519
1.93187768412936,-0.269762329009818,-1.44238962695937
1.95723406202002,-0.271555880161628,-1.5504717151814
1.97765125732356,-0.272528766270949,-1.64720894822531
1.99300574260671,-0.272635447414256,-1.7314917766963
2.00324379476832,-0.271824548941755,-1.80226042782452
2.00839227008993,-0.270038852227973,-1.85852577566194
2.0085686846164,-0.267215298706891,-1.8993942329238
2.00399004944481,-0.263284976291636,-1.92409538289894
1.99497968130466,-0.258173050779852,-1.93201007011533
1.98197098836197,-0.251798582437022,-1.92269575564978
1.96550712858155,-0.244074102053458,-1.8959054573141
1.94623558932724,-0.234904670381256,-1.85159691454964
1.92489724328346,-0.224185862539312,-1.78992999823888
1.90231028351121,-0.211799658988375,-1.71125277252345
1.87935044732513,-0.197606532354012,-1.61607952058442
1.85692978648381,-0.181431000402718,-1.50506666646619
1.8359766199561,-0.163036349171152,-1.37899400115667
1.81741912226616,-0.142081668261364,-1.23875843055744
1.8021745871058,-0.118050004354459,-1.08538557663369
1.7911466825532,-0.0901293249170212,-0.920061332478534
1.78523565633978,-0.0570179217300969,-0.744181217844062
1.78537395319685,-0.0166184767155202,-0.559409861952231
1.79261381691683,0.0343903933955334,-0.367734366893702
1.80830382887047,0.100955678387817,-0.171478348073819
1.83432849706134,0.189326212143021,0.026790090953496
1.87303568989653,0.304222101287917,0.224552348183662
1.92580021285099,0.441873246963332,0.419797067886323
1.99000701017868,0.58388786159761,0.611125878611242
2.05856623349788,0.704631276966326,0.796972590991213
2.12492418086266,0.788834778595913,0.974823579277753
2.18685125667642,0.837178259430924,1.14164404571527
2.24499793734456,0.858002215509402,1.29483513712187
2.30044138349923,0.859634613352856,1.4326724495363
2.35372401869028,0.848013705686035,1.55422855156777
2.40483389193069,0.826955569433277,1.65913519936903
2.45340135420538,0.798900474105395,1.74736426892728
2.49886511087931,0.765479391662816,1.81906628512848
2.54058003142557,0.727854220382608,1.87446269131779
2.57788579367072,0.686907350753848,1.91378197675408
2.61015332850079,0.64334577372002,1.9372312228137
2.63681793038398,0.597758966194729,1.94499583358455
2.65740257040593,0.550651515855184,1.93726003861548
2.67153257112245,0.502461225707542,1.91423989213752
2.6789422446928,0.453568382261581,1.87622010574419
2.67947437811719,0.404299622680889,1.82358696010567
2.6730739120496,0.354928872091482,1.75685180851013
2.65977744043495,0.30567727633606,1.67666268208785
2.63970014022888,0.256713541653072,1.58380434744815
2.61302147936178,0.208155537649627,1.47918915011162
2.57997066767213,0.160073491484821,1.36384185370601
2.54081243386006,0.112494687175856,1.23888158694837
2.49583340104221,0.0654093300716883,1.10550332146732
2.44532911953952,0.0187771328617292,0.964960401254066
2.38959170214827,-0.027465800268076,0.818548854370948
2.32889802364387,-0.0734000695374814,0.667593802173007
2.2634985686856,-0.119116193362292,0.513438388423856
2.19360800181338,-0.164707225014303,0.357437069392702
2.11939964706949,-0.210259621050525,0.200956975497662
2.0410081962966,-0.255839854412085,0.0453924333355865
1.95854386950004,-0.301476091711115,-0.10780976927384
1.87211196678805,-0.347139389772161,-0.257136413426322
1.78182182070193,-0.392733500677579,-0.40103743057993
1.68777543183442,-0.438095920521316,-0.538002529835753
1.59004495727782,-0.483002699184728,-0.666649718640808
1.4886542549682,-0.527169558732982,-0.785791632229744
1.38357042819664,-0.570248363390166,-0.894470995597232
1.27470380687243,-0.611821138311032,-0.991969282864903
1.1619138210663,-0.651393162714672,-1.07779210847358
1.04501929565636,-0.688385109687944,-1.15163350144142
0.923812150455117,-0.722122882659586,-1.21332319389354
0.798073180650383,-0.751822634108366,-1.26276492779182
0.667588110389521,-0.776567187468888,-1.29987705961118
0.532161960657345,-0.795268452864521,-1.32454776680899
0.391630073580594,-0.806608111215213,-1.33661583731177
0.245864450721603,-0.80894553791736,-1.3358856251751
0.0947731477057615,-0.80017792672541,-1.32218312485454
-0.0617141932012148,-0.777535370632581,-1.29546035996051
-0.223694553706904,-0.737302716432226,-1.2559569541801
-0.391420595516492,-0.674508263169616,-1.20442774423243
-0.565597091989813,-0.582775185395316,-1.14243352193874
-0.747932440021964,-0.454913374660416,-1.07263663918016
-0.941802413381625,-0.285450497624081,-0.998872058381994
-1.15210648874954,-0.0763483810296986,-0.925451056194566
-1.38259030203224,0.155927713598157,-0.855173607269997
-1.63103474449978,0.380543759721444,-0.787046469742038
-1.88816686541273,0.566737164292308,-0.716709554316526
-2.14381600866255,0.700876532422202,-0.640115732412093
-2.3928807281757,0.787928087262792,-0.556262863849554
-2.63504269251677,0.840674782194756,-0.466673042124126
-2.87165330505386,0.870774274680759,-0.373681316467789
-3.10375819495081,0.8860096154711,-0.279404097631435
-3.33160510751893,0.890868240872714,-0.185475601425881
-3.55478332651597,0.887777657809517,-0.0931089132209888
-3.77246983700694,0.878049243377428,-0.00321387869102105
-3.98362251015042,0.862439801055594,0.0835120690190904
-4.18710653198359,0.841450117961428,0.166528598480243
-4.38177311389149,0.815472976902738,0.245422356732573
-4.56650839246508,0.784861527652308,0.319890936569912
-4.74026397412729,0.749957301245218,0.389732823769752
-4.90207569541731,0.711098573332025,0.454838255948125
-5.05107438158771,0.668619810686063,0.515178384921528
-5.18649097439255,0.622847744300965,0.57079198101651
-5.30765769884716,0.574096908175301,0.621770170821707
-5.41400653426558,0.522666042876041,0.668240380679635
-5.5050659512283,0.46883597373011,0.710350855757333
-5.58045660573183,0.412869128330982,0.748256956637887
-5.63988644201661,0.355010607812078,0.782110062334809
-5.68314546422831,0.295490590360166,0.812049458402553
-5.71010030719278,0.234527780076473,0.838197173779343
-5.72068867083074,0.172333590879602,0.860655402135787
-5.71491367060706,0.10911675744281,0.879505937874214
-5.69283818219118,0.0450880797688651,0.89481097036861
-5.65457930218296,-0.0195349694368016,0.906614592649603
-5.60030308947554,-0.0845240181072196,0.914944477074282
-5.53021977892403,-0.149636162943129,0.919813316371796
-5.44457966110723,-0.214611112048019,0.921219796132466
-5.34366979405252,-0.279169243276573,0.919149037437237
-5.22781165709864,-0.34301067694078,0.913572597751098
-5.09735978084373,-0.40581541337476,0.904448235039425
-4.95270129622163,-0.467244535570324,0.891719718116102
-4.79425625355868,-0.52694242376658,0.875316992985491
-4.62247848412839,-0.584539872311272,0.855157001033503
-4.43785671822076,-0.6396579440763,0.831145395580452
-4.24091564752855,-0.691912343979104,0.803179319600711
-4.03221663551696,-0.740918042721496,0.77115130898194
-3.81235783868504,-0.78629383925651,0.734954280452135
-3.58197359222799,-0.827666520975145,0.694487465955959
-3.34173303582946,-0.864674264427312,0.649663063281654
-3.09233806646714,-0.896968921917825,0.600413313477968
-2.83452079795542,-0.924216855912841,0.546697648774318
-2.56904075338402,-0.946098010601371,0.48850952197083
-2.29668198851874,-0.96230295114359,0.425882476466427
-2.01825024523734,-0.972527661236768,0.358894971433459
-1.73457002660648,-0.976465999694246,0.287673417405708
-1.44648114799221,-0.973799932382825,0.21239281162458
-1.154833821132,-0.964188077965383,0.13327430885725
-0.860480648036053,-0.947253884998824,0.0505790776000225
-0.564263065504558,-0.922576082561169,-0.0354020190241143
-0.266989001586178,-0.889686091282177,-0.124362819598881
0.0306016761812328,-0.848079810435151,-0.215999001108486
0.327885967885117,-0.797253983340299,-0.310024383023383
0.624418603761538,-0.736778480897501,-0.406179554135246
0.919994729784986,-0.666412159212578,-0.504222454942211
1.21469361299597,-0.586257714482834,-0.603889116774737
1.50887469705589,-0.496929103512368,-0.704817159862532
1.80310099598327,-0.399680179442633,-0.80643779108428
2.09798650161818,-0.29643149757975,-0.907861595418839
2.39399871181116,-0.189651461831656,-1.00779899411035
2.69127484883053,-0.0820994950339679,-1.10455429451534
2.9895098431734,0.0235025088690001,-1.19610822590155
3.28794336386127,0.124775130093752,-1.28026975678238
3.58543231141046,0.219885019823441,-1.35485422120228
3.88056893875837,0.307617738951815,-1.41784322784477
4.17180263777358,0.387337900241697,-1.46749821533824
4.45753781024008,0.458879876842675,-1.50242073120367
4.73619799513172,0.522413599519993,-1.52156798362009
5.00625905955152,0.578317526931021,-1.52423875280514
5.26625995744635,0.627075643616108,-1.51004446173274
5.51480024350109,0.669203455735681,-1.47887662568236
5.75053184429505,0.705200957277435,-1.43087766455196
5.97215037130859,0.735527503935277,-1.36641845743219
6.17838936008969,0.760592928191756,-1.28608337408612
6.36801944131191,0.780759785238775,-1.19066172062314
6.53985346693417,0.796352540033962,-1.08114338310663
6.69275783330965,0.807670410459193,-0.958715787489644
6.82566951377493,0.815001349601034,-0.824759058842174
6.93761758093955,0.818635298020791,-0.680836472728617
7.02774733268407,0.818875423155587,-0.528677947263241
7.09534465631135,0.81604663072251,-0.370155401118818
7.13985812253684,0.810501182607255,-0.20725014446895
7.16091658164101,0.802621745282869,-0.0420138357749943
7.1583407156193,0.792822558847996,0.123474370704009
7.13214794143351,0.781549606237163,0.287151296984692
7.08255104294845,0.769280657037216,0.447010732772573
7.00995171132202,0.75652588660573,0.601139539251391
6.9149306500586,0.743829485685581,0.747747547619585
6.7982360160078,0.731772337286524,0.885191155075393
6.66077179327453,0.72097548604381,1.01199159568986
6.50358735406756,0.712103758579572,1.12684963084042
6.32786906256065,0.705868477036765,1.22865877895599
6.13493438828591,0.703027684592133,1.31651918497733
5.92622858122038,0.704381619677396,1.38975386360328
5.70332342466933,0.710760318259094,1.4479283457249
5.46791674855713,0.722999251811833,1.49087371811824
5.22183006586246,0.741898013982045,1.51871160721381
4.9669997498641,0.768156653149512,1.53187773851545
4.70545466114488,0.802285004634999,1.53113825161707
4.43927053925947,0.844483344670507,1.51759009927027
4.17049002059672,0.894499122529981,1.49263416331619
3.9009990356195,0.951475415634647,1.45790851195942
3.6323586101272,1.01382165196726,1.41517180286096
3.36560827959552,1.07915245970317,1.36613609944019
3.101082422653,1.14434792643672,1.31226604901347
2.83830515930903,1.20577611446519,1.25458476457573
2.57603524548373,1.25967738628875,1.19354557505376
2.31250046204844,1.30264572711136,1.1290268876179
2.0457896269265,1.33208341362478,1.0604734702883
1.77429126261295,1.3464925939164,0.98715028305567
1.4970341700701,1.34552122985866,0.908426010481975
1.2138274703017,1.32977662226449,0.82399521153996
0.925190848995365,1.30050091834136,0.733984823280222
0.632148127886173,1.25922723932804,0.638944806838488
0.335984955764066,1.20750419401372,0.539760469570672
0.0380472969687247,1.14672389711608,0.437532358534478
-0.26038655884698,1.0780462737175,0.333457505643403
-0.558163332641976,1.00239255814975,0.228728695679551
-0.854261631922913,0.920479089766846,0.124456199771135
-1.14777129868503,0.83286910633017,0.0216111800293993
-1.43786362909344,0.740027976822752,-0.0790104392673853
-1.72376443311011,0.642373071551886,-0.176803498805988
-2.00473603129109,0.540313007485475,-0.271347652365113
-2.2800696449054,0.43427330226734,-0.362380074258521
-2.54908628398826,0.324707514172873,-0.449749719898048
-2.81114224894965,0.212095167179634,-0.533359528911761
-3.06563470222591,0.096929948007127,-0.613105675075972
-3.31200387525807,-0.0202968684864764,-0.688823781567015
-3.54972973712652,-0.139112441245788,-0.760250135450808
-3.77832345489444,-0.25907355968314,-0.827002546413527
-3.99731525648679,-0.379770560781749,-0.88858135829238
-4.20624117493279,-0.500823573106378,-0.944387941139897
-4.40463109134023,-0.621872327960913,-0.993756372386473
-4.59199990653084,-0.742561725467682,-1.03599392164978
-4.76784291553644,-0.862525661053161,-1.0704267620858
-4.9316358070821,-0.981371550615434,-1.09644816811779
-5.08283924201683,-1.09866775553133,-1.1135666729708
-5.2209076361147,-1.21393579723955,-1.12145095826095
-5.34530146238652,-1.32664879332091,-1.1199669322628
-5.455502008664,-1.43623680436707,-1.10920122133741
-5.55102710432225,-1.54209869147775,-1.08946514638273
-5.63144600587452,-1.643618781366,-1.06127497130938
-5.69639161654569,-1.7401854875253,-1.02530796196252
-5.74556865032284,-1.83120849769826,-0.982338804028573
-5.77875721191474,-1.91613153586415,-0.933165595535969
-5.79581229903619,-1.9944389981309,-0.878537258785194
-5.7966605831915,-2.06565650727858,-0.819093800795973
-5.78129621009033,-2.12934699712285,-0.755327679688493
-5.74977723086712,-2.18510479070447,-0.687569994037531
-5.70222383086884,-2.23255007159366,-0.616001053141681
-5.63881907708999,-2.27132532050582,-0.540682338831343
-5.55981267876269,-2.30109407907631,-0.461606131167766
-5.46552822794871,-2.32154122664959,-0.378759340161291
-5.35637426841654,-2.33237313777275,-0.292197985407014
-5.23285890267586,-2.33331579853943,-0.202127077786046
-5.09560617296884,-2.32410917931569,-0.108977020973765
-4.94537028776093,-2.30449666162382,-0.0134632157529103
-4.78304176165515,-2.27420864392747,0.0833870222741377
-4.60963916943452,-2.2329390364366,0.180253565834339
-4.42628295765305,-2.18031177072537,0.275592445451271
-4.23415410430401,-2.11583176760962,0.36774390808278
-4.03444925303612,-2.03881179317739,0.455054928268566
-3.8283531623379,-1.94826475070599,0.535985977360626
-3.6170575676404,-1.84275258373325,0.609179771769002
-3.40186352327675,-1.72019277735213,0.67349172062858
-3.18441253725305,-1.57765157013449,0.72801552485251
-2.96709214266058,-1.41121780640657,0.772179873541516
-2.75362033216459,-1.21617227519641,0.806033784051197
-2.54965789977255,-0.987822804933184,0.830837614128513
-2.3629634064444,-0.723403444984289,0.849928117799611
-2.20224737066861,-0.424974185603737,0.869405085439454
-2.07413952342171,-0.102094026327665,0.897634755560489
-1.97919466654287,0.227988887754072,0.942629154353793
-1.9096463983226,0.544005239224512,1.00785093773412
-1.85114237482562,0.826727035422885,1.089116312878
-1.78770787699054,1.06406218873126,1.17544660844823
-1.7068834502957,1.25275068186177,1.25375661034808
-1.60239919797055,1.39660051342946,1.31396826121483
-1.47381843762586,1.50302160062278,1.35129211637889
-1.32440017600803,1.57991708803386,1.36542686958013
-1.15882789724989,1.63396897934926,1.35851898953769
-0.98169076639044,1.67018931099561,1.33349342615328
-0.796761067856835,1.69213677352409,1.2932550016505
-0.606766742589726,1.70230351791658,1.24055011611543
-0.413390995712651,1.70243275375088,1.17810660866033
-0.217371098944954,1.69371370116596,1.10874575092801
-0.018677391217732,1.67689191291042,1.03528510620787
0.183199526696965,1.65236425385782,0.960170135811407
0.388838256590654,1.62032290381704,0.884896415467323
0.598402923016927,1.58097607736676,0.809419961998687
0.811228446778692,1.53480722305533,0.731858305972834
1.02566933871442,1.48276588056011,0.648760759212612
1.23933611134057,1.42626963354267,0.555995030621026
1.44964371035257,1.36697970222981,0.449945106336048
1.65440670720772,1.30644852307182,0.328508186539377
1.85220768142196,1.24581151744363,0.191511012520731
2.04243910591637,1.18564575765855,0.0405190996327263
2.22510780051861,1.12600485631406,-0.121711057957803
2.40056147781665,1.06655941006101,-0.291838622628947
2.56925723848642,1.00676053099194,-0.466413184871537
2.73161899415106,0.945973237032971,-0.642154573525837
2.88797793386897,0.883560452975356,-0.816053000402184
3.03856766616374,0.818920164907874,-0.985333056535774
3.18354259933077,0.75148746520009,-1.14732579632678
3.32299202711778,0.68071532332801,-1.29928654208129
3.45692685280723,0.606048279601678,-1.43819547592406
3.58522083812261,0.526905213606233,-1.56059139863775
3.70749825408879,0.442691664207009,-1.66251820727713
3.82298170890907,0.352866344398908,-1.73969988068639
3.93035227757397,0.25708345434771,-1.788074074022
4.02772054999223,0.15541090461282,-1.80474933770692
4.11282542641407,0.0485759583108978,-1.78923866362348
4.18350352213785,-0.061873518798526,-1.74447284912863
4.23827644663945,-0.173628819390968,-1.6768441120549
4.27670596612876,-0.283953463168411,-1.59479709916136
4.29921544990555,-0.39015846979775,-1.5063848593468
4.30642812046114,-0.489958015744313,-1.41704324121563
4.2983948897655,-0.581510998251429,-1.32870250261676
4.27404922243145,-0.663152785176956,-1.24036444617791
4.2309475620483,-0.732952658542493,-1.14942193805293
4.16516944843556,-0.78821359865237,-1.05287394779712
4.07133681659297,-0.824952083336411,-0.947968070099748
3.94309175417295,-0.837431455986039,-0.832253256435393
3.77502832945946,-0.818231739074987,-0.703346282860696
3.56747909813179,-0.760345156844134,-0.558864656734751
3.3334616010242,-0.663308507632128,-0.396878709902459
3.10042897524411,-0.541002531555149,-0.216797172214694
2.89768715684725,-0.419547766729241,-0.020119591619442
2.7383834379939,-0.32034988273823,0.189298399232269
2.61694629664812,-0.247470122315559,0.405256089067642
2.52051784339469,-0.192590970344329,0.619697012022225
2.4381945528546,-0.145487978911649,0.824145293345845
2.36325756258981,-0.0990721823794179,1.01158205360518
2.29217693817797,-0.0496998231594676,1.17770359152152
2.22330352989808,0.00396752189395399,1.32106934396562
2.15597695957219,0.0620215192051894,1.44243009136609
2.08998466108652,0.123987615860937,1.54382440672777
2.02523398147677,0.189207832772589,1.62785411995008
1.96155872656544,0.257043601923359,1.69723562110146
1.89862268316898,0.326972312396273,1.75452033948092
1.83590198314578,0.398607131314833,1.80183822332115
1.77273459294605,0.471648266984712,1.84059201795576
1.70842038327765,0.545777989453294,1.87114580597866
1.64234211741434,0.6205331012962,1.89264159504547
1.57406661510072,0.69520936581913,1.90308774507698
1.50338994766571,0.768851117288928,1.89977197512299
1.43031519570109,0.840345359539227,1.87990130794228
1.354982914042,0.908587895338555,1.8412559974266
1.27759174379584,0.972653535939572,1.78264379890256
1.19834030253863,1.03190753533116,1.70405037750842
1.11740154259538,1.08603299988614,1.6065197289961
1.03492363813841,1.13498914027736,1.49188265106428
0.951045182601789,1.17893477546886,1.36245750059398
0.865914708784099,1.21814864319487,1.22080443544305
0.779709440378545,1.25296435398537,1.06956258588934
0.692651896380801,1.28372456484301,0.911362981101675
0.605024508737178,1.31075117436319,0.748792907328693
0.517182202984839,1.3343260240271,0.584383947652684
0.42956133349198,1.35467784060367,0.420598748309553
0.342679967846953,1.37197422458744,0.259794589757958
0.257117780454217,1.38632102617683,0.10414124767036
0.173455688589516,1.39777281817564,-0.0445291609090697
0.0921669108197226,1.40635124768885,-0.184929594252205
0.0135102726715801,1.41205393691436,-0.3164771044568
-0.0624866339786308,1.41484404326634,-0.439261910675575
-0.135953824524964,1.41464176435025,-0.553845069220202
-0.20710201986338,1.41133686379118,-0.661047492576491
-0.276188716905779,1.40481424014395,-0.761809906854595
-0.343507800551624,1.39497717349156,-0.857088500214702
-0.409377640449074,1.38176025883671,-0.947749794606229
-0.474120004948598,1.36513000224913,-1.03446561659608
-0.538033750422792,1.34507475358329,-1.11762703409596
-0.601370710593652,1.321587901699,-1.19729475567594
-0.664319987402627,1.29464921559826,-1.27319270698106
-0.727003635406596,1.2642087951641,-1.34473937855944
-0.789483520921796,1.23017664439555,-1.41110321656707
-0.851777125953488,1.19241904857961,-1.47126589826869
-0.913879539619324,1.15076133936749,-1.52408036019559
-0.975789377209158,1.10499561710199,-1.56831714650572
-1.03753705202927,1.05489163029567,-1.60270098913452
-1.09921384882166,1.00020913909993,-1.6259476827641
-1.16099905310245,0.940710470502128,-1.63681744481956
-1.22317997895597,0.876172322715602,-1.63420274013567
-1.28615697011499,0.806395932213866,-1.61726312759706
-1.35042420996154,0.731214275326262,-1.585604556943
-1.41652002734703,0.650494031218528,-1.53947612709604
-1.48494916272309,0.564128895027918,-1.47993031600269
-1.55609296555602,0.472020152907142,-1.40887750777344
-1.63013588152727,0.374040926643841,-1.32897923712773
-1.7070393013639,0.26998240389337,-1.24337340242826
-1.78658204170765,0.159483075038065,-1.15529202926001
-1.86846560025601,0.0419443805369794,-1.06768140120335
-1.95246569469872,-0.0835621490041637,-0.982933511491723
-2.03861165068029,-0.218388363977826,-0.902785360935853
-2.1273922916432,-0.364386703407863,-0.828368339668157
-2.22000773006593,-0.523931578033295,-0.760329238383129
-2.31868761992289,-0.699803267287868,-0.698914638307053
-2.4270479285568,-0.894800100250095,-0.643911853571812
-2.55033404129193,-1.11092931929807,-0.594379655523671
-2.69522338567912,-1.3481487241415,-0.548214989199797
-2.86879500403184,-1.60296966717027,-0.501813433813929
-3.07657776848552,-1.86763840887176,-0.450282251629519
-3.32026506428967,-2.13062398575653,-0.38853759638876
-3.59613519996324,-2.37848982894113,-0.312955577889844
-3.89485760139411,-2.59846459432097,-0.222531067511818
-4.20261463313019,-2.78087701333846,-0.118654292295197
-4.5031511355321,-2.92086460890185,-0.00372843469164885
-4.78039256336741,-3.01888871981608,0.120245238675738
-5.0211067162777,-3.07980522574575,0.252239348601849
-5.21682393378014,-3.11083186062691,0.391971750607055
-5.36437993909682,-3.11929987220301,0.539425311460984
-5.46507624208784,-3.1110484837688,0.694475138839383
-5.52306762481667,-3.08979877049144,0.856597728792936
-5.54372571578965,-3.05733658795368,1.02450602185179
-5.53244372933457,-3.01414791846657,1.19570052426738
-5.49398913819933,-2.96019675857449,1.36614056135604
-5.43230003673457,-2.89561801853915,1.53031865093149
-5.35055700093784,-2.82115416683355,1.68187362719425
-5.25137033938125,-2.7382462182998,1.8145816407954
-5.136961530277,-2.64881974511648,1.92333763628569
-5.00927586040042,-2.55492001587166,2.00476216567378
-4.87002264373359,-2.45837187478491,2.05730069607221
-4.72067504468929,-2.36057230969422,2.0809262573947
-4.56246501317942,-2.26243252841174,2.07666333084962
-4.39639267206704,-2.1644273661858,2.04612162637477
-4.22325140020747,-2.06669453508794,1.99114241904252
-4.04365971908591,-1.96913842153903,1.91358327062935
-3.85808968414303,-1.87151372035551,1.81522257960033
-3.66688509883014,-1.7734818212562,1.69774957863196
-3.47026755224027,-1.67464381100087,1.56280639190724
-3.26833176667191,-1.57455885995236,1.4120564456257
-3.06103351655017,-1.47275772067343,1.24726163168865
-2.84817394795569,-1.36876000812057,1.07035608083671
-2.62938432432893,-1.26210195785528,0.883506293533352
-2.4041157735631,-1.15237871516356,0.68914616725083
-2.17164001070464,-1.03930164760576,0.48997266015469
-1.93106939279206,-0.922766488926637,0.288885934634512
-1.68140740547241,-0.802922704842262,0.0888600351100443
-1.4216417993768,-0.68022968080903,-0.107260022471841
-1.15088795040852,-0.555483314637969,-0.297018459709123
-0.868573861486722,-0.429799797606911,-0.478618265934161
-0.574627747399114,-0.30455428241361,-0.651114842236711
-0.269593704239776,-0.18129257908606,-0.814424879531229
0.0454111966002942,-0.0616617372115466,-0.969064700792871
0.368940224469833,0.0525711704305209,-1.11562636277107
0.699601499945803,0.159341952514662,-1.25413562631611
1.03642787575335,0.255913756677101,-1.38351934545149
1.37905745227785,0.338308573163445,-1.50135464652066
1.72760310415451,0.400597939661557,-1.60389689463737
2.08211224298857,0.434196900913023,-1.68620869252909
2.44142344584766,0.427600320051,-1.74217154626961
2.8011594194297,0.367741115592504,-1.76436594942336
3.15123778536068,0.245210888580089,-1.74436717780466
3.47559074180424,0.0649839502754876,-1.67474092625004
3.75887152612154,-0.142419973707135,-1.55344745889783
3.99874623271482,-0.324851863682276,-1.38747736167099
4.20916595955674,-0.435297329142828,-1.18991077676788
4.40687109195614,-0.457894458247953,-0.972278967704546
4.5980756554353,-0.406427343936013,-0.741541971450599
4.77875965717943,-0.305103852235452,-0.502992569547571
4.94147938923235,-0.174509451759482,-0.262768859065111
5.08004771516682,-0.0280726041521692,-0.0274261382654404
5.19091166759218,0.126479090461241,0.19757184588642
5.27282885790005,0.284937139533363,0.408615378642517
5.32608673852926,0.444983057251227,0.603687514011054
5.35183677404979,0.605170210446473,0.781652398529612
5.35168823929146,0.764354781704185,0.941645703401085
5.32750224579706,0.921427957022182,1.08277667678652
5.28128361995462,1.07523385534473,1.20409283159938
5.21510294156209,1.22458750593884,1.30467546563808
5.13102560358586,1.36833490147744,1.3837590964878
5.0310501761836,1.50541981667495,1.44082131722316
4.91706379236818,1.6349380945535,1.47563102655226
4.79081694747163,1.75617072566931,1.48826377617298
4.65391288990501,1.86859431530175,1.47909814137746
4.50780289123115,1.97187254731399,1.44880392186806
4.35377964087415,2.06583508770992,1.39832719707796
4.19296550256149,2.15045090480078,1.32887228996631
4.02629766457026,2.22580161156558,1.24187827327605
3.85451568620719,2.29205808749793,1.13898807281654
3.67815732820207,2.34946133763213,1.02201052061381
3.49756624968372,2.39830695929165,0.892878410735139
3.31291162824018,2.43893192040124,0.753607395521626
3.12421665501604,2.47170245612677,0.606260801991938
2.93139119081091,2.49700244785146,0.452924317619326
2.73426384185684,2.51522234732347,0.295692556116797
2.53260991120138,2.52674929748438,0.136667397170582
2.32617348919638,2.53195943284779,-0.0220339829139998
2.11468392043184,2.53121333937475,-0.178265282280195
1.89786882460554,2.52485529744326,-0.329837186420354
1.67546774250017,2.513216217866,-0.474511270087588
1.44725224515072,2.4966191382453,-0.610011833409253
1.21305955566189,2.47538487986689,-0.734067649290465
0.97284642904205,2.44983428221161,-0.844495319986129
0.726766743972102,2.42028297006876,-0.939330896252506
0.475268602317523,2.38702584066078,-1.01700369063469
0.219194828671885,2.35031231595829,-1.0765249657896
-0.0401418076234331,2.31031981867833,-1.11763935469551
-0.300942660449161,2.26713960624218,-1.14087189545126
-0.560989474462467,2.22079143079666,-1.14741640179527
-0.817785653048039,2.17127733574586,-1.13886004847556
-1.06872764997797,2.11867130824835,-1.11680778903384
-1.31123812260916,2.06322826818035,-1.08251901523958
-1.54279834491291,2.00549147084399,-1.03666449799263
-1.76084645550797,1.94638200862484,-0.979258045529486
-1.9625382444793,1.88725742186986,-0.909753478870697
-2.14438185162084,1.82991407286199,-0.827264331598492
-2.30176482368933,1.77646846534528,-0.73087511768165
-2.42842944635948,1.72898366905152,-0.620053234578298
-2.51608222389253,1.6886345788429,-0.495203401188151
-2.55459408905282,1.65423419837775,-0.358376328813169
-2.53355896131434,1.62029228346289,-0.213978023504973
-2.44585353286093,1.57560168270042,-0.0690165167149982
-2.29256263021551,1.50413205421194,0.0677705161649377
-2.08651017867625,1.3893122983,0.188099889827732
-1.85116550975752,1.22008681167978,0.286676041456257
-1.61477627119977,0.995115343684417,0.362482394141748
-1.40322099315452,0.722940634940258,0.418173519154879
-1.23505581177106,0.41891838964209,0.458343404366717
-1.1197034519662,0.100842990379169,0.487790764576789
-1.058151046199,-0.215181061842733,0.51035679268
-1.04524700451481,-0.517483142118253,0.528440168278039
-1.07259313667942,-0.799605807168174,0.543090369414531
-1.13105881917782,-1.05944656171185,0.554446679614167
-1.21237084188979,-1.29768849418808,0.562242826021903
-1.30978344704964,-1.51634386392412,0.566187322958828
-1.41813737575585,-1.7177732132902,0.566168945533705
-1.53363369379895,-1.90417231335084,0.562324449198078
-1.65353514293282,-2.07737539221396,0.555025617476518
-1.77589411535096,-2.23882635774488,0.544827999360463
-1.89933576014508,-2.38962015297599,0.532403880526297
-2.02289252434296,-2.5305629316598,0.518469032679082
-2.14587679335055,-2.66222956345496,0.503707488351747
-2.26777911462343,-2.78501260095763,0.488698357675277
-2.38818408907101,-2.89916354592157,0.473850766716571
-2.50670120560679,-3.00482911310742,0.459355221725466
-2.62291210181856,-3.10208465454605,0.445160509581928
-2.73633799689465,-3.19096537158286,0.430983534499196
-2.84643076154239,-3.27149427645931,0.416354835573279
-2.95258821722223,-3.34370469232086,0.400695522021775
-3.05418963114323,-3.40765486518848,0.383413832263569
-3.15064272333187,-3.4634331772959,0.364004127964656
-3.24143086704651,-3.51115425121394,0.342130243234898
-3.32614984872501,-3.55094823661744,0.317679418734786
-3.40452734753593,-3.58294696481065,0.290781004088487
-3.47642356458984,-3.60727090575686,0.26179262187868
-3.54181609445932,-3.6240199872956,0.231262590892462
-3.6007747588945,-3.63326982354061,0.199879639011749
-3.653432454068,-3.63507337890478,0.168419641001225
-3.69995676075233,-3.62946701558844,0.13769576548573
-3.74052512701578,-3.61647937914466,0.108514672432308
-3.77530466388527,-3.59614155872023,0.0816384486409496
-3.80443642644176,-3.56849719934453,0.057750380555091
-3.82802356326469,-3.53361153962264,0.0374225005417802
-3.84612276715155,-3.49157857837349,0.0210838921190815
-3.85873881503375,-3.44252571016151,0.00899061739259732
-3.86582238685643,-3.38661526187853,0.00120031625174599
-3.86727156776974,-3.32404250746149,-0.00244364281760423
-3.86293730181398,-3.25503001867588,-0.00231284969684342
-3.85263253311865,-3.17981866413185,0.00102519921839339
-3.83614396744783,-3.09865613613581,0.00684745973357992
-3.81324459684732,-3.01178441606446,0.0143340923596145
-3.78370470039636,-2.91942789522746,0.0226380209436357
-3.74729921047239,-2.82178381174024,0.0309544843258467
-3.70381011306175,-2.71901622048764,0.0385792815846837
-3.65302365795057,-2.61125401039807,0.0449469270689904
-3.5947231699058,-2.4985927146176,0.0496445670702372
-3.52867881460916,-2.38109923925195,0.05240265013931
-3.45463563627255,-2.25881830548547,0.0530674407272507
-3.37230063454496,-2.13177941385127,0.0515626158211842
-3.28132882355874,-2.00000348695033,0.0478473073969961
-3.18130738598487,-1.86350899030709,0.0418765812162598
-3.07173642128281,-1.72231823315812,0.0335682537776458
-2.95200455601093,-1.57646570940547,0.022777863693582
-2.82135798316592,-1.42601176300006,0.00928205374431801
-2.67886253946754,-1.27106655920613,-0.00723009953448539
-2.52336054408707,-1.11183118984858,-0.0271579659206387
-2.35342780261538,-0.948664356059665,-0.0509811688957736
-2.16734197230543,-0.782183504435506,-0.0792384500177798
-1.96308160846659,-0.61340668567974,-0.112486274858971
-1.73838476369732,-0.443932890459135,-0.151226595263075
-1.49090358165059,-0.276140915403883,-0.195792449770665
-1.21848976513192,-0.113358753320856,-0.246185794567779
-0.919625016772195,0.0400772223081832,-0.301878261040013
-0.593963551217334,0.178974113224902,-0.361612842934115
-0.242888538908654,0.297727580402359,-0.423273935317835
0.130067599076974,0.391068302991761,-0.483905462475913
0.519085833982293,0.455007781883112,-0.539933702096893
0.916281964010498,0.487792159569127,-0.587594697417864
1.31227007037476,0.4906516583061,-0.623502129731148
1.69700555088841,0.468163301785287,-0.645244464587001
2.06085387893733,0.428067503889086,-0.651865790897685
2.3958102147146,0.380398087270526,-0.644054621676415
2.69666386146507,0.335911261155151,-0.623883657333519
2.96172798829332,0.304115404513892,-0.594091807156408
3.19275987979504,0.291551834797046,-0.557157628393495
3.39401527750933,0.300998154938818,-0.51458204115081
3.57082037636494,0.331814109362783,-0.466687644393504
3.72824016992975,0.3810628886132,-0.412927805749002
3.87024523500715,0.444786671069221,-0.35244962561505
3.99944481202363,0.518981683653587,-0.284625418066675
4.11722247130634,0.600136518318636,-0.209390972103085
4.22405740697725,0.685415896966068,-0.127366731657347
4.31987012381954,0.772636143973602,-0.0398160821812392
4.40431002240139,0.8601521851846,0.051487240262216
4.47696067730083,0.94672703441526,0.144425684983515
4.53746924925076,1.03141612108865,0.236705674164888
4.58561719509383,1.11347668705026,0.326014718989591
4.62134965799395,1.19230278159196,0.410168969263105
4.64477727517597,1.26738376528739,0.487257518877326
4.65616018507164,1.33828485400833,0.555788595629689
4.65588102450882,1.40464982433952,0.614836895280742
4.64441141838871,1.46622730261264,0.664182496412991
4.62227374652259,1.52292211189963,0.704421580833531
4.58999591081291,1.57487064212829,0.737018262048506
4.54805274132351,1.62253187516703,0.764254294572474
4.49678932519749,1.66677079639566,0.789018766051702
4.43633808042983,1.70888872117934,0.814370558972714
4.36657597686974,1.75053577157434,0.842829030130016
4.28720118348625,1.79344919649577,0.875445861313842
4.19799149684462,1.83902543977315,0.910899919950963
4.09920033520215,1.88784933606101,0.945052524085459
3.9918918328075,1.93939933500451,0.971399608133691
3.87795970301009,1.992115056694,0.982498931637097
3.75973287933759,2.04382503919172,0.971879685846116
3.63935130952524,2.09232238955823,0.935608886544471
3.51824168174176,2.13582354569013,0.872904570847498
3.3969116372014,2.17317072354783,0.785751774880872
3.27505410503849,2.20380149299117,0.677928681251136
3.15181272348996,2.22759057202659,0.553946392029306
3.02605835335835,2.24466448315418,0.418239656006749
2.89659581115582,2.25524945399602,0.274719281676308
2.76228549636864,2.259574089936,0.12663692383929
2.62209932252254,2.25782329064192,-0.0233523447854055
2.47513873833076,2.2501286656005,-0.173040384411951
2.3206372603248,2.23657935001073,-0.320504963485603
2.15796072766439,2.21724084188056,-0.463975444039706
1.98661066125448,2.1921743957609,-0.601736319462757
1.80623133049361,2.16145353552909,-0.732065296701604
1.61661915554153,2.12517680918135,-0.853197361293092
1.41773304301623,2.08347725827335,-0.963306269669878
1.20970534064802,2.03652970829504,-1.06049749575798
0.992854675279331,1.98455738489993,-1.14281049982436
0.767703477996134,1.92783993992057,-1.20823277494142
0.535003902233802,1.86672609355089,-1.25473303295851
0.295775368324873,1.8016560467788,-1.28032506761424
0.0513544479729642,1.73320167684912,-1.28317507875081
-0.196546782283608,1.66213605658426,-1.26176028984876
-0.445782767922775,1.58954749333843,-1.21507261090806
-0.693726663474763,1.51701675509774,-1.14283840617055
-0.937231902302105,1.44688031580467,-1.04570174070628
-1.17257129928242,1.38260907190515,-0.925308973726625
-1.39526237320822,1.3293369489285,-0.784252648087907
-1.59959734083994,1.29454308505563,-0.625884013778829
-1.77760077007544,1.28870438135257,-0.454066406651698
-1.91720606542047,1.32511201560914,-0.272991719071644
-2.00032928752555,1.4167177782031,-0.0872303469662617
-2.00450111983252,1.56699143976955,0.0977541221446797
-1.91536863079698,1.75659780399711,0.274696787391772
-1.74931580970998,1.94120592894776,0.435026342782027
-1.55926486727923,2.07458904081569,0.5741035201095
-1.4016591425225,2.13482474040329,0.69944612755344
-1.29953872927538,2.12114718725783,0.832968636020821
-1.24228177050218,2.03320602862375,1.0016802487693
-1.20969798789068,1.86314256588968,1.21941311848341
-1.19207051739005,1.608632941877,1.46944599480688
-1.1939491803258,1.29117280427164,1.70484652488687
-1.2232044729443,0.954729558962228,1.87480880934865
-1.27892717861033,0.6410198137336,1.95482851599965
-1.35116440070633,0.369308569468841,1.95147083248756
-1.42828971089519,0.137906456415387,1.8865136919876
-1.50210651664476,-0.0641655825871898,1.78192652787719
-1.56862170752258,-0.248344089944211,1.65365675155611
-1.62680586319349,-0.42292963434893,1.51127686838984
-1.67715069152182,-0.592663589009478,1.35968220271984
-1.72066439167076,-0.759531677245345,1.20093166416503
-1.75834198239618,-0.923762616863469,1.03562239969314
-1.79095486026618,-1.08462158658109,0.863746753552409
-1.81900001136167,-1.24092529957863,0.685160988879775
-1.84270436460371,-1.39133911642527,0.499821198178031
-1.86203259178775,-1.53454935752229,0.307915034244509
-1.87668119013148,-1.66939596766226,0.109981775070849
-1.88606217856243,-1.79503142534802,-0.0929179085722624
-1.88929380322302,-1.911149364058,-0.298946945142666
-1.88522741872323,-2.01829896767232,-0.505140757383963
-1.87254949493929,-2.11826683784438,-0.706975760711234
-1.85000504275391,-2.2144688779177,-0.897904372120875
-1.81679462703645,-2.31224972864499,-1.0689550200468
-1.77319477226035,-2.41891336260093,-1.20862046375392
-1.72139470880486,-2.54315761677338,-1.30354807002889
-1.66630971069346,-2.69336460600432,-1.34100908188407
-1.6156131405142,-2.87421232758244,-1.31424786481092
-1.57780036209428,-3.08215756897267,-1.23003422969464
-1.55811801922485,-3.30295777500577,-1.11302645069058
-1.55514799978153,-3.51566699630528,-0.999086525618478
-1.56170989207754,-3.70237814839487,-0.918701171206444
-1.56929718160385,-3.85567360617631,-0.88413903061222
-1.57177430720288,-3.97820574551889,-0.889551606632749
-1.5663611718849,-4.07746064202534,-0.919136997816031
-1.55294898966185,-4.16097095666468,-0.955106818222054
-1.53308694836923,-4.23391892638381,-0.982344290875283
-1.50920451890242,-4.2986331605242,-0.990287874329708
-1.48417144915895,-4.35505439691957,-0.973175502871221
-1.4611589780969,-4.40150169653633,-0.92944210202272
-1.4437336635978,-4.43534497953191,-0.860793200964643
-1.43610892622723,-4.45339189399914,-0.771312788654385
-1.44346851708379,-4.45192678895338,-0.666795043392108
-1.47221281232997,-4.42640091938272,-0.554303987681214
-1.52979692456949,-4.37082206087518,-0.441774045984121
-1.62349821458044,-4.2770717210457,-0.337252273812165
-1.75717840170369,-4.13489878556383,-0.247189318100957
-1.925727482739,-3.93415953709269,-0.173338273041408
-2.10960834626306,-3.67078691761083,-0.109007848404784
-2.27556061876387,-3.35451359501945,-0.0375422079561902
-2.38762211015521,-3.01071215474016,0.0638635573999275
-2.42216604601369,-2.67058725967767,0.216000907089234
-2.37490843427853,-2.35697136985288,0.429453469323626
-2.25768257425427,-2.07871870269624,0.698102565915718
-2.09248632141066,-1.83484082602313,0.995281552155269
-1.90583245915583,-1.61991081159109,1.27899364194578
-1.72098956927636,-1.42676277327,1.50952088518805
-1.55086219403757,-1.24819663526109,1.66682195491841
-1.39725678932257,-1.07835511804285,1.75304897647225
-1.25552593016645,-0.913134698095804,1.78296966798176
-1.11947759480326,-0.749903352360214,1.77369125495672
-0.984053081282612,-0.587130126015056,1.739130285077
-0.846105260470803,-0.424125701623887,1.6885687171186
-0.704236138412715,-0.260849869976391,1.62723406673113
-0.558332036682597,-0.0977336781061024,1.55749232825529
-0.409092176251717,0.0644913462368593,1.47998919399128
-0.257655343966866,0.224942596667457,1.39451390743205
-0.105341026206704,0.382702268992465,1.30056902451095
0.0465144236465417,0.536898625651584,1.19771036132481
0.196656286749528,0.686760792773288,1.08573731326709
0.343972876535455,0.83165913069783,0.964800936230797
0.487542089935953,0.971142371030316,0.835475594672841
0.626678279506029,1.10497880808923,0.698818699492957
0.760987484125601,1.23320320418006,0.556425050051524
0.890431967885225,1.35616467667509,0.410468065357952
1.01539797059343,1.47456465338924,0.263709875901407
1.13675390751953,1.58946920401719,0.119456163217257
1.25588043429035,1.70227771964548,-0.0185701899949609
1.37464883167165,1.81463041267877,-0.146460705347851
1.49531959332919,1.92824040337748,-0.260476744564522
1.62032979831985,2.04464352802087,-0.357534685543561
1.75194236447395,2.16487557626933,-0.435796469159206
1.89175870266821,2.28912101422077,-0.495278502555716
2.04016823578082,2.41643179508392,-0.538295690542621
2.195918179869,2.54466531791406,-0.569474016772294
2.35606277841013,2.67077467375356,-0.595103807661365
2.51646788793577,2.79144542897959,-0.621860037928815
2.67276530628373,2.90386035695298,-0.655295524071982
2.82135809563172,3.00626269399074,-0.6987124815768
2.96004843405668,3.09810599789311,-0.752816191445023
3.0881228981723,3.17982579614928,-0.816112432784292
3.20603125019275,3.25243241720702,-0.885696128723787
3.31491270929707,3.31712057376568,-0.958059237840739
3.41616508109606,3.37499548701909,-1.02970625285271
3.51114027068606,3.42692723493978,-1.0975299980796
3.60096953389677,3.47350232906476,-1.15898992879213
3.68648822481431,3.51503427788082,-1.21215824820598
3.76822557395431,3.55160301797606,-1.25568942791309
3.84643220285319,3.5831038443943,-1.28875060008753
3.92112688772568,3.60929506771958,-1.31093441512152
3.99215109342029,3.6298394037459,-1.3221647149159
4.05922449340489,3.64433770787915,-1.32259808171673
4.12199740301742,3.65235585644321,-1.31251990000776
4.18009717697634,3.65344690179511,-1.29223143149048
4.23316546031099,3.64717142847867,-1.26192466273215
4.28088205642085,3.63311947497555,-1.22154508123561
4.3229696465211,3.61093744004883,-1.17065026992987
4.35917271866197,3.58036281966277,-1.10828553214187
4.38920561163003,3.54126788915446,-1.03291694739913
4.41267093612907,3.49370974673698,-0.942484525082885
4.42896290338212,3.43797763959676,-0.834654151290009
4.43718965134655,3.37461933868405,-0.707337403969649
4.4361672065916,3.30441956482723,-0.5594846371109
4.42453813479189,3.22830314576258,-0.392018075923176
4.40102843414144,3.14715488337646,-0.208585268794793
4.36477260728203,3.06159021762103,-0.0156980200446633
4.31555245795333,2.97175513430523,0.178046349580531
4.25379243802006,2.87724043110734,0.363533695172616
4.1802733862565,2.77714591808067,0.532883569808169
4.09568957975019,2.6702610278145,0.680647071852017
4.00024791341588,2.55529717074999,0.804068820829363
3.89344998565478,2.43112714153094,0.90254965428118
3.77408584168053,2.29702221774197,0.976750903097865
3.64039418018751,2.15289240425226,1.02776847569009
3.49033215052321,1.99952126647356,1.05661951283857
3.3219167899169,1.83875456037397,1.06409130840867
3.13360842104936,1.67356993852203,1.05087434609956
2.92468416047442,1.50794880999585,1.01784092265615
2.69551205110945,1.34651548070555,0.966323156629727
2.4476265603624,1.19400075623933,0.898281151462301
2.18356047784357,1.05467810318061,0.816323486588154
1.9064909034914,0.931939824183017,0.723620901172852
1.61983910525836,0.828102103109456,0.623802312312156
1.32696255994919,0.744403657586992,0.520918104285285
1.03099395824726,0.681081719197,0.419508065986355
0.734778177177003,0.637423370026014,0.32474715834351
0.440806738373874,0.611785084681369,0.242580296162279
0.151092684210134,0.601683423381743,0.179698803959687
-0.132940623395167,0.604097149682315,0.143155042319716
-0.410344170584793,0.616010464735196,0.139388243586995
-0.680094246294386,0.634977103461336,0.172540582860389
-0.940193346641036,0.659269898156086,0.242320051076128
-1.18699585884885,0.687301508791077,0.342318638035245
-1.41555159532222,0.716585153357557,0.460156748680302
-1.62117361717025,0.743105473305749,0.580236130570913
-1.80132699320417,0.761802980382256,0.688112527201637
-1.9565233942269,0.767908291048413,0.774119074569427
-2.08977240642193,0.758166695921465,0.834511849349358
-2.20524707578869,0.731285977076943,0.870317909833405
-2.30705910940952,0.687659106446009,0.885230277857972
-2.39857332100502,0.62877742615549,0.883722146395563
-2.48222269000084,0.556678014924908,0.869857437398512
-2.5596086894406,0.473562818348099,0.846773793755723
-2.63169550652333,0.381584607401051,0.816631949923035
-2.6989867965261,0.28274211367224,0.780823066206882
-2.76164051063284,0.178825908913038,0.740278395973567
-2.81951873410226,0.0713738756432205,0.695778019205718
-2.87219256299203,-0.0383856674780551,0.648192639248187
-2.91893521572128,-0.149608063632876,0.598615643989726
-2.95874403599608,-0.261912973484043,0.548358237277184
-2.99043316167765,-0.37544614550876,0.498796964397912
-3.01282866149127,-0.49088452418301,0.45108881267885
-3.02506998942544,-0.609342540399429,0.405809430739715
-3.02697153195986,-0.73215045296803,0.362621096627821
-3.01933474360575,-0.860515462838609,0.32011751996395
-3.00405875112493,-0.995139700061215,0.27598061285738
-2.98392804578378,-1.13592415557121,0.227481000702972
-2.96208468247504,-1.28188104761269,0.172178382827652
-2.94135770628998,-1.43128651798088,0.1085389096892
-2.92369972025345,-1.5819880731964,0.0362094676991224
-2.90990581694922,-1.73173180683247,-0.0441225015722837
-2.89963502843207,-1.87842073636022,-0.13113994169309
-2.8916403290022,-2.02029198789772,-0.223339141253212
-2.88408815791301,-2.156035247572,-0.319319718408062
-2.87487846473514,-2.28486210510121,-0.417864088731528
-2.86191479326212,-2.4065158474855,-0.517858499455639
-2.84330242757589,-2.52121271082242,-0.618152338264952
-2.81747204642079,-2.62952400607675,-0.717437659977729
-2.78323904634706,-2.7322249202807,-0.814189970924265
-2.73981465436965,-2.83013983656804,-0.906674334269444
-2.68678515728902,-2.92400808920098,-0.99299989487434
-2.62407289417582,-3.0143848171576,-1.07119885177918
-2.55188969754347,-3.10158316285373,-1.13930656294411
-2.47069126767675,-3.18565769174396,-1.19542360665036
-2.38113941970325,-3.2664247925424,-1.23774657647057
-2.28407823877631,-3.34351431289363,-1.26456164612324
-2.18053049972028,-3.41644790193757,-1.27420366192012
-2.07172324652357,-3.48474270350604,-1.2649947792624
-1.95915677197969,-3.54804236562873,-1.23519226985043
-1.84473858333353,-3.60627828605091,-1.18299513085424
-1.73101012199201,-3.65985963611184,-1.10667614855639
-1.62149316014956,-3.70987706337425,-1.00489866074366
-1.52116671529694,-3.75827423401355,-0.877212563684927
-1.4370393358695,-3.80787453250759,-0.724589902934854
-1.37865744863456,-3.86201239719374,-0.549731888569678
-1.35804312051396,-3.92330326338007,-0.356943086254466
-1.38777436497556,-3.99102148770892,-0.15173089803513
-1.47509668005867,-4.05744798388192,0.0594212184268542
-1.61167280223655,-4.1061912973648,0.269204546497301
-1.76623232451837,-4.1172682119728,0.470698709061949
-1.89355963691481,-4.07794098571688,0.659881263290902
-1.9588435269219,-3.98875768862991,0.836930870733568
-1.95379081349192,-3.85878993106305,1.00458176766118
-1.89085931439982,-3.69763012667146,1.16545012317779
-1.78851815639303,-3.51181656325812,1.32039554446215
-1.66214394153511,-3.30529305002039,1.46787109126278
-1.52218575359582,-3.08095421888313,1.60377562243045
-1.37546100446742,-2.84174744064432,1.72193366620765
-1.22659622952746,-2.59100425987043,1.81540481223733
-1.07873726344002,-2.33217716877874,1.87823635798443
-0.933769831015909,-2.06837459642891,1.90680662846619
-0.792492072990822,-1.80205469151456,1.90017372399523
-0.6549166046372,-1.53499896153453,1.8595487900263
-0.520623682211168,-1.26846512099644,1.78743656986288
-0.389041370684624,-1.00336460229734,1.68690461403238
-0.259606214943694,-0.740376579676274,1.56115030946745
-0.131827428229151,-0.479988731720841,1.41332282880648
-0.00529821125990138,-0.222494281499464,1.24648969772191
0.120311812056508,0.0320204472029302,1.06365519438381
0.245265261223343,0.283674160107545,0.867777623607682
0.369760949319255,0.532762998257518,0.661765242402062
0.493933474271407,0.779705486766804,0.448450543702043
0.617850932176175,1.02496524305153,0.230552800015439
0.741513235194828,1.26896201233722,0.0106430969427792
0.864852716226308,1.51198577091851,-0.208873361451846
0.987737801726641,1.75413057288542,-0.425745695666103
1.10997969704142,1.99526217190575,-0.637830811263662
1.23134099469335,2.2350242920512,-0.843015058079892
1.35154344534612,2.47287416110108,-1.03911638846402
1.47026952829082,2.70812496398334,-1.22378490905094
1.58714916872644,2.93997011735306,-1.3944187828696
1.70172006360902,3.16747683937734,-1.54810514726279
1.81334991406696,3.38956132214411,-1.68158635407975
1.92111526809756,3.60498487858523,-1.79124700570156
2.02364968614224,3.81242718872312,-1.87312226189785
2.11900738672575,4.01068623906444,-1.92294410452123
2.20463429802111,4.19901018592436,-1.93626708794906
2.27757775736443,4.37746982247922,-1.90874530339472
2.33505610774612,4.54713210603651,-1.83666768539739
2.37538331450074,4.7096502577499,-1.71789378281886
2.39894310494947,4.86592043263721,-1.55330237754103
2.40850534659651,5.01398224856969,-1.34854901623051
2.40810436153348,5.14746827429163,-1.11507533720197
2.40062265899627,5.25661408249974,-0.868541353905842
2.38577683406002,5.33212815786285,-0.62415937056588
2.36021382580909,5.36889333863806,-0.39182400349086
2.31926397963589,5.36634244912811,-0.174766793391733
2.25856090601801,5.32597088066851,0.0281579951079055
2.17466775173853,5.24844343012355,0.219294897298738
2.06510223397007,5.13162106455382,0.400036801736343
1.92859335654075,4.96952508348116,0.56977663590697
1.76650564204597,4.75229694855746,0.725533051984994
1.58612310442056,4.46810250119593,0.862781511075984
1.40431457660945,4.10826759813436,0.978877227952239
1.24563363850639,3.67416276620104,1.0777783531247
1.13031309940688,3.17966343907574,1.16859640525786
1.06155422021843,2.64791900381358,1.25383865078176
1.02636254618141,2.1111539719513,1.32091031088842
1.00733736751012,1.60985146711926,1.3520448691937
0.992911282779242,1.17698026176414,1.3426725955226
0.9792411910436,0.819809665492259,1.30547374009158
0.966287695625343,0.523399213791152,1.25822529625811
0.954435292979455,0.267470842431384,1.2128042755657
0.943592286266148,0.0368408237508088,1.17336974944802
0.933352115364256,-0.177222169441046,1.1392259704747
0.923209984573808,-0.379043196586476,1.10770011745541
0.912649552568407,-0.570558060156743,1.07576663941349
0.901154246509141,-0.75254715445919,1.04069820270732
0.88820065634889,-0.925259811391309,1.00021385765167
0.873263574400042,-1.08869639791912,0.952435171360337
0.855844562395961,-1.24272472542816,0.8958095129165
0.835526772452879,-1.38712726281691,0.829070575254715
0.812052667273357,-1.52163042671687,0.751262868163163
0.785415227375812,-1.64594538817691,0.661838819110233
0.755945222906854,-1.75983970932207,0.560829782352565
0.724365129489334,-1.86325237274282,0.449084207039498
0.691763473450198,-1.9564534505964,0.328545168777526
0.659427068557612,-2.04022484345478,0.202491819846094
0.628471467611947,-2.11599376908375,0.0755872917990593
0.59926888955389,-2.18579376054085,-0.0465197892288967
0.570827704293912,-2.25190091866948,-0.158310020046372
0.540504798917846,-2.3160840482114,-0.256248638956778
0.504533165724531,-2.37869249223136,-0.340761824869462
0.459477740856229,-2.4381589018996,-0.416998678003371
0.403890279378056,-2.4914643232278,-0.493237291451039
0.338965030800573,-2.53541587614632,-0.577401426915818
0.267720334841497,-2.56786047906038,-0.67374780355406
0.193428901189618,-2.58810433745567,-0.781489327214745
0.118325190254568,-2.59656471122414,-0.89545831493443
0.0430217239667024,-2.59411634435572,-1.00780966495125
-0.0335108898512153,-2.58149360149567,-1.1098234003645
-0.113675517585486,-2.55886917764391,-1.19341391311146
-0.200829310588535,-2.52562878694181,-1.25236485521067
-0.298722086933024,-2.48039213469076,-1.2833886602807
-0.41083126141945,-2.42136278047747,-1.28689721117307
-0.539817900898136,-2.34699738266502,-1.26707331199453
-0.687480296753139,-2.25677150744163,-1.23082372434625
-0.855438285552318,-2.15170565364628,-1.18571699554645
-1.04635038661133,-2.03455723484157,-1.13771035865634
-1.26514307528515,-1.91007760128898,-1.08959705993065
-1.51978718545004,-1.78602502461024,-1.04050198760344
-1.82125865837553,-1.67540264647726,-0.986158766887422
-2.18180227905521,-1.59956256361554,-0.919704132562291
-2.60908263601656,-1.58992520249774,-0.832881532528998
-3.09272461453328,-1.6819520794971,-0.717096202847058
-3.58656628858763,-1.89069797615819,-0.563854740613369
-4.0116663593884,-2.17200983614697,-0.366861615792027
-4.3040800386787,-2.42297366484842,-0.127376789590434
-4.4593326653956,-2.5595262996339,0.144267850182347
-4.51288370982753,-2.57589528747315,0.434012198976806
-4.49918625701828,-2.51418445002428,0.728296425082554
-4.43835302104527,-2.41526577964395,1.01495923720946
-4.34068172007039,-2.30283762375581,1.28330899748453
-4.21231584253266,-2.18737144489576,1.52423708387912
-4.0580905735713,-2.07243761427771,1.73030898417982
-3.88250398816022,-1.95862131674329,1.8957509259361
-3.68989625838985,-1.84541402303343,2.01634576246202
-3.48434993169361,-1.732025056513,2.08932199375323
-3.26947561113337,-1.61769411141299,2.11334669177009
-3.04811733270871,-1.50179181443153,2.08871947724294
-2.82200423008917,-1.38384050855511,2.01781441289844
-2.59143176196414,-1.26350734070349,1.90571905797715
-2.3551442118681,-1.14057316906134,1.76085771329919
-2.11067642138084,-1.01484845335073,1.59515405829407
-1.85543545816715,-0.886001989263282,1.42300915869143
-1.58861647899362,-0.753333235917782,1.25819366577965
-1.31337627221436,-0.615705068072394,1.108328421019
-1.03755292271278,-0.472046020396463,0.969163464704936
-0.771112067710006,-0.322514153853475,0.824368399398902
-0.521374312632624,-0.169386263302393,0.654366036256661
-0.290080432916785,-0.016503782540036,0.447817213698455
-0.0742883636223298,0.132343004506844,0.205935847677596
0.130935255442848,0.274683159481519,-0.0612146938875628
0.330455813951229,0.409641767279175,-0.340667764279476
0.528205406073138,0.53751401974409,-0.620616139163838
0.727011937060873,0.659153229747894,-0.891936077224822
0.928695579772094,0.775512455552598,-1.14813362227032
1.13429356060011,0.88742651812479,-1.38468913376952
1.34434933408724,0.995576643541717,-1.59827437303661
1.55918974619408,1.10055446051227,-1.78597283677991
1.77910627724968,1.20295979975301,-1.94452692705142
2.00434670902009,1.30347783240996,-2.06966930846352
2.23482314182234,1.40287093329023,-2.15572497534225
2.46950457958829,1.50179873327458,-2.19585363507989
2.70564872481086,1.60039243477532,-2.18340610695446
2.93831817433141,1.69764111588325,-2.1146107996478
3.16078710303419,1.79091910041651,-1.9918770494132
3.3660567735155,1.87614599560994,-1.8256424206791
3.54870128255846,1.94870675689902,-1.63240081434705
3.70560547627865,2.00452256176863,-1.42897154808042
3.83491946164246,2.04048018966701,-1.22667093317883
3.93405805214986,2.05408507231738,-1.02952996426958
3.99808632210727,2.0428163424207,-0.83722667185169
4.0191347657347,2.00380068382053,-0.649946287175038
3.98678508653298,1.93459147915982,-0.471686805086135
3.88942365260183,1.83620334687447,-0.309657533787195
3.71693923713993,1.71879961709745,-0.169393772506619
3.4646564785031,1.60614330415899,-0.0492780561297305
3.13680377315573,1.53070061986043,0.0585066241814539
2.74757097590325,1.51986769485423,0.160624763920244
2.32061913833797,1.58639458949076,0.258939009149128
1.88841750946432,1.72718393810426,0.354421955022734
1.4879867007503,1.92359716713772,0.451273081212763
1.15032688430796,2.14441247428684,0.555347894392872
0.890003250566069,2.35636722330648,0.669318863148623
0.703689675349962,2.53646602202413,0.790291019712242
0.577248571829379,2.6761963444707,0.911704074147888
0.494094284893836,2.77736161615634,1.02700177707137
0.440088366409899,2.8460713879151,1.13236219039982
0.405052318059831,2.8890547449011,1.22769025625762
0.38265730053103,2.91236238345492,1.31614778541343
0.369826619545054,2.92113880453242,1.40254702514637
0.36589529949375,2.91950512905888,1.49089584746231
0.37139713239541,2.91025746851822,1.58174141637906
0.386544274245292,2.89458345970383,1.67052992586267
0.409960711569533,2.872189873281,1.74825191594932
0.438431658152382,2.84199126096368,1.80448775754832
0.467847063879117,2.80300792731476,1.8311838407144
0.494606287952869,2.75492148792077,1.82492825630664
0.516541357178854,2.6980827078522,1.78686520060521
0.533027594987496,2.63319955862945,1.72108376628249
0.544561743133096,2.5610175843178,1.63278361626447
0.552215679050146,2.48213798763676,1.52697651395607
0.557202008782712,2.39696641993606,1.40784826244395
0.560608081391872,2.30573521926411,1.27860012960948
0.563267872414932,2.20855212242385,1.1415487084056
0.565723562157919,2.10545085169779,0.998326049160744
0.568239022910311,1.9964341020811,0.850092991363261
0.570841655022267,1.88150616031005,0.697727818883455
0.57337860371403,1.76069469211443,0.541979146091785
0.575577899861041,1.63406259419427,0.383583869183447
0.577106896096944,1.50171246853126,0.223354951941168
0.577621999499064,1.36378713367173,0.062243339035475
0.576806047691839,1.22046777385371,-0.0986251421507133
0.574391782627771,1.0719679473767,-0.257940266590229
0.570170960378567,0.918521415123308,-0.414225778014363
0.563989864111455,0.760365770180012,-0.565879452892725
0.555734002622426,0.597726991557843,-0.711224070942862
0.545306195001011,0.430808914915417,-0.848559809554564
0.532602100538344,0.259788508452198,-0.97621288641947
0.517486169239493,0.0848156413866601,-1.09257887660736
0.499769815985394,-0.0939847491998375,-1.19616111343151
0.479192764212773,-0.276510310332093,-1.28560547305912
0.455407972298585,-0.462681139465063,-1.3597331976277
0.427970197989692,-0.652444918509876,-1.41757347225666
0.396327848806891,-0.845791740759079,-1.45839731870416
0.359817037316009,-1.04278527266403,-1.48175397835178
0.317655363435768,-1.24361972226434,-1.4875101530317
0.268930483293682,-1.4487138412649,-1.47589064053363
0.212574916266912,-1.65884726953814,-1.44751427380458
0.147316038454848,-1.87531015179523,-1.40340715578003
0.0716008209242825,-2.09992208323595,-1.34494696234605
-0.0164420592190548,-2.3345036757265,-1.27364069492103
-0.118760093749914,-2.57905538443408,-1.19060979126044
-0.236433706901942,-2.82847436973076,-1.09587150293169
-0.368221676721571,-3.07067506114065,-0.988179116758006
-0.510468073053489,-3.29105218647884,-0.866324217563458
-0.659485387083757,-3.48077414710606,-0.730865458634283
-0.813565560135713,-3.63924002383487,-0.58415146628609
-0.972460536750451,-3.76996067692413,-0.429025923369241
-1.13598948133136,-3.87665587309897,-0.268005366182287
-1.30334990575336,-3.96211484587271,-0.103408447042414
-1.47312390651631,-4.02846671223254,0.0620377780880236
-1.64356515296088,-4.07756663105889,0.224633521375346
-1.81290685016954,-4.11108556656261,0.379559801202312
-1.97955668961129,-4.13035909097972,0.521310480042213
-2.14212870307317,-4.1361962261367,0.644543133728989
-2.2993525647523,-4.12881165262028,0.744962303769186
-2.44996168896634,-4.10791465315991,0.819922859973801
-2.59265566359298,-4.07288224181476,0.868727828252258
-2.72618342371037,-4.02293167379489,0.892808772473988
-2.84954372517609,-3.95726428834389,0.89595621633614
-2.96226362053056,-3.87521529786195,0.884566138491979
-3.06468544681852,-3.77646974943989,0.867615737592328
-3.15815696418329,-3.66137494742773,0.855878668109462
-3.24497028357977,-3.53128511312566,0.859841913371947
-3.32785095282872,-3.38872789445399,0.886125847459959
-3.40887543052346,-3.23708826832753,0.933318329005343
-3.48811735752975,-3.07970159858946,0.98989374299744
-3.5629930448027,-2.91880577149468,1.03732208090013
-3.62921581618929,-2.75510725942561,1.05795074039121
-3.68284184721173,-2.58813768959428,1.04229822333524
-3.72176976264974,-2.41686871094259,0.990900668808109
-3.74585059989632,-2.24015905410609,0.911267643934696
-3.75611198643555,-2.05702665845888,0.813542125020529
-3.75390098182371,-1.86683814620093,0.707308092124414
-3.74033463468232,-1.66942925918349,0.600020448984051
-3.71608101495799,-1.46513774503688,0.496631584128726
-3.68136105978567,-1.25475199968861,0.399887469370378
-3.63605819269456,-1.03940584788439,0.310901843013185
-3.57985728248379,-0.820460360553239,0.229759095725675
-3.51237061557479,-0.599407062682573,0.156003998235343
-3.43323568979588,-0.377810704364831,0.0889535074647143
-3.34218641826305,-0.157291926430894,0.0278198058517085
-3.23910729169235,0.0604645619520224,-0.0283301785585734
-3.1240809676999,0.273701495003217,-0.0807302762239337
-2.99743450030661,0.4806142618114,-0.131119032191175
-2.85977755185103,0.679452136842895,-0.181899970022642
-2.7120060749678,0.868741801309517,-0.236117970229948
-2.55521765515595,1.04766272516991,-0.297036552028254
-2.39045963984995,1.21653388835149,-0.367034165064357
-2.21823597361613,1.3772146552039,-0.445591066963148
-2.03777324057538,1.53300296077161,-0.526490406457991
-1.84620811665674,1.68748271041645,-0.595122697901587
-1.63808471437951,1.84198541408743,-0.627855002081867
-1.4058625180844,1.99213396456789,-0.59652640343477
-1.1425246169425,2.12556575130167,-0.481373299747089
-0.846852118136478,2.22493032781554,-0.291078101945446
-0.52826633618126,2.27850066302209,-0.0743720910897613
-0.204456903911684,2.29082421916446,0.0991936920035162
0.107888984951226,2.28117323262278,0.179472760211621
0.399023744789561,2.27188775082066,0.157084875521759
0.665112750939006,2.27842500435154,0.0544700213731393
0.90555858797786,2.30604295999097,-0.0935688197122409
1.12171770119092,2.35156135540287,-0.254680440099732
1.31639724959454,2.40727404640778,-0.405966773553954
1.49340046484015,2.46461844934945,-0.534948855491379
1.65709338283642,2.5165023987107,-0.637338176951565
1.81207155153672,2.55832268639309,-0.713978934881041
1.96286594942012,2.58812116268529,-0.768251487947308
2.11361033791826,2.60623651422681,-0.804301678326332
2.26768837697626,2.61464008345923,-0.825988597297049
2.42746165090179,2.61608424830796,-0.836324971652225
2.59417859922751,2.61322134455356,-0.837220968396414
2.76808633043502,2.60787695115168,-0.82941132556575
2.94866890494248,2.60062217676042,-0.812511625672412
3.1348809482009,2.59069657093027,-0.785211402487989
3.32526593077023,2.57624585427362,-0.745658935031738
3.51793043771584,2.5548013035224,-0.692091287669447
3.71044843204855,2.52392626471867,-0.6236741143525
3.89984489933253,2.48193190552006,-0.541336532201885
4.08280596879821,2.42848276688716,-0.448206432956352
4.25614730741567,2.36483293934512,-0.349261047710317
4.41738227765827,2.2935026508157,-0.250153382600468
4.56511047282062,2.21748565208731,-0.155704728547951
4.69903155247932,2.13937619164341,-0.0688122095250888
4.8196229274312,2.06082817418292,0.00977185640795204
4.92769164367671,1.98249005326776,0.0808990726232247
5.02400196775451,1.90427262394564,0.146175924635658
5.10906298285565,1.82571592147125,0.207216247373467
5.18305832316068,1.74629621797968,0.26517416749227
5.24586159502666,1.66562379560853,0.320545976443077
5.29708817602257,1.58355002295261,0.373153535678717
5.33615683993341,1.50022276054849,0.42222894084008
5.36235649267106,1.41612303243281,0.466561045537565
5.37492992880379,1.33209986838056,0.50470916448674
5.37319775332127,1.24940051290046,0.535324422658342
5.35674946390127,1.16966984854219,0.557634314891305
5.32571876589101,1.09486572841703,0.572123968445011
5.28112697873224,1.02701099229668,0.581366093856801
5.22521485120918,0.967691934848918,0.590800184949125
5.16159163083678,0.91724158938562,0.609067513008796
5.09492956886245,0.873659312482397,0.6473543590703
5.02988712802193,0.831591240166488,0.71723142677122
4.96914475917306,0.782154892454773,0.826933868112443
4.91116199790495,0.714708998721466,0.977038788585625
4.84931608263902,0.620997425276924,1.15750084160796
4.77412100356355,0.500045222927692,1.34786819215142
4.6780312315479,0.360290821328217,1.52154192677081
4.5594359271199,0.216282694525063,1.65393335831988
4.42252211924605,0.0816403607444623,1.73120500484365
4.27366838778743,-0.0361943939019697,1.7534786605647
4.11801805419727,-0.136236229965033,1.730850596113
3.95829019436895,-0.221227932350124,1.67684752005857
3.79522634138604,-0.294971872569581,1.60372624893803
3.62848616603696,-0.360869956764118,1.52051395595798
3.45738320062621,-0.42144415859971,1.43285044872176
3.28132475521548,-0.478357470520187,1.34362904123338
3.10000160660019,-0.532611503158046,1.25383666227474
2.91341519038036,-0.584761614916164,1.16330953999885
2.72182338673331,-0.635089461742188,1.07130125958013
2.52566224052248,-0.683721941027101,0.976855494342818
2.32547515550221,-0.73070522691164,0.879019854012507
2.12186152846228,-0.776047118684287,0.776949773881277
1.91544545798182,-0.819739076574078,0.66994711203465
1.70686018182605,-0.861765859397267,0.557467997160777
1.49674236939554,-0.902107600306585,0.439124607489453
1.2857300191338,-0.940736975182483,0.31469815883161
1.07445718089811,-0.977612753475901,0.184175233361319
0.863537677139772,-1.01267026708832,0.0478153946148798
0.653528864442728,-1.04580902527259,-0.0937467428987042
0.444866308340165,-1.07687782475355,-0.23936840008695
0.237762342085548,-1.10565843068183,-0.387246710203123
0.0320668587502982,-1.13185070199865,-0.534770904664744
-0.172901973069776,-1.15506560427279,-0.678413444374922
-0.378534915335283,-1.17483838376746,-0.813708863684793
-0.587071799696612,-1.19068154131684,-0.935388736109758
-0.801622806464991,-1.20220224835833,-1.03777085705673
-1.02593711335813,-1.20930193136347,-1.11553254013546
-1.26374333151842,-1.2124406383994,-1.1649833391769
-1.51754365247988,-1.21287168772524,-1.18577637048003
-1.78705100772215,-1.21265731387681,-1.18253658416869
-2.06803591507055,-1.21427505269574,-1.16528161555183
-2.35270139390891,-1.21985541169335,-1.14749417123073
-2.63198104219182,-1.23044727785002,-1.14204838274392
-2.89855560890571,-1.24576574970898,-1.15710135944565
-3.14869831052451,-1.26449328620361,-1.19430276241595
-3.38218887753114,-1.28483742670163,-1.24978407958913
-3.6010042694404,-1.30503551792426,-1.31656766469116
-3.80786617066713,-1.32366418026845,-1.38683315357542
-4.00525696563104,-1.33973877928885,-1.45328409517187
-4.19499731877195,-1.35265125512447,-1.50961034508522
-4.37821885729184,-1.36202253552776,-1.5503951416326
-4.55551273291643,-1.36754700760262,-1.57087527980669
-4.72708383333869,-1.36888900282058,-1.56687567025979
-4.89282441044818,-1.36566801316778,-1.53508914266477
-5.05230469377701,-1.3575462837583,-1.47369480619181
-5.20474118379411,-1.34440389301444,-1.3831203129467
-5.34902655366418,-1.32654531585503,-1.26659117739188
-5.48387206817142,-1.30483776599563,-1.13006469653222
-5.60803475217271,-1.28067351455092,-0.981329121844614
-5.72053148827237,-1.25571637916931,-0.828454590823808
-5.82074146726065,-1.2315176882053,-0.67817330780059
-5.90836720439454,-1.2091738491354,-0.53482390923954
-5.98330038050065,-1.1891668129731,-0.400161747299607
-6.04546900460999,-1.17141244329326,-0.273897306998517
-6.09472651557204,-1.15544088310946,-0.154586231414356
-6.13080955210108,-1.14060485880857,-0.0405139013751617
-6.15336157791136,-1.1262404633053,0.0696352470543775
-6.16200297548685,-1.11174926832296,0.176389270045808
-6.15642467024387,-1.09660452730036,0.279358676258969
-6.13648762921238,-1.08030137481504,0.377310318529524
-6.10231862930654,-1.06227556262179,0.468398862170248
-6.05439706636783,-1.04181516325464,0.550542212349453
-5.9936216070869,-1.01799283545501,0.621971287656506
-5.92132142284334,-0.989659611768224,0.682024673523298
-5.83912819141607,-0.95556871620266,0.732265915930952
-5.74856283627437,-0.914733126898854,0.777907945264754
-5.65018101064027,-0.867126476595459,0.829211090405874
-5.54231494782695,-0.814720558774296,0.901864817079898
-5.41999295981057,-0.762483126695883,1.01453296664187
-5.27534177571527,-0.718321747787884,1.18162348595533
-5.1008473361678,-0.690560767944072,1.40180648305786
-4.89494132780774,-0.682875208386001,1.64923378860764
-4.66562593436621,-0.690448755483478,1.87930498250458
-4.42728883284477,-0.702383198123008,2.05036949458592
-4.19282877406492,-0.70856309830535,2.14294805166135
-3.96849736548952,-0.703954925678183,2.16099736322229
-3.75418452086512,-0.68817336128572,2.12106062351673
-3.54627235202174,-0.66320297797836,2.04172165541581
-3.3402236164577,-0.631607992529228,1.93813473299162
-3.13207234173545,-0.595654090477376,1.82056780025157
-2.91900446039394,-0.557025736577981,1.69490871258288
-2.69938941150977,-0.516820574223082,1.56380229544486
-2.47254538250332,-0.475639674668154,1.42777814132066
-2.23841955853828,-0.433689260812252,1.28612309195803
-1.99728072106823,-0.39085968775552,1.13744640570641
-1.74945778153385,-0.346770847293287,0.979971474805797
-1.4951131642814,-0.30078436045757,0.811617861626266
-1.2340090356668,-0.251992463410097,0.629947062344171
-0.965199356184868,-0.199215304670239,0.432072833545746
-0.686559320266817,-0.141101171010187,0.214743959495807
-0.394069186363246,-0.0765781282735424,-0.0249022232812706
-0.080892810637646,-0.00615225471381822,-0.286887863709677
0.263231897268698,0.0654359659249197,-0.562840140924052
0.65043698894941,0.125765022647035,-0.826956475624627
1.0866121525981,0.154478966573364,-1.02786077322007
1.55286045367905,0.136957245548646,-1.09886155076794
1.99400785589594,0.0997441854754332,-1.01659899591795
2.36267011701167,0.118905677435902,-0.870282598015277
2.67773831425234,0.236895306092752,-0.797968052523865
2.9875956798131,0.41313243735634,-0.857840376870742
3.31436749338908,0.586074220793756,-1.01380717927963
3.65183837090718,0.727113933823123,-1.19270044652315
3.98452468709674,0.839643203755096,-1.33628783163517
4.29986483392556,0.93825769554483,-1.41921020446735
4.59038601888287,1.03513910673557,-1.44053727590306
4.85200684360827,1.13698878554725,-1.40959758270797
5.08255773530948,1.24647327426252,-1.33723399881363
5.28109230413569,1.36386264129446,-1.2326806831403
5.44756324679251,1.48780139534831,-1.10309716438409
5.58253615511655,1.61542202063469,-0.953743917748979
5.68674247800218,1.74221057539501,-0.787971625399701
5.76037932100047,1.86210863378382,-0.606833627327159
5.80233032825277,1.9684040785739,-0.408645165645604
5.80994136292345,2.05556966052359,-0.189600748135922
5.78015754599006,2.12091115893954,0.0528489290648435
5.71180717731869,2.16373430753516,0.313801026022674
5.60682687942626,2.18173769447247,0.577174884787879
5.46828550117557,2.16931747906211,0.822723202949722
5.29710213038711,2.12185212251533,1.04145824701145
5.09166095712108,2.04135393082624,1.242655709902
4.8510498291088,1.93664363265324,1.44185985348299
4.57912167558803,1.8177570073698,1.63879922155059
4.28505896561584,1.68923126924187,1.806125503295
3.97810097975915,1.54929690107624,1.90447107916078
3.66213392811397,1.39594619223222,1.9094212603982
3.3364962409359,1.23104747504875,1.82041544243621
2.99943838911325,1.05870462895239,1.65000032946863
2.64894213371734,0.882204300077409,1.41395032162599
2.28141983512461,0.702087712569533,1.13409367551415
1.89211999128494,0.515252253323302,0.849930377909383
1.48056289770678,0.315424040002961,0.622853485204902
1.05931599506333,0.0958576121299549,0.513122179075703
0.655159541143788,-0.143392074183116,0.524317452750269
0.288304637894482,-0.386114554560972,0.562287922132731
-0.049509352777389,-0.608666102579799,0.50543537410473
-0.378353692639716,-0.802023967936375,0.319201777107736
-0.708093358405028,-0.972072288812056,0.0482164325694048
-1.03916059174138,-1.12752753008746,-0.249670799752125
-1.36880658064537,-1.27431856689171,-0.534389867756699
-1.6939638679354,-1.41523594409295,-0.785543723280544
-2.01193727605277,-1.55091955003699,-0.996121748688175
-2.32045350490789,-1.68081803438625,-1.16649542102222
-2.61762661892417,-1.80385654628385,-1.30057249239371
-2.9019974540213,-1.91885655741541,-1.40373547470289
-3.172657589173,-2.02480476946312,-1.48160289991345
-3.42937474658076,-2.12100412617995,-1.53880091756075
-3.672566786986,-2.20704617839389,-1.57738402009645
-3.90294066124923,-2.28250059884608,-1.59508719823472
-4.12066541453569,-2.34629063134475,-1.58417370398229
-4.32418262521788,-2.39595362948512,-1.53220860919117
-4.50926778287481,-2.42734185646357,-1.42630856158768
-4.66958180663595,-2.43559317650544,-1.26136278185662
-4.79979860821564,-2.41780288465191,-1.04899997672915
-4.89998753455525,-2.37596725197194,-0.818820829030957
-4.97665785540497,-2.31678397533799,-0.605487894253588
-5.0381741099163,-2.24731101631557,-0.430415090839461
-5.08931709795152,-2.17083746464366,-0.294913036963237
-5.12998082015369,-2.08665268460028,-0.187261704533985
-5.15721077803004,-1.99234243898953,-0.0931725323054821
-5.16768859287185,-1.88589658525003,-0.0023105146824749
-5.15924208652652,-1.76664691777368,0.0897161447449327
-5.13130693119675,-1.63528707688173,0.182087348585939
-5.08473840261449,-1.4934394886986,0.270551458542875
-5.02139656690627,-1.34309738889382,0.349206089901441
-4.94379046591676,-1.18610836558697,0.411835916900107
-4.85487156584585,-1.02373325525271,0.452912231523733
-4.75783717600929,-0.856246470925262,0.46880085188665
-4.65556471379877,-0.682615626996059,0.45988860680806
-4.54918031374985,-0.500551513198771,0.433855485945975
-4.43560420422065,-0.307485643816273,0.408819127142971
-4.30504533773797,-0.102805708581806,0.412944995794216
-4.14113158926521,0.109511975893464,0.475984205385998
-3.92761034340692,0.320472493378784,0.61053661752036
-3.66290406027631,0.5205991587839,0.79117578860917
-3.37092392308112,0.707077214857802,0.95691772092151
-3.0879391928516,0.884591197682503,1.0508502901029
-2.83548235535627,1.05881101466597,1.05644071290323
-2.61212752326529,1.23250895638255,0.992559859959793
-2.40478023254081,1.4065339983056,0.88909690821864
-2.20039136702226,1.58081667195486,0.771729341011377
-1.9906664581823,1.75374084690138,0.65831010489463
-1.77178677486911,1.92129765052079,0.559915194019546
-1.54247572971887,2.07745899769132,0.482278619201688
-1.3025618336205,2.21584094193578,0.426683676296308
-1.05266916213352,2.33156270748204,0.390719387132121
-0.794524555617542,2.42218103369794,0.369289053803133
-0.531112551805932,2.48746122426203,0.355895310227063
-0.266347611257915,2.52853245402561,0.344080599272885
-0.00440335271565321,2.5470889857053,0.328952073033033
0.251035107551484,2.54497904474894,0.308732393782403
0.49743784415125,2.52420517173621,0.286115695351215
0.733949894770629,2.48719205297569,0.268868498608442
0.961648578835023,2.43708772740251,0.268726923049875
1.1832730052566,2.37777363995661,0.297535960590403
1.40210212917224,2.31320538797099,0.360475244181534
1.62004814977243,2.24599625873857,0.449126482619895
1.83603786899316,2.17616874536225,0.540854817207731
2.0462541204814,2.10169066147265,0.608652472109805
2.24620522728012,2.02064102717139,0.634512638772351
2.43269333260598,1.9326593549711,0.614845502932688
2.60443641418486,1.83861078977307,0.556605865952768
2.76168045686392,1.7396024170557,0.470814056520714
2.90550075348563,1.63642911132762,0.368011040334693
3.03719927033351,1.52955284489047,0.256193156612749
3.15793790180639,1.41930477369693,0.140384813482951
3.26858442442009,1.3060672742062,0.0230664208054945
3.36968499540252,1.19035229886535,-0.0950468916391529
3.4614892606796,1.07278559608117,-0.214167883550717
3.54399083257619,0.954032054314901,-0.334686032960893
3.61697382498285,0.834690966315569,-0.456554475456541
3.68006906079397,0.715177070023802,-0.578821753311412
3.73282653849445,0.595594931619885,-0.699306516855496
3.77480818753197,0.475613668850814,-0.814429293362214
3.80569856556121,0.354357163523082,-0.919246291019498
3.82542204982158,0.23034377945307,-1.00776915278065
3.8342444073899,0.101542249744147,-1.07369282592662
3.83282390003163,-0.0343480642364115,-1.11165867946256
3.82216154949443,-0.179274405918601,-1.11905209372954
3.8033967061254,-0.333873957045942,-1.09791373599598
3.77745101945436,-0.496547092761111,-1.0558661012988
3.74466741704053,-0.663294623084213,-1.00471474333525
3.70468921304351,-0.828815735285219,-0.956591118788402
3.65667934459227,-0.98834948667181,-0.919630761933638
3.59970623557063,-1.13903739643095,-0.89577286702049
3.53305748698386,-1.28010848053469,-0.881453306705461
3.45639690534485,-1.41218365924305,-0.869978431629265
3.36980789342877,-1.53637236712081,-0.854006504297598
3.273780251379,-1.65360033798832,-0.827286801614184
3.16916789105775,-1.76428064960164,-0.785519097150016
3.05712590731981,-1.86826407591279,-0.726534257246409
2.9390324756791,-1.96495924834457,-0.650070620194092
2.81640386576758,-2.05352783976728,-0.557381840203766
2.69081148013628,-2.13309259286578,-0.450838040748068
2.56380603283039,-2.20292764960238,-0.333604234525503
2.43684780597703,-2.2626226362633,-0.209408866487345
2.31123665878006,-2.31221838615147,-0.0823530606338891
2.1880323166726,-2.35229451734287,0.0433418366955812
2.0679491043571,-2.3839324097878,0.163783740442921
1.95118579385054,-2.40837294517217,0.276166585485686
1.83712418627111,-2.42611939882505,0.379807844939437
1.72397411591357,-2.43554444186104,0.47724480797658
1.60902055365137,-2.43203070092162,0.575171383074033
1.49041699895229,-2.40905951930456,0.685045656029867
1.36990332031081,-2.36079428588777,0.822346348727414
1.25409914667944,-2.28443099341106,1.00241332307657
1.15284024600169,-2.18209351902892,1.23184237635913
1.07441226501764,-2.06208772817548,1.49799934308755
1.0193927673316,-1.9373217155104,1.76524298060522
0.978525294173217,-1.81978993472026,1.98800708677539
0.93858826825125,-1.71510414810002,2.13487372981299
0.890523727176694,-1.62197902560877,2.20099980372137
0.831974520729619,-1.53564461158149,2.20074073361219
0.764879650557378,-1.45115409635468,2.15399746638785
0.692488948779824,-1.36492343297172,2.07771717412526
0.617696038038785,-1.2749609114268,1.98342853863918
0.542515071654455,-1.18053940112892,1.87787952032296
0.468128593205621,-1.08175266069969,1.76456094035568
0.395120335735947,-0.979138621397209,1.6451187127055
0.323710134709549,-0.873419114236359,1.52035320834595
0.253928602909564,-0.765348204496404,1.39080392828978
0.185725329971392,-0.655641541862548,1.25701928597223
0.119024284450934,-0.544956522086838,1.11962429956627
0.0537435822638034,-0.433897521978785,0.979278893244827
-0.010205327488861,-0.323027197617113,0.836593253790967
-0.0729271635114279,-0.212871785780888,0.692044391619548
-0.134552137723075,-0.103914827229768,0.545920849536373
-0.195239261338373,0.00342054232449391,0.39830845832658
-0.255170920516921,0.108796024523785,0.249117815407921
-0.314538812017191,0.211981777563843,0.0981445404311374
-0.373522900055444,0.312871158566131,-0.0548514185314812
-0.432265046541872,0.411480888839825,-0.210060430433899
-0.490838677960717,0.507936428087902,-0.367542183890882
-0.549216882398845,0.602449011562027,-0.527158691206
-0.60724212603941,0.695294238679016,-0.688527413775025
-0.664598316880626,0.786799608481061,-0.850986705033608
-0.720782145242152,0.877342139701696,-1.01354532576976
-0.775071157348513,0.967350401838205,-1.17477259999678
-0.826493930196046,1.05729759618691,-1.33258272470332
-0.873823208021302,1.14766203600081,-1.48388076730245
-0.91563497871195,1.23882018675785,-1.62408184556503
-0.950500058408211,1.33083351909415,-1.74661213997085
-0.977382594205394,1.42311122271421,-1.84267689900759
-0.996271591500988,1.51400518965939,-1.90183367188848
-1.00890075066586,1.60054865595839,-1.91410427030075
-1.0190875011083,1.67873522850821,-1.87403842801587
-1.03196717173126,1.7446685146839,-1.78558964815467
-1.05185965357668,1.7961815040163,-1.66421470036737
-1.07994054309246,1.83352666344369,-1.53253255908248
-1.1136933015072,1.85810972259246,-1.41106297542204
-1.1486001045551,1.87016384000803,-1.31079363138181
-1.18054927625768,1.86712191765824,-1.23207261343492
-1.20752808701904,1.84330651724649,-1.16827189655246
-1.23041754729191,1.79042498308224,-1.11049231253197
-1.25342441038696,1.69833775215887,-1.05112437475469
-1.28471138681873,1.55617689504789,-0.985783116059929
-1.33734825885374,1.35456852553123,-0.913779622387331
-1.42970048559381,1.08996999277046,-0.837265827326302
-1.58297015211762,0.770992515651525,-0.759046187045754
-1.81353006016768,0.42320323430856,-0.679467984636788
-2.1218274514929,0.0858465638200421,-0.594209387152872
-2.48603919082535,-0.201935918671166,-0.495689551181039
-2.86751132588309,-0.416682466382798,-0.37824186709459
-3.224616659016,-0.556014444836149,-0.242420665813636
-3.52611035119377,-0.632546724423048,-0.0938760561668704
-3.7583419473608,-0.664007655458242,0.0613760398434044
-3.9242616549919,-0.665963879987249,0.219799009719881
-4.03620721145169,-0.648941795932874,0.379611541851595
-4.10814972720935,-0.618854417319969,0.538937642574167
-4.15139210714223,-0.578746656957562,0.694845075589062
-4.17364193674533,-0.53044150910475,0.843414339519343
-4.17968856917472,-0.475598420118646,0.980341244201514
-4.17234816350844,-0.416199804029088,1.10178208114841
-4.15311263659865,-0.354563780801036,1.20538563836479
-4.12238026120367,-0.292907847400452,1.2914573288348
-4.07934942401713,-0.232467749487882,1.36395554041113
-4.02182373526114,-0.17233784400225,1.43062700122091
-3.94637660970269,-0.108558093898182,1.50136581033472
-3.84941585773785,-0.0343012725613196,1.58439604228211
-3.72931676867442,0.0581798094129344,1.68152000279932
-3.58870252271256,0.174273101747065,1.78559875967219
-3.43491928468956,0.314163715117536,1.8828828269936
-3.27763667679442,0.472012101159951,1.95836663006076
-3.12506587440971,0.637023598694104,1.99937437634672
-2.9812419805018,0.795924181991963,1.99644997949652
-2.84553180599806,0.936955758245078,1.94454972770689
-2.71412786830618,1.05378733125686,1.84471741236886
-2.5822691958241,1.1465043055893,1.70357522188582
-2.44579842581758,1.21946635487092,1.53039511660462
-2.30165127616743,1.27837695776653,1.33403689877135
-2.14768483740516,1.32835350391408,1.12129318095577
-1.98229277620738,1.37321749740226,0.896582893615145
-1.80401870279349,1.41551555662205,0.662345413665864
-1.61124021742254,1.45680033383463,0.419653043746017
-1.40200185231406,1.49788977654883,0.168894585824656
-1.17417195787317,1.53894898403298,-0.0893728437601028
-0.926103408867674,1.57931023936745,-0.353367591613829
-0.657559949010095,1.61706185155462,-0.619296221038959
-0.370152203383501,1.6485786497729,-0.881443041906256
-0.0669764652911538,1.66821064923528,-1.13246342189447
0.247859073813619,1.66856646214294,-1.36170118300969
0.568915243722155,1.64266196828896,-1.54957865069052
0.887926206651934,1.59011530035109,-1.65942724370174
1.19293987088806,1.52831312677895,-1.63661113489402
1.47524421649195,1.49928368380252,-1.43842995026982
1.7476212862772,1.5357533061421,-1.11295551313457
2.03585842345681,1.58225055769582,-0.827987386482293
2.32562293904121,1.54048537909723,-0.693705178469813
2.57383844158131,1.39604269560125,-0.653886845656411
2.74881431864478,1.18135809086758,-0.616479526230252
2.83109621677478,0.908118450846441,-0.547293634490075
2.81860715414463,0.555360426883356,-0.463275474606172
2.75136159690295,0.0844940778546669,-0.393238377481107
2.71211626551524,-0.528434076798107,-0.334196773549054
2.76299640245969,-1.2707870682501,-0.246451547199591
2.9117482318152,-2.07216067613139,-0.127041886520016
3.1510073999886,-2.78031823517164,-0.0316327170238448
3.45754439846873,-3.29872982275924,0.0306945514974733
3.77812704251767,-3.65615502271224,0.114819038620051
4.05749023048387,-3.8941043290465,0.260231428272731
4.25793650308428,-4.033129076181,0.458385050435421
4.36609410672041,-4.08791503079787,0.666154386284591
4.38704069378491,-4.07030385946017,0.828237985861802
4.33158403153102,-3.98414172021371,0.898941412627815
4.20598381667391,-3.82158494595723,0.882249388240108
4.00659723184032,-3.57473074343146,0.891699685428594
3.73107727649546,-3.27789692297848,1.14185774645382
3.42858665050861,-3.02687825614265,1.66922509891412
3.1719185957469,-2.84446675513579,2.04578897883788
2.94251413004597,-2.66997699764194,2.0051344479306
2.7046731136679,-2.47959441069496,1.68866961473861
2.44317752242458,-2.26727002447855,1.26485964471677
2.1530042172602,-2.03061040372727,0.818059390832006
1.83591043157548,-1.7684967071631,0.373943549952551
1.49361608786106,-1.47641575812909,-0.0619863420705797
1.11496643357964,-1.14431315418134,-0.47134546776228
0.664038212536132,-0.76840005419483,-0.803237329379339
0.0967858371846378,-0.384266258402741,-0.993021578875105
-0.56251913081528,-0.0720606307788181,-1.03916111317413
-1.20917930700315,0.135586118005608,-1.02164871898812
-1.80090404643349,0.274220806467397,-1.00888307020649
-2.38709508537864,0.344615386472043,-1.04158846395842
-3.00596533883786,0.293125257672593,-1.0954097703958
-3.59267263085215,0.140934597521308,-1.0770631731529
-4.05971023502106,0.0773054469467298,-0.942886964544674
-4.41511787220375,0.219975360158104,-0.723674697146042
-4.68491887884922,0.488366226134673,-0.453060916316304
-4.87026504633384,0.786115521302569,-0.155139081638007
-4.96975637250945,1.07296104558394,0.151964556941276
-4.98861558814762,1.33886952960085,0.457184585658147
-4.93807054030749,1.58219990020976,0.74860209453291
-4.83180560416233,1.80148170412138,1.00117565274729
-4.68208099797005,1.99490542239421,1.18067657999299
-4.49788704921933,2.16281824356922,1.26680679656548
-4.28451134600566,2.30796155074121,1.26717266538172
-4.04403514449357,2.43294086971199,1.21001413013956
-3.77795202594472,2.53794309720406,1.12879635480837
-3.49105600782794,2.62055513746907,1.04664835270552
-3.19318783522777,2.67809622910056,0.964602252866244
-2.8959458954691,2.71069936560957,0.863379737974102
-2.60668559113566,2.72156512419023,0.721218736504011
-2.3257948121759,2.71435692626604,0.530825314609305
-2.04886802120573,2.69136976958664,0.301104324927398
-1.77044475884379,2.65361102990511,0.0487994743057257
-1.4865559532456,2.60146255701917,-0.209715149936248
-1.19555165680633,2.5350640612254,-0.462532187302392
-0.897610916517916,2.4543204555347,-0.70260270139126
-0.59338668970235,2.35867490819578,-0.925635611421924
-0.282185788803521,2.24692727046181,-1.12613669385718
0.0396047568461427,2.11759059187457,-1.29191008542458
0.378311157307598,1.97042959530523,-1.39888550437218
0.738937703975794,1.80934996879891,-1.4122659721505
1.11720958329457,1.64474561241421,-1.30354971170894
1.49414940124203,1.49058150399258,-1.08348037549963
1.84441389050623,1.35556059439044,-0.816878371557818
2.15357552127911,1.24023706213379,-0.579970329337024
2.42142397660094,1.14550976704225,-0.404418482621083
2.65024861684439,1.07993985531532,-0.274610334664619
2.8341663984496,1.06009842187169,-0.158104047358431
2.95449882097731,1.10390027621648,-0.0283793102538671
2.98530262267386,1.21112420162709,0.126903013637037
2.92138618240734,1.338557158834,0.305458840934102
2.80846920344888,1.4128215306662,0.497907191551977
2.71096297861657,1.38706989920405,0.700039446885678
2.65216492178098,1.26369174356362,0.911081510563036
2.61787644929962,1.06874187398298,1.12018304021293
2.5914390156281,0.830017181073299,1.30429774924201
2.56720470275428,0.570498382370601,1.44074461842046
2.54573673222129,0.306278732004965,1.51909847708014
2.52771814847037,0.0462845238526642,1.54209859394268
2.51230448834171,-0.205787012700981,1.51935548780424
2.49791070677906,-0.448875437745613,1.4613879178518
2.48311708104079,-0.682768468162066,1.37680591528228
2.46705029436658,-0.907307517328908,1.27184700799983
2.44938822711817,-1.12219748888429,1.15090778540628
2.43020994766073,-1.32706483620592,1.01727372029397
2.4098078102158,-1.52158052069037,0.873754630546146
2.38849901157528,-1.70558295003688,0.723172617631632
2.36644221911221,-1.87918588262965,0.568715547157487
2.34346403688292,-2.04286373514198,0.414159565018658
2.31891335200462,-2.19749479910693,0.263933989837963
2.29157715038072,-2.34432952402441,0.122978317555942
2.25970185310776,-2.48485168920899,-0.00366151913563252
2.22116543206228,-2.62052487621718,-0.111520998255521
2.17383107691143,-2.75246395386968,-0.197637050552865
2.11606753031186,-2.88112682918695,-0.261515300370267
2.04732788495213,-3.00615824095263,-0.305791548164681
1.96856044741229,-3.12649736263688,-0.336145972242042
1.88218644105707,-3.24075783381885,-0.360209758729652
1.79154343893549,-3.34773695295079,-0.385710763518113
1.70001220084862,-3.44682229187109,-0.418615941461458
1.61024555338752,-3.53812962307505,-0.46205395103607
1.52380441203326,-3.62237375178388,-0.516286156549332
1.44121509568566,-3.70059990653728,-0.579423387298092
1.36226483022108,-3.77391493030371,-0.648382583958734
1.28634021981256,-3.84329642678454,-0.719715047818719
1.21269812727903,-3.90949435920255,-0.790164817398405
1.14063980097133,-3.97300531862975,-0.856968554925841
1.06960208307906,-4.0340914587419,-0.917966790741722
0.999191812945192,-4.09282065096082,-0.971599217781346
0.929187125784307,-4.1491121912244,-1.0168396832647
0.859522743592467,-4.20277920561224,-1.05310759964736
0.790270088844131,-4.25356370722529,-1.08017752450029
0.721618381384287,-4.30116323254314,-1.09809822590718
0.653859785564111,-4.34524959610839,-1.10712576092954
0.587379792805453,-4.38548099845693,-1.10767089049861
0.522652963744773,-4.42150884395387,-1.100258691109
0.460243601132097,-4.4529804150549,-1.08549685784396
0.400810640008157,-4.47953815816153,-1.06404848918045
0.345115853633702,-4.50081585067939,-1.0366048393865
0.294034249414428,-4.51643137618438,-1.00385354344969
0.248565155695174,-4.52597525365636,-0.966438261314828
0.209841851229487,-4.52899348282365,-0.924906810607678
0.179136478729405,-4.52496276999398,-0.879647041723421
0.157855149331872,-4.51325602323354,-0.83081331553324
0.147515222138444,-4.49309662588148,-0.778251648298383
0.149692459586041,-4.4635022922731,-0.721438060599011
0.165920391788315,-4.42322463237428,-0.659451310773544
0.197519690436878,-4.37070051841165,-0.591005862789677
0.24533668974413,-4.30404668620293,-0.514570395839998
0.309386361801984,-4.22114679849194,-0.428587406296023
0.388436062315907,-4.11988967805,-0.331787041805009
0.479633041364214,-3.99859798876031,-0.223553439051934
0.57834677488747,-3.85661669799405,-0.104262909107672
0.678411108434249,-3.69491376819108,0.0245104588349916
0.772853468995579,-3.51643936765591,0.160010902960523
0.854993473545238,-3.3259937247678,0.298563131466342
0.919586054425646,-3.12952651748156,0.436013667188695
0.963619841967701,-2.93306168465752,0.568220996346833
0.986518928202479,-2.74163341802477,0.691472794670152
0.98975078593684,-2.55859637364848,0.802776562833173
0.976062791262311,-2.38546403748896,0.900032844635366
0.948651459342427,-2.22218858625059,0.982110689876353
0.910508026363454,-2.06766364204862,1.04882256802071
0.864049181439498,-1.920238808828,1.1007902827632
0.81101471483118,-1.77812159984907,1.13921979702441
0.752543825762536,-1.63963276880686,1.16563458767714
0.689331878853935,-1.50333569827149,1.18162650138613
0.621794711229289,-1.36807836077209,1.18866748550882
0.550201295744293,-1.23298303895076,1.18799961783235
0.474762226369144,-1.09740887490441,1.18059867571482
0.395677082175529,-0.960902973845085,1.1671938788002
0.313150282446136,-0.823149400435277,1.14832261532295
0.227386145722457,-0.683921678265936,1.12440063459598
0.138572495941385,-0.543042400930878,1.09579223893598
0.0468601748725159,-0.400352490678973,1.06286939257374
-0.0476558840702475,-0.255691952287581,1.02605241919944
-0.144949568126693,-0.108893337292823,0.985827898735502
-0.245066876726861,0.0402116666145486,0.94274177067183
-0.348116800941443,0.191773204947044,0.897367943397629
-0.454248127801035,0.345893920757624,0.850255289994235
-0.563612224370942,0.502593209601316,0.801858970895085
-0.676314286876883,0.66177082093059,0.752465433372029
-0.792358547120737,0.823177132212835,0.702123656804196
-0.911596011187347,0.986398071639669,0.650597239274961
-1.03368550794634,1.15086165188654,0.597351435946016
-1.15807889215733,1.31586982470619,0.541585068416644
-1.2840380956394,1.48065396318888,0.482309058490233
-1.4106852316263,1.64444590279203,0.418462628760699
-1.53707859351663,1.80655128777747,0.349048165561714
-1.66229999199345,1.96641025793566,0.273260219587271
-1.78553540640803,2.12363335647852,0.19058563802444
-1.9061327977638,2.27800701372677,0.100859976019234
-2.02362716429135,2.42947054987346,0.00427694336179679
-2.13773082268382,2.57807267620436,-0.0986414100029437
-2.24829370853971,2.72391851956827,-0.207098594522882
-2.35524282548435,2.86711848308149,-0.320082860721567
-2.45851222476097,3.00774906785153,-0.436411239633228
-2.55797686123625,3.14583447540489,-0.554735469072154
-2.65340787251453,3.28135688326554,-0.673480403443109
-2.74447589360515,3.4143015805597,-0.790673655183511
-2.83084453948793,3.54473693241542,-0.903610597785365
-2.9124156584302,3.67291116673441,-1.00829480346547
-2.98979741560063,3.79930797171478,-1.09863714196741
-3.06502536503869,3.92453323527683,-1.16556526246722
-3.14238433111722,4.04882016111663,-1.19661604774353
-3.22870179242135,4.17092632574288,-1.17734450864102
-3.3316743602106,4.28651460682305,-1.09655019230614
-3.45463424678931,4.3871549807876,-0.955761420315913
-3.58967889252936,4.4622659504711,-0.776526947461461
-3.71763481282215,4.50435311472271,-0.593063674765168
-3.81903231747192,4.51250188257203,-0.431384803914725
-3.8842825813357,4.49006682497384,-0.296434160366507
-3.91319494406271,4.44001721027777,-0.177237550232116
-3.90905061643548,4.36233484837541,-0.0586563929336952
-3.87416825490671,4.25400011916223,0.0703308909680755
-3.80840952321358,4.1103705653783,0.213190430999021
-3.7095688306843,3.92674907151323,0.365675543788458
-3.57434003377551,3.69943915276395,0.517438706921826
-3.39891071708485,3.42630344185236,0.654254744552226
-3.17882491182717,3.10742316061417,0.760220481378436
-2.90845581640176,2.74664677039114,0.819984661307858
-2.58128114046193,2.35428696739618,0.821573496713016
-2.19271809439786,1.94935229240251,0.76014401295602
-1.74568411059646,1.55729377799203,0.641388860535985
-1.25456823336513,1.20090572559187,0.48139512422042
-0.741862992379689,0.889904219903715,0.301189874714034
-0.228769272567751,0.618594201590186,0.119091892242402
0.272436491306667,0.37313517576589,-0.0541360809183398
0.759471666631732,0.141552778482233,-0.215328233308257
1.23543700371401,-0.0802854431168275,-0.365178327168239
1.70226074059186,-0.289860659897231,-0.503612527723275
2.1579183648584,-0.484729802961055,-0.628127910109558
2.60191645814162,-0.667165587371005,-0.73599659112359
3.04537237064562,-0.837781686970427,-0.825343257550911
3.51148433178099,-0.977803669883159,-0.888849721389878
4.00936011543203,-1.03880566573078,-0.902467238632932
4.48883711836115,-0.981531626593205,-0.827126364864682
4.84815952903251,-0.871277699398869,-0.640844010747847
5.04218731833323,-0.877302966176787,-0.366639544674751
5.11824416015186,-1.08076531464605,-0.0438813919874256
5.11467703588592,-1.40801895670573,0.299591357625541
5.03095600108444,-1.76357721300767,0.636488762340075
4.86259796073542,-2.09864075837436,0.93539901472503
4.61568890053128,-2.39691105039695,1.16837405808357
4.30326726468202,-2.65436438627303,1.31764925352915
3.93912139842807,-2.87028270091311,1.37850348318241
3.53408537355573,-3.04438162346839,1.35868625801283
3.0957532964301,-3.17612515924989,1.27397118341766
2.63066606565442,-3.26497108562055,1.14007821678121
2.14621362549683,-3.3110659422179,0.964835189070383
1.64975697604031,-3.3159597728601,0.747263205695858
1.14583970597611,-3.28310629582978,0.485782095212382
0.634704002981165,-3.21796637050427,0.188537109389841
0.113216446259993,-3.12734078240914,-0.121387532070057
-0.422683670411323,-3.01685793272112,-0.404916290501698
-0.972668660229422,-2.88567068395427,-0.610352789145519
-1.52315909126344,-2.72384510727614,-0.694603518841561
-2.04636366622739,-2.52517107738952,-0.663234868189559
-2.51603281133174,-2.30452701521376,-0.573463733674491
-2.91747807503446,-2.08360529467292,-0.476300646113494
-3.24608850843975,-1.86299168270362,-0.385436251439305
-3.51189924867022,-1.62450108695048,-0.296338065364496
-3.73328188194337,-1.35290042216372,-0.196435271292555
-3.90788116726635,-1.04428073793892,-0.063633606124283
-4.00812265914555,-0.70178439426116,0.112894293738811
-4.02421241550086,-0.340254936978063,0.311627690126455
-3.98012793475616,0.0226702002726407,0.49411106959312
-3.90036494918165,0.386357058762869,0.630503605119853
-3.79112571551546,0.757478489398597,0.709901874043148
-3.65006288239971,1.13215868908707,0.736109663910912
-3.47751845549521,1.49761733583364,0.715891655503784
-3.2778548836898,1.84134239413752,0.654305013906851
-3.05576357267786,2.15576066435375,0.558723760891738
-2.81333073070925,2.4395131687822,0.443367086289566
-2.54993938361288,2.69743734203959,0.329184518856342
-2.26503087244865,2.93866269326596,0.237828861348938
-1.96223949362953,3.17182969932537,0.181063274106735
-1.65158466321273,3.39869309086275,0.151075530550574
-1.34634364149056,3.61130115401588,0.121926801594125
-1.05620820379257,3.797501067706,0.0663755048387657
-0.783424637810167,3.94980724373992,-0.0267930699464231
-0.524624740877177,4.06830597220707,-0.151125432869304
-0.274665169361,4.15756729379637,-0.291902399098867
-0.0291545287522442,4.22303444777654,-0.434616403995983
0.214757973083608,4.26932488038489,-0.568469011234365
0.458605493219062,4.29998609252906,-0.686316452563287
0.703158400656203,4.3177764358499,-0.783018489300693
0.948862284681148,4.3248786918949,-0.85341089113213
1.19587756716828,4.32277755995835,-0.890747297090157
1.44361427385603,4.31180274559741,-0.886523669522268
1.68994853953621,4.29067976475167,-0.832646730254197
1.93070363001361,4.25678009858139,-0.726117021879745
2.16013959485415,4.20764488184674,-0.574130204341674
2.37256780116334,4.14321012466426,-0.395082110403895
2.56401325381608,4.06675476576353,-0.212479633850306
2.73266320986826,3.98325597551795,-0.0453314534613965
2.87823185470369,3.896549042479,0.0974975586108657
3.00132829804973,3.80774149736532,0.216089683128465
3.10330435545329,3.71557316678178,0.314879653699367
3.1862115680467,3.61771579466314,0.398876814747782
3.25242435238432,3.51188889062517,0.472133110435101
3.30390142430927,3.39630635440671,0.537771475710203
3.34145700590548,3.26954511381011,0.598472074992842
3.36452934629531,3.13027441513267,0.656780507091923
3.37168632087645,2.97734837867337,0.715139054026061
3.36165704140485,2.81044623738702,0.775762560969157
3.33435951977713,2.6308871121896,0.840394355719579
3.29141528912213,2.44191943951691,0.909877383347677
3.23592852082659,2.24806025115707,0.983614734890604
3.17166916945492,2.0537388150805,1.05924897914119
3.10206930519343,1.86197459006622,1.13289382245047
3.02947429057485,1.6737315490828,1.19992073035309
2.95487963709324,1.48813464704418,1.25596823463009
2.87812190975129,1.3032987301074,1.29777555890335
2.79834418956551,1.11730709704792,1.32358762804778
2.71452228681758,0.928915023970513,1.33308256800901
2.62587166749101,0.737787495749738,1.32695953669262
2.53204433310464,0.544352387662452,1.3064267053922
2.43313258220068,0.34948636513332,1.2727944273373
2.32956103117423,0.154217861563529,1.22725443380039
2.22194912082945,-0.0404721975530321,1.17081629024457
2.11099295796884,-0.233751177553999,1.10433102633243
1.99738243176524,-0.424967587083499,1.02854289750132
1.88175098994923,-0.613646812369808,0.944137314826443
1.76464928839129,-0.799470648332514,0.851774412145166
1.64653410831827,-0.982252133706994,0.752108854752534
1.52776613583015,-1.16191104207255,0.645800237722468
1.40861241676491,-1.33845202166466,0.53351853282324
1.28925094476543,-1.51194577045376,0.415947924452694
1.16977591477501,-1.68251295932857,0.293791140671136
1.05020283320258,-1.85031038623962,0.167775401829773
0.93047307784423,-2.01551881237507,0.038660407550591
0.810457758442493,-2.17833197326513,-0.0927517019032995
0.689960919651509,-2.33894631996409,-0.225604820545783
0.568722288743902,-2.49755111140486,-0.358976474770996
0.44641993338126,-2.6543185507021,-0.491865492821918
0.322673377923777,-2.80939373149375,-0.623180973690788
0.197047948157248,-2.96288424953239,-0.751734118848272
0.0690613900148592,-3.11484944387474,-0.87623489120949
-0.0618058500955176,-3.26528936291748,-0.99529590365007
-0.196094915474953,-3.41413370571358,-1.1074463044641
-0.334345309455811,-3.56123116386105,-1.21115848446983
-0.477062011790721,-3.70633976177939,-1.30488976726532
-0.624671420344103,-3.84911892138338,-1.38713932411138
-0.777466335049339,-3.9891239636223,-1.45651689092549
-0.93554338912497,-4.12580346280014,-1.51181447175933
-1.09874070018227,-4.25849917829201,-1.55206624379173
-1.26658768080797,-4.38644731098506,-1.57657808332206
-1.4382803280156,-4.50877910570694,-1.5849103367382
-1.61269112204962,-4.62451925797039,-1.57680833976334
-1.78841215043882,-4.73258278172398,-1.55209294330211
-1.96381652767442,-4.83177419888251,-1.51054000991125
-2.13711338202891,-4.92079506817389,-1.45178254482237
-2.30637161985171,-4.99826577973224,-1.37525500289948
-2.46949741766025,-5.06276781177739,-1.28016914545123
-2.62416295386135,-5.11291966865113,-1.16547664216236
-2.76768972992967,-5.14751854300485,-1.0297545308274
-2.89688344941952,-5.1658062577612,-0.87097427928507
-3.00780070657064,-5.16793050019053,-0.686224583171547
-3.09540670141625,-5.15562244267976,-0.471684735941742
-3.15306032948742,-5.132921630016,-0.223433656042089
-3.17174963485779,-5.10637492617324,0.0602487982274783
-3.13912225749146,-5.08358773840745,0.375073568912276
-3.03904217114557,-5.06883454501885,0.706885548751621
-2.85399371679209,-5.05589341439737,1.03034305589116
-2.5732489291908,-5.02238149974724,1.31227080892345
-2.20456905982549,-4.93341462241788,1.52068577723347
-1.77862845985435,-4.75652868109559,1.63715816986066
-1.33908905716432,-4.47644632877599,1.6637269421536
-0.927383184584358,-4.09865464047239,1.6181994897421
-0.573840750176801,-3.64521126779313,1.52412969619161
-0.294846877582382,-3.14935960739441,1.40453481516664
-0.0923842655533108,-2.64762324443814,1.28089868807393
0.0419571880566827,-2.16763945295398,1.1745778314456
0.117292715637884,-1.71732097026704,1.1066565035135
0.136169082993841,-1.28325803133761,1.08998961189844
0.101367767446764,-0.841702881746952,1.11195344718737
0.0324724348175676,-0.378535756794712,1.1269836928465
-0.0354379156345536,0.097021662354895,1.08275217627093
-0.0779560496195294,0.561598252244925,0.956970644195335
-0.0964633851383255,0.9996313914945,0.76203144062529
-0.107012937039156,1.41261906681292,0.523864918882649
-0.123505004504339,1.81147640073626,0.263048559398636
-0.150225127972231,2.2071247795088,-0.0106616464565734
-0.182862494449578,2.60834879932016,-0.290930817220795
-0.215255710205595,3.02101541284462,-0.552831408116631
-0.253945333642204,3.427589647956,-0.723917318495763
-0.313406657642959,3.74669366045219,-0.731181420124838
-0.347247067971179,3.90008929151587,-0.659227452938801
-0.281806855043481,3.94295849448287,-0.67761266069296
-0.116442660431749,3.90237598784211,-0.783150932660212
0.128777551760701,3.70354887257451,-0.891095792479848
0.444574353363077,3.34272028052086,-0.857225095489592
1.02214102952481,2.91694380912222,-0.437100129920516
1.93462881124729,2.6732016036623,0.0791973286757732
2.39413415693257,2.67747254706206,0.33387398285149
2.37949340018995,2.24694608883888,0.434756836047971
2.71360131415755,1.47087113326832,0.549400764572133
3.27884216727179,0.856544749139055,0.868535186423316
3.44849338342822,0.389378017744125,1.27466622628237
3.17027755611432,0.00219521805081804,1.52256888250272
2.68513846019301,-0.339108215540014,1.51683352861082
2.09647815047708,-0.649026598220366,1.23803732698488
1.44375813543635,-0.93990978304632,0.717234296348023
0.742558756637593,-1.21821426501109,0.0311162799789763
-0.00579299143849675,-1.48199523725443,-0.703623588341651
-0.815057595025132,-1.72432353480581,-1.35010532513173
-1.71728194318364,-1.94891521881721,-1.76347878175877
-2.71507918964822,-2.23203743902479,-1.71530566140108
-3.60719289908912,-2.99205605333417,-1.09628586916369
-3.45005577272471,-4.93993035628603,-0.201682273733753
-1.98888552848639,-5.56363042833452,0.727133286018049
-2.06801274547729,-4.77399559120818,1.57948773282873
-1.98410365378635,-3.78075618710886,2.3021361998934
-1.63005827504741,-2.75554920884131,2.48829424745095
-1.26940430760172,-1.86148800300998,2.14647903197992
-0.919974536190968,-1.07112272494789,1.47917144605533
-0.56522327943806,-0.374319793953289,0.692463902467789
-0.220835521429537,0.222534530385809,-0.021457281590658
0.0775319441503136,0.724882072381461,-0.561671214699726
0.319982730528235,1.1483371561273,-0.935487043760485
0.518271894370588,1.5129936076678,-1.19333259877629
0.685646441789976,1.83526836033984,-1.38061994650644
0.831461177094686,2.12496043372806,-1.52628223369529
0.961845663057025,2.38773332922592,-1.6464500382098
1.08076957335936,2.62746066552253,-1.74921791841248
1.19076431360596,2.84731028307604,-1.83804391501974
1.29339492173755,3.05005504656525,-1.91397506466602
1.38957674017809,3.23809470907873,-1.97701055773145
1.47979281064166,3.41343760529124,-2.02684937574277
1.56424742420161,3.57772160936157,-2.06322776453153
1.64297878414588,3.7322741724513,-2.08600767201689
1.71594518759855,3.87818766826078,-2.0951309339731
1.7830932521865,4.01638689557777,-2.09051563839956
1.8444125343653,4.14767298298475,-2.07194530464611
1.89997758303265,4.27273564451596,-2.03898701241909
1.94997559103688,4.39213266633037,-1.99096731054152
1.99471532114654,4.50624228579753,-1.9270296228905
2.03461129792894,4.61520119282292,-1.84628887742785
2.07013722667267,4.71884758903182,-1.74808375223693
2.10174543294092,4.81669299709327,-1.63230177278774
2.12975593640286,4.9079449980991,-1.49971950578311
2.15422953289611,4.99159245995762,-1.35226866303396
2.17485129621253,5.06654434670109,-1.19312636425856
2.19085845982564,5.13178786082962,-1.02655313663894
2.20104324483065,5.18651318172568,-0.857471761630523
2.20384505430037,5.23015407592613,-0.690873048041597
2.19752417023128,5.26232179046382,-0.531205796859908
2.18039214102332,5.28265411160426,-0.381915484205126
2.15106893827723,5.29064111174938,-0.245233579969991
2.10873908466332,5.28550492983444,-0.122223251711692
2.0533778226991,5.26619676126818,-0.0130077317650846
1.98590956277706,5.23153638652121,0.082925132043275
1.9082524562387,5.18047065927383,0.166435900275196
1.82321029815255,5.11238264536334,0.238519905434545
1.73420500969271,5.02735898953247,0.300181508760025
1.64489130527195,4.92633198242875,0.35238088936461
1.55873625284566,4.81105393972299,0.396024730501058
1.47865739796709,4.68391724831888,0.431973507385385
1.40678848985098,4.54767826368813,0.461047712503564
1.34439655948771,4.40515973162864,0.484026307968433
1.29193110660585,4.25899439092281,0.501638372893419
1.24916120011514,4.11144485090915,0.514552106460663
1.21535198866979,3.96430686662936,0.523365215121564
1.18944174703282,3.81888392002035,0.528599100790978
1.17019532959442,3.67601241457435,0.530697550710644
1.15632347394961,3.53611622177314,0.530029426355325
1.14656705986379,3.39927306893772,0.52689423722694
1.13975099170057,3.26528041384528,0.521529314217049
1.13481477890721,3.13371331896101,0.514117384031091
1.13082729786284,3.00397074385806,0.504793555930786
1.12699256009733,2.87530950247448,0.493650985288073
1.12265221433042,2.74686705796221,0.480744740647381
1.11728932561093,2.61767560442289,0.466093670250796
1.11053685788874,2.48667077096665,0.449680366090157
1.10219324227898,2.35269900430061,0.431449710312011
1.09224633180505,2.21452840578503,0.411307035058296
1.08090571671679,2.07086860407649,0.389117721369137
1.06864151216568,1.92040609730734,0.364711181800818
1.05622499000376,1.76186219466851,0.337893625563402
1.0447624892405,1.59408075122504,0.30847563997934
1.03570878350988,1.41615147677214,0.276321971762272
1.03083994489518,1.22757035423212,0.24143099525701
1.03216035590262,1.02842980125675,0.204048635509064
1.04171759399632,0.819615882436996,0.164813923267635
1.06130880578855,0.602968115515888,0.124919159202123
1.09209063657593,0.381334270481979,0.0862472433522824
1.13415524070965,0.15844203928667,0.0514273589886298
1.18619563957746,-0.061466197823524,0.0237400945953481
1.24541859082285,-0.274212851206316,0.00682087180168885
1.30782257038794,-0.476342571352029,0.00416649185540985
1.36882347260772,-0.665635040731912,0.0185322393182875
1.42404102252563,-0.841273347580283,0.0513782519788216
1.46997388284208,-1.00361892614505,0.102539055382817
1.50436351719834,-1.15373223509087,0.170231362666104
1.52621841871559,-1.29287227829867,0.25140616010277
1.53560839298335,-1.42215661453125,0.342339869599058
1.53336718928572,-1.54243178703437,0.439291248066656
1.52079184996542,-1.65429489536734,0.539050672056234
1.49937085847538,-1.75817191617465,0.639271662418375
1.470548060349,-1.8543816148252,0.738565401640828
1.43552831763884,-1.94315300449611,0.836410418637208
1.39513470375092,-2.02459087530393,0.93295218179047
1.34972783896733,-2.09859494761371,1.02874323741299
1.29919831930238,-2.16474560142211,1.12442827471328
1.24304542629634,-2.22218546820835,1.22034136386145
1.1805541758265,-2.269554825545,1.31598410861015
1.111065594044,-2.30506685409021,1.40941480148933
1.034290427114,-2.32680447258189,1.49669499578126
0.950551881117432,-2.33324618938146,1.57165265219544
0.860801192733049,-2.3238820432832,1.62621646787676
0.766293958387154,-2.29963896548381,1.65136223823923
0.66796576806671,-2.26282835553515,1.63835095394065
0.56572296991754,-2.2165183996234,1.57967333634048
0.457928551824248,-2.16350881949707,1.46917761250269
0.341239936441648,-2.10523455527401,1.30123247846986
0.210699259624005,-2.04081136931724,1.06925542921433
0.0596915068707906,-1.96606479136002,0.764464115520178
-0.120857436900816,-1.87182551273456,0.376814806096745
-0.344201063442839,-1.74034726687377,-0.0974934678505778
-0.624643508991567,-1.54030190238352,-0.638699407335352
-0.954396649688497,-1.22809222642927,-1.18393799033409
-1.2902659116341,-0.769232432338778,-1.59636622916126
-1.61279860396596,-0.186127429396121,-1.64543266483107
-1.98009227752421,0.400430627330162,-1.17997756828045
-2.57991733820956,0.794782113829279,-0.338855092841694
-4.17278807445238,0.147013168147442,0.703549082660685
-4.17552348185644,-1.13440554101523,1.76399193640591
-3.06776686384262,-0.87543127936372,2.36469775904574
-2.02668304351773,-0.839368475143239,2.35084020944225
-1.06027534315327,-0.929498811051948,1.77786053802445
-0.296290942331982,-0.974125487332916,0.846069515263913
0.416631299354027,-0.940026022509493,-0.182475414360366
1.14250075549862,-0.876722438430742,-1.00196111165007
1.85307396569972,-0.776563685494723,-1.49907107823024
2.54912592014422,-0.662632383467327,-1.74236094070789
3.19533633248547,-0.570749764776855,-1.75474948527603
3.72365193253576,-0.487703125931079,-1.49315917494709
4.05401357332817,-0.41021156000337,-0.944272169562519
4.09523707248794,-0.365768496097426,-0.180105942312892
3.92682508456669,-0.150080915993759,0.602637907438277
3.6353983201585,0.230941528846552,1.21710603696263
3.22663630076189,0.626151255565963,1.61131243115446
2.73423895169254,1.00653150222018,1.84233286109207
2.17707953197933,1.34273208936941,1.96863703028895
1.59641687835509,1.61947447716102,1.96451615890439
1.0576441189961,1.84695491017204,1.79996131993613
0.592737961670772,2.03073119217823,1.51354634160951
0.196822358296741,2.1710041019518,1.17042874567946
-0.141911336338538,2.27181450663036,0.822667921506508
-0.430059921364587,2.34043221402467,0.503003222074763
-0.670775747015731,2.38467715581239,0.22812861671528
-0.867451477478266,2.41162114247635,0.00258581463809645
-1.02514993840953,2.42705213836454,-0.176921580544623
-1.15003255260324,2.43527185752311,-0.317340582891105
-1.24826427475484,2.43920492867093,-0.42630042985469
-1.32529974258948,2.44070795517958,-0.510632005299726
-1.3856470316515,2.44090480108276,-0.575915048343167
-1.43290628042561,2.44045277402037,-0.626517459608038
-1.46990899909925,2.43972457779311,-0.665797938031918
-1.49887045945179,2.43892368434003,-0.696325636967047
-1.52152291598992,2.43815484063715,-0.720067623257187
-1.53922291264281,2.43746633816719,-0.738535513199612
-1.55303487959828,2.43687506989663,-0.752896166114802
-1.56379552571234,2.43638123225491,-0.764054225007158
-1.57216338984427,2.43597683470702,-0.772713623113732
-1.57865711589671,2.43565052151779,-0.779423657354626
-1.58368518329874,2.43539020983706,-0.784613778124214
-1.58756913516593,2.435184447425,-0.788620092913177
-1.59056182126099,2.43502303224018,-0.79170573177747
-1.59286178657218,2.43489721817754,-0.794076616676186
-1.59462465556527,2.43479969935301,-0.795893750198324
-1.5959721577166,2.43472448582975,-0.797282839730779
-1.59699929057309,2.43466673520845,-0.798341862022734
-1.59778000571858,2.4346225755619,-0.799147022844635
-1.59837171958867,2.43458893831256,-0.799757457860034
-1.59881888779693,2.43456340959947,-0.800218941579553
-1.59915583278076,2.43454410251289,-0.800566812197054
-1.5994089761155,2.43452955009118,-0.800828275325344
-1.59960118174799,2.43451864939265,-0.801026030871876
-1.59977243705073,2.43451057204927,-0.801194464829643
-1.59994369311712,2.434502490031,-0.801362889495364
-1.60011495010774,2.43449440312722,-0.801531304906692
-1.60028620785469,2.43448631159519,-0.801699711000789
-1.60045746653134,2.43447821521099,-0.801868107861083
-1.60062872596431,2.43447011420098,-0.802036495402318
-1.60079998632932,2.43446200825149,-0.80220487369046
-1.60097124744988,2.43445389768317,-0.802373242664008
-1.60114250948974,2.43444578222314,-0.802541602366268
-1.60131377230417,2.43443766215683,-0.802709952768228
-1.60148503604413,2.43442953722762,-0.802878293913196
-1.60165630054415,2.43442140767992,-0.803046625734433
-1.60182756597049,2.4344132731911,-0.803214948291971
-1.60199883215973,2.4344051340828,-0.803383261526258
-1.60217009926346,2.43439699008456,-0.80355156547715
-1.60234136713629,2.43438884149566,-0.803719860119071
-1.60251263593966,2.43438068802485,-0.803888145484801
-1.60268390550888,2.43437252994401,-0.804056421530714
-1.60285517600116,2.43436436691473,-0.804224688288255
-1.60302644726304,2.43435619927787,-0.80439294572495
-1.60319771944766,2.43434802675388,-0.804561193868095
-1.60336899239188,2.43433984963758,-0.80472943269085
-1.6035402662741,2.43433166764673,-0.804897662233545
-1.60371154091801,2.43432348103511,-0.80506588243324
-1.6038828164867,2.43431528954239,-0.805234093344329
-1.60405409282171,2.43430709343477,-0.805402294909886
-1.60422537008524,2.43429889244851,-0.805570487185814
-1.6043966481166,2.43429068687277,-0.80573867013117
-1.60456792707679,2.434282476362,-0.805906843788441
-1.60473920679458,2.43427426122769,-0.806075008084315
-1.60491048744461,2.43426604121967,-0.806243163087713
-1.60508176886752,2.43425781660068,-0.806411308743206
-1.60525305121023,2.43424958709689,-0.806579445091397
-1.60542433432821,2.43424135301099,-0.806747572105122
-1.60559561837062,2.43423311404618,-0.806915689809005
-1.6057669031772,2.43422487046177,-0.807083798149118
-1.60593818891193,2.43421662200092,-0.807251897178367
-1.60610947542234,2.43420836893306,-0.807419986856544
-1.60628076286,2.43420011098779,-0.807588067223549
-1.60645205106554,2.43419184842784,-0.807756138223938
-1.60662334020445,2.43418358101936,-0.807924199927372
-1.60679463010344,2.43417530898854,-0.80809225224864
-1.60696592093338,2.43416703208525,-0.808260295255887
-1.60713721253491,2.4341587505722,-0.808428328893666
-1.60730850507112,2.43415046418916,-0.808596353216399
-1.60747979853234,2.43414217292724,-0.808764368209063
-1.60765109276985,2.43413387705584,-0.808932373832229
-1.60782238793473,2.43412557633443,-0.809100370138732
-1.60799368387588,2.43411727100603,-0.80926835707391
-1.60816498074573,2.43410896080368,-0.809436334676168
-1.60833627838403,2.43410064598666,-0.809604302891561
-1.60850757695013,2.43409232629475,-0.809772261773731
-1.6086788762885,2.43408400199862,-0.809940211272793
-1.60885017655918,2.43407567282552,-0.81010815143131
-1.60902147760122,2.43406733904725,-0.810276082206413
-1.60919277957791,2.43405900042089,-0.810444003654357
-1.60936408232967,2.43405065719184,-0.810611915717849
-1.60953538600502,2.43404230907722,-0.81077981842495
-1.60970669045541,2.43403395636237,-0.810947711745779
-1.60987799584472,2.43402559878254,-0.811115595728488
-1.61004930200118,2.43401723658685,-0.811283470304606
-1.61022060910029,2.43400886952866,-0.811451335541576
-1.61039191712743,2.43400049765452,-0.811619191421717
-1.61056322592588,2.43399212119466,-0.811787037908113
-1.61073453565726,2.43398373986589,-0.811954875038516
-1.61090584615758,2.43397535392745,-0.812122702758167
-1.61107715759366,2.43396696311917,-0.812290521122317
-1.61124846980158,2.43395856770826,-0.812458330080986
-1.61141978294605,2.43395016742543,-0.812626129676036
-1.61159109686607,2.43394176254245,-0.812793919864579
-1.61176241172466,2.43393335279118,-0.812961700696293
-1.61193372735926,2.43392493849652,-0.813129472109988
-1.61210504392782,2.4339165193558,-0.813297234164963
-1.61227636143676,2.43390809535052,-0.813464986860772
-1.6124476797123,2.4338996667366,-0.813632730125105
-1.61261899893193,2.43389123326062,-0.813800464029249
-1.61279031892019,2.43388279517962,-0.813968188508706
-1.61296163984641,2.43387435222777,-0.814135903604623
-1.61313296154465,2.43386590473225,-0.814303609271434
-1.61330428417912,2.43385745236951,-0.814471305560705
-1.6134756075867,2.43384899540216,-0.81463899241614
-1.61364693193421,2.43384053357009,-0.814806669893011
-1.61381825705772,2.43383206714046,-0.814974337941321
-1.61398958312223,2.4338235959305,-0.815141996622499
-1.6141609101293,2.43381511985499,-0.81530964591647
-1.61433223790264,2.43380663917553,-0.815477285765037
-1.61450356662054,2.43379815363418,-0.815644916233196
-1.61467489610841,2.43378966349136,-0.815812537254922
-1.61484622654131,2.43378116854343,-0.815980148884718
-1.61501755774701,2.43377266899311,-0.81614775106857
-1.61518888989806,2.43376416458931,-0.816315343866859
-1.61536022282643,2.43375565558104,-0.816482927211872
-1.61553155669113,2.43374714176709,-0.816650501153909
-1.61570289149433,2.43373862308985,-0.816818065695862
-1.61587422707582,2.43373009981647,-0.816985620788512
-1.61604556359576,2.4337215716823,-0.817153166479261
-1.61621690089585,2.43371303903181,-0.817320702725788
-1.61638823913029,2.43370450151291,-0.817488229555673
-1.61655957814666,2.43369595940286,-0.817655746933397
-1.61673091810424,2.43368741243361,-0.817823254907887
-1.6169022589985,2.43367886065398,-0.817990753453691
-1.61707360067561,2.43367030428354,-0.818158242546521
-1.61724494328794,2.43366174304752,-0.81832572222008
-1.61741628668683,2.4336531772232,-0.818493192439639
-1.6175876310252,2.43364460659809,-0.818660653233973
-1.6177589761431,2.43363603137244,-0.818828104552466
-1.61793032219987,2.43362745128625,-0.818995546448846
-1.61810166919704,2.43361886639961,-0.81916297891919
-1.61827301697383,2.43361027691736,-0.819330401919192
-1.61844436569503,2.43360168257833,-0.819497815495543
-1.61861571519635,2.43359308370847,-0.8196652195948
-1.61878706564574,2.43358447997634,-0.819832614264587
-1.61895841686772,2.43357587164688,-0.819999999445166
-1.61912976903877,2.43356725854759,-0.820167375212407
-1.61930112214441,2.43355864058767,-0.820334741537343
-1.61947247603883,2.43355001804092,-0.82050209838754
-1.61964383087034,2.43354139069148,-0.820669445792513
-1.61981518647988,2.433532758743,-0.820836783700118
-1.61998654304292,2.43352412194906,-0.821004112177859
-1.62015790054858,2.43351548035621,-0.821171431208836
-1.62032925883609,2.43350683416925,-0.821338740748736
-1.62050061806616,2.43349818318592,-0.821506040840054
-1.62067197807887,2.4334895276144,-0.821673331436953
-1.62084333903814,2.43348086719016,-0.82184061258766
-1.62101470077882,2.43347220223571,-0.822007884240231
-1.62118606345903,2.43346353241631,-0.822175146424773
-1.62135742708641,2.43345485780342,-0.822342399158893
-1.62152879150188,2.43344617860864,-0.822509642395231
-1.62170015685697,2.43343749455388,-0.822676876169048
-1.62187152299112,2.43342880596506,-0.822844100427663
-1.62204289007635,2.43342011252892,-0.823011315236433
-1.62221425810726,2.43341141429888,-0.823178520576197
-1.62238562691931,2.4334027114797,-0.823345716401845
-1.62255699667524,2.43339400386229,-0.823512902759718
-1.62272836721225,2.43338529165826,-0.823680079601655
-1.622899738698,2.43337657460309,-0.823847246976688
-1.62307111113025,2.43336785275692,-0.824014404880088
-1.62324248434824,2.43335912632449,-0.824181553267536
-1.62341385851727,2.433350395099,-0.824348692176002
-1.6235852334757,2.43334165928977,-0.824515821567481
-1.6237566093727,2.43333291868445,-0.824682941469989
-1.62392798622111,2.43332417323217,-0.824850051902455
-1.62409936384883,2.43331542324868,-0.825017152797687
-1.62427074243162,2.43330666842076,-0.825184244221846
-1.62444212179825,2.43329790906757,-0.825351326106211
-1.62461350210834,2.43328914486234,-0.8255183985032
-1.62478488336715,2.4332803758652,-0.825685461409659
-1.62495626541015,2.43327160228089,-0.825852514780474
-1.62512764841336,2.43326282391737,-0.826019558673424
-1.62529903218998,2.43325404096247,-0.826186593012894
-1.62547041691806,2.43324525321732,-0.826353617860513
-1.62564180259686,2.43323646062775,-0.826520633216882
-1.62581318906582,2.43322766351962,-0.826687639029279
-1.62598457648831,2.4332188615662,-0.826854635350925
-1.62615596468846,2.43321005508317,-0.827021622113816
-1.6263273538455,2.43320124381627,-0.827188599381493
-1.62649874394712,2.43319242770114,-0.827355567140075
-1.62667013483191,2.43318360706023,-0.827522525338356
-1.62684152667565,2.43317478158038,-0.827689474042526
-1.6270129194683,2.43316595131158,-0.827856413234148
-1.62718431304618,2.43315711646194,-0.828023342866572
-1.62735570757203,2.43314827682247,-0.828190262986158
-1.6275271028859,2.43313943260932,-0.828357173551842
-1.62769849915226,2.4331305836123,-0.828524074602131
-1.62786989637209,2.43312172982929,-0.828690966138038
-1.62804129438254,2.4331128714718,-0.82885784811138
-1.62821269333482,2.4331040083207,-0.829024720554039
-1.62838409324348,2.43309514033198,-0.829191583481896
-1.62855549394709,2.43308626782805,-0.829358436843728
-1.62872689559802,2.43307739053435,-0.829525280673333
-1.62889829803257,2.43306850865895,-0.829692114924052
-1.6290697014259,2.43305962200648,-0.829858939655205
-1.62924110576828,2.43305073056807,-0.830025754851796
-1.62941251089978,2.43304183455179,-0.830192560467957
-1.62958391698398,2.43303293375212,-0.830359356548525
-1.62975532401808,2.43302402817496,-0.83052614309853
-1.62992673184218,2.43301511802033,-0.830692920067296
-1.63009814062072,2.43300620308616,-0.830859687498138
-1.63026955019259,2.43299728363595,-0.83102644534326
-1.63044096072287,2.43298835934987,-0.831193193652873
-1.63061237220848,2.43297943028466,-0.831359932423756
-1.63078378447759,2.43297049669709,-0.831526661592106
-1.63095519770478,2.43296155825093,-0.83169338120774
-1.63112661188034,2.43295261502393,-0.831860091274962
-1.63129802684488,2.43294366727841,-0.83202679173811
-1.63146944277045,2.43293471470128,-0.832193482662621
-1.631640859647,2.43292575734256,-0.832360164030052
-1.63181227731425,2.43291679546914,-0.832526835791069
-1.6319836959356,2.43290782875439,-0.832693497998962
-1.63215511535042,2.43289885753213,-0.832860150605743
-1.63232653571976,2.43288988153339,-0.833026793652593
-1.63249795704461,2.43288090075605,-0.833193427140526
-1.63266937916583,2.43287191541155,-0.833360051022128
-1.63284080224622,2.43286292529101,-0.833526665343784
-1.63301222627601,2.43285393038555,-0.833693270090506
-1.63318365110186,2.43284493097686,-0.833859865232971
-1.63335507687817,2.43283592673037,-0.834026450800605
-1.63352650361717,2.43282691771299,-0.834193026805441
-1.63369793114702,2.43281790418144,-0.834359593183661
-1.63386935962962,2.43280888584481,-0.834526149968752
-1.63404078906366,2.43279986267331,-0.834692697185581
-1.63421221930182,2.43279083500166,-0.834859234787932
-1.63438365049647,2.43278180255538,-0.835025762809653
-1.63455508264943,2.43277276533577,-0.835192281250227
-1.63472651558744,2.43276372354186,-0.835358790057169
-1.63489794948364,2.43275467697719,-0.835525289281144
-1.63506938433901,2.43274562563964,-0.835691778923174
-1.63524081999328,2.43273656979606,-0.835858258933899
-1.63541225659964,2.43272750917543,-0.836024729345637
-1.63558369417005,2.43271844373154,-0.836191190183688
-1.63575513252949,2.43270937377531,-0.836357641373624
-1.63592657185344,2.43270029905266,-0.836524082978244
-1.63609801213019,2.43269121952808,-0.836690514967771
-1.63626945320053,2.43268213549968,-0.836856937313982
-1.63644089522927,2.43267304669854,-0.837023350058868
-1.63661233821398,2.43266395306368,-0.837189753206127
-1.63678378199397,2.43265485492884,-0.837356146707733
-1.63695522673324,2.43264575202174,-0.837522530607213
-1.63712667243444,2.43263664434708,-0.837688904902515
-1.63729811893643,2.43262753216827,-0.837855269545803
-1.63746956639932,2.43261841522914,-0.838021624589432
-1.63764101481344,2.43260929351274,-0.838187970013615
-1.63781246403036,2.43260016723719,-0.838354305786916
-1.63798391419927,2.43259103616498,-0.838520631931321
-1.63815536533641,2.43258190032957,-0.838686948469206
-1.63832681726618,2.43257275998759,-0.838853255335936
-1.63849827016315,2.43256361488963,-0.839019552600668
-1.63866972401847,2.43255446502218,-0.839185840242076
-1.63884117867186,2.43254531065205,-0.839352118210775
-1.63901263428632,2.43253615151966,-0.839518386561461
-1.63918409085999,2.43252698761826,-0.839684645288024
-1.63935554823341,2.43251781921805,-0.839850894339536
-1.63952700656681,2.43250864602943,-0.840017133757497
-1.63969846585446,2.43249946801006,-0.840183363537267
-1.63986992594645,2.43249028549235,-0.840349583641981
-1.64004138700206,2.43248109821675,-0.840515794125555
-1.6402128490162,2.43247190616975,-0.840681994967453
-1.64038431183636,2.43246270962831,-0.84084818613195
-1.64055577561025,2.4324535083227,-0.841014367658507
-1.64072724034434,2.4324443022496,-0.841180539541046
-1.64089870604826,2.43243509142048,-0.841346701792725
-1.64107017255104,2.43242587606994,-0.841512854342106
-1.64124164001571,2.4324166559558,-0.841678997245137
-1.64141310843857,2.43240743108059,-0.84184513050841
-1.64158457766481,2.43239820170986,-0.842011254075412
-1.64175604785378,2.43238896757601,-0.842177367995266
-1.64192751899937,2.43237972867826,-0.842343472258597
-1.64209899094918,2.43237048528546,-0.842509566824857
-1.64227046386704,2.43236123714152,-0.842675651747227
-1.64244193773765,2.43235198420287,-0.842841726990443
-1.64261341241791,2.43234272677308,-0.843007792535039
-1.6427848880555,2.43233346458246,-0.8431738484205
-1.64295636466472,2.43232419763787,-0.843339894654411
-1.64312784223487,2.43231492593507,-0.843505931228153
-1.64329932060283,2.43230564973617,-0.843671958085171
-1.64347079993451,2.43229636877825,-0.843837975282528
-1.64364228022785,2.43228708303475,-0.844003982796348
-1.64381376132346,2.4322777928037,-0.844169980598249
-1.64398524338541,2.43226849781291,-0.844335968731804
-1.64415672641254,2.43225919806711,-0.844501947194162
-1.64432821040868,2.43224989356883,-0.844667915993497
-1.64449969519911,2.43224058456998,-0.844833875058784
-1.6446711809592,2.4322312708247,-0.844999824457677
-1.64484266767713,2.43222195234827,-0.845165764152244
-1.64501415520539,2.43221262939,-0.845331694132025
-1.64518564369353,2.43220330167098,-0.845497614423813
-1.64535713315398,2.43219396920734,-0.845663525047899
-1.6455286235779,2.43218463198557,-0.845829425982961
-1.64570011480322,2.43217529027361,-0.845995317187466
-1.64587160699378,2.43216594377945,-0.846161198687265
-1.64604310014853,2.43215659253575,-0.846327070502064
-1.64621459411102,2.43214723680113,-0.8464929325784
-1.6463860890413,2.43213787631958,-0.846658784968697
-1.64655758494098,2.43212851114322,-0.846824627664125
-1.64672908179673,2.43211914121239,-0.84699046065724
-1.64690057946182,2.43210976676921,-0.847156283894401
-1.64707207809735,2.43210038758092,-0.84732209744422
-1.64724357769447,2.43209100363402,-0.847487901285365
-1.64741507810347,2.43208161521003,-0.847653695389205
-1.64758657947766,2.43207222203004,-0.847819479783335
-1.64775808181383,2.43206282415893,-0.84798525446931
-1.64792958511226,2.43205342151244,-0.848151019435506
-1.64810108921538,2.43204401437926,-0.848316774640727
-1.64827259428619,2.43203460250002,-0.848482520139748
-1.64844410032661,2.43202518586794,-0.848648255927238
-1.64861560733831,2.43201576449244,-0.848813982007494
-1.6487871151552,2.43200633866429,-0.848979698307358
-1.64895862394321,2.43199690809533,-0.849145404898166
-1.64913013370427,2.43198747277882,-0.849311101774588
-1.64930164442765,2.43197803271054,-0.849476788928025
-1.64947315596082,2.43196858816733,-0.849642466322678
-1.64964466845759,2.43195913893265,-0.849808133981094
-1.64981618192809,2.43194968493365,-0.849973791914047
-1.64998769620315,2.43194022644881,-0.850139440065851
-1.65015921144494,2.43193076321539,-0.850305078492845
-1.65033072765607,2.43192129523812,-0.850470707192963
-1.6505022448352,2.43191182257255,-0.850636326155021
-1.65067376281956,2.43190234540439,-0.850801935324864
-1.65084528177504,2.43189286348825,-0.850967534760675
-1.65101680170327,2.43188337683356,-0.851133124466757
-1.65118832260116,2.43187388549709,-0.851298704439838
-1.65135984431419,2.43186438968534,-0.851464274626828
-1.65153136698744,2.43185488909869,-0.851629835054298
-1.65170289063606,2.43184538377534,-0.851795385750732
-1.65187441524713,2.43183587376066,-0.851960926690498
-1.65204594067499,2.43182635927724,-0.852126457849235
-1.65221746706825,2.4318168400509,-0.852291979260149
-1.6523889944279,2.4318073160516,-0.852457490901815
-1.65256052275621,2.43179778737094,-0.852622992791112
-1.65273205190472,2.43178825422682,-0.852788484896516
-1.65290358202674,2.43177871634042,-0.852953967245658
-1.65307511311649,2.43176917374649,-0.853119439827109
-1.65324664516704,2.43175962640743,-0.853284902642412
-1.65341817802977,2.43175007459191,-0.853450355651704
-1.65358971186814,2.43174051810299,-0.853615798904727
-1.65376124667969,2.43173095687968,-0.853781232405249
-1.65393278245763,2.43172139088172,-0.853946656118213
-1.65410431921281,2.43171182021435,-0.85411207007257
-1.6542758567728,2.43170224507164,-0.854277474209467
-1.65444739531411,2.43169266519518,-0.854442868585419
-1.65461893482015,2.43168308061294,-0.854608253173027
-1.65479047529853,2.43167349129411,-0.854773627990597
-1.65496201658609,2.43166389750056,-0.854938992981471
-1.65513355884467,2.43165429902853,-0.855104348198506
-1.65530510207719,2.43164469582389,-0.855269693643157
-1.65547664627995,2.43163508786124,-0.855435029299626
-1.65564819129791,2.43162547548466,-0.85560035512535
-1.65581973729139,2.43161585837945,-0.855765671176346
-1.65599128424949,2.43160623659224,-0.855930977435691
-1.65616283218499,2.43159661005235,-0.856096273904792
-1.65633438109779,2.43158697877973,-0.856261560592008
-1.65650593081839,2.43157734309432,-0.856426837437033
-1.65667748151889,2.43156770268353,-0.85659210450551
-1.6568490331878,2.43155805751177,-0.856757361768016
-1.65702058582924,2.43154840766132,-0.8569226092286
-1.65719213928218,2.43153875334451,-0.857087846847658
-1.65736369370648,2.43152909435636,-0.857253074669341
-1.65753524910257,2.43151943061257,-0.857418292682204
-1.65770680547377,2.43150976219202,-0.85758350089184
-1.65787836282201,2.43150008904524,-0.857748699306081
-1.65804992098609,2.43149041143535,-0.85791388787697
-1.65822148012502,2.43148072913405,-0.858079066632652
-1.65839304023394,2.43147104209693,-0.858244235578514
-1.65856460132391,2.43146135039314,-0.858409394716202
-1.65873616338368,2.43145165395621,-0.858574544042246
-1.6589077262587,2.43144195309497,-0.858739683502786
-1.65907929010708,2.43143224750326,-0.858904813150645
-1.6592508549381,2.43142253725151,-0.859069932995405
-1.65942242074326,2.43141282226727,-0.859235043019274
-1.65959398752138,2.43140310258872,-0.85940014321015
-1.65976555511404,2.43139337845021,-0.859565233536472
-1.65993712368111,2.43138364964683,-0.859730314042403
-1.66010869322765,2.43137391611759,-0.859895384733309
-1.66028026375051,2.4313641778994,-0.860060445588364
-1.66045183524284,2.43135443494657,-0.860225496604205
-1.66062340754997,2.43134468759595,-0.860390537749335
-1.66079498083828,2.43133493549807,-0.86055556906217
-1.66096655509632,2.43132517873317,-0.860720590536284
-1.66113813033699,2.43131541725046,-0.860885602190692
-1.66130970655013,2.43130565110001,-0.8610506040069
-1.66148128357406,2.4312958804626,-0.861215595924515
-1.66165286158661,2.43128610516562,-0.861380578010931
-1.66182444057354,2.43127632514602,-0.86154555026035
-1.66199602053467,2.43126654043726,-0.861710512654313
-1.66216760147372,2.43125675100857,-0.861875465210244
-1.66233918322997,2.4312469571853,-0.862040407875047
-1.66251076596691,2.43123715864137,-0.862205340702335
-1.6626823496698,2.43122735540346,-0.862370263656888
-1.66285393435362,2.43121754750991,-0.862535176766995
-1.66302552001969,2.43120773489973,-0.862700080037245
-1.66319710665626,2.4311979175962,-0.862864973434775
-1.66336869411823,2.43118809584255,-0.863029856934428
-1.66354028255208,2.43117826942502,-0.863194730573905
-1.66371187197119,2.43116843835517,-0.863359594367107
-1.66388346236445,2.43115860253844,-0.863524448288283
-1.66405505373492,2.43114876206188,-0.863689292347726
-1.6642266459225,2.43113891713302,-0.86385412649943
-1.66439823908547,2.43112906752023,-0.864018950773217
-1.6645698332272,2.43111921325165,-0.864183765182922
-1.66474142834976,2.43110935426974,-0.864348569731581
-1.66491302445227,2.43109949060454,-0.864513364402337
-1.66508462153915,2.43108962222871,-0.86467814921101
-1.66525621943355,2.43107974945393,-0.864842924090837
-1.66542781831553,2.43106987203014,-0.865007689103978
-1.66559941816951,2.43105998985934,-0.865172444225494
-1.66577101901085,2.43105010304222,-0.8653371894785
-1.66594262082519,2.43104021156652,-0.865501924848836
-1.66611422361683,2.43103031534787,-0.865666650325999
-1.66628582723442,2.4310204147486,-0.865831365884819
-1.66645743183133,2.43101050949008,-0.86599607155301
-1.66662903740709,2.43100059949268,-0.866160767325689
-1.66680064396468,2.43099068484345,-0.866325453213095
-1.66697225150212,2.43098076554377,-0.866490129213921
-1.66714386002371,2.43097084150927,-0.866654795317683
-1.66731546935412,2.43096091307841,-0.866819451471918
-1.66748707966966,2.43095098000115,-0.866984097738007
-1.66765869096636,2.43094104218972,-0.867148734105476
-1.66783030323912,2.43093109972911,-0.867313360575745
-1.66800191649777,2.43092115262276,-0.86747797715709
-1.66817353073581,2.43091120077952,-0.867642583823064
-1.66834514594792,2.43090124428305,-0.867807180583879
-1.66851676198902,2.43089128340992,-0.867971767405139
-1.66868837900995,2.43088131785945,-0.868136344306689
-1.66885999701057,2.43087134760092,-0.868300911305081
-1.6690316159923,2.43086137269459,-0.868465468396223
-1.66920323595539,2.430851393115,-0.868630015565315
-1.66937485690312,2.43084140889035,-0.868794552826116
-1.66954647882597,2.43083141995286,-0.868959080167263
-1.66971810156876,2.43082142660776,-0.869123597536515
-1.66988972529771,2.43081142862167,-0.869288104995125
-1.67006135000221,2.43080142598231,-0.869452602529728
-1.67023297569521,2.43079141861895,-0.869617090141954
-1.67040460236729,2.43078140660506,-0.869781567829136
-1.6705762300288,2.43077138995563,-0.869946035602802
-1.67074785867141,2.43076136863156,-0.870110493436122
-1.67091948813274,2.43075134286711,-0.870274941296537
-1.67109111857538,2.43074131246229,-0.870439379235435
-1.67126274999688,2.43073127738692,-0.870603807230859
-1.67143438240424,2.43072123766921,-0.870768225297321
-1.67160601579545,2.4307111933105,-0.870932633433511
-1.67177765017113,2.43070114422644,-0.871097031628249
-1.67194928553417,2.43069109050412,-0.871261419891673
-1.67212092187398,2.43068103213129,-0.871425798210426
-1.67229255903724,2.43067096936104,-0.871590166532712
-1.67246419718153,2.43066090194643,-0.871754524907708
-1.67263583631318,2.43065082987349,-0.871918873342267
-1.6728074764252,2.43064075309659,-0.872083211832867
-1.67297911751599,2.43063067167942,-0.872247540373045
-1.67315075960046,2.43062058560332,-0.872411858964822
-1.67332240266645,2.43061049488627,-0.872576167606709
-1.67349404671573,2.43060039952965,-0.872740466298177
-1.67366569158639,2.4305902997729,-0.872904754975393
-1.67383733744278,2.43058019538404,-0.873069033707554
-1.67400898428805,2.4305700863008,-0.873233302491312
-1.67418063210679,2.4305599725464,-0.873397561293173
-1.67435228091382,2.43054985415927,-0.873561810141219
-1.67452393070944,2.43053973111395,-0.873726049020731
-1.67469558148449,2.43052960342501,-0.873890277932558
-1.67486723325202,2.4305194711122,-0.87405449689541
-1.67503888599729,2.43050933413168,-0.874218705874557
-1.67521053956203,2.43049919277996,-0.874382904832979
-1.67538219411995,2.43048904671457,-0.874547093824645
-1.67555384966228,2.43047889601242,-0.874711272845228
-1.67572550619153,2.43046874067831,-0.874875441892625
-1.67589716370246,2.43045858068808,-0.875039600959343
-1.67606882220306,2.43044841606523,-0.875203750053408
-1.67624048169131,2.43043824681112,-0.875367889173509
-1.67641214215594,2.43042807289007,-0.875532018290559
-1.67658380360796,2.43041789434051,-0.875696137431815
-1.67675546605041,2.43040771114171,-0.875860246589793
-1.67692712930919,2.43039752356839,-0.87602434570899
-1.67709879356058,2.43038733137069,-0.876188434850822
-1.67727045879335,2.43037713451292,-0.876352513986212
-1.67744212502043,2.43036693303485,-0.876516583151183
-1.67761379222786,2.43035672689604,-0.876680642309467
-1.6777854604233,2.43034651612816,-0.876844691473899
-1.67795712960398,2.43033630072915,-0.877008730644742
-1.67812879976921,2.43032608067829,-0.877172759813753
-1.6783004709239,2.43031585600249,-0.877336778986554
-1.67847214306393,2.43030562667284,-0.877500788149283
-1.67864381619651,2.43029539265868,-0.877664787319934
-1.67881549031823,2.43028515402505,-0.877828776500015
-1.6789871652567,2.43027491099632,-0.877992755604928
-1.6791588411881,2.43026466334271,-0.878156724713385
-1.6793305180982,2.43025441103193,-0.878320683793984
-1.67950219600441,2.43024415410721,-0.878484632881918
-1.67967387489309,2.43023389261045,-0.878648571953043
-1.67984555476569,2.43022362646067,-0.878812500994743
-1.68001723563511,2.43021335569768,-0.878976420043001
-1.68018891748818,2.43020308028443,-0.87914032906001
-1.68036060033102,2.43019280024578,-0.879304228061718
-1.68053228415919,2.43018251556096,-0.879468117039138
-1.68070396897759,2.43017222625692,-0.879631995997845
-1.6808756547872,2.43016193233162,-0.879795864938892
-1.68104734157683,2.43015163374935,-0.879959723833272
-1.68121902919411,2.43014133081813,-0.880123572665432
-1.68139071780649,2.43013102324292,-0.880287411464272
-1.68156240740168,2.43012071104177,-0.880451240228179
-1.68173409798988,2.43011039420073,-0.880615058964944
-1.68190578956061,2.43010007273653,-0.880778867664947
-1.68207748211935,2.43008974665055,-0.880942666328444
-1.68224917567257,2.43007941592884,-0.881106454962449
-1.68242087021352,2.43006908058815,-0.881270233558117
-1.68259256574188,2.43005874059952,-0.881434002102436
-1.68276426226003,2.43004839605836,-0.881597760610181
-1.68293595976908,2.43003804687205,-0.881761509065533
-1.68310765826722,2.43002769307364,-0.881925247487676
-1.68327935774567,2.43001733464953,-0.882088975855267
-1.68345105821646,2.43000697158446,-0.882252694168115
-1.68362275968155,2.42999660391146,-0.882416402446177
-1.68379446213084,2.42998623159003,-0.882580100654063
-1.68396616557522,2.42997585465871,-0.882743788818908
-1.68413787000619,2.42996547308652,-0.882907466918961
-1.68430957526154,2.42995508722064,-0.883071134907744
-1.68448128151032,2.42994469672346,-0.883234792845096
-1.6846529887495,2.42993430161172,-0.883398440722912
-1.68482469698082,2.42992390188682,-0.883562078540665
-1.68499640619915,2.42991349752459,-0.88372570629103
-1.68516811640932,2.42990308855197,-0.883889323979499
-1.68533982760962,2.42989267500373,-0.884052931595915
-1.6855115398045,2.42988225684449,-0.884216529150969
-1.68568325297902,2.42987183403849,-0.884380116614952
-1.68585496715049,2.42986140662905,-0.884543694022951
-1.6860266823167,2.42985097458588,-0.884707261353216
-1.68619839846793,2.42984053793182,-0.884870818611283
-1.68637011560164,2.42983009669552,-0.885034365771783
-1.68654183373546,2.42981965086137,-0.885197902873415
-1.68671355285556,2.42980920038884,-0.885361429880058
-1.6868852729676,2.42979874531103,-0.885524946812401
-1.6870569940699,2.42978828562114,-0.88568845366429
-1.68722871615958,2.429777821356,-0.885851950415206
-1.68740043924189,2.42976735248635,-0.886015437091048
-1.68757216331912,2.42975687898532,-0.886178913669279
-1.68774388838868,2.42974640088259,-0.886342380170601
-1.68791561445286,2.42973591815128,-0.886505836572484
-1.68808734150086,2.42972543086975,-0.886669282878397
-1.68825906954246,2.42971493895903,-0.88683271908463
-1.68843079858328,2.42970444245222,-0.88699614521185
-1.68860252860953,2.42969394130877,-0.887159561223962
-1.68877425962274,2.42968343562073,-0.887322967137219
-1.68894599163646,2.42967292530909,-0.887486362948697
-1.68911772464091,2.42966241039674,-0.887649748663898
-1.68928945863322,2.42965189084995,-0.887813124262705
-1.68946119361937,2.42964136676418,-0.887976489760547
-1.68963292959756,2.4296308380502,-0.888139845139356
-1.68980466656889,2.4296203047377,-0.88830319042059
-1.68997640453536,2.42960976685873,-0.888466525578106
-1.69014814349467,2.42959922438405,-0.888629850636212
-1.69031988344127,2.42958867727654,-0.888793165558811
-1.69049162438415,2.42957812557615,-0.888956470380944
-1.69066336631297,2.42956756930124,-0.889119765063696
-1.69083510924149,2.42955700843626,-0.889283049644929
-1.69100685315598,2.42954644294065,-0.889446324088584
-1.69117859807328,2.42953587291672,-0.889609588426028
-1.69135034397887,2.42952529826975,-0.889772842631284
-1.69152209087677,2.42951471902332,-0.889936086711318
-1.69169383876608,2.42950413521561,-0.890099320654475
-1.69186558765113,2.42949354681127,-0.890262544471355
-1.69203733752688,2.42948295378611,-0.89042575815476
-1.69220908840148,2.42947235622607,-0.890588961707187
-1.69238084027022,2.42946175404803,-0.890752155125091
-1.69255259312619,2.42945114726875,-0.89091533839945
-1.69272434697565,2.42944053593323,-0.89107851153381
-1.69289610181466,2.42942992000408,-0.891241674530012
-1.69306785765203,2.4294192994578,-0.891404827382367
-1.69323961447758,2.42940867437623,-0.891567970092675
-1.69341137230493,2.42939804468034,-0.891731102658084
-1.69358313112389,2.42938741045199,-0.891894225080387
-1.69375489093533,2.42937677160671,-0.892057337348812
-1.69392665173951,2.42936612816807,-0.892220439469499
-1.69409841353927,2.42935548017425,-0.892383531431611
-1.69427017633518,2.42934482758992,-0.892546613244925
-1.69444194012222,2.42933417039087,-0.892709684902292
-1.69461370490738,2.42932350866785,-0.892872746412601
-1.69478547068106,2.42931284232136,-0.893035797744283
-1.69495723745182,2.4293021714503,-0.893198838928663
-1.69512900522126,2.42929149597363,-0.893361869953395
-1.6953007739807,2.4292808159602,-0.893524890808951
-1.69547254374154,2.42927013134057,-0.893687901505405
-1.69564431449309,2.42925944213151,-0.8938509020329
-1.69581608623375,2.42924874836776,-0.894013892381436
-1.69598785897045,2.42923805001879,-0.894176872568781
-1.69615963271244,2.42922734712343,-0.894339842584033
-1.69633140744525,2.42921663961871,-0.894502802421624
-1.69650318317515,2.42920592759196,-0.894665752092003
-1.69667495988879,2.42919521094365,-0.894828691562855
-1.69684673760255,2.42918448971379,-0.894991620870687
-1.69701851631365,2.42917376393919,-0.895154539995097
-1.6971902960226,2.42916303358452,-0.895317448945822
-1.69736207671997,2.42915229867428,-0.895480347699301
-1.69753385842123,2.4291415591916,-0.895643236285265
-1.69770564127395,2.42913081488691,-0.895806114714954
-1.6978774251186,2.42912006600239,-0.895968982960929
-1.69804920996636,2.42910931257825,-0.896131841021132
-1.69822099580766,2.42909855454672,-0.896294688884344
-1.69839278264234,2.42908779199036,-0.896457526552957
-1.6985645704702,2.42907702482946,-0.896620354022741
-1.69873635929747,2.42906625315137,-0.896783171304098
-1.69890814911871,2.42905547686679,-0.896945978378339
-1.69907993993902,2.42904469606788,-0.897108775262311
-1.69925173175933,2.42903391067013,-0.897271561945342
-1.69942352456671,2.42902312075065,-0.897434338421903
-1.6995953183749,2.42901232623038,-0.897597104689232
-1.69976711317178,2.42900152716082,-0.897759860736837
-1.69993890897281,2.42899072352513,-0.897922606594406
-1.70011070576709,2.42897991533819,-0.898085342224739
-1.70028250355352,2.42896910257772,-0.898248067648836
-1.7004543023471,2.42895828528392,-0.898410782865452
-1.70062610229746,2.42894746321053,-0.898573487921977
-1.70079790324516,2.4289366365361,-0.898736182750438
-1.70096970518701,2.42892580534939,-0.898898867367694
-1.70114150812777,2.42891496956588,-0.899061541763886
-1.70131331206504,2.42890412924594,-0.899224205934043
-1.70148511699027,2.42889328434882,-0.899386859880715
-1.70165692291655,2.42888243491333,-0.899549503593836
-1.70182872984548,2.42887158097272,-0.899712137093094
-1.70200053776574,2.42886072242879,-0.899874760355115
-1.70217234668827,2.4288498593826,-0.900037373401429
-1.70234415660361,2.42883899173457,-0.900199976200609
-1.70251596751127,2.42882811954646,-0.900362568756518
-1.7026877794263,2.42881724286039,-0.900525151095124
-1.70285959249966,2.42880636131377,-0.900687723242364
-1.70303140656769,2.42879547525839,-0.900850285157711
-1.70320322163327,2.42878458460835,-0.901012836822501
-1.70337503769589,2.42877368942541,-0.901175378240599
-1.70354685475829,2.42876278973802,-0.901337909425208
-1.70371867280983,2.4287518854514,-0.901500430351389
-1.70389049186453,2.42874097666321,-0.901662941043017
-1.7040623119193,2.42873006334786,-0.90182544148505
-1.70423413296671,2.4287191454598,-0.901987931673548
-1.70440595501758,2.42870822304746,-0.902150411611391
-1.70457777806233,2.42869729604307,-0.902312881287381
-1.70474960226112,2.42868636426625,-0.902475340761152
-1.70492142746845,2.42867542796947,-0.902637789982682
-1.70509325367198,2.428664487112,-0.902800228953703
-1.70526508087251,2.42865354171895,-0.902962657651433
-1.70543690907128,2.4286425918,-0.903125076080204
-1.70560873826686,2.42863163732125,-0.903287484257697
-1.70578056846337,2.42862067831606,-0.903449882166773
-1.70595239965973,2.42860971481289,-0.903612269819822
-1.7061242318457,2.42859874677933,-0.903774647186657
-1.70629606503425,2.42858777416471,-0.903937014286392
-1.70646789939116,2.42857679678728,-0.904099371171346
-1.7066397347383,2.42856581488038,-0.904261717769326
-1.70681157108244,2.42855482841351,-0.904424054097953
-1.70698340843114,2.42854383742689,-0.9045863801545
-1.70715524677514,2.4285328419151,-0.904748695922485
-1.70732708611744,2.4285218418477,-0.904911001418738
-1.70749892645466,2.42851083725802,-0.905073296624588
-1.70767076779157,2.4284998281441,-0.905235581541893
-1.70784261029001,2.42848881427352,-0.905397856230719
-1.70801445378809,2.42847779582264,-0.905560120632852
-1.70818629828928,2.42846677287409,-0.905722374751258
-1.70835814379007,2.4284557454105,-0.905884618575825
-1.7085299902836,2.42844471341963,-0.90604685209407
-1.70870183778069,2.4284336768813,-0.906209075336369
-1.70887368627013,2.42842263581859,-0.906371288270503
-1.70904553576523,2.4284115902432,-0.906533490910286
-1.70921738641926,2.4284005399091,-0.906695683303815
-1.70938923807103,2.42838948499602,-0.906857865391283
-1.70956109073069,2.42837842560167,-0.907020037195663
-1.70973294438735,2.42836736169019,-0.907182198688442
-1.7099047990427,2.42835629326304,-0.90734434986909
-1.71007665469866,2.42834522034528,-0.907506490752316
-1.71024851135702,2.4283341428558,-0.907668621326043
-1.71042036916532,2.42832306057703,-0.907830741621873
-1.71059222797621,2.42831197381544,-0.907992851616288
-1.71076408778975,2.42830088254202,-0.908154951296749
-1.71093594859793,2.42828978671947,-0.908317040664084
-1.71110781041214,2.42827868638799,-0.908479119716395
-1.71127967321865,2.42826758153876,-0.908641188438035
-1.71145153703545,2.42825647221055,-0.908803246857196
-1.71162340201021,2.42824535810327,-0.908965294993961
-1.71179526798232,2.4282342394826,-0.90912733279846
-1.71196713495589,2.42822311631328,-0.909289360280987
-1.7121390029264,2.42821198863349,-0.909451377429401
-1.71231087189931,2.42820085644468,-0.909613384243952
-1.71248274187222,2.42818971978021,-0.909775380743394
-1.71265461284645,2.42817857860621,-0.909937366908739
-1.71282648498662,2.42816743266333,-0.910099342787194
-1.71299835811729,2.42815628217169,-0.910261308332665
-1.71317023225498,2.42814512717833,-0.910423263540828
-1.71334210739692,2.42813396768127,-0.910585208411991
-1.71351398353472,2.4281228037022,-0.910747142943241
-1.71368586066848,2.42811163521208,-0.910909067122083
-1.71385773897382,2.42810046195844,-0.911070981011678
-1.7140296182756,2.42808928422375,-0.911232884560592
-1.71420149857839,2.4280781019824,-0.911394777755502
-1.71437337988094,2.42806691526292,-0.911556660608653
-1.71454526218442,2.42805572398075,-0.911718533109662
-1.71471714549017,2.42804452819629,-0.911880395254285
-1.71488902995924,2.4280333276739,-0.912042247104128
-1.71506091543391,2.42802212265217,-0.912204088596518
-1.7152328018998,2.42801091311885,-0.912365919717428
-1.71540468937173,2.42799969911618,-0.912527740492584
-1.71557657783888,2.42798848060827,-0.912689550893574
-1.7157484674762,2.42797725733927,-0.912851350985183
-1.71592035810833,2.42796602956797,-0.913013140700787
-1.71609224974087,2.42795479731948,-0.913174920055777
-1.71626414238133,2.42794356058331,-0.913336689056123
-1.71643603602161,2.42793231934923,-0.913498447678857
-1.71660793066389,2.42792107358341,-0.913660195942308
-1.71677982646719,2.42790982305503,-0.913821933877294
-1.71695172327466,2.42789856802973,-0.913983661434687
-1.71712362108503,2.42788730853604,-0.914145378626688
-1.71729551988748,2.42787604453809,-0.914307085424918
-1.71746741969534,2.4278647760476,-0.914468781843172
-1.71763932066898,2.42785350282557,-0.91463046794464
-1.71781122263849,2.42784222510853,-0.914792143657223
-1.71798312561467,2.42783094290337,-0.914953808987446
-1.71815502958765,2.42781965622495,-0.915115463935565
-1.71832693455897,2.42780836505107,-0.915277108485927
-1.71849884070358,2.42779706912594,-0.915438742703327
-1.71867074785066,2.42778576873539,-0.915600366535393
-1.71884265599664,2.42777446385037,-0.915761979968934
-1.71901456514321,2.42776315447236,-0.915923583003421
-1.71918647529147,2.4277518406111,-0.916085175643189
-1.71935838660673,2.42774052202277,-0.916246757945701
-1.71953029891591,2.4277291989356,-0.916408329833227
-1.71970221222857,2.42771787136132,-0.91656989131878
-1.71987412654715,2.42770653932852,-0.916731442415296
-1.72004604202694,2.42769520253718,-0.916892983144613
-1.72021795851023,2.42768386126803,-0.917054513476063
-1.7203898759921,2.42767251553107,-0.917216033404159
-1.72056179447411,2.42766116530411,-0.917377542913276
-1.72073371396581,2.4276498105989,-0.917539042016423
-1.72090563461887,2.42763845113912,-0.91770053074977
-1.72107755627405,2.42762708722088,-0.917862009075209
-1.72124947893038,2.42761571881997,-0.918023476986864
-1.72142140259104,2.4276043459954,-0.918184934472352
-1.72159332741669,2.4275929684493,-0.918346381598562
-1.72176525323804,2.42758158640984,-0.918507818288564
-1.72193718006463,2.42757019988877,-0.918669244555367
-1.7221091078969,2.42755880889243,-0.918830660404931
-1.72228103672306,2.42754741343426,-0.91899206582856
-1.72245296672176,2.42753601323487,-0.919153460876788
-1.72262489771693,2.42752460854951,-0.919314845484576
-1.72279682972138,2.42751319942192,-0.919476219685623
-1.72296876272561,2.42750178581131,-0.919637583445153
-1.72314069689358,2.42749036745513,-0.919798936812042
-1.723312632064,2.42747894461549,-0.919960279737971
-1.72348456823579,2.42746751738337,-0.920121612229667
-1.72365650540898,2.42745608567902,-0.92028293428342
-1.7238284437519,2.42744464923163,-0.920444245944012
-1.72400038309773,2.42743320833725,-0.920605547171715
-1.72417232343886,2.42742176295653,-0.920766837940669
-1.72434426478736,2.42741031310611,-0.920928118271156
-1.72451620730469,2.42739885851859,-0.921089388204784
-1.72468815081987,2.42738739947974,-0.921250647689048
-1.72486009533163,2.42737593602432,-0.921411896714394
-1.72503204085485,2.42736446810027,-0.921573135291844
-1.72520398754184,2.4273529954348,-0.921734363455972
-1.72537593522889,2.42734151832053,-0.921895581169423
-1.72554788391505,2.42733003673325,-0.9220567884264
-1.72571983360386,2.427318550673,-0.92221798521824
-1.72589178445896,2.42730705993625,-0.922379171590089
-1.72606373632069,2.42729556475666,-0.922540347509093
-1.72623568918439,2.42728406511001,-0.922701512968695
-1.72640764305733,2.42727256099636,-0.922862667961005
-1.72657959808744,2.4272610521395,-0.923023812521459
-1.72675155412578,2.42724953885062,-0.923184946632632
-1.7269235111619,2.42723802114446,-0.923346070257685
-1.72709546936803,2.42722649870987,-0.923507183462802
-1.72726742857436,2.42721497180689,-0.923668286190981
-1.72743938878132,2.4272034404627,-0.923829378446122
-1.72761134998924,2.42719190464823,-0.92399046021596
-1.72778331237217,2.42718036417514,-0.924151531566464
-1.72795527575935,2.42716881923476,-0.924312592430592
-1.72812724014935,2.42715726985573,-0.924473642820363
-1.72829920569566,2.42714571573961,-0.924634682765947
-1.72847117224742,2.42713415716068,-0.924795712222762
-1.72864313980591,2.4271225941794,-0.924956731186511
-1.72881510836813,2.4271110267669,-0.925117739681095
-1.72898707809138,2.42709945462185,-0.925278737720427
-1.72915904882665,2.42708787801997,-0.925439725268826
-1.72933102055791,2.42707629701289,-0.925600702315054
-1.72950299345138,2.4270647113015,-0.925761668918585
-1.72967496735803,2.42705312113776,-0.925922625028784
-1.72984694226219,2.42704152651434,-0.926083570638173
-1.73001891817018,2.42702992748684,-0.926244505736718
-1.73019089524128,2.42701832373874,-0.926405430382831
-1.73036287332046,2.42700671555775,-0.926566344534084
-1.73053485240087,2.42699510297716,-0.926727248171316
-1.73070683264932,2.42698348568048,-0.926888141354495
-1.73087881389471,2.42697186391796,-0.927049024012811
-1.73105079614722,2.42696023772853,-0.927209896172539
-1.73122277957234,2.42694860688651,-0.927370757872831
-1.73139476399556,2.42693697158314,-0.927531609045859
-1.73156674941664,2.42692533182138,-0.927692449699229
-1.73173873584665,2.42691368767053,-0.927853279834018
-1.73191072344198,2.42690203882269,-0.928014099504294
-1.73208271203695,2.4268903855244,-0.928174908650878
-1.73225470163382,2.42687872776885,-0.928335707268352
-1.73242669239558,2.42686706536094,-0.928496495406758
-1.7325986841631,2.42685539852595,-0.928657273028235
-1.73277067693617,2.4268437272431,-0.928818040125488
-1.73294267087591,2.42683205130411,-0.928978796736392
-1.73311466582572,2.42682037091539,-0.929139542815478
-1.73328666177057,2.42680868607302,-0.929300278353646
-1.73345865888757,2.42679699660622,-0.929461003417091
-1.73363065699909,2.4267853026888,-0.929621717937758
-1.73380265612348,2.42677360432766,-0.929782421923661
-1.73397465640764,2.42676190131404,-0.92994311541141
-1.73414665770355,2.4267501938563,-0.930103798364175
-1.73431866000073,2.42673848204012,-0.930264470781459
-1.7344906634642,2.42672676551213,-0.930425132696214
-1.73466266793138,2.42671504453915,-0.930585784066578
-1.73483467340166,2.42670331918018,-0.930746424879301
-1.73500668004124,2.42669158911541,-0.930907055196032
-1.73517868768747,2.42667985463246,-0.931067674972674
-1.73535069633005,2.42666811575776,-0.931228284175746
-1.73552270613928,2.42665637218181,-0.931388882879648
-1.73569471694748,2.4266446242137,-0.931549471010535
-1.73586672876327,2.42663287181117,-0.931710048591683
-1.73603874174453,2.42662111472393,-0.931870615665206
-1.73621075573626,2.42660935326427,-0.93203117218412
-1.73638277072631,2.42659758735953,-0.932191718130071
-1.73655478688078,2.42658581681131,-0.932352253555527
-1.73672680403995,2.42657404181762,-0.932512778409351
-1.73689882220104,2.42656226238829,-0.932673292695109
-1.73707084152948,2.42655047834232,-0.932833796464641
-1.73724286186246,2.42653868986033,-0.932994289666654
-1.73741488336422,2.42652689674245,-0.933154772344686
-1.73758690587131,2.42651509918668,-0.933315244446815
-1.73775892937641,2.42650329725153,-0.933475705960085
-1.73793095405294,2.42649149064496,-0.933636156959045
-1.73810297972671,2.42647967959964,-0.933796597372702
-1.73827500641256,2.42646786418489,-0.933957027202854
-1.73844703426123,2.42645604407069,-0.934117446496121
-1.73861906312086,2.42644421958667,-0.934277855205662
-1.73879109298046,2.42643239066998,-0.934438253326953
-1.73896312400919,2.42642055713968,-0.934598640912578
-1.73913515604113,2.42640871917974,-0.934759017908861
-1.73930718923614,2.42639687658694,-0.934919384360204
-1.73947922343827,2.42638502955923,-0.935079740216233
-1.73965125864436,2.42637317816544,-0.935240085476726
-1.73982329501211,2.42636132206916,-0.935400420174399
-1.73999533238693,2.42634946163363,-0.935560744290231
-1.74016737077221,2.42633759677269,-0.935721057806146
-1.74033941031422,2.42632572727431,-0.935881360760436
-1.74051145085696,2.42631385334818,-0.936041653105966
-1.74068349257265,2.42630197479306,-0.936201934896542
-1.74085553529169,2.42629009180981,-0.936362206078914
-1.74102757901351,2.42627820445745,-0.936522466639794
-1.74119962389721,2.42626631244352,-0.936682716652472
-1.74137166978499,2.42625441606502,-0.936842956050737
-1.74154371683873,2.42624251499588,-0.937003184880055
-1.74171576489979,2.42623060956523,-0.937163403093869
-1.74188781396768,2.4262186997107,-0.937323610688122
-1.74205986420471,2.42620678523401,-0.937483807714532
-1.74223191543928,2.42619486635832,-0.937643994125644
-1.74240396784315,2.4261829428552,-0.937804169962153
-1.74257602125901,2.42617101493923,-0.937964335183449
-1.74274807567398,2.42615908265569,-0.938124489763591
-1.74292013125012,2.42614714574393,-0.938284633759747
-1.74309218783933,2.4261352044239,-0.938444767138276
-1.74326424559048,2.4261232584738,-0.938604889924419
-1.74343630434667,2.42611130813541,-0.938765002090649
-1.74360836410436,2.4260993534386,-0.938925103620393
-1.74378042502918,2.42608739405733,-0.93908519455991
-1.74395248695872,2.4260754303207,-0.939245274861852
-1.74412455005696,2.4260634619666,-0.939405344575211
-1.74429661415372,2.42605148918941,-0.939565403631242
-1.74446867925629,2.42603951206146,-0.93972545204728
-1.74464074553212,2.42602753025824,-0.939885489878551
-1.74481281280701,2.42601554411932,-0.940045517060983
-1.74498488125487,2.42600355337062,-0.940205533651319
-1.74515695069987,2.42599155820799,-0.940365539588224
-1.7453290213107,2.42597955842342,-0.940525534911124
-1.74550109292128,2.42596755422458,-0.940685519581148
-1.74567316553347,2.42595554567541,-0.940845493592294
-1.74584523931195,2.42594353250549,-0.941005456988668
-1.7460173140956,2.42593151492933,-0.941165409728878
-1.74618939004783,2.42591949276766,-0.941325351872804
-1.74636146700433,2.42590746626182,-0.941485283354876
-1.74653354513389,2.4258954350824,-0.941645204223795
-1.74670562427033,2.42588339955848,-0.941805114431415
-1.74687770456628,2.42587135935867,-0.94196501401628
-1.74704978587364,2.4258593148125,-0.942124902932208
-1.74722186817724,2.42584726591612,-0.942284781170143
-1.74739395164518,2.42583521234849,-0.942444648783683
-1.74756603612462,2.42582315447129,-0.942604505745426
-1.7477381217688,2.42581109197998,-0.942764352070538
-1.74791020841599,2.42579902508564,-0.942924187719273
-1.7480822962298,2.42578695358522,-0.943084012736827
-1.74825438504642,2.42577487773549,-0.943243827067422
-1.74842647502947,2.42576279722378,-0.943403630768785
-1.74859856602157,2.4257507123742,-0.943563423787757
-1.74877065800829,2.42573862317456,-0.943723206110397
-1.74894275116379,2.42572652931264,-0.943882977794839
-1.7491148453288,2.42571443111405,-0.944042738796121
-1.74928694065593,2.42570232833373,-0.944202489161979
-1.74945903699259,2.42569022122326,-0.944362228841143
-1.74963113449082,2.42567810944791,-0.944521957873836
-1.74980323299082,2.42566599332683,-0.944681676199572
-1.74997533265523,2.42565387260296,-0.944841383873921
-1.75014743333156,2.42564174749272,-0.945001080864078
-1.7503195351755,2.42562961778279,-0.945160767201748
-1.75049163802384,2.42561748373333,-0.945320442829486
-1.75066374202753,2.42560534507696,-0.945480107788597
-1.75083584703724,2.42559320202668,-0.945639762048703
-1.75100795321751,2.42558105441017,-0.945799405666313
-1.75118006040346,2.42556890246527,-0.945959038577555
-1.75135216875189,2.42555674591132,-0.94611866081307
-1.75152427810954,2.42554458497307,-0.946278272344941
-1.75169638846538,2.42553241969734,-0.946437873156179
-1.75186849998397,2.42552024982557,-0.946597463294161
-1.75204061251186,2.42550807562973,-0.946757042723901
-1.75221272620738,2.42549589677703,-0.946916611476562
-1.7523848409037,2.42548371359305,-0.947076169505612
-1.75255695676478,2.42547152581584,-0.947235716860087
-1.75272907362985,2.42545933371046,-0.947395253489848
-1.75290119166322,2.42544713695597,-0.947554779447764
-1.7530733107,2.4254349358764,-0.947714294679091
-1.75324543089784,2.42542273022185,-0.947873799225745
-1.75341755210227,2.42541052024534,-0.948033293044697
-1.75358967447724,2.42539830568495,-0.948192776184986
-1.75376179785062,2.4253860867364,-0.948352248586039
-1.75393392239714,2.42537386320367,-0.948511710308984
-1.75410604794115,2.42536163534489,-0.948671161286983
-1.75427817465035,2.42534940289815,-0.948830601569852
-1.75445030236098,2.4253371661201,-0.948990031101768
-1.75462243123658,2.42532492469822,-0.949149449940516
-1.75479456111543,2.4253126789531,-0.949308858033762
-1.75496669215772,2.42530042862285,-0.949468255429785
-1.75513882436939,2.42528817371244,-0.949627642127147
-1.7553109575853,2.42527591448348,-0.949787018076577
-1.75548309196977,2.42526365061509,-0.949946383330966
-1.75565522734996,2.42525138242093,-0.950105737822061
-1.75582736390313,2.4252391096718,-0.950265081619491
-1.75599950146687,2.42522683261036,-0.950424414666766
-1.75617164018969,2.42521455096441,-0.950583736997909
-1.75634377991456,2.42520226499896,-0.950743048563533
-1.75651592081337,2.42518997446245,-0.950902349426176
-1.75668806271399,2.42517767955057,-0.951061639525261
-1.75686020577567,2.42516538005702,-0.951220918906891
-1.75703234984197,2.42515307625022,-0.951380187520012
-1.75720449507249,2.42514076786489,-0.951539445414571
-1.75737664130703,2.42512845516944,-0.951698692538737
-1.75754878871032,2.42511613789364,-0.951857928936672
-1.7577209371091,2.42510381630052,-0.952017154548849
-1.75789308667843,2.42509149013515,-0.952176369440248
-1.75806523740855,2.42507915932979,-0.95233557359991
-1.75823738914683,2.42506682422212,-0.952494766985633
-1.75840954204493,2.4250544845366,-0.95265394963389
-1.75858169595377,2.4250421405485,-0.952813121508761
-1.75875385102559,2.42502979198568,-0.952972282645057
-1.7589260070996,2.4250174391131,-0.953131432992598
-1.75909816433599,2.42500508166894,-0.953290572599685
-1.75927032257396,2.42499271991814,-0.953449701416136
-1.75944248197746,2.42498035359892,-0.953608819491019
-1.75961464238511,2.4249679829728,-0.953767926775815
-1.75978680396164,2.42495560780869,-0.953927023330749
-1.75995896670878,2.42494322802189,-0.954086109146297
-1.76013113044933,2.42493084392256,-0.954245184155061
-1.76030329535951,2.42491845526269,-0.954404248418702
-1.76047546127002,2.42490606229345,-0.954563301875217
-1.76064762834955,2.4248936647668,-0.954722344584727
-1.76081979642878,2.42488126293393,-0.954881376485225
-1.76099196567167,2.42486885653307,-0.95504039762579
-1.7611641360766,2.42485644556921,-0.955199408003432
-1.76133630748219,2.42484403030385,-0.955358407569622
-1.76150848006408,2.42483161048557,-0.955517396387688
-1.76168065363808,2.42481918635861,-0.955676374378939
-1.76185282837983,2.42480675767155,-0.955835341606703
-1.76202500412475,2.42479432468929,-0.955994298020012
-1.76219718104056,2.42478188715009,-0.956153243668722
-1.76236935911337,2.42476944504521,-0.956312178537257
-1.7625415381935,2.42475699864645,-0.956471102591329
-1.76271371843376,2.42474454768516,-0.956630015864115
-1.76288589968128,2.42473209243656,-0.956788918318881
-1.7630580820915,2.42471963262519,-0.95694780999291
-1.7632302656628,2.42470716825604,-0.95710669088321
-1.76340245024549,2.42469469960091,-0.957265560955481
-1.76357463599238,2.42468222639117,-0.957424420242907
-1.7637468227421,2.42466974888827,-0.957583268696942
-1.76391901065858,2.42465726683052,-0.957742106366681
-1.76409119974022,2.42464478022291,-0.957900933249127
-1.7642633898139,2.42463228931656,-0.958059749281492
-1.76443558105528,2.4246197938601,-0.958218554527115
-1.76460777330355,2.42460729411841,-0.958377348935783
-1.76477996671095,2.42459478981945,-0.958536132542346
-1.76495216129074,2.42458228097515,-0.958694905360494
-1.76512435686664,2.42456976784003,-0.958853667324993
-1.76529655360259,2.42455725015241,-0.959012418484944
-1.76546875134947,2.42454472818746,-0.959171158804366
-1.76564095025758,2.42453220167475,-0.959329888326367
-1.76581315033042,2.42451967061431,-0.959488607042145
-1.76598535140341,2.42450713527098,-0.959647314900703
-1.76615755364369,2.42449459537968,-0.959806011953586
-1.76632975688723,2.42448205120865,-0.959964698148128
-1.76650196128573,2.4244695024825,-0.960123373520865
-1.76667416685208,2.42445694927216,-0.960282038081604
-1.76684637342636,2.42444439178687,-0.960440691782318
-1.76701858115651,2.42443182975123,-0.960599334658775
-1.76719079005579,2.42441926317717,-0.960757966724657
-1.76736299995401,2.42440669232416,-0.960916587922843
-1.767535211009,2.42439411692557,-0.961075198294325
-1.76770742307539,2.42438153725657,-0.961233797803874
-1.76787963630542,2.42436895304518,-0.961392386486368
-1.7680518506969,2.42435636429302,-0.961550964340476
-1.76822406609273,2.42434377126487,-0.961709531316728
-1.76839628265312,2.42433117369912,-0.961868087463469
-1.76856850037924,2.4243185716564,-0.962026632776263
-1.76874071909696,2.42430596533369,-0.962185167202762
-1.76891293898012,2.42429335447819,-0.962343690797298
-1.76908516003404,2.42428073909149,-0.962502203560081
-1.76925738208186,2.42426811942461,-0.962660705427531
-1.76942960529973,2.42425549520239,-0.962819196448678
-1.769601829677,2.42424286644,-0.962977676623062
-1.76977405505282,2.42423023340223,-0.963136145900435
-1.76994628159788,2.42421759590524,-0.963294604344411
-1.77011850930698,2.4242049538729,-0.963453051939939
-1.77029073801553,2.42419230756996,-0.963611488635995
-1.77046296788747,2.42417965673485,-0.963769914481707
-1.77063519876195,2.42416700163234,-0.96392832942682
-1.77080743079915,2.42415434200087,-0.96408673351969
-1.77097966399127,2.4241416778367,-0.964245126752886
-1.77115189818644,2.42412900946892,-0.964403509079135
-1.77132413355275,2.42411633657701,-0.964561880552222
-1.77149637007626,2.4241036591522,-0.964720241156585
-1.77166860776593,2.42409097720304,-0.964878590906798
-1.77184084645207,2.42407829099234,-0.965036929744055
-1.77201308630006,2.42406560025355,-0.965195257710898
-1.77218532731847,2.42405290505426,-0.965353574818008
-1.77235756933565,2.42404020559322,-0.965511881003109
-1.772529812515,2.42402750160552,-0.965670176317007
-1.77270205685718,2.42401479310117,-0.965828460764059
-1.77287430220222,2.42400208033648,-0.965986734289081
-1.77304654870993,2.42398936310895,-0.966144996936547
-1.77321879637427,2.42397664135085,-0.966303248696331
-1.77339104504288,2.42396391531328,-0.966461489517353
-1.77356329487774,2.42395118476368,-0.966619719469618
-1.7737355458701,2.42393844968832,-0.966777938531747
-1.77390779785496,2.42392571041093,-0.966936146648799
-1.77408005101212,2.42391296662134,-0.967094343888807
-1.77425230532567,2.42390021831241,-0.967252530244484
-1.77442456063671,2.42388746574725,-0.967410705657282
-1.77459681710882,2.4238747087234,-0.967568870172447
-1.77476907475562,2.42386194719381,-0.967727023807537
-1.7749413335612,2.42384918115133,-0.967885166555268
-1.77511359335871,2.42383641084871,-0.968043298343627
-1.77528585431969,2.42382363609385,-0.968201419231321
-1.77545811644549,2.42381085682595,-0.968359529223359
-1.7756303795738,2.42379807331467,-0.968517628276055
-1.77580264385884,2.42378528528664,-0.968675716416063
-1.77597490931299,2.42377249278205,-0.968833793642271
-1.77614717592265,2.42375969576052,-0.968991859955577
-1.77631944353774,2.42374689450548,-0.96914991532483
-1.7764917123114,2.42373408873674,-0.969307959780047
-1.7766639822448,2.42372127851493,-0.969465993316757
-1.77683625317599,2.42370846405068,-0.96962401589517
-1.77700852527034,2.42369564507758,-0.969782027557848
-1.77718079852527,2.42368282165627,-0.969940028299544
-1.77735307294266,2.42366999372934,-0.970098018123599
-1.77752534835967,2.42365716156303,-0.970255996987997
-1.77769762494222,2.42364432489434,-0.97041396493362
-1.77786990267975,2.42363148377357,-0.970571921941768
-1.77804218158014,2.42361863815526,-0.97072986803752
-1.7782144614766,2.42360578826472,-0.970887803136333
-1.7783867425406,2.4235929339373,-0.971045727309424
-1.77855902476033,2.42358007510685,-0.971203640554203
-1.77873130813877,2.42356721176999,-0.971361542863502
-1.77890359252692,2.42355434426414,-0.971519434195635
-1.77907587807162,2.42354147226012,-0.971677314596983
-1.77924816477961,2.42352859575456,-0.971835184061141
-1.77942045264883,2.42351571481152,-0.971993042581178
-1.77959274151676,2.42350282963818,-0.972150890118981
-1.77976503153709,2.42348993995782,-0.972308726702904
-1.77993732271903,2.42347704581405,-0.97246655232943
-1.78010961506669,2.42346414718188,-0.972624367021766
-1.78028190840513,2.42345124431053,-0.97278217070801
-1.78045420290967,2.42343833700803,-0.972939963447632
-1.78062649857225,2.42342542520825,-0.973097745238826
-1.78079879540057,2.42341250892156,-0.973255516085405
-1.78097109322541,2.42339958846122,-0.973413275919692
-1.7811433922091,2.42338666350847,-0.973571024803071
-1.78131569235138,2.42337373406335,-0.973728762725911
-1.7814879936534,2.4233608001865,-0.973886489683725
-1.78166029595278,2.42334786205768,-0.97404420562595
-1.78183259941443,2.42333491949698,-0.974201910603697
-1.7820049040393,2.42332197245545,-0.97435960462524
-1.78217720981436,2.42330902091592,-0.974517287670106
-1.78234951675249,2.42329606494941,-0.974674959748013
-1.78252182469597,2.42328310476988,-0.974832620818244
-1.78269413379384,2.42327014015628,-0.974990270906159
-1.78286644405446,2.4232571710666,-0.975147910035163
-1.78303875547288,2.42324419748708,-0.975305538184633
-1.78321106788796,2.4232312197139,-0.975463155287887
-1.78338338145863,2.42321823745918,-0.975620761416314
-1.78355569618753,2.42320525077855,-0.975778356558803
-1.78372801207453,2.42319225961623,-0.975935940727009
-1.78390032912314,2.42317926397226,-0.976093513912064
-1.78407264717209,2.42316626417019,-0.976251076059696
-1.78424496637993,2.42315325989134,-0.97640862723056
-1.78441728674979,2.42314025119478,-0.976566167411851
-1.78458960827432,2.42312723799036,-0.976723696587704
-1.78476193096338,2.42311422036809,-0.976881214774536
-1.78493425464,2.42310119853153,-0.977038721915884
-1.78510657948455,2.42308817222135,-0.977196218070992
-1.7852789054827,2.42307514148788,-0.977353703220385
-1.78545123263861,2.42306210627874,-0.977511177374803
-1.78562356095165,2.423049066653,-0.977668640520667
-1.78579589025929,2.42303602281774,-0.977826092619866
-1.78596822072676,2.42302297453832,-0.977983533698674
-1.78614055235051,2.42300992178981,-0.978140963778683
-1.78631288513693,2.42299686462785,-0.978298382849539
-1.78648521908265,2.42298380300007,-0.978455790920449
-1.78665755419029,2.42297073696213,-0.978613187980285
-1.78682989028608,2.42295766671415,-0.978770573975045
-1.78700222754667,2.42294459199685,-0.978927948963207
-1.78717456596071,2.42293151284156,-0.979085312918632
-1.7873469055393,2.42291842922365,-0.979242665863857
-1.78751924627136,2.42290534119002,-0.979400007781863
-1.78769158816155,2.42289224869174,-0.97955733868171
-1.78786393104578,2.42287915204385,-0.979714658503397
-1.78803627508362,2.42286605093458,-0.979871967304236
-1.78820862028094,2.42285294541619,-0.980029265075552
-1.78838096663888,2.4228398354123,-0.980186551813297
-1.78855331415555,2.42282672100257,-0.980343827519606
-1.78872566283135,2.42281360213466,-0.980501092204466
-1.78889801250645,2.42280047912701,-0.980658345806945
-1.78907036333158,2.42278735171314,-0.980815588368677
-1.78924271531806,2.42277421984099,-0.980972819899839
-1.78941506845782,2.4227610835385,-0.981130040376784
-1.78958742276194,2.42274794278104,-0.981287249822012
-1.78975977821834,2.42273479762396,-0.981444448223431
-1.78993213482888,2.42272164800989,-0.981601635584409
-1.79010449243375,2.42270849425724,-0.981758811843998
-1.79027685119576,2.42269533605091,-0.981915977061992
-1.79044921111352,2.42268217341568,-0.982073131215864
-1.79062157218767,2.42266900633006,-0.982230274326225
-1.79079393442457,2.42265583484971,-0.982387406382692
-1.79096629782035,2.42264265891888,-0.982544527396189
-1.79113866236263,2.42262947858624,-0.982701637338906
-1.79131102790397,2.42261629412823,-0.982858736183741
-1.7914833945987,2.42260310518184,-0.983015823950765
-1.79165576245467,2.42258991185403,-0.983172900666098
-1.79182813146149,2.42257671407364,-0.983329966320619
-1.79200050163354,2.4225635119067,-0.983487020917359
-1.79217287295943,2.4225503052905,-0.98364406445213
-1.79234524543803,2.42253709428069,-0.983801096913002
-1.79251761907339,2.42252387885653,-0.983958118294528
-1.79268999386482,2.42251065898305,-0.984115128604956
-1.7928623696495,2.42249743498871,-0.984272127796574
-1.79303474659174,2.4224842065534,-0.984429115922564
-1.79320712468242,2.42247097372239,-0.984586092957575
-1.79337950393328,2.42245773651279,-0.984743058921844
-1.7935518843442,2.42244449483471,-0.984900013799098
-1.79372426590605,2.42243124876757,-0.985056957591969
-1.79389664861892,2.42241799825235,-0.985213890294737
-1.79406903249366,2.42240474336177,-0.985370811925381
-1.79424141752052,2.42239148409053,-0.985527722467434
-1.79441380369893,2.42237822034534,-0.985684621906338
-1.79458619087,2.42236495248551,-0.985841510205676
-1.79475857919491,2.42235168024154,-0.985998387408983
-1.794930968674,2.42233840356111,-0.986155253526273
-1.79510335930889,2.42232512250834,-0.986312108551306
-1.79527575110279,2.42231183698994,-0.986468952470307
-1.79544814405498,2.42229854709913,-0.986625785297591
-1.79562053815142,2.42228525282719,-0.98678260701763
-1.79579293341101,2.42227195412207,-0.986939417642119
-1.79596532981783,2.42225865103917,-0.987096217158198
-1.79613772738661,2.42224534358547,-0.987253005572829
-1.79631012610632,2.42223203167083,-0.987409782869647
-1.79648252597396,2.42221871538341,-0.987566549055548
-1.79665492684557,2.42220539499285,-0.987723304088425
-1.79682732886796,2.42219207017039,-0.987880048014886
-1.79699973204684,2.4221787409527,-0.988036780817254
-1.79717213638109,2.42216540736385,-0.988193502499738
-1.79734454185506,2.42215206933774,-0.988350213059119
-1.79751694848585,2.42213872694886,-0.988506912504088
-1.79768935627597,2.42212538019044,-0.988663600829126
-1.79786176522236,2.42211202898269,-0.988820278031316
-1.7980341753145,2.42209867340683,-0.988976944102403
-1.79820658656666,2.42208531346643,-0.989133599051047
-1.79837899896741,2.42207194909882,-0.989290242873097
-1.79855141251786,2.4220585803647,-0.989446875563998
-1.79872382722987,2.42204520724703,-0.989603497116068
-1.79889624309454,2.42203182976621,-0.989760107535823
-1.79906866010995,2.42201844786487,-0.98991670682589
-1.79924107827875,2.42200506159868,-0.990073294975067
-1.79941349760086,2.42199167097437,-0.990229871989407
-1.79958591807806,2.4219782759037,-0.990386437861864
-1.79975833953359,2.42196487673048,-0.990542992533531
-1.79993076214839,2.42195147319911,-0.990699536061968
-1.80010318591865,2.42193806531632,-0.990856068452468
-1.8002756108344,2.4219246529835,-0.991012589683817
-1.8004480369101,2.42191123629757,-0.991169099769419
-1.80062046413394,2.42189781525488,-0.991325598701158
-1.80079289250315,2.4218843898537,-0.991482086479386
-1.80096532203709,2.42187096004542,-0.991638563114088
-1.80113775271976,2.42185752585454,-0.991795028581983
-1.80131018455221,2.42184408731023,-0.991951482894619
-1.8014826175364,2.42183064441758,-0.992107926049696
-1.80165505167522,2.42181719711075,-0.992264358045675
-1.80182748695316,2.42180374541767,-0.99242077885758
-1.80199992338676,2.42179028937789,-0.992577188511884
-1.80217236097374,2.4217768289931,-0.992733587007233
-1.80234479971746,2.42176336420086,-0.992889974340374
-1.80251723960618,2.42174989502912,-0.993046350487112
-1.80268968064094,2.42173642150704,-0.993202715458968
-1.80286212283495,2.42172294364669,-0.993359069269523
-1.80303456617606,2.42170946137524,-0.993515411900591
-1.80320701066429,2.42169597473103,-0.993671743342155
-1.80337945630395,2.42168248373982,-0.993828063608203
-1.8035519030932,2.42166898840671,-0.993984372695667
-1.80372435103129,2.4216554887283,-0.994140670596539
-1.80389680012181,2.42164198464891,-0.994296957323349
-1.80406925036678,2.4216284762052,-0.994453232857737
-1.80424170176296,2.42161496342293,-0.994609497212134
-1.80441415431385,2.42160144630213,-0.994765750377591
-1.80458660800712,2.42158792483577,-0.994921992347709
-1.80475906285685,2.42157439894939,-0.995078223127999
-1.80493151885238,2.42156086872423,-0.995234442710073
-1.80510397599091,2.42154733415859,-0.995390651094282
-1.80527643428722,2.42153379525947,-0.995546848287549
-1.80544889373371,2.42152025199576,-0.995703034270487
-1.80562135432761,2.42150670439664,-0.995859209053798
-1.80579381607073,2.42149315240476,-0.996015372640886
-1.80596627896089,2.42147959605336,-0.996171525014359
-1.80613874300439,2.42146603536657,-0.996327666179786
-1.80631120819736,2.42145247035114,-0.996483796142461
-1.80648367469197,2.42143890073593,-0.996639914937518
-1.806656142339,2.42142532676459,-0.996796022518328
-1.80682861114024,2.42141174841068,-0.996952118898625
-1.80700108108503,2.42139816572454,-0.997108204059652
-1.80717355217591,2.42138457869938,-0.997264277995872
-1.80734602442175,2.42137098732829,-0.997420340713018
-1.80751849781128,2.42135739162666,-0.997576392210076
-1.8076909723464,2.42134379159961,-0.997732432484737
-1.80786344802811,2.42133018724541,-0.997888461538121
-1.80803592485877,2.42131657847922,-0.998044479361636
-1.80820840284095,2.42130296538762,-0.998200485954323
-1.80838088197031,2.42128934797397,-0.9983564813232
-1.80855336225208,2.42127572623999,-0.998512465468436
-1.80872584368447,2.42126210015988,-0.99866843837668
-1.80889832625664,2.42124846975244,-0.99882440004518
-1.80907080997805,2.42123483502977,-0.998980350486736
-1.80924329484425,2.42122119595058,-0.999136289668712
-1.80941578086635,2.42120755255958,-0.999292217623329
-1.80958826819311,2.4211939045266,-0.999448134388977
-1.80976075666315,2.42118025217482,-0.999604039911156
-1.80993324627846,2.42116659547845,-0.999759934177299
-1.81010573703948,2.42115293446327,-0.999915817200509
-1.81027822894812,2.42113926913441,-1.00007168897847
-1.81045072200262,2.42112559946607,-1.00022754949787
-1.81062321620498,2.42111192547895,-1.00038339876512
-1.81079571155929,2.42109824718327,-1.00053923678535
-1.81096820806279,2.42108456457732,-1.00069506355891
-1.81114070570618,2.42107087762832,-1.00085087905738
-1.81131320449788,2.42105718637247,-1.00100668330723
-1.81148570443134,2.42104349080108,-1.00116247629448
-1.81165820567987,2.42102979058075,-1.00131825807218
-1.81183070806929,2.4210160860483,-1.00147402858534
-1.8120032116048,2.42100237720546,-1.00162978783411
-1.8121757162803,2.42098866405393,-1.00178553581638
-1.81234822210318,2.42097494656281,-1.00194127251371
-1.81252072907272,2.42096122476643,-1.00209699794411
-1.81269323718658,2.42094749866649,-1.00225271210622
-1.81286574645057,2.4209337682372,-1.00240841498828
-1.81303825686178,2.42092003350777,-1.00256410660087
-1.8132107685841,2.42090629421762,-1.0027197869933
-1.8133832814416,2.42089255059285,-1.00287545608822
-1.81355579545017,2.4208788026697,-1.00303111391361
-1.81372831059995,2.42086505044289,-1.00318676045298
-1.8139008268886,2.42085129391412,-1.00334239570498
-1.81407334432949,2.42083753306461,-1.00349801967297
-1.81424586291213,2.42082376791658,-1.0036536323524
-1.81441838263751,2.42080999846834,-1.00380923374439
-1.81459090350814,2.42079622469749,-1.00396482383472
-1.81476342568308,2.42078244636759,-1.00412040268559
-1.81493594900131,2.42076866374264,-1.00427597024646
-1.81510847347023,2.42075487679173,-1.00443152649895
-1.815280999074,2.42074108554222,-1.00458707144438
-1.81545352582535,2.42072729000281,-1.00474260509803
-1.81562605372259,2.42071349014772,-1.00489812744664
-1.81579858275853,2.42069968599577,-1.00505363848814
-1.81597111310506,2.42068587729682,-1.00520913828523
-1.81614364459314,2.42067206430447,-1.00536462677399
-1.81631617722109,2.42065824699292,-1.00552010394121
-1.81648871098969,2.4206444253914,-1.00567556979814
-1.81666124590836,2.42063059951206,-1.00583102435757
-1.81683378197075,2.42061676931527,-1.00598646759539
-1.81700631932503,2.42060293456103,-1.00614189955616
-1.81717885782569,2.42058909552373,-1.00629732020426
-1.81735139747059,2.42057525217417,-1.00645272952819
-1.81752393826096,2.420561404545,-1.00660812753749
-1.81769648019776,2.42054755263454,-1.00676351423328
-1.81786902326803,2.42053369640998,-1.00691888958648
-1.81804156765007,2.42051983564536,-1.00707425367492
-1.81821411316775,2.42050597059763,-1.00722960643141
-1.81838665982273,2.42049210123759,-1.00738494784526
-1.81855920762753,2.4204782276049,-1.00754027794184
-1.81873175657179,2.42046434969088,-1.0076955967064
-1.81890430665808,2.42045046747314,-1.00785090412479
-1.81907685804541,2.42043658071531,-1.00800620025916
-1.81924941057611,2.42042268974043,-1.00816148505567
-1.81942196424889,2.4204087944636,-1.00831675850518
-1.81959451905274,2.4203948949037,-1.00847202060478
-1.81976707500083,2.42038099107285,-1.00862727136799
-1.81993963225617,2.42036708268818,-1.00878251083905
-1.82011219064262,2.42035317002223,-1.00893773895935
-1.82028475017758,2.42033925309055,-1.00909295574146
-1.82045731084764,2.42032533185691,-1.00924816115809
-1.82062987265352,2.42031140635058,-1.00940335522043
-1.82080243560795,2.42029747658032,-1.00955853794373
-1.82097499986425,2.42028354225112,-1.00971370934971
-1.82114756526018,2.42026960365106,-1.00986886940132
-1.82132013179345,2.42025566084432,-1.01002401809142
-1.82149269946992,2.42024171374263,-1.01017915541417
-1.82166526843767,2.4202277621061,-1.01033428141407
-1.82183783854694,2.42021380620565,-1.01048939605643
-1.82201040979991,2.42019984601547,-1.01064449932887
-1.82218298219391,2.42018588156823,-1.01079959124006
-1.82235555572267,2.42017191282431,-1.010954671766
-1.82252813054558,2.42015793955086,-1.01110974096706
-1.82270070651548,2.42014396202732,-1.01126479881425
-1.82287328362025,2.42012998027139,-1.01141984526957
-1.82304586186091,2.4201159942533,-1.01157488034823
-1.82321844139762,2.42010200371265,-1.01172990409883
-1.82339102208558,2.42008800889619,-1.01188491647393
-1.82356360390191,2.42007400981238,-1.01203991745643
-1.82373618685559,2.42006000646996,-1.01219490706081
-1.82390877094922,2.42004599884654,-1.01234988527301
-1.82408135634558,2.42003198676838,-1.01250485215006
-1.82425394288472,2.42001797041269,-1.01265980763373
-1.82442653055346,2.42000394980011,-1.01281475172942
-1.82459911936327,2.41998992494105,-1.01296968444148
-1.82477170946661,2.41997589553378,-1.01312460579516
-1.82494430070584,2.41996186187312,-1.01327951575062
-1.82511689308954,2.41994782402691,-1.01343441431831
-1.82528948660853,2.41993378189982,-1.01358930147582
-1.82546208142257,2.4199197352625,-1.01374417728176
-1.82563467737392,2.41990568437536,-1.01389904168802
-1.82580727445938,2.41989162921775,-1.01405389468824
-1.82597987284745,2.41987756955175,-1.01420873633756
-1.82615247237412,2.41986350567612,-1.01436356656713
-1.82632507302818,2.41984943754725,-1.01451838537973
-1.8264976748228,2.41983536517732,-1.01467319278885
-1.82667027791893,2.41982128827846,-1.01482798883144
-1.82684288214665,2.41980720713163,-1.01498277345521
-1.82701548750116,2.41979312179939,-1.01513754666318
-1.82718809399888,2.41977903220553,-1.01529230845281
-1.82736070179114,2.4197649381069,-1.01544705887103
-1.82753331071765,2.41975083973975,-1.01560179785558
-1.82770592077899,2.41973673713338,-1.01575652541751
-1.8278785321345,2.4197226300832,-1.01591124160313
-1.82805114462682,2.41970851877489,-1.01606594635996
-1.82822375825398,2.41969440322924,-1.01622063969332
-1.82839637301864,2.41968028342382,-1.01637532158921
-1.82856898908343,2.41966615912255,-1.01652999211042
-1.82874160627553,2.41965203064126,-1.01668465118642
-1.82891422460513,2.41963789790207,-1.01683929882409
-1.82908684422564,2.41962376066704,-1.01699393507784
-1.82925946498602,2.4196096192086,-1.01714855990197
-1.82943208687595,2.4195954735462,-1.01730317326777
-1.82960471005885,2.41958132338809,-1.01745777524034
-1.82977733437446,2.41956716897046,-1.01761236575745
-1.82994995982169,2.41955301032779,-1.01776694483681
-1.83012258640318,2.41953884751577,-1.01792151246705
-1.83029521428032,2.41952468018752,-1.01807606868923
-1.83046784329113,2.41951050863437,-1.01823061346437
-1.83064047343786,2.41949633283048,-1.01838514678024
-1.83081310486974,2.41948215259705,-1.01853966868637
-1.83098573743946,2.419467968144,-1.01869417914362
-1.83115837114888,2.41945377944212,-1.01884867814151
-1.83133100614587,2.41943958625176,-1.01900316572443
-1.83150364226818,2.4194253888733,-1.01915764183278
-1.83167627953348,2.41941118727887,-1.01931210649155
-1.83184891809052,2.41939698120128,-1.01946655973352
-1.8320215577749,2.41938277087324,-1.01962100149744
-1.83219419858926,2.41936855639175,-1.01977543179595
-1.8323668407,2.41935433740141,-1.01992985066597
-1.83253948394178,2.41934011419692,-1.02008425806596
-1.83271212831607,2.41932588680814,-1.02023865398138
-1.83288477397281,2.41931165493813,-1.02039303846991
-1.83305742076431,2.41929741885587,-1.02054741148831
-1.83323006869329,2.41928317853895,-1.02070177302265
-1.83340271791015,2.41926893380005,-1.02085612311745
-1.83357536826141,2.41925468483178,-1.02101046173467
-1.83374801989993,2.41924043138599,-1.02116478891445
-1.83392067266798,2.41922617378547,-1.02131910460284
-1.83409332656446,2.4192119119453,-1.02147340879097
-1.83426598174692,2.4191976456381,-1.02162770154577
-1.83443863805979,2.41918337515048,-1.02178198279676
-1.83461129550432,2.41916910045613,-1.02193625255722
-1.83478395424157,2.41915482126733,-1.02209051086425
-1.83495661410743,2.41914053793959,-1.02224475768138
-1.83512927526742,2.41912625014515,-1.02239899305714
-1.83530193754998,2.41911195811305,-1.02255321691349
-1.83547460096565,2.41909766188824,-1.02270742928219
-1.83564726566837,2.41908336122314,-1.02286163017794
-1.83581993150488,2.41906905636372,-1.02301581957732
-1.83599259846491,2.41905474732943,-1.02316999745173
-1.83616526671389,2.41904043383384,-1.02332416387369
-1.83633793610077,2.41902611614928,-1.02347831879743
-1.83651060677406,2.41901179403332,-1.02363246224364
-1.83668327857415,2.41899746772328,-1.02378659418474
-1.83685595150503,2.41898313718816,-1.0239407146019
-1.83702862571411,2.41896880224755,-1.02409482353534
-1.83720130105129,2.4189544630906,-1.02424892094955
-1.83737397768118,2.41894011947968,-1.02440300689877
-1.83754665543046,2.41892577172706,-1.02455708131411
-1.83771933431197,2.41891141976344,-1.02471114420839
-1.83789201447852,2.41889706334076,-1.0248651956217
-1.83806469577717,2.41888270276118,-1.02501923550289
-1.83823737836191,2.41886833773128,-1.0251732639086
-1.83841006207011,2.418853968541,-1.02532728076509
-1.83858274691434,2.41883959517107,-1.02548128610145
-1.83875543304599,2.41882521732859,-1.02563527994822
-1.83892812030006,2.41881083535528,-1.02578926225641
-1.83910080883319,2.418796448925,-1.02594323306444
-1.83927349849117,2.41878205828593,-1.02609719233198
-1.83944618944235,2.41876766326301,-1.02625114010812
-1.8396188815228,2.41875326402971,-1.02640507633582
-1.83979157471942,2.41873886067265,-1.0265590010127
-1.83996426921057,2.418724452847,-1.02671291418995
-1.84013696481854,2.4187100408335,-1.0268668158135
-1.84030966172208,2.41869562442267,-1.02702070593706
-1.84048235974516,2.41868120382756,-1.02717458450569
-1.8406550590506,2.41866677882487,-1.02732845155999
-1.84082775947831,2.4186523496415,-1.0274823070581
-1.84100046119216,2.41863791601746,-1.02763615104947
-1.84117316402995,2.41862347825298,-1.02778998347458
-1.84134586799408,2.41860903631319,-1.02794380434165
-1.84151857324532,2.41859458996961,-1.02809761368381
-1.84169127962017,2.41858013945948,-1.02825141147264
-1.84186398727682,2.41856568453871,-1.02840519772198
-1.8420366960598,2.41855122545499,-1.02855897241674
-1.84220940612016,2.41853676190512,-1.02871273557337
-1.84238211731048,2.4185222942464,-1.0288664871651
-1.84255482978296,2.41850782213032,-1.02902022722494
-1.84272754337296,2.41849334590193,-1.02917395570203
-1.84290025824368,2.41847886521639,-1.02932767264698
-1.84307297424643,2.41846438043258,-1.02948137802202
-1.84324569153326,2.41844989121764,-1.02963507186836
-1.84341840994237,2.41843539787516,-1.02978875412477
-1.8435911296265,2.41842090009471,-1.02994242483714
-1.84376385043223,2.41840639813122,-1.03009608396169
-1.84393657252709,2.41839189180291,-1.03024973155093
-1.84410929573579,2.41837738127614,-1.03040336753204
-1.84428202023086,2.41836286639333,-1.03055699198257
-1.84445474585466,2.41834834732949,-1.03071060483605
-1.84462747275196,2.4183338239028,-1.03086420614285
-1.84480020076853,2.41831929628484,-1.03101779583902
-1.84497293006128,2.41830476430762,-1.03117137398727
-1.84514566048782,2.4182902281532,-1.03132494053773
-1.84531839219324,2.41827568764313,-1.03147849553901
-1.84549112501958,2.41826114294902,-1.03163203892641
-1.84566385912921,2.41824659389769,-1.03178557075664
-1.8458365943448,2.41823204065725,-1.0319390909654
-1.84600933084639,2.41821748306323,-1.03209259961573
-1.84618206846881,2.41820292129756,-1.03224609665566
-1.84635480736812,2.41818835517146,-1.03239958212183
-1.84652754739058,2.41817378487394,-1.03255305597811
-1.84670028868886,2.41815921021962,-1.03270651825861
-1.8468730311092,2.41814463139747,-1.03285996892722
-1.84704577480806,2.41813004822215,-1.03301340801879
-1.84721851961988,2.41811546087218,-1.03316683548313
-1.8473912657129,2.41810086917266,-1.03332025136918
-1.84756401292157,2.41808627330211,-1.03347365562676
-1.84773676141035,2.41807167308562,-1.03362704830402
-1.84790951101808,2.41805706872416,-1.03378042935613
-1.84808226190762,2.41804245999457,-1.03393379882384
-1.84825501391501,2.41802784712362,-1.03408715666439
-1.84842776720691,2.41801322988818,-1.03424050291929
-1.84860052177045,2.41799860824634,-1.03439383758002
-1.84877327745488,2.41798398250525,-1.03454716060299
-1.84894603441324,2.417969352358,-1.03470047203228
-1.84911879248338,2.41795471810467,-1.03485377180849
-1.84929155184194,2.41794007945927,-1.03500706000384
-1.8494643123108,2.41792543670804,-1.03516033654584
-1.84963707405972,2.41791078958938,-1.03531360147623
-1.84980983692124,2.41789613834044,-1.03546685476569
-1.84998260106173,2.41788148272771,-1.03562009644151
-1.85015536648,2.41786682272676,-1.03577332652523
-1.85032813301702,2.41785215862385,-1.03592654494573
-1.85050090081894,2.41783749012589,-1.03607975175803
-1.85067366974052,2.41782281753483,-1.03623294691259
-1.8508464399314,2.41780814054716,-1.03638613045095
-1.851019211245,2.41779345947341,-1.03653930232854
-1.8511919838298,2.41777877406242,-1.03669246258629
-1.85136475769876,2.41776408424493,-1.03684561123726
-1.85153753267565,2.41774939035878,-1.0369987482145
-1.85171030892757,2.41773469205934,-1.03715187356963
-1.85188308628971,2.4177199896915,-1.03730498725151
-1.85205586492991,2.41770528291739,-1.03745808930826
-1.85222864484552,2.417690571817,-1.03761117974061
-1.8524014258748,2.41767585663125,-1.03776425849332
-1.85257420818254,2.41766113706376,-1.0379173256245
-1.85274699159479,2.4176464134041,-1.03807038106071
-1.85291977628265,2.41763168537156,-1.03822342488011
-1.85309256225376,2.41761695299424,-1.0383764570607
-1.85326534932839,2.41760221655787,-1.0385294775549
-1.85343813767375,2.41758747571079,-1.03868248639833
-1.85361092713709,2.41757273081879,-1.03883548356816
-1.85378371787381,2.41755798151974,-1.03898846908597
-1.85395650988152,2.41754322790405,-1.03914144296672
-1.85412930299682,2.41752847021082,-1.03929440514591
-1.85430209738826,2.41751370814369,-1.03944735568239
-1.85447489288957,2.41749894199926,-1.03960029451782
-1.85464768966712,2.41748417145695,-1.0397532216973
-1.85482048771851,2.41746939660718,-1.03990613723579
-1.85499328687406,2.41745461767332,-1.04005904104873
-1.85516608730646,2.41743983437655,-1.04021193322355
-1.85533888900268,2.41742504674311,-1.04036481372768
-1.85551169181346,2.41741025506579,-1.04051768253062
-1.85568449589449,2.41739545899298,-1.04067053966827
-1.8558573012438,2.41738065861142,-1.04082338513776
-1.85603010771152,2.41736585410995,-1.04097621890387
-1.85620291544803,2.41735104530525,-1.04112904100906
-1.8563757244539,2.41733623216628,-1.041281851434
-1.85654853456905,2.4173214149301,-1.04143465015076
-1.85672134595621,2.41730659336332,-1.041587437186
-1.85689415844057,2.417291767724,-1.04174021248164
-1.85706697219693,2.41727693773153,-1.04189297611657
-1.85723978722924,2.41726210341398,-1.04204572806808
-1.85741260336144,2.41724726505705,-1.04219846828923
-1.85758542077085,2.41723242232485,-1.0423511968366
-1.85775823944329,2.41721757529028,-1.04250391369496
-1.85793105922888,2.41720272420466,-1.04265661882321
-1.85810388028393,2.41718786875786,-1.04280931226785
-1.85827670260548,2.41717300899181,-1.04296199401718
-1.85844952619353,2.417158144936,-1.0431146640817
-1.85862235088621,2.41714327675831,-1.0432673223979
-1.8587951768493,2.41712840426689,-1.04341996901688
-1.85896800407872,2.41711352748787,-1.04357260395015
-1.85914083242082,2.41709864659588,-1.04372522713216
-1.85931366202003,2.4170837614095,-1.04387783861312
-1.85948649289114,2.41706887191679,-1.04403043839354
-1.8596593248616,2.41705397833044,-1.04418302641887
-1.85983215810623,2.41703908043805,-1.04433560274416
-1.86000499260978,2.41702417826207,-1.0444881673633
-1.86017782822973,2.41700927198079,-1.04464072022835
-1.86035066511218,2.41699436138856,-1.04479326137664
-1.86052350325712,2.41697944651489,-1.04494579081861
-1.86069634266934,2.41696452726963,-1.04509830853994
-1.86086918318412,2.41694960400799,-1.04525081450351
-1.86104202496661,2.41693467644281,-1.04540330874775
-1.8612148680148,2.41691974459837,-1.04555579127558
-1.86138771217118,2.41690480865632,-1.0457082620368
-1.86156055758359,2.41688986840582,-1.04586072106195
-1.86173340426562,2.41687492388161,-1.04601316836877
-1.86190625220669,2.41685997499354,-1.0461656039424
-1.8620791012553,2.41684502209866,-1.04631802775479
-1.86225195156693,2.4168300648975,-1.04647043982177
-1.862424803136,2.41681510342482,-1.04662284015979
-1.86259765581825,2.41680013786411,-1.04677522872772
-1.86277050976365,2.41678516800269,-1.04692760554757
-1.86294336497004,2.41677019387192,-1.04707997063829
-1.8631162214408,2.41675521539029,-1.04723232399059
-1.86328907901258,2.41674023290435,-1.0473846655623
-1.8634619378409,2.41672524611466,-1.0475369953693
-1.86363479793161,2.41671025506307,-1.04768931344383
-1.86380765929186,2.41669525966805,-1.04784161977737
-1.86398052174589,2.41668026023275,-1.0479939142951
-1.86415338546619,2.41666525654114,-1.04814619707843
-1.86432625044361,2.41665024855693,-1.04829846810162
-1.86449911669026,2.416635236261,-1.04845072739329
-1.86467198403244,2.41662021993563,-1.04860297486405
-1.86484485263422,2.41660519935091,-1.04875521058376
-1.86501772249452,2.41659017448105,-1.04890743454
-1.86519059361879,2.41657514526878,-1.04905964673705
-1.86536346600456,2.41656011179752,-1.04921184717358
-1.86553633949018,2.41654507430797,-1.04936403579452
-1.86570921423774,2.41653003256501,-1.0495162126622
-1.86588209023647,2.41651498653051,-1.04966837774158
-1.86605496750186,2.41649993616292,-1.0498205310578
-1.86622784586708,2.41648488181217,-1.0499726725661
-1.86640072548897,2.41646982317733,-1.05012480229348
-1.86657360636579,2.41645476028608,-1.05027692024099
-1.86674648851063,2.41643969306922,-1.05042902642199
-1.86691937190847,2.41642462157387,-1.05058112081863
-1.86709225640074,2.41640954609421,-1.05073320339005
-1.86726514215235,2.4163944663398,-1.05088527417656
-1.86743802916152,2.41637938233833,-1.05103733317918
-1.86761091742922,2.41636429400673,-1.05118938039904
-1.86778380695668,2.41634920140939,-1.05134141582952
-1.86795669758087,2.41633410483369,-1.05149343943254
-1.86812958945703,2.41631900397685,-1.05164545122583
-1.86830248259574,2.41630389882844,-1.05179745124296
-1.86847537698341,2.41628878940791,-1.05194943945508
-1.86864827263691,2.41627367572762,-1.05210141587636
-1.86882116954049,2.41625855780664,-1.05225338050231
-1.86899406754795,2.41624343588557,-1.05240533327838
-1.86916696680804,2.41622830972756,-1.05255727425781
-1.86933986732388,2.41621317924768,-1.05270920343319
-1.86951276909635,2.41619804450693,-1.05286112079968
-1.86968567212332,2.4161829055296,-1.05301302636002
-1.86985857624693,2.41616776255634,-1.05316492005998
-1.87003148162577,2.41615261535552,-1.05331680195927
-1.87020438825114,2.41613746383172,-1.05346867203646
-1.87037729613576,2.41612230805644,-1.05362053030074
-1.87055020528092,2.41610714805059,-1.0537723767574
-1.87072311567605,2.41609198378654,-1.05392421138581
-1.87089602732308,2.4160768152991,-1.0540760342025
-1.87106894006567,2.41606164282022,-1.05422784514825
-1.87124185405866,2.41604646602964,-1.05437964426723
-1.87141476930705,2.41603128501792,-1.05453143157432
-1.87158768580982,2.41601609975213,-1.05468320704235
-1.87176060356609,2.41600091023604,-1.05483497067926
-1.87193352257598,2.41598571650262,-1.0549867224935
-1.87210644283222,2.41597051851741,-1.05513846246753
-1.87227936418213,2.41595531651724,-1.05529019057335
-1.87245228678126,2.41594011027244,-1.05544190683587
-1.8726252106383,2.41592489978149,-1.05559361125645
-1.87279813574527,2.41590968507399,-1.05574530384509
-1.87297106210494,2.41589446612414,-1.05589698459024
-1.87314398971268,2.41587924292859,-1.05604865348424
-1.87331691857036,2.41586401552214,-1.05620031054358
-1.87348984868495,2.41584878381989,-1.05635195576168
-1.8736627798857,2.41583354816449,-1.05650358907798
-1.87383571233547,2.41581830826754,-1.05665521054154
-1.87400864603585,2.41580306413433,-1.05680682014991
-1.87418158098658,2.41578781579443,-1.05695841791331
-1.87435451719045,2.41577256322204,-1.05711000382021
-1.87452745463903,2.41575730641382,-1.05726157786219
-1.87470039333581,2.41574204539934,-1.0574131400502
-1.87487333328583,2.41572678009554,-1.05756469038498
-1.87504627448619,2.4157115105563,-1.05771622884608
-1.87521921693475,2.41569623681648,-1.05786775545047
-1.87539216046555,2.41568095910273,-1.05801927013121
-1.87556510524707,2.41566567719218,-1.05817077295391
-1.87573805127589,2.41565039105041,-1.05832226390187
-1.87591099855573,2.41563510068794,-1.05847374297889
-1.87608394708006,2.41561980612573,-1.05862521018991
-1.87625689685577,2.41560450734139,-1.05877666552242
-1.87642984787597,2.41558920432288,-1.05892810896298
-1.87660280014513,2.41557389705458,-1.05907954053799
-1.87677575365567,2.4155585855612,-1.05923096022577
-1.87694870841854,2.41554326984987,-1.05938236803343
-1.8771216644275,2.41552794994495,-1.05953376396413
-1.87729462168191,2.41551262582403,-1.05968514800383
-1.87746758018273,2.41549729748563,-1.05983652015366
-1.87764053992369,2.41548196495408,-1.05998788041677
-1.87781350091356,2.41546662820886,-1.0601392287887
-1.87798646298351,2.4154512875353,-1.06029056522233
-1.87815942630487,2.41543594265185,-1.06044188976346
-1.87833239087104,2.41542059354989,-1.06059320239684
-1.878505356684,2.41540524020515,-1.06074450314438
-1.87867832373649,2.41538988264573,-1.06089579198266
-1.8788512920354,2.4153745208754,-1.06104706891981
-1.87902426157475,2.41535915492191,-1.06119833395715
-1.87919723235738,2.41534378475945,-1.06134958708323
-1.87937020439046,2.41532841039518,-1.0615008283044
-1.87954317766364,2.41531303185007,-1.06165205762481
-1.87971615217416,2.41529764909648,-1.06180327502421
-1.87988912793264,2.41528226213815,-1.06195448051149
-1.88006210492933,2.41526687100286,-1.06210567408721
-1.880235083173,2.41525147567004,-1.06225685574693
-1.88040806265869,2.41523607613297,-1.06240802548479
-1.880581043386,2.41522067242127,-1.06255918331087
-1.88075402535433,2.41520526451252,-1.06271032921121
-1.88092700856434,2.41518985239472,-1.06286146317386
-1.88109999301623,2.41517443611139,-1.06301258522019
-1.88127297870664,2.41515901562812,-1.06316369533356
-1.88144596564274,2.41514359095205,-1.06331479352032
-1.88161895381821,2.41512816210758,-1.06346587978354
-1.88179194323041,2.4151127290045,-1.06361695410903
-1.88196493388261,2.41509729171249,-1.06376801649635
-1.88213792577789,2.41508185025781,-1.06391906695812
-1.88231091890944,2.41506640460941,-1.06407010547518
-1.88248391327849,2.4150509547692,-1.06422113204687
-1.88265690889432,2.41503550077205,-1.06437214669099
-1.88282990574635,2.41502004258693,-1.06452314938765
-1.88300290383366,2.41500458021048,-1.06467414012993
-1.88317590316147,2.41498911367423,-1.06482511893667
-1.88334890372326,2.41497364295048,-1.06497608578694
-1.88352190552996,2.41495816804643,-1.06512704068783
-1.88369490857144,2.41494268898644,-1.06527798364161
-1.88386791285031,2.41492720574134,-1.06542891463871
-1.88404091836809,2.41491171831643,-1.06557983367667
-1.88421392511842,2.41489622673609,-1.0657307407585
-1.88438693310983,2.41488073097639,-1.06588163588164
-1.88455994233414,2.41486523103739,-1.06603251903587
-1.88473295296458,2.41484972666202,-1.06618339028034
-1.88490596482869,2.41483421813891,-1.06633424956525
-1.88507897792912,2.41481870543889,-1.06648509688104
-1.88525199226144,2.414803188562,-1.06663593221824
-1.88542500783083,2.41478766753977,-1.06678675559565
-1.88559802463429,2.41477214234114,-1.06693756699492
-1.88577104267548,2.41475661297666,-1.06708836641984
-1.88594406195149,2.41474107946736,-1.06723915387594
-1.88611708246146,2.41472554178743,-1.06738992935115
-1.88629010420071,2.41470999993354,-1.06754069283777
-1.88646312717872,2.41469445394398,-1.06769144435176
-1.88663615138467,2.41467890378431,-1.06784218387506
-1.88680917682949,2.41466334946172,-1.06799291141478
-1.88698220350676,2.4146477910006,-1.06814362697388
-1.88715523141562,2.41463222837516,-1.06829433054028
-1.88732826072367,2.41461666132652,-1.06844502216435
-1.88750129125985,2.41460109011216,-1.06859570178738
-1.88767432302957,2.414585514767,-1.06874636942633
-1.88784735602957,2.4145699352566,-1.06889702506471
-1.88802039026689,2.41455435165068,-1.06904766870277
-1.88819342573358,2.4145387639198,-1.06919830035456
-1.88836646243071,2.41452317203287,-1.06934892000117
-1.88853950035708,2.41450757598316,-1.06949952763751
-1.88871253951458,2.41449197580898,-1.06965012327795
-1.88888557990025,2.41447637147928,-1.06980070690419
-1.88905862168352,2.4144607627371,-1.06995127857467
-1.8892316646974,2.41444514984327,-1.07010183822961
-1.88940470894105,2.41442953282407,-1.07025238588075
-1.88957775441181,2.41441391165184,-1.07040292150799
-1.88975080111275,2.41439828633039,-1.07055344511873
-1.88992384904362,2.41438265689275,-1.07070395672106
-1.89009689820494,2.4143670233045,-1.07085445629927
-1.89026994859417,2.41435138556758,-1.07100494385195
-1.89044300037535,2.41433574342656,-1.07115541942689
-1.89061605338132,2.41432009716848,-1.07130588298476
-1.89078910761691,2.41430444677287,-1.07145633452189
-1.89096216307931,2.41428879223108,-1.07160677402378
-1.89113521976377,2.41427313363195,-1.07175720149529
-1.89130827767962,2.41425747089578,-1.07190761693645
-1.89148133682618,2.41424180402264,-1.07205802033851
-1.89165439736319,2.41422613275037,-1.07220841175215
-1.89182745911777,2.41421045736411,-1.0723587911292
-1.89200052210264,2.41419477784333,-1.07250915846618
-1.8921735863128,2.41417909418133,-1.07265951375722
-1.89234665175007,2.41416340641642,-1.07280985701663
-1.89251971841531,2.41414771451756,-1.07296018822692
-1.89269278646661,2.41413201823132,-1.0731105074438
-1.89286585574451,2.41411631781502,-1.07326081460946
-1.8930389262422,2.41410061328971,-1.07341110972857
-1.8932119979685,2.41408490469739,-1.07356139279083
-1.8933850709153,2.41406919197558,-1.07371166379207
-1.89355814508548,2.41405347515059,-1.07386192274471
-1.89373122064113,2.41403775393934,-1.07401216968527
-1.89390429742467,2.41402202860445,-1.07416240456352
-1.89407737543132,2.41400629914983,-1.07431262738668
-1.89425045465671,2.41399056559794,-1.07446283814894
-1.89442353510952,2.41397482792488,-1.0746130368479
-1.89459661694409,2.41395908587007,-1.07476322352363
-1.89476970000257,2.41394333969273,-1.07491339812771
-1.89494278428011,2.41392758948171,-1.07506356066493
-1.89511586977827,2.41391183515019,-1.07521371112032
-1.89528895650013,2.413896076702,-1.07536384950125
-1.89546204460163,2.41388031387852,-1.0755139758572
-1.89563513392736,2.41386454697001,-1.07566409014781
-1.89580822447445,2.41384877594544,-1.07581419235493
-1.89598131624435,2.41383300081013,-1.07596428247604
-1.89615440923235,2.41381722159039,-1.076114360522
-1.89632750359816,2.41380143799456,-1.07626442652498
-1.89650059918968,2.41378565034965,-1.07641448043743
-1.89667369599688,2.41376985859851,-1.07656452226205
-1.89684679402101,2.41375406276552,-1.07671455200178
-1.8970198934277,2.41373826256428,-1.07686456969579
-1.8971929940553,2.41372245825399,-1.07701457529487
-1.89736609590149,2.41370664983997,-1.07716456879578
-1.89753919896341,2.41369083734667,-1.07731455020205
-1.89771230340654,2.41367502055748,-1.07746451956166
-1.89788540906588,2.41365919966518,-1.07761447681405
-1.89805851594236,2.41364337466836,-1.07776442196034
-1.89823162403554,2.41362754560009,-1.07791435500848
-1.89840473351106,2.41361171217403,-1.07806427599765
-1.89857784419941,2.41359587464941,-1.07821418487852
-1.89875095610612,2.4135800330315,-1.07836408164797
-1.89892406922765,2.41356418740052,-1.07851396630705
-1.89909718372655,2.41354833741435,-1.07866383889667
-1.89927029944117,2.41353248333213,-1.07881369936763
-1.89944341637294,2.41351662515921,-1.07896354771742
-1.89961653451301,2.41350076292199,-1.07911338395746
-1.89978965403491,2.41348489633408,-1.07926320812711
-1.89996277477116,2.41346902571527,-1.07941302016224
-1.90013589671933,2.41345315100497,-1.07956282006752
-1.90030902004501,2.41343727197238,-1.07971260790377
-1.90048214458301,2.41342138885759,-1.07986238361563
-1.90065527033671,2.4134055016606,-1.08001214719375
-1.90082839730108,2.41338961037474,-1.08016189863227
-1.90100152564349,2.41337371483364,-1.08031163799393
-1.90117465519893,2.4133578152076,-1.08046136521461
-1.90134778596285,2.41334191150395,-1.0806110802997
-1.90152091810474,2.4133260034588,-1.08076078329277
-1.90169405145941,2.41331009133464,-1.08091047414203
-1.90186718602015,2.41329417515591,-1.08106015285018
-1.90204032195624,2.41327825470613,-1.08120981946604
-1.90221345910269,2.41326233017798,-1.08135947392902
-1.90238659746042,2.41324640157007,-1.08150911624024
-1.90255973719148,2.41323046865501,-1.08165874645792
-1.90273287813067,2.41321453167286,-1.08180836452674
-1.9029060202845,2.41319859067941,-1.0819579704356
-1.90307916364459,2.41318264560883,-1.08210756418221
-1.90325230837295,2.41316669623374,-1.08225714582473
-1.90342545431014,2.41315074278885,-1.08240671530177
-1.90359860146106,2.41313478528337,-1.08255627262831
-1.90377174997938,2.41311882350549,-1.08270581782704
-1.90394489970603,2.41310285766035,-1.08285535085928
-1.90411805080676,2.41308688752063,-1.08300487178396
-1.90429120311024,2.41307091331771,-1.08315438054062
-1.90446435662361,2.41305493505159,-1.08330387712065
-1.90463751150618,2.41303895251961,-1.08345336157046
-1.90481066759495,2.41302296595277,-1.08360283385365
-1.90498382489136,2.41300697533403,-1.08375229396421
-1.90515698355115,2.41299098039095,-1.08390174193904
-1.90533014342262,2.41297498139119,-1.08405117773481
-1.90550330449485,2.41295897839602,-1.08420060134567
-1.90567646693595,2.41294297111359,-1.08435001282793
-1.9058496305825,2.41292695977517,-1.08449941212132
-1.90602279543564,2.41291094438275,-1.08464879922512
-1.90619596165676,2.41289492474244,-1.08479817419156
-1.90636912907884,2.41287890107459,-1.08494753697034
-1.90654229786763,2.41286287309303,-1.08509688760081
-1.90671546786388,2.41284684106542,-1.08524622603816
-1.90688863906461,2.41283080499382,-1.0853955522823
-1.90706181163134,2.41281476467367,-1.085544866371
-1.90723498539508,2.41279872033064,-1.08569416826078
-1.90740816052534,2.41278267168585,-1.0858434580067
-1.90758133685693,2.41276661899441,-1.08599273554203
-1.90775451439062,2.41275056231748,-1.08614200086175
-1.90792769329056,2.41273450133751,-1.08629125401984
-1.90810087338726,2.41271843634661,-1.08644049498344
-1.9082740548525,2.41270236705666,-1.086589723784
-1.90844723752066,2.41268629378919,-1.0867389403654
-1.90862042138515,2.41267021648373,-1.08688814473295
-1.90879360661192,2.41265413487994,-1.08703733692763
-1.90896679303722,2.41263804926455,-1.08718651691045
-1.90913998082471,2.41262195941937,-1.08733568472155
-1.90931316981509,2.41260586553881,-1.08748484030912
-1.90948636016856,2.41258976736791,-1.08763398372026
-1.9096595517193,2.41257366516573,-1.08778311490636
-1.90983274447035,2.41255755902448,-1.08793223387017
-1.91000593858174,2.41254144859024,-1.08808134065028
-1.91017913389006,2.4125253341307,-1.08823043520249
-1.91035233056125,2.41250921538556,-1.08837951756777
-1.91052552842728,2.41249309266765,-1.08852858768556
-1.91069872765237,2.41247696569253,-1.08867764562632
-1.91087192807301,2.41246083469484,-1.08882669132937
-1.91104512985709,2.41244469941619,-1.08897572484374
-1.91121833283679,2.41242856017277,-1.08912474610706
-1.9113915370157,2.41241241691615,-1.08927375512873
-1.91156474254747,2.4123962694018,-1.08942275195586
-1.91173794927252,2.41238011793406,-1.08957173653593
-1.91191115735482,2.41236396218484,-1.08972070890984
-1.91208436663862,2.4123478024183,-1.08986966903531
-1.91225757727618,2.41233163837967,-1.09001861695933
-1.91243078910927,2.41231547041279,-1.09016755263055
-1.91260400229444,2.41229929816718,-1.09031647608505
-1.91277721667417,2.41228312191575,-1.09046538728559
-1.91295043241419,2.41226694139488,-1.09061428627498
-1.91312364934646,2.41225075691738,-1.09076317299264
-1.91329686763121,2.41223456820233,-1.09091204750781
-1.91347008710733,2.41221837547884,-1.09106090975158
-1.91364330794169,2.41220217854449,-1.09120975977188
-1.91381652996769,2.41218597761111,-1.09135859752624
-1.9139897533451,2.4121697724098,-1.09150742305049
-1.91416297792156,2.4121535632639,-1.09165623629876
-1.91433620384377,2.41213734988725,-1.09180503733178
-1.91450943095797,2.41212113250558,-1.091953826084
-1.9146826594261,2.41210491086943,-1.09210260261014
-1.91485588908806,2.41208868529145,-1.09225136684972
-1.91502912009849,2.41207245545237,-1.09240011884721
-1.91520235230342,2.41205622162168,-1.09254885856792
-1.91537558585628,2.41203998361751,-1.09269758605276
-1.91554882059638,2.41202374162386,-1.09284630124984
-1.91572205668922,2.41200749537379,-1.0929950042038
-1.91589529397294,2.41199124518871,-1.09314369485921
-1.91606853259992,2.41197499075136,-1.09329237326923
-1.91624177241826,2.41195873235161,-1.09344103939373
-1.9164150135877,2.4119424697608,-1.09358969325911
-1.91658825610376,2.41192620292379,-1.09373833487697
-1.916761499807,2.41190993209738,-1.09388696418931
-1.91693474485911,2.4118936570288,-1.09403558125271
-1.91710799110021,2.41187737803406,-1.09418418600482
-1.91728123868631,2.41186109481831,-1.09433277850281
-1.91745448746203,2.41184480762662,-1.0944813586993
-1.91762773758298,2.41182851624938,-1.09462992662503
-1.91780098888963,2.41181222089161,-1.09477848224271
-1.91797424154415,2.41179592129314,-1.09492702559254
-1.91814749554902,2.4117796175206,-1.09507555667712
-1.91832075073323,2.41176330979406,-1.09522407544512
-1.91849400726866,2.41174699783291,-1.09537258194313
-1.91866726498524,2.41173068195524,-1.09552107611744
-1.91884052404553,2.41171436184174,-1.0956695580126
-1.91901378428982,2.41169803775995,-1.09581802758512
-1.91918704587944,2.4116817095022,-1.09596648487455
-1.91936030881787,2.4116653770201,-1.09611492989034
-1.9195335729337,2.41164904059289,-1.09626336257679
-1.91970683839225,2.41163269999053,-1.09641178297102
-1.91988010503656,2.41161635543002,-1.09656019103828
-1.92005337302621,2.41160000663923,-1.09670858681623
-1.92022664235988,2.41158365368478,-1.09685697030671
-1.920399912869,2.41156729676231,-1.09700534144647
-1.92057318472211,2.41155093570802,-1.09715370030736
-1.92074645775287,2.41153457068977,-1.09730204681609
-1.92091973212856,2.41151820144612,-1.09745038102495
-1.92109300784408,2.41150182804371,-1.09759870293501
-1.92126628474036,2.41148545068005,-1.09774701249259
-1.9214395629793,2.41146906910587,-1.09789530975244
-1.92161284255962,2.41145268337363,-1.0980435947037
-1.92178612331378,2.41143629371414,-1.09819186731026
-1.921959405406,2.41141989983619,-1.09834012760416
-1.92213268868205,2.41140350207176,-1.0984883755445
-1.92230597329836,2.41138710009294,-1.09863661117074
-1.92247925924805,2.41137069390189,-1.09878483448208
-1.92265254637718,2.41135428381978,-1.09893304542309
-1.9228258348419,2.41133786952953,-1.09908124404776
-1.92299912464858,2.41132145112002,-1.09922943036108
-1.92317241563246,2.41130502876108,-1.09937760429927
-1.92334570795144,2.41128860220012,-1.0995257659182
-1.92351900161199,2.41127217149296,-1.09967391520664
-1.92369229644723,2.4112557368479,-1.09982205212393
-1.92386559261694,2.41123929799625,-1.09997017670593
-1.92403889012551,2.41122285500658,-1.10011828896325
-1.92421218880583,2.41120640810221,-1.10026638884337
-1.92438548882144,2.41118995706199,-1.10041447638855
-1.92455879017589,2.41117350182337,-1.10056255159552
-1.92473209270166,2.41115704265044,-1.10071061442112
-1.92490539656208,2.4111405793371,-1.10085866489575
-1.9250787017586,2.41112411183353,-1.10100670303799
-1.92525200812559,2.41110764045365,-1.1011547287766
-1.92542531582258,2.41109116491013,-1.10130274218438
-1.92559862485524,2.41107468517521,-1.10145074324188
-1.92577193505937,2.41105820157215,-1.10159873190231
-1.92594524659538,2.41104171377649,-1.10174670820405
-1.9261185594643,2.41102522179761,-1.10189467216132
-1.92629187366686,2.41100872568944,-1.10204262375408
-1.92646518903593,2.41099222565684,-1.10219056294351
-1.92663850573685,2.41097572149567,-1.10233848976807
-1.92681182377069,2.41095921318536,-1.10248640424713
-1.92698514297635,2.41094270095134,-1.10263430631376
-1.92715846351127,2.41092618460034,-1.10278219601948
-1.92733178537683,2.41090966406449,-1.1029300733548
-1.92750510857165,2.41089313941049,-1.10307793832154
-1.92767843293308,2.41087661083906,-1.10322579086337
-1.92785175862592,2.41086007815358,-1.10337363103515
-1.92802508564995,2.41084354129147,-1.10352145883287
-1.92819841400184,2.41082700028802,-1.10366927427261
-1.92837174351604,2.41081045543133,-1.10381707728195
-1.92854507435871,2.4107939063989,-1.10396486790805
-1.92871840652845,2.41077735325742,-1.10411264615273
-1.92889174002882,2.41076079594433,-1.10426041201273
-1.92906507469245,2.41074423472701,-1.10440816544301
-1.92923841068448,2.41072766939802,-1.10455590648386
-1.92941174800236,2.41071109990374,-1.10470363513778
-1.92958508665098,2.41069452630527,-1.10485135139896
-1.92975842645881,2.41067794883331,-1.10499905523041
-1.929931767594,2.41066136719681,-1.10514674666505
-1.93010511005493,2.41064478145909,-1.10529442570655
-1.93027845384328,2.41062819156637,-1.10544209235669
-1.93045179878945,2.4106115978291,-1.10558974654528
-1.930625145065,2.41059499993759,-1.10573738834289
-1.9307984926631,2.41057839794576,-1.10588501772794
-1.93097184158318,2.41056179180191,-1.10603263471099
-1.9311451918282,2.41054518149932,-1.10618023928624
-1.93131854323189,2.41052856739568,-1.10632783141302
-1.93149189595669,2.41051194913214,-1.10647541112357
-1.9316652500073,2.41049532678404,-1.10662297842478
-1.93183860537909,2.41047870028561,-1.10677053331519
-1.93201196207099,2.41046206969268,-1.10691807578203
-1.93218531992377,2.41044543521675,-1.10706560578428
-1.93235867909879,2.41042879665045,-1.10721312336147
-1.93253203959546,2.41041215394208,-1.10736062852418
-1.93270540141115,2.41039550708636,-1.10750812125593
-1.93287876454181,2.41037885617443,-1.10765560157019
-1.93305212883469,2.41036220138646,-1.10780306941728
-1.93322549444539,2.4103455425132,-1.1079505248279
-1.93339886137131,2.41032887950101,-1.10809796780457
-1.93357222961719,2.41031221240766,-1.10824539834329
-1.93374559918617,2.41029554118146,-1.10839281645539
-1.93391897006918,2.41027886587841,-1.10854022212803
-1.93409234210716,2.41026218669574,-1.10868761530747
-1.93426571546765,2.41024550338642,-1.10883499605732
-1.93443909014148,2.41022881599575,-1.10898236435162
-1.93461246613151,2.4102121245051,-1.10912972021768
-1.93478584343915,2.41019542894253,-1.10927706363289
-1.93495922206161,2.41017872925107,-1.10942439460164
-1.93513260183909,2.41016202575705,-1.1095717130745
-1.93530598293558,2.41014531813285,-1.10971901909248
-1.93547936534568,2.41012860644182,-1.10986631265847
-1.93565274907103,2.4101118906302,-1.11001359377428
-1.9358261341084,2.41009517074856,-1.11016086242088
-1.93599952046311,2.41007844675048,-1.1103081186158
-1.93617290812818,2.41006171868654,-1.11045536233927
-1.93634629710656,2.41004498650169,-1.11060259360449
-1.9365196872331,2.41002825046111,-1.11074981235762
-1.93669307867442,2.41001151038869,-1.11089701864757
-1.93686647142841,2.40999476620161,-1.11104421247628
-1.93703986549799,2.40997801795906,-1.11119139382981
-1.93721326087639,2.40996126560071,-1.11133856271364
-1.9373866575644,2.40994450919124,-1.11148571912078
-1.93756005556542,2.40992774866469,-1.11163286304982
-1.93773345487437,2.40991098409119,-1.11177999449992
-1.93790685549631,2.40989421541023,-1.11192711347735
-1.93808025743037,2.40987744268104,-1.11207421996742
-1.93825366050716,2.40986066610299,-1.11222131392513
-1.93842706489581,2.40984388547222,-1.11236839538965
-1.93860047059801,2.4098271007457,-1.11251546437589
-1.93877387760573,2.40981031200389,-1.11266252088334
-1.93894728591533,2.40979351915113,-1.1128095648913
-1.93912069553522,2.40977672226281,-1.11295659640738
-1.93929410646668,2.40975992127845,-1.1131036154371
-1.93946751870272,2.40974311624863,-1.11325062196067
-1.93964093224644,2.40972630712166,-1.11339761598943
-1.93981434709471,2.40970949395887,-1.11354459751748
-1.93998776325108,2.40969267669766,-1.11369156654154
-1.94016118071405,2.4096758554048,-1.11383852306338
-1.94033459947928,2.40965903002125,-1.11398546707786
-1.9405080195553,2.40964220060477,-1.11413239858169
-1.94068144076908,2.40962536735808,-1.11427931752726
-1.94085486328765,2.40960853008282,-1.11442622396066
-1.94102828710822,2.40959168874421,-1.11457311788755
-1.94120171223547,2.40957484337787,-1.11471999930261
-1.94137513866722,2.40955799393003,-1.11486686820691
-1.94154856640025,2.40954114045126,-1.11501372458138
-1.94172199543388,2.40952428288989,-1.11516056843663
-1.94189542577468,2.40950742131255,-1.11530739977443
-1.94206885742026,2.40949055565134,-1.11545421858456
-1.94224229035921,2.40947368596441,-1.11560102486297
-1.94241572460287,2.40945681220328,-1.11574781861914
-1.9425891601502,2.40943993442381,-1.1158945998402
-1.94276259699832,2.40942305256906,-1.11604136853058
-1.94293603514392,2.40940616669698,-1.1161881246862
-1.94310947459071,2.40938927674835,-1.11633486830194
-1.94328291533703,2.40937238278661,-1.11648159938141
-1.94345635738446,2.40935548475798,-1.11662831792643
-1.943629800726,2.40933858271304,-1.11677502391716
-1.94380324536794,2.40932167662987,-1.11692171738342
-1.94397669130389,2.40930476654006,-1.11706839830083
-1.94415013853891,2.40928785238315,-1.11721506667565
-1.94432358707211,2.40927093421834,-1.11736172249317
-1.94449703690265,2.40925401199062,-1.11750836576584
-1.94467048803112,2.40923708576133,-1.11765499648849
-1.94484394045529,2.40922015546595,-1.11780161464904
-1.94501739417942,2.40920322117321,-1.11794822025804
-1.94519084919899,2.40918628282071,-1.11809481331223
-1.9453643055131,2.40916934046765,-1.11824139379685
-1.94553776312468,2.40915239405905,-1.11838796172514
-1.94571122202459,2.40913544365094,-1.11853451708421
-1.94588468238283,2.40911848893196,-1.11868105993521
-1.94605814403749,2.40910153021559,-1.11882759020741
-1.94623160698392,2.40908456744683,-1.11897410791254
-1.94640507122272,2.40906760068702,-1.11912061304541
-1.94657853675327,2.40905062993278,-1.11926710559758
-1.94675200357862,2.40903365513249,-1.1194135855804
-1.94692547169938,2.40901667634749,-1.11956005298867
-1.94709894110722,2.40899969351536,-1.11970650781839
-1.94727241180222,2.40898270671977,-1.11985295006696
-1.94744588379606,2.40896571588659,-1.11999937974313
-1.94761935707957,2.40894872107185,-1.120145796834
-1.94779283164822,2.40893172221315,-1.12029220133631
-1.94796630751071,2.40891471937166,-1.12043859324485
-1.94813978466034,2.40889771249043,-1.12058497256329
-1.94831326326251,2.40888070137663,-1.12073133934317
-1.94848674315585,2.40886368621852,-1.12087769352634
-1.94866022433515,2.40884666708627,-1.12102403511196
-1.9488337068056,2.40882964392277,-1.12117036410441
-1.94900719056401,2.40881261678937,-1.12131668049777
-1.94918067560743,2.40879558567406,-1.12146298427924
-1.94935416194123,2.40877855053386,-1.12160927546452
-1.94952764956002,2.40876151142482,-1.12175555404145
-1.94970113846523,2.40874446828985,-1.12190182001372
-1.94987462865566,2.40872742118144,-1.12204807337028
-1.95004812029711,2.40871036979188,-1.12219431417117
-1.95022161321767,2.40869331443334,-1.12234054235484
-1.95039510742862,2.40867625505736,-1.12248675793077
-1.95056860292282,2.40865919171115,-1.12263296088098
-1.95074209969924,2.40864212440567,-1.12277915120979
-1.95091559775916,2.40862505308048,-1.12292532892274
-1.95108909710328,2.40860797780027,-1.12307149401275
-1.95126259789551,2.40859089824517,-1.1232176465359
-1.95143609996634,2.40857381472854,-1.12336378641993
-1.95160960331868,2.4085567271954,-1.12350991367808
-1.95178310795526,2.40853963571241,-1.12365602831134
-1.95195661387273,2.40852254024833,-1.12380213032479
-1.95213012106666,2.40850544082258,-1.12394821969095
-1.95230362954183,2.40848833744806,-1.12409429642296
-1.95247713946228,2.40847122980829,-1.12424036057503
-1.95265065066012,2.40845411822208,-1.12438641208258
-1.95282416313878,2.40843700262348,-1.1245324509442
-1.95299767690264,2.40841988308466,-1.12467847716857
-1.95317119193739,2.4084027595379,-1.12482449074475
-1.95334470841595,2.40838563179051,-1.12497049172574
-1.95351822617291,2.40836850010399,-1.12511648005949
-1.953691745206,2.40835136441381,-1.12526245573388
-1.95386526551946,2.40833422478876,-1.12540841875946
-1.95403878710871,2.40831708116646,-1.12555436913298
-1.95421230997432,2.40829993360827,-1.12570030684921
-1.95438583428031,2.40828278179775,-1.12584623196238
-1.95455935986082,2.40826562604482,-1.12599214440281
-1.95473288671671,2.40824846635907,-1.12613804418475
-1.95490641484734,2.40823130268145,-1.12628393130382
-1.95507994441208,2.408214134814,-1.1264298058046
-1.95525347524972,2.40819696295897,-1.1265756676402
-1.95542700736678,2.40817978717222,-1.12672151679918
-1.95560054075868,2.40816260740216,-1.12686735329142
-1.95577407542598,2.40814542371017,-1.1270131771117
-1.9559476115224,2.40812823583041,-1.127158988304
-1.95612114889063,2.40811104396848,-1.12730478682031
-1.95629468753339,2.40809384818024,-1.12745057264841
-1.95646822744599,2.40807664841074,-1.12759634580009
-1.95664176879551,2.40805944446543,-1.12774210631954
-1.95681531141693,2.4080422365465,-1.12788785415914
-1.95698885530471,2.4080250247067,-1.12803358930858
-1.95716240046591,2.40800780895681,-1.12817931177215
-1.95733594706077,2.40799058896965,-1.12832502159017
-1.95750949492489,2.40797336506806,-1.12847071871571
-1.95768304405978,2.40795613719827,-1.12861640315054
-1.95785659445612,2.40793890541304,-1.12876207488365
-1.95803014628737,2.40792166946389,-1.12890773397059
-1.95820369938461,2.40790442953885,-1.12905338035173
-1.95837725374997,2.4078871857048,-1.12919901402954
-1.95855080938715,2.40786993791331,-1.12934463501199
-1.95872436644726,2.40785268595256,-1.12949024333243
-1.9588979247747,2.40783543009261,-1.12963583894456
-1.95907148437077,2.40781817027301,-1.12978142185394
-1.95924504539264,2.40780090629063,-1.12992699209895
-1.95941860768358,2.40778363835075,-1.13007254963004
-1.95959217123961,2.40776636651162,-1.13021809444463
-1.95976573605836,2.40774909071616,-1.13036362654566
-1.95993930230077,2.40773181076123,-1.13050914597226
-1.96011286980737,2.40771452691353,-1.13065465267926
-1.96028643857966,2.40769723911929,-1.13080014666845
-1.96046000877691,2.40767994716656,-1.13094562797313
-1.96063358023567,2.40766265126297,-1.13109109655338
-1.96080715295648,2.40764535146991,-1.13123655240396
-1.96098072709913,2.40762804753035,-1.1313819955739
-1.96115430250615,2.4076107396464,-1.13152742601706
-1.9613278791721,2.40759342787416,-1.13167284372124
-1.96150145726317,2.40757611190266,-1.13181824874689
-1.9616750366135,2.40755879204168,-1.13196364102427
-1.96184861722183,2.40754146829888,-1.13210902055956
-1.96202219925216,2.407524140358,-1.13225438740703
-1.96219578254239,2.40750680853963,-1.13239974151084
-1.96236936708749,2.40748947284064,-1.13254508286326
-1.96254295305744,2.40747213295006,-1.1326904115255
-1.96271654028415,2.40745478918317,-1.13283572743476
-1.96289012876522,2.4074374414829,-1.13298103059401
-1.96306371866967,2.40742008964262,-1.13312632104419
-1.96323730982995,2.40740273393253,-1.13327159873828
-1.96341090241005,2.40738537403639,-1.13341686373057
-1.96358449624188,2.40736801026947,-1.13356211595826
-1.96375809133268,2.40735064257663,-1.13370735543385
-1.96393168783973,2.4073332707582,-1.13385258219385
-1.96410528560133,2.40731589507548,-1.13399779618687
-1.96427888461875,2.40729851546804,-1.13414299741849
-1.9644524850477,2.40728113173069,-1.13428818591748
-1.96462608673445,2.40726374407631,-1.13443336165159
-1.96479968983228,2.40724635229855,-1.13457852466036
-1.96497329418559,2.40722895666734,-1.13472367489743
-1.96514689979344,2.40721155711695,-1.1348688123622
-1.96532050681528,2.40719415345305,-1.13501393709736
-1.96549411508335,2.40717674592825,-1.13515904904647
-1.9656677247677,2.40715933423505,-1.13530414826886
-1.96584133570235,2.4071419186906,-1.13544923470979
-1.96601494804918,2.40712449897679,-1.13559430841549
-1.96618856164821,2.40710707540526,-1.13573936932496
-1.96636217649434,2.4070896479837,-1.13588441744366
-1.96653579275167,2.4070722163993,-1.13602945282398
-1.96670941026176,2.40705478096923,-1.13617447541268
-1.96688302918137,2.40703734140347,-1.13631948524267
-1.96705664935235,2.40701989794048,-1.13646448228131
-1.96723027093175,2.40700245037398,-1.13660946656886
-1.96740389375451,2.40698499890596,-1.13675443805769
-1.96757751782502,2.40696754360117,-1.13689939674134
-1.96775114330075,2.40695008419411,-1.13704434266459
-1.96792477002263,2.40693262089206,-1.13718927578672
-1.96809839815382,2.40691515348656,-1.13733419613984
-1.96827202753259,2.40689768224969,-1.13747910368573
-1.96844565831692,2.40688020686002,-1.13762399847177
-1.96861929034478,2.40686272764136,-1.13776888044016
-1.96879292377964,2.40684524433354,-1.13791374964259
-1.96896655845422,2.4068277571332,-1.13805860602525
-1.96914019453763,2.40681026584806,-1.13820344964034
-1.96931383186262,2.40679277067476,-1.13834828043405
-1.96948747058851,2.40677527141574,-1.13849309845093
-1.96966111055738,2.40675776833219,-1.13863790364032
-1.96983475192943,2.40674026110802,-1.13878269605577
-1.9700083945425,2.4067227500637,-1.13892747564137
-1.97018203855418,2.4067052349371,-1.13907224244002
-1.97035568381284,2.40668771593211,-1.13921699641434
-1.97052933047193,2.40667019284923,-1.13936173760009
-1.97070297836821,2.40665266594408,-1.1395064659381
-1.97087662766717,2.40663513490616,-1.13965118149043
-1.97105027820667,2.40661760005589,-1.13979588420115
-1.97122393014691,2.40660006107724,-1.13994057412383
-1.97139758332345,2.40658251828197,-1.14008525119827
-1.97157123789613,2.40656497141664,-1.14022991547164
-1.97174489370366,2.40654742068317,-1.14037456689701
-1.97191855091597,2.40652986585621,-1.14051920551131
-1.97209220936445,2.4065123072214,-1.14066383127341
-1.97226586921315,2.40649474446606,-1.14080844423571
-1.97243953029015,2.40647717790528,-1.14095304433463
-1.97261319276867,2.40645960728428,-1.14109763162953
-1.9727868564815,2.40644203280298,-1.14124220606467
-1.97296052158791,2.40642445426054,-1.14138676768651
-1.97313418809265,2.40640687166252,-1.14153131649309
-1.97330785583064,2.40638928521077,-1.14167585243673
-1.97348152495893,2.40637169469919,-1.14182037555774
-1.97365519532605,2.40635410033828,-1.14196488581492
-1.97382886708528,2.40633650192194,-1.14210938324784
-1.97400254007494,2.4063188997146,-1.14225386780315
-1.97417621445517,2.40630129339697,-1.14239833953634
-1.97434989023019,2.40628368303052,-1.14254279844282
-1.97452356723835,2.40626606887968,-1.14268724446926
-1.97469724563378,2.40624845061984,-1.14283167766422
-1.97487092525816,2.40623082857471,-1.14297609797058
-1.97504460627343,2.4062132024787,-1.14312050543232
-1.97521828852201,2.4061955725445,-1.14326490001642
-1.97539197215819,2.4061779385396,-1.1434092817434
-1.9755656571857,2.40616030049599,-1.14355365063032
-1.97573934344322,2.40614265861549,-1.14369800663026
-1.97591303108786,2.40612501269539,-1.1438423497816
-1.9760867201206,2.40610736274124,-1.14398668008162
-1.97626041038003,2.4060897089515,-1.14413099748529
-1.97643410202549,2.40607205112879,-1.14427530203717
-1.97660779489899,2.40605438953417,-1.14441959368654
-1.97678148916073,2.40603672385173,-1.14456387248701
-1.97695518480517,2.40601905413763,-1.14470813842633
-1.97712888167063,2.40600138065627,-1.14485239145112
-1.97730257992099,2.40598370308841,-1.14499663161765
-1.97747627955672,2.40596602149554,-1.14514085892056
-1.97764998041649,2.40594833607943,-1.14528507331292
-1.97782368266339,2.40593064664272,-1.14542927484003
-1.97799738628854,2.40591295318234,-1.14557346349341
-1.97817109114038,2.40589525590534,-1.14571763923378
-1.97834479737538,2.40587755458126,-1.14586180208978
-1.97851850483244,2.40585984949895,-1.1460059520197
-1.9786922136717,2.40584214034254,-1.14615008907715
-1.97886592389364,2.40582442717353,-1.14629421325677
-1.97903963533043,2.40580671024426,-1.1464383245021
-1.97921334815209,2.40578898924756,-1.14658242287249
-1.97938706235306,2.40577126423958,-1.14672650835568
-1.97956077793422,2.40575353522257,-1.14687058095084
-1.97973449473047,2.40573580239824,-1.1470146406103
-1.97990821290867,2.4057180655693,-1.14715868738008
-1.98008193245757,2.40570032473489,-1.14730272126065
-1.98025565322796,2.40568258009982,-1.14744674220379
-1.98042937537315,2.4056648314615,-1.14759075024712
-1.98060309889401,2.40564707882214,-1.14773474538984
-1.98077682363234,2.40562932235229,-1.14787872757794
-1.98095054974809,2.40561156188587,-1.14802269686378
-1.98112427724213,2.40559379742508,-1.14816665324652
-1.98129800611572,2.40557602890955,-1.14831059673179
-1.98147173620072,2.40555825665754,-1.14845452725475
-1.98164546765685,2.40554048041252,-1.14859844486449
-1.98181920048914,2.40552270011413,-1.14874234956737
-1.98199293453166,2.40550491608591,-1.14888624130471
-1.98216666994787,2.40548712806803,-1.14903012012826
-1.9823404067369,2.40546933600148,-1.14917398603364
-1.98251414490134,2.40545153994973,-1.14931783902357
-1.98268788427349,2.40543374017174,-1.14946167903774
-1.98286162501722,2.40541593634842,-1.14960550613243
-1.98303536713245,2.40539812851679,-1.14974932029069
-1.98320911062057,2.40538031670356,-1.14989312152328
-1.98338285531986,2.40536250117301,-1.1500369097768
-1.98355660138441,2.40534468160073,-1.15018068509987
-1.98373034882448,2.40532685805689,-1.15032444749286
-1.98390409763111,2.40530903053507,-1.15046819694921
-1.98407784764295,2.4052911992369,-1.15061193342196
-1.98425159902311,2.40527336396855,-1.15075565695448
-1.9844253517724,2.40525552472892,-1.15089936754786
-1.98459910588381,2.40523768146123,-1.15104306520594
-1.98477286136606,2.40521983422675,-1.1511867499232
-1.98494661805143,2.40520198328437,-1.15133042163933
-1.98512037610379,2.40518412831506,-1.15147408041063
-1.98529413552303,2.40516626935251,-1.15161772622209
-1.98546789631055,2.4051484064268,-1.1517613590825
-1.9856416584579,2.40513053947889,-1.15190497898602
-1.98581542180881,2.40511266883091,-1.15204858588542
-1.98598918652077,2.40509479422116,-1.15219217982361
-1.98616295259885,2.4050769155926,-1.15233576080507
-1.98633672003969,2.40505903300674,-1.15247932882365
-1.98651048884034,2.40504114646583,-1.15262288387778
-1.98668425900588,2.40502325591284,-1.15276642597191
-1.98685803036813,2.40500536166591,-1.15290995504117
-1.98703180309652,2.40498746347064,-1.1530534711442
-1.98720557718351,2.40496956124246,-1.15319697427528
-1.98737935262858,2.40495165506513,-1.15334046443083
-1.98755312943633,2.40493374494088,-1.15348394161074
-1.98772690760426,2.4049158308127,-1.15362740581799
-1.98790068696416,2.40489791299536,-1.15377085698961
-1.98807446768549,2.40487999123785,-1.15391429518233
-1.98824824976354,2.4048620654778,-1.15405772039297
-1.98842203319867,2.40484413577342,-1.15420113261805
-1.98859581799176,2.4048262021303,-1.15434453185481
-1.98876960413987,2.40480826455067,-1.15448791810167
-1.98894339165137,2.40479032294969,-1.15463129135426
-1.98911718035471,2.40477237766994,-1.15477465155843
-1.98929097041327,2.40475442846603,-1.15491799877723
-1.98946476182463,2.40473647527001,-1.15506133300042
-1.98963855458917,2.40471851814008,-1.15520465422451
-1.98981234870776,2.40470055708183,-1.15534796244676
-1.98998614418166,2.40468259203823,-1.15549125767086
-1.99015994100528,2.4046646230655,-1.15563453988451
-1.99033373918541,2.40464665016787,-1.1557778090957
-1.99050753871736,2.40462867328634,-1.15592106529931
-1.99068133944222,2.40461069271313,-1.15606430843048
-1.99085514151634,2.4045927082198,-1.15620753854709
-1.99102894494241,2.40457471975158,-1.15635075566256
-1.9912027497134,2.40455672736243,-1.15649395975489
-1.9913765558361,2.4045387310566,-1.15663715083204
-1.99155036330583,2.40452073077506,-1.15678032888891
-1.99172417212296,2.40450272657936,-1.15692349392008
-1.99189798228829,2.40448471846843,-1.15706664592664
-1.99207179380267,2.40446670644786,-1.15720978490579
-1.99224560666734,2.4044486904573,-1.1573529108632
-1.99241942088008,2.40443067052847,-1.15749602377587
-1.99259323644197,2.40441264669906,-1.15763912366757
-1.99276705334688,2.40439461890445,-1.15778221052544
-1.99294087159515,2.40437658720284,-1.15792528434595
-1.99311469119141,2.40435855159985,-1.15806834512708
-1.99328851213312,2.4043405120351,-1.15821139287374
-1.99346233425803,2.40432246883195,-1.15835442752787
-1.99363615772359,2.40430442172553,-1.15849744913435
-1.99380998253107,2.40428637066214,-1.15864045769498
-1.99398380868422,2.4042683156722,-1.15878345319753
-1.99415763617812,2.40425025679139,-1.15892643565695
-1.99433146501639,2.40423219396042,-1.15906940506795
-1.99450529519561,2.40421412723752,-1.1592123614263
-1.99467912672036,2.40419605662494,-1.1593553047319
-1.99485295958172,2.40417798212297,-1.15949823497431
-1.99502679378468,2.40415990367124,-1.15964115215993
-1.99520062932583,2.40414182133133,-1.15978405628259
-1.99537446620366,2.40412373511444,-1.15992694734656
-1.99554830442515,2.40410564492678,-1.16006982534175
-1.99572214398127,2.40408755085242,-1.16021269026452
-1.99589598487884,2.40406945289896,-1.16035554212091
-1.99606982711308,2.40405135100405,-1.16049838090776
-1.99624367068063,2.40403324523256,-1.16064120661694
-1.99641751558603,2.40401513558346,-1.16078401925029
-1.99659136182816,2.40399702200534,-1.16092681881856
-1.99676520940599,2.40397890455415,-1.16106960530854
-1.99693905848038,2.40396078294064,-1.1612123787545
-1.99711290889584,2.40394265745863,-1.16135513912118
-1.99728676064385,2.40392452804576,-1.16149788640469
-1.99746061372478,2.40390639476694,-1.16164062059764
-1.99763446813942,2.4038882576211,-1.1617833417011
-1.99780832388062,2.40387011655152,-1.16192604971898
-1.99798218095712,2.40385197161949,-1.16206874464565
-1.99815603935994,2.40383382282195,-1.16221142647262
-1.99832989910354,2.40381567007941,-1.1623540952026
-1.99850376017507,2.40379751347591,-1.16249675083117
-1.99867762257908,2.40377935301375,-1.16263939335819
-1.99885148631067,2.40376118864152,-1.16278202279373
-1.99902535137034,2.40374302040986,-1.1629246391191
-1.99919921776109,2.40372484832636,-1.16306724233961
-1.99937308547772,2.40370667238467,-1.16320983244942
-1.99954695452147,2.4036884925311,-1.16335240945033
-1.9997208250588,2.40367030854108,-1.16349497337898
-1.99989469692202,2.40365212070867,-1.16363752419949
-2.00006857011096,2.40363392897122,-1.16378006190778
-2.00024244462373,2.403615733385,-1.16392258649223
-2.00041632046713,2.40359753395762,-1.16406509795886
-2.0005901976326,2.40357933062673,-1.16420759630379
-2.00076407612049,2.40356112345059,-1.16435008152347
-2.00093795593297,2.40354291244044,-1.16449255362292
-2.00111183707339,2.40352469750582,-1.16463501258946
-2.00128571969523,2.40350647847253,-1.16477745847007
-2.00145960364262,2.40348825560316,-1.16491989122197
-2.00163348891036,2.40347002889798,-1.16506231083547
-2.00180737549966,2.40345179829998,-1.1652047173143
-2.00198126340849,2.40343356387637,-1.16534711066007
-2.0021551526362,2.40341532562051,-1.16548949086602
-2.00232904319134,2.40339708345087,-1.16563185792613
-2.0025029352236,2.4033788371933,-1.1657742118866
-2.00267682858087,2.40336058711035,-1.16591655270538
-2.00285072325221,2.40334233314864,-1.16605888038374
-2.00302461924035,2.40332407536079,-1.16620119491105
-2.00319851654984,2.40330581375244,-1.16634349628523
-2.00337241517767,2.40328754832587,-1.16648578450469
-2.00354631528524,2.40326927872938,-1.16662805961037
-2.00372021671032,2.4032510053249,-1.16677032156667
-2.00389411944628,2.40323272810045,-1.16691257035994
-2.00406802349811,2.40321444700233,-1.16705480599271
-2.00424192886616,2.40319616208882,-1.16719702846144
-2.00441583571005,2.40317787310734,-1.16733923781331
-2.00458974387213,2.40315958025578,-1.16748143400399
-2.0047636533441,2.40314128357154,-1.167623617017
-2.00493756413158,2.40312298308111,-1.16776578686173
-2.00511147623355,2.40310467872547,-1.16790794353383
-2.00528538980921,2.40308637030474,-1.16805008707975
-2.00545930469427,2.40306805808834,-1.16819221745303
-2.0056332208919,2.40304974206964,-1.16833433464763
-2.0058071383973,2.40303142218629,-1.16847643866042
-2.00598105721658,2.40301309848073,-1.1686185294816
-2.00615497750737,2.40299477071626,-1.16876060716533
-2.00632889910582,2.40297643910302,-1.16890267166976
-2.00650282201087,2.40295810369365,-1.16904472298352
-2.00667674622706,2.40293976449046,-1.16918676110645
-2.00685067190844,2.40292142117628,-1.16932878608347
-2.00702459889871,2.40290307407289,-1.16947079786717
-2.00719852719379,2.4028847231551,-1.16961279644839
-2.00737245679749,2.40286636838807,-1.16975478183302
-2.00754638786898,2.4028480095786,-1.1698967540636
-2.00772032024637,2.40282964698383,-1.17003871309045
-2.00789425392665,2.40281128060606,-1.17018065891197
-2.00806818907501,2.40279291013581,-1.17032259159043
-2.00824212552553,2.40277453588517,-1.1704645110537
-2.00841606327878,2.40275615782531,-1.17060641729365
-2.00859000233616,2.40273777592705,-1.1707483103232
-2.0087639428544,2.40271938999955,-1.17089019019394
-2.00893788467782,2.40270100029759,-1.1710320568479
-2.0091118278038,2.40268260676748,-1.17117391028612
-2.00928577238931,2.40266420920411,-1.17131575054892
-2.00945971827967,2.40264580785105,-1.17145757759019
-2.00963366546884,2.40262740266814,-1.17159939140814
-2.00980761395715,2.40260899371699,-1.17174119199727
-2.00998156390797,2.40259058074186,-1.17188297940743
-2.0101555151534,2.40257216399779,-1.1720247535801
-2.01032946769442,2.40255374343878,-1.17216651453227
-2.01050342169784,2.40253531882959,-1.1723082622875
-2.01067737700032,2.40251689046377,-1.17244999680874
-2.01085133360083,2.40249845827897,-1.17259171809357
-2.0110252916561,2.40248002208442,-1.17273342619359
-2.01119925100065,2.40246158212952,-1.17287512104319
-2.01137321164544,2.40244313836261,-1.17301680265371
-2.01154717374362,2.40242469058193,-1.17315847106278
-2.01172113714054,2.40240623903105,-1.17330012622432
-2.01189510183014,2.40238778366977,-1.17344176813651
-2.01206906797156,2.40236932430172,-1.17358339684384
-2.01224303540668,2.40235086118723,-1.1737250122954
-2.01241700429044,2.40233239407095,-1.17386661454128
-2.01259097446602,2.40231392315357,-1.1740082035335
-2.01276494593518,2.40229544846359,-1.17414977925201
-2.01293891885984,2.40227696977848,-1.17429134176121
-2.01311289307387,2.40225848729957,-1.17443289101503
-2.01328686857621,2.40224000108285,-1.17457442700011
-2.01346084552421,2.4022215108673,-1.17471594975943
-2.01363482376244,2.40220301685597,-1.17485745925481
-2.01380880344907,2.40218451882833,-1.1749989555214
-2.01398278442691,2.4021660170722,-1.17514043851566
-2.01415676669115,2.40214751152523,-1.17528190823447
-2.01433075040469,2.40212900199111,-1.17542336472305
-2.01450473540321,2.40211048873249,-1.1755648079388
-2.01467872184314,2.40209197142672,-1.17570623791956
-2.01485270957562,2.40207345037096,-1.1758476546083
-2.01502669875052,2.40205492533205,-1.17598905805562
-2.01520068921328,2.40203639657798,-1.17613044822652
-2.01537468095771,2.40201786404405,-1.17627182510807
-2.01554867414671,2.40199932753398,-1.1764131887455
-2.01572266860991,2.40198078730838,-1.17655453908738
-2.01589666452332,2.40196224302088,-1.17669587618162
-2.01607066171482,2.40194369501685,-1.17683719997141
-2.01624466035378,2.40192514304603,-1.17697851051348
-2.01641866027027,2.4019065873064,-1.17711980776299
-2.01659266162964,2.40188802759933,-1.17726109175611
-2.01676666426616,2.40186946418508,-1.17740236244043
-2.01694066818256,2.40185089697021,-1.17754361980721
-2.01711467353774,2.40183232580059,-1.17768486392127
-2.01728868017002,2.40181375092215,-1.17782609471965
-2.0174626882394,2.40179517202331,-1.17796731225417
-2.01763669758103,2.40177658942932,-1.17810851647561
-2.01781070836452,2.40175800284783,-1.1782497074204
-2.01798472042415,2.4017394125702,-1.1783908850432
-2.01815873392375,2.40172081827825,-1.17853204940048
-2.01833274869243,2.40170222029517,-1.1786732004342
-2.01850676489603,2.40168361835645,-1.17881433818907
-2.01868078237904,2.40166501267163,-1.17895546262297
-2.01885480129966,2.40164640301705,-1.17909657377309
-2.01902882148489,2.40162778966638,-1.17923767158327
-2.01920284310827,2.40160917231345,-1.17937875611367
-2.01937686600367,2.40159055127448,-1.17951982730917
-2.01955089032975,2.4015719262943,-1.17966088522062
-2.01972491592743,2.4015532975436,-1.17980192978295
-2.01989894295588,2.40153466485071,-1.17994296105157
-2.02007297141328,2.40151602822698,-1.18008397903072
-2.02024700114064,2.40149738786428,-1.18022498366823
-2.02042103229481,2.40147874356442,-1.18036597500047
-2.02059506471988,2.40146009558961,-1.18050695298457
-2.02076909857493,2.4014414436009,-1.18064791766514
-2.02094313369627,2.40142278793661,-1.18078886898889
-2.02111717024346,2.40140412834126,-1.18092980700495
-2.02129120805625,2.4013854650247,-1.18107073167219
-2.02146524729628,2.40136679778179,-1.18121164302992
-2.02163928796583,2.40134812658176,-1.18135254106288
-2.02181332989928,2.40132945166757,-1.18149342574355
-2.02198737325603,2.40131077282878,-1.18163429710511
-2.0221614178779,2.40129209032553,-1.18177515509658
-2.02233546392192,2.40127340391138,-1.18191599977228
-2.02250951122309,2.40125471377281,-1.18205683107313
-2.02268355995415,2.40123601969128,-1.18219764904302
-2.02285761010589,2.40121732169489,-1.18233845368039
-2.02303166151659,2.40119861999219,-1.18247924495342
-2.02320571434939,2.40117991437607,-1.18262002289407
-2.02337976844232,2.40116120510664,-1.18276078745063
-2.0235538239567,2.40114249185037,-1.18290153867388
-2.02372788088921,2.40112377468242,-1.18304227655514
-2.02390193908013,2.40110505386825,-1.18318300104882
-2.0240759986885,2.40108632909349,-1.18332371221045
-2.02425005971322,2.40106760041745,-1.18346441002464
-2.02442412199622,2.40104886806912,-1.18360509443346
-2.02459818569495,2.40103013176731,-1.18374576550676
-2.02477225064945,2.40101139182574,-1.18388642318102
-2.02494631702306,2.40099264798904,-1.18402706750611
-2.02512038480835,2.40097390020392,-1.18416769848408
-2.02529445384931,2.40095514875299,-1.18430831604524
-2.02546852430539,2.4009363934087,-1.18444892024761
-2.02564259617143,2.40091763411979,-1.18458951110133
-2.0258166692913,2.40089887119996,-1.18473008854362
-2.0259907438283,2.4008801043939,-1.18487065262435
-2.02616481977375,2.40086133363927,-1.18501120333967
-2.02633889697265,2.40084255923874,-1.18515174063905
-2.02651297558464,2.40082378095704,-1.18529226456527
-2.02668705560709,2.4008049987339,-1.18543277512331
-2.02686113687508,2.40078621289441,-1.18557327226391
-2.02703521955443,2.40076742317757,-1.18571375602981
-2.02720930364414,2.40074862949326,-1.18585422640978
-2.02738338914403,2.40072983194206,-1.18599468342033
-2.02755747588861,2.40071103077296,-1.18613512699574
-2.02773156404164,2.40069222567132,-1.18627555719056
-2.02790565359704,2.40067341670457,-1.18641597400558
-2.02807974440304,2.40065460409923,-1.18655637737458
-2.02825383660967,2.40063578756314,-1.18669676735262
-2.02842793022445,2.40061696716908,-1.18683714394882
-2.02860202524073,2.40059814290836,-1.18697750714751
-2.02877612149825,2.40057931498738,-1.18711785690952
-2.02895021916253,2.40056048317671,-1.18725819326409
-2.02912431823029,2.40054164750653,-1.18739851621837
-2.02929841870012,2.4005228079256,-1.18753882578325
-2.02947252041211,2.40050396474754,-1.18767912189516
-2.02964662352351,2.40048511771177,-1.18781940459714
-2.02982072803689,2.40046626673925,-1.187959673892
-2.029994833951,2.40044741191379,-1.18809992977505
-2.03016894110007,2.40042855349537,-1.18824017219383
-2.03034304964911,2.40040969117515,-1.18838040121076
-2.03051715960481,2.40039082498134,-1.18852061680502
-2.03069127095411,2.40037195493549,-1.18866081897814
-2.0308653835427,2.40035308125259,-1.1888010076958
-2.03103949752612,2.4003342037257,-1.18894118298846
-2.03121361290547,2.40031532229788,-1.18908134485987
-2.03138772968241,2.40029643700877,-1.18922149330352
-2.03156184785991,2.40027754788287,-1.1893616283201
-2.03173596726662,2.40025865511541,-1.18950174985496
-2.03191008806888,2.40023975852164,-1.18964185796728
-2.03208421026388,2.40022085808957,-1.1897819526441
-2.03225833385035,2.40020195374348,-1.1899220338856
-2.0324324588308,2.40018304556719,-1.19006210168775
-2.03260658504321,2.40016413382063,-1.1902021559988
-2.03278071264278,2.40014521818966,-1.1903421968736
-2.03295484163446,2.40012629873566,-1.19048222430551
-2.03312897202072,2.40010737542458,-1.19062223828142
-2.0333031037983,2.40008844824164,-1.1907622388244
-2.03347723696388,2.40006951723751,-1.1909022259148
-2.0336513713532,2.40005058266674,-1.19104219949475
-2.03382550712972,2.40003164422594,-1.19118215963209
-2.03399964430023,2.40001270194005,-1.191322106308
-2.03417378285273,2.3999937558429,-1.19146203952788
-2.03434792279685,2.39997480587721,-1.19160195929517
-2.03452206412676,2.39995585209934,-1.19174186559737
-2.0346962068451,2.39993689442701,-1.1918817584394
-2.03487035094446,2.39991793294196,-1.19202163780761
-2.03504449626506,2.39989896790944,-1.19216150365636
-2.03521864297196,2.39987999901742,-1.19230135605008
-2.03539279106176,2.39986102631988,-1.19244119496713
-2.03556694053535,2.39984204979144,-1.1925810203979
-2.03574109138723,2.39982306940866,-1.19272083236124
-2.03591524362397,2.39980408522428,-1.19286063084706
-2.0360893972398,2.39978509724972,-1.19300041585887
-2.0362635522323,2.39976610541695,-1.1931401873864
-2.0364377086118,2.39974710976202,-1.19327994542489
-2.03661186620736,2.39972811057621,-1.19341968992958
-2.03678602518147,2.39970910753941,-1.19355942094715
-2.03696018552804,2.3996901007158,-1.19369913848036
-2.03713434725845,2.39967109001823,-1.19383884251663
-2.03730851036881,2.39965207553623,-1.19397853305823
-2.03748267485125,2.39963305726931,-1.1941182101065
-2.03765684071532,2.39961403516343,-1.19425787366291
-2.03783100795137,2.399595009275,-1.19439752371421
-2.03800517656543,2.39957597958108,-1.19453716026141
-2.03817934655316,2.39955694605009,-1.19467678330632
-2.03835351791225,2.39953790874621,-1.19481639285241
-2.03852769064354,2.39951886766408,-1.19495598888347
-2.03870186475444,2.39949982272432,-1.19509557140147
-2.0388760402325,2.39948077401357,-1.19523514041095
-2.03905021708127,2.39946172147244,-1.19537469590652
-2.03922439529844,2.39944266516515,-1.19551423789166
-2.03939857488706,2.39942360509167,-1.19565376635626
-2.03957275585241,2.39940454116398,-1.19579328129818
-2.03974693818186,2.39938547347531,-1.19593278271797
-2.03992112188459,2.39936640202769,-1.19607227061436
-2.04009530694939,2.39934732676128,-1.19621174499268
-2.04026949338677,2.39932824770762,-1.19635120583096
-2.04044368119378,2.39930916483426,-1.19649065314282
-2.04061787036411,2.39929007821201,-1.19663008692704
-2.04079206089879,2.39927098782889,-1.19676950717135
-2.04096625279845,2.39925189364236,-1.19690891389082
-2.04114044606399,2.39923279567203,-1.19704830705988
-2.0413146406918,2.39921369395138,-1.19718768668345
-2.04148883668424,2.39919458842594,-1.19732705277516
-2.04166303404013,2.39917547915502,-1.19746640531946
-2.04183723276221,2.39915636605637,-1.19760574432141
-2.04201143284292,2.39913724921174,-1.19774506976718
-2.04218563428896,2.39911812862561,-1.19788438166462
-2.04235983708892,2.39909900424472,-1.19802368001512
-2.04253404125354,2.39907987609404,-1.19816296480071
-2.04270824677658,2.39906074421283,-1.19830223603343
-2.04288245365798,2.39904160853509,-1.19844149371113
-2.04305666189554,2.39902246912055,-1.19858073782003
-2.04323087149005,2.39900332592009,-1.19871996837913
-2.04340508244607,2.39898417895991,-1.19885918535969
-2.04357929475373,2.39896502827265,-1.19899838877698
-2.04375350858301,2.39894587354167,-1.19913757867716
-2.04392772376769,2.39892671508275,-1.19927675500496
-2.04410194031042,2.39890755281692,-1.19941591776351
-2.04427615820359,2.39888838682593,-1.19955506693893
-2.04445037745135,2.39886921712003,-1.19969420254623
-2.04462459805118,2.39885004363447,-1.19983332457318
-2.04479882000749,2.39883086639998,-1.19997243300828
-2.04497304331446,2.39881168539644,-1.20011152786827
-2.0451472679711,2.39879250067659,-1.20025060914154
-2.0453214939792,2.39877331224864,-1.20038967683499
-2.04549572149889,2.39875411979059,-1.20052873098726
-2.04566995036557,2.39873492359617,-1.20066777154246
-2.04584418058838,2.39871572363912,-1.20080679851051
-2.04601841215772,2.39869651997259,-1.20094581188014
-2.04619264507537,2.39867731260477,-1.20108481165827
-2.04636687933923,2.39865810144313,-1.20122379782418
-2.04654111494877,2.39863888658507,-1.20136277039592
-2.04671535206411,2.39861966770863,-1.20150172941212
-2.04688959052625,2.39860044514065,-1.20164067483219
-2.04706383033657,2.39858121884468,-1.20177960663341
-2.04723807149175,2.39856198879486,-1.2019185248253
-2.04741231398339,2.3985427550501,-1.20205742940448
-2.04758655782113,2.39852351755307,-1.20219632037436
-2.04776080316929,2.39850427608967,-1.20233519777754
-2.04793504985819,2.39848503093291,-1.20247406155791
-2.0481092978825,2.3984657820316,-1.20261291172567
-2.04828354724858,2.39844652944508,-1.20275174826666
-2.04845779796181,2.39842727308538,-1.20289057117892
-2.04863205017433,2.39840801279068,-1.20302938052176
-2.04880630372049,2.39838874881274,-1.20316817622734
-2.04898055860865,2.39836948110248,-1.20330695831613
-2.04915481483596,2.39835020968282,-1.20344572675999
-2.04932907239645,2.39833093453365,-1.20358448157557
-2.04950333145559,2.3983116554506,-1.20372322280282
-2.04967759185507,2.39829237269326,-1.20386195039061
-2.04985185358941,2.39827308621376,-1.20400066434717
-2.05002611665966,2.39825379603174,-1.20413936464706
-2.05020038122485,2.39823450187203,-1.20427805136589
-2.05037464712268,2.39821520404575,-1.20441672443178
-2.05054891435167,2.39819590249846,-1.20455538385767
-2.05072318291879,2.39817659725844,-1.20469402962298
-2.05089745297907,2.39815728810209,-1.20483266178253
-2.05107172436612,2.39813797522671,-1.2049712802923
-2.05124599708869,2.39811865869374,-1.2051098851462
-2.05142027113964,2.39809933841887,-1.20524847633995
-2.05159454667991,2.39808001423214,-1.20538705391719
-2.05176882354869,2.39806068639556,-1.20552561783595
-2.05194310174581,2.39804135484646,-1.20566416809208
-2.05211738127293,2.39802201962795,-1.20580270467739
-2.0522916622861,2.39800268043937,-1.20594122764215
-2.05246594463259,2.39798333760502,-1.20607973693729
-2.05264022830094,2.39796399106836,-1.2062182325662
-2.0528145134607,2.39794464060392,-1.20635671455721
-2.05298879993918,2.39792528650148,-1.20649518287455
-2.05316308774377,2.39790592869833,-1.2066336375155
-2.05333737703458,2.39788656700505,-1.20677207853239
-2.05351166765076,2.39786720158615,-1.20691050585448
-2.05368595958176,2.39784783253371,-1.2070489194921
-2.05386025300368,2.39782845953338,-1.20718731950025
-2.05403454774792,2.39780908289866,-1.20732570581548
-2.05420884380677,2.39778970260795,-1.20746407842682
-2.05438314135211,2.39777031837138,-1.2076024373989
-2.05455744021495,2.39775093051358,-1.20774078268153
-2.05473174039287,2.3977315389665,-1.20787911426448
-2.05490604205624,2.39771214352164,-1.20801743219727
-2.05508034503954,2.39769274439243,-1.20815573642912
-2.05525464933644,2.39767334164648,-1.20829402696072
-2.05542895510715,2.39765393495874,-1.2084323038327
-2.05560326219674,2.39763452463473,-1.20857056699285
-2.05577757060414,2.3976151106956,-1.20870881644258
-2.05595188048694,2.3975956928221,-1.2088470522297
-2.05612619167993,2.39757627133883,-1.20898527430476
-2.05630050434983,2.39755684590166,-1.20912348270491
-2.05647481833097,2.39753741685965,-1.20926167739101
-2.05664913362697,2.39751798415013,-1.20939985835963
-2.0568234503941,2.39749854758376,-1.20953802566234
-2.05699776847548,2.3974791073217,-1.20967617923119
-2.05717208802287,2.39745966320564,-1.20981431912332
-2.0573464088807,2.39744021548596,-1.20995244528236
-2.05752073104353,2.39742076411153,-1.21009055771857
-2.05769505468108,2.39740130885373,-1.2102286564623
-2.05786937962833,2.39738184994941,-1.21036674147991
-2.05804370604694,2.39736238719442,-1.21050481281059
-2.05821803376922,2.39734292078343,-1.21064287040038
-2.05839236295962,2.3973234504994,-1.21078091429409
-2.05856669345471,2.39730397656432,-1.21091894444491
-2.05874102525177,2.3972844990491,-1.21105696085227
-2.0589153585216,2.39726501760311,-1.2111949635581
-2.05908969309456,2.39724553257866,-1.21133295252047
-2.05926402912708,2.39722604365079,-1.21147092777927
-2.05943836645769,2.39720655114405,-1.21160888928578
-2.05961270526254,2.39718705477913,-1.21174683707995
-2.05978704536318,2.39716755478092,-1.21188477112387
-2.05996138692873,2.39714805094861,-1.21202269145614
-2.06013572978504,2.39712854348259,-1.2121605980293
-2.06031007411172,2.39710903215969,-1.21229849088131
-2.06048441973002,2.39708951721134,-1.21243636997019
-2.06065876681525,2.39706999843882,-1.21257423534339
-2.06083311519326,2.39705047604253,-1.21271208695345
-2.06100746503382,2.39703094979394,-1.21284992483077
-2.06118181616211,2.39701141992117,-1.21298774893611
-2.06135616874936,2.39699188623209,-1.21312555931217
-2.06153052263404,2.39697234892339,-1.21326335591383
-2.06170487797459,2.39695280777276,-1.21340113877912
-2.06187923460751,2.3969332630021,-1.21353890786116
-2.06205359269283,2.39691371442225,-1.21367666321227
-2.06222795207137,2.39689416223061,-1.2138144047761
-2.06240231290777,2.39687460620702,-1.21395213259951
-2.06257667503474,2.39685504657335,-1.21408984663489
-2.06275103861004,2.39683548313508,-1.21422754692847
-2.06292540364175,2.39681591580178,-1.21436523346934
-2.0630997699562,2.39679634492895,-1.21450290621275
-2.06327413772312,2.39677677025322,-1.21464056520409
-2.06344850677434,2.39675719198029,-1.21477821040271
-2.06362287727971,2.39673760988169,-1.21491584183906
-2.06379724907416,2.39671802419088,-1.21505345948139
-2.06397162231304,2.39669843470504,-1.21519106335803
-2.06414599699478,2.39667884136982,-1.21532865348197
-2.06432037296393,2.39665924447033,-1.21546622978185
-2.0644947503769,2.39663964372646,-1.215603792327
-2.06466912907375,2.39662003945105,-1.21574134105348
-2.06484350921523,2.39660043133953,-1.21587887602116
-2.06501789064002,2.39658081966834,-1.2160163971539
-2.06519227351055,2.39656120416277,-1.21615390452783
-2.06536665782348,2.39654158487352,-1.21629139812308
-2.06554104341443,2.39652196200627,-1.21642887789974
-2.06571543045309,2.39650233533588,-1.21656634388627
-2.06588981892354,2.39648270483036,-1.21670379609554
-2.06606420867564,2.39646307080792,-1.21684123447114
-2.06623859987104,2.396443432933,-1.21697865906684
-2.06641299234301,2.39642379154078,-1.21711606982002
-2.06658738625118,2.39640414632091,-1.21725346678259
-2.06676178159682,2.39638449733784,-1.2173908499587
-2.06693617822165,2.39636484475784,-1.21752821928588
-2.06711057627506,2.39634518841426,-1.21766557481702
-2.0672849757705,2.39632552824981,-1.21780291655619
-2.06745937653311,2.39630586452737,-1.21794024444912
-2.06763377873898,2.39628619702072,-1.21807755853513
-2.06780818237576,2.39626652570115,-1.21821485882579
-2.06798258728349,2.39624685088144,-1.21835214525711
-2.06815699362141,2.39622717222397,-1.21848941787483
-2.06833140139386,2.39620748981469,-1.21862667668208
-2.06850581059908,2.39618780360253,-1.21876392168984
-2.06868022107105,2.39616811389489,-1.21890115282733
-2.06885463297144,2.39614842035627,-1.2190383701484
-2.06902904630199,2.39612872307379,-1.21917557364603
-2.06920346089846,2.39610902224977,-1.21931276328233
-2.06937787692238,2.39608931768363,-1.21944993909442
-2.0695522943743,2.39606960929122,-1.21958710107987
-2.06972671325443,2.39604989716499,-1.21972424923704
-2.06990113339625,2.39603018150189,-1.21986138352192
-2.07007555496588,2.39601046207364,-1.21999850396433
-2.07024997796076,2.3959907388569,-1.2201356105833
-2.07042440221714,2.39597101216441,-1.22027270331412
-2.0705988278957,2.39595128169173,-1.22040978221669
-2.07077325499786,2.39593154745859,-1.22054684726584
-2.07094768351722,2.39591180944166,-1.22068389847988
-2.07112211330035,2.39589206789964,-1.22082093580642
-2.07129654450095,2.39587232264154,-1.22095795928894
-2.07147097712741,2.39585257357365,-1.22109496891871
-2.07164541116635,2.39583282078608,-1.22123196469759
-2.07181984662743,2.39581306422152,-1.22136894662894
-2.07199428334975,2.39579330417984,-1.2215059146539
-2.07216872148906,2.39577354036081,-1.22164286882244
-2.07234316104262,2.3957537728322,-1.22177980913593
-2.07251760201025,2.3957340015313,-1.22191673559018
-2.07269204439749,2.3957142265014,-1.22205364817801
-2.07286648804084,2.39569444796085,-1.22219054685432
-2.07304093309083,2.39567466565602,-1.2223274316687
-2.07321537955709,2.3956548796575,-1.2224643026208
-2.07338982743823,2.39563508986622,-1.22260115969437
-2.07356427672684,2.39561529637767,-1.22273800289807
-2.07373872726771,2.39559549938568,-1.22287483217822
-2.0739131792214,2.39557569867701,-1.22301164757713
-2.07408763258707,2.39555589421341,-1.2231484491006
-2.0742620873559,2.39553608605727,-1.2232852367432
-2.07443654353513,2.39551627414916,-1.22342201050017
-2.07461100112956,2.39549645847182,-1.22355877037856
-2.07478546013117,2.39547663910371,-1.22369551636569
-2.0749599203755,2.39545681625031,-1.22383224842165
-2.0751343820263,2.39543698968135,-1.22396896656822
-2.07530884508331,2.39541715937564,-1.22410567083245
-2.07548330954542,2.39539732538928,-1.2242423612005
-2.07565777540836,2.39537748766912,-1.22437903767528
-2.07583224268013,2.39535764618089,-1.22451570024332
-2.0760067113533,2.39533780102007,-1.22465234891319
-2.07618118142749,2.39531795212723,-1.22478898367868
-2.07635565274127,2.39529809982337,-1.22492560449295
-2.07653012545953,2.39527824375618,-1.22506221138948
-2.0767045995769,2.39525838402982,-1.22519880438088
-2.07687907509489,2.39523852057293,-1.22533538345963
-2.07705355201211,2.39521865336617,-1.225471948624
-2.07722803032636,2.39519878249664,-1.22560849986603
-2.07740251003977,2.39517890791004,-1.22574503719949
-2.07757699115121,2.39515902966249,-1.22588156061052
-2.07775147365732,2.39513914767312,-1.22601807009414
-2.07792595755672,2.39511926196309,-1.22615456565125
-2.07810044285266,2.39509937260557,-1.22629104729001
-2.07827492955104,2.39507947950802,-1.22642751499167
-2.07844941764073,2.3950595827627,-1.22656396876607
-2.07862390695666,2.39503968255792,-1.22670040855198
-2.07879839766454,2.3950197787137,-1.22683683440648
-2.07897288976637,2.39499987114221,-1.22697324632748
-2.0791473832581,2.39497995986572,-1.22710964430574
-2.07932187813714,2.39496004494879,-1.22724602834462
-2.07949637441182,2.394940126301,-1.22738239843352
-2.07967087207443,2.39492020402111,-1.22751875457891
-2.07984537112496,2.39490027804317,-1.22765509677859
-2.08001987155863,2.39488034837343,-1.22779142503067
-2.08019437338531,2.39486041504243,-1.22792773932296
-2.08036887659612,2.39484047802149,-1.22806403966755
-2.08054338119021,2.39482053731055,-1.22820032605336
-2.08071788717352,2.39480059294648,-1.22833659847739
-2.08089239454091,2.39478064489751,-1.22847285694051
-2.08106690329355,2.39476069322821,-1.22860910144683
-2.08124141342501,2.39474073787374,-1.2287453319833
-2.08141592494395,2.39472077881693,-1.22888154855786
-2.08159043784223,2.3947008161362,-1.22901775115763
-2.08176495212155,2.39468084978381,-1.22915393979235
-2.08193946794841,2.39466087952857,-1.229290114494
-2.0821139851533,2.3946409056068,-1.22942627522773
-2.0822885037335,2.39462092800654,-1.22956242198046
-2.08246302369204,2.39460094680427,-1.22969855475829
-2.08263754502871,2.39458096190678,-1.22983467355314
-2.08281206774166,2.39456097334174,-1.22997077836175
-2.08298659182825,2.3945409811737,-1.23010686918749
-2.0831611172929,2.39452098531553,-1.23024294601703
-2.08333564413196,2.39450098585948,-1.23037900886156
-2.08351017234884,2.39448098274611,-1.23051505771554
-2.0836847019353,2.39446097597518,-1.23065109258041
-2.08385923289484,2.39444096557838,-1.23078711343317
-2.08403376522473,2.39442095152914,-1.23092312029467
-2.08420829892411,2.39440093382741,-1.23105911315382
-2.08438283416159,2.39438091225382,-1.23119509205861
-2.08455737076933,2.39436088703289,-1.2313310569589
-2.08473190874892,2.39434085816978,-1.23146700786362
-2.08490644809299,2.39432082571848,-1.23160294475004
-2.08508098880845,2.39430078959704,-1.23173886762493
-2.08525553088913,2.39428074989255,-1.23187477647935
-2.08543007433331,2.39426070655075,-1.23201067132638
-2.08560461914602,2.39424065954975,-1.2321465521559
-2.08577916549149,2.39422060871715,-1.23228241901339
-2.08595371319553,2.39420055424956,-1.23241827185348
-2.08612826226712,2.39418049615232,-1.23255411067255
-2.08630281270238,2.39416043445695,-1.23268993546019
-2.08647736449988,2.39414036913168,-1.23282574621786
-2.08665191765741,2.39412030018169,-1.2329615429538
-2.08682647234493,2.39410022738245,-1.23309732569672
-2.08700102838694,2.39408015096149,-1.23323309440692
-2.08717558578906,2.39406007091766,-1.23336884908413
-2.08735014454592,2.39403998731669,-1.2335045897216
-2.08752470466601,2.39401990006816,-1.23364031630882
-2.08769926630489,2.39399980894874,-1.23377602891198
-2.0878738292958,2.3939797142799,-1.23391172747142
-2.08804839365124,2.39395961596798,-1.2340474119794
-2.08822295935763,2.39393951404697,-1.23418308244029
-2.08839752641991,2.39391940857838,-1.23431873884691
-2.08857209500159,2.39389929921873,-1.23445438125028
-2.08874666493428,2.39387918625185,-1.23459000959529
-2.08892123621888,2.3938590697456,-1.23472562388398
-2.08909580885541,2.39383894963403,-1.23486122411417
-2.08927038300875,2.39381882564496,-1.234996810334
-2.08944495851178,2.39379869811301,-1.23513238248019
-2.08961953536501,2.39377856698934,-1.23526794057188
-2.08979411357021,2.39375843224082,-1.23540348458493
-2.0899686932822,2.39373829370687,-1.23553901457857
-2.09014327434295,2.39371815158681,-1.23567453050635
-2.09031785675201,2.39369800587408,-1.23581003236119
-2.09049244050559,2.39367785654731,-1.23594552013353
-2.09066702577012,2.39365770343958,-1.23608099387481
-2.09084161237494,2.39363754675066,-1.23621645353834
-2.09101620032832,2.39361738644633,-1.23635189911086
-2.0911907896222,2.39359722262541,-1.23648733059857
-2.09136538042281,2.39357705496906,-1.23662274804892
-2.09153997256622,2.39355688371417,-1.23675815140951
-2.09171456605416,2.39353670894132,-1.23689354067675
-2.09188916104099,2.3935165303413,-1.23702891590385
-2.09206375736721,2.39349634816692,-1.23716427703146
-2.09223835503759,2.39347616240435,-1.23729962406492
-2.09241295420739,2.39345597288181,-1.23743495705007
-2.09258755471175,2.39343577978404,-1.23757027592769
-2.0927621565552,2.39341558310046,-1.2377055807011
-2.09293675990189,2.39339538265881,-1.23784087141561
-2.09311136457731,2.39337517865881,-1.23797614802382
-2.09328597058839,2.39335497109718,-1.23811141051805
-2.09346057810253,2.39333475970404,-1.23824665895464
-2.09363518694873,2.39331454481387,-1.23838189326946
-2.09380979712293,2.39329432636709,-1.23851711346954
-2.09398440879792,2.39327410408531,-1.23865231959461
-2.09415902180315,2.39325387832017,-1.23878751160189
-2.09433363629976,2.39323364875341,-1.23892268954006
-2.09450825212944,2.39321341561009,-1.23905785334216
-2.09468286928474,2.39319317892637,-1.23919300302126
-2.09485748793093,2.39317293850236,-1.23932813861503
-2.09503210790337,2.39315269454314,-1.23946326008357
-2.09520672921018,2.39313244701774,-1.23959836741164
-2.09538135200044,2.39311219570092,-1.23973346065646
-2.09555597612024,2.39309194091022,-1.23986853976055
-2.09573060172914,2.39307168230564,-1.24000360477234
-2.09590522866284,2.3930514201643,-1.24013865564134
-2.09607985708127,2.39303115424196,-1.24027369242266
-2.09625448682056,2.39301088482358,-1.24040871504573
-2.09642911788537,2.39299061187948,-1.24054372352063
-2.09660375043206,2.39297033516219,-1.24067871790379
-2.09677838429882,2.392950054919,-1.24081369812978
-2.09695301965034,2.3929297709342,-1.24094866424407
-2.09712765631876,2.39290948342869,-1.24108361619823
-2.09730229446778,2.39288919215828,-1.24121855404811
-2.09747693394315,2.3928688973447,-1.24135347772956
-2.09765157488961,2.39284859882223,-1.24148838729416
-2.09782621715801,2.39282829678947,-1.2416232826949
-2.09800086089859,2.39280799099359,-1.24175816398146
-2.09817550595406,2.39278768166548,-1.24189303109493
-2.09835015232583,2.39276736888895,-1.24202788402954
-2.09852480017069,2.39274705235712,-1.2421627228466
-2.09869944933797,2.39272673229498,-1.24229754748067
-2.09887409997287,2.39270640847738,-1.2424323579882
-2.09904875192148,2.39268608122178,-1.24256715431165
-2.09922340534336,2.39266575018828,-1.24270193649956
-2.09939806007751,2.39264541566042,-1.24283670449795
-2.09957271628046,2.39262507738754,-1.24297145836531
-2.09974737395534,2.39260473536637,-1.24310619809323
-2.09992203293551,2.39258438988772,-1.24324092361848
-2.10009669338535,2.39256404067191,-1.24337563500935
-2.10027135513931,2.39254368796615,-1.24351033219964
-2.10044601836229,2.39252333149865,-1.24364501523774
-2.10062068289557,2.39250297161127,-1.2437796840749
-2.10079534888754,2.39248260798641,-1.24391433875964
-2.10097001618986,2.39246224085439,-1.24404897923258
-2.1011446849573,2.39244186999877,-1.24418360555558
-2.1013193550245,2.39242149566348,-1.24431821766449
-2.10149402655335,2.39240111766603,-1.24445281561763
-2.10166869954742,2.39238073591655,-1.24458739940601
-2.10184337384187,2.39236035069849,-1.24472196897486
-2.10201804959701,2.3923399617613,-1.24485652438342
-2.10219272665465,2.39231956932988,-1.24499106556482
-2.10236740516699,2.39229917323861,-1.245125592572
-2.10254208514347,2.39227877343341,-1.24526010540614
-2.10271676641437,2.39225837014236,-1.24539460401028
-2.10289144914414,2.39223796313398,-1.24552908843441
-2.10306613316353,2.39221755267587,-1.24566355863093
-2.103240818639,2.39219713857104,-1.24579801464757
-2.10341550557549,2.39217672072912,-1.24593245647339
-2.10359019380013,2.39215629943995,-1.24606688406215
-2.10376488348122,2.39213587444658,-1.24620129746452
-2.10393957461497,2.39211544572775,-1.24633569667117
-2.1041142670408,2.39209501356039,-1.24647008163211
-2.10428896091448,2.39207457775668,-1.24660445239888
-2.10446365624449,2.3920541382295,-1.24673880895923
-2.10463835286074,2.39203369526757,-1.24687315127706
-2.10481305092644,2.39201324860966,-1.24700747938682
-2.10498775044668,2.39199279823885,-1.24714179329612
-2.10516245124763,2.39197234443902,-1.24727609295066
-2.1053371534948,2.39195188700731,-1.24741037839015
-2.10551185718581,2.39193142589608,-1.24754464962361
-2.10568656216659,2.39191096132691,-1.24767890658698
-2.10586126858566,2.39189049307808,-1.24781314933529
-2.10603597645248,2.39187002114846,-1.24794737786889
-2.10621068560066,2.39184954577256,-1.24808159212749
-2.10638539619662,2.3918290667806,-1.2482157921642
-2.10656010823191,2.39180858411952,-1.24834997798126
-2.10673482171222,2.39178809776109,-1.24848414957299
-2.10690953646652,2.39176760798322,-1.24861830687771
-2.10708425265738,2.3917471145409,-1.24875244996071
-2.10725897028536,2.3917266174287,-1.24888657880542
-2.10743368919649,2.39170611688865,-1.24902069336717
-2.10760840954503,2.39168561274019,-1.24915479368547
-2.1077831313248,2.39166510493569,-1.24928887976865
-2.10795785454789,2.39164459344422,-1.24942295160236
-2.10813257904412,2.39162407855445,-1.24955700915043
-2.10830730496623,2.39160356001115,-1.24969105245318
-2.10848203233268,2.39158303778558,-1.24982508150509
-2.1086567611255,2.39156251191177,-1.24995909630938
-2.10883149135112,2.39154198244589,-1.25009309685338
-2.10900622284097,2.39152144959273,-1.25022708309646
-2.10918095577006,2.39150091306248,-1.25036105507735
-2.10935569012649,2.39148037289456,-1.25049501280602
-2.10953042591716,2.39145982908571,-1.25062895627473
-2.10970516313479,2.39143928161146,-1.25076288547558
-2.10987990161492,2.39141873074857,-1.25089680035774
-2.11005464152104,2.3913981762532,-1.25103070097704
-2.11022938285483,2.39137761810038,-1.25116458732505
-2.11040412561371,2.39135705637391,-1.25129845939492
-2.11057886979956,2.39133649101968,-1.25143231720054
-2.1107536152488,2.39131592229327,-1.25156616067962
-2.11092836212058,2.39129534991459,-1.25169998987605
-2.11110311041277,2.391274773908,-1.25183380478788
-2.1112778601227,2.39125419428206,-1.2519676054213
-2.11145261125876,2.3912336110059,-1.25210139176127
-2.11162736381681,2.39121302411571,-1.25223516382124
-2.1118021177933,2.39119243361416,-1.25236892159931
-2.11197687303376,2.39117183978216,-1.2525026650266
-2.11215162968702,2.39115124233869,-1.25263639416293
-2.1123263877562,2.39113064128046,-1.25277010899981
-2.1125011472439,2.39111003658846,-1.25290380953688
-2.11267590814416,2.39108942828701,-1.25303749577147
-2.11285067045812,2.39106881638471,-1.25317116771045
-2.11302543418887,2.39104820087829,-1.25330482534533
-2.11320019933294,2.39102758174332,-1.25343846866903
-2.11337496589136,2.39100695901548,-1.25357209769364
-2.11354973386115,2.39098633268609,-1.25370571240391
-2.11372450308229,2.39096570299168,-1.25383931274849
-2.11389927371145,2.39094506970102,-1.25397289877569
-2.11407404574972,2.39092443282272,-1.25410647049239
-2.11424881919896,2.39090379237993,-1.25424002787191
-2.11442359405395,2.39088314835482,-1.25437357093788
-2.11459837031524,2.39086250074193,-1.25450709967369
-2.1147731479804,2.39084184954664,-1.25464061408758
-2.11494792705724,2.39082119474941,-1.25477411417795
-2.1151227075352,2.39080053636376,-1.25490759992997
-2.11529748941386,2.39077987440369,-1.25504107135585
-2.11547227270544,2.39075920883833,-1.25517452844134
-2.11564705739206,2.39073853969849,-1.25530797119159
-2.11582184348642,2.39071786698951,-1.25544139960351
-2.11599663098154,2.39069719068378,-1.2555748136714
-2.116171419879,2.39067651080561,-1.25570821339392
-2.1163462101723,2.39065582736363,-1.25584159877653
-2.11652100187339,2.39063514033017,-1.25597496980292
-2.11669579496464,2.39061444973282,-1.25610832648029
-2.11687058945231,2.39059375557966,-1.25624166881423
-2.11704538533724,2.390573057862,-1.25637499679019
-2.11722018261796,2.39055235656408,-1.2565083104051
-2.11739498129253,2.39053165170699,-1.25664160965897
-2.11756978136202,2.39051094329938,-1.25677489455866
-2.11774458283081,2.39049023131356,-1.25690816508646
-2.11791938569063,2.39046951584203,-1.25704142125207
-2.11809418993898,2.3904487968166,-1.25717466304517
-2.1182689955782,2.39042807422154,-1.25730789046344
-2.1184438026133,2.39040734808931,-1.25744110352166
-2.11861861103721,2.39038661841444,-1.25757430220175
-2.11879342084139,2.39036588519692,-1.2577074865052
-2.11896823204041,2.39034514841129,-1.25784065642385
-2.11914304462587,2.39032440809699,-1.25797381196819
-2.11931785875771,2.39030366398671,-1.25810695317602
-2.11949267427564,2.39028291632013,-1.25824007999405
-2.11966749118378,2.39026216512375,-1.25837319242893
-2.119842309473,2.39024141040402,-1.25850629047802
-2.120017129146,2.39022065212141,-1.25863937412174
-2.12019195020044,2.39019989032082,-1.25877244337728
-2.12036677263678,2.39017912500168,-1.25890549824556
-2.12054159645715,2.39015835613094,-1.25903853870284
-2.12071642164959,2.39013758374482,-1.25917156476094
-2.1208912482274,2.39011680784225,-1.25930457642086
-2.12106607634405,2.3900960281743,-1.25943757373097
-2.12124090583964,2.39007524495685,-1.25957055662067
-2.12141573671178,2.39005445823476,-1.25970352510715
-2.1215905689598,2.39003366800476,-1.25983647918116
-2.12176540258435,2.39001287423926,-1.25996941883857
-2.12194023757987,2.38999207697176,-1.26010234408244
-2.12211507411817,2.38997127594906,-1.26023525496202
-2.12228991202991,2.38995047134269,-1.2603681514236
-2.12246475131026,2.38992966322777,-1.26050103345606
-2.12263959196225,2.38990885162161,-1.26063390107022
-2.12281443398518,2.38988803652091,-1.26076675425682
-2.12298927737942,2.38986721790133,-1.26089959300968
-2.12316412230175,2.38984639552865,-1.26103241737895
-2.12333896859028,2.38982556967007,-1.26116522731842
-2.12351381625354,2.38980474029471,-1.2612980228132
-2.12368866527951,2.38978390743883,-1.26143080387507
-2.12386351567213,2.3897630711051,-1.26156357050353
-2.12403836759271,2.38974223100196,-1.26169632272732
-2.12421322088056,2.38972138742316,-1.2618290605174
-2.1243880755286,2.38970054036321,-1.26196178385566
-2.12456293154328,2.3896796898032,-1.26209449274271
-2.12473778908108,2.38965883551215,-1.26222718722658
-2.12491264797656,2.38963797775401,-1.26235986726241
-2.12508750823663,2.3896171165255,-1.26249253284235
-2.12526236985407,2.38959625180229,-1.26262518395881
-2.12543723299521,2.38957538335884,-1.2627578206673
-2.12561209749233,2.38955451145367,-1.26289044291692
-2.12578696334775,2.38953363600241,-1.26302305070444
-2.12596183055861,2.38951275708884,-1.2631556440226
-2.12613669928849,2.3894918744664,-1.26328822292933
-2.12631156937349,2.38947098835406,-1.26342078735128
-2.1264864408114,2.38945009879348,-1.26355333730763
-2.12666131376183,2.38942920552075,-1.2636858728341
-2.12683618806283,2.38940830880298,-1.26381839388444
-2.1270110637256,2.38938740861153,-1.26395090045194
-2.12718594072965,2.38936650497181,-1.26408339253552
-2.12736081924677,2.38934559763075,-1.2642158701844
-2.12753569911703,2.38932468682468,-1.26434833334746
-2.12771058033276,2.38930377257844,-1.26448078202369
-2.12788546306214,2.38928285458273,-1.26461321626449
-2.12806034713897,2.3892619331247,-1.26474563600911
-2.12823523256083,2.38924100822863,-1.26487804125519
-2.1284101194875,2.38922007964804,-1.26501043205995
-2.12858500776468,2.38919914761048,-1.26514280835545
-2.12875989754693,2.38917821189382,-1.2652751702072
-2.12893478866863,2.38915727274455,-1.26540751754883
-2.12910968112662,2.38913633017455,-1.2655398503844
-2.12928457509856,2.38911538390004,-1.26567216875901
-2.12945947040735,2.38909443420702,-1.26580447262723
-2.12963436705329,2.38907348104192,-1.26593676199074
-2.12980926520137,2.3890525241696,-1.26606903687618
-2.12998416468634,2.38903156389011,-1.2662012972495
-2.13015906567424,2.38901059994183,-1.26633354315523
-2.13033396799874,2.38898963255882,-1.2664657745335
-2.13050887165769,2.38896866176215,-1.26659799138396
-2.13068377681053,2.3889476873086,-1.26673019376174
-2.13085868329425,2.38892670944681,-1.26686238160857
-2.13103359127814,2.38890572784655,-1.2669945549791
-2.13120850059694,2.38888474284348,-1.26712671381695
-2.13138341140399,2.38886375418899,-1.2672588581705
-2.13155832354565,2.38884276210416,-1.26739098797605
-2.13173323701925,2.38882176663385,-1.26752310325053
-2.13190815197795,2.38880076751708,-1.26765520403844
-2.13208306827128,2.38877976498131,-1.26778729027258
-2.13225798604778,2.38875875874281,-1.26791936201458
-2.13243290515386,2.3887377491151,-1.26805141920861
-2.13260782575073,2.38871673582746,-1.26818346190293
-2.13278274767097,2.38869571915383,-1.26831549003801
-2.13295767107464,2.38867469884465,-1.26844750367315
-2.13313259580188,2.38865367515492,-1.26857950274659
-2.1333075220147,2.38863264775125,-1.26871148731368
-2.13348244955131,2.38861161697246,-1.26884345731663
-2.13365737857141,2.38859058257223,-1.26897541281263
-2.13383230891152,2.38856954476615,-1.26910735373055
-2.13400724072923,2.38854850333866,-1.26923928013233
-2.1341821738673,2.38852745854694,-1.26937119196432
-2.13435710848925,2.38850641005223,-1.26950308927662
-2.13453204442647,2.38848535819932,-1.26963497201803
-2.13470698183474,2.38846430272448,-1.26976684022356
-2.13488192055845,2.38844324389689,-1.26989869385573
-2.13505686076513,2.38842218143071,-1.27003053295019
-2.13523180244475,2.38840111529411,-1.27016235752026
-2.13540674543318,2.38838004580151,-1.27029416749846
-2.13558168989956,2.38835897267911,-1.27042596293661
-2.13575663567871,2.38833789620617,-1.27055774378113
-2.13593158292653,2.38831681613642,-1.27068951008852
-2.13610653148701,2.38829573263234,-1.2708212617899
-2.13628148151633,2.38827464553692,-1.27095299895167
-2.13645643301526,2.38825355484147,-1.27108472155919
-2.13663138582058,2.38823246081514,-1.27121642957356
-2.13680634009754,2.38821136316671,-1.27134812302443
-2.13698129567924,2.38819026212793,-1.27147980187866
-2.13715625271796,2.38816915750065,-1.27161146617363
-2.13733121123236,2.38814804925949,-1.27174311590211
-2.137506171041,2.38812693769346,-1.27187475101568
-2.13768113232028,2.38810582248705,-1.27200637157133
-2.13785609489996,2.38808470393051,-1.27213797750565
-2.13803105894006,2.38806358179314,-1.27226956886712
-2.13820602444107,2.3880424560869,-1.27240114566049
-2.13838099124003,2.38802132706025,-1.27253270782745
-2.13855595950656,2.38800019437999,-1.27266425542491
-2.13873092922733,2.38797905812764,-1.27279578843571
-2.13890590023714,2.38795791856368,-1.27292730681702
-2.13908087271726,2.38793677540781,-1.2730588106127
-2.13925584664929,2.3879156286346,-1.27319029983039
-2.13943082187355,2.38789447855198,-1.27332177440747
-2.13960579855311,2.38787332488085,-1.27345323438912
-2.1397807766873,2.3878521676541,-1.27358467977663
-2.13995575611138,2.38783100707266,-1.27371611053218
-2.1401307369879,2.38780984293567,-1.27384752668508
-2.14030571931616,2.38778867522115,-1.27397892823685
-2.14048070309015,2.38776750396259,-1.27411031519016
-2.14065568815119,2.38774632934887,-1.27424168749238
-2.14083067466758,2.38772515116907,-1.27437304518836
-2.1410056626329,2.38770396944746,-1.2745043882747
-2.1411806520389,2.38768278412466,-1.27463571675796
-2.14135564273705,2.38766159549287,-1.27476703057204
-2.14153063487895,2.38764040332809,-1.27489832977412
-2.14170562846421,2.38761920762387,-1.27502961435692
-2.14188062349001,2.38759800833266,-1.27516088432952
-2.14205561980206,2.38757680573802,-1.27529213962119
-2.14223061755228,2.38755559961277,-1.27542338029122
-2.1424056167462,2.38753438990277,-1.27555460633987
-2.14258061737999,2.38751317664336,-1.27568581775559
-2.14275561928837,2.3874919601136,-1.27581701448459
-2.1429306226374,2.38747074006968,-1.27594819659293
-2.14310562742765,2.38744951641365,-1.27607936405618
-2.14328063365218,2.38742828924674,-1.27621051688742
-2.14345564131407,2.38740705856569,-1.27634165507797
-2.14363065024209,2.38738582456912,-1.27647277858121
-2.1438056606133,2.3873645870364,-1.27660388743532
-2.14398067241283,2.38734334599841,-1.27673498164564
-2.14415568564804,2.38732210139235,-1.27686606120925
-2.14433070031742,2.38730085325903,-1.27699712612062
-2.14450571641825,2.38727960162268,-1.27712817637702
-2.14468073378542,2.38725834668735,-1.27725921193852
-2.14485575257799,2.38723708824906,-1.27739023283578
-2.14503077280486,2.38721582629455,-1.27752123907576
-2.14520579445769,2.3871945607831,-1.277652230654
-2.14538081753296,2.38717329178302,-1.27778320757161
-2.14555584204031,2.38715201926959,-1.27791416982214
-2.1457308679737,2.38713074320752,-1.27804511740713
-2.145905895167,2.38710946391983,-1.27817605027661
-2.14608092378524,2.3870881811188,-1.27830696845825
-2.14625595382653,2.38706689478345,-1.27843787197796
-2.14643098528736,2.38704560496458,-1.2785687608153
-2.14660601816467,2.38702431167101,-1.27869963497639
-2.1467810524675,2.38700301481564,-1.27883049444961
-2.14695608818685,2.38698171449109,-1.27896133924406
-2.1471311253197,2.38696041068867,-1.27909216934431
-2.14730616387506,2.38693910333881,-1.2792229847603
-2.14748120384774,2.3869177925166,-1.27935378548027
-2.147656245237,2.38689647823631,-1.27948457151636
-2.14783128803993,2.38687516043289,-1.27961534285609
-2.14800633209659,2.38685383939867,-1.27974609944573
-2.14818137756694,2.38683251484685,-1.27987684133646
-2.1483564244417,2.38681118683714,-1.28000756852477
-2.14853147273552,2.38678985534741,-1.28013828100073
-2.14870652243424,2.38676852034582,-1.28026897877675
-2.14888157354619,2.38674718189723,-1.2803996618437
-2.14905662606843,2.38672583997437,-1.28053033019729
-2.14923167999828,2.38670449454511,-1.28066098383757
-2.14940673533255,2.38668314567461,-1.28079162276775
-2.14958179207444,2.38666179330326,-1.28092224698206
-2.14975685022015,2.38664043746648,-1.28105285646907
-2.14993190977335,2.38661907819074,-1.2811834512347
-2.15010697072878,2.38659771542309,-1.28131403128203
-2.1502820330911,2.38657634919231,-1.2814445965908
-2.15045709685183,2.38655497947516,-1.28157514717798
-2.15063216201394,2.38653360632473,-1.28170568303194
-2.15080722857445,2.38651222969349,-1.28183620416175
-2.15098229653572,2.3864908496048,-1.28196671054114
-2.15115736589488,2.38646946610038,-1.28209720218875
-2.15133243681199,2.38644807885743,-1.28222767914531
-2.15150750912712,2.38642668816823,-1.28235814135713
-2.15168258283758,2.38640529400066,-1.28248858882422
-2.15185765793978,2.38638389642307,-1.28261902154767
-2.15203273444267,2.38636249540471,-1.28274943951299
-2.15220781233777,2.38634109092238,-1.28287984273713
-2.15238289162152,2.38631968302688,-1.28301023119962
-2.15255797229742,2.38629827167297,-1.28314060491836
-2.15273305436787,2.38627685688398,-1.28327096386708
-2.15290813782432,2.38625543863671,-1.28340130806276
-2.15308322266934,2.38623401698741,-1.2835316374916
-2.15325830890625,2.38621259185793,-1.28366195215905
-2.1534333966878,2.3861911630752,-1.28379225209935
-2.15360848585857,2.38616973090487,-1.28392253727707
-2.15378357641219,2.3861482952787,-1.28405280768111
-2.153958668351,2.38612685623759,-1.28418306330682
-2.15413376167262,2.38610541374621,-1.28431330415627
-2.15430885637305,2.38608396787611,-1.28444353022841
-2.15448395246217,2.38606251853387,-1.28457374151596
-2.15465905009302,2.3860410655608,-1.28470393807682
-2.15483414910044,2.38601960914319,-1.28483411984951
-2.15500924948964,2.38599814935197,-1.28496428683225
-2.1551843512582,2.38597668610039,-1.28509443902593
-2.15535945440235,2.38595521947534,-1.28522457642036
-2.15553455891984,2.38593374942296,-1.28535469902884
-2.15570966498179,2.38591227571759,-1.28548480688297
-2.15588477241661,2.38589079859368,-1.28561489994643
-2.15605988122494,2.38586931809885,-1.28574497820153
-2.15623499140606,2.38584783419106,-1.28587504166336
-2.15641010296278,2.38582634689049,-1.28600509030781
-2.15658521604868,2.38580485592266,-1.28613512420077
-2.15676033050372,2.38578336159828,-1.28626514327731
-2.15693544633164,2.38576186383605,-1.28639514754508
-2.15711056352861,2.38574036272286,-1.28652513699382
-2.15728568224885,2.385718857945,-1.28665511168124
-2.15746080233805,2.38569734982179,-1.28678507154702
-2.15763592379722,2.38567583826966,-1.28691501659068
-2.15781104661914,2.38565432337234,-1.28704494680336
-2.15798617096411,2.38563280482155,-1.28717486224948
-2.15816129667773,2.38561128290372,-1.28730476285635
-2.15833642375131,2.38558975759563,-1.28743464864082
-2.15851155218131,2.3855682289481,-1.28756451958235
-2.15868668213375,2.38554669666152,-1.28769437574995
-2.15886181345229,2.38552516101366,-1.28782421706705
-2.15903694612485,2.38550362197813,-1.28795404355191
-2.15921208031667,2.38548207930045,-1.28808385524475
-2.15938721587063,2.38546053326992,-1.28821365208245
-2.15956235277802,2.38543898386331,-1.28834343408183
-2.159737491204,2.38541743088251,-1.28847320128017
-2.15991263098096,2.38539587452582,-1.28860295363156
-2.16008777211981,2.38537431482748,-1.28873269112254
-2.16026291476831,2.38535275150449,-1.28886241381434
-2.16043805876601,2.38533118487066,-1.28899212163988
-2.16061320411667,2.38530961484471,-1.28912181460688
-2.16078835098369,2.38528804119648,-1.28925149276399
-2.16096349919086,2.38526646424328,-1.28938115605376
-2.16113864874785,2.38524488392776,-1.28951080447918
-2.16131379981349,2.38522330003112,-1.28964043808011
-2.16148895222609,2.38520171277551,-1.28977005680593
-2.16166410597854,2.38518012222617,-1.2898996606591
-2.16183926124305,2.38515852803855,-1.29002924968144
-2.16201441784735,2.38513693050648,-1.29015882383145
-2.16218957596079,2.38511532942873,-1.2902883831492
-2.16236473541128,2.38509372499746,-1.29041792757992
-2.16253989620689,2.38507211726226,-1.29054745712365
-2.16271505850578,2.38505050592487,-1.29067697182953
-2.16289022213792,2.38502889125164,-1.29080647164972
-2.16306538726887,2.38500727304138,-1.29093595662359
-2.1632405537428,2.3849856514735,-1.29106542670427
-2.16341572171536,2.38496402637424,-1.29119488193597
-2.16359089101471,2.38494239794496,-1.29132432226996
-2.16376606166032,2.38492076615725,-1.29145374770145
-2.16394123379463,2.38489913085044,-1.29158315827859
-2.1641164072586,2.38487749221598,-1.29171255394658
-2.16429158221843,2.3848558500588,-1.29184193475292
-2.16446675851069,2.38483420455827,-1.29197130064937
-2.16464193629872,2.38481255548432,-1.29210065168446
-2.16481711541238,2.38479090315963,-1.29222998780742
-2.16499229601822,2.38476924723111,-1.29235930905557
-2.16516747794768,2.38474758799252,-1.29248861538801
-2.16534266136821,2.38472592525133,-1.29261790684796
-2.16551784611215,2.38470425920571,-1.29274718338953
-2.16569303234747,2.38468258957074,-1.2928764450488
-2.16586821989937,2.38466091669109,-1.29300569177524
-2.16604340893632,2.38463924025517,-1.29313492362221
-2.16621859929941,2.38461756052001,-1.29326414053798
-2.16639379114369,2.38459587726702,-1.29339334256178
-2.16656898430778,2.384574190715,-1.293522529645
-2.16674417894721,2.38455250061868,-1.29365170184416
-2.16691937507447,2.38453080700693,-1.29378085914057
-2.16709457251426,2.38450911011073,-1.29391000149914
-2.167269771436,2.38448740967264,-1.29403912896285
-2.16744497166343,2.38446570600984,-1.29416824147423
-2.16762017337874,2.3844439987834,-1.29429733908259
-2.16779537640316,2.38442228827228,-1.29442642173355
-2.16797058089888,2.38440057429396,-1.29455548947782
-2.16814578686986,2.38437885678246,-1.29468454231381
-2.16832099415259,2.38435713597347,-1.29481358019036
-2.16849620290943,2.38433541169969,-1.2949426031487
-2.16867141296929,2.38431368415602,-1.29507161114437
-2.16884662450631,2.38429195306312,-1.29520060422022
-2.16902183750777,2.3842702185146,-1.29532958237458
-2.16919705181505,2.3842484806986,-1.29545854555476
-2.16937226758638,2.384226739367,-1.29558749380767
-2.16954748482889,2.38420499449818,-1.29571642713683
-2.16972270337592,2.38418324643311,-1.29584534548052
-2.16989792338154,2.38416149485843,-1.29597424889649
-2.17007314485071,2.38413973977953,-1.29610313737979
-2.17024836762133,2.38411798148296,-1.29623201087102
-2.1704235918529,2.38409621968239,-1.29636086942087
-2.17059881755142,2.38407445438611,-1.29648971303468
-2.17077404454157,2.38405268581568,-1.29661854165007
-2.17094927299178,2.38403091380933,-1.2967473553149
-2.17112450289921,2.38400913831645,-1.2968761540404
-2.17129973409821,2.3839873595824,-1.29700493775992
-2.17147496676081,2.38396557733696,-1.29713370653412
-2.17165020087677,2.38394379166152,-1.29726246034562
-2.17182543628388,2.38392200275343,-1.29739119914706
-2.17200067313759,2.38390021036757,-1.29751992299496
-2.17217591145096,2.38387841447332,-1.29764863187581
-2.17235115121394,2.38385661516657,-1.29777732579598
-2.17252639226136,2.38383481263309,-1.29790600469395
-2.17270163475859,2.38381300663325,-1.29803466863363
-2.17287687870877,2.38379119713095,-1.29816331759412
-2.17305212410503,2.38376938421598,-1.29829195157431
-2.17322737078195,2.38374756809178,-1.29842057053431
-2.17340261891138,2.38372574847367,-1.29854917451102
-2.17357786848374,2.38370392539799,-1.29867776351593
-2.17375311949594,2.38368209885605,-1.29880633753351
-2.17392837178723,2.38366026917897,-1.29893489651815
-2.17410362552431,2.38363843601395,-1.29906344050737
-2.17427888070455,2.38361659939121,-1.29919196950584
-2.1744541373208,2.38359475931972,-1.29932048351898
-2.17462939537566,2.38357291579939,-1.29944898253578
-2.1748046547094,2.38355106912217,-1.2995774665029
-2.17497991548186,2.38352921899866,-1.29970593547309
-2.17515517768631,2.38350736542941,-1.29983438943614
-2.17533044132976,2.38348550842569,-1.29996282840768
-2.17550570641114,2.38346364795458,-1.30009125236401
-2.17568097292076,2.38344178410883,-1.30021966131358
-2.17585624069912,2.38341991708271,-1.30034805519937
-2.17603150990587,2.3833980466281,-1.30047643408076
-2.1762067805537,2.38337617271753,-1.30060479794215
-2.17638205262665,2.38335429537261,-1.30073314678221
-2.17655732612704,2.38333241461094,-1.30086148061161
-2.17673260106136,2.38331053045601,-1.30098979940506
-2.17690787741707,2.38328864288143,-1.30111810318054
-2.17708315520057,2.38326675188712,-1.30124639192775
-2.17725843424529,2.38324485772983,-1.30137466559345
-2.17743371471675,2.38322296013728,-1.30150292422961
-2.17760899660933,2.38320105912811,-1.30163116782667
-2.1777842799219,2.38317915477317,-1.30175939639371
-2.17795956465522,2.38315724700735,-1.30188760991887
-2.17813485081163,2.38313533580614,-1.30201580839479
-2.17831013838522,2.38311342120591,-1.30214399183355
-2.17848542737519,2.38309150320338,-1.30227216022557
-2.17866071778197,2.38306958180756,-1.30240031357766
-2.1788360096111,2.38304765698782,-1.30252845187497
-2.17901130285323,2.38302572882851,-1.30265657511027
-2.17918659751158,2.3830037972845,-1.30278468330147
-2.17936189357925,2.38298186234708,-1.3029127764323
-2.17953719106253,2.38295992400105,-1.30304085450219
-2.17971248995474,2.38293798226736,-1.30316891750893
-2.17988779025949,2.38291603714886,-1.30329696545183
-2.18006309196722,2.38289408864911,-1.30342499833033
-2.180238395093,2.3828721367461,-1.30355301613482
-2.18041369962692,2.38285018146691,-1.30368101887059
-2.18058900556274,2.38282822287463,-1.30380900653264
-2.1807643129035,2.38280626090961,-1.30393697911505
-2.18093962165263,2.38278429555035,-1.30406493662086
-2.18111493180676,2.38276232682093,-1.30419287904639
-2.18129024336143,2.38274035472737,-1.3043208063874
-2.18146555631134,2.38271837927008,-1.30444871864616
-2.18164087067157,2.38269640042707,-1.30457661581309
-2.18181618642662,2.38267441822608,-1.30470449789498
-2.18199150357905,2.38265243266699,-1.30483236488078
-2.18216682212865,2.38263044375268,-1.30496021676908
-2.18234214207884,2.38260845146168,-1.30508805356294
-2.18251746342577,2.38258645582121,-1.3052158752565
-2.18269278616923,2.38256445683415,-1.30534368184836
-2.1828681103001,2.38254245450091,-1.30547147334009
-2.18304343583298,2.38252044885907,-1.30559924971699
-2.18321876275237,2.38249843987995,-1.3057270109888
-2.18339409122386,2.38247642730655,-1.30585475719775
-2.18356942108846,2.38245441139551,-1.30598248829201
-2.18374475234533,2.38243239212851,-1.30611020427179
-2.18392008499107,2.38241036952963,-1.30623790513336
-2.18409541902545,2.38238834360174,-1.30636559087531
-2.18427075443887,2.3823663143484,-1.30649326149705
-2.18444609124458,2.38234428173903,-1.30662091698523
-2.18462142943502,2.38232224581544,-1.30674855735706
-2.18479676916962,2.38230020631521,-1.30687618264809
-2.1849721102894,2.38227816349493,-1.30700379280649
-2.18514745278739,2.38225611733084,-1.30713138782581
-2.18532279666628,2.38223406785248,-1.30725896770897
-2.18549814192306,2.38221201506041,-1.30738653244642
-2.18567348855703,2.38218995896596,-1.30751408205238
-2.1858488367379,2.38216789927944,-1.30764161655797
-2.1860241862926,2.38214583628472,-1.30776913591506
-2.18619953722099,2.38212376999399,-1.30789664012829
-2.18637488952275,2.38210170040084,-1.30802412919019
-2.18655024320416,2.38207962749013,-1.30815160310028
-2.18672559841489,2.38205755102366,-1.30827906190067
-2.18690095500159,2.38203547126659,-1.30840650554403
-2.18707631295509,2.38201338821935,-1.30853393403192
-2.18725167228062,2.38199130185451,-1.30866134734746
-2.18742703313827,2.38196921194549,-1.30878874554833
-2.18760239536152,2.38194711875813,-1.30891612858732
-2.18777775894957,2.38192502228915,-1.30904349645479
-2.18795312391294,2.381902922511,-1.30917084914709
-2.18812849039758,2.3818808192041,-1.30929818671772
-2.18830385825006,2.38185871262427,-1.30942550911326
-2.18847922746448,2.3818366027658,-1.30955281632778
-2.1886545981956,2.38181448938727,-1.30968010841565
-2.18882997029467,2.38179237265216,-1.30980738531757
-2.18900534375118,2.38177025265639,-1.30993464703956
-2.18918071856812,2.3817481293967,-1.31006189357266
-2.18935609490165,2.38172600261694,-1.31018912495992
-2.18953147259835,2.38170387255792,-1.31031634115789
-2.18970685164856,2.38168173923821,-1.31044354215603
-2.18988223221458,2.38165960240714,-1.31057072800404
-2.19005761413032,2.38163746232734,-1.31069789865686
-2.19023299740911,2.38161531896825,-1.31082505410121
-2.19040838220292,2.38159317210652,-1.31095219439115
-2.19058376833903,2.38157102200243,-1.31107931947277
-2.19075915582706,2.38154886865506,-1.31120642934597
-2.19093454482969,2.38152671178099,-1.31133352404874
-2.19110993518474,2.38150455161602,-1.31146060355361
-2.19128532704684,2.38148238796061,-1.31158766788806
-2.19146072025363,2.38146022106806,-1.31171471700167
-2.19163611479922,2.38143805094196,-1.31184175089456
-2.19181151085758,2.38141587730686,-1.3119687696077
-2.19198690825982,2.38139370044333,-1.3120957730957
-2.19216230699954,2.38137152035811,-1.31222276135649
-2.19233770724513,2.38134933679675,-1.3123497344404
-2.19251310883748,2.38132714998608,-1.31247669228171
-2.19268851192574,2.38130495964934,-1.31260363494713
-2.19286391635413,2.38128276609324,-1.31273056237424
-2.19303932227449,2.38126056906487,-1.3128574746032
-2.19321472953721,2.38123836880498,-1.31298437159133
-2.1933901381392,2.38121616533444,-1.31311125333682
-2.1935655482323,2.38119395840036,-1.31323811987983
-2.19374095965747,2.38117174825913,-1.31336497116848
-2.19391637257419,2.38114953460676,-1.31349180726518
-2.19409178682897,2.38112731772579,-1.31361862809964
-2.19426720257419,2.3811050973898,-1.31374543372801
-2.19444261964702,2.38108287386447,-1.31387222410376
-2.19461803820686,2.38106064688763,-1.31399899926239
-2.19479345810361,2.38103841669384,-1.31412575915302
-2.19496887948348,2.38101618306054,-1.31425250383116
-2.19514430218695,2.38099394618146,-1.31437923323971
-2.19531972637622,2.38097170586253,-1.31450594742534
-2.19549515189179,2.38094946233902,-1.31463264633805
-2.19567057889256,2.3809272153815,-1.31475933002494
-2.19584600721571,2.38090496524632,-1.3148859984334
-2.19602143701403,2.38088271162722,-1.31501265161703
-2.19619686829665,2.38086045458289,-1.31513928957048
-2.19637230090119,2.38083819433692,-1.31526591222955
-2.19654773498658,2.38081593066922,-1.3153925196474
-2.19672317038336,2.38079366383914,-1.31551911178043
-2.19689860725756,2.38077139353046,-1.31564568867597
-2.19707404545196,2.38074912003494,-1.31577225026916
-2.19724948511702,2.38072684312696,-1.31589879661834
-2.19742492625756,2.38070456281187,-1.31602532771831
-2.19760036870837,2.3806822793405,-1.3161518435105
-2.19777581262559,2.38065999240586,-1.3162783440588
-2.1979512578591,2.38063770229351,-1.31640482929148
-2.19812670456118,2.38061540877716,-1.31653129926463
-2.1983021527348,2.38059311186286,-1.31665775397529
-2.19847760221051,2.38057081175347,-1.31678419338289
-2.19865305315097,2.38054850824651,-1.31691061751842
-2.19882850540611,2.38052620157648,-1.31703702633104
-2.19900395911826,2.38050389152091,-1.3171634198755
-2.19917941429519,2.38048157801384,-1.31728979815087
-2.19935487077303,2.38045926137425,-1.31741616109715
-2.19953032871355,2.38043694133067,-1.31754250876601
-2.19970578811686,2.38041461790712,-1.31766884115401
-2.19988124881445,2.38039229129475,-1.31779515820705
-2.20005671097367,2.38036996131138,-1.31792145997412
-2.2002321745852,2.38034762795754,-1.3180477464568
-2.2004076394962,2.38032529145603,-1.31817401759007
-2.20058310586267,2.38030295152412,-1.31830027343366
-2.20075857368379,2.38028060822435,-1.31842651398091
-2.20093404295537,2.38025826156897,-1.31855273923571
-2.20110951351887,2.38023591174528,-1.31867894914524
-2.20128498553654,2.38021355852983,-1.31880514374252
-2.20146045900746,2.38019120196758,-1.31893132304363
-2.20163593392515,2.38016884204669,-1.31905748703437
-2.20181141012725,2.38014647896373,-1.31918363566729
-2.20198688778164,2.38012411250389,-1.31930976897988
-2.20216236688174,2.38010174270354,-1.31943588698375
-2.20233784742775,2.38007936949669,-1.31956198967653
-2.20251332925574,2.38005699320223,-1.31968807699821
-2.20268881252608,2.38003461356129,-1.31981414899468
-2.20286429724416,2.38001223050474,-1.3199402056762
-2.20303978340337,2.37998984411072,-1.32006624702739
-2.20321527084081,2.37996745463537,-1.32019227299559
-2.20339075971256,2.37994506177188,-1.32031828364472
-2.20356625002436,2.37992266557971,-1.32044427895906
-2.2037417417788,2.37990026603461,-1.32057025893163
-2.20391723496695,2.37987786310166,-1.32069622356501
-2.20409272959073,2.37985545685507,-1.3208221728667
-2.20426822548445,2.37983304753931,-1.32094810676983
-2.20444372281077,2.37981063484452,-1.3210740253293
-2.20461922157178,2.37978821880604,-1.32119992853295
-2.20479472176083,2.37976579946023,-1.3213258163923
-2.20497022338139,2.37974337674423,-1.32145168890352
-2.20514572643258,2.3797209507206,-1.32157754605992
-2.20532123090788,2.37969852133033,-1.32170338785637
-2.20549673665397,2.37967608887046,-1.32182921424665
-2.20567224382343,2.37965365310632,-1.32195502527098
-2.2058477524202,2.37963121398125,-1.32208082093378
-2.20602326243907,2.37960877156093,-1.32220660122546
-2.20619877387684,2.37958632585139,-1.32233236615425
-2.20637428674325,2.37956387676569,-1.32245811570942
-2.20654980102881,2.37954142438499,-1.32258384988521
-2.20672531673547,2.37951896866124,-1.32270956868912
-2.20690083385336,2.3794965096546,-1.32283527211751
-2.20707635239539,2.37947404731082,-1.32296096017172
-2.20725187235803,2.37945158165665,-1.32308663283515
-2.20742739357485,2.37942911297846,-1.32321229005836
-2.20760291620134,2.3794066409727,-1.3233379319031
-2.20777844023762,2.37938416569026,-1.32346355834916
-2.20795396569047,2.37936168707682,-1.32358916940906
-2.20812949255535,2.3793392051654,-1.32371476506186
-2.20830502083499,2.37931671999163,-1.3238403453181
-2.20848055052,2.3792942314996,-1.32396591018243
-2.20865608161285,2.37927173974564,-1.32409145964054
-2.20883161410983,2.37924924467312,-1.32421699369545
-2.20900714802067,2.37922674631741,-1.32434251233646
-2.20918268332916,2.37920424464977,-1.32446801557289
-2.20935822004389,2.37918173973205,-1.32459350339708
-2.20953375815882,2.37915923150212,-1.3247189758061
-2.20970929767865,2.37913672003113,-1.32484443279769
-2.20988483860473,2.37911420522666,-1.32496987436642
-2.21006038092973,2.37909168718467,-1.3250953005185
-2.2102359246528,2.37906916590192,-1.32522071124416
-2.21041146993606,2.37904664107186,-1.32534610659609
-2.21058701661042,2.37902411300148,-1.32547148651192
-2.21076256468258,2.37900158164583,-1.32559685101027
-2.21093811415136,2.37897904703173,-1.32572220006267
-2.21111366501053,2.3789565091266,-1.32584753367966
-2.21128921726859,2.37893396800159,-1.32597285185965
-2.21146477091569,2.37891142359459,-1.32609815459901
-2.21164032594569,2.37888887596579,-1.32622344189482
-2.21181588237077,2.37886632503374,-1.32634871374233
-2.21199144018693,2.37884377088819,-1.32647397014013
-2.21216699938864,2.37882121346391,-1.32659921108749
-2.21234256013931,2.3787986525791,-1.32672443663256
-2.21251812227078,2.37877608843083,-1.32684964672953
-2.21269368579236,2.37875352104828,-1.32697484135946
-2.21286925069728,2.37873095040199,-1.32710002053067
-2.2130448169851,2.37870837649491,-1.32722518424164
-2.21322038464873,2.37868579938416,-1.32735033247897
-2.21339595369102,2.37866321902476,-1.32747546526059
-2.21357152427078,2.3786406352147,-1.32760058261669
-2.21374709623864,2.37861804812856,-1.32772568450186
-2.21392266958059,2.37859545785063,-1.32785077090728
-2.21409824429671,2.37857286432425,-1.32797584183668
-2.21427382038267,2.37855026761823,-1.32810089729087
-2.21444939800771,2.37852766741991,-1.32822593731565
-2.21462497699946,2.37850506397659,-1.32835096185317
-2.21480055737004,2.37848245732917,-1.32847597089874
-2.21497613910972,2.37845984744579,-1.32860096445251
-2.21515172221704,2.37843723439764,-1.32872594252342
-2.2153273068551,2.3784146178666,-1.32885090515064
-2.21550289285715,2.37839199816504,-1.32897585227771
-2.21567848023346,2.37836937521228,-1.32910078390228
-2.2158540689772,2.37834674903531,-1.32922570002959
-2.21602965923942,2.37832411944151,-1.32935060069451
-2.21620525086423,2.37830148663882,-1.32947548586447
-2.21638084384845,2.378278850675,-1.32960035552067
-2.21655643819775,2.37825621150201,-1.32972520967126
-2.216732034075,2.37823356883734,-1.32985004835471
-2.21690763130977,2.37821092302359,-1.3299748715176
-2.2170832299021,2.37818827400412,-1.33009967916363
-2.217258830004,2.37816562158945,-1.33022447133815
-2.2174344314631,2.37814296597191,-1.33034924799492
-2.21761003427224,2.37812030715211,-1.33047400912357
-2.21778563860555,2.37809764492127,-1.33059875476842
-2.21796124428798,2.37807497949414,-1.33072348488208
-2.21813685132287,2.37805231087369,-1.3308481994637
-2.21831245986456,2.37802963887595,-1.33097289856455
-2.21848806975398,2.37800696369086,-1.33109758212957
-2.21866368099447,2.3779842853214,-1.3312222501579
-2.21883929374405,2.37796160354788,-1.33134690267993
-2.21901490784376,2.37793891859595,-1.33147153966218
-2.21919052328266,2.37791623052275,-1.33159616109053
-2.21936614022315,2.3778935390282,-1.33172076702597
-2.21954175851237,2.3778708443642,-1.33184535741698
-2.21971737829516,2.37784814633273,-1.3319699322918
-2.21989299942657,2.37782544510518,-1.33209449160799
-2.22006862189858,2.37780274071477,-1.33221903536629
-2.22024424587322,2.37778003291172,-1.33234356361633
-2.22041987118137,2.37775732200283,-1.33246807629567
-2.22059549798161,2.37773460768804,-1.3325925734646
-2.22077112612052,2.37771189022234,-1.33271705506943
-2.22094675576048,2.37768916938301,-1.33284152114342
-2.22112238673199,2.37766644539327,-1.33296597164357
-2.2212980190284,2.37764371825061,-1.33309040656169
-2.22147365282175,2.37762098776732,-1.33321482595166
-2.22164928794519,2.37759825414258,-1.3333392297631
-2.22182492455116,2.37757551712743,-1.33346361804661
-2.22200056248331,2.37755277697444,-1.33358799074036
-2.22217620191313,2.37753003346879,-1.33371234789238
-2.22235184266871,2.37750728682819,-1.33383668945372
-2.22252748490828,2.37748453680292,-1.33396101547329
-2.22270312846646,2.3774617836432,-1.33408532589241
-2.22287877351037,2.37743902716755,-1.33420962075988
-2.22305441987425,2.37741626756891,-1.33433390002969
-2.22323006772141,2.37739350457126,-1.33445816374874
-2.22340571688411,2.37737073851387,-1.33458241185363
-2.22358136753161,2.37734796908982,-1.33470664440807
-2.22375701965668,2.37732519629974,-1.33483086140165
-2.22393267309687,2.37730242039617,-1.33495506278383
-2.22410832800746,2.37727964112708,-1.3350792485954
-2.22428398423163,2.37725685881014,-1.33520341878716
-2.22445964193843,2.37723407311206,-1.33532757340739
-2.22463530094816,2.37721128431636,-1.33545171240874
-2.22481096143005,2.37718849216715,-1.33557583583389
-2.22498662337983,2.37716569672398,-1.3356999436775
-2.22516228663445,2.37714289818594,-1.3358240358899
-2.22533795135968,2.3771200963034,-1.33594811252137
-2.22551361738871,2.37709729133198,-1.33607217351848
-2.22568928489443,2.377074482995,-1.33619621892715
-2.22586495386254,2.37705167137669,-1.33632024873829
-2.2260406241329,2.37702885667852,-1.33644426291033
-2.22621629586168,2.37700603865167,-1.33656826149456
-2.22639196905124,2.37698321729598,-1.3366922444796
-2.2265676435391,2.37696039286395,-1.33681621181488
-2.22674331948727,2.37693756510601,-1.33694016355
-2.22691899689799,2.37691473405771,-1.33706409967307
-2.22709467559872,2.37689189993971,-1.33718802013282
-2.22727035576197,2.37686906250482,-1.33731192498837
-2.22744603737667,2.37684622175368,-1.33743581422862
-2.22762172028651,2.37682337794422,-1.33755968780962
-2.22779740464674,2.37680053082453,-1.33768354577214
-2.22797309045687,2.37677768045416,-1.33780738811153
-2.22814877756129,2.3767548270113,-1.33793121478208
-2.22832446610891,2.37673197025865,-1.33805502582499
-2.22850015610857,2.37670911020782,-1.33817882124379
-2.22867584755592,2.37668624686183,-1.33830260103618
-2.22885154028557,2.37666338047071,-1.33842636514348
-2.22902723445624,2.37664051078186,-1.33855011361677
-2.2292029300701,2.37661763786105,-1.33867384644769
-2.22937862713429,2.37659476162458,-1.33879756363562
-2.22955432547859,2.37657188235504,-1.33892126513209
-2.22973002526498,2.37654899980293,-1.3390449509867
-2.22990572648909,2.37652611397127,-1.33916862119715
-2.23008142914801,2.37650322485761,-1.33929227575593
-2.23025713308808,2.37648033272601,-1.33941591461535
-2.23043283845838,2.37645743732471,-1.33953953782753
-2.23060854526183,2.37643453865044,-1.33966314538324
-2.23078425350507,2.37641163667918,-1.33978673727664
-2.23095996317924,2.37638873150374,-1.33991031350288
-2.2311356741262,2.37636582331687,-1.34003387401738
-2.23131138649733,2.37634291186672,-1.34015741886021
-2.23148710030263,2.37631999715872,-1.34028094803928
-2.23166281553099,2.3762970791935,-1.34040446154347
-2.23183853219239,2.37627415797647,-1.3405279593807
-2.23201425027571,2.37625123350826,-1.34065144153985
-2.23218996979198,2.37622830576176,-1.34077490801797
-2.23236569057036,2.37620537502254,-1.34089835876432
-2.2325414127666,2.37618244103573,-1.34102179382186
-2.2327171363863,2.37615950380983,-1.3411452131956
-2.23289286142272,2.37613656334238,-1.34126861687732
-2.23306858788204,2.37611361963881,-1.34139200487424
-2.23324431575695,2.37609067269974,-1.34151537717591
-2.23342004504684,2.37606772252821,-1.34163873378074
-2.23359577575491,2.37604476910647,-1.34176207469053
-2.23377150787683,2.37602181245833,-1.34188539990027
-2.23394724141523,2.3759988525899,-1.34200870940682
-2.23412297636632,2.37597588950112,-1.34213200321009
-2.23429871256466,2.3759529234419,-1.34225528125135
-2.23447445017452,2.37592995416837,-1.3423785435861
-2.23465018919236,2.37590698168117,-1.34250179020461
-2.23482592961439,2.37588400598024,-1.34262502110676
-2.23500167144382,2.37586102706861,-1.34274823629164
-2.23517741468672,2.37583804492536,-1.34287143575124
-2.23535315933586,2.37581505957749,-1.34299461949034
-2.23552890538387,2.3757920710256,-1.3431177874985
-2.23570465283694,2.37576907927515,-1.34324093978292
-2.23588040168769,2.37574608432675,-1.34336407633317
-2.23605615193552,2.37572308618345,-1.34348719714762
-2.23623190358603,2.37570008485377,-1.34361030223126
-2.23640765663304,2.37567708033215,-1.34373339157807
-2.23658341107535,2.37565407262474,-1.34385646518421
-2.23675916691726,2.37563106170204,-1.343979523038
-2.23693492415329,2.3756080475996,-1.34410256514788
-2.23711068294911,2.37558503006819,-1.34422559156412
-2.23728644313166,2.37556200935763,-1.34434860222659
-2.23746220470413,2.37553898547097,-1.34447159713436
-2.23763796766592,2.37551595841124,-1.34459457628582
-2.23781373201261,2.37549292818149,-1.34471753967862
-2.2379894977468,2.37546989478782,-1.34484048730962
-2.238165264869,2.37544685817054,-1.34496341918472
-2.23834103338539,2.37542381836533,-1.34508633529286
-2.23851680328126,2.37540077539983,-1.34520923562771
-2.2386925745628,2.37537772927951,-1.34533212019647
-2.23886834722321,2.37535468000188,-1.34545498899088
-2.23904412142374,2.37533162732086,-1.34557784205831
-2.23921989700572,2.37530857148864,-1.34570067934882
-2.2393956739641,2.37528551251135,-1.34582350085788
-2.23957145229826,2.37526245039202,-1.34594630658385
-2.239747232012,2.37523938513062,-1.34606909652799
-2.23992301309462,2.3752163166681,-1.34619187068448
-2.24009879556229,2.37519324504568,-1.34631462904957
-2.24027457956338,2.3751701700357,-1.34643737167031
-2.24045036493095,2.37514709189341,-1.34656009849317
-2.24062615166818,2.37512401062186,-1.34668280951721
-2.24080193977445,2.37510092622409,-1.34680550474077
-2.24097772924912,2.37507783870315,-1.34692818416223
-2.24115352025456,2.37505474775024,-1.34705084783645
-2.24132931262715,2.37503165368026,-1.34717349570527
-2.24150510636005,2.37500855649075,-1.34729612776044
-2.24168090145644,2.37498545618477,-1.34741874400102
-2.24185669807993,2.37496235252177,-1.34754134448025
-2.24203249606918,2.37493924572141,-1.34766392913684
-2.24220829542055,2.37491613575407,-1.34778649797923
-2.24238409612224,2.37489302268002,-1.34790905099093
-2.24255989834671,2.37486990625261,-1.348031588231
-2.24273570193022,2.37484678673011,-1.34815410964438
-2.24291150686274,2.37482366410699,-1.34827661522434
-2.24308731315705,2.3748005383289,-1.34839910497198
-2.24326312096475,2.37477740920724,-1.34852157893257
-2.24343893012333,2.37475427699413,-1.34864403705547
-2.24361474063151,2.37473114169568,-1.34876647933681
-2.24379055265114,2.37470800306284,-1.34888890582615
-2.24396636601958,2.3746848612911,-1.34901131647594
-2.24414218073689,2.37466171641072,-1.3491337112686
-2.24431799696368,2.37463856820513,-1.34925609026428
-2.24449381453442,2.37461541692399,-1.34937845340424
-2.24466963344466,2.37459226257035,-1.34950080068611
-2.24484545386673,2.37456910484102,-1.34962313217205
-2.24502127562697,2.3745459440453,-1.34974544779659
-2.24519709872235,2.37452278018074,-1.34986774755216
-2.24537292332022,2.37449961300693,-1.34999003149267
-2.2455487492548,2.37447644271622,-1.35011229957213
-2.24572457668499,2.37445326911381,-1.35023455182883
-2.2459004054532,2.37443009246338,-1.35035678821428
-2.24607623555321,2.37440691275941,-1.35047900872245
-2.24625206715025,2.37438372969001,-1.35060121339832
-2.24642790008519,2.37436054354624,-1.35072340218961
-2.24660373451556,2.37433735410916,-1.3508455751483
-2.24677957027495,2.37431416157418,-1.35096773222615
-2.24695540736213,2.37429096600405,-1.35108987341617
-2.24713124593718,2.37426776714123,-1.35121199876421
-2.24730708583866,2.37424456524937,-1.35133410822108
-2.24748292722653,2.37422136001436,-1.35145620183573
-2.24765876993711,2.37419815175095,-1.35157827954997
-2.24783461412838,2.37417494021019,-1.35170034141263
-2.24801045964151,2.37415172558748,-1.35182238737686
-2.24818630663776,2.37412850769357,-1.35194441748686
-2.24836215495752,2.3741052867772,-1.35206643168207
-2.24853800475956,2.37408206253609,-1.35218843002504
-2.24871385587336,2.37405883528252,-1.35231041244873
-2.24888970846134,2.37403560476454,-1.35243237900488
-2.24906556237833,2.37401237115606,-1.35255432964932
-2.24924141776749,2.37398913429237,-1.35267626442067
-2.24941727446627,2.37396589442544,-1.35279818326824
-2.24959313264016,2.37394265124977,-1.35292008624539
-2.2497689921161,2.37391940507148,-1.35304197328882
-2.24994485306521,2.37389615565029,-1.35316384445312
-2.25012071548533,2.37387290291469,-1.35328569972991
-2.25029657921096,2.37384964719426,-1.35340753907229
-2.25047244440146,2.37382638823464,-1.3535293625239
