[0.058s] DEBUG:colcon:Command line arguments: ['/usr/bin/colcon', 'build']
[0.059s] DEBUG:colcon:Parsed command line arguments: Namespace(log_base=None, log_level=None, verb_name='build', build_base='build', install_base='install', merge_install=False, symlink_install=False, test_result_base=None, continue_on_error=False, executor='parallel', parallel_workers=32, event_handlers=None, ignore_user_meta=False, metas=['./colcon.meta'], base_paths=['.'], packages_ignore=None, packages_ignore_regex=None, paths=None, packages_up_to=None, packages_up_to_regex=None, packages_above=None, packages_above_and_dependencies=None, packages_above_depth=None, packages_select_by_dep=None, packages_skip_by_dep=None, packages_skip_up_to=None, packages_select_build_failed=False, packages_skip_build_finished=False, packages_select_test_failures=False, packages_skip_test_passed=False, packages_select=None, packages_skip=None, packages_select_regex=None, packages_skip_regex=None, packages_start=None, packages_end=None, allow_overriding=[], cmake_args=None, cmake_target=None, cmake_target_skip_unavailable=False, cmake_clean_cache=False, cmake_clean_first=False, cmake_force_configure=False, ament_cmake_args=None, catkin_cmake_args=None, catkin_skip_building_tests=False, verb_parser=<colcon_defaults.argument_parser.defaults.DefaultArgumentsDecorator object at 0x78db6274bbe0>, verb_extension=<colcon_core.verb.build.BuildVerb object at 0x78db628f4fa0>, main=<bound method BuildVerb.main of <colcon_core.verb.build.BuildVerb object at 0x78db628f4fa0>>)
[0.167s] Level 1:colcon.colcon_core.package_discovery:discover_packages(colcon_meta) check parameters
[0.167s] Level 1:colcon.colcon_core.package_discovery:discover_packages(recursive) check parameters
[0.167s] Level 1:colcon.colcon_core.package_discovery:discover_packages(ignore) check parameters
[0.167s] Level 1:colcon.colcon_core.package_discovery:discover_packages(path) check parameters
[0.167s] Level 1:colcon.colcon_core.package_discovery:discover_packages(colcon_meta) discover
[0.167s] Level 1:colcon.colcon_core.package_discovery:discover_packages(recursive) discover
[0.167s] INFO:colcon.colcon_core.package_discovery:Crawling recursively for packages in '/home/user/ros2_ws/dynamic_ws'
[0.167s] Level 1:colcon.colcon_core.package_identification:_identify(.) by extensions ['ignore', 'ignore_ament_install']
[0.167s] Level 1:colcon.colcon_core.package_identification:_identify(.) by extension 'ignore'
[0.167s] Level 1:colcon.colcon_core.package_identification:_identify(.) by extension 'ignore_ament_install'
[0.167s] Level 1:colcon.colcon_core.package_identification:_identify(.) by extensions ['colcon_pkg']
[0.167s] Level 1:colcon.colcon_core.package_identification:_identify(.) by extension 'colcon_pkg'
[0.168s] Level 1:colcon.colcon_core.package_identification:_identify(.) by extensions ['colcon_meta']
[0.168s] Level 1:colcon.colcon_core.package_identification:_identify(.) by extension 'colcon_meta'
[0.168s] Level 1:colcon.colcon_core.package_identification:_identify(.) by extensions ['ros']
[0.168s] Level 1:colcon.colcon_core.package_identification:_identify(.) by extension 'ros'
[0.175s] Level 1:colcon.colcon_core.package_identification:_identify(.) by extensions ['cmake', 'python']
[0.175s] Level 1:colcon.colcon_core.package_identification:_identify(.) by extension 'cmake'
[0.175s] Level 1:colcon.colcon_core.package_identification:_identify(.) by extension 'python'
[0.175s] Level 1:colcon.colcon_core.package_identification:_identify(.) by extensions ['python_setup_py']
[0.175s] Level 1:colcon.colcon_core.package_identification:_identify(.) by extension 'python_setup_py'
[0.175s] Level 1:colcon.colcon_core.package_identification:_identify(build) by extensions ['ignore', 'ignore_ament_install']
[0.176s] Level 1:colcon.colcon_core.package_identification:_identify(build) by extension 'ignore'
[0.176s] Level 1:colcon.colcon_core.package_identification:_identify(build) ignored
[0.176s] Level 1:colcon.colcon_core.package_identification:_identify(install) by extensions ['ignore', 'ignore_ament_install']
[0.176s] Level 1:colcon.colcon_core.package_identification:_identify(install) by extension 'ignore'
[0.176s] Level 1:colcon.colcon_core.package_identification:_identify(install) ignored
[0.176s] Level 1:colcon.colcon_core.package_identification:_identify(log) by extensions ['ignore', 'ignore_ament_install']
[0.176s] Level 1:colcon.colcon_core.package_identification:_identify(log) by extension 'ignore'
[0.176s] Level 1:colcon.colcon_core.package_identification:_identify(log) ignored
[0.176s] Level 1:colcon.colcon_core.package_identification:_identify(src) by extensions ['ignore', 'ignore_ament_install']
[0.176s] Level 1:colcon.colcon_core.package_identification:_identify(src) by extension 'ignore'
[0.176s] Level 1:colcon.colcon_core.package_identification:_identify(src) by extension 'ignore_ament_install'
[0.176s] Level 1:colcon.colcon_core.package_identification:_identify(src) by extensions ['colcon_pkg']
[0.176s] Level 1:colcon.colcon_core.package_identification:_identify(src) by extension 'colcon_pkg'
[0.176s] Level 1:colcon.colcon_core.package_identification:_identify(src) by extensions ['colcon_meta']
[0.176s] Level 1:colcon.colcon_core.package_identification:_identify(src) by extension 'colcon_meta'
[0.176s] Level 1:colcon.colcon_core.package_identification:_identify(src) by extensions ['ros']
[0.176s] Level 1:colcon.colcon_core.package_identification:_identify(src) by extension 'ros'
[0.177s] Level 1:colcon.colcon_core.package_identification:_identify(src) by extensions ['cmake', 'python']
[0.177s] Level 1:colcon.colcon_core.package_identification:_identify(src) by extension 'cmake'
[0.177s] Level 1:colcon.colcon_core.package_identification:_identify(src) by extension 'python'
[0.177s] Level 1:colcon.colcon_core.package_identification:_identify(src) by extensions ['python_setup_py']
[0.177s] Level 1:colcon.colcon_core.package_identification:_identify(src) by extension 'python_setup_py'
[0.177s] Level 1:colcon.colcon_core.package_identification:_identify(src/marvin_sim) by extensions ['ignore', 'ignore_ament_install']
[0.177s] Level 1:colcon.colcon_core.package_identification:_identify(src/marvin_sim) by extension 'ignore'
[0.177s] Level 1:colcon.colcon_core.package_identification:_identify(src/marvin_sim) by extension 'ignore_ament_install'
[0.177s] Level 1:colcon.colcon_core.package_identification:_identify(src/marvin_sim) by extensions ['colcon_pkg']
[0.177s] Level 1:colcon.colcon_core.package_identification:_identify(src/marvin_sim) by extension 'colcon_pkg'
[0.177s] Level 1:colcon.colcon_core.package_identification:_identify(src/marvin_sim) by extensions ['colcon_meta']
[0.177s] Level 1:colcon.colcon_core.package_identification:_identify(src/marvin_sim) by extension 'colcon_meta'
[0.177s] Level 1:colcon.colcon_core.package_identification:_identify(src/marvin_sim) by extensions ['ros']
[0.177s] Level 1:colcon.colcon_core.package_identification:_identify(src/marvin_sim) by extension 'ros'
[0.179s] DEBUG:colcon.colcon_core.package_identification:Package 'src/marvin_sim' with type 'ros.ament_cmake' and name 'marvin_sim'
[0.179s] Level 1:colcon.colcon_core.package_identification:_identify(src/show_urdf) by extensions ['ignore', 'ignore_ament_install']
[0.179s] Level 1:colcon.colcon_core.package_identification:_identify(src/show_urdf) by extension 'ignore'
[0.179s] Level 1:colcon.colcon_core.package_identification:_identify(src/show_urdf) by extension 'ignore_ament_install'
[0.179s] Level 1:colcon.colcon_core.package_identification:_identify(src/show_urdf) by extensions ['colcon_pkg']
[0.179s] Level 1:colcon.colcon_core.package_identification:_identify(src/show_urdf) by extension 'colcon_pkg'
[0.179s] Level 1:colcon.colcon_core.package_identification:_identify(src/show_urdf) by extensions ['colcon_meta']
[0.179s] Level 1:colcon.colcon_core.package_identification:_identify(src/show_urdf) by extension 'colcon_meta'
[0.179s] Level 1:colcon.colcon_core.package_identification:_identify(src/show_urdf) by extensions ['ros']
[0.179s] Level 1:colcon.colcon_core.package_identification:_identify(src/show_urdf) by extension 'ros'
[0.179s] DEBUG:colcon.colcon_core.package_identification:Package 'src/show_urdf' with type 'ros.ament_cmake' and name 'show_urdf'
[0.179s] Level 1:colcon.colcon_core.package_identification:_identify(src/vi) by extensions ['ignore', 'ignore_ament_install']
[0.179s] Level 1:colcon.colcon_core.package_identification:_identify(src/vi) by extension 'ignore'
[0.179s] Level 1:colcon.colcon_core.package_identification:_identify(src/vi) by extension 'ignore_ament_install'
[0.179s] Level 1:colcon.colcon_core.package_identification:_identify(src/vi) by extensions ['colcon_pkg']
[0.179s] Level 1:colcon.colcon_core.package_identification:_identify(src/vi) by extension 'colcon_pkg'
[0.179s] Level 1:colcon.colcon_core.package_identification:_identify(src/vi) by extensions ['colcon_meta']
[0.179s] Level 1:colcon.colcon_core.package_identification:_identify(src/vi) by extension 'colcon_meta'
[0.179s] Level 1:colcon.colcon_core.package_identification:_identify(src/vi) by extensions ['ros']
[0.179s] Level 1:colcon.colcon_core.package_identification:_identify(src/vi) by extension 'ros'
[0.180s] DEBUG:colcon.colcon_core.package_identification:Package 'src/vi' with type 'ros.ament_cmake' and name 'vi'
[0.180s] Level 1:colcon.colcon_core.package_identification:_identify(src/vi_2p) by extensions ['ignore', 'ignore_ament_install']
[0.180s] Level 1:colcon.colcon_core.package_identification:_identify(src/vi_2p) by extension 'ignore'
[0.180s] Level 1:colcon.colcon_core.package_identification:_identify(src/vi_2p) by extension 'ignore_ament_install'
[0.180s] Level 1:colcon.colcon_core.package_identification:_identify(src/vi_2p) by extensions ['colcon_pkg']
[0.180s] Level 1:colcon.colcon_core.package_identification:_identify(src/vi_2p) by extension 'colcon_pkg'
[0.180s] Level 1:colcon.colcon_core.package_identification:_identify(src/vi_2p) by extensions ['colcon_meta']
[0.180s] Level 1:colcon.colcon_core.package_identification:_identify(src/vi_2p) by extension 'colcon_meta'
[0.180s] Level 1:colcon.colcon_core.package_identification:_identify(src/vi_2p) by extensions ['ros']
[0.180s] Level 1:colcon.colcon_core.package_identification:_identify(src/vi_2p) by extension 'ros'
[0.181s] DEBUG:colcon.colcon_core.package_identification:Package 'src/vi_2p' with type 'ros.ament_cmake' and name 'vi_2p'
[0.181s] Level 1:colcon.colcon_core.package_identification:_identify(src/w10_force_sim) by extensions ['ignore', 'ignore_ament_install']
[0.181s] Level 1:colcon.colcon_core.package_identification:_identify(src/w10_force_sim) by extension 'ignore'
[0.181s] Level 1:colcon.colcon_core.package_identification:_identify(src/w10_force_sim) by extension 'ignore_ament_install'
[0.181s] Level 1:colcon.colcon_core.package_identification:_identify(src/w10_force_sim) by extensions ['colcon_pkg']
[0.181s] Level 1:colcon.colcon_core.package_identification:_identify(src/w10_force_sim) by extension 'colcon_pkg'
[0.181s] Level 1:colcon.colcon_core.package_identification:_identify(src/w10_force_sim) by extensions ['colcon_meta']
[0.181s] Level 1:colcon.colcon_core.package_identification:_identify(src/w10_force_sim) by extension 'colcon_meta'
[0.181s] Level 1:colcon.colcon_core.package_identification:_identify(src/w10_force_sim) by extensions ['ros']
[0.181s] Level 1:colcon.colcon_core.package_identification:_identify(src/w10_force_sim) by extension 'ros'
[0.182s] DEBUG:colcon.colcon_core.package_identification:Package 'src/w10_force_sim' with type 'ros.ament_cmake' and name 'w10_force_sim'
[0.182s] Level 1:colcon.colcon_core.package_identification:_identify(src/w10_kinematics) by extensions ['ignore', 'ignore_ament_install']
[0.182s] Level 1:colcon.colcon_core.package_identification:_identify(src/w10_kinematics) by extension 'ignore'
[0.182s] Level 1:colcon.colcon_core.package_identification:_identify(src/w10_kinematics) by extension 'ignore_ament_install'
[0.182s] Level 1:colcon.colcon_core.package_identification:_identify(src/w10_kinematics) by extensions ['colcon_pkg']
[0.182s] Level 1:colcon.colcon_core.package_identification:_identify(src/w10_kinematics) by extension 'colcon_pkg'
[0.182s] Level 1:colcon.colcon_core.package_identification:_identify(src/w10_kinematics) by extensions ['colcon_meta']
[0.182s] Level 1:colcon.colcon_core.package_identification:_identify(src/w10_kinematics) by extension 'colcon_meta'
[0.182s] Level 1:colcon.colcon_core.package_identification:_identify(src/w10_kinematics) by extensions ['ros']
[0.182s] Level 1:colcon.colcon_core.package_identification:_identify(src/w10_kinematics) by extension 'ros'
[0.183s] DEBUG:colcon.colcon_core.package_identification:Package 'src/w10_kinematics' with type 'ros.ament_cmake' and name 'w10_kinematics'
[0.183s] Level 1:colcon.colcon_core.package_identification:_identify(src/w10_moveit_kinematics) by extensions ['ignore', 'ignore_ament_install']
[0.183s] Level 1:colcon.colcon_core.package_identification:_identify(src/w10_moveit_kinematics) by extension 'ignore'
[0.183s] Level 1:colcon.colcon_core.package_identification:_identify(src/w10_moveit_kinematics) by extension 'ignore_ament_install'
[0.183s] Level 1:colcon.colcon_core.package_identification:_identify(src/w10_moveit_kinematics) by extensions ['colcon_pkg']
[0.183s] Level 1:colcon.colcon_core.package_identification:_identify(src/w10_moveit_kinematics) by extension 'colcon_pkg'
[0.183s] Level 1:colcon.colcon_core.package_identification:_identify(src/w10_moveit_kinematics) by extensions ['colcon_meta']
[0.183s] Level 1:colcon.colcon_core.package_identification:_identify(src/w10_moveit_kinematics) by extension 'colcon_meta'
[0.183s] Level 1:colcon.colcon_core.package_identification:_identify(src/w10_moveit_kinematics) by extensions ['ros']
[0.183s] Level 1:colcon.colcon_core.package_identification:_identify(src/w10_moveit_kinematics) by extension 'ros'
[0.184s] DEBUG:colcon.colcon_core.package_identification:Package 'src/w10_moveit_kinematics' with type 'ros.ament_cmake' and name 'w10_moveit_kinematics'
[0.184s] Level 1:colcon.colcon_core.package_identification:_identify(src/w10_sim) by extensions ['ignore', 'ignore_ament_install']
[0.184s] Level 1:colcon.colcon_core.package_identification:_identify(src/w10_sim) by extension 'ignore'
[0.184s] Level 1:colcon.colcon_core.package_identification:_identify(src/w10_sim) by extension 'ignore_ament_install'
[0.184s] Level 1:colcon.colcon_core.package_identification:_identify(src/w10_sim) by extensions ['colcon_pkg']
[0.184s] Level 1:colcon.colcon_core.package_identification:_identify(src/w10_sim) by extension 'colcon_pkg'
[0.184s] Level 1:colcon.colcon_core.package_identification:_identify(src/w10_sim) by extensions ['colcon_meta']
[0.184s] Level 1:colcon.colcon_core.package_identification:_identify(src/w10_sim) by extension 'colcon_meta'
[0.184s] Level 1:colcon.colcon_core.package_identification:_identify(src/w10_sim) by extensions ['ros']
[0.184s] Level 1:colcon.colcon_core.package_identification:_identify(src/w10_sim) by extension 'ros'
[0.184s] DEBUG:colcon.colcon_core.package_identification:Package 'src/w10_sim' with type 'ros.ament_cmake' and name 'w10_sim'
[0.184s] Level 1:colcon.colcon_core.package_discovery:discover_packages(recursive) using defaults
[0.184s] Level 1:colcon.colcon_core.package_discovery:discover_packages(ignore) discover
[0.184s] Level 1:colcon.colcon_core.package_discovery:discover_packages(ignore) using defaults
[0.184s] Level 1:colcon.colcon_core.package_discovery:discover_packages(path) discover
[0.184s] Level 1:colcon.colcon_core.package_discovery:discover_packages(path) using defaults
[0.204s] Level 1:colcon.colcon_core.package_discovery:discover_packages(prefix_path) check parameters
[0.204s] Level 1:colcon.colcon_core.package_discovery:discover_packages(prefix_path) discover
[0.206s] DEBUG:colcon.colcon_installed_package_information.package_discovery:Found 4 installed packages in /home/user/ros2_ws/w10_ws/install
[0.206s] DEBUG:colcon.colcon_installed_package_information.package_discovery:Found 8 installed packages in /home/user/ros2_ws/dynamic_ws/install
[0.207s] DEBUG:colcon.colcon_installed_package_information.package_discovery:Found 320 installed packages in /opt/ros/humble
[0.208s] Level 1:colcon.colcon_core.package_discovery:discover_packages(prefix_path) using defaults
[0.229s] Level 5:colcon.colcon_core.verb:set package 'marvin_sim' build argument 'cmake_args' from command line to 'None'
[0.229s] Level 5:colcon.colcon_core.verb:set package 'marvin_sim' build argument 'cmake_target' from command line to 'None'
[0.229s] Level 5:colcon.colcon_core.verb:set package 'marvin_sim' build argument 'cmake_target_skip_unavailable' from command line to 'False'
[0.229s] Level 5:colcon.colcon_core.verb:set package 'marvin_sim' build argument 'cmake_clean_cache' from command line to 'False'
[0.229s] Level 5:colcon.colcon_core.verb:set package 'marvin_sim' build argument 'cmake_clean_first' from command line to 'False'
[0.229s] Level 5:colcon.colcon_core.verb:set package 'marvin_sim' build argument 'cmake_force_configure' from command line to 'False'
[0.229s] Level 5:colcon.colcon_core.verb:set package 'marvin_sim' build argument 'ament_cmake_args' from command line to 'None'
[0.229s] Level 5:colcon.colcon_core.verb:set package 'marvin_sim' build argument 'catkin_cmake_args' from command line to 'None'
[0.229s] Level 5:colcon.colcon_core.verb:set package 'marvin_sim' build argument 'catkin_skip_building_tests' from command line to 'False'
[0.229s] DEBUG:colcon.colcon_core.verb:Building package 'marvin_sim' with the following arguments: {'ament_cmake_args': None, 'build_base': '/home/user/ros2_ws/dynamic_ws/build/marvin_sim', 'catkin_cmake_args': None, 'catkin_skip_building_tests': False, 'cmake_args': None, 'cmake_clean_cache': False, 'cmake_clean_first': False, 'cmake_force_configure': False, 'cmake_target': None, 'cmake_target_skip_unavailable': False, 'install_base': '/home/user/ros2_ws/dynamic_ws/install/marvin_sim', 'merge_install': False, 'path': '/home/user/ros2_ws/dynamic_ws/src/marvin_sim', 'symlink_install': False, 'test_result_base': None}
[0.230s] Level 5:colcon.colcon_core.verb:set package 'show_urdf' build argument 'cmake_args' from command line to 'None'
[0.230s] Level 5:colcon.colcon_core.verb:set package 'show_urdf' build argument 'cmake_target' from command line to 'None'
[0.230s] Level 5:colcon.colcon_core.verb:set package 'show_urdf' build argument 'cmake_target_skip_unavailable' from command line to 'False'
[0.230s] Level 5:colcon.colcon_core.verb:set package 'show_urdf' build argument 'cmake_clean_cache' from command line to 'False'
[0.230s] Level 5:colcon.colcon_core.verb:set package 'show_urdf' build argument 'cmake_clean_first' from command line to 'False'
[0.230s] Level 5:colcon.colcon_core.verb:set package 'show_urdf' build argument 'cmake_force_configure' from command line to 'False'
[0.230s] Level 5:colcon.colcon_core.verb:set package 'show_urdf' build argument 'ament_cmake_args' from command line to 'None'
[0.230s] Level 5:colcon.colcon_core.verb:set package 'show_urdf' build argument 'catkin_cmake_args' from command line to 'None'
[0.230s] Level 5:colcon.colcon_core.verb:set package 'show_urdf' build argument 'catkin_skip_building_tests' from command line to 'False'
[0.230s] DEBUG:colcon.colcon_core.verb:Building package 'show_urdf' with the following arguments: {'ament_cmake_args': None, 'build_base': '/home/user/ros2_ws/dynamic_ws/build/show_urdf', 'catkin_cmake_args': None, 'catkin_skip_building_tests': False, 'cmake_args': None, 'cmake_clean_cache': False, 'cmake_clean_first': False, 'cmake_force_configure': False, 'cmake_target': None, 'cmake_target_skip_unavailable': False, 'install_base': '/home/user/ros2_ws/dynamic_ws/install/show_urdf', 'merge_install': False, 'path': '/home/user/ros2_ws/dynamic_ws/src/show_urdf', 'symlink_install': False, 'test_result_base': None}
[0.230s] Level 5:colcon.colcon_core.verb:set package 'vi' build argument 'cmake_args' from command line to 'None'
[0.230s] Level 5:colcon.colcon_core.verb:set package 'vi' build argument 'cmake_target' from command line to 'None'
[0.230s] Level 5:colcon.colcon_core.verb:set package 'vi' build argument 'cmake_target_skip_unavailable' from command line to 'False'
[0.230s] Level 5:colcon.colcon_core.verb:set package 'vi' build argument 'cmake_clean_cache' from command line to 'False'
[0.230s] Level 5:colcon.colcon_core.verb:set package 'vi' build argument 'cmake_clean_first' from command line to 'False'
[0.230s] Level 5:colcon.colcon_core.verb:set package 'vi' build argument 'cmake_force_configure' from command line to 'False'
[0.230s] Level 5:colcon.colcon_core.verb:set package 'vi' build argument 'ament_cmake_args' from command line to 'None'
[0.230s] Level 5:colcon.colcon_core.verb:set package 'vi' build argument 'catkin_cmake_args' from command line to 'None'
[0.230s] Level 5:colcon.colcon_core.verb:set package 'vi' build argument 'catkin_skip_building_tests' from command line to 'False'
[0.230s] DEBUG:colcon.colcon_core.verb:Building package 'vi' with the following arguments: {'ament_cmake_args': None, 'build_base': '/home/user/ros2_ws/dynamic_ws/build/vi', 'catkin_cmake_args': None, 'catkin_skip_building_tests': False, 'cmake_args': None, 'cmake_clean_cache': False, 'cmake_clean_first': False, 'cmake_force_configure': False, 'cmake_target': None, 'cmake_target_skip_unavailable': False, 'install_base': '/home/user/ros2_ws/dynamic_ws/install/vi', 'merge_install': False, 'path': '/home/user/ros2_ws/dynamic_ws/src/vi', 'symlink_install': False, 'test_result_base': None}
[0.230s] Level 5:colcon.colcon_core.verb:set package 'vi_2p' build argument 'cmake_args' from command line to 'None'
[0.230s] Level 5:colcon.colcon_core.verb:set package 'vi_2p' build argument 'cmake_target' from command line to 'None'
[0.230s] Level 5:colcon.colcon_core.verb:set package 'vi_2p' build argument 'cmake_target_skip_unavailable' from command line to 'False'
[0.230s] Level 5:colcon.colcon_core.verb:set package 'vi_2p' build argument 'cmake_clean_cache' from command line to 'False'
[0.230s] Level 5:colcon.colcon_core.verb:set package 'vi_2p' build argument 'cmake_clean_first' from command line to 'False'
[0.230s] Level 5:colcon.colcon_core.verb:set package 'vi_2p' build argument 'cmake_force_configure' from command line to 'False'
[0.230s] Level 5:colcon.colcon_core.verb:set package 'vi_2p' build argument 'ament_cmake_args' from command line to 'None'
[0.230s] Level 5:colcon.colcon_core.verb:set package 'vi_2p' build argument 'catkin_cmake_args' from command line to 'None'
[0.230s] Level 5:colcon.colcon_core.verb:set package 'vi_2p' build argument 'catkin_skip_building_tests' from command line to 'False'
[0.230s] DEBUG:colcon.colcon_core.verb:Building package 'vi_2p' with the following arguments: {'ament_cmake_args': None, 'build_base': '/home/user/ros2_ws/dynamic_ws/build/vi_2p', 'catkin_cmake_args': None, 'catkin_skip_building_tests': False, 'cmake_args': None, 'cmake_clean_cache': False, 'cmake_clean_first': False, 'cmake_force_configure': False, 'cmake_target': None, 'cmake_target_skip_unavailable': False, 'install_base': '/home/user/ros2_ws/dynamic_ws/install/vi_2p', 'merge_install': False, 'path': '/home/user/ros2_ws/dynamic_ws/src/vi_2p', 'symlink_install': False, 'test_result_base': None}
[0.230s] Level 5:colcon.colcon_core.verb:set package 'w10_force_sim' build argument 'cmake_args' from command line to 'None'
[0.231s] Level 5:colcon.colcon_core.verb:set package 'w10_force_sim' build argument 'cmake_target' from command line to 'None'
[0.231s] Level 5:colcon.colcon_core.verb:set package 'w10_force_sim' build argument 'cmake_target_skip_unavailable' from command line to 'False'
[0.231s] Level 5:colcon.colcon_core.verb:set package 'w10_force_sim' build argument 'cmake_clean_cache' from command line to 'False'
[0.231s] Level 5:colcon.colcon_core.verb:set package 'w10_force_sim' build argument 'cmake_clean_first' from command line to 'False'
[0.231s] Level 5:colcon.colcon_core.verb:set package 'w10_force_sim' build argument 'cmake_force_configure' from command line to 'False'
[0.231s] Level 5:colcon.colcon_core.verb:set package 'w10_force_sim' build argument 'ament_cmake_args' from command line to 'None'
[0.231s] Level 5:colcon.colcon_core.verb:set package 'w10_force_sim' build argument 'catkin_cmake_args' from command line to 'None'
[0.231s] Level 5:colcon.colcon_core.verb:set package 'w10_force_sim' build argument 'catkin_skip_building_tests' from command line to 'False'
[0.231s] DEBUG:colcon.colcon_core.verb:Building package 'w10_force_sim' with the following arguments: {'ament_cmake_args': None, 'build_base': '/home/user/ros2_ws/dynamic_ws/build/w10_force_sim', 'catkin_cmake_args': None, 'catkin_skip_building_tests': False, 'cmake_args': None, 'cmake_clean_cache': False, 'cmake_clean_first': False, 'cmake_force_configure': False, 'cmake_target': None, 'cmake_target_skip_unavailable': False, 'install_base': '/home/user/ros2_ws/dynamic_ws/install/w10_force_sim', 'merge_install': False, 'path': '/home/user/ros2_ws/dynamic_ws/src/w10_force_sim', 'symlink_install': False, 'test_result_base': None}
[0.231s] Level 5:colcon.colcon_core.verb:set package 'w10_sim' build argument 'cmake_args' from command line to 'None'
[0.231s] Level 5:colcon.colcon_core.verb:set package 'w10_sim' build argument 'cmake_target' from command line to 'None'
[0.231s] Level 5:colcon.colcon_core.verb:set package 'w10_sim' build argument 'cmake_target_skip_unavailable' from command line to 'False'
[0.231s] Level 5:colcon.colcon_core.verb:set package 'w10_sim' build argument 'cmake_clean_cache' from command line to 'False'
[0.231s] Level 5:colcon.colcon_core.verb:set package 'w10_sim' build argument 'cmake_clean_first' from command line to 'False'
[0.231s] Level 5:colcon.colcon_core.verb:set package 'w10_sim' build argument 'cmake_force_configure' from command line to 'False'
[0.231s] Level 5:colcon.colcon_core.verb:set package 'w10_sim' build argument 'ament_cmake_args' from command line to 'None'
[0.231s] Level 5:colcon.colcon_core.verb:set package 'w10_sim' build argument 'catkin_cmake_args' from command line to 'None'
[0.231s] Level 5:colcon.colcon_core.verb:set package 'w10_sim' build argument 'catkin_skip_building_tests' from command line to 'False'
[0.231s] DEBUG:colcon.colcon_core.verb:Building package 'w10_sim' with the following arguments: {'ament_cmake_args': None, 'build_base': '/home/user/ros2_ws/dynamic_ws/build/w10_sim', 'catkin_cmake_args': None, 'catkin_skip_building_tests': False, 'cmake_args': None, 'cmake_clean_cache': False, 'cmake_clean_first': False, 'cmake_force_configure': False, 'cmake_target': None, 'cmake_target_skip_unavailable': False, 'install_base': '/home/user/ros2_ws/dynamic_ws/install/w10_sim', 'merge_install': False, 'path': '/home/user/ros2_ws/dynamic_ws/src/w10_sim', 'symlink_install': False, 'test_result_base': None}
[0.231s] Level 5:colcon.colcon_core.verb:set package 'w10_kinematics' build argument 'cmake_args' from command line to 'None'
[0.231s] Level 5:colcon.colcon_core.verb:set package 'w10_kinematics' build argument 'cmake_target' from command line to 'None'
[0.231s] Level 5:colcon.colcon_core.verb:set package 'w10_kinematics' build argument 'cmake_target_skip_unavailable' from command line to 'False'
[0.231s] Level 5:colcon.colcon_core.verb:set package 'w10_kinematics' build argument 'cmake_clean_cache' from command line to 'False'
[0.231s] Level 5:colcon.colcon_core.verb:set package 'w10_kinematics' build argument 'cmake_clean_first' from command line to 'False'
[0.231s] Level 5:colcon.colcon_core.verb:set package 'w10_kinematics' build argument 'cmake_force_configure' from command line to 'False'
[0.231s] Level 5:colcon.colcon_core.verb:set package 'w10_kinematics' build argument 'ament_cmake_args' from command line to 'None'
[0.231s] Level 5:colcon.colcon_core.verb:set package 'w10_kinematics' build argument 'catkin_cmake_args' from command line to 'None'
[0.231s] Level 5:colcon.colcon_core.verb:set package 'w10_kinematics' build argument 'catkin_skip_building_tests' from command line to 'False'
[0.231s] DEBUG:colcon.colcon_core.verb:Building package 'w10_kinematics' with the following arguments: {'ament_cmake_args': None, 'build_base': '/home/user/ros2_ws/dynamic_ws/build/w10_kinematics', 'catkin_cmake_args': None, 'catkin_skip_building_tests': False, 'cmake_args': None, 'cmake_clean_cache': False, 'cmake_clean_first': False, 'cmake_force_configure': False, 'cmake_target': None, 'cmake_target_skip_unavailable': False, 'install_base': '/home/user/ros2_ws/dynamic_ws/install/w10_kinematics', 'merge_install': False, 'path': '/home/user/ros2_ws/dynamic_ws/src/w10_kinematics', 'symlink_install': False, 'test_result_base': None}
[0.231s] Level 5:colcon.colcon_core.verb:set package 'w10_moveit_kinematics' build argument 'cmake_args' from command line to 'None'
[0.231s] Level 5:colcon.colcon_core.verb:set package 'w10_moveit_kinematics' build argument 'cmake_target' from command line to 'None'
[0.231s] Level 5:colcon.colcon_core.verb:set package 'w10_moveit_kinematics' build argument 'cmake_target_skip_unavailable' from command line to 'False'
[0.231s] Level 5:colcon.colcon_core.verb:set package 'w10_moveit_kinematics' build argument 'cmake_clean_cache' from command line to 'False'
[0.231s] Level 5:colcon.colcon_core.verb:set package 'w10_moveit_kinematics' build argument 'cmake_clean_first' from command line to 'False'
[0.231s] Level 5:colcon.colcon_core.verb:set package 'w10_moveit_kinematics' build argument 'cmake_force_configure' from command line to 'False'
[0.231s] Level 5:colcon.colcon_core.verb:set package 'w10_moveit_kinematics' build argument 'ament_cmake_args' from command line to 'None'
[0.231s] Level 5:colcon.colcon_core.verb:set package 'w10_moveit_kinematics' build argument 'catkin_cmake_args' from command line to 'None'
[0.231s] Level 5:colcon.colcon_core.verb:set package 'w10_moveit_kinematics' build argument 'catkin_skip_building_tests' from command line to 'False'
[0.231s] DEBUG:colcon.colcon_core.verb:Building package 'w10_moveit_kinematics' with the following arguments: {'ament_cmake_args': None, 'build_base': '/home/user/ros2_ws/dynamic_ws/build/w10_moveit_kinematics', 'catkin_cmake_args': None, 'catkin_skip_building_tests': False, 'cmake_args': None, 'cmake_clean_cache': False, 'cmake_clean_first': False, 'cmake_force_configure': False, 'cmake_target': None, 'cmake_target_skip_unavailable': False, 'install_base': '/home/user/ros2_ws/dynamic_ws/install/w10_moveit_kinematics', 'merge_install': False, 'path': '/home/user/ros2_ws/dynamic_ws/src/w10_moveit_kinematics', 'symlink_install': False, 'test_result_base': None}
[0.231s] INFO:colcon.colcon_core.executor:Executing jobs using 'parallel' executor
[0.232s] DEBUG:colcon.colcon_parallel_executor.executor.parallel:run_until_complete
[0.232s] INFO:colcon.colcon_ros.task.ament_cmake.build:Building ROS package in '/home/user/ros2_ws/dynamic_ws/src/w10_sim' with build type 'ament_cmake'
[0.232s] INFO:colcon.colcon_cmake.task.cmake.build:Building CMake package in '/home/user/ros2_ws/dynamic_ws/src/w10_sim'
[0.233s] INFO:colcon.colcon_core.plugin_system:Skipping extension 'colcon_core.shell.bat': Not used on non-Windows systems
[0.234s] INFO:colcon.colcon_core.shell:Skip shell extension 'powershell' for command environment: Not usable outside of PowerShell
[0.234s] DEBUG:colcon.colcon_core.shell:Skip shell extension 'dsv' for command environment
[0.236s] INFO:colcon.colcon_ros.task.ament_cmake.build:Building ROS package in '/home/user/ros2_ws/dynamic_ws/src/marvin_sim' with build type 'ament_cmake'
[0.236s] INFO:colcon.colcon_cmake.task.cmake.build:Building CMake package in '/home/user/ros2_ws/dynamic_ws/src/marvin_sim'
[0.236s] INFO:colcon.colcon_core.shell:Skip shell extension 'powershell' for command environment: Not usable outside of PowerShell
[0.236s] DEBUG:colcon.colcon_core.shell:Skip shell extension 'dsv' for command environment
[0.239s] INFO:colcon.colcon_ros.task.ament_cmake.build:Building ROS package in '/home/user/ros2_ws/dynamic_ws/src/show_urdf' with build type 'ament_cmake'
[0.239s] INFO:colcon.colcon_cmake.task.cmake.build:Building CMake package in '/home/user/ros2_ws/dynamic_ws/src/show_urdf'
[0.239s] INFO:colcon.colcon_core.shell:Skip shell extension 'powershell' for command environment: Not usable outside of PowerShell
[0.239s] DEBUG:colcon.colcon_core.shell:Skip shell extension 'dsv' for command environment
[0.241s] INFO:colcon.colcon_ros.task.ament_cmake.build:Building ROS package in '/home/user/ros2_ws/dynamic_ws/src/vi' with build type 'ament_cmake'
[0.241s] INFO:colcon.colcon_cmake.task.cmake.build:Building CMake package in '/home/user/ros2_ws/dynamic_ws/src/vi'
[0.242s] INFO:colcon.colcon_core.shell:Skip shell extension 'powershell' for command environment: Not usable outside of PowerShell
[0.242s] DEBUG:colcon.colcon_core.shell:Skip shell extension 'dsv' for command environment
[0.245s] INFO:colcon.colcon_ros.task.ament_cmake.build:Building ROS package in '/home/user/ros2_ws/dynamic_ws/src/vi_2p' with build type 'ament_cmake'
[0.245s] INFO:colcon.colcon_cmake.task.cmake.build:Building CMake package in '/home/user/ros2_ws/dynamic_ws/src/vi_2p'
[0.245s] INFO:colcon.colcon_core.shell:Skip shell extension 'powershell' for command environment: Not usable outside of PowerShell
[0.245s] DEBUG:colcon.colcon_core.shell:Skip shell extension 'dsv' for command environment
[0.249s] INFO:colcon.colcon_ros.task.ament_cmake.build:Building ROS package in '/home/user/ros2_ws/dynamic_ws/src/w10_force_sim' with build type 'ament_cmake'
[0.249s] INFO:colcon.colcon_cmake.task.cmake.build:Building CMake package in '/home/user/ros2_ws/dynamic_ws/src/w10_force_sim'
[0.249s] INFO:colcon.colcon_core.shell:Skip shell extension 'powershell' for command environment: Not usable outside of PowerShell
[0.249s] DEBUG:colcon.colcon_core.shell:Skip shell extension 'dsv' for command environment
[0.255s] DEBUG:colcon.colcon_core.event_handler.log_command:Invoking command in '/home/user/ros2_ws/dynamic_ws/build/w10_sim': CMAKE_PREFIX_PATH=/opt/openrobots:/home/user/ros2_ws/dynamic_ws/install/w10_moveit_kinematics:/home/user/ros2_ws/dynamic_ws/install/w10_kinematics:/home/user/ros2_ws/dynamic_ws/install/w10_sim:/home/user/ros2_ws/dynamic_ws/install/w10_force_sim:/home/user/ros2_ws/dynamic_ws/install/vi_2p:/home/user/ros2_ws/dynamic_ws/install/vi:/home/user/ros2_ws/dynamic_ws/install/show_urdf:/home/user/ros2_ws/dynamic_ws/install/marvin_sim:/opt/ros/humble:/home/user/ros2_ws/w10_ws/install/w10-urdf:/home/user/ros2_ws/w10_ws/install/urdf_visualization:/opt/openrobots: /usr/bin/cmake --build /home/user/ros2_ws/dynamic_ws/build/w10_sim -- -j32 -l32
[0.256s] DEBUG:colcon.colcon_core.event_handler.log_command:Invoking command in '/home/user/ros2_ws/dynamic_ws/build/marvin_sim': CMAKE_PREFIX_PATH=/opt/openrobots:/home/user/ros2_ws/dynamic_ws/install/w10_moveit_kinematics:/home/user/ros2_ws/dynamic_ws/install/w10_kinematics:/home/user/ros2_ws/dynamic_ws/install/w10_sim:/home/user/ros2_ws/dynamic_ws/install/w10_force_sim:/home/user/ros2_ws/dynamic_ws/install/vi_2p:/home/user/ros2_ws/dynamic_ws/install/vi:/home/user/ros2_ws/dynamic_ws/install/show_urdf:/home/user/ros2_ws/dynamic_ws/install/marvin_sim:/opt/ros/humble:/home/user/ros2_ws/w10_ws/install/w10-urdf:/home/user/ros2_ws/w10_ws/install/urdf_visualization:/opt/openrobots: /usr/bin/cmake --build /home/user/ros2_ws/dynamic_ws/build/marvin_sim -- -j32 -l32
[0.258s] DEBUG:colcon.colcon_core.event_handler.log_command:Invoking command in '/home/user/ros2_ws/dynamic_ws/build/show_urdf': CMAKE_PREFIX_PATH=/opt/openrobots:/home/user/ros2_ws/dynamic_ws/install/w10_moveit_kinematics:/home/user/ros2_ws/dynamic_ws/install/w10_kinematics:/home/user/ros2_ws/dynamic_ws/install/w10_sim:/home/user/ros2_ws/dynamic_ws/install/w10_force_sim:/home/user/ros2_ws/dynamic_ws/install/vi_2p:/home/user/ros2_ws/dynamic_ws/install/vi:/home/user/ros2_ws/dynamic_ws/install/show_urdf:/home/user/ros2_ws/dynamic_ws/install/marvin_sim:/opt/ros/humble:/home/user/ros2_ws/w10_ws/install/w10-urdf:/home/user/ros2_ws/w10_ws/install/urdf_visualization:/opt/openrobots: /usr/bin/cmake --build /home/user/ros2_ws/dynamic_ws/build/show_urdf -- -j32 -l32
[0.259s] DEBUG:colcon.colcon_core.event_handler.log_command:Invoking command in '/home/user/ros2_ws/dynamic_ws/build/vi': CMAKE_PREFIX_PATH=/opt/openrobots:/home/user/ros2_ws/dynamic_ws/install/w10_moveit_kinematics:/home/user/ros2_ws/dynamic_ws/install/w10_kinematics:/home/user/ros2_ws/dynamic_ws/install/w10_sim:/home/user/ros2_ws/dynamic_ws/install/w10_force_sim:/home/user/ros2_ws/dynamic_ws/install/vi_2p:/home/user/ros2_ws/dynamic_ws/install/vi:/home/user/ros2_ws/dynamic_ws/install/show_urdf:/home/user/ros2_ws/dynamic_ws/install/marvin_sim:/opt/ros/humble:/home/user/ros2_ws/w10_ws/install/w10-urdf:/home/user/ros2_ws/w10_ws/install/urdf_visualization:/opt/openrobots: /usr/bin/cmake --build /home/user/ros2_ws/dynamic_ws/build/vi -- -j32 -l32
[0.262s] DEBUG:colcon.colcon_core.event_handler.log_command:Invoking command in '/home/user/ros2_ws/dynamic_ws/build/vi_2p': CMAKE_PREFIX_PATH=/opt/openrobots:/home/user/ros2_ws/dynamic_ws/install/w10_moveit_kinematics:/home/user/ros2_ws/dynamic_ws/install/w10_kinematics:/home/user/ros2_ws/dynamic_ws/install/w10_sim:/home/user/ros2_ws/dynamic_ws/install/w10_force_sim:/home/user/ros2_ws/dynamic_ws/install/vi_2p:/home/user/ros2_ws/dynamic_ws/install/vi:/home/user/ros2_ws/dynamic_ws/install/show_urdf:/home/user/ros2_ws/dynamic_ws/install/marvin_sim:/opt/ros/humble:/home/user/ros2_ws/w10_ws/install/w10-urdf:/home/user/ros2_ws/w10_ws/install/urdf_visualization:/opt/openrobots: /usr/bin/cmake --build /home/user/ros2_ws/dynamic_ws/build/vi_2p -- -j32 -l32
[0.265s] DEBUG:colcon.colcon_core.event_handler.log_command:Invoking command in '/home/user/ros2_ws/dynamic_ws/build/w10_force_sim': CMAKE_PREFIX_PATH=/opt/openrobots:/home/user/ros2_ws/dynamic_ws/install/w10_moveit_kinematics:/home/user/ros2_ws/dynamic_ws/install/w10_kinematics:/home/user/ros2_ws/dynamic_ws/install/w10_sim:/home/user/ros2_ws/dynamic_ws/install/w10_force_sim:/home/user/ros2_ws/dynamic_ws/install/vi_2p:/home/user/ros2_ws/dynamic_ws/install/vi:/home/user/ros2_ws/dynamic_ws/install/show_urdf:/home/user/ros2_ws/dynamic_ws/install/marvin_sim:/opt/ros/humble:/home/user/ros2_ws/w10_ws/install/w10-urdf:/home/user/ros2_ws/w10_ws/install/urdf_visualization:/opt/openrobots: /usr/bin/cmake --build /home/user/ros2_ws/dynamic_ws/build/w10_force_sim -- -j32 -l32
[0.279s] DEBUG:colcon.colcon_core.event_handler.log_command:Invoked command in '/home/user/ros2_ws/dynamic_ws/build/show_urdf' returned '0': CMAKE_PREFIX_PATH=/opt/openrobots:/home/user/ros2_ws/dynamic_ws/install/w10_moveit_kinematics:/home/user/ros2_ws/dynamic_ws/install/w10_kinematics:/home/user/ros2_ws/dynamic_ws/install/w10_sim:/home/user/ros2_ws/dynamic_ws/install/w10_force_sim:/home/user/ros2_ws/dynamic_ws/install/vi_2p:/home/user/ros2_ws/dynamic_ws/install/vi:/home/user/ros2_ws/dynamic_ws/install/show_urdf:/home/user/ros2_ws/dynamic_ws/install/marvin_sim:/opt/ros/humble:/home/user/ros2_ws/w10_ws/install/w10-urdf:/home/user/ros2_ws/w10_ws/install/urdf_visualization:/opt/openrobots: /usr/bin/cmake --build /home/user/ros2_ws/dynamic_ws/build/show_urdf -- -j32 -l32
[0.287s] DEBUG:colcon.colcon_core.event_handler.log_command:Invoking command in '/home/user/ros2_ws/dynamic_ws/build/show_urdf': CMAKE_PREFIX_PATH=/opt/openrobots:/home/user/ros2_ws/dynamic_ws/install/w10_moveit_kinematics:/home/user/ros2_ws/dynamic_ws/install/w10_kinematics:/home/user/ros2_ws/dynamic_ws/install/w10_sim:/home/user/ros2_ws/dynamic_ws/install/w10_force_sim:/home/user/ros2_ws/dynamic_ws/install/vi_2p:/home/user/ros2_ws/dynamic_ws/install/vi:/home/user/ros2_ws/dynamic_ws/install/show_urdf:/home/user/ros2_ws/dynamic_ws/install/marvin_sim:/opt/ros/humble:/home/user/ros2_ws/w10_ws/install/w10-urdf:/home/user/ros2_ws/w10_ws/install/urdf_visualization:/opt/openrobots: /usr/bin/cmake --install /home/user/ros2_ws/dynamic_ws/build/show_urdf
[0.294s] Level 1:colcon.colcon_core.environment:create_environment_scripts_only(show_urdf)
[0.295s] DEBUG:colcon.colcon_core.event_handler.log_command:Invoked command in '/home/user/ros2_ws/dynamic_ws/build/show_urdf' returned '0': CMAKE_PREFIX_PATH=/opt/openrobots:/home/user/ros2_ws/dynamic_ws/install/w10_moveit_kinematics:/home/user/ros2_ws/dynamic_ws/install/w10_kinematics:/home/user/ros2_ws/dynamic_ws/install/w10_sim:/home/user/ros2_ws/dynamic_ws/install/w10_force_sim:/home/user/ros2_ws/dynamic_ws/install/vi_2p:/home/user/ros2_ws/dynamic_ws/install/vi:/home/user/ros2_ws/dynamic_ws/install/show_urdf:/home/user/ros2_ws/dynamic_ws/install/marvin_sim:/opt/ros/humble:/home/user/ros2_ws/w10_ws/install/w10-urdf:/home/user/ros2_ws/w10_ws/install/urdf_visualization:/opt/openrobots: /usr/bin/cmake --install /home/user/ros2_ws/dynamic_ws/build/show_urdf
[0.297s] Level 1:colcon.colcon_core.environment:checking '/home/user/ros2_ws/dynamic_ws/install/show_urdf' for CMake module files
[0.297s] Level 1:colcon.colcon_core.environment:checking '/home/user/ros2_ws/dynamic_ws/install/show_urdf' for CMake config files
[0.297s] Level 1:colcon.colcon_core.shell:create_environment_hook('show_urdf', 'cmake_prefix_path')
[0.297s] INFO:colcon.colcon_core.shell:Creating environment hook '/home/user/ros2_ws/dynamic_ws/install/show_urdf/share/show_urdf/hook/cmake_prefix_path.ps1'
[0.298s] INFO:colcon.colcon_core.shell:Creating environment descriptor '/home/user/ros2_ws/dynamic_ws/install/show_urdf/share/show_urdf/hook/cmake_prefix_path.dsv'
[0.298s] INFO:colcon.colcon_core.shell:Creating environment hook '/home/user/ros2_ws/dynamic_ws/install/show_urdf/share/show_urdf/hook/cmake_prefix_path.sh'
[0.299s] Level 1:colcon.colcon_core.environment:checking '/home/user/ros2_ws/dynamic_ws/install/show_urdf/bin'
[0.299s] Level 1:colcon.colcon_core.environment:checking '/home/user/ros2_ws/dynamic_ws/install/show_urdf/lib/pkgconfig/show_urdf.pc'
[0.299s] Level 1:colcon.colcon_core.environment:checking '/home/user/ros2_ws/dynamic_ws/install/show_urdf/lib/python3.10/site-packages'
[0.299s] Level 1:colcon.colcon_core.environment:checking '/home/user/ros2_ws/dynamic_ws/install/show_urdf/bin'
[0.299s] INFO:colcon.colcon_core.shell:Creating package script '/home/user/ros2_ws/dynamic_ws/install/show_urdf/share/show_urdf/package.ps1'
[0.300s] INFO:colcon.colcon_core.shell:Creating package descriptor '/home/user/ros2_ws/dynamic_ws/install/show_urdf/share/show_urdf/package.dsv'
[0.301s] INFO:colcon.colcon_core.shell:Creating package script '/home/user/ros2_ws/dynamic_ws/install/show_urdf/share/show_urdf/package.sh'
[0.302s] INFO:colcon.colcon_core.shell:Creating package script '/home/user/ros2_ws/dynamic_ws/install/show_urdf/share/show_urdf/package.bash'
[0.303s] INFO:colcon.colcon_core.shell:Creating package script '/home/user/ros2_ws/dynamic_ws/install/show_urdf/share/show_urdf/package.zsh'
[0.304s] Level 1:colcon.colcon_core.environment:create_file_with_runtime_dependencies(/home/user/ros2_ws/dynamic_ws/install/show_urdf/share/colcon-core/packages/show_urdf)
[0.304s] Level 1:colcon.colcon_core.environment:create_environment_scripts_only(show_urdf)
[0.304s] Level 1:colcon.colcon_core.environment:checking '/home/user/ros2_ws/dynamic_ws/install/show_urdf' for CMake module files
[0.305s] Level 1:colcon.colcon_core.environment:checking '/home/user/ros2_ws/dynamic_ws/install/show_urdf' for CMake config files
[0.306s] Level 1:colcon.colcon_core.shell:create_environment_hook('show_urdf', 'cmake_prefix_path')
[0.306s] INFO:colcon.colcon_core.shell:Creating environment hook '/home/user/ros2_ws/dynamic_ws/install/show_urdf/share/show_urdf/hook/cmake_prefix_path.ps1'
[0.307s] INFO:colcon.colcon_core.shell:Creating environment descriptor '/home/user/ros2_ws/dynamic_ws/install/show_urdf/share/show_urdf/hook/cmake_prefix_path.dsv'
[0.307s] INFO:colcon.colcon_core.shell:Creating environment hook '/home/user/ros2_ws/dynamic_ws/install/show_urdf/share/show_urdf/hook/cmake_prefix_path.sh'
[0.308s] Level 1:colcon.colcon_core.environment:checking '/home/user/ros2_ws/dynamic_ws/install/show_urdf/bin'
[0.308s] Level 1:colcon.colcon_core.environment:checking '/home/user/ros2_ws/dynamic_ws/install/show_urdf/lib/pkgconfig/show_urdf.pc'
[0.308s] Level 1:colcon.colcon_core.environment:checking '/home/user/ros2_ws/dynamic_ws/install/show_urdf/lib/python3.10/site-packages'
[0.308s] Level 1:colcon.colcon_core.environment:checking '/home/user/ros2_ws/dynamic_ws/install/show_urdf/bin'
[0.309s] INFO:colcon.colcon_core.shell:Creating package script '/home/user/ros2_ws/dynamic_ws/install/show_urdf/share/show_urdf/package.ps1'
[0.309s] INFO:colcon.colcon_core.shell:Creating package descriptor '/home/user/ros2_ws/dynamic_ws/install/show_urdf/share/show_urdf/package.dsv'
[0.310s] INFO:colcon.colcon_core.shell:Creating package script '/home/user/ros2_ws/dynamic_ws/install/show_urdf/share/show_urdf/package.sh'
[0.310s] INFO:colcon.colcon_core.shell:Creating package script '/home/user/ros2_ws/dynamic_ws/install/show_urdf/share/show_urdf/package.bash'
[0.310s] INFO:colcon.colcon_core.shell:Creating package script '/home/user/ros2_ws/dynamic_ws/install/show_urdf/share/show_urdf/package.zsh'
[0.311s] Level 1:colcon.colcon_core.environment:create_file_with_runtime_dependencies(/home/user/ros2_ws/dynamic_ws/install/show_urdf/share/colcon-core/packages/show_urdf)
[0.312s] DEBUG:colcon.colcon_core.event_handler.log_command:Invoked command in '/home/user/ros2_ws/dynamic_ws/build/vi' returned '0': CMAKE_PREFIX_PATH=/opt/openrobots:/home/user/ros2_ws/dynamic_ws/install/w10_moveit_kinematics:/home/user/ros2_ws/dynamic_ws/install/w10_kinematics:/home/user/ros2_ws/dynamic_ws/install/w10_sim:/home/user/ros2_ws/dynamic_ws/install/w10_force_sim:/home/user/ros2_ws/dynamic_ws/install/vi_2p:/home/user/ros2_ws/dynamic_ws/install/vi:/home/user/ros2_ws/dynamic_ws/install/show_urdf:/home/user/ros2_ws/dynamic_ws/install/marvin_sim:/opt/ros/humble:/home/user/ros2_ws/w10_ws/install/w10-urdf:/home/user/ros2_ws/w10_ws/install/urdf_visualization:/opt/openrobots: /usr/bin/cmake --build /home/user/ros2_ws/dynamic_ws/build/vi -- -j32 -l32
[0.313s] DEBUG:colcon.colcon_core.event_handler.log_command:Invoking command in '/home/user/ros2_ws/dynamic_ws/build/vi': CMAKE_PREFIX_PATH=/opt/openrobots:/home/user/ros2_ws/dynamic_ws/install/w10_moveit_kinematics:/home/user/ros2_ws/dynamic_ws/install/w10_kinematics:/home/user/ros2_ws/dynamic_ws/install/w10_sim:/home/user/ros2_ws/dynamic_ws/install/w10_force_sim:/home/user/ros2_ws/dynamic_ws/install/vi_2p:/home/user/ros2_ws/dynamic_ws/install/vi:/home/user/ros2_ws/dynamic_ws/install/show_urdf:/home/user/ros2_ws/dynamic_ws/install/marvin_sim:/opt/ros/humble:/home/user/ros2_ws/w10_ws/install/w10-urdf:/home/user/ros2_ws/w10_ws/install/urdf_visualization:/opt/openrobots: /usr/bin/cmake --install /home/user/ros2_ws/dynamic_ws/build/vi
[0.315s] DEBUG:colcon.colcon_core.event_handler.log_command:Invoked command in '/home/user/ros2_ws/dynamic_ws/build/marvin_sim' returned '0': CMAKE_PREFIX_PATH=/opt/openrobots:/home/user/ros2_ws/dynamic_ws/install/w10_moveit_kinematics:/home/user/ros2_ws/dynamic_ws/install/w10_kinematics:/home/user/ros2_ws/dynamic_ws/install/w10_sim:/home/user/ros2_ws/dynamic_ws/install/w10_force_sim:/home/user/ros2_ws/dynamic_ws/install/vi_2p:/home/user/ros2_ws/dynamic_ws/install/vi:/home/user/ros2_ws/dynamic_ws/install/show_urdf:/home/user/ros2_ws/dynamic_ws/install/marvin_sim:/opt/ros/humble:/home/user/ros2_ws/w10_ws/install/w10-urdf:/home/user/ros2_ws/w10_ws/install/urdf_visualization:/opt/openrobots: /usr/bin/cmake --build /home/user/ros2_ws/dynamic_ws/build/marvin_sim -- -j32 -l32
[0.316s] DEBUG:colcon.colcon_core.event_handler.log_command:Invoking command in '/home/user/ros2_ws/dynamic_ws/build/marvin_sim': CMAKE_PREFIX_PATH=/opt/openrobots:/home/user/ros2_ws/dynamic_ws/install/w10_moveit_kinematics:/home/user/ros2_ws/dynamic_ws/install/w10_kinematics:/home/user/ros2_ws/dynamic_ws/install/w10_sim:/home/user/ros2_ws/dynamic_ws/install/w10_force_sim:/home/user/ros2_ws/dynamic_ws/install/vi_2p:/home/user/ros2_ws/dynamic_ws/install/vi:/home/user/ros2_ws/dynamic_ws/install/show_urdf:/home/user/ros2_ws/dynamic_ws/install/marvin_sim:/opt/ros/humble:/home/user/ros2_ws/w10_ws/install/w10-urdf:/home/user/ros2_ws/w10_ws/install/urdf_visualization:/opt/openrobots: /usr/bin/cmake --install /home/user/ros2_ws/dynamic_ws/build/marvin_sim
[0.316s] DEBUG:colcon.colcon_core.event_handler.log_command:Invoked command in '/home/user/ros2_ws/dynamic_ws/build/w10_sim' returned '0': CMAKE_PREFIX_PATH=/opt/openrobots:/home/user/ros2_ws/dynamic_ws/install/w10_moveit_kinematics:/home/user/ros2_ws/dynamic_ws/install/w10_kinematics:/home/user/ros2_ws/dynamic_ws/install/w10_sim:/home/user/ros2_ws/dynamic_ws/install/w10_force_sim:/home/user/ros2_ws/dynamic_ws/install/vi_2p:/home/user/ros2_ws/dynamic_ws/install/vi:/home/user/ros2_ws/dynamic_ws/install/show_urdf:/home/user/ros2_ws/dynamic_ws/install/marvin_sim:/opt/ros/humble:/home/user/ros2_ws/w10_ws/install/w10-urdf:/home/user/ros2_ws/w10_ws/install/urdf_visualization:/opt/openrobots: /usr/bin/cmake --build /home/user/ros2_ws/dynamic_ws/build/w10_sim -- -j32 -l32
[0.318s] DEBUG:colcon.colcon_core.event_handler.log_command:Invoking command in '/home/user/ros2_ws/dynamic_ws/build/w10_sim': CMAKE_PREFIX_PATH=/opt/openrobots:/home/user/ros2_ws/dynamic_ws/install/w10_moveit_kinematics:/home/user/ros2_ws/dynamic_ws/install/w10_kinematics:/home/user/ros2_ws/dynamic_ws/install/w10_sim:/home/user/ros2_ws/dynamic_ws/install/w10_force_sim:/home/user/ros2_ws/dynamic_ws/install/vi_2p:/home/user/ros2_ws/dynamic_ws/install/vi:/home/user/ros2_ws/dynamic_ws/install/show_urdf:/home/user/ros2_ws/dynamic_ws/install/marvin_sim:/opt/ros/humble:/home/user/ros2_ws/w10_ws/install/w10-urdf:/home/user/ros2_ws/w10_ws/install/urdf_visualization:/opt/openrobots: /usr/bin/cmake --install /home/user/ros2_ws/dynamic_ws/build/w10_sim
[0.320s] Level 1:colcon.colcon_core.environment:create_environment_scripts_only(vi)
[0.320s] Level 1:colcon.colcon_core.environment:checking '/home/user/ros2_ws/dynamic_ws/install/vi' for CMake module files
[0.321s] DEBUG:colcon.colcon_core.event_handler.log_command:Invoked command in '/home/user/ros2_ws/dynamic_ws/build/vi_2p' returned '0': CMAKE_PREFIX_PATH=/opt/openrobots:/home/user/ros2_ws/dynamic_ws/install/w10_moveit_kinematics:/home/user/ros2_ws/dynamic_ws/install/w10_kinematics:/home/user/ros2_ws/dynamic_ws/install/w10_sim:/home/user/ros2_ws/dynamic_ws/install/w10_force_sim:/home/user/ros2_ws/dynamic_ws/install/vi_2p:/home/user/ros2_ws/dynamic_ws/install/vi:/home/user/ros2_ws/dynamic_ws/install/show_urdf:/home/user/ros2_ws/dynamic_ws/install/marvin_sim:/opt/ros/humble:/home/user/ros2_ws/w10_ws/install/w10-urdf:/home/user/ros2_ws/w10_ws/install/urdf_visualization:/opt/openrobots: /usr/bin/cmake --build /home/user/ros2_ws/dynamic_ws/build/vi_2p -- -j32 -l32
[0.322s] DEBUG:colcon.colcon_core.event_handler.log_command:Invoking command in '/home/user/ros2_ws/dynamic_ws/build/vi_2p': CMAKE_PREFIX_PATH=/opt/openrobots:/home/user/ros2_ws/dynamic_ws/install/w10_moveit_kinematics:/home/user/ros2_ws/dynamic_ws/install/w10_kinematics:/home/user/ros2_ws/dynamic_ws/install/w10_sim:/home/user/ros2_ws/dynamic_ws/install/w10_force_sim:/home/user/ros2_ws/dynamic_ws/install/vi_2p:/home/user/ros2_ws/dynamic_ws/install/vi:/home/user/ros2_ws/dynamic_ws/install/show_urdf:/home/user/ros2_ws/dynamic_ws/install/marvin_sim:/opt/ros/humble:/home/user/ros2_ws/w10_ws/install/w10-urdf:/home/user/ros2_ws/w10_ws/install/urdf_visualization:/opt/openrobots: /usr/bin/cmake --install /home/user/ros2_ws/dynamic_ws/build/vi_2p
[0.322s] Level 1:colcon.colcon_core.environment:checking '/home/user/ros2_ws/dynamic_ws/install/vi' for CMake config files
[0.323s] Level 1:colcon.colcon_core.shell:create_environment_hook('vi', 'cmake_prefix_path')
[0.323s] INFO:colcon.colcon_core.shell:Creating environment hook '/home/user/ros2_ws/dynamic_ws/install/vi/share/vi/hook/cmake_prefix_path.ps1'
[0.324s] INFO:colcon.colcon_core.shell:Creating environment descriptor '/home/user/ros2_ws/dynamic_ws/install/vi/share/vi/hook/cmake_prefix_path.dsv'
[0.325s] INFO:colcon.colcon_core.shell:Creating environment hook '/home/user/ros2_ws/dynamic_ws/install/vi/share/vi/hook/cmake_prefix_path.sh'
[0.325s] Level 1:colcon.colcon_core.environment:checking '/home/user/ros2_ws/dynamic_ws/install/vi/lib'
[0.326s] Level 1:colcon.colcon_core.environment:checking '/home/user/ros2_ws/dynamic_ws/install/vi/bin'
[0.326s] Level 1:colcon.colcon_core.environment:checking '/home/user/ros2_ws/dynamic_ws/install/vi/lib/pkgconfig/vi.pc'
[0.326s] Level 1:colcon.colcon_core.environment:checking '/home/user/ros2_ws/dynamic_ws/install/vi/lib/python3.10/site-packages'
[0.326s] Level 1:colcon.colcon_core.environment:checking '/home/user/ros2_ws/dynamic_ws/install/vi/bin'
[0.326s] INFO:colcon.colcon_core.shell:Creating package script '/home/user/ros2_ws/dynamic_ws/install/vi/share/vi/package.ps1'
[0.327s] INFO:colcon.colcon_core.shell:Creating package descriptor '/home/user/ros2_ws/dynamic_ws/install/vi/share/vi/package.dsv'
[0.327s] DEBUG:colcon.colcon_core.event_handler.log_command:Invoked command in '/home/user/ros2_ws/dynamic_ws/build/vi' returned '0': CMAKE_PREFIX_PATH=/opt/openrobots:/home/user/ros2_ws/dynamic_ws/install/w10_moveit_kinematics:/home/user/ros2_ws/dynamic_ws/install/w10_kinematics:/home/user/ros2_ws/dynamic_ws/install/w10_sim:/home/user/ros2_ws/dynamic_ws/install/w10_force_sim:/home/user/ros2_ws/dynamic_ws/install/vi_2p:/home/user/ros2_ws/dynamic_ws/install/vi:/home/user/ros2_ws/dynamic_ws/install/show_urdf:/home/user/ros2_ws/dynamic_ws/install/marvin_sim:/opt/ros/humble:/home/user/ros2_ws/w10_ws/install/w10-urdf:/home/user/ros2_ws/w10_ws/install/urdf_visualization:/opt/openrobots: /usr/bin/cmake --install /home/user/ros2_ws/dynamic_ws/build/vi
[0.327s] INFO:colcon.colcon_core.shell:Creating package script '/home/user/ros2_ws/dynamic_ws/install/vi/share/vi/package.sh'
[0.327s] INFO:colcon.colcon_core.shell:Creating package script '/home/user/ros2_ws/dynamic_ws/install/vi/share/vi/package.bash'
[0.328s] INFO:colcon.colcon_core.shell:Creating package script '/home/user/ros2_ws/dynamic_ws/install/vi/share/vi/package.zsh'
[0.328s] Level 1:colcon.colcon_core.environment:create_file_with_runtime_dependencies(/home/user/ros2_ws/dynamic_ws/install/vi/share/colcon-core/packages/vi)
[0.329s] Level 1:colcon.colcon_core.environment:create_environment_scripts_only(vi)
[0.329s] Level 1:colcon.colcon_core.environment:checking '/home/user/ros2_ws/dynamic_ws/install/vi' for CMake module files
[0.330s] Level 1:colcon.colcon_core.environment:checking '/home/user/ros2_ws/dynamic_ws/install/vi' for CMake config files
[0.330s] Level 1:colcon.colcon_core.shell:create_environment_hook('vi', 'cmake_prefix_path')
[0.330s] INFO:colcon.colcon_core.shell:Creating environment hook '/home/user/ros2_ws/dynamic_ws/install/vi/share/vi/hook/cmake_prefix_path.ps1'
[0.330s] INFO:colcon.colcon_core.shell:Creating environment descriptor '/home/user/ros2_ws/dynamic_ws/install/vi/share/vi/hook/cmake_prefix_path.dsv'
[0.331s] INFO:colcon.colcon_core.shell:Creating environment hook '/home/user/ros2_ws/dynamic_ws/install/vi/share/vi/hook/cmake_prefix_path.sh'
[0.331s] Level 1:colcon.colcon_core.environment:checking '/home/user/ros2_ws/dynamic_ws/install/vi/lib'
[0.331s] Level 1:colcon.colcon_core.environment:checking '/home/user/ros2_ws/dynamic_ws/install/vi/bin'
[0.331s] Level 1:colcon.colcon_core.environment:checking '/home/user/ros2_ws/dynamic_ws/install/vi/lib/pkgconfig/vi.pc'
[0.331s] Level 1:colcon.colcon_core.environment:checking '/home/user/ros2_ws/dynamic_ws/install/vi/lib/python3.10/site-packages'
[0.332s] Level 1:colcon.colcon_core.environment:checking '/home/user/ros2_ws/dynamic_ws/install/vi/bin'
[0.332s] INFO:colcon.colcon_core.shell:Creating package script '/home/user/ros2_ws/dynamic_ws/install/vi/share/vi/package.ps1'
[0.332s] INFO:colcon.colcon_core.shell:Creating package descriptor '/home/user/ros2_ws/dynamic_ws/install/vi/share/vi/package.dsv'
[0.333s] INFO:colcon.colcon_core.shell:Creating package script '/home/user/ros2_ws/dynamic_ws/install/vi/share/vi/package.sh'
[0.333s] INFO:colcon.colcon_core.shell:Creating package script '/home/user/ros2_ws/dynamic_ws/install/vi/share/vi/package.bash'
[0.333s] INFO:colcon.colcon_core.shell:Creating package script '/home/user/ros2_ws/dynamic_ws/install/vi/share/vi/package.zsh'
[0.333s] Level 1:colcon.colcon_core.environment:create_file_with_runtime_dependencies(/home/user/ros2_ws/dynamic_ws/install/vi/share/colcon-core/packages/vi)
[0.334s] Level 1:colcon.colcon_core.environment:create_environment_scripts_only(marvin_sim)
[0.334s] Level 1:colcon.colcon_core.environment:checking '/home/user/ros2_ws/dynamic_ws/install/marvin_sim' for CMake module files
[0.335s] Level 1:colcon.colcon_core.environment:checking '/home/user/ros2_ws/dynamic_ws/install/marvin_sim' for CMake config files
[0.336s] Level 1:colcon.colcon_core.shell:create_environment_hook('marvin_sim', 'cmake_prefix_path')
[0.336s] INFO:colcon.colcon_core.shell:Creating environment hook '/home/user/ros2_ws/dynamic_ws/install/marvin_sim/share/marvin_sim/hook/cmake_prefix_path.ps1'
[0.337s] INFO:colcon.colcon_core.shell:Creating environment descriptor '/home/user/ros2_ws/dynamic_ws/install/marvin_sim/share/marvin_sim/hook/cmake_prefix_path.dsv'
[0.337s] INFO:colcon.colcon_core.shell:Creating environment hook '/home/user/ros2_ws/dynamic_ws/install/marvin_sim/share/marvin_sim/hook/cmake_prefix_path.sh'
[0.337s] DEBUG:colcon.colcon_core.event_handler.log_command:Invoked command in '/home/user/ros2_ws/dynamic_ws/build/marvin_sim' returned '0': CMAKE_PREFIX_PATH=/opt/openrobots:/home/user/ros2_ws/dynamic_ws/install/w10_moveit_kinematics:/home/user/ros2_ws/dynamic_ws/install/w10_kinematics:/home/user/ros2_ws/dynamic_ws/install/w10_sim:/home/user/ros2_ws/dynamic_ws/install/w10_force_sim:/home/user/ros2_ws/dynamic_ws/install/vi_2p:/home/user/ros2_ws/dynamic_ws/install/vi:/home/user/ros2_ws/dynamic_ws/install/show_urdf:/home/user/ros2_ws/dynamic_ws/install/marvin_sim:/opt/ros/humble:/home/user/ros2_ws/w10_ws/install/w10-urdf:/home/user/ros2_ws/w10_ws/install/urdf_visualization:/opt/openrobots: /usr/bin/cmake --install /home/user/ros2_ws/dynamic_ws/build/marvin_sim
[0.337s] Level 1:colcon.colcon_core.environment:checking '/home/user/ros2_ws/dynamic_ws/install/marvin_sim/lib'
[0.337s] Level 1:colcon.colcon_core.environment:checking '/home/user/ros2_ws/dynamic_ws/install/marvin_sim/bin'
[0.338s] Level 1:colcon.colcon_core.environment:checking '/home/user/ros2_ws/dynamic_ws/install/marvin_sim/lib/pkgconfig/marvin_sim.pc'
[0.338s] Level 1:colcon.colcon_core.environment:checking '/home/user/ros2_ws/dynamic_ws/install/marvin_sim/lib/python3.10/site-packages'
[0.338s] Level 1:colcon.colcon_core.environment:checking '/home/user/ros2_ws/dynamic_ws/install/marvin_sim/bin'
[0.338s] INFO:colcon.colcon_core.shell:Creating package script '/home/user/ros2_ws/dynamic_ws/install/marvin_sim/share/marvin_sim/package.ps1'
[0.338s] INFO:colcon.colcon_core.shell:Creating package descriptor '/home/user/ros2_ws/dynamic_ws/install/marvin_sim/share/marvin_sim/package.dsv'
[0.338s] INFO:colcon.colcon_core.shell:Creating package script '/home/user/ros2_ws/dynamic_ws/install/marvin_sim/share/marvin_sim/package.sh'
[0.339s] INFO:colcon.colcon_core.shell:Creating package script '/home/user/ros2_ws/dynamic_ws/install/marvin_sim/share/marvin_sim/package.bash'
[0.339s] INFO:colcon.colcon_core.shell:Creating package script '/home/user/ros2_ws/dynamic_ws/install/marvin_sim/share/marvin_sim/package.zsh'
[0.339s] Level 1:colcon.colcon_core.environment:create_file_with_runtime_dependencies(/home/user/ros2_ws/dynamic_ws/install/marvin_sim/share/colcon-core/packages/marvin_sim)
[0.339s] Level 1:colcon.colcon_core.environment:create_environment_scripts_only(marvin_sim)
[0.339s] Level 1:colcon.colcon_core.environment:checking '/home/user/ros2_ws/dynamic_ws/install/marvin_sim' for CMake module files
[0.340s] Level 1:colcon.colcon_core.environment:checking '/home/user/ros2_ws/dynamic_ws/install/marvin_sim' for CMake config files
[0.340s] Level 1:colcon.colcon_core.shell:create_environment_hook('marvin_sim', 'cmake_prefix_path')
[0.340s] INFO:colcon.colcon_core.shell:Creating environment hook '/home/user/ros2_ws/dynamic_ws/install/marvin_sim/share/marvin_sim/hook/cmake_prefix_path.ps1'
[0.340s] INFO:colcon.colcon_core.shell:Creating environment descriptor '/home/user/ros2_ws/dynamic_ws/install/marvin_sim/share/marvin_sim/hook/cmake_prefix_path.dsv'
[0.340s] INFO:colcon.colcon_core.shell:Creating environment hook '/home/user/ros2_ws/dynamic_ws/install/marvin_sim/share/marvin_sim/hook/cmake_prefix_path.sh'
[0.340s] Level 1:colcon.colcon_core.environment:checking '/home/user/ros2_ws/dynamic_ws/install/marvin_sim/lib'
[0.341s] Level 1:colcon.colcon_core.environment:checking '/home/user/ros2_ws/dynamic_ws/install/marvin_sim/bin'
[0.341s] Level 1:colcon.colcon_core.environment:checking '/home/user/ros2_ws/dynamic_ws/install/marvin_sim/lib/pkgconfig/marvin_sim.pc'
[0.341s] Level 1:colcon.colcon_core.environment:checking '/home/user/ros2_ws/dynamic_ws/install/marvin_sim/lib/python3.10/site-packages'
[0.341s] Level 1:colcon.colcon_core.environment:checking '/home/user/ros2_ws/dynamic_ws/install/marvin_sim/bin'
[0.341s] INFO:colcon.colcon_core.shell:Creating package script '/home/user/ros2_ws/dynamic_ws/install/marvin_sim/share/marvin_sim/package.ps1'
[0.341s] INFO:colcon.colcon_core.shell:Creating package descriptor '/home/user/ros2_ws/dynamic_ws/install/marvin_sim/share/marvin_sim/package.dsv'
[0.341s] INFO:colcon.colcon_core.shell:Creating package script '/home/user/ros2_ws/dynamic_ws/install/marvin_sim/share/marvin_sim/package.sh'
[0.342s] INFO:colcon.colcon_core.shell:Creating package script '/home/user/ros2_ws/dynamic_ws/install/marvin_sim/share/marvin_sim/package.bash'
[0.342s] INFO:colcon.colcon_core.shell:Creating package script '/home/user/ros2_ws/dynamic_ws/install/marvin_sim/share/marvin_sim/package.zsh'
[0.342s] Level 1:colcon.colcon_core.environment:create_file_with_runtime_dependencies(/home/user/ros2_ws/dynamic_ws/install/marvin_sim/share/colcon-core/packages/marvin_sim)
[0.343s] DEBUG:colcon.colcon_core.event_handler.log_command:Invoked command in '/home/user/ros2_ws/dynamic_ws/build/w10_force_sim' returned '0': CMAKE_PREFIX_PATH=/opt/openrobots:/home/user/ros2_ws/dynamic_ws/install/w10_moveit_kinematics:/home/user/ros2_ws/dynamic_ws/install/w10_kinematics:/home/user/ros2_ws/dynamic_ws/install/w10_sim:/home/user/ros2_ws/dynamic_ws/install/w10_force_sim:/home/user/ros2_ws/dynamic_ws/install/vi_2p:/home/user/ros2_ws/dynamic_ws/install/vi:/home/user/ros2_ws/dynamic_ws/install/show_urdf:/home/user/ros2_ws/dynamic_ws/install/marvin_sim:/opt/ros/humble:/home/user/ros2_ws/w10_ws/install/w10-urdf:/home/user/ros2_ws/w10_ws/install/urdf_visualization:/opt/openrobots: /usr/bin/cmake --build /home/user/ros2_ws/dynamic_ws/build/w10_force_sim -- -j32 -l32
[0.343s] Level 1:colcon.colcon_core.environment:create_environment_scripts_only(vi_2p)
[0.343s] DEBUG:colcon.colcon_core.event_handler.log_command:Invoking command in '/home/user/ros2_ws/dynamic_ws/build/w10_force_sim': CMAKE_PREFIX_PATH=/opt/openrobots:/home/user/ros2_ws/dynamic_ws/install/w10_moveit_kinematics:/home/user/ros2_ws/dynamic_ws/install/w10_kinematics:/home/user/ros2_ws/dynamic_ws/install/w10_sim:/home/user/ros2_ws/dynamic_ws/install/w10_force_sim:/home/user/ros2_ws/dynamic_ws/install/vi_2p:/home/user/ros2_ws/dynamic_ws/install/vi:/home/user/ros2_ws/dynamic_ws/install/show_urdf:/home/user/ros2_ws/dynamic_ws/install/marvin_sim:/opt/ros/humble:/home/user/ros2_ws/w10_ws/install/w10-urdf:/home/user/ros2_ws/w10_ws/install/urdf_visualization:/opt/openrobots: /usr/bin/cmake --install /home/user/ros2_ws/dynamic_ws/build/w10_force_sim
[0.344s] Level 1:colcon.colcon_core.environment:checking '/home/user/ros2_ws/dynamic_ws/install/vi_2p' for CMake module files
[0.344s] DEBUG:colcon.colcon_core.event_handler.log_command:Invoked command in '/home/user/ros2_ws/dynamic_ws/build/vi_2p' returned '0': CMAKE_PREFIX_PATH=/opt/openrobots:/home/user/ros2_ws/dynamic_ws/install/w10_moveit_kinematics:/home/user/ros2_ws/dynamic_ws/install/w10_kinematics:/home/user/ros2_ws/dynamic_ws/install/w10_sim:/home/user/ros2_ws/dynamic_ws/install/w10_force_sim:/home/user/ros2_ws/dynamic_ws/install/vi_2p:/home/user/ros2_ws/dynamic_ws/install/vi:/home/user/ros2_ws/dynamic_ws/install/show_urdf:/home/user/ros2_ws/dynamic_ws/install/marvin_sim:/opt/ros/humble:/home/user/ros2_ws/w10_ws/install/w10-urdf:/home/user/ros2_ws/w10_ws/install/urdf_visualization:/opt/openrobots: /usr/bin/cmake --install /home/user/ros2_ws/dynamic_ws/build/vi_2p
[0.344s] Level 1:colcon.colcon_core.environment:checking '/home/user/ros2_ws/dynamic_ws/install/vi_2p' for CMake config files
[0.344s] Level 1:colcon.colcon_core.shell:create_environment_hook('vi_2p', 'cmake_prefix_path')
[0.344s] INFO:colcon.colcon_core.shell:Creating environment hook '/home/user/ros2_ws/dynamic_ws/install/vi_2p/share/vi_2p/hook/cmake_prefix_path.ps1'
[0.344s] INFO:colcon.colcon_core.shell:Creating environment descriptor '/home/user/ros2_ws/dynamic_ws/install/vi_2p/share/vi_2p/hook/cmake_prefix_path.dsv'
[0.345s] INFO:colcon.colcon_core.shell:Creating environment hook '/home/user/ros2_ws/dynamic_ws/install/vi_2p/share/vi_2p/hook/cmake_prefix_path.sh'
[0.345s] Level 1:colcon.colcon_core.environment:checking '/home/user/ros2_ws/dynamic_ws/install/vi_2p/lib'
[0.345s] Level 1:colcon.colcon_core.environment:checking '/home/user/ros2_ws/dynamic_ws/install/vi_2p/bin'
[0.345s] Level 1:colcon.colcon_core.environment:checking '/home/user/ros2_ws/dynamic_ws/install/vi_2p/lib/pkgconfig/vi_2p.pc'
[0.345s] Level 1:colcon.colcon_core.environment:checking '/home/user/ros2_ws/dynamic_ws/install/vi_2p/lib/python3.10/site-packages'
[0.345s] Level 1:colcon.colcon_core.environment:checking '/home/user/ros2_ws/dynamic_ws/install/vi_2p/bin'
[0.345s] INFO:colcon.colcon_core.shell:Creating package script '/home/user/ros2_ws/dynamic_ws/install/vi_2p/share/vi_2p/package.ps1'
[0.345s] INFO:colcon.colcon_core.shell:Creating package descriptor '/home/user/ros2_ws/dynamic_ws/install/vi_2p/share/vi_2p/package.dsv'
[0.346s] INFO:colcon.colcon_core.shell:Creating package script '/home/user/ros2_ws/dynamic_ws/install/vi_2p/share/vi_2p/package.sh'
[0.346s] INFO:colcon.colcon_core.shell:Creating package script '/home/user/ros2_ws/dynamic_ws/install/vi_2p/share/vi_2p/package.bash'
[0.346s] INFO:colcon.colcon_core.shell:Creating package script '/home/user/ros2_ws/dynamic_ws/install/vi_2p/share/vi_2p/package.zsh'
[0.346s] Level 1:colcon.colcon_core.environment:create_file_with_runtime_dependencies(/home/user/ros2_ws/dynamic_ws/install/vi_2p/share/colcon-core/packages/vi_2p)
[0.346s] Level 1:colcon.colcon_core.environment:create_environment_scripts_only(vi_2p)
[0.346s] Level 1:colcon.colcon_core.environment:checking '/home/user/ros2_ws/dynamic_ws/install/vi_2p' for CMake module files
[0.347s] Level 1:colcon.colcon_core.environment:checking '/home/user/ros2_ws/dynamic_ws/install/vi_2p' for CMake config files
[0.347s] Level 1:colcon.colcon_core.shell:create_environment_hook('vi_2p', 'cmake_prefix_path')
[0.347s] INFO:colcon.colcon_core.shell:Creating environment hook '/home/user/ros2_ws/dynamic_ws/install/vi_2p/share/vi_2p/hook/cmake_prefix_path.ps1'
[0.347s] INFO:colcon.colcon_core.shell:Creating environment descriptor '/home/user/ros2_ws/dynamic_ws/install/vi_2p/share/vi_2p/hook/cmake_prefix_path.dsv'
[0.347s] INFO:colcon.colcon_core.shell:Creating environment hook '/home/user/ros2_ws/dynamic_ws/install/vi_2p/share/vi_2p/hook/cmake_prefix_path.sh'
[0.348s] Level 1:colcon.colcon_core.environment:checking '/home/user/ros2_ws/dynamic_ws/install/vi_2p/lib'
[0.348s] Level 1:colcon.colcon_core.environment:checking '/home/user/ros2_ws/dynamic_ws/install/vi_2p/bin'
[0.348s] Level 1:colcon.colcon_core.environment:checking '/home/user/ros2_ws/dynamic_ws/install/vi_2p/lib/pkgconfig/vi_2p.pc'
[0.348s] Level 1:colcon.colcon_core.environment:checking '/home/user/ros2_ws/dynamic_ws/install/vi_2p/lib/python3.10/site-packages'
[0.348s] Level 1:colcon.colcon_core.environment:checking '/home/user/ros2_ws/dynamic_ws/install/vi_2p/bin'
[0.348s] INFO:colcon.colcon_core.shell:Creating package script '/home/user/ros2_ws/dynamic_ws/install/vi_2p/share/vi_2p/package.ps1'
[0.348s] INFO:colcon.colcon_core.shell:Creating package descriptor '/home/user/ros2_ws/dynamic_ws/install/vi_2p/share/vi_2p/package.dsv'
[0.349s] INFO:colcon.colcon_core.shell:Creating package script '/home/user/ros2_ws/dynamic_ws/install/vi_2p/share/vi_2p/package.sh'
[0.349s] INFO:colcon.colcon_core.shell:Creating package script '/home/user/ros2_ws/dynamic_ws/install/vi_2p/share/vi_2p/package.bash'
[0.349s] INFO:colcon.colcon_core.shell:Creating package script '/home/user/ros2_ws/dynamic_ws/install/vi_2p/share/vi_2p/package.zsh'
[0.349s] Level 1:colcon.colcon_core.environment:create_file_with_runtime_dependencies(/home/user/ros2_ws/dynamic_ws/install/vi_2p/share/colcon-core/packages/vi_2p)
[0.350s] Level 1:colcon.colcon_core.environment:create_environment_scripts_only(w10_sim)
[0.350s] Level 1:colcon.colcon_core.environment:checking '/home/user/ros2_ws/dynamic_ws/install/w10_sim' for CMake module files
[0.351s] Level 1:colcon.colcon_core.environment:checking '/home/user/ros2_ws/dynamic_ws/install/w10_sim' for CMake config files
[0.351s] DEBUG:colcon.colcon_core.event_handler.log_command:Invoked command in '/home/user/ros2_ws/dynamic_ws/build/w10_sim' returned '0': CMAKE_PREFIX_PATH=/opt/openrobots:/home/user/ros2_ws/dynamic_ws/install/w10_moveit_kinematics:/home/user/ros2_ws/dynamic_ws/install/w10_kinematics:/home/user/ros2_ws/dynamic_ws/install/w10_sim:/home/user/ros2_ws/dynamic_ws/install/w10_force_sim:/home/user/ros2_ws/dynamic_ws/install/vi_2p:/home/user/ros2_ws/dynamic_ws/install/vi:/home/user/ros2_ws/dynamic_ws/install/show_urdf:/home/user/ros2_ws/dynamic_ws/install/marvin_sim:/opt/ros/humble:/home/user/ros2_ws/w10_ws/install/w10-urdf:/home/user/ros2_ws/w10_ws/install/urdf_visualization:/opt/openrobots: /usr/bin/cmake --install /home/user/ros2_ws/dynamic_ws/build/w10_sim
[0.352s] Level 1:colcon.colcon_core.shell:create_environment_hook('w10_sim', 'cmake_prefix_path')
[0.352s] INFO:colcon.colcon_core.shell:Creating environment hook '/home/user/ros2_ws/dynamic_ws/install/w10_sim/share/w10_sim/hook/cmake_prefix_path.ps1'
[0.352s] INFO:colcon.colcon_core.shell:Creating environment descriptor '/home/user/ros2_ws/dynamic_ws/install/w10_sim/share/w10_sim/hook/cmake_prefix_path.dsv'
[0.353s] INFO:colcon.colcon_core.shell:Creating environment hook '/home/user/ros2_ws/dynamic_ws/install/w10_sim/share/w10_sim/hook/cmake_prefix_path.sh'
[0.353s] Level 1:colcon.colcon_core.environment:checking '/home/user/ros2_ws/dynamic_ws/install/w10_sim/lib'
[0.353s] Level 1:colcon.colcon_core.environment:checking '/home/user/ros2_ws/dynamic_ws/install/w10_sim/bin'
[0.353s] Level 1:colcon.colcon_core.environment:checking '/home/user/ros2_ws/dynamic_ws/install/w10_sim/lib/pkgconfig/w10_sim.pc'
[0.354s] Level 1:colcon.colcon_core.environment:checking '/home/user/ros2_ws/dynamic_ws/install/w10_sim/lib/python3.10/site-packages'
[0.354s] Level 1:colcon.colcon_core.environment:checking '/home/user/ros2_ws/dynamic_ws/install/w10_sim/bin'
[0.354s] INFO:colcon.colcon_core.shell:Creating package script '/home/user/ros2_ws/dynamic_ws/install/w10_sim/share/w10_sim/package.ps1'
[0.354s] INFO:colcon.colcon_core.shell:Creating package descriptor '/home/user/ros2_ws/dynamic_ws/install/w10_sim/share/w10_sim/package.dsv'
[0.354s] INFO:colcon.colcon_core.shell:Creating package script '/home/user/ros2_ws/dynamic_ws/install/w10_sim/share/w10_sim/package.sh'
[0.355s] INFO:colcon.colcon_core.shell:Creating package script '/home/user/ros2_ws/dynamic_ws/install/w10_sim/share/w10_sim/package.bash'
[0.355s] INFO:colcon.colcon_core.shell:Creating package script '/home/user/ros2_ws/dynamic_ws/install/w10_sim/share/w10_sim/package.zsh'
[0.355s] Level 1:colcon.colcon_core.environment:create_file_with_runtime_dependencies(/home/user/ros2_ws/dynamic_ws/install/w10_sim/share/colcon-core/packages/w10_sim)
[0.355s] Level 1:colcon.colcon_core.environment:create_environment_scripts_only(w10_sim)
[0.356s] Level 1:colcon.colcon_core.environment:checking '/home/user/ros2_ws/dynamic_ws/install/w10_sim' for CMake module files
[0.356s] Level 1:colcon.colcon_core.environment:checking '/home/user/ros2_ws/dynamic_ws/install/w10_sim' for CMake config files
[0.356s] Level 1:colcon.colcon_core.shell:create_environment_hook('w10_sim', 'cmake_prefix_path')
[0.356s] INFO:colcon.colcon_core.shell:Creating environment hook '/home/user/ros2_ws/dynamic_ws/install/w10_sim/share/w10_sim/hook/cmake_prefix_path.ps1'
[0.356s] INFO:colcon.colcon_core.shell:Creating environment descriptor '/home/user/ros2_ws/dynamic_ws/install/w10_sim/share/w10_sim/hook/cmake_prefix_path.dsv'
[0.356s] INFO:colcon.colcon_core.shell:Creating environment hook '/home/user/ros2_ws/dynamic_ws/install/w10_sim/share/w10_sim/hook/cmake_prefix_path.sh'
[0.357s] Level 1:colcon.colcon_core.environment:checking '/home/user/ros2_ws/dynamic_ws/install/w10_sim/lib'
[0.357s] Level 1:colcon.colcon_core.environment:checking '/home/user/ros2_ws/dynamic_ws/install/w10_sim/bin'
[0.357s] Level 1:colcon.colcon_core.environment:checking '/home/user/ros2_ws/dynamic_ws/install/w10_sim/lib/pkgconfig/w10_sim.pc'
[0.357s] Level 1:colcon.colcon_core.environment:checking '/home/user/ros2_ws/dynamic_ws/install/w10_sim/lib/python3.10/site-packages'
[0.357s] Level 1:colcon.colcon_core.environment:checking '/home/user/ros2_ws/dynamic_ws/install/w10_sim/bin'
[0.357s] INFO:colcon.colcon_core.shell:Creating package script '/home/user/ros2_ws/dynamic_ws/install/w10_sim/share/w10_sim/package.ps1'
[0.357s] INFO:colcon.colcon_core.shell:Creating package descriptor '/home/user/ros2_ws/dynamic_ws/install/w10_sim/share/w10_sim/package.dsv'
[0.358s] INFO:colcon.colcon_core.shell:Creating package script '/home/user/ros2_ws/dynamic_ws/install/w10_sim/share/w10_sim/package.sh'
[0.358s] INFO:colcon.colcon_core.shell:Creating package script '/home/user/ros2_ws/dynamic_ws/install/w10_sim/share/w10_sim/package.bash'
[0.358s] INFO:colcon.colcon_core.shell:Creating package script '/home/user/ros2_ws/dynamic_ws/install/w10_sim/share/w10_sim/package.zsh'
[0.358s] Level 1:colcon.colcon_core.environment:create_file_with_runtime_dependencies(/home/user/ros2_ws/dynamic_ws/install/w10_sim/share/colcon-core/packages/w10_sim)
[0.358s] INFO:colcon.colcon_ros.task.ament_cmake.build:Building ROS package in '/home/user/ros2_ws/dynamic_ws/src/w10_kinematics' with build type 'ament_cmake'
[0.359s] INFO:colcon.colcon_cmake.task.cmake.build:Building CMake package in '/home/user/ros2_ws/dynamic_ws/src/w10_kinematics'
[0.359s] INFO:colcon.colcon_core.shell:Skip shell extension 'powershell' for command environment: Not usable outside of PowerShell
[0.359s] DEBUG:colcon.colcon_core.shell:Skip shell extension 'dsv' for command environment
[0.361s] INFO:colcon.colcon_ros.task.ament_cmake.build:Building ROS package in '/home/user/ros2_ws/dynamic_ws/src/w10_moveit_kinematics' with build type 'ament_cmake'
[0.361s] INFO:colcon.colcon_cmake.task.cmake.build:Building CMake package in '/home/user/ros2_ws/dynamic_ws/src/w10_moveit_kinematics'
[0.361s] INFO:colcon.colcon_core.shell:Skip shell extension 'powershell' for command environment: Not usable outside of PowerShell
[0.361s] DEBUG:colcon.colcon_core.shell:Skip shell extension 'dsv' for command environment
[0.364s] Level 1:colcon.colcon_core.environment:create_environment_scripts_only(w10_force_sim)
[0.364s] Level 1:colcon.colcon_core.environment:checking '/home/user/ros2_ws/dynamic_ws/install/w10_force_sim' for CMake module files
[0.365s] DEBUG:colcon.colcon_core.event_handler.log_command:Invoked command in '/home/user/ros2_ws/dynamic_ws/build/w10_force_sim' returned '0': CMAKE_PREFIX_PATH=/opt/openrobots:/home/user/ros2_ws/dynamic_ws/install/w10_moveit_kinematics:/home/user/ros2_ws/dynamic_ws/install/w10_kinematics:/home/user/ros2_ws/dynamic_ws/install/w10_sim:/home/user/ros2_ws/dynamic_ws/install/w10_force_sim:/home/user/ros2_ws/dynamic_ws/install/vi_2p:/home/user/ros2_ws/dynamic_ws/install/vi:/home/user/ros2_ws/dynamic_ws/install/show_urdf:/home/user/ros2_ws/dynamic_ws/install/marvin_sim:/opt/ros/humble:/home/user/ros2_ws/w10_ws/install/w10-urdf:/home/user/ros2_ws/w10_ws/install/urdf_visualization:/opt/openrobots: /usr/bin/cmake --install /home/user/ros2_ws/dynamic_ws/build/w10_force_sim
[0.365s] Level 1:colcon.colcon_core.environment:checking '/home/user/ros2_ws/dynamic_ws/install/w10_force_sim' for CMake config files
[0.365s] Level 1:colcon.colcon_core.shell:create_environment_hook('w10_force_sim', 'cmake_prefix_path')
[0.365s] INFO:colcon.colcon_core.shell:Creating environment hook '/home/user/ros2_ws/dynamic_ws/install/w10_force_sim/share/w10_force_sim/hook/cmake_prefix_path.ps1'
[0.366s] INFO:colcon.colcon_core.shell:Creating environment descriptor '/home/user/ros2_ws/dynamic_ws/install/w10_force_sim/share/w10_force_sim/hook/cmake_prefix_path.dsv'
[0.366s] INFO:colcon.colcon_core.shell:Creating environment hook '/home/user/ros2_ws/dynamic_ws/install/w10_force_sim/share/w10_force_sim/hook/cmake_prefix_path.sh'
[0.366s] Level 1:colcon.colcon_core.environment:checking '/home/user/ros2_ws/dynamic_ws/install/w10_force_sim/lib'
[0.366s] Level 1:colcon.colcon_core.environment:checking '/home/user/ros2_ws/dynamic_ws/install/w10_force_sim/bin'
[0.366s] Level 1:colcon.colcon_core.environment:checking '/home/user/ros2_ws/dynamic_ws/install/w10_force_sim/lib/pkgconfig/w10_force_sim.pc'
[0.366s] Level 1:colcon.colcon_core.environment:checking '/home/user/ros2_ws/dynamic_ws/install/w10_force_sim/lib/python3.10/site-packages'
[0.366s] Level 1:colcon.colcon_core.environment:checking '/home/user/ros2_ws/dynamic_ws/install/w10_force_sim/bin'
[0.366s] INFO:colcon.colcon_core.shell:Creating package script '/home/user/ros2_ws/dynamic_ws/install/w10_force_sim/share/w10_force_sim/package.ps1'
[0.367s] INFO:colcon.colcon_core.shell:Creating package descriptor '/home/user/ros2_ws/dynamic_ws/install/w10_force_sim/share/w10_force_sim/package.dsv'
[0.367s] INFO:colcon.colcon_core.shell:Creating package script '/home/user/ros2_ws/dynamic_ws/install/w10_force_sim/share/w10_force_sim/package.sh'
[0.367s] INFO:colcon.colcon_core.shell:Creating package script '/home/user/ros2_ws/dynamic_ws/install/w10_force_sim/share/w10_force_sim/package.bash'
[0.367s] INFO:colcon.colcon_core.shell:Creating package script '/home/user/ros2_ws/dynamic_ws/install/w10_force_sim/share/w10_force_sim/package.zsh'
[0.367s] Level 1:colcon.colcon_core.environment:create_file_with_runtime_dependencies(/home/user/ros2_ws/dynamic_ws/install/w10_force_sim/share/colcon-core/packages/w10_force_sim)
[0.368s] Level 1:colcon.colcon_core.environment:create_environment_scripts_only(w10_force_sim)
[0.368s] Level 1:colcon.colcon_core.environment:checking '/home/user/ros2_ws/dynamic_ws/install/w10_force_sim' for CMake module files
[0.368s] Level 1:colcon.colcon_core.environment:checking '/home/user/ros2_ws/dynamic_ws/install/w10_force_sim' for CMake config files
[0.368s] Level 1:colcon.colcon_core.shell:create_environment_hook('w10_force_sim', 'cmake_prefix_path')
[0.368s] INFO:colcon.colcon_core.shell:Creating environment hook '/home/user/ros2_ws/dynamic_ws/install/w10_force_sim/share/w10_force_sim/hook/cmake_prefix_path.ps1'
[0.368s] INFO:colcon.colcon_core.shell:Creating environment descriptor '/home/user/ros2_ws/dynamic_ws/install/w10_force_sim/share/w10_force_sim/hook/cmake_prefix_path.dsv'
[0.369s] INFO:colcon.colcon_core.shell:Creating environment hook '/home/user/ros2_ws/dynamic_ws/install/w10_force_sim/share/w10_force_sim/hook/cmake_prefix_path.sh'
[0.369s] Level 1:colcon.colcon_core.environment:checking '/home/user/ros2_ws/dynamic_ws/install/w10_force_sim/lib'
[0.369s] Level 1:colcon.colcon_core.environment:checking '/home/user/ros2_ws/dynamic_ws/install/w10_force_sim/bin'
[0.369s] Level 1:colcon.colcon_core.environment:checking '/home/user/ros2_ws/dynamic_ws/install/w10_force_sim/lib/pkgconfig/w10_force_sim.pc'
[0.369s] Level 1:colcon.colcon_core.environment:checking '/home/user/ros2_ws/dynamic_ws/install/w10_force_sim/lib/python3.10/site-packages'
[0.369s] Level 1:colcon.colcon_core.environment:checking '/home/user/ros2_ws/dynamic_ws/install/w10_force_sim/bin'
[0.369s] INFO:colcon.colcon_core.shell:Creating package script '/home/user/ros2_ws/dynamic_ws/install/w10_force_sim/share/w10_force_sim/package.ps1'
[0.369s] INFO:colcon.colcon_core.shell:Creating package descriptor '/home/user/ros2_ws/dynamic_ws/install/w10_force_sim/share/w10_force_sim/package.dsv'
[0.370s] INFO:colcon.colcon_core.shell:Creating package script '/home/user/ros2_ws/dynamic_ws/install/w10_force_sim/share/w10_force_sim/package.sh'
[0.370s] INFO:colcon.colcon_core.shell:Creating package script '/home/user/ros2_ws/dynamic_ws/install/w10_force_sim/share/w10_force_sim/package.bash'
[0.370s] INFO:colcon.colcon_core.shell:Creating package script '/home/user/ros2_ws/dynamic_ws/install/w10_force_sim/share/w10_force_sim/package.zsh'
[0.370s] Level 1:colcon.colcon_core.environment:create_file_with_runtime_dependencies(/home/user/ros2_ws/dynamic_ws/install/w10_force_sim/share/colcon-core/packages/w10_force_sim)
[0.373s] DEBUG:colcon.colcon_core.event_handler.log_command:Invoking command in '/home/user/ros2_ws/dynamic_ws/build/w10_kinematics': CMAKE_PREFIX_PATH=/home/user/ros2_ws/dynamic_ws/install/w10_sim:/opt/openrobots:/home/user/ros2_ws/dynamic_ws/install/w10_moveit_kinematics:/home/user/ros2_ws/dynamic_ws/install/w10_kinematics:/home/user/ros2_ws/dynamic_ws/install/w10_force_sim:/home/user/ros2_ws/dynamic_ws/install/vi_2p:/home/user/ros2_ws/dynamic_ws/install/vi:/home/user/ros2_ws/dynamic_ws/install/show_urdf:/home/user/ros2_ws/dynamic_ws/install/marvin_sim:/opt/ros/humble:/home/user/ros2_ws/w10_ws/install/w10-urdf:/home/user/ros2_ws/w10_ws/install/urdf_visualization:/opt/openrobots /usr/bin/cmake --build /home/user/ros2_ws/dynamic_ws/build/w10_kinematics -- -j32 -l32
[0.374s] DEBUG:colcon.colcon_core.event_handler.log_command:Invoking command in '/home/user/ros2_ws/dynamic_ws/build/w10_moveit_kinematics': CMAKE_PREFIX_PATH=/home/user/ros2_ws/dynamic_ws/install/w10_sim:/opt/openrobots:/home/user/ros2_ws/dynamic_ws/install/w10_moveit_kinematics:/home/user/ros2_ws/dynamic_ws/install/w10_kinematics:/home/user/ros2_ws/dynamic_ws/install/w10_force_sim:/home/user/ros2_ws/dynamic_ws/install/vi_2p:/home/user/ros2_ws/dynamic_ws/install/vi:/home/user/ros2_ws/dynamic_ws/install/show_urdf:/home/user/ros2_ws/dynamic_ws/install/marvin_sim:/opt/ros/humble:/home/user/ros2_ws/w10_ws/install/w10-urdf:/home/user/ros2_ws/w10_ws/install/urdf_visualization:/opt/openrobots /usr/bin/cmake --build /home/user/ros2_ws/dynamic_ws/build/w10_moveit_kinematics -- -j32 -l32
[0.451s] DEBUG:colcon.colcon_core.event_handler.log_command:Invoked command in '/home/user/ros2_ws/dynamic_ws/build/w10_kinematics' returned '0': CMAKE_PREFIX_PATH=/home/user/ros2_ws/dynamic_ws/install/w10_sim:/opt/openrobots:/home/user/ros2_ws/dynamic_ws/install/w10_moveit_kinematics:/home/user/ros2_ws/dynamic_ws/install/w10_kinematics:/home/user/ros2_ws/dynamic_ws/install/w10_force_sim:/home/user/ros2_ws/dynamic_ws/install/vi_2p:/home/user/ros2_ws/dynamic_ws/install/vi:/home/user/ros2_ws/dynamic_ws/install/show_urdf:/home/user/ros2_ws/dynamic_ws/install/marvin_sim:/opt/ros/humble:/home/user/ros2_ws/w10_ws/install/w10-urdf:/home/user/ros2_ws/w10_ws/install/urdf_visualization:/opt/openrobots /usr/bin/cmake --build /home/user/ros2_ws/dynamic_ws/build/w10_kinematics -- -j32 -l32
[0.452s] DEBUG:colcon.colcon_core.event_handler.log_command:Invoking command in '/home/user/ros2_ws/dynamic_ws/build/w10_kinematics': CMAKE_PREFIX_PATH=/home/user/ros2_ws/dynamic_ws/install/w10_sim:/opt/openrobots:/home/user/ros2_ws/dynamic_ws/install/w10_moveit_kinematics:/home/user/ros2_ws/dynamic_ws/install/w10_kinematics:/home/user/ros2_ws/dynamic_ws/install/w10_force_sim:/home/user/ros2_ws/dynamic_ws/install/vi_2p:/home/user/ros2_ws/dynamic_ws/install/vi:/home/user/ros2_ws/dynamic_ws/install/show_urdf:/home/user/ros2_ws/dynamic_ws/install/marvin_sim:/opt/ros/humble:/home/user/ros2_ws/w10_ws/install/w10-urdf:/home/user/ros2_ws/w10_ws/install/urdf_visualization:/opt/openrobots /usr/bin/cmake --install /home/user/ros2_ws/dynamic_ws/build/w10_kinematics
[0.459s] Level 1:colcon.colcon_core.environment:create_environment_scripts_only(w10_kinematics)
[0.460s] Level 1:colcon.colcon_core.environment:checking '/home/user/ros2_ws/dynamic_ws/install/w10_kinematics' for CMake module files
[0.460s] DEBUG:colcon.colcon_core.event_handler.log_command:Invoked command in '/home/user/ros2_ws/dynamic_ws/build/w10_kinematics' returned '0': CMAKE_PREFIX_PATH=/home/user/ros2_ws/dynamic_ws/install/w10_sim:/opt/openrobots:/home/user/ros2_ws/dynamic_ws/install/w10_moveit_kinematics:/home/user/ros2_ws/dynamic_ws/install/w10_kinematics:/home/user/ros2_ws/dynamic_ws/install/w10_force_sim:/home/user/ros2_ws/dynamic_ws/install/vi_2p:/home/user/ros2_ws/dynamic_ws/install/vi:/home/user/ros2_ws/dynamic_ws/install/show_urdf:/home/user/ros2_ws/dynamic_ws/install/marvin_sim:/opt/ros/humble:/home/user/ros2_ws/w10_ws/install/w10-urdf:/home/user/ros2_ws/w10_ws/install/urdf_visualization:/opt/openrobots /usr/bin/cmake --install /home/user/ros2_ws/dynamic_ws/build/w10_kinematics
[0.460s] Level 1:colcon.colcon_core.environment:checking '/home/user/ros2_ws/dynamic_ws/install/w10_kinematics' for CMake config files
[0.460s] Level 1:colcon.colcon_core.shell:create_environment_hook('w10_kinematics', 'cmake_prefix_path')
[0.461s] INFO:colcon.colcon_core.shell:Creating environment hook '/home/user/ros2_ws/dynamic_ws/install/w10_kinematics/share/w10_kinematics/hook/cmake_prefix_path.ps1'
[0.461s] INFO:colcon.colcon_core.shell:Creating environment descriptor '/home/user/ros2_ws/dynamic_ws/install/w10_kinematics/share/w10_kinematics/hook/cmake_prefix_path.dsv'
[0.461s] INFO:colcon.colcon_core.shell:Creating environment hook '/home/user/ros2_ws/dynamic_ws/install/w10_kinematics/share/w10_kinematics/hook/cmake_prefix_path.sh'
[0.462s] Level 1:colcon.colcon_core.environment:checking '/home/user/ros2_ws/dynamic_ws/install/w10_kinematics/lib'
[0.462s] Level 1:colcon.colcon_core.environment:checking '/home/user/ros2_ws/dynamic_ws/install/w10_kinematics/bin'
[0.462s] Level 1:colcon.colcon_core.environment:checking '/home/user/ros2_ws/dynamic_ws/install/w10_kinematics/lib/pkgconfig/w10_kinematics.pc'
[0.462s] Level 1:colcon.colcon_core.environment:checking '/home/user/ros2_ws/dynamic_ws/install/w10_kinematics/lib/python3.10/site-packages'
[0.462s] Level 1:colcon.colcon_core.environment:checking '/home/user/ros2_ws/dynamic_ws/install/w10_kinematics/bin'
[0.463s] INFO:colcon.colcon_core.shell:Creating package script '/home/user/ros2_ws/dynamic_ws/install/w10_kinematics/share/w10_kinematics/package.ps1'
[0.463s] INFO:colcon.colcon_core.shell:Creating package descriptor '/home/user/ros2_ws/dynamic_ws/install/w10_kinematics/share/w10_kinematics/package.dsv'
[0.463s] INFO:colcon.colcon_core.shell:Creating package script '/home/user/ros2_ws/dynamic_ws/install/w10_kinematics/share/w10_kinematics/package.sh'
[0.464s] INFO:colcon.colcon_core.shell:Creating package script '/home/user/ros2_ws/dynamic_ws/install/w10_kinematics/share/w10_kinematics/package.bash'
[0.464s] INFO:colcon.colcon_core.shell:Creating package script '/home/user/ros2_ws/dynamic_ws/install/w10_kinematics/share/w10_kinematics/package.zsh'
[0.464s] Level 1:colcon.colcon_core.environment:create_file_with_runtime_dependencies(/home/user/ros2_ws/dynamic_ws/install/w10_kinematics/share/colcon-core/packages/w10_kinematics)
[0.465s] Level 1:colcon.colcon_core.environment:create_environment_scripts_only(w10_kinematics)
[0.465s] Level 1:colcon.colcon_core.environment:checking '/home/user/ros2_ws/dynamic_ws/install/w10_kinematics' for CMake module files
[0.465s] Level 1:colcon.colcon_core.environment:checking '/home/user/ros2_ws/dynamic_ws/install/w10_kinematics' for CMake config files
[0.465s] Level 1:colcon.colcon_core.shell:create_environment_hook('w10_kinematics', 'cmake_prefix_path')
[0.465s] INFO:colcon.colcon_core.shell:Creating environment hook '/home/user/ros2_ws/dynamic_ws/install/w10_kinematics/share/w10_kinematics/hook/cmake_prefix_path.ps1'
[0.465s] INFO:colcon.colcon_core.shell:Creating environment descriptor '/home/user/ros2_ws/dynamic_ws/install/w10_kinematics/share/w10_kinematics/hook/cmake_prefix_path.dsv'
[0.465s] INFO:colcon.colcon_core.shell:Creating environment hook '/home/user/ros2_ws/dynamic_ws/install/w10_kinematics/share/w10_kinematics/hook/cmake_prefix_path.sh'
[0.466s] Level 1:colcon.colcon_core.environment:checking '/home/user/ros2_ws/dynamic_ws/install/w10_kinematics/lib'
[0.466s] Level 1:colcon.colcon_core.environment:checking '/home/user/ros2_ws/dynamic_ws/install/w10_kinematics/bin'
[0.466s] Level 1:colcon.colcon_core.environment:checking '/home/user/ros2_ws/dynamic_ws/install/w10_kinematics/lib/pkgconfig/w10_kinematics.pc'
[0.466s] Level 1:colcon.colcon_core.environment:checking '/home/user/ros2_ws/dynamic_ws/install/w10_kinematics/lib/python3.10/site-packages'
[0.466s] Level 1:colcon.colcon_core.environment:checking '/home/user/ros2_ws/dynamic_ws/install/w10_kinematics/bin'
[0.466s] INFO:colcon.colcon_core.shell:Creating package script '/home/user/ros2_ws/dynamic_ws/install/w10_kinematics/share/w10_kinematics/package.ps1'
[0.466s] INFO:colcon.colcon_core.shell:Creating package descriptor '/home/user/ros2_ws/dynamic_ws/install/w10_kinematics/share/w10_kinematics/package.dsv'
[0.467s] INFO:colcon.colcon_core.shell:Creating package script '/home/user/ros2_ws/dynamic_ws/install/w10_kinematics/share/w10_kinematics/package.sh'
[0.467s] INFO:colcon.colcon_core.shell:Creating package script '/home/user/ros2_ws/dynamic_ws/install/w10_kinematics/share/w10_kinematics/package.bash'
[0.467s] INFO:colcon.colcon_core.shell:Creating package script '/home/user/ros2_ws/dynamic_ws/install/w10_kinematics/share/w10_kinematics/package.zsh'
[0.467s] Level 1:colcon.colcon_core.environment:create_file_with_runtime_dependencies(/home/user/ros2_ws/dynamic_ws/install/w10_kinematics/share/colcon-core/packages/w10_kinematics)
[0.572s] DEBUG:colcon.colcon_core.event_handler.log_command:Invoked command in '/home/user/ros2_ws/dynamic_ws/build/w10_moveit_kinematics' returned '0': CMAKE_PREFIX_PATH=/home/user/ros2_ws/dynamic_ws/install/w10_sim:/opt/openrobots:/home/user/ros2_ws/dynamic_ws/install/w10_moveit_kinematics:/home/user/ros2_ws/dynamic_ws/install/w10_kinematics:/home/user/ros2_ws/dynamic_ws/install/w10_force_sim:/home/user/ros2_ws/dynamic_ws/install/vi_2p:/home/user/ros2_ws/dynamic_ws/install/vi:/home/user/ros2_ws/dynamic_ws/install/show_urdf:/home/user/ros2_ws/dynamic_ws/install/marvin_sim:/opt/ros/humble:/home/user/ros2_ws/w10_ws/install/w10-urdf:/home/user/ros2_ws/w10_ws/install/urdf_visualization:/opt/openrobots /usr/bin/cmake --build /home/user/ros2_ws/dynamic_ws/build/w10_moveit_kinematics -- -j32 -l32
[0.573s] DEBUG:colcon.colcon_core.event_handler.log_command:Invoking command in '/home/user/ros2_ws/dynamic_ws/build/w10_moveit_kinematics': CMAKE_PREFIX_PATH=/home/user/ros2_ws/dynamic_ws/install/w10_sim:/opt/openrobots:/home/user/ros2_ws/dynamic_ws/install/w10_moveit_kinematics:/home/user/ros2_ws/dynamic_ws/install/w10_kinematics:/home/user/ros2_ws/dynamic_ws/install/w10_force_sim:/home/user/ros2_ws/dynamic_ws/install/vi_2p:/home/user/ros2_ws/dynamic_ws/install/vi:/home/user/ros2_ws/dynamic_ws/install/show_urdf:/home/user/ros2_ws/dynamic_ws/install/marvin_sim:/opt/ros/humble:/home/user/ros2_ws/w10_ws/install/w10-urdf:/home/user/ros2_ws/w10_ws/install/urdf_visualization:/opt/openrobots /usr/bin/cmake --install /home/user/ros2_ws/dynamic_ws/build/w10_moveit_kinematics
[0.616s] Level 1:colcon.colcon_core.environment:create_environment_scripts_only(w10_moveit_kinematics)
[0.616s] Level 1:colcon.colcon_core.environment:checking '/home/user/ros2_ws/dynamic_ws/install/w10_moveit_kinematics' for CMake module files
[0.617s] DEBUG:colcon.colcon_core.event_handler.log_command:Invoked command in '/home/user/ros2_ws/dynamic_ws/build/w10_moveit_kinematics' returned '0': CMAKE_PREFIX_PATH=/home/user/ros2_ws/dynamic_ws/install/w10_sim:/opt/openrobots:/home/user/ros2_ws/dynamic_ws/install/w10_moveit_kinematics:/home/user/ros2_ws/dynamic_ws/install/w10_kinematics:/home/user/ros2_ws/dynamic_ws/install/w10_force_sim:/home/user/ros2_ws/dynamic_ws/install/vi_2p:/home/user/ros2_ws/dynamic_ws/install/vi:/home/user/ros2_ws/dynamic_ws/install/show_urdf:/home/user/ros2_ws/dynamic_ws/install/marvin_sim:/opt/ros/humble:/home/user/ros2_ws/w10_ws/install/w10-urdf:/home/user/ros2_ws/w10_ws/install/urdf_visualization:/opt/openrobots /usr/bin/cmake --install /home/user/ros2_ws/dynamic_ws/build/w10_moveit_kinematics
[0.617s] Level 1:colcon.colcon_core.environment:checking '/home/user/ros2_ws/dynamic_ws/install/w10_moveit_kinematics' for CMake config files
[0.618s] Level 1:colcon.colcon_core.shell:create_environment_hook('w10_moveit_kinematics', 'cmake_prefix_path')
[0.618s] INFO:colcon.colcon_core.shell:Creating environment hook '/home/user/ros2_ws/dynamic_ws/install/w10_moveit_kinematics/share/w10_moveit_kinematics/hook/cmake_prefix_path.ps1'
[0.618s] INFO:colcon.colcon_core.shell:Creating environment descriptor '/home/user/ros2_ws/dynamic_ws/install/w10_moveit_kinematics/share/w10_moveit_kinematics/hook/cmake_prefix_path.dsv'
[0.618s] INFO:colcon.colcon_core.shell:Creating environment hook '/home/user/ros2_ws/dynamic_ws/install/w10_moveit_kinematics/share/w10_moveit_kinematics/hook/cmake_prefix_path.sh'
[0.618s] Level 1:colcon.colcon_core.environment:checking '/home/user/ros2_ws/dynamic_ws/install/w10_moveit_kinematics/lib'
[0.618s] Level 1:colcon.colcon_core.environment:checking '/home/user/ros2_ws/dynamic_ws/install/w10_moveit_kinematics/bin'
[0.618s] Level 1:colcon.colcon_core.environment:checking '/home/user/ros2_ws/dynamic_ws/install/w10_moveit_kinematics/lib/pkgconfig/w10_moveit_kinematics.pc'
[0.619s] Level 1:colcon.colcon_core.environment:checking '/home/user/ros2_ws/dynamic_ws/install/w10_moveit_kinematics/lib/python3.10/site-packages'
[0.619s] Level 1:colcon.colcon_core.environment:checking '/home/user/ros2_ws/dynamic_ws/install/w10_moveit_kinematics/bin'
[0.619s] INFO:colcon.colcon_core.shell:Creating package script '/home/user/ros2_ws/dynamic_ws/install/w10_moveit_kinematics/share/w10_moveit_kinematics/package.ps1'
[0.619s] INFO:colcon.colcon_core.shell:Creating package descriptor '/home/user/ros2_ws/dynamic_ws/install/w10_moveit_kinematics/share/w10_moveit_kinematics/package.dsv'
[0.619s] INFO:colcon.colcon_core.shell:Creating package script '/home/user/ros2_ws/dynamic_ws/install/w10_moveit_kinematics/share/w10_moveit_kinematics/package.sh'
[0.620s] INFO:colcon.colcon_core.shell:Creating package script '/home/user/ros2_ws/dynamic_ws/install/w10_moveit_kinematics/share/w10_moveit_kinematics/package.bash'
[0.620s] INFO:colcon.colcon_core.shell:Creating package script '/home/user/ros2_ws/dynamic_ws/install/w10_moveit_kinematics/share/w10_moveit_kinematics/package.zsh'
[0.620s] Level 1:colcon.colcon_core.environment:create_file_with_runtime_dependencies(/home/user/ros2_ws/dynamic_ws/install/w10_moveit_kinematics/share/colcon-core/packages/w10_moveit_kinematics)
[0.620s] Level 1:colcon.colcon_core.environment:create_environment_scripts_only(w10_moveit_kinematics)
[0.620s] Level 1:colcon.colcon_core.environment:checking '/home/user/ros2_ws/dynamic_ws/install/w10_moveit_kinematics' for CMake module files
[0.620s] Level 1:colcon.colcon_core.environment:checking '/home/user/ros2_ws/dynamic_ws/install/w10_moveit_kinematics' for CMake config files
[0.621s] Level 1:colcon.colcon_core.shell:create_environment_hook('w10_moveit_kinematics', 'cmake_prefix_path')
[0.621s] INFO:colcon.colcon_core.shell:Creating environment hook '/home/user/ros2_ws/dynamic_ws/install/w10_moveit_kinematics/share/w10_moveit_kinematics/hook/cmake_prefix_path.ps1'
[0.621s] INFO:colcon.colcon_core.shell:Creating environment descriptor '/home/user/ros2_ws/dynamic_ws/install/w10_moveit_kinematics/share/w10_moveit_kinematics/hook/cmake_prefix_path.dsv'
[0.621s] INFO:colcon.colcon_core.shell:Creating environment hook '/home/user/ros2_ws/dynamic_ws/install/w10_moveit_kinematics/share/w10_moveit_kinematics/hook/cmake_prefix_path.sh'
[0.621s] Level 1:colcon.colcon_core.environment:checking '/home/user/ros2_ws/dynamic_ws/install/w10_moveit_kinematics/lib'
[0.621s] Level 1:colcon.colcon_core.environment:checking '/home/user/ros2_ws/dynamic_ws/install/w10_moveit_kinematics/bin'
[0.621s] Level 1:colcon.colcon_core.environment:checking '/home/user/ros2_ws/dynamic_ws/install/w10_moveit_kinematics/lib/pkgconfig/w10_moveit_kinematics.pc'
[0.621s] Level 1:colcon.colcon_core.environment:checking '/home/user/ros2_ws/dynamic_ws/install/w10_moveit_kinematics/lib/python3.10/site-packages'
[0.621s] Level 1:colcon.colcon_core.environment:checking '/home/user/ros2_ws/dynamic_ws/install/w10_moveit_kinematics/bin'
[0.622s] INFO:colcon.colcon_core.shell:Creating package script '/home/user/ros2_ws/dynamic_ws/install/w10_moveit_kinematics/share/w10_moveit_kinematics/package.ps1'
[0.622s] INFO:colcon.colcon_core.shell:Creating package descriptor '/home/user/ros2_ws/dynamic_ws/install/w10_moveit_kinematics/share/w10_moveit_kinematics/package.dsv'
[0.622s] INFO:colcon.colcon_core.shell:Creating package script '/home/user/ros2_ws/dynamic_ws/install/w10_moveit_kinematics/share/w10_moveit_kinematics/package.sh'
[0.622s] INFO:colcon.colcon_core.shell:Creating package script '/home/user/ros2_ws/dynamic_ws/install/w10_moveit_kinematics/share/w10_moveit_kinematics/package.bash'
[0.622s] INFO:colcon.colcon_core.shell:Creating package script '/home/user/ros2_ws/dynamic_ws/install/w10_moveit_kinematics/share/w10_moveit_kinematics/package.zsh'
[0.622s] Level 1:colcon.colcon_core.environment:create_file_with_runtime_dependencies(/home/user/ros2_ws/dynamic_ws/install/w10_moveit_kinematics/share/colcon-core/packages/w10_moveit_kinematics)
[0.623s] DEBUG:colcon.colcon_parallel_executor.executor.parallel:closing loop
[0.623s] DEBUG:colcon.colcon_parallel_executor.executor.parallel:loop closed
[0.623s] DEBUG:colcon.colcon_parallel_executor.executor.parallel:run_until_complete finished with '0'
[0.623s] DEBUG:colcon.colcon_core.event_reactor:joining thread
[0.626s] INFO:colcon.colcon_core.plugin_system:Skipping extension 'colcon_notification.desktop_notification.terminal_notifier': Not used on non-Darwin systems
[0.626s] INFO:colcon.colcon_core.plugin_system:Skipping extension 'colcon_notification.desktop_notification.win32': Not used on non-Windows systems
[0.626s] INFO:colcon.colcon_notification.desktop_notification:Sending desktop notification using 'notify2'
[25.651s] DEBUG:colcon.colcon_notification.desktop_notification.notify2:Failed to initialize notify2: org.freedesktop.DBus.Error.NoReply: Did not receive a reply. Possible causes include: the remote application did not send a reply, the message bus security policy blocked the reply, the reply timeout expired, or the network connection was broken.
[25.652s] DEBUG:colcon.colcon_core.event_reactor:joined thread
[25.652s] INFO:colcon.colcon_core.shell:Creating prefix script '/home/user/ros2_ws/dynamic_ws/install/local_setup.ps1'
[25.653s] INFO:colcon.colcon_core.shell:Creating prefix util module '/home/user/ros2_ws/dynamic_ws/install/_local_setup_util_ps1.py'
[25.653s] INFO:colcon.colcon_core.shell:Creating prefix chain script '/home/user/ros2_ws/dynamic_ws/install/setup.ps1'
[25.654s] INFO:colcon.colcon_core.shell:Creating prefix script '/home/user/ros2_ws/dynamic_ws/install/local_setup.sh'
[25.654s] INFO:colcon.colcon_core.shell:Creating prefix util module '/home/user/ros2_ws/dynamic_ws/install/_local_setup_util_sh.py'
[25.654s] INFO:colcon.colcon_core.shell:Creating prefix chain script '/home/user/ros2_ws/dynamic_ws/install/setup.sh'
[25.655s] INFO:colcon.colcon_core.shell:Creating prefix script '/home/user/ros2_ws/dynamic_ws/install/local_setup.bash'
[25.655s] INFO:colcon.colcon_core.shell:Creating prefix chain script '/home/user/ros2_ws/dynamic_ws/install/setup.bash'
[25.656s] INFO:colcon.colcon_core.shell:Creating prefix script '/home/user/ros2_ws/dynamic_ws/install/local_setup.zsh'
[25.656s] INFO:colcon.colcon_core.shell:Creating prefix chain script '/home/user/ros2_ws/dynamic_ws/install/setup.zsh'
