0,0,0,0,0,0,0
0.333163894126189,0.000555617756404864,0.00149979828557164,0.0873682209064881,0.000212475602401731,-0.00165774495267398,-0.00194917796607256
0.662741680750346,0.00272954922212755,0.00277831900088797,0.174077981136164,0.000336475572140521,-0.0033754019026783,-0.00370822826622406
0.985310634998706,0.00824051882552412,0.00364301266907308,0.259779126147516,0.000263583294760538,-0.00515481245451624,-0.00507652348163794
1.29741818332721,0.0187839085414952,0.0039846107503004,0.34425531779613,-0.000112938176855178,-0.00689669273857024,-0.00585573989333732
1.59499871348765,0.0355283209284472,0.00383456385305254,0.426675753459088,-0.000823585820649261,-0.00840795121172353,-0.00589389695347382
1.54104427408998,0.0489184428996002,0.0032650555832494,0.416044668668931,-0.00173872900901539,-0.00768360215666536,-0.00347054251866607
1.46752105653307,0.0611425377964795,0.00297072407843651,0.398110678523162,-0.00262419262475077,-0.00658950239262693,-0.000802021700225712
1.37534074506154,0.0713372417934268,0.00294672113689713,0.373017195173777,-0.0034719246572354,-0.00532937064650684,0.00184033874574965
1.2663560961426,0.0787571619596029,0.00317796423554139,0.34157889096018,-0.00430158947965252,-0.00409343932607738,0.00421483477149907
1.14138218319536,0.0821409834651956,0.00362578192627929,0.303841912441093,-0.00507115246342996,-0.00302275281065114,0.00610001511334602
1.00180521040033,0.0798902091570667,0.00420555504821642,0.259177705086199,-0.00565746905316458,-0.00218067529438454,0.00730508848756083
0.846593303607545,0.0707127413960763,0.00480664057206117,0.20599634073091,-0.00590510234921564,-0.00151156510669181,0.00769022226295439
0.680992900089329,0.0551952009090003,0.00539130748433013,0.145162125458599,-0.00576953493963878,-0.000886022146956121,0.00725480745979507
0.500997519308712,0.0344610043020693,0.00595312340600693,0.0765958091035546,-0.00527864114990122,-0.000144503022879652,0.00602968241990043
0.3247529979846,0.0117452879949679,0.00664649697296713,0.00632701849290977,-0.00470402398239549,0.000750771338920537,0.00434201621278414
0.132994163032354,-0.0132978290428959,0.00725765595979234,-0.067072202294855,-0.00397929711903546,0.00180197670647056,0.0021281434913708
-0.0495518596061444,-0.0392880320943914,0.00808280841549277,-0.139750508096261,-0.00345611567296245,0.00293329873095405,-0.000134214927158282
-0.232007180605649,-0.0667664118769246,0.00877854293424678,-0.210027889609364,-0.00297550188787831,0.00398634868079839,-0.00241406138043579
-0.410644335707942,-0.0962062570094117,0.0094069797003556,-0.277806562230956,-0.00260673493817493,0.00486401404825252,-0.00449247934777649
-0.582733959655651,-0.127012270690217,0.00996623402773722,-0.341324809506099,-0.00239742318701818,0.00546593572868976,-0.0061552260898229
-0.744788137218827,-0.157402395808558,0.0104465164777465,-0.39794970792007,-0.00243162648343996,0.00576154734306289,-0.00717934968768755
-0.892959215964834,-0.184900690838677,0.0107722020696919,-0.444771622835036,-0.00276871997101202,0.00582710873188082,-0.00738254287529463
-1.02447827418994,-0.207588279073183,0.0108321132156829,-0.48015117513034,-0.00335728238755368,0.00582541183777083,-0.00669553173247854
-1.13835745176959,-0.22463978161611,0.0105792718197539,-0.504325894734442,-0.00402339340517419,0.00591147941859557,-0.00519400695547203
-1.23495181451128,-0.235673660619845,0.0100724623276015,-0.51857901208149,-0.00458340017844559,0.00614321179725398,-0.00306593067500889
-1.31463797459712,-0.240036424545896,0.00939001298146083,-0.523847906421714,-0.00496935698134903,0.00645679511771126,-0.000551128201284601
-1.37719232498272,-0.236968423152151,0.00853201251733671,-0.520325046238338,-0.00523788602576766,0.00669605985974068,0.00209388297543577
-1.42207323640193,-0.22612706057654,0.0074121077298725,-0.508124607993523,-0.00547176491056839,0.00666311051916421,0.00460030670324361
-1.44946039752326,-0.2080678764563,0.00594400510332288,-0.488448382124849,-0.00567445013525568,0.00619187688621226,0.00668269292133401
-1.46068557974644,-0.184453152506091,0.00417514087546716,-0.463994161226242,-0.00574242823567876,0.00524873518751696,0.0080577857083222
-1.45770351969072,-0.157716529415497,0.00237402934794246,-0.437839553159912,-0.00555460919827681,0.00400882847683705,0.00851176774922541
-1.44144945252491,-0.129975499720623,0.000944985056696728,-0.411202296637416,-0.00510988252143488,0.00279840089817944,0.0079893399463222
-1.4111796164095,-0.102109433059309,0.000205608080509201,-0.382620375806496,-0.00455897582161844,0.00190472070114892,0.00662088076493441
-1.36540513976549,-0.0738931286400298,0.00024399558691946,-0.349532448344977,-0.00408725519470764,0.00142720666103249,0.00465131252315905
-1.30361214265957,-0.0448406081981603,0.000957769211287195,-0.310433625858624,-0.00378789723758844,0.00128602806079521,0.00234651071535542
-1.22649209971697,-0.0147179156713235,0.00215426087570502,-0.26545503577566,-0.00363233266439767,0.0013139571659014,-5.80954652993005e-05
-1.13568581133498,0.0164755844850154,0.00359248256984286,-0.215766215159532,-0.003523250440899,0.00132989635022636,-0.00236204089447711
-1.0325454599512,0.0488060663706772,0.0049785207574295,-0.162418990892227,-0.00336738300627359,0.00117191550359448,-0.00438809830179843
-0.91821989949836,0.0825417586257719,0.00600441513286654,-0.105704776845005,-0.00313497605204405,0.000721369112119606,-0.00597209483411593
-0.792579188459106,0.11792619897583,0.00648039574711338,-0.0448286546705213,-0.00287547098798859,-6.2016842791703e-05,-0.00696498108912572
-0.656370972973529,0.154752122938239,0.00650421786516401,0.0211085875034428,-0.00269029384505853,-0.00110493431646028,-0.00726304147809358
-0.510311138207185,0.19189396406756,0.00647047184224891,0.0921719542403443,-0.00266093421084325,-0.00223488902402834,-0.00683163599514319
-0.357230168966286,0.227790315838819,0.0068648110284482,0.166817633064645,-0.00280833749553103,-0.00325779094948924,-0.00573490059208988
-0.200055439203926,0.260893185052698,0.00796113920750894,0.242469205400937,-0.00310116828581937,-0.00404667595309316,-0.00410210124660805
-0.0417829038395442,0.290406582397182,0.00970148686670324,0.316612827144132,-0.00351134016024532,-0.0045810465042012,-0.00209966917421636
0.115182840682472,0.316227692195646,0.0117826415633838,0.387382835130745,-0.00404978620092025,-0.00492481041868863,9.54026892523503e-05
0.268689104463935,0.338665827637162,0.0138446628197611,0.453447992569063,-0.00476261893874988,-0.00518262537359529,0.00229390125085155
0.416257382865588,0.357990242886891,0.0156346337857448,0.513361907367291,-0.00569380066661879,-0.00545378085448548,0.00428318199794208
0.554513354296181,0.374082539560334,0.0170798014057479,0.564917953309679,-0.00684409645115124,-0.00578228544520212,0.00582492819370733
0.679089009117017,0.386537043011782,0.0182299211765278,0.6051660552708,-0.00816689217334809,-0.00610861338669326,0.00668276244723946
0.78534861479145,0.395513526634262,0.0190973346240474,0.631500480482528,-0.00962087117178696,-0.00626272908427104,0.00668698290823298
0.869408905002781,0.402877573076934,0.0195517800614078,0.64308541552795,-0.0112187878386357,-0.00603610201955877,0.00580444523207228
0.928339082297107,0.412213225408374,0.0194352713504778,0.641144865950248,-0.0129582311248527,-0.00529417975999659,0.00415713272105233
0.959943920701018,0.426457086388864,0.0188450068383888,0.627915292660344,-0.0146344824484764,-0.00404722794470798,0.00197743700538326
0.964232088636393,0.443765110935789,0.0182896466329963,0.605540134550107,-0.0157583559865566,-0.00246231071533608,-0.000455890007508663
0.946243202240751,0.455694735466398,0.0184208920986001,0.575668047653662,-0.0158359378340144,-0.000832310122944688,-0.0028640576109785
0.915561882333444,0.451852976381891,0.0195154741150669,0.539552800535401,-0.0148184782386961,0.000521095640212964,-0.00498894064978258
0.881457104970916,0.426823603937152,0.0213113437273694,0.498525754179602,-0.0131667366778913,0.00138509278234788,-0.00659611086526708
0.849413294851099,0.38184312934481,0.0232792287349304,0.454400266739679,-0.0114997626987872,0.0017424098102908,-0.00748967609617025
0.821193741521896,0.321588031767175,0.0249169979614031,0.408827999569322,-0.0102536879310443,0.00176025967623435,-0.00755913864259808
0.796001913382621,0.250681806623345,0.0259218580418566,0.362126958815479,-0.00955463812075403,0.00168717520554083,-0.00682471948554773
0.771640207963009,0.172217720452366,0.0262546075067867,0.31319177975066,-0.00928878074420595,0.00171694338839392,-0.00542889000815544
0.745732909556108,0.0880500618938624,0.0260702727853942,0.260666686527881,-0.00927029109371448,0.00191506009570316,-0.00357697640197747
0.716628133027139,-0.000391731988996042,0.0255751423624486,0.204061837199062,-0.00937314820074133,0.00223602344152438,-0.00147847751807801
0.683588704537604,-0.0916791773900673,0.0249273210166742,0.14393327868588,-0.00956344044200048,0.00257737081363424,0.000679016460028345
0.646452760212759,-0.184434110173754,0.0242353046309228,0.0813516174023297,-0.00986012353883194,0.00282093854491895,0.00272831750136508
0.60515543625582,-0.277544254461024,0.023626395895766,0.0172150799785735,-0.0102750715118228,0.00285751176715427,0.00451082941388367
0.55943321056158,-0.370247312288406,0.0233095370310765,-0.0481838070871545,-0.0107698895367551,0.0026136092877298,0.00586923843382487
0.508959663514957,-0.461932888027772,0.0235472807614854,-0.115072182276688,-0.0112567999691959,0.00208744108823118,0.00665657115517381
0.453934796804757,-0.551745208242594,0.0245072430100028,-0.183562197678442,-0.0116523216904011,0.00137044122465494,0.00676644908890455
0.395710046156677,-0.638281998736421,0.0260972914736519,-0.252890450356221,-0.0119470517938369,0.000617818862304291,0.00616973278216556
0.336909600401581,-0.719665519986975,0.027963125784613,-0.321201992203117,-0.0122246144299701,-2.89231227740339e-05,0.00492826128698826
0.28100011165769,-0.793913436363838,0.0296765005870639,-0.386072013158778,-0.0126061853726895,-0.000512528719142897,0.00317485922104976
0.231790018628914,-0.859219723331208,0.0309389116742362,-0.445228356299585,-0.0131671586045997,-0.000879536128973961,0.00108024308306008
0.193180386371789,-0.913828270598757,0.031651536776542,-0.496890379380608,-0.0138772840436011,-0.00125618810531975,-0.00116964167437909
0.16880700922918,-0.955482741117897,0.0318748603126159,-0.539669351602824,-0.0145726057479385,-0.00180418346194642,-0.00338067761043068
0.160656156497471,-0.980803763249963,0.031781743549843,-0.572385765147067,-0.0149589278143457,-0.00265711168113874,-0.00534607958412998
0.166334897946335,-0.985481746802115,0.0316357151180494,-0.59416020908532,-0.0147019954042673,-0.00383135677658467,-0.00683327353947361
0.177400154436321,-0.966154702324322,0.0317292164914936,-0.604787037390651,-0.0136593774156552,-0.00515276418769064,-0.00758447388076675
0.182307824844107,-0.922900533276888,0.0322677504036976,-0.604990749981055,-0.0120685885026865,-0.00629285531163504,-0.00738611071851143
0.172098272050644,-0.859601268250076,0.0332517560592788,-0.596119120439468,-0.010402577699299,-0.0069405867092007,-0.0061929394812708
0.143443573255153,-0.781552167872647,0.0344297117561616,-0.579357890921471,-0.0090577815547544,-0.00697644815113238,-0.00417245512271644
0.0979362217463335,-0.692631517859634,0.0354706186186762,-0.555147931898621,-0.00822607099429092,-0.00649967639581179,-0.00162020142566442
0.0396809324822059,-0.594435664373081,0.0362534011941131,-0.523353679968938,-0.00794480753447189,-0.00573276363510103,0.00114720038081395
-0.0270119304195693,-0.48738987532355,0.0369337421739487,-0.483950500183807,-0.00815403112354521,-0.00492173800959548,0.00383860750304187
-0.0990943725267195,-0.372387291355598,0.0376667484832302,-0.437712864064386,-0.00869776249017091,-0.0042740019698047,0.00618463228788701
-0.175305382668016,-0.251816463535256,0.0381909552220491,-0.386487246139125,-0.00931251292726149,-0.00390102735126904,0.00792823757676039
-0.255638998681325,-0.129343801564633,0.0376956937822876,-0.332694025833085,-0.0096795229890013,-0.00375779219465905,0.00884770973682865
-0.339868094634268,-0.00842922388619036,0.0353081097445059,-0.278156562507335,-0.0095642150998601,-0.00364204038653789,0.00881955633581791
-0.426215603756029,0.109215749872489,0.0308696782295001,-0.223248410819209,-0.00893920936009766,-0.00330561991866688,0.00787293477316404
-0.511524786915222,0.223655114973943,0.0251250271554206,-0.167292183128833,-0.00795965079521355,-0.00260185795149032,0.00617236693486625
-0.592681067192849,0.335403746049102,0.0191055816782381,-0.109716427900461,-0.00682434593816972,-0.00154039461874405,0.00394206617878612
-0.667774076274052,0.444284348792757,0.01343291170897,-0.0507707415456344,-0.00566568426360746,-0.000239096403511026,0.00140119087478264
-0.736175392200837,0.549235621116958,0.00812932156663184,0.0085742077003649,-0.00453253409590996,0.00114229834375244,-0.00125562837702269
-0.797856882840075,0.648815768964383,0.00291347880452777,0.0671352629090037,-0.0034382126487183,0.00243319273411308,-0.00384267297023746
-0.852521292613068,0.741988492879953,-0.00229193264599764,0.124059854812452,-0.00243113294165626,0.00346207359710923,-0.00615519926728085
-0.898782869138203,0.828674804118587,-0.00694340838318824,0.179188533443802,-0.00165113281177077,0.00409011037127141,-0.00795247143554217
-0.933941695028691,0.909508643460221,-0.00992088584848893,0.232920082719953,-0.00132106812259657,0.00428958606438361,-0.00897785979641554
-0.955071054874542,0.984620320738066,-0.0102448870201538,0.285401291636761,-0.00163171236638859,0.00421214144627132,-0.00903405582207525
-0.960809042279703,1.05225724698096,-0.00793199783979586,0.335574137078433,-0.00258619512171261,0.00413738073503769,-0.0080755398572052
-0.952026268459181,1.10889178101054,-0.00400042469142186,0.381167729045707,-0.00397492920925456,0.00429973178477895,-0.00623285046111934
-0.930653115781253,1.15093928565878,0.00038016886526169,0.419765942322291,-0.0055231876073244,0.00475432197602895,-0.00374826514352244
-0.898186284440059,1.17634236252976,0.00457443562204746,0.449818178210861,-0.00704827967465209,0.00538519306430872,-0.000897590506762781
-0.855282932496625,1.18470739479513,0.0084531137424765,0.470788476921365,-0.00849631377959662,0.00598778019611019,0.00204421835529986
-0.802685496889226,1.17635679037128,0.0119576706178518,0.48273920149087,-0.00987915620363578,0.0063401481645598,0.00479897956509034
-0.742610172276915,1.15082118659581,0.0147684096135788,0.485795291536765,-0.0111850326417947,0.00626325442192031,0.00707705883362852
-0.679508693733534,1.10591019035432,0.016395184136592,0.479888623104721,-0.0123244865766609,0.00570400573945599,0.00859841726431434
-0.618477813311058,1.03837011193755,0.0166405330052682,0.464884869237244,-0.0131484328595191,0.00480389610189032,0.00915668617800175
-0.56170854137317,0.946767272866189,0.0159287010780259,0.441197411088125,-0.0135349873168562,0.00385232590855178,0.00869322019960666
-0.50605022380228,0.833754333404968,0.0150342031999524,0.410055652333403,-0.0134748186873096,0.00311501200094795,0.00731280751792263
-0.445209592021862,0.705587775910578,0.0145199190186433,0.373168164890782,-0.0130860242743137,0.00269391410788888,0.00523242739949083
-0.37409065441031,0.568773026733901,0.0145206427214901,0.331974696634369,-0.0125278668143236,0.00252399108053885,0.00270571634245899
-0.291368095380159,0.427803581684114,0.0149672015231833,0.287643666677526,-0.0118956076117396,0.00245366501862707,-2.60320818545904e-05
-0.198602617945141,0.284869376898396,0.0158381742066495,0.241289486628262,-0.0111837174199199,0.00231006772796685,-0.00275080183131716
-0.0982711083057576,0.141493729911113,0.017186339227836,0.194247292187732,-0.0103544864412904,0.00192739859697271,-0.00527237051543404
0.00811726056290489,-6.40184618483502e-05,0.0189560122489623,0.147709577389684,-0.00944355865091883,0.001170122555543,-0.00738974796049417
0.120742505620565,-0.136114490874228,0.0208022142536624,0.102141952683999,-0.00863037027846281,-9.53814107083483e-06,-0.00888856902622104
0.240696792588575,-0.262312599715758,0.0221495005442951,0.0568526653783514,-0.00818334002798457,-0.0014956141434684,-0.0095667198651271
0.367850243784927,-0.375549001446047,0.0225793472826705,0.0104757990685138,-0.00828129367660713,-0.00300179739505933,-0.00930435201037135
0.499421766998207,-0.475504610078384,0.0221889091088029,-0.0378970768905386,-0.00886814432440756,-0.00420564768639311,-0.0081301889059778
0.630865121423314,-0.563892380116531,0.0214595389994026,-0.0879941423134773,-0.00971464692389053,-0.00492343408304303,-0.00620625456979989
0.757866071128614,-0.641965344881469,0.0208018186728198,-0.138541573983539,-0.0106165927500856,-0.00515959217834987,-0.00375072142963364
0.877622300988456,-0.708966601439833,0.0203081319766384,-0.187971496776397,-0.0115197412000824,-0.00503732927625797,-0.000983926267659106
0.988710630968668,-0.762393083319549,0.0198554338711481,-0.235071821308234,-0.0124907952290449,-0.00472158614192524,0.00187886313083645
1.09002730072099,-0.799628767089407,0.0193602449781603,-0.279201630733021,-0.0135909549009018,-0.00438607648251441,0.00460681592928378
1.17940260588773,-0.820339731505558,0.0189451790210667,-0.31994144762081,-0.0147318214305912,-0.00419422829200171,0.00693223617132696
1.25291475093293,-0.828611857196515,0.0188508760040863,-0.356322695962511,-0.0156165986304032,-0.00424392517523836,0.00855884490769611
1.30588831516051,-0.832291304289552,0.0191172705007826,-0.38626880891048,-0.0158739005131976,-0.0044818324996986,0.00922545875284854
1.33543305293513,-0.838380299161891,0.0194044394889749,-0.407253549581406,-0.0153311181531147,-0.00468912646730637,0.0088067446402772
1.34183451308496,-0.848364421383151,0.0192694033740703,-0.417804492357316,-0.0141411375735703,-0.00461069913410534,0.0073712088938747
1.32750899581227,-0.858853948534893,0.0185717136031298,-0.418135529782643,-0.0126231422058823,-0.00412144079773299,0.00514488722842649
1.29474589677977,-0.865702277787852,0.0174866391704503,-0.409233974436901,-0.0110298633971409,-0.00327315171921278,0.00242116619619934
1.24482774174259,-0.866738130452254,0.0162295380120618,-0.391888064702501,-0.00946730713415976,-0.00223049236275999,-0.000506077781838174
1.17830303273132,-0.86136748246757,0.0148993057750379,-0.366529171066155,-0.00795484050901031,-0.00119521954491237,-0.0033623192881155
1.09611027301783,-0.849091606771509,0.0136076751441297,-0.33391571696804,-0.00653282183955223,-0.000358120901410636,-0.00588180679847007
1.00008034750726,-0.828171629558307,0.0127350088074096,-0.295769035151377,-0.00533663535043951,0.000155679440110103,-0.00780004830550085
0.893124581689923,-0.795981291879069,0.0130077929276062,-0.254847868401787,-0.00458440347936942,0.000360638055522238,-0.00887973342364923
0.77815737729975,-0.750606687300685,0.0151368290450967,-0.213815159592996,-0.00445353794744772,0.000441044537295931,-0.0089777464117179
0.657248643448187,-0.692832094958415,0.0192546220121541,-0.173938205572584,-0.00494540769037575,0.000659866126778729,-0.00811202274402292
0.531239922030845,-0.625771625934106,0.0247849200285326,-0.134844232147483,-0.00588299653715748,0.00119963496631072,-0.0064517800281704
0.400665215976467,-0.553011426699832,0.0309268152580436,-0.0956944626049752,-0.00704463095451786,0.00208104536124322,-0.00424007982665226
0.266360724189532,-0.476798936530578,0.0371783322311819,-0.0562794985066781,-0.00828463136845461,0.00319893084808169,-0.00171521207087422
0.129714751476071,-0.397949430766804,0.0434624949619849,-0.0173134524803173,-0.00955936824739305,0.00439253134011105,0.000917322296485968
-0.00772755041836089,-0.316579592245482,0.0499087343182328,0.020051257108181,-0.0108806706851323,0.00548388340407964,0.00347519172888654
-0.144731349190572,-0.233205918680317,0.0565491762859438,0.0550166427352931,-0.012248262094333,0.00629140550498966,0.00577329324761103
-0.280689582016079,-0.149546128813644,0.0631012505875274,0.0878876546493521,-0.0135933923401294,0.00665949885703152,0.00760370271469438
-0.415336652654536,-0.0686677286794851,0.0689874864356641,0.120199685822992,-0.0147760020645977,0.00653083794756233,0.00874405314040511
-0.547811028316457,0.00606426478809909,0.0736508461071558,0.153660804383577,-0.0156712210969637,0.00602189142070713,0.00901492624956844
-0.675726755669594,0.0728105450596117,0.0769312542044448,0.188352692581077,-0.0162977539036196,0.00539980211813836,0.0083621565601888
-0.795253892235435,0.132032453660829,0.0790918113398214,0.221997070381003,-0.0168493159549543,0.00493030997405303,0.00688707183496841
-0.90233107636967,0.18532047164802,0.0804980955749136,0.251258055815114,-0.0175802641389779,0.00472755930262617,0.00479489497608043
-0.993939928141227,0.23379441168458,0.0813707677223455,0.273674517988181,-0.0186639894610793,0.00472626466703293,0.00232269547293085
-1.06838602719317,0.277652674564357,0.0818037792981586,0.288476816521978,-0.0201326914046431,0.0047440545945633,-0.000298715428081899
-1.12492292371212,0.316913084059109,0.0819196719087658,0.296090568353233,-0.0219057502764479,0.00455387072511506,-0.00284725880044288
-1.16344777350195,0.352564136090783,0.0819576638021687,0.29693033689706,-0.0238635798192638,0.00394405650199811,-0.00510038307786916
-1.18438665044588,0.387194323952331,0.0821799744004661,0.290122980579214,-0.0259191681190359,0.00278653392488238,-0.00683451619842426
-1.18872927074015,0.424403043733865,0.0826646823143399,0.273128888598681,-0.0280425814387421,0.00111398762840627,-0.00784526496576219
-1.17812179348989,0.467050619142742,0.0831962239600592,0.243179688371133,-0.0302110968179342,-0.000848998047774093,-0.00799436184256317
-1.15509193164161,0.515614817453969,0.0834178597589383,0.199894052080638,-0.0323286054605585,-0.00276442804338848,-0.00726463347195208
-1.12318949971235,0.568036139397249,0.0831081644913899,0.146491988293921,-0.0342124483859852,-0.00433767022691172,-0.00577204815408637
-1.08659959161218,0.620830408731747,0.0822921141347315,0.0882168073764445,-0.0356814308737236,-0.00543043431260656,-0.00371542867189802
-1.04902067352949,0.670156246959442,0.081128902800019,0.0297667619840619,-0.0366553456427659,-0.00606600523538803,-0.0013138076830839
-1.01243802683574,0.71237884776439,0.0797616535134269,-0.0259113188975415,-0.0371756238999363,-0.00637238184104493,0.00121952543370714
-0.976578945741501,0.744360336321918,0.0782687648480033,-0.0770785841620433,-0.0373428975267537,-0.00652146205220232,0.00366839382815105
-0.939201193267765,0.76347568483138,0.0767258021851158,-0.12194358942873,-0.0372180964639343,-0.0066730361390301,0.00579723637111212
-0.896805987753044,0.767403763269208,0.0753168296308509,-0.157991338363787,-0.0367502318655488,-0.00690776482598125,0.00735374298364882
-0.845484223797837,0.754360493015252,0.0743871644205002,-0.182809577435624,-0.0358053845930051,-0.00716780003966647,0.00811204049531969
-0.781960311629283,0.724275518300637,0.0743292738841233,-0.195956809726525,-0.0343100520397325,-0.00727626541973289,0.0079493610778595
-0.704630623473446,0.679795672124251,0.0753576845850283,-0.199805926544274,-0.0323728554301315,-0.00706030932724053,0.00689894928715963
-0.613859336053421,0.625464745665651,0.0774136542890059,-0.198131952900816,-0.0302365374206957,-0.00646965494616206,0.00512727532804393
-0.511263954808154,0.565604226311206,0.0803084992615673,-0.193982119711711,-0.0281204879440821,-0.00558348442431266,0.00286256824153307
-0.398693508105224,0.502904251873709,0.0839317120666337,-0.188804037147855,-0.0261214824915266,-0.00453930010269165,0.000337655259525635
-0.277682841798434,0.438590106165783,0.0883152874214788,-0.182903127793072,-0.0242322228577219,-0.00347218419502831,-0.00222811743173286
-0.14957350378979,0.373558772852546,0.0934983695390992,-0.176245474318479,-0.0224307445645639,-0.0024937843062581,-0.00461964796498335
-0.0160879117471557,0.309499013250411,0.0992748400535262,-0.168959174885875,-0.0207756550792089,-0.00168457201777654,-0.00661110366549845
0.120061413239467,0.249120245955929,0.105022905731332,-0.161442430935286,-0.0194441989597521,-0.00106844402463093,-0.00796934202485922
0.255165649397305,0.195015440986418,0.109873722385705,-0.154196963192655,-0.0186563605498607,-0.000578109371061048,-0.0084966588531761
0.385522412815332,0.147890959957125,0.113235606898574,-0.147506181997766,-0.0185090539639603,-6.52724486165123e-05,-0.00810236911946808
0.50874637608596,0.106045619663792,0.115200658102035,-0.141182747210739,-0.0188774160463838,0.000617519620962456,-0.00684483421635453
0.624074515940801,0.0668511866790015,0.116370217244779,-0.134668590693528,-0.0195045029880776,0.00153089576879163,-0.00490052544667646
0.731520931181073,0.0286460771761533,0.117311944600047,-0.127375170614349,-0.0201795564433184,0.00263502150646909,-0.00249429014350662
0.830908235867115,-0.0086129888899436,0.118195006205195,-0.118838247270997,-0.0208297113313293,0.00382913825722503,0.000149737600558109
0.921568645804052,-0.0439466322743064,0.118842968414011,-0.108616670578307,-0.0214832826033126,0.00498332934770942,0.00281708933233917
1.00279131852041,-0.0764289228123136,0.11910485567925,-0.096290667434427,-0.0221654287825403,0.00594879057612993,0.00528628041628418
1.07455041582946,-0.106152275864836,0.119294837069432,-0.0818660177187901,-0.022796032528436,0.00658220442369349,0.00731045369958023
1.13775087373502,-0.134562456444439,0.120339455981358,-0.0664331007382888,-0.0231643855662434,0.00681665238425502,0.00862459716979918
1.19341973535445,-0.163629778438508,0.123288437160756,-0.0522787561897516,-0.0230475239465221,0.00674479153625512,0.00900490823615655
1.24125456408365,-0.19413398228834,0.128398983171053,-0.0416809207779223,-0.0224095636176523,0.00660693642445133,0.00836647272441131
1.27906963327558,-0.224720317949035,0.134767972722819,-0.0352411604340498,-0.0214598468666029,0.00664447402764688,0.00681391461308916
1.30400756502853,-0.25286626648344,0.141024929675508,-0.0316866258694405,-0.0204829151959962,0.00695508796963908,0.00458703052399991
1.3142233478394,-0.276555493671893,0.146256265693015,-0.0292206577523499,-0.0196410891951136,0.00747752815286428,0.00196507712084311
1.30926400250721,-0.294984261201381,0.150245501591349,-0.0267475712853218,-0.0189265557741206,0.00806007796862174,-0.000787955487991236
1.28928168509626,-0.30822531304358,0.153084837321434,-0.0240336675460111,-0.0182441987877192,0.00852002581287523,-0.00342714211569166
1.25391011528297,-0.316587569068382,0.154629567211781,-0.0210105410305551,-0.0175295571748676,0.00867768911907359,-0.00571112847782211
1.20162150278658,-0.320208155025835,0.154210006111929,-0.0168223401828193,-0.0168274118293758,0.0084019668844806,-0.00739750429717611
1.13030404325158,-0.319084170689466,0.150902909005106,-0.00939975947726791,-0.0162755152449712,0.00768360357333831,-0.00827193316424571
1.03922546390631,-0.313484663151618,0.144321383695925,0.00376505767915138,-0.015988730725788,0.00668110955095677,-0.00821486093635558
0.9305487356047,-0.304212885184291,0.135179880190574,0.0240712040335775,-0.0159438889333449,0.00565451985001696,-0.0072589648198683
0.808661409590576,-0.29234878489786,0.12494236995088,0.0510192539495142,-0.0159985944254346,0.00481562402234361,-0.00557503648491024
0.677792554908278,-0.278723353338582,0.114897245158783,0.0828887269080994,-0.0160155604621479,0.00422828066660638,-0.00339579331681023
0.540544390103954,-0.263781314327684,0.105624829119201,0.117902824398123,-0.0159581385427584,0.00381790517704316,-0.00095017398500217
0.397906626609131,-0.247804868039581,0.0970785787497892,0.154780375891142,-0.0158895593263222,0.00342979020063994,0.00155826196368849
0.250324098465356,-0.231330181085179,0.0889811515281496,0.192492332310853,-0.0159157236283074,0.00288286287821188,0.00393869668391935
0.0988262544947495,-0.215439933870194,0.0811837937171008,0.229608584701484,-0.0161147919496167,0.0020190411368569,0.00599185624864147
-0.0541622610409076,-0.201731600407539,0.0738624742229545,0.263830584890288,-0.016489350992479,0.000771220548906041,0.00750238000301114
-0.204907753066667,-0.191753519543746,0.0674576755403497,0.292330842270565,-0.0169742086759691,-0.000763081163423279,0.00826562610926498
-0.349682536397599,-0.186174830299476,0.0623619726377601,0.313022126667641,-0.0175109161116187,-0.00231630982503324,0.00815091854926529
-0.486431954918167,-0.184551132905087,0.05860223244552,0.325681644202243,-0.0181247445774124,-0.00357238452136313,0.0071588585051839
-0.615093772239261,-0.186164174481776,0.0558341719186835,0.331597741707379,-0.0189124479702363,-0.00433665973379623,0.00541795106520529
-0.736328137748928,-0.191158246210218,0.0536059246859344,0.332084819732401,-0.0199495826701917,-0.0046086671945925,0.00312814430464839
-0.850070398369825,-0.200957116526183,0.051575218698529,0.327412287437141,-0.0212118122343033,-0.00453426218689483,0.000507446639135545
-0.954966310081893,-0.217856511504678,0.0495471780292444,0.316991899170397,-0.0225682352656458,-0.0043249923130834,-0.00222492252999547
-1.04872823539409,-0.244140065908895,0.0474405640123527,0.300641110909199,-0.0238400122982155,-0.00420363655964149,-0.00483314769686886
-1.1289829830177,-0.280791876492975,0.0452988299708151,0.280215925424272,-0.0248927353558149,-0.00435968384697918,-0.00703927555657748
-1.19408613841669,-0.325919924242781,0.0433279122803124,0.260303465561136,-0.0257148854370184,-0.00487459216591906,-0.0085237139251777
-1.24329118744811,-0.373996177894026,0.0418266292861792,0.2462994616256,-0.0264092308357072,-0.00563614699871292,-0.00899926562238336
-1.27595582581715,-0.417501035135021,0.0409717042001196,0.240351249056941,-0.0270653156872191,-0.00635698972264813,-0.00834873714006067
-1.29078219997124,-0.450096716617002,0.0406840175463631,0.239471156562354,-0.0276397996317638,-0.00675614370166385,-0.00669617109900773
-1.28665352424906,-0.468212343889293,0.0407393170355929,0.238339890281925,-0.0280116912492934,-0.0067407587497555,-0.00432818541869312
-1.26424091586304,-0.470357782178749,0.0409305980185586,0.233139499562511,-0.0281390685756459,-0.00642004320929076,-0.00156754282543384
-1.22618926127005,-0.456015258836169,0.0410996415444365,0.222622090533668,-0.0281179858191297,-0.00600600144464222,0.00129134302691706
-1.17598586116414,-0.425298251952274,0.0411221563415411,0.206862118265506,-0.0281057473425636,-0.00572331399458037,0.00398146363784289
-1.11630969933783,-0.378915972373023,0.0409530346639701,0.185580975259852,-0.0281852581983458,-0.00574796175992801,0.00624184982074589
-1.04804794103134,-0.31804217699982,0.0407173481950641,0.157434375403507,-0.0282759738265,-0.00613974406483428,0.00781417173665219
-0.970890859889198,-0.244230345822391,0.0407074407987082,0.120931185623015,-0.0281819945516205,-0.00678268220240507,0.00848363219589149
-0.885440580500352,-0.159638615317646,0.041191773631564,0.0763879803957474,-0.0277724686068552,-0.00741920811678031,0.00815631140259069
-0.794619228301235,-0.0671828393437648,0.0421888687708005,0.0267667202980639,-0.0271112407710513,-0.00780246867260462,0.00690532988003002
-0.702735978468692,0.0297754930083157,0.0434806242029246,-0.023721066114026,-0.0263841893094792,-0.00783392174681087,0.00493015937626054
-0.613384712475251,0.127993171397553,0.0448313286193453,-0.0716010808601059,-0.0257260394307358,-0.00756815612390419,0.00247076819812185
-0.52832686624668,0.224715498930944,0.0461435326811443,-0.114867185775264,-0.0251321975385672,-0.007134309529383,-0.00024800508560836
-0.447910419532762,0.317754687109508,0.0474269259639973,-0.152539110130465,-0.0244970668522789,-0.0066723639304964,-0.00302155011133975
-0.372482987342022,0.405290805713877,0.0486572296705549,-0.184039110595534,-0.0237234038297756,-0.00630927448012925,-0.0056406993612025
-0.303974016050503,0.485212744873025,0.0496651544218457,-0.209029995853984,-0.0228387210535712,-0.00613967881382482,-0.00786533179351621
-0.246241313004934,0.554009504391863,0.05018982081557,-0.227741772292686,-0.0220384704500654,-0.00617549236946997,-0.00942783764516192
-0.202580147322002,0.606313661635619,0.0501178338373879,-0.241335488098852,-0.0215686237021104,-0.00628711970630578,-0.0100916518418898
-0.171434156265923,0.6367616192243,0.049674611912574,-0.251764492373907,-0.0214962213895742,-0.00622573984057707,-0.00974156227371768
-0.144981472055213,0.643487322163989,0.0492891519981214,-0.261023784754519,-0.0216147232422147,-0.00575894897027388,-0.00842879167284802
-0.113012537217935,0.629727836086803,0.0492602196496078,-0.270252821993456,-0.0216174295985345,-0.00479924525724724,-0.00633365487249503
-0.0682611910898753,0.601689193240321,0.0496045462532643,-0.279372869014124,-0.0213356380354791,-0.00340733006366515,-0.00369074580878959
-0.00866507556965572,0.565072944521214,0.0501972998759749,-0.28758900790126,-0.0208145604882997,-0.0017114943467847,-0.000734151853716681
0.0637733824456722,0.523335137002448,0.0509920991262688,-0.294290701894312,-0.0202294620124789,0.000150584672124486,0.0023188273948861
0.14546557372637,0.478269570485939,0.0520866937789731,-0.299525001611282,-0.0197502184299729,0.00203062687026991,0.00525493738572943
0.233503600214892,0.431824916352757,0.0535522845096559,-0.303602692562435,-0.0194236391580911,0.00374964388911552,0.00783952991623583
0.327062628755147,0.387570317420583,0.0551190255217206,-0.305977037019771,-0.0191059867854982,0.00512672181747109,0.00979955085414072
0.427297584447026,0.350173543352109,0.0560344241235551,-0.304284088225686,-0.018500553536742,0.00608582215296283,0.0108456390014846
0.535191248771252,0.322482703661904,0.0554698235596984,-0.295035889488218,-0.0173488540877897,0.0067591136780237,0.0107619165261561
0.648695677458123,0.302852617379823,0.0532766262377866,-0.27621957816981,-0.0156614416590338,0.00743362920341622,0.00952652738814803
0.762471983093897,0.286265449935962,0.0501770054891539,-0.249101318994379,-0.013730058935883,0.00834333493671837,0.00733820378912203
0.870800077521762,0.268248763439792,0.0470738950500584,-0.216991952819683,-0.011897062031112,0.00952643123974413,0.00450698010818738
0.97018712832817,0.247333157506028,0.0443395535240853,-0.182785174148034,-0.010354001367869,0.010858509695671,0.00133368653467414
1.05958812518605,0.224584899376095,0.0417416613175702,-0.147738319726638,-0.00912049750153224,0.0121396457215794,-0.00192777091454164
1.13925531263368,0.201639257914292,0.0388780002634919,-0.111691327827018,-0.00813723615841724,0.0131309743918283,-0.00504405201651843
1.20499123420039,0.177635783740901,0.0356184084226575,-0.073395124831381,-0.00734720921031129,0.0135183022804034,-0.00774833403341038
1.27308229243901,0.152907499933562,0.0334555645994679,-0.0349242457455822,-0.00697122291658155,0.0132930328704328,-0.00981333299557143
1.31575772024585,0.11858550481425,0.0331364593601117,0.00342892376227023,-0.0070303172585238,0.0121995676389491,-0.0107970640850732
1.35047430071774,0.0747999674531875,0.0361532241192057,0.0368660623181659,-0.00773536046483751,0.0108093702250377,-0.0106651045707214
1.36224954416953,0.0229236645192031,0.0414605130802942,0.0623719834796562,-0.008851625644878,0.00951150692164994,-0.00936337251319225
1.36021204423055,-0.029967140429647,0.0474886079820738,0.0794556809574955,-0.0101002128871729,0.00871559895327972,-0.00721514304592471
1.33776921042527,-0.078749529149708,0.0525203027260988,0.0890934158463205,-0.0111590769091627,0.00838636431119588,-0.00447705245653803
1.30287727042222,-0.121718485966425,0.056336390642364,0.093045913137748,-0.0119825406175968,0.0083740058128466,-0.00146831334127195
1.24965964932404,-0.159816877789587,0.0590247092360501,0.091618568686714,-0.0125628254787195,0.00836442448460035,0.00161451174893939
1.18615191676709,-0.195954078558139,0.0614734968775467,0.0856244233346143,-0.0130633864923782,0.00811027965904019,0.00455866878383182
1.10724732390678,-0.231007811458515,0.0637924939513889,0.0756018194855475,-0.0134899166695865,0.00727627123680104,0.00714981661725326
1.02375668477934,-0.26547164797107,0.0663438466311159,0.0645397725182854,-0.013920490074405,0.00569970774052117,0.00916515901900847
0.930569959749689,-0.294353231119632,0.0681187699647436,0.0555503150587967,-0.0141764102581903,0.00333562095801064,0.0103098154378723
0.836497694013625,-0.315115900453593,0.0688037290532286,0.0516960290695373,-0.014279596087195,0.000562960930931827,0.0104808379701545
0.730608986779668,-0.323274473704942,0.0672800975303104,0.0521234507391492,-0.0141245170331028,-0.00210638522228947,0.00958547072533867
0.619775950153737,-0.324173655926426,0.0644228759987058,0.0544720375733286,-0.0139937482183617,-0.00422247335538875,0.00790067001996729
0.492253487838114,-0.317416619478668,0.0598223782622359,0.0554230268114125,-0.0138135289521675,-0.0056191349451861,0.00551576088634595
0.363874940727996,-0.312752256467339,0.0554256900256585,0.055286360671418,-0.0138986578692192,-0.00650225846720932,0.0028406260165183
0.222140592719469,-0.302056037254797,0.049893565380055,0.0540622513032621,-0.0137466042311237,-0.00696091811705547,-0.000126466005280941
0.0859863365312471,-0.295911049006023,0.0455955906106161,0.055815773194314,-0.0136985110257419,-0.00748114105176703,-0.00306938782097526
-0.0511610816953616,-0.283319192072411,0.0410991502538045,0.0608925632543058,-0.0131471532949835,-0.0080856653596177,-0.00586950924766474
-0.183300796403026,-0.270459550749185,0.0376984399824854,0.0703305138278446,-0.0123255892748168,-0.00911461005251051,-0.00833492009899326
-0.310491089783165,-0.256893324887796,0.0351697631119524,0.080316928062514,-0.0112571229963078,-0.0105616451082771,-0.010153110282635
-0.434742969352757,-0.24652202280356,0.0333634164174596,0.0850383285279653,-0.0102753034638671,-0.0122469096437191,-0.0110195430217829
-0.558539441094251,-0.241197826687359,0.0316418980148743,0.0800064859941968,-0.00966081847465085,-0.0137181767302744,-0.0107140803220044
-0.682388112767194,-0.239290033426188,0.0294277076510957,0.0663986787814033,-0.0094463593588059,-0.0145429431047848,-0.00927170144348239
-0.803543946802383,-0.236771281271264,0.026586173112495,0.0496758389542376,-0.00942871342361435,-0.0145780875702421,-0.00694306841102732
-0.917990181806767,-0.230715122905777,0.0234026303038743,0.0347309962921357,-0.0094216041870704,-0.0139671088533991,-0.00404181266297135
-1.02255572941658,-0.22084510839936,0.0202679219961327,0.0231635185527369,-0.00941580977845266,-0.0129524006537794,-0.000843927198578199
-1.11556677896757,-0.208680626721013,0.0174304464793655,0.0138347816177493,-0.00954950411097676,-0.0117453829890897,0.00241907198610876
-1.19669880251548,-0.195736606806906,0.0148985494632377,0.00487131681946396,-0.00998262961718675,-0.0105126441046412,0.00552172828171328
-1.26660489874053,-0.181647808885575,0.0124436931910014,-0.00414896453282763,-0.0107434283568216,-0.00940103925374204,0.00820123931202736
-1.32617100565239,-0.16314259516361,0.00974287306774852,-0.0106724105052445,-0.011599026388372,-0.00851033535347338,0.0101405398628524
-1.37524939286996,-0.135549172658985,0.00670783618706861,-0.0098606740801154,-0.0120841774753094,-0.00779409372771882,0.0110249878511638
-1.41182607451637,-0.0969126141038194,0.00374002459923703,0.00174482048166225,-0.01179785926761,-0.00701701832568193,0.0106839586021574
-1.43309593244027,-0.0504765221592165,0.00149368048785206,0.0228598669861844,-0.0107260891420469,-0.00590575461861305,0.00919720498273937
-1.4375779665622,-0.00212376082354472,0.000365298470116943,0.0486186345251027,-0.00919432925449672,-0.00435364334002214,0.00683792780816476
-1.42575208760706,0.0438740275596471,0.000325220684278896,0.0745675397484048,-0.00754883031265829,-0.00244469874121461,0.00392719672062689
-1.39902317071072,0.086459144272439,0.0011150752323268,0.098966495719152,-0.00595426252721629,-0.000337862353402443,0.000743937066158924
-1.35888727615774,0.126799568862515,0.0024473824092549,0.122348246160065,-0.00441469780108727,0.00181373842594637,-0.00247971660293221
-1.30695881129068,0.166473172595897,0.00405764539807806,0.145757476181967,-0.00290648810622483,0.00385994439595234,-0.0055203225331676
-1.24527788647389,0.205645552695658,0.00568418921857267,0.168808274851376,-0.00152758300364156,0.00563410444763935,-0.00812024715128134
-1.17607168279444,0.241721753379615,0.00708975138263555,0.188434294172091,-0.000584278241738838,0.00699972329207189,-0.00997234527092021
-1.10067297404421,0.269806173501738,0.00816035712808647,0.19974414360122,-0.000490775651025229,0.0079682138456141,-0.0107748356924605
-1.01871926605957,0.285994010762014,0.00897039812997559,0.19948577579252,-0.00145180420748649,0.00875102264659908,-0.0103658876398374
-0.929171635281934,0.290857487359055,0.0096841778181848,0.188978716896244,-0.00323261873584475,0.0096170769051715,-0.00882983206909698
-0.832222053103565,0.288726857156166,0.0103988440723585,0.172748420228326,-0.00533557608038073,0.0106948801890267,-0.00644654829495058
-0.729769469294244,0.283754717138491,0.0111081193171003,0.154687907191301,-0.00736263730179573,0.0119390137552359,-0.00354548192048687
-0.624371582086799,0.277371518259122,0.0117543100403159,0.13603172914365,-0.0091757249605693,0.0132159178893165,-0.000411264620604707
-0.518135471790885,0.268538154415337,0.0122806664592231,0.115973831249034,-0.0108262233939003,0.014357377754271,0.00272403797928697
-0.411938337128275,0.255319344425343,0.0126814306584883,0.0934174203377291,-0.0124045731211306,0.0151569776154016,0.00564594827047312
-0.304610464267957,0.236565333365739,0.013052637817877,0.0686826769876801,-0.0139001317962661,0.0153793525957535,0.00811834716508482
-0.192603095868403,0.213239288562926,0.0135954792873425,0.0444093873239609,-0.0151331173831002,0.0148555011052153,0.00986695625851843
-0.0716981517290134,0.188619437434901,0.0145132901194977,0.0246164093034018,-0.0158527010436079,0.0136555661404854,0.010627210335028
0.0593697365457365,0.166318718597386,0.0158466916435311,0.0117023159697245,-0.015987337968663,0.0121597556406305,0.0102713568872158
0.197134979506748,0.147352861571138,0.0174280134014478,0.00419637974383918,-0.0157713589245466,0.0108492347330784,0.00889970351478225
0.335940239623778,0.129788784083575,0.0190245834002084,-0.00174589143903539,-0.015565435075457,0.0100052945620405,0.00677416781790135
0.471695442537391,0.111197373840824,0.0204932011130522,-0.00912090065133673,-0.0156074303383866,0.00962681004548121,0.00417978909814686
0.603297730520181,0.0907700859000567,0.0218161945079556,-0.0186883092162144,-0.0159341426931968,0.00953698952162925,0.00135017048312934
0.731885404031377,0.0696261770137458,0.0230648885968778,-0.0297252661759351,-0.0164400277554798,0.00949274061949544,-0.00153198787310563
0.859537530856159,0.0499422397649291,0.0243615463233869,-0.0415714437461038,-0.0169672481659293,0.00923023823616713,-0.00429974535728601
0.987962117127019,0.0335910911228927,0.0258466170727988,-0.0550397653417331,-0.0173819181721901,0.00848568153068885,-0.00676119158301022
1.1169571527332,0.0206893263198376,0.0276163979036424,-0.0729519969268072,-0.0176307639267736,0.00705792458763861,-0.00867723056814003
1.24302034398411,0.00895275078627791,0.0296101040524166,-0.0987793514009083,-0.0177560487598284,0.00493912644689997,-0.00979139325504384
1.35966904205542,-0.00483370168482483,0.0315348593008786,-0.133439537999553,-0.0178288748805024,0.00241966910937001,-0.00992252851991395
1.46016973545443,-0.021888521915861,0.0329904623011936,-0.17316172077514,-0.0178283017131964,-5.56955101091374e-06,-0.00905274750848515
1.54042154920893,-0.0403112438537831,0.0337398555581035,-0.21131520289341,-0.0176038611178559,-0.00191610046993061,-0.00732251707027087
1.59945389001487,-0.0570687203032007,0.0338244205056703,-0.242380238614461,-0.0169909179942397,-0.00317292869043942,-0.00495273473439618
1.63780305188432,-0.0705515943264452,0.0334034461308286,-0.264142618695497,-0.0159550551483081,-0.00390779917266085,-0.00217523320921883
1.65627856879883,-0.0813408720916564,0.0325319514817099,-0.277279191898897,-0.0146365828580167,-0.00439708226424101,0.000790504933127054
1.65575587224831,-0.0911645356875612,0.0311033444722368,-0.283815028965511,-0.0132825064276006,-0.00495411958234717,0.00372691797410488
1.63744756095264,-0.10107811566225,0.0290311685437985,-0.285619322556659,-0.0121208260170061,-0.00586305940199404,0.0063949665243772
1.60236653646945,-0.109900857888453,0.0265634862114426,-0.283110020673998,-0.0112314697209574,-0.00730107756681234,0.00851948171377367
1.55057304242312,-0.114149856289266,0.0244481115057389,-0.274644730593363,-0.0104990835812411,-0.00922204073313017,0.00980996023383258
1.48058241733353,-0.110373493797462,0.0235589038116524,-0.25740526463631,-0.00972420072931862,-0.0112888869089911,0.0100401850747394
1.39132169647787,-0.0984615043164719,0.0241376922174661,-0.229926418941208,-0.00883748095361788,-0.013020428785202,0.00916379914768064
1.28323332616361,-0.0819888880091826,0.0255199804489699,-0.193498067190009,-0.00795998959909304,-0.0140872137630539,0.00734339130795867
1.15961782337847,-0.0651977829894858,0.026814951909839,-0.151363836484494,-0.00724844950861626,-0.0144749562326602,0.00486735394134157
1.02305913918264,-0.05006897110072,0.0276224727842002,-0.106393198242432,-0.00671104853316594,-0.0143639499327761,0.00202094687763597
0.877752014324872,-0.0363055014885062,0.028237411100441,-0.0606555360106599,-0.00621147934224397,-0.0140027221911568,-0.000943700784467171
0.723619881089586,-0.0224242576163881,0.0291370522653053,-0.0147991389941296,-0.00553316571423829,-0.0135560075336196,-0.00382153352767859
0.564618067206098,-0.00785605742814158,0.0306455758133683,0.0306384884664358,-0.00456407489921471,-0.0132064513284521,-0.0064028873443932
0.398490897666231,0.00615845449042952,0.0321650771431411,0.0757503784857073,-0.00334297903384928,-0.0129838852901891,-0.00844125386749809
0.228122358860867,0.0160910064237276,0.0326119065508982,0.120375729450637,-0.00216745724570092,-0.0129102018384635,-0.00969677602086216
0.0539798116520995,0.018291300563707,0.0308166649791557,0.163677603591865,-0.00138875428412364,-0.0127888962174556,-0.00995054110104389
-0.12032895103911,0.011932830457029,0.0268232101363141,0.2044924328119,-0.00118559127728651,-0.0124057139773315,-0.00917502390865289
-0.291109381447059,-0.000316965768396085,0.0217386222307815,0.241542150138238,-0.00144059652859472,-0.0116098472245041,-0.0075110450859763
-0.455233490594595,-0.0146727949780433,0.0168244128324462,0.274074280621901,-0.00191715612923697,-0.0104100475677346,-0.00519773896702808
-0.610617348015383,-0.0288890066420603,0.012687792037026,0.301664510629587,-0.00248011342003457,-0.00890577235165666,-0.0024747491205929
-0.75598611211595,-0.043097272189472,0.00924875708787798,0.32403077151821,-0.00316264217832347,-0.00720266646826455,0.000447837202012713
-0.890640725038878,-0.0590891801532112,0.00614301602255339,0.341165316408917,-0.00408684138548187,-0.00538657167890618,0.00337276719164888
-1.01437081891432,-0.0787231497834179,0.00316102758157687,0.353731321140412,-0.0053119833932543,-0.00354810786920856,0.00608155433302206
-1.12700547974724,-0.101766488694641,0.00049997834160471,0.363145814150631,-0.00667732104129774,-0.00179487199661672,0.00831104865771302
-1.22752708205872,-0.124201245903861,-0.00134299003854844,0.370737406973967,-0.00776573777343083,-0.000200670391751254,0.00977397462714941
-1.31342080318165,-0.139320483280447,-0.00205041465548866,0.376153603035153,-0.00812303666171272,0.00127580816341959,0.0102405946647109
-1.38138134101026,-0.142266456786101,-0.00187834832834987,0.376848240713467,-0.00760155027169866,0.00278592244250983,0.00963116361117185
-1.42922469115823,-0.133828751980953,-0.00144968267675894,0.369850863489451,-0.00644901237866713,0.00447411974055175,0.00804057411679691
-1.45701777475376,-0.119080949098941,-0.00121938593852431,0.353894096735549,-0.00505992322759927,0.00637987512703849,0.0056873406920911
-1.46624461253767,-0.102719722646949,-0.00127936147832476,0.329719487853153,-0.00370962143231555,0.00844215886919395,0.00283901926921138
-1.45857442090349,-0.0862648553282841,-0.00158171392017178,0.299115769252756,-0.00249043785174518,0.010550627078752,-0.00023789460865921
-1.43511712627498,-0.0687837609988455,-0.00216917652294607,0.263879212550273,-0.00138909313952273,0.0125661389954195,-0.00329068983356698
-1.39655421749973,-0.0494205946309246,-0.00314852777729401,0.225169688489047,-0.000393788508427429,0.0143103923843352,-0.00606569677203514
-1.34271789057656,-0.0296488448074622,-0.00445489153365402,0.182933188771943,0.000424231019985927,0.0155766280659422,-0.00829200668208493
-1.27339656421322,-0.0138206613574173,-0.00565931590479743,0.136005154454809,0.000895755686548222,0.016226755281697,-0.00969508060925041
-1.18832235126816,-0.0067893315754467,-0.00612759345168775,0.0830405486966822,0.00085903952748596,0.0163173079254879,-0.0100612317403292
-1.0896043656268,-0.0099571723684995,-0.00553936288646613,0.0244750173756309,0.000334561874474692,0.0161396537992715,-0.00934647582335545
-0.980146545822112,-0.019854833871161,-0.00418339659596431,-0.0370882111727896,-0.0004294547629798,0.0160298796395835,-0.00769984804570288
-0.863783911534083,-0.0311742569480201,-0.00265104405482469,-0.0982139453829748,-0.00111769150314045,0.0161788891672929,-0.00539354463148265
-0.742568346703653,-0.0405256723393537,-0.00133082129436712,-0.156449560058833,-0.00153079618578486,0.0165561388782634,-0.00270052468328851
-0.617768456652632,-0.0476039266372656,-0.000264162580529446,-0.210856908519677,-0.00163402892256535,0.0169920780926755,0.000145467315927931
-0.489639332358189,-0.0540136258052926,0.000674972676858839,-0.261683045862402,-0.00150527435154159,0.0172364794510442,0.00294630460059258
-0.358080571734242,-0.0612312549397511,0.00153591380700603,-0.309999762574227,-0.00126647808003158,0.0170062284330804,0.00550771579200537
-0.222866231584337,-0.0684801325047498,0.00219758173338678,-0.357185148952791,-0.00102677239979775,0.0160430498944234,0.00761918236709121
-0.0844644676598737,-0.0716250914397431,0.00252966576301127,-0.40396484306553,-0.000835544971469298,0.0142331023409305,0.00906621985897145
0.0548952469203096,-0.0648836125855505,0.0026998206243176,-0.449269013478392,-0.000662564637689199,0.0117331017778803,0.00968025026959805
0.190955448581902,-0.0453209453774206,0.00323207871231385,-0.490102875982267,-0.000454368585530626,0.00896185964538704,0.0093922973650496
0.318753894349934,-0.0158259742387726,0.00460257890154715,-0.522907760199737,-0.000251287378293027,0.00640066846701684,0.00825119191306721
0.434593949289648,0.0172721956758605,0.00682027662199945,-0.545220307725949,-0.000214159227641467,0.00435344079218832,0.00640363174746846
0.5368896981518,0.0490117096925809,0.0095188685176565,-0.556385115029239,-0.000489515159367892,0.00285239398787435,0.00404897281211186
0.62561328610957,0.0778390837422145,0.0123980281556565,-0.557253445701683,-0.00107819110987381,0.00172249480257631,0.00139144550912563
0.701472510270102,0.10453021881757,0.0155250515918518,-0.549510718216605,-0.00183846438109682,0.00069051833601982,-0.00138125952287258
0.765490915875894,0.130334259175443,0.0192819704373514,-0.53520433425322,-0.00257207551911482,-0.000539120169869815,-0.00408798105952583
0.818785842328046,0.155518519363704,0.023979880800647,-0.51645826660282,-0.00311443276938753,-0.00223125479865697,-0.0065303797868123
0.862086119796714,0.178508255876273,0.02927174098672,-0.494900025606691,-0.00339927914378939,-0.00454122530697408,-0.00847861855531828
0.894957440049041,0.196049106741848,0.033773187177108,-0.470627728447438,-0.00347162082112051,-0.00739819344075837,-0.00968779063831459
0.915535033577639,0.204923143960326,0.0355569596897146,-0.441555196084956,-0.00342029525540991,-0.0104386481341189,-0.00995907052004445
0.921677957524388,0.204379710403701,0.033550503850882,-0.404445690314328,-0.00326950862815349,-0.0131333666825356,-0.00922582954960699
0.912886178440552,0.196831929639683,0.0284636774925708,-0.357339687075141,-0.00294824914631632,-0.0150813406277419,-0.00759416818687749
0.89093501799504,0.185875074016513,0.0220598234510384,-0.301003607071739,-0.00238451204668137,-0.0162045518780395,-0.0052915278178515
0.858530049946693,0.173825681396227,0.0156633872854279,-0.238104431006748,-0.00161469520723656,-0.016685368131125,-0.00257402575298334
0.817949429807061,0.161006043993271,0.00945556444588388,-0.171673539811538,-0.000804039978737441,-0.0167933754730319,0.000327405204938579
0.77040896556885,0.14654587967615,0.00282338307936589,-0.104120168674226,-0.000183494367387134,-0.0167699104987463,0.00321016877780921
0.716222164866834,0.12975760358898,-0.00476008918882764,-0.0368963874270555,5.13026523329392e-05,-0.0167999835624018,0.00587427686363828
0.654565638784835,0.111277566174973,-0.0128400202067732,0.0298213334782059,-0.000147045404026708,-0.0169915091800331,0.00809140522574637
0.584471996380577,0.0936370433981557,-0.019615423783001,0.0969923007109844,-0.000602248983093153,-0.0173374071118082,0.00959566157232151
0.505854394764494,0.0801064407347271,-0.0228145143474041,0.165777862346774,-0.000978409098508846,-0.0176579777803008,0.0101357557578464
0.420988397364356,0.0722513406884805,-0.0215574518218998,0.235957729021324,-0.00101550917578092,-0.0176686094564672,0.00959801474667857
0.333647684057992,0.0685203270848896,-0.017192656398917,0.30540323242957,-0.000710716830584937,-0.0171576059539496,0.00807436338637921
0.247259145540736,0.0657942785095079,-0.0119922484570992,0.371262766596219,-0.000224954374633346,-0.0161053546864464,0.00579719853602024
0.163844073749369,0.0618988844821508,-0.00740987541887397,0.431348449088043,0.000336486363726165,-0.0146274539326233,0.00302693197019205
0.0841951936568624,0.0566784741908268,-0.00359331583344871,0.484616085183632,0.00102466712261635,-0.0128576433669144,-1.34375632357987e-06
0.00834786151430957,0.0514824754800733,2.37874255802697e-05,0.5310636751155,0.00199625988851415,-0.0108934424174509,-0.0030686747423553
-0.0641057754662452,0.0478432458006793,0.00385429382957126,0.571562002487931,0.00338093316246991,-0.00881456060348181,-0.00593599600175763
-0.133514352825076,0.0459040198082676,0.0075560379339729,0.607469095545452,0.00511983269302823,-0.00671365042115597,-0.00831275365054521
-0.199085973601912,0.0434463835586634,0.0100999066628228,0.639510484310054,0.00686136577726557,-0.00467370246170937,-0.00986869210313563
-0.257935555988472,0.0369430348413855,0.0106417917175446,0.666254774382202,0.00807220008186451,-0.0026931825786464,-0.0103224825648636
-0.305909183939011,0.0246312422420155,0.00942431979649785,0.684116661121536,0.00838097298785643,-0.000662086212980961,-0.00956846610942536
-0.340070411520267,0.00837987282136135,0.0075659298566185,0.689793127702233,0.00781642757246112,0.0015429228593411,-0.00772698854892341
-0.36021591271759,-0.00848601491828738,0.00602274663642572,0.682510066193693,0.00665998363032156,0.00394908232195935,-0.00507664826786553
-0.368193562647195,-0.0252259416751507,0.00509396408357902,0.663788084344817,0.00517324068665344,0.00647921790455512,-0.00195008222633489
-0.366432222576268,-0.0444423623044625,0.00481442925520547,0.635925860282766,0.0035382324901178,0.00900192167925689,0.00133172976396975
-0.356867460987791,-0.068680445929127,0.00537377429939905,0.60092687494745,0.00190848897272353,0.0113535414378189,0.00447422513665183
-0.34037861019817,-0.0973235384043107,0.00697736489687878,0.560074332025094,0.000433166687761441,0.0133342295025286,0.00719132299469948
-0.316669866319567,-0.126116877296714,0.00934391392109331,0.51377442169167,-0.000708066829358976,0.014750827038989,0.00919077340804628
-0.284875921013091,-0.149036523864561,0.0114076718826967,0.461666711594011,-0.00131327598722135,0.0155404390547584,0.0102029565555273
-0.245099367583307,-0.162031979632479,0.0118387872739975,0.403383054738743,-0.00128422516272944,0.0158751946418611,0.0100734676183842
-0.199633740300998,-0.165973217025642,0.010164994785263,0.339597416115798,-0.00075595504772458,0.0160876231716684,0.00886089121743344
-0.15208008562585,-0.1653661877005,0.00715581037389409,0.272134849630841,-3.61003558697207e-05,0.0164480549079342,0.00681821888532359
-0.105279697737367,-0.164344777672909,0.00396761844898686,0.20308427464301,0.000595061059205063,0.0170280706436583,0.00426332949548558
-0.0603601773640955,-0.164358245719348,0.00120493433584659,0.134041363603148,0.00100863340843848,0.0177339797664737,0.00147319585320745
-0.017056526335816,-0.164569489817161,-0.00125400316044,0.0658418358160021,0.00121327374730848,0.0183856550614384,-0.00134093714463652
0.025769871645437,-0.163294035528264,-0.00387922933642464,-0.00156755951080234,0.00127926131139337,0.0187483270864431,-0.00400962854047458
0.0697341517884066,-0.15938191437308,-0.00698172907971217,-0.0691457823562598,0.00126590627568383,0.0185437686708784,-0.00636514758878223
0.116340508732117,-0.153576392164666,-0.0103252956401854,-0.138394739700423,0.00118208828908551,0.0175458600770596,-0.00822041860922459
0.165970106885612,-0.148476682879104,-0.0130804066963821,-0.210562337461937,0.000992822468604267,0.0156851244634994,-0.00938346568462362
0.216767073224063,-0.147213562190297,-0.0143130659440292,-0.285103282597772,0.000682739814166568,0.013167323882156,-0.00971303254937579
0.264774657742322,-0.151187146318332,-0.0137178616754343,-0.358917786495416,0.000324231466601495,0.0104345975507215,-0.00917965312327372
0.305686488172244,-0.159005955295858,-0.0118414545374924,-0.42758223870949,7.06228123739906e-05,0.00794553008951513,-0.00787465951702064
0.336647248124609,-0.167706409246508,-0.00957257460719677,-0.487537470416942,7.30891298466978e-05,0.00595579652728245,-0.00596117525192712
0.356699652181809,-0.17488881804597,-0.00753241807942336,-0.537289843227531,0.000403081687889336,0.00446194628286999,-0.00361914886276651
0.366163518182207,-0.180019094120937,-0.00590820636149572,-0.577194745553038,0.00102960918497188,0.00327434739003712,-0.00101922708477185
0.365963852376419,-0.18435299643425,-0.00468242525219186,-0.608727581132373,0.00182680883248233,0.00211046556473101,0.00167423752420414
0.35737540228617,-0.189426406887627,-0.0039313938768896,-0.633893690170196,0.00258445892646241,0.00066224877376381,0.00428599774239285
0.341892811719751,-0.194380976406227,-0.00386882216499302,-0.654574317790893,0.00307196479726468,-0.00133644931644586,0.00661918203359585
0.320579887568312,-0.194513867124811,-0.00449368296452171,-0.671443576035202,0.0032082772890683,-0.00401093310341264,0.00845829129737416
0.292779554428366,-0.183945471842842,-0.00519468084339435,-0.682944233984771,0.00315327342655307,-0.00723897462257868,0.00957177529872702
0.25561049216784,-0.160003600252534,-0.00490482947439433,-0.685419082652301,0.00311884370506386,-0.0106125235179122,0.00974221474348343
0.205894414576625,-0.124857377513098,-0.00286939501642871,-0.6750328536259,0.00313265899214669,-0.0135752947234843,0.00886487326454239
0.143082194919567,-0.0836850847925225,0.000715573585996972,-0.650406288059213,0.00305188714164243,-0.0157221873705978,0.00702941072387173
0.0698660997608235,-0.0412234176410635,0.00503022507957001,-0.613397297397126,0.00276229315881753,-0.0169956098080282,0.00448168049046851
-0.00972263840399381,0.000435634909654738,0.00955894725288914,-0.56747398334359,0.00231966368499697,-0.0176129653894235,0.00151924829360417
-0.0922603385967461,0.041558840691045,0.0145578586456419,-0.515765524899424,0.00192914080603351,-0.017879107141288,-0.00157594405384682
-0.175726784465949,0.0830844574182898,0.0206906358765973,-0.460224443109364,0.00182474323902346,-0.0180608606047634,-0.00454511560082431
-0.25953883169201,0.124831080676223,0.0281254595075917,-0.401632151831138,0.00213064255300816,-0.0183353823821597,-0.00712957118702915
-0.344056140562424,0.164411025332858,0.0356606481313792,-0.339910170854001,0.0027613428299777,-0.0187478095053083,-0.00905275145643064
-0.429314899420082,0.197832548843332,0.0408192693402081,-0.274762300297548,0.00343936775286073,-0.0191656399654625,-0.0100512938307332
-0.513550479928529,0.222165968431096,0.0415335394651194,-0.206599206918883,0.00388525583022753,-0.0193170895969345,-0.00997922499172553
-0.593222975985256,0.237935903353806,0.0379887818733065,-0.136913106577606,0.00403505928866236,-0.0189655737802867,-0.00889951751533394
-0.664796079791266,0.248299593390182,0.032315862199714,-0.0676394403085304,0.00403044988706951,-0.0180638214864137,-0.00704117071182977
-0.72625333721976,0.256286180321553,0.0266857009433165,-0.000400001648570127,0.00402126364596435,-0.0167296457508433,-0.00467458529147781
-0.777101795914325,0.263155889235378,0.0220561050583885,0.0637140293971376,0.00402977816465565,-0.0151170573370115,-0.00203120709294298
-0.817496201036629,0.268438894620086,0.0181976398642738,0.124049957499693,0.00395788848198557,-0.0133252461939722,0.00070800673590827
-0.847925663695973,0.270851658671817,0.0143415414829325,0.180378786427246,0.00366973689042375,-0.0113976730112651,0.00338569724902933
-0.869295000328413,0.269287246849872,0.00986917101883766,0.233116752320093,0.00308880368427674,-0.00936280683570104,0.00583591188684183
-0.882850026329749,0.263644516641036,0.00483727726559093,0.283437082145774,0.00228436348926336,-0.00726372254857257,0.00786341252430081
-0.889502988405532,0.255266984084975,0.000155826746882311,0.332723544094406,0.00150341882360885,-0.00514372797638563,0.00925225320432084
-0.888714466225033,0.246518791928579,-0.00282920019768211,0.381270555015337,0.00108156188723123,-0.00300012841897129,0.00981432611448718
-0.878026612739885,0.239401622349031,-0.00323489820464112,0.427300745825876,0.0012486063812335,-0.000768016698674705,0.00945471169871784
-0.854174259593782,0.234193569125788,-0.00128357372912248,0.467631708706878,0.00198784795288259,0.00162859677632657,0.00820595182035006
-0.814986142048003,0.229403741821994,0.00194672545923508,0.499572598189509,0.00308245100520736,0.00421020889473431,0.00620953012392479
-0.760396675258326,0.223054575437063,0.00534733999151397,0.5222621277652,0.00428646561735061,0.00693045659742351,0.00366658821808821
-0.692138035054232,0.214034927728109,0.00834915559977681,0.536636187067375,0.00546025565015665,0.00971109137803767,0.000796131055769698
-0.61285623132375,0.202483735787917,0.0108892299072672,0.544596208913729,0.00658872478913426,0.0124624237637963,-0.00217756437253295
-0.525142891029947,0.189099140094322,0.0130393493369808,0.547976772963849,0.00769805852943969,0.0150632982230783,-0.00501275886580754
-0.430377012602185,0.173782310134515,0.0146922865721068,0.547343760115109,0.00872378540225884,0.0173361810082208,-0.00743289385595809
-0.327653646290948,0.154419508784975,0.0155552979921075,0.540845208007521,0.00942418778053178,0.0190800999384279,-0.00913095787877499
-0.214215014072765,0.127299599160435,0.0154705734215686,0.524448989520479,0.00948444848167891,0.0201873701864287,-0.00982863574742475
-0.0883684260968829,0.0900953118158619,0.0147360267002552,0.494880129515037,0.00882254775503903,0.020760284079434,-0.00939434691999066
0.0476176825355969,0.0447563464632499,0.0139786543969421,0.453024117308137,0.00775825866704866,0.0210720834885071,-0.00792833017683454
0.188353679228108,-0.0038113882632564,0.0137024931080193,0.403428249120596,0.00677618262576255,0.0213739079326175,-0.00570783087513718
0.328710406584009,-0.0516972026293145,0.0140859956383656,0.350652739023323,0.00618849861646722,0.021749063558114,-0.00305205994286983
0.46586418034128,-0.097709747889936,0.0151222038380969,0.296861355109331,0.00604687318038175,0.0221099886886562,-0.000237371993503462
0.599101297558473,-0.142109695696442,0.0167576709667599,0.241909601207944,0.006241698044016,0.0222576065315112,0.00251202003733234
0.728703501618087,-0.184522960698053,0.0188557122416185,0.184551324455079,0.00661708746858928,0.0219393637130634,0.00500043532012302
0.854748037179686,-0.222661712991991,0.0210756695323756,0.123790696930163,0.00704043247184127,0.020919448938477,0.00704167987164139
0.975970165457418,-0.252662793557517,0.0228701480378019,0.0601178113618637,0.00742771833243811,0.019084915841756,0.00846461578637564
1.08914255196831,-0.271181459405754,0.0237351323832298,-0.003898479331833,0.00773146813380427,0.0165485826591378,0.00914631325123642
1.18973298579813,-0.277882939214772,0.0235639531776569,-0.0644185560972639,0.00790995812740572,0.0136471377311224,0.00905188009612634
1.27371626838658,-0.275999405426592,0.0227333436087155,-0.11820931013173,0.00791361262481984,0.0107923583830779,0.00824667524065311
1.33909670410116,-0.270323397696678,0.0218029412327336,-0.163971979817261,0.00770249662761777,0.00828325384633932,0.00686788664284172
1.38583492372755,-0.264562701627578,0.0211437192239512,-0.202120316891625,0.00726810216971106,0.00621749781627241,0.00507608788909464
1.41469001205541,-0.260062054087382,0.0208102554260936,-0.233669986608483,0.0066366636155743,0.00452156530050891,0.00301713589749385
1.42624836736476,-0.256040868725765,0.0206486662754222,-0.25937692871339,0.00585978497069979,0.00302439027497508,0.000807659432884522
1.42063258205744,-0.250411847559047,0.0204702524452294,-0.27955182807709,0.00500676618840609,0.00151260065591744,-0.00145917784181632
1.39780376785195,-0.240575380075026,0.0201861194612097,-0.294388041708922,0.00416463282557907,-0.000241931606650676,-0.00369492526534945
1.35804484637384,-0.224241109384446,0.0198790666083535,-0.304463272990842,0.00343839436939213,-0.00246025964445205,-0.00579213100261853
1.30250453386324,-0.200634652270772,0.0197927649720848,-0.311086284420701,0.00293361367200746,-0.0053091277769734,-0.00760646794236916
1.23320655629716,-0.171827704317957,0.0201827623653556,-0.316018254493499,0.00270554686625876,-0.00881185850528118,-0.00895921894813022
1.1525265650342,-0.142955725609468,0.0210611538960782,-0.320489251501774,0.00270416440503709,-0.0127521844567113,-0.00966966289007777
1.06180479471241,-0.119998952332262,0.022054074343537,-0.324073378196481,0.00279076030563487,-0.0166690074747027,-0.00960390222794514
0.960825384653783,-0.106296903423304,0.0226201302282992,-0.32472942794996,0.00284921809943034,-0.0200213898461308,-0.00871957819559851
0.848389815829859,-0.100770727439873,0.0224738222716169,-0.320062878172862,0.00287445589543146,-0.0224382662425747,-0.00708140695457216
0.7242034971394,-0.0993766983622041,0.021787389515542,-0.308967815295413,0.0029287192746084,-0.0238630758970604,-0.00484388634576856
0.589582706372744,-0.0978420471993997,0.020986179190327,-0.29218703599276,0.00302050715007635,-0.0244881094923717,-0.00220567669949987
0.44734067654301,-0.0933876924870967,0.0204363442572425,-0.271888238230671,0.00304260724904506,-0.0246031857369174,0.000624693233408804
0.300458409158509,-0.0848866241988469,0.0202944713400279,-0.250406425000423,0.00281432973189966,-0.024473535842032,0.00343994572862442
0.150941263064658,-0.0724860334001904,0.020571322957783,-0.228897669504686,0.00219835923465142,-0.0243014499209492,0.00601902762246426
-0.00140640863268722,-0.0572855369832436,0.0212617398924472,-0.205943403068791,0.00123747571297049,-0.0241902097342388,0.00810507462213637
-0.158585929733293,-0.0410642176473196,0.022455325590694,-0.177598327798114,0.000230257536631175,-0.0240989807857529,0.00941113987721476
-0.321973029777279,-0.0254782539956563,0.0243384568614937,-0.140044967593942,-0.000387667308338852,-0.0238257124889847,0.00970793000720551
-0.489611044142768,-0.0110068474948815,0.0270623161291369,-0.093320295249392,-0.000342079591312418,-0.0231184671469206,0.00895888950657613
-0.656417920629957,0.00314257759985048,0.0305964692169737,-0.0416516674753598,0.000316463269568076,-0.021842565967854,0.00734102460109884
-0.816892496135528,0.0180047554533077,0.0347471323449414,0.00984374171276226,0.00136079271927075,-0.0200319890108829,0.00512607133245225
-0.967326253861477,0.0339510775739887,0.0392831362013988,0.0579726311557577,0.0026027856270159,-0.017810908420058,0.00257101711575227
-1.10614341455914,0.0504517024270259,0.0439887261401628,0.101916718752749,0.00396131902037417,-0.0152986569174724,-0.000113581555052324
-1.23288904488241,0.0661187113941892,0.0485912783526,0.142285765524014,0.00540590085692244,-0.0125700797935581,-0.00274895254146385
-1.34692018339885,0.0788193987235627,0.0526601103906251,0.179864910079974,0.00686460164252217,-0.00967208681984584,-0.00516217349707511
-1.44626701922893,0.0861491074123324,0.0556143076581364,0.214485967285287,0.0081549639652334,-0.00665412057433709,-0.00717048647697421
-1.52728632458098,0.0865982441499481,0.0569378869572825,0.244343519019803,0.00898237022308519,-0.00357693772030603,-0.00858683288633821
-1.58556304333048,0.0809891450395158,0.0565051693213528,0.266286702255233,0.00903451892113772,-0.000492319150690625,-0.00924637896362368
-1.61811162662458,0.0728300212686974,0.0547318570168915,0.277347816795993,0.00814262721227842,0.00257443320806244,-0.00904490371436937
-1.62497327662248,0.0666083292562495,0.0523350449821965,0.276555394045519,0.0063972021856382,0.00561160000579176,-0.00797287071241739
-1.60911913472721,0.0651718485059848,0.0499064990108573,0.265533228557099,0.00411218138507389,0.00859269258785048,-0.0061296629671835
-1.57377250330515,0.0685370795807911,0.0476480803057582,0.247173654096668,0.00165285692450781,0.0114726666140867,-0.00369665982337807
-1.52111932305643,0.0749290563258532,0.0454669059200781,0.224017367124054,-0.000720548348655906,0.0142099471835905,-0.000893902007872278
-1.4507811131913,0.0824803781702541,0.0431570355629148,0.197369161756918,-0.0028945219704881,0.0167586326015096,0.00205713819957776
-1.36285491303412,0.0903481096224871,0.0406430871768244,0.168171521140838,-0.00482953048666921,0.0190441713924118,0.0049288469390612
-1.2574366560539,0.0989257119370099,0.0380270692867291,0.137747945615027,-0.0064331505333681,0.0209118711286993,0.00746598642908945
-1.14003250976251,0.109806082482095,0.0357109040236687,0.10893291136162,-0.00747385616539845,0.0222117142106659,0.00937158811769211
-1.01832139946507,0.124669403939845,0.0341245066352947,0.0849014161863087,-0.0076396917291054,0.0228941804166307,0.0103312907258335
-0.90209179792657,0.143815508781793,0.0334894446538334,0.0674793889865297,-0.00684421302082052,0.0231763453000249,0.0101516988587463
-0.793528898445516,0.164970739968994,0.0335079936451438,0.0553172385272942,-0.00542297205092876,0.0233711099392313,0.00886114377894714
-0.688621257661001,0.184900488979241,0.0336793722576485,0.0454909724847601,-0.00395688964998444,0.0236938275059066,0.00671476770539271
-0.580604534951746,0.201137379733859,0.0336083523266672,0.0359295304611353,-0.00286871931438066,0.0241167349766864,0.00403302502146588
-0.466684799949581,0.212799489348342,0.033200944067059,0.0265253689171454,-0.00226668420662106,0.0244907168212189,0.00111204359361645
-0.347646972877268,0.21977056236611,0.0325240866749164,0.0181763981516273,-0.00202131198080073,0.0245959709069153,-0.0018098506770761
-0.2269479345413,0.222576161026474,0.0317272327085471,0.0113623556263763,-0.00192537257629268,0.024199523997896,-0.00452218536962716
-0.108082105505257,0.222266019018224,0.0309260198890437,0.00495497322281959,-0.00181011385294243,0.0230497315715664,-0.00681859105103167
0.00669427809387257,0.22071016506833,0.0301973464718368,-0.00386810919745904,-0.00159805382852949,0.020988560357206,-0.00849502665787787
0.117847912910488,0.21968602046356,0.0295229011677707,-0.0181347806160376,-0.00127642090464228,0.0180624821598728,-0.00938733698767318
0.228072494547955,0.21982924858255,0.0288222267224253,-0.0386308695639966,-0.000832928483015142,0.0146067173114739,-0.00944160404727195
0.34033182203859,0.219892000193848,0.0279740606248665,-0.062869025979322,-0.000215881102713434,0.0111017097181909,-0.00873403361534281
0.455829549809898,0.217715475890834,0.0268947243038378,-0.0866804920088417,0.00064049853018186,0.00795252522108538,-0.00742940292073423
0.573588693241357,0.211561703507413,0.0255639128502129,-0.106669718423546,0.00176498121367844,0.00534577657568314,-0.00570966033119403
0.691355829846626,0.200842931410769,0.0240106353043064,-0.12145261308315,0.00312121610017159,0.00326080272864401,-0.00373206401325258
0.80652921878061,0.186024031641301,0.0222771961827985,-0.131468205940372,0.00461453184889927,0.00155006615145414,-0.00161827175710371
0.916580695699169,0.168195448591503,0.0204063952341081,-0.138235492369614,0.00611726461569423,1.27559805421268e-05,0.000537818777282861
1.0189619419241,0.148571171602444,0.01846213158277,-0.143638105977797,0.00749662555865,-0.00156453882557739,0.00265577453026706
1.11086850085395,0.127981454169316,0.0165759606066241,-0.149325595577273,0.00863961314299235,-0.00338721503655012,0.00465228458099219
1.18928261476974,0.106364511662576,0.0149876803066997,-0.15609537928087,0.00947449422409271,-0.00562829996744063,0.00642522742809707
1.25162390697969,0.0824072020375969,0.0140244554146536,-0.163238195173347,0.00998460947718537,-0.00838028628264854,0.00784150619942141
1.2969766219353,0.0537452852992325,0.0139654984724615,-0.168219184242131,0.0102045284196757,-0.0115833662825224,0.00873711404203552
1.32712144053872,0.0181435278850408,0.014822879272573,-0.167422104285145,0.010192644012209,-0.0149749487998367,0.00894456700102744
1.34600393399188,-0.0247379296688707,0.0162282837023893,-0.158192051299265,0.0099944603949263,-0.0181432950566536,0.00835316634988086
1.35724015804942,-0.0725906457793126,0.0176356293268036,-0.140752374571956,0.00963131788268652,-0.020706874271438,0.00696787099874191
1.3616649524296,-0.121801449812046,0.0187296456438776,-0.117945104464753,0.00913475727562567,-0.022491481807987,0.00491309275118806
1.35723679178546,-0.169627078239539,0.0196537980032194,-0.0930510334493511,0.00859773686203938,-0.0235616326379327,0.00238282131318448
1.34089471552023,-0.215216401975623,0.0208887506931277,-0.067976082022828,0.00818924095028254,-0.0241255770800671,-0.000408321248188032
1.31046802478388,-0.259042520455746,0.0229393001934467,-0.0431099708842181,0.00810465996762162,-0.0244233908991173,-0.00323874116343907
1.26575660236464,-0.301401230738731,0.0260035286135066,-0.0184981391260423,0.00845944044123676,-0.0246503870319266,-0.00586392287317226
1.2087079558841,-0.340770120494466,0.0297298994939066,0.00459892372644687,0.00916186048783692,-0.0248967771864553,-0.00799598230035146
1.14236355853871,-0.373283474425154,0.0332696999433855,0.0229979044757677,0.00985873774695162,-0.0250870757749046,-0.00932128862615202
1.0685647394135,-0.394764477526594,0.0358306778994623,0.0330817945084886,0.010089905187394,-0.024978835138333,-0.00960063121592139
0.986291049549502,-0.404153067508248,0.037358038860894,0.0337294833802737,0.00960430409264934,-0.0243044345289475,-0.00880173060798255
0.892845237752868,-0.404288030824937,0.0385248835585115,0.0271916772781259,0.00849486127436572,-0.0229626015917244,-0.00711341442236352
0.78661613123896,-0.399278395760021,0.0400789641282004,0.0168450533364702,0.0070114949961331,-0.0210569719420455,-0.00482739886021614
0.668171717077437,-0.391860762794276,0.0423573409305671,0.00481161601628594,0.00533588978766837,-0.018777746352962,-0.00222564814140131
0.539544421135655,-0.38273764077688,0.0452607303055886,-0.00853067155830496,0.00352958522893166,-0.0162853911665118,0.000458512560461494
0.403520405500779,-0.371324254440639,0.048434258957545,-0.0236614662172535,0.00160671762381077,-0.0136813243322547,0.0030305474349393
0.263406815186898,-0.356758561969718,0.0514386254739087,-0.0407335800141139,-0.000373969080565396,-0.0110322925088504,0.00531432013806089
0.122833322362975,-0.338684032654816,0.0539020076256007,-0.0587576702293977,-0.00225126382264563,-0.00839260347268882,0.00714253548629192
-0.014974992006327,-0.317655156560578,0.055685277908616,-0.0755751552753604,-0.003766927368335,-0.00579441741101995,0.00836729107353061
-0.148223260229738,-0.295079755761964,0.0569958259405818,-0.0887458028556559,-0.00464790599812163,-0.00322270413810726,0.00888521140635321
-0.276908101319404,-0.272672415660819,0.0583162581994328,-0.0968338086159466,-0.0047286403000623,-0.000617463496959118,0.00865914318954228
-0.401986098435747,-0.25168935432699,0.0601411290113109,-0.100125982560771,-0.00402926741739668,0.0020813448662114,0.00772353658150662
-0.524046671122951,-0.232402643015571,0.0627026609768468,-0.100205668552117,-0.00273183472906678,0.00488506050004704,0.00617259771485619
-0.642422354554183,-0.214104516745417,0.0658696402239961,-0.0987364315706099,-0.00107925925861366,0.00774814806753188,0.00413579777828808
-0.755059893059048,-0.195559161572245,0.0692439979276846,-0.0964009889576751,0.000724323365243828,0.0105962079208359,0.00175462387012979
-0.859018633427547,-0.175465192049074,0.0723303017586208,-0.0926347188173343,0.00255598206649167,0.0133525219074878,-0.000826361406928938
-0.951227656475434,-0.152591977859751,0.0746502375107669,-0.0861354232121975,0.00435448456428589,0.0159349951468472,-0.0034525043131592
-1.02945072901903,-0.125781380704844,0.0758096060706961,-0.0758966219752962,0.00605855227576503,0.0182309819656672,-0.0059393229198252
-1.09343987798141,-0.0942489493556151,0.0756058733978229,-0.0624499819427945,0.00753375701616825,0.0200888078053451,-0.00804955435216497
-1.14578740125522,-0.0583803582977096,0.0742230052470394,-0.0486264453078948,0.00855033514505906,0.0213722647359503,-0.00949061802189826
-1.19094452780743,-0.0202669196030254,0.0723221922815309,-0.0385558715915081,0.00889875549991999,0.0220721578913273,-0.00997523349947965
-1.23176489170303,0.0173879708875352,0.0706923979372844,-0.034571886574352,0.00861299708825254,0.0223681205686901,-0.0093578709834208
-1.26651063835981,0.0535544220105556,0.0696034729653353,-0.0348985766152267,0.00803602808582624,0.0225268051938075,-0.00773594228049868
-1.29042961510795,0.0895226871893459,0.0686490709585219,-0.0352817371186464,0.0075822925586104,0.0227292014514778,-0.00538872802452658
-1.299965587153,0.127219448859411,0.0672473597864476,-0.0324969327744123,0.0074747356045667,0.0230053232101853,-0.00263419071438935
-1.29456101685777,0.167438816489817,0.0651280007563244,-0.0258588062182428,0.00769784101532433,0.0232643512924269,0.000249457974551649
-1.27551710848996,0.20922288187542,0.0624859531085149,-0.0163482867833598,0.00810112454477043,0.0233287852675769,0.00302399855345529
-1.24405946963422,0.250114127856483,0.0599334470240921,-0.00490161804900211,0.00852409517621603,0.0229610619383708,0.00546763347743148
-1.19984539536421,0.287055128543033,0.0582860742569823,0.00897150466721973,0.00887716038905614,0.0219226978917588,0.00736556561995213
-1.1408735449655,0.317947199513117,0.0581282924571704,0.0273969103923557,0.00914589611001279,0.0200917210177642,0.00853204004142739
-1.06525069712684,0.34314588863486,0.0593434716904607,0.0526948270797991,0.00932263923130426,0.0175763775204737,0.00886295446459003
-0.97359861663811,0.365417753080175,0.0610904093508281,0.0852315568865464,0.00934029862086038,0.0146986728117949,0.00838264460826937
-0.869582822670591,0.388028822931032,0.0623724359593262,0.122683288454423,0.00908712379468645,0.0118238145114611,0.00723475543792014
-0.758105729186299,0.412773542680264,0.0626480646562593,0.161394730607797,0.00847760693167084,0.0091852144346597,0.00561987944956976
-0.64325846751417,0.439562077121064,0.0619599115072118,0.198240628316765,0.00749717903153301,0.00683149203313761,0.00373205395914385
-0.527622481544456,0.467240897496566,0.0606819567715139,0.231487864036306,0.00619456479017439,0.00467252473775944,0.00172838496511062
-0.412678085250888,0.49450573332038,0.0592414159913914,0.260611313694192,0.00465119901897556,0.00254661499693449,-0.000271248263427357
-0.299487657027228,0.520317506511308,0.057981741475514,0.285674863644344,0.00295602176757985,0.000270742868394821,-0.00216994911859233
-0.189217468848565,0.543876867261032,0.0571314612048645,0.30669639830922,0.00119206544329585,-0.00232239635507096,-0.00387727562222468
-0.0834574011845714,0.564436794209905,0.0567975635913166,0.323146026199306,-0.000570175789420755,-0.00534522349624101,-0.00529799508724234
0.0156261205244182,0.581156383348459,0.0569508364880444,0.333698032821422,-0.00227526637308697,-0.00880942422271502,-0.00633069602898609
0.105394712444673,0.593006390907017,0.0574327240261048,0.336444859691556,-0.00387759113084188,-0.0125901727242065,-0.00687824863537586
0.18331140310418,0.598586479746412,0.0580269011086111,0.329676747108998,-0.00532712445871956,-0.0164326404460332,-0.00686794041203921
0.248036684962034,0.595834855265866,0.0585768756261006,0.312877220650761,-0.00655973007854131,-0.0200201009093819,-0.00627258494182102
0.300582782577227,0.581973850191363,0.059055130031309,0.287166735374227,-0.0075146963351633,-0.0230787858972718,-0.00512057067894207
0.344683422703825,0.554084048925843,0.0595151727552917,0.254730966359942,-0.0081820111205067,-0.0254600388582669,-0.00349112905437519
0.385945566452935,0.510143330179056,0.0599767141591378,0.217681036151827,-0.00864595493045502,-0.0271581570929628,-0.00150431939881405
0.430196115354901,0.449910076668369,0.0603571993429842,0.177279719500412,-0.00908214899021381,-0.0282717450502926,0.000683708100187718
0.481763948580656,0.375233772057488,0.0605109820634384,0.134075845450693,-0.00968955534195487,-0.0289421223497278,0.00287955183292462
0.542220300650748,0.289783889616219,0.0603516786578591,0.0887780678770495,-0.0105745616816825,-0.0292915886679471,0.00485329602273376
0.610062307286866,0.198286882661852,0.0599663403499957,0.0431412368807021,-0.0116477828628616,-0.0293676192399584,0.0063554327079326
0.681927439084295,0.105420946644597,0.0595969445911444,-9.43589214570523e-05,-0.0126334789851931,-0.0291083092603313,0.00716719115992983
0.755029354362038,0.0149414581990409,0.0594554928671406,-0.0385425963309479,-0.0132397988679095,-0.0283703849298763,0.00717760942555476
0.828769986382781,-0.0702746322994645,0.0595534013353143,-0.0716164952739404,-0.0133560919482507,-0.0270301190397891,0.00643180974637314
0.903897783773589,-0.147539156668069,0.0597438426589312,-0.100534191823562,-0.0130769793440368,-0.0250754370907762,0.00510162421550232
0.980348548276512,-0.214039164464401,0.0598929580680472,-0.127077278978761,-0.0125650291993041,-0.0226029015636663,0.00340801475269283
1.05589004511744,-0.267262378678261,0.0599750762806926,-0.152469680048654,-0.0119238371099128,-0.0197432789296921,0.00155760061743968
1.12627843016135,-0.305760907133139,0.0600531196199361,-0.177050394355244,-0.0111672391821237,-0.0165976474876288,-0.00028384440279807
1.18633823699106,-0.329792450560439,0.0602149430767041,-0.200487048300853,-0.0102523578844941,-0.0132209812377335,-0.00199391468606061
1.2312326748355,-0.341520559149419,0.0605166718338593,-0.222105345404308,-0.0091269250694599,-0.00964072700456237,-0.00348769565154678
1.25750921510076,-0.344611540758233,0.0609501786588983,-0.241145713286988,-0.00776807822010879,-0.00588600506004272,-0.0047096561472847
1.2636599259973,-0.343291937510749,0.0614402688363346,-0.256947107583013,-0.00620537156321114,-0.00200895508232784,-0.00562368661913907
1.25006778241339,-0.341200053280816,0.0618758469034279,-0.269093573435299,-0.00452368857111291,0.00191044793658896,-0.00620150926770782
1.218384944342,-0.340509277351348,0.0621692804593411,-0.277493622137109,-0.00284363490634798,0.00577598643974902,-0.00641308753546777
1.17064823625782,-0.341731780437685,0.062321173810019,-0.282323905735593,-0.00128498682287044,0.00949566441693887,-0.00622529372314444
1.10853308182431,-0.344287217525146,0.062446543199329,-0.283819248316817,7.05059219398537e-05,0.0130005716403435,-0.00561218217967839
1.03312757813181,-0.347479908261949,0.0627271026148843,-0.282041281380128,0.00119681098525215,0.0162543607403866,-0.00457284142913167
0.945250988398897,-0.351232383769425,0.063303309547719,-0.276819228343187,0.00211359880326585,0.0192510629769136,-0.00314643448923779
0.846002781290666,-0.35614796208829,0.0641803995173619,-0.26793653934748,0.00286011688220866,0.0220024225434053,-0.00141641314865462
0.737054891313965,-0.363021364677524,0.0652203656515881,-0.255386495007913,0.00347417692984429,0.0245162206730072,0.000495076521079255
0.620445333576427,-0.372253255361475,0.0662410310094285,-0.239432195488328,0.00399025330448729,0.0267702488889513,0.00243499576592598
0.497940819309182,-0.383500592851711,0.0671934278326144,-0.220347752310007,0.00445562730180094,0.0286936891525892,0.00422447915690692
0.370328972997367,-0.395673701780432,0.0683406601257162,-0.197989947381581,0.0049461120199783,0.0301746269251638,0.00566449641106959
0.237247189086603,-0.407313926825718,0.0702791906220326,-0.171601379602349,0.00554682026904766,0.0311069385196979,0.0065548265026912
0.0981256647459348,-0.417285802298554,0.0736357605437759,-0.14028134433913,0.0062779111707873,0.0314603294140477,0.00674110427353029
-0.046144030101859,-0.425352642385773,0.0785559139820561,-0.104000466023887,0.00701869306517288,0.0313143363506239,0.00617923647045981
-0.192456398460438,-0.432041844083995,0.0844881149892821,-0.0641908764998374,0.00753358565473407,0.0308062407007358,0.00496471139949658
-0.336579590626035,-0.437882535033112,0.0905540061817336,-0.0232168797473323,0.00760235895997311,0.0300328280014986,0.00329233873831541
-0.474856910969191,-0.442777857190446,0.0961135799890832,0.0166392723858016,0.00713007016880751,0.0289942555987285,0.0013859736174991
-0.605015523514355,-0.445922613512679,0.101024037642009,0.0536935903825937,0.00615796693847805,0.0276062783887629,-0.000548174291344388
-0.725973118062764,-0.446078562552173,0.105538793580404,0.0867138974904355,0.00480833368227053,0.0257502529365149,-0.00233760572509999
-0.837242616301777,-0.441922813899667,0.110044903004117,0.114535852633935,0.0032232159373924,0.0233313000354456,-0.00384741738938394
-0.938336413032552,-0.432351015317271,0.114804142539707,0.135852781374707,0.0015277266102711,0.0203285245345104,-0.00498371821286158
-1.02839213372261,-0.416715914929599,0.119801690357453,0.149350241772547,-0.000179041512241246,0.0168234104559073,-0.00569690602659603
-1.10614781645379,-0.39492470103554,0.124752842755049,0.154090971911581,-0.0018167989772399,0.0129914393892548,-0.00598055527391331
-1.1702268999459,-0.367329938367429,0.12923958058878,0.149879399096269,-0.00331351218313963,0.00905684830842955,-0.00586292484300515
-1.21955620420601,-0.334492165301163,0.132882871943138,0.137380393130383,-0.00459880673187387,0.00523278051682361,-0.00539272855634965
-1.25367430478091,-0.296965119154453,0.135454312216456,0.117963341348576,-0.00560313988070243,0.00167421829054544,-0.00462400038776808
-1.27282106293842,-0.25521597209266,0.136898200945071,0.0934004636343073,-0.00626236016543996,-0.00154211110171539,-0.00360497143441156
-1.27781785791701,-0.209671424865728,0.137292686524269,0.0655553026299624,-0.00652654892643322,-0.00441423590645989,-0.00237358399616816
-1.2698746753757,-0.160829519437867,0.136799633808747,0.0361331184284523,-0.00637141819199089,-0.00699912286322861,-0.000960150374447938
-1.25039638874714,-0.1093814820857,0.135630084681104,0.00651408990649419,-0.00580959569818078,-0.00939454468710617,0.000604024397902298
-1.22085546927461,-0.056360747937938,0.134037054014207,-0.0222971666004596,-0.00489910240089604,-0.0117229558679767,0.00227366989272366
-1.18256408858273,-0.0033173166899753,0.132314634421904,-0.0495395339891942,-0.00374500223530911,-0.0141150944906512,0.00397470142580786
-1.1362386234135,0.0475921980318275,0.130776157529614,-0.0743145580330055,-0.00248931523675934,-0.0166855316009536,0.00559139174277525
-1.08118846081944,0.0939345223051642,0.129649413804198,-0.0950280170184692,-0.00128380583717607,-0.0194883275953364,0.00696165725475304
-1.01479456223621,0.134027604400579,0.128901391641587,-0.109075265840499,-0.000249846277031556,-0.0224556767603517,0.00788901928117423
-0.933176771551654,0.168290862830581,0.128100580326413,-0.113441883328572,0.000554586929093965,-0.025357237111335,0.00817948023905529
-0.833752130084796,0.199587818401421,0.126578855289907,-0.106373680842326,0.00113560352541713,-0.0278562481791127,0.00770441962916457
-0.717561255654759,0.231520334178423,0.123886059266746,-0.0887421193741726,0.00153920682177672,-0.0296690973686895,0.00645692705495919
-0.58897677619425,0.265917061364242,0.12018185305566,-0.0634942290466249,0.00184154592033765,-0.0307097490493083,0.00455565993857339
-0.452857593310454,0.301922226863429,0.116151033353371,-0.033658343953808,0.0021617740918546,-0.0310862704200091,0.00219280223462006
-0.312287458228063,0.337267855269795,0.11259170910344,-0.000963320164283562,0.00265643429290163,-0.0309914857443864,-0.000420085491703993
-0.168311891647055,0.370234085800658,0.109984540911073,0.0340362193626249,0.0034654900938438,-0.0305942387897225,-0.00307219389412822
-0.0213537410810705,0.401071772375817,0.108237336103318,0.0707997648315021,0.00462038583112809,-0.0299888051300106,-0.00554019990857066
0.126847154099553,0.432184683198311,0.106667803419845,0.107495920508281,0.00595288566215222,-0.0291821409484783,-0.00757018117628734
0.272067380549496,0.466476812869385,0.104390735459509,0.140626963879724,0.00708906421505976,-0.0280989910869999,-0.00889989545844133
0.408710712554026,0.50436504162327,0.101038347015013,0.16648359451046,0.00761724053383627,-0.0266176140414483,-0.00934664307962025
0.532752617223151,0.542345002819922,0.0971343645502581,0.183436589615973,0.00733513975924085,-0.0246514256224191,-0.00889294515462615
0.643467231255959,0.575181564907111,0.0936296953783873,0.192527589635163,0.00631792855249906,-0.0222229885871832,-0.00767333875858329
0.74245983663284,0.599344983029811,0.091186097652454,0.195932876603153,0.00476858552232404,-0.0194586454448842,-0.00589110213199807
0.831520408291442,0.614215043644268,0.0898996985722054,0.195177390267626,0.00285567100094332,-0.0165090791122733,-0.00374920462723882
0.911102694783691,0.620997503470069,0.0894523467548748,0.190419263754332,0.000664251158778598,-0.0134738395807052,-0.0014216633115477
0.980147139718421,0.621326369278902,0.089375463953703,0.180794592494619,-0.00176818926730003,-0.0103849409076847,0.00094722526630813
1.03668832497603,0.616488055403531,0.0892182056311915,0.165230767882694,-0.00439697321236655,-0.00723647036309522,0.00323331519487389
1.07864464949656,0.607231928653053,0.0886264469248869,0.143312212428482,-0.00712805925072496,-0.00402800955304164,0.00532156494451843
1.10453728026415,0.593735008666354,0.0874009026379052,0.115950572447171,-0.00979400151493272,-0.000791892691564319,0.0070986250501979
1.11420802342757,0.575448857965618,0.0855654978060837,0.0855969452386042,-0.0121520781824064,0.00241269261746281,0.00845158007788483
1.10948467474364,0.550919944854405,0.0834032050657876,0.0556991203797859,-0.0139160639667283,0.00553561261856266,0.00927241205522633
1.09441441104535,0.518032064607092,0.0813909288176026,0.029387240588846,-0.014829553909904,0.00857340074374666,0.00946751732530757
1.07444062064117,0.474955368426434,0.0800128472676153,0.00797888543966081,-0.0147629665490929,0.0115712531778077,0.00897434027869523
1.05443238515654,0.421403457459662,0.0795354594286642,-0.00962372834010988,-0.0137808122207693,0.0145794018793529,0.00778405143405172
1.03662157479701,0.359252927403028,0.079889881841766,-0.0259595870529441,-0.0121199569966628,0.0176022566454055,0.00595612771995069
1.01994861206642,0.292049989796401,0.0807408946846452,-0.0430626680869687,-0.0100791095418687,0.0205896960166711,0.00360977534584347
1.00099434055078,0.223897354070447,0.0816643021148748,-0.0609986933814288,-0.00789486424302414,0.0234679597266182,0.000898740757334928
0.975364504853592,0.158419722279247,0.082291690937821,-0.0777533802346248,-0.00568334833430123,0.026159440860705,-0.00200723990706788
0.938788994864703,0.097938686083783,0.0823619113738864,-0.0903353479949604,-0.00347049505443201,0.0285571026626386,-0.00491893549491968
0.888341887772024,0.0427453487730226,0.0817211206863285,-0.0966855923603664,-0.00129096643056626,0.0304768180447772,-0.00760283739765061
0.824151395874652,-0.00925246393062634,0.0803390959321252,-0.0978887606501005,0.000699262562735612,0.0316602205054303,-0.00975161470541316
0.750384295924139,-0.0616917172314229,0.0783557237764315,-0.0990751370469425,0.00222506715505325,0.0319073637071084,-0.0109997804194407
0.672705498376951,-0.117335676941475,0.0760409250053934,-0.106283739685807,0.00313705839431679,0.0312975745774867,-0.0110638182822488
0.59269255863704,-0.175990217660967,0.0735519013745657,-0.120399916429431,0.00368390094822011,0.0302308530928629,-0.0099495525045573
0.506178487126537,-0.235473782268766,0.0707180211588942,-0.135829441474681,0.00435784026486388,0.0291451912929113,-0.00795526401406913
0.408302532674834,-0.294125784357919,0.0672024568836202,-0.145923565220006,0.00548619645372935,0.028259044025044,-0.00545781308698062
0.297945925451162,-0.351619864532098,0.0628077664393228,-0.147574558314808,0.0070805509963161,0.0275663336585399,-0.002765453315943
0.177559330919324,-0.408061739795254,0.0575811821334116,-0.14134883740699,0.00894541823106005,0.0269219713741999,-0.000103664955734988
0.0512950413164332,-0.462941185229875,0.0518267841811528,-0.129598181818556,0.0108298280502272,0.0261126573808385,0.00235431310982017
-0.0766287701244344,-0.514561918525386,0.0460969992126076,-0.114677016731668,0.0125276672944838,0.0249016092540859,0.00446680530483148
-0.203048895551607,-0.560122919648639,0.0410975805123162,-0.0978269946536272,0.0139176100648976,0.0230760072024832,0.00611985886522644
-0.326451644624299,-0.596576808704223,0.0374372958491825,-0.0788233897937295,0.0149540838516931,0.0205128356163771,0.00723612172502068
-0.446843357996579,-0.622037808750649,0.0353220470514146,-0.0564585075909657,0.0156342811352456,0.0172407726336105,0.00778895191573142
-0.564902488694433,-0.636776682766723,0.0344276788254788,-0.0295891308166325,0.0159704046458513,0.0134451814812049,0.0078089432840128
-0.680881073822908,-0.642954617432345,0.0340884134800102,0.00192881543103897,0.0159827474820018,0.00939901035560735,0.00737334375674947
-0.793929243403606,-0.643354552391595,0.0336587506385563,0.0369955590960881,0.0157059131509281,0.00536518689127649,0.00658237750630014
-0.902138556116157,-0.640146072944739,0.0327783039114603,0.0737113862919243,0.0151908398943956,0.00152878619489375,0.00553423352641762
-1.00306527019279,-0.63438992374821,0.0314121516802904,0.110059082743179,0.0144961290573345,-0.00202149025805935,0.00430763653880062
-1.09431369544789,-0.626221631654332,0.0297377953978481,0.144403698206917,0.0136762507816458,-0.00527905902813662,0.00295538893966322
-1.17390116663683,-0.615263075845706,0.028009895366823,0.175681702419774,0.0127760606702165,-0.00829600575745553,0.00150807369178311
-1.24037169252064,-0.60093166411604,0.0264774136897073,0.203367232117889,0.0118348415518901,-0.0111630586463438,-1.48870627189235e-05
-1.29275030862372,-0.582570950930543,0.0253557110663802,0.227331415306088,0.0108965341766865,-0.0139940889584822,-0.00158997178203717
-1.33042139276311,-0.559497627539351,0.024820187989111,0.24763372857947,0.0100189759752713,-0.0169094323107856,-0.00317279735320735
-1.35294886286726,-0.531135409635864,0.0249850267485961,0.264213494315213,0.00927309784127288,-0.0200090933517184,-0.00468269786116997
-1.35983721391921,-0.49739907463507,0.0258519452824672,0.276473122336361,0.00872509613316339,-0.0233285000803126,-0.00599291171388728
-1.35029682558515,-0.459277684056931,0.0272581689368469,0.282920152037889,0.00840459817414346,-0.0267823580580383,-0.00693333361751055
-1.32323929121837,-0.419091238481714,0.0288954151416168,0.281301427795263,0.00827816689612107,-0.0301306653764295,-0.00731599023375518
-1.27777887652267,-0.379619206957985,0.0304434323567014,0.26961620342696,0.0082541380238098,-0.0330234736572864,-0.00699034103558232
-1.21405516762324,-0.342137510962293,0.0317342145557585,0.247535096492836,0.00822027369693755,-0.035140947409667,-0.00591112273271551
-1.1335604577329,-0.305004292032301,0.0327829490780324,0.216826609288599,0.00807321091599646,-0.0363385140477379,-0.00417035131076372
-1.03862163616049,-0.264394839049578,0.0336609451752682,0.180234347155153,0.00770948175128525,-0.0366769211471945,-0.00196754939250932
-0.931639493188569,-0.216590832270894,0.0343697824714003,0.140026083746389,0.00701864702003862,-0.0363352530133954,0.000446825330063744
-0.814787431000413,-0.160080738332339,0.034841821524906,0.0975158856105366,0.00593449233600292,-0.0355048546916659,0.00281041171010832
-0.690093819500698,-0.09641811417742,0.0350347278336421,0.0535421851580184,0.00452701428435134,-0.0343256492527903,0.00486747686596961
-0.559564183880925,-0.0294205515561048,0.0350116686252367,0.00914130733149392,0.00304814141188071,-0.0328623749608774,0.00639221183907373
-0.425139925926948,0.0372524600928576,0.0349186246480692,-0.0342528715232442,0.00184704585039992,-0.0311052075640187,0.00723388763731753
-0.28872197446952,0.102574353064004,0.0348821539027931,-0.0752052981416471,0.00118813387100579,-0.0290050936906727,0.00736187050963896
-0.152293663870702,0.16837155921956,0.0349470973298917,-0.112821532472594,0.00113370074488397,-0.0265348920936774,0.00686558519012304
-0.0179716874508235,0.237224914968226,0.0351153682000713,-0.146906723081345,0.00158724208275204,-0.0237341565577719,0.00590496757138486
0.112227813060384,0.310305306615403,0.0354040532010664,-0.17769062211181,0.00241274807820729,-0.0206991085456636,0.00465038092383185
0.236701937462612,0.386631400082159,0.0358473424113246,-0.20541290739905,0.00351279981197208,-0.0175347625083683,0.00324328863592156
0.35439621572927,0.463490178459924,0.0364551320718068,-0.230035717997353,0.00483870756713006,-0.0143115811858938,0.00178231012805902
0.464762381244342,0.537299575480023,0.0371773542131174,-0.251200854220935,0.00636595564867401,-0.0110522224975554,0.000327120716087047
0.567677727184591,0.6044705620409,0.0378927004299962,-0.268384199114283,0.00806866577418928,-0.00774157060637231,-0.00109010184903788
0.66332601042701,0.66202457555727,0.0384136853819683,-0.281109332916003,0.00990661805740988,-0.00434470416860892,-0.00245232499060588
0.752035478010855,0.7079301292463,0.0385042348328358,-0.289142603799532,0.0118236444431041,-0.000827066957923996,-0.00374607912190547
0.834120420663254,0.741251511026485,0.0379136593646354,-0.292635931537824,0.0137504499822004,0.00282564060308251,-0.00495071435658129
0.909691366196354,0.762178457260502,0.0364366414312122,-0.292160701457017,0.015605397612375,0.00659161378629258,-0.00602826013623918
0.978374481768015,0.771962514578339,0.0340131795476753,-0.288569088578505,0.0172924474308634,0.0104061868744446,-0.00691455865033496
1.03891207555993,0.772632499434278,0.0308571890872536,-0.282620474762876,0.0187005974965585,0.0141697468137237,-0.00751422116800181
1.08890042689755,0.766364353622615,0.0275411622000642,-0.274456579526502,0.0197135956229073,0.017771840905464,-0.00770500754379766
1.12513518001976,0.754536549449525,0.0248938578505253,-0.263237434239341,0.0202376963906189,0.0211240462875852,-0.00735953488766583
1.14492267954808,0.737007466348041,0.0236287417910925,-0.247410345881691,0.0202460167585445,0.024186393423798,-0.00638859582068803
1.14764210631482,0.712323346684237,0.023907177990189,-0.225696940096237,0.0198110805046923,0.0269713064868874,-0.00478906580488277
1.13516261862026,0.679008280323964,0.025276633881567,-0.198147952656198,0.01908876149401,0.0295223677125382,-0.00266109405803813
1.11051932671554,0.636838256686136,0.0271043500071536,-0.166341811437493,0.0182555054663981,0.0318740063316203,-0.000181691845603535
1.07614912914175,0.587043219907395,0.0290854816728839,-0.132556539949894,0.0174540107968325,0.0340039153952773,0.00243379054402786
1.03274748546262,0.531193890042167,0.0313820612917597,-0.0983293560095956,0.0167863982311612,0.0357877892240794,0.00495123364699205
0.979321297666939,0.469628025679177,0.0343271515808257,-0.0630428551526497,0.0163503928776399,0.0369959007933354,0.00711615100354083
0.914176851766054,0.40040973046484,0.0378809594900763,-0.0234522249846009,0.0162561720659681,0.0373705607160684,0.00865607316498334
0.837161375612735,0.320538118808157,0.0412770366476372,0.0243949861282819,0.0165639872563267,0.0368070625877966,0.00933220490872999
0.751187365174564,0.229234064562103,0.0433937788181012,0.0812369388482165,0.0171658672006194,0.0354959579778742,0.00905140336399641
0.6610767846553,0.130094199707741,0.0436916137041141,0.142723991113902,0.0177831051947631,0.0338359782447783,0.00793758509441135
0.570521039319789,0.0291362705946022,0.0426025805680235,0.202323569289378,0.0181299209916883,0.0321642349144657,0.00626016886250414
0.480837253969692,-0.068619150977866,0.0410118139934338,0.25536096533364,0.0180671436608451,0.0305978715919231,0.00430578018688171
0.391897048635835,-0.160606782331081,0.0396124897221254,0.30026467601821,0.0176156976740105,0.0290634771380492,0.00230765930924176
0.303500011248774,-0.246192297321294,0.0386859363943637,0.337534467497447,0.0168827920510097,0.0273963427684932,0.000434131462507443
0.216091246215832,-0.325658362549849,0.0382052072479757,0.368371490893818,0.0159862740975208,0.0254188485315922,-0.00120302855960929
0.130877187171322,-0.399494695384071,0.0380116437343891,0.393830909040358,0.0150155686761752,0.0229861654396583,-0.00253808797969153
0.0496883244916627,-0.4680557715549,0.0379415334752956,0.41448958664825,0.0140311064616947,0.0200123838756466,-0.00354145813510778
-0.0252629784341175,-0.531406630292014,0.0378922170774022,0.430433343286521,0.0130909479782105,0.0164837923097538,-0.00420994237188815
-0.0918182011944043,-0.589163400828709,0.0378496570281755,0.441410295268458,0.0122871151311752,0.012458101002419,-0.00455789894110027
-0.148631304227222,-0.640236675835212,0.037884436965982,0.447026000151021,0.0117636812234049,0.00804883414632269,-0.00461242132046433
-0.196097431595098,-0.682646056670783,0.0381037944003531,0.4468822636126,0.0116832582391658,0.00339817460168069,-0.00441417616528855
-0.236773758526526,-0.713808141833337,0.0385651542468748,0.440638460497974,0.01214085993665,-0.00135412287996144,-0.00401774059538541
-0.274576194255079,-0.731413121160028,0.0392091879728428,0.428052409959951,0.01309155348308,-0.00609384598557969,-0.00348159758618659
-0.313090294788862,-0.734307375964268,0.0398752870466212,0.409047542997556,0.0143671606005853,-0.0107380378051056,-0.00285013010909089
-0.354290638723759,-0.72273624434478,0.0403833383739136,0.383793030124852,0.0157645731035747,-0.0152266922045003,-0.00214310793029592
-0.398377660673402,-0.697971045401436,0.0406089278276026,0.352739151315919,0.0171218263827083,-0.0195125785523644,-0.00136129974278161
-0.444313971883287,-0.661772735232835,0.0405148403869545,0.316581980021944,0.0183385029213469,-0.0235559290913225,-0.000502359754860011
-0.490407351642583,-0.615989977097472,0.0401538402774193,0.276168122127114,0.0193585072797589,-0.0273227181644263,0.000422575847350059
-0.534678470018335,-0.562273243136149,0.0396612849272404,0.232320558943524,0.0201472713520334,-0.0307820068719373,0.00137702083329893
-0.575083995781473,-0.501810931869687,0.0392335825730834,0.185574641924764,0.0206817876222617,-0.0338985570423338,0.00229365145282654
-0.609767905181386,-0.435130892531029,0.0390760446080523,0.135911745525728,0.0209580859187699,-0.0366209854447718,0.00307589022829083
-0.637424781355336,-0.362151087816567,0.0393191142174463,0.0827052678521618,0.0210099806981571,-0.0388714367017444,0.0036085624057553
-0.657663436850591,-0.282656553008922,0.039946714879443,0.0251140415941357,0.0209241345888452,-0.040549071148463,0.00378096712493041
-0.671041026930319,-0.197037430868385,0.0408068223721084,-0.0371444911505847,0.0208332263270617,-0.0415545998529639,0.00352095126728206
-0.678590723665747,-0.106748832346505,0.041720326327505,-0.103178387823501,0.0208836269075298,-0.0418252954733685,0.00282599676762474
-0.68116759261845,-0.0140543497912592,0.0425891955562106,-0.171034488593324,0.0211936100937983,-0.0413522638312413,0.00177169589300013
-0.679233482143013,0.0786795053475414,0.0433940991598163,-0.238418818098111,0.0218199689333239,-0.0401672154310739,0.000493796198278928
-0.673223392457304,0.16946503319014,0.0441074458620093,-0.303329353753677,0.0227368412180006,-0.0383155533747577,-0.00084198144274855
-0.664019786105134,0.256624132187453,0.044649275778289,-0.364160814506014,0.0238319559294458,-0.0358409410263643,-0.0020701209393971
-0.652961565377871,0.338412480195653,0.0449489423713737,-0.419456536512137,0.0249355975258094,-0.0327879624748908,-0.00305338535939037
-0.641231516669782,0.412774927667852,0.0450399270801984,-0.467748244761056,0.0258848617631022,-0.0292125014941862,-0.0037054773030197
-0.62894959086233,0.477446491761058,0.0450674456300871,-0.507695653835847,0.0265878128127418,-0.0251867654601223,-0.00399861391738604
-0.61456941132004,0.530302861811224,0.0451767681113246,-0.538348986699904,0.027033907592131,-0.0207950351486412,-0.00395191209999524
-0.595215835571261,0.56976378174989,0.0453692393173436,-0.559252198925354,0.0272391971946074,-0.0161263383081432,-0.00361035136820017
-0.568075499277003,0.595059351736678,0.0454517779175772,-0.570352287120153,0.0271897403917811,-0.0112704142475181,-0.00302646334921742
-0.531764749746284,0.606196930778322,0.0451237114518014,-0.571872722457548,0.0268466724831299,-0.00631414185406911,-0.00224795765965072
-0.48654394183253,0.603692981095235,0.0441116249471429,-0.564215567774689,0.0261858168214366,-0.00133463142433433,-0.00131121079907011
-0.433677485802532,0.588309024883776,0.0422534995060289,-0.54786069641034,0.0252164925283582,0.00360587499620243,-0.000241918108800596
-0.374810347879736,0.560909621867336,0.0395261659667249,-0.52327655932389,0.0239769503370725,0.00845725850581477,0.00093781491887136
-0.311660474140516,0.522409254745565,0.0360484185418545,-0.490884662879753,0.0225282545718596,0.0131717668756317,0.00219868716017582
-0.24588358485104,0.473765280340459,0.0320659546242195,-0.451107760964689,0.0209561790866545,0.0176925849350163,0.00349205629405084
-0.178917985793462,0.416026298159353,0.027891881136691,-0.404529084368721,0.0193786145787643,0.0219474632075403,0.00473808202809045
-0.111721538032719,0.350479108929767,0.0237720810121054,-0.352170506580027,0.0179500971172053,0.025853886254363,0.00581652429690182
-0.0444970821892758,0.278890999906861,0.0197012519869793,-0.295785513826897,0.0168488698386799,0.0293384656406263,0.00656594622717676
0.0232570943124559,0.20366141463403,0.0153413840427449,-0.237841736858493,0.0162283046360897,0.0323639555245311,0.00680362071370211
0.0920232948520374,0.127497898203058,0.0102552576551682,-0.180796703750946,0.016134040520388,0.0349461226180925,0.00637883178689511
0.161154492793101,0.0524964263807917,0.00440589151285444,-0.125869211096939,0.0164441574299252,0.0371408170391095,0.00524393649905914
0.228429419113788,-0.0206425398520338,-0.00155820923505185,-0.0724544707987033,0.0169149976467018,0.0390010269252243,0.00348657187632437
0.290827059224307,-0.0923811671564996,-0.00658590691946104,-0.0189489691032954,0.0173208065191889,0.0405338257399984,0.0012933577954769
0.345848170606007,-0.163424201066672,-0.00982158083504833,0.0358846412701561,0.0175688112150286,0.0416807056997545,-0.0011085685157306
0.392502502507291,-0.23405812698849,-0.0111184981363975,0.0922307495522911,0.0177061030045458,0.042301528075046,-0.00348228697860694
0.43170346765756,-0.303949926095078,-0.0113019293564598,0.149290441397882,0.017844524827021,0.0421672973416574,-0.0055840897727688
0.466056267373572,-0.372179126551203,-0.0119915514837466,0.205671486548308,0.0180875490356388,0.0410288762576162,-0.00717316910576951
0.498512993425478,-0.437347387108075,-0.0147266848535821,0.259881799996799,0.0185146112649537,0.0387690003642583,-0.00806127797402579
0.53022962520279,-0.497809954065944,-0.0197999805815699,0.310788425053823,0.0192139684642801,0.0355354520278803,-0.0081859482328902
0.559513518436196,-0.551993791417523,-0.0259926441435068,0.357802346079689,0.0202895546528827,0.0316997582277858,-0.0076361154480315
0.583062458703845,-0.598563511995464,-0.0315719247280169,0.400643110740223,0.021814225469939,0.0276647450981848,-0.00659936715720294
0.598013201265321,-0.636257716955311,-0.035400853406747,0.438877994337108,0.0237867570264065,0.0237030660425447,-0.00528568509040887
0.602899753122308,-0.663614267176994,-0.0372274985041034,0.471645043656502,0.0261400477673329,0.0199230307954517,-0.00387728621346085
0.597362282555256,-0.678897771573647,-0.0373504944357041,0.497754863164862,0.0287875109319825,0.0163197473995684,-0.00250577553493051
0.58141530842565,-0.680196827479773,-0.0362113968460271,0.515989497007273,0.031666148793394,0.0128403105231453,-0.00124497041396138
0.554920773225187,-0.665487202179242,-0.0341817378775702,0.525352807792072,0.0347468401026746,0.00942774987723597,-0.000113485817630664
0.51757494965648,-0.632630263006799,-0.0315396421478107,0.525204922442284,0.0380053104204164,0.00604051335379658,0.000916155194068351
0.469561553477549,-0.579524946320579,-0.0285407217709922,0.515319809033009,0.0413626404281974,0.00265413241686844,0.0019025922801895
0.412799822704053,-0.5047786304715,-0.0254896516469796,0.495891975465762,0.0446242256338776,-0.000749357493717284,0.00291122598795602
0.35201284399075,-0.408979672573127,-0.0227404881589352,0.46750608626922,0.0474764616061838,-0.00419780972769075,0.00397844737713066
0.294133987261657,-0.295672144880409,-0.0206187621588316,0.431169627860055,0.0495887316606676,-0.0077361911836088,0.00507784204673087
0.245628197709366,-0.170636825270201,-0.0193664583057766,0.388591027063809,0.0507630955222204,-0.0114040295623905,0.00611393774598752
0.209813600355583,-0.0398627173195316,-0.0191966134682747,0.342679856125914,0.0509961020459898,-0.0151821278376018,0.00694841870395872
0.18634648238131,0.0914621779240145,-0.0203463239226989,0.297752122466187,0.0504201838409728,-0.0189440253610646,0.0074335162638633
0.172465853805204,0.218097847260714,-0.0229422727771034,0.258655186518605,0.0492248845518112,-0.0224592399780577,0.00743837400245855
0.164549720799049,0.333979568024899,-0.0267371259303063,0.228698601076934,0.0476256359327521,-0.0254677498364629,0.00687850476695076
0.15936454822021,0.433373838203482,-0.0310450303556215,0.207805942892274,0.045844365737457,-0.0277910486988845,0.00574241805293818
0.154801403327853,0.513066874554024,-0.0350549371255621,0.192757896863598,0.0440666989200579,-0.0294047071862197,0.00408991931442336
0.149902262436773,0.573335093442535,-0.0382521039319804,0.179418435244632,0.0424195428678681,-0.0304326804074331,0.00202554403217753
0.144369844416557,0.617081770713785,-0.0405806374497654,0.164985384187974,0.0410046095067148,-0.0310931413603795,-0.000322477372654769
0.138046129386466,0.648033402808913,-0.0422789039107152,0.148820170797439,0.0399455863628545,-0.0316370437253615,-0.00280409750830538
0.130708853315944,0.668796059675327,-0.0435409405313045,0.131716383030798,0.0393920007351943,-0.0322908228107036,-0.00523681736187755
0.122248810221579,0.679212131386503,-0.0442002091427089,0.114045658561953,0.0394557053501827,-0.0331893070421312,-0.00739240269462397
0.112982797959855,0.675765160047555,-0.0436733637068059,0.0936980759197413,0.0400901160708046,-0.0342870580660786,-0.00899283570786228
0.103588563088098,0.653644417950973,-0.041401449323046,0.0658613288309831,0.041004839135548,-0.0353051426345258,-0.00974988383293578
0.0943699924929949,0.611618779983989,-0.0375767288336756,0.0263642856533262,0.0417761495066024,-0.0358366522057021,-0.00948736684214628
0.0846021872582898,0.554712434029227,-0.033259250088109,-0.0241429573471485,0.0421179613832061,-0.0355964301917554,-0.00826093994852918
0.0728947067390171,0.490719362860935,-0.029580878590168,-0.0803598963511215,0.0420125883470569,-0.034578558856559,-0.00632227379697596
0.057941142773084,0.425045204581106,-0.027026554273491,-0.136239925537316,0.0415943672092531,-0.0329780635974116,-0.00397773952703187
0.0387059377585413,0.359073772269499,-0.0254373749968682,-0.187903699383681,0.0409981702231995,-0.0310113953878712,-0.00149350205337014
0.0141202275515413,0.291545016582434,-0.0243738985167666,-0.233984504203661,0.0403246688719889,-0.028812434913917,0.000922094831047131
-0.0173622763775788,0.220340248477587,-0.0234024855932113,-0.274756136400925,0.0396752310294504,-0.0264252729300853,0.00310760108793066
-0.0580737425760319,0.143688605132744,-0.0222422419904052,-0.31123201234076,0.03916906342733,-0.0238387809853001,0.00494452715981042
-0.11098822815572,0.0610220649288628,-0.0208517737315241,-0.344544716585486,0.0389006609109185,-0.0210212932598599,0.00636826850714095
-0.178902100579295,-0.0263567176986107,-0.0194593471899793,-0.375595109660201,0.038857292392354,-0.017946690149702,0.00738023424095532
-0.263044752514881,-0.115043019603016,-0.0184876087405132,-0.404964042948918,0.0388665224499187,-0.0146183609249761,0.00803832352295326
-0.361558667685837,-0.199994587373332,-0.0183844606385642,-0.432947306894598,0.0386424646479321,-0.0110904336078344,0.00841825734907422
-0.468660320268147,-0.275707013480378,-0.0194337175000989,-0.459412431036543,0.0379352771909962,-0.00747252474817041,0.00856518497671119
-0.575535880529563,-0.337743188981695,-0.0216279931332913,-0.483422434105496,0.0366968566241052,-0.00390584574673353,0.00846550269646085
-0.673040406729913,-0.383766063912844,-0.0246758930175499,-0.503062263251926,0.0351283872778484,-0.000519127345922776,0.00805582649118116
-0.754439098268946,-0.413482110591532,-0.0281412341595648,-0.515913265144353,0.0335628253508986,0.00260775895547545,0.00726096095090499
-0.816434941593048,-0.427949747126711,-0.0316106427383423,-0.519987760661564,0.0322901437342453,0.00545443006880971,0.00603487021100658
-0.858609343180864,-0.428957728307065,-0.0348039184212794,-0.514442791326973,0.0314581217408465,0.00805459814360506,0.00438130996266954
-0.882387211266614,-0.418623071190225,-0.0376332323467947,-0.499690976791005,0.0310766989929116,0.0104905907044342,0.00234942250357632
-0.890170833738338,-0.399192516219484,-0.0402274581575958,-0.477159821921443,0.0310739651017551,0.0128861563855597,1.82926176572603e-05
-0.884658922070368,-0.373116993087864,-0.0428729395075394,-0.449105128962114,0.0313503936436679,0.0153833267624606,-0.0025116008843171
-0.868127444975748,-0.343277958467469,-0.0457812443360204,-0.418502623852612,0.0318089581591418,0.0180944212538735,-0.00511290559711739
-0.841496498547945,-0.312896922548975,-0.0486552402455367,-0.38856789303883,0.0323562769855307,0.021037659488382,-0.00761848164504583
-0.803351407066994,-0.284518574339147,-0.0502654528629293,-0.361322144077555,0.0328658371206179,0.0240877100373894,-0.00981329909427885
-0.749741698255724,-0.258007980936739,-0.048595473089592,-0.335294169278313,0.0331019697069719,0.0269866462996356,-0.011437331505634
-0.676115894901292,-0.229070930082517,-0.0420572467254876,-0.30411616179461,0.0326778945806984,0.0294437607125032,-0.0122042742278932
-0.581825666535505,-0.191201271157462,-0.0312006831253901,-0.259158503277736,0.0312281875868363,0.031305036511203,-0.0118724686360847
-0.473155040887728,-0.141322182957074,-0.0188753952718713,-0.196356706575046,0.0288001312179664,0.0326663314982844,-0.0103914126067281
-0.359410922789327,-0.0830645144408494,-0.00787751240609875,-0.120151257105981,0.0259846190608014,0.0337582147329241,-0.0079816471244322
-0.246388797429798,-0.0232292564423741,0.00119641663435615,-0.0391579860808849,0.0235155182353656,0.034738644857624,-0.00500649728424914
-0.134501623009551,0.0336322168642252,0.00954529031000356,0.0406637992347267,0.021820720069831,0.0356142041207666,-0.00178077872456738
-0.0216275389681435,0.086851062625984,0.0185021088878108,0.118082838871911,0.020966517048743,0.0362713691874688,0.00147976677298082
0.0936016683062772,0.138542792799142,0.0283000355592058,0.194855926392588,0.0208138107757107,0.0364879125212697,0.00460494830187618
0.209466549703735,0.191853533827136,0.0375541542891988,0.272938219720831,0.0211722025844704,0.0359604043299433,0.00740470972498003
0.320291988611526,0.248577366898939,0.0436361944414847,0.351465143685644,0.0218714884137039,0.0343904174178517,0.00964132241258843
0.418304823946844,0.306334616073291,0.0443733002472037,0.424774442748635,0.0227604963268918,0.0316908139144812,0.0110653032688592
0.498731512771879,0.357998464897837,0.0402204983506036,0.484503219020142,0.0236555373436264,0.0281741245784635,0.0115235026660024
0.563665813726504,0.395723856553433,0.0343221100705396,0.525580133701796,0.0243333680249404,0.0244580363312148,0.011058308484965
0.619693881411248,0.416093089174683,0.0299168997029365,0.549679892959945,0.0246156460215255,0.0211200175219453,0.0098871220219477
0.672159496317305,0.420891591069377,0.0281929538656525,0.562468855689673,0.0244365146977601,0.0184576305330793,0.00829003195251419
0.722069568683594,0.414066647633486,0.0284781234616424,0.568938038835824,0.023820043477963,0.0165028258001257,0.006514412745321
0.766789772084381,0.39899805810011,0.0295217062437394,0.571364838311736,0.0228302581925859,0.0151496487449994,0.00473716965886356
0.802138022743688,0.377709031191142,0.0303833780790302,0.569819584272496,0.0215539407512785,0.0142529440210464,0.00306539532698409
0.824175438875974,0.351142929009519,0.0306678973097029,0.563379860743676,0.0201224045249926,0.0136672363132543,0.00155570565774495
0.830591362312064,0.319410445273771,0.030427502167387,0.551010606837646,0.0187393784501622,0.0132478382150822,0.000240803900978735
0.82179035040381,0.281794047443145,0.029966069776995,0.531976762681809,0.0176512820781962,0.0128430316484939,-0.0008489977121436
0.800851896660344,0.237071523825176,0.0296156878917813,0.505970245249305,0.0170342699489711,0.0123036420840584,-0.00168340220374806
0.771792631219958,0.184390578362004,0.0295747337415753,0.473093534009993,0.0168993510263766,0.0115146994737607,-0.00224816969559337
0.737585638314642,0.123948451825543,0.0298945645148749,0.433771176372872,0.0171235510077309,0.0104214945994212,-0.00255771210596553
0.699598919291907,0.0569159084626669,0.0305567127224627,0.388647158436587,0.0175519651027555,0.00902794686168473,-0.00265047576575975
0.658160252839751,-0.0150472284670821,0.0315321286375729,0.338493119043613,0.0180645586959696,0.0073759475420732,-0.00257540835073359
0.613228359170142,-0.0901976783688977,0.0327969899879265,0.28413762406161,0.0185885775023985,0.00552311843922147,-0.00238077908476575
0.564764332661769,-0.166907095864248,0.0343289375406674,0.226422720331458,0.0190867176837707,0.00352699047876704,-0.00210851026341074
0.512866312274112,-0.243721533331404,0.036100617040726,0.166183467096965,0.0195427075406282,0.00143616917738506,-0.00179269282100315
0.457799804997859,-0.319357502247884,0.0380742215124467,0.104242116714647,0.0199504963469444,-0.000713138879906693,-0.00146052602687321
0.399999751879467,-0.392674739292258,0.0401968365313527,0.0414108201838995,0.0203069690769903,-0.00289703803220937,-0.00113448325806806
0.34007136980024,-0.462641474193941,0.0423967919113957,-0.0215015118842833,0.0206070427007124,-0.0051018664425984,-0.000834921032311029
0.278795996616372,-0.528296763411493,0.0445821053371355,-0.0836805711528002,0.020840418577737,-0.00732137027478317,-0.000582568715331644
0.217141900976052,-0.588711566409758,0.0466424777004335,-0.144298551869316,0.0209898543381299,-0.00955408658516589,-0.000400420242998207
0.156275639385401,-0.642947549228834,0.0484558061379347,-0.202511002350419,0.0210311894854059,-0.0118016552010591,-0.000314523047115095
0.0975756579968631,-0.69002637373911,0.0499005622949329,-0.257468096070869,0.020936365998216,-0.0140687352894913,-0.000353090022736066
0.0426379411915491,-0.728917541526305,0.0508737681067691,-0.308355258522084,0.0206808465053611,-0.0163648667250795,-0.00054327776374173
-0.00674456339727229,-0.758553996121251,0.0513139229226145,-0.35447676878911,0.0202573280305517,-0.0187079647261191,-0.000905142777899199
-0.0486782605303537,-0.777868328433664,0.0512273324228194,-0.395379339424603,0.0196966445928867,-0.0211276877340113,-0.00144301415009898
-0.0814480375798839,-0.785837729635977,0.0507146838887531,-0.430979248072178,0.0190927834621003,-0.023665017621089,-0.00213629020298331
-0.104142450465445,-0.781520970870503,0.0499849447246073,-0.461593851346073,0.0186178703793846,-0.026361986173659,-0.00293443071850956
-0.117673863816514,-0.764149326866152,0.0493296150880334,-0.487744610420922,0.0184988847609913,-0.0292365351253138,-0.0037622394665755
-0.125712449648567,-0.733349972450113,0.0490293245775363,-0.509657720286219,0.0189303602594034,-0.0322453112992704,-0.00453543092652378
-0.134367946875001,-0.689393042381627,0.0492175973758088,-0.526653834494862,0.0199524272689242,-0.0352534315203658,-0.00517239620057999
-0.149987153957917,-0.633046094011233,0.0497940606595209,-0.536905004845326,0.0213975353162968,-0.0380357670029723,-0.00558696246406208
-0.176543406629574,-0.565077306684466,0.0504470287152543,-0.538002444011804,0.0229708561303276,-0.0403166448895313,-0.00567816607437702
-0.21465792314656,-0.486243650667086,0.0507562490271495,-0.528246619159316,0.0243865236253948,-0.041838485540167,-0.00535435230041172
-0.262205771129005,-0.397909201665754,0.0503587506387054,-0.507799873275927,0.0254551900077451,-0.0424417648367323,-0.00458903678829445
-0.315468062241913,-0.30224761625787,0.0491387772380565,-0.478650202592437,0.0261089977746496,-0.0421139168240287,-0.00345667393009118
-0.370425113301771,-0.201561785604744,0.0472970916308891,-0.443367822601529,0.0263868882101034,-0.0409672678185568,-0.00211444577109648
-0.423830561912208,-0.0975164808616309,0.0452352362088549,-0.403811160343021,0.0264001856235208,-0.0391670556953846,-0.00075101467788604
-0.473630988785858,0.00896490496013575,0.0433701440246033,-0.360730672438485,0.026296748556609,-0.0368671427611078,0.000461702476324776
-0.518758778270004,0.117233773324847,0.042006378285645,-0.314208023371742,0.0262280031651047,-0.0341828535584316,0.00139964367334933
-0.55867848268057,0.226397942101965,0.0412978866842794,-0.264327646593848,0.0263166712938006,-0.0311925935796621,0.00200099548706209
-0.593018100797229,0.33512050928852,0.0412718736552469,-0.211576923306033,0.0266328469116889,-0.0279490931416893,0.00226444639113697
-0.621411068881244,0.441754343022898,0.0418758523684681,-0.156841712486398,0.027189675276941,-0.0244886631251166,0.00223326678036733
-0.643506642665013,0.544599403201121,0.0430172913071834,-0.101174326473685,0.0279578047431179,-0.0208359359468949,0.00197281276456881
-0.659043413616708,0.642083131230478,0.0445835042227302,-0.0455749917882122,0.0288862950355545,-0.0170058943949608,0.00155089730494164
-0.667910033775663,0.732810030836143,0.0464459540788454,0.00909986550042378,0.0299186063376091,-0.0130054944097143,0.00102622180498792
-0.670167724294652,0.8155256207704,0.0484580883557617,0.0621216520234471,0.0309996907739597,-0.00883614168753412,0.000444821605281358
-0.666042739531071,0.889052801494629,0.0504535853601237,0.112825247121099,0.0320758378612442,-0.00449755920726932,-0.00015794723170123
-0.655899947196955,0.952233202638123,0.0522496143595945,0.1605372279276,0.033090500940787,7.02638616614181e-06,-0.000752385288142198
-0.640195648468374,1.00388525192657,0.0536596654374688,0.204513064855862,0.0339788973957092,0.00466497282787925,-0.00130819942343046
-0.61939674392533,1.04278722426485,0.0545201951043699,0.243891962752584,0.0346637699424681,0.00944855832119517,-0.00178840685305556
-0.593858398312177,1.06770167835064,0.0547306494538252,0.277686775492418,0.0350550929268603,0.0143107193967637,-0.00214491861659769
-0.563684243182475,1.07746254908979,0.0542948192831319,0.304838343364011,0.0350573194853359,0.0191831579624569,-0.00231793214172742
-0.528655623049685,1.07114006350136,0.0533378794494316,0.324359553725459,0.0345878480477401,0.0239772543857843,-0.00224185714448871
-0.488337890175288,1.04822638027408,0.0520716971581752,0.335544772373496,0.0336059937997658,0.0285871587745941,-0.00185994277375013
-0.442406654859193,1.00874961590343,0.0507133298902661,0.338157886144575,0.0321446067884116,0.0328939553291789,-0.00114677477497095
-0.390985892982294,0.953200545994251,0.0494111423585639,0.332484321900398,0.0303278242013012,0.0367684855157661,-0.000132254332657457
-0.33466729838308,0.882434612661927,0.0482505627065478,0.319275279535463,0.0283641200885643,0.0400734892492331,0.00108320785482947
-0.274036342030627,0.797780480573145,0.0473323111945718,0.299729489867009,0.0265115276005925,0.0426674505773763,0.00233090967109669
-0.209174247507578,0.701547740404237,0.0468225778096219,0.27563459410723,0.0250204806211433,0.0444243272649425,0.00339729239406544
-0.139781281105614,0.597220805841475,0.0468676577604873,0.249335825706396,0.0240490172417433,0.0452700829467401,0.00407108606484104
-0.0660543373771662,0.488643074122465,0.0474383747337434,0.223137762414435,0.0235820500879477,0.0452228021579992,0.00421009379356873
0.0107552559730166,0.37831785425387,0.0482914811541959,0.198262175283948,0.0234273122303694,0.0443853610429692,0.00379739610795463
0.0889227199112201,0.266718635894246,0.0491333742347341,0.174406027933381,0.0233328867632288,0.0428889049097521,0.00294325863867341
0.16732628034844,0.153389149030949,0.0498013696577652,0.150387215958109,0.023130049239233,0.0408321480171661,0.00182838900143106
0.245773162057187,0.0385482552159105,0.0502958083970848,0.125193186180893,0.0227850385620503,0.0382692341396984,0.00063487316488357
0.324460418595906,-0.0763876776337017,0.0506920718752328,0.0985013811195973,0.0223524635018893,0.0352290049344296,-0.000497099560579991
0.403297744618849,-0.189293739098444,0.0510573258805673,0.0705880727827646,0.021906397055466,0.0317402254534279,-0.00148227215695922
0.481609362500087,-0.298034705833094,0.0514205541925851,0.0420057492419369,0.0214987334105835,0.0278465093100908,-0.00228526621524455
0.55822711136891,-0.400856673051492,0.0517809427598223,0.013342353539009,0.0211502984991818,0.0236111152768693,-0.00290790985817868
0.631730601239998,-0.496441190813551,0.0521242272475978,-0.014868209295022,0.020859033252371,0.019113152134571,-0.0033747137184793
0.700643729775749,-0.583797074285128,0.0524342265533547,-0.042139329648251,0.0206125910309583,0.0144401825180274,-0.00371935433884299
0.76352156544598,-0.662145285511205,0.0526983354284497,-0.0680039307223719,0.0203990037228239,0.00968142907426837,-0.00397352837536889
0.818981919606211,-0.730881396473661,0.0529114936187319,-0.0920089192345528,0.0202143105653859,0.00492497802393656,-0.00415880750896135
0.865731846463146,-0.789607356387433,0.0530788092453139,-0.113741942629946,0.020066428389265,0.000258490806647067,-0.00428147141971069
0.902630040263628,-0.838195213809206,0.0532165285168726,-0.13287914983829,0.0199754600169765,-0.00422836600957004,-0.00433019275037825
0.928765235958899,-0.876812715343685,0.0533493112292748,-0.149231424904042,0.0199703267048311,-0.0084427966317819,-0.00427634223644629
0.943539007706863,-0.905880691714326,0.05350611794533,-0.162766712596384,0.0200831632537803,-0.0122917922177598,-0.00407695387804408
0.946689823213297,-0.925927367401389,0.0537171674576453,-0.173582944564108,0.020342475524836,-0.0156911954904164,-0.00368015459366722
0.93824285276609,-0.937385989079293,0.0540182727782473,-0.18182103074179,0.0207667954379745,-0.0185807882107742,-0.00303276123151871
0.918348962786114,-0.940378779141183,0.0544638928881882,-0.187519038490341,0.0213582133209277,-0.0209416031201268,-0.00208898692497127
0.88706859840594,-0.934598158430468,0.0551477879968789,-0.190434896789064,0.0220947655280158,-0.0228098096156314,-0.000819207687835512
0.844113635543391,-0.919330037007499,0.0562185438680438,-0.189853129097036,0.0229188704595494,-0.0242820677579379,0.000781721415108736
0.788635162615285,-0.893732085763631,0.0578700820984681,-0.184403162542238,0.02372303961783,-0.0255130792453436,0.00268516000220175
0.719162168853628,-0.857448474596105,0.0602695721895016,-0.171992389102057,0.0243406621351514,-0.0267067042050388,0.00481626024810357
0.634092548820045,-0.811655102422827,0.0633896641419561,-0.150231606166286,0.0245658147457515,-0.0280940999329694,0.00703780082638869
0.53323376262369,-0.760127314323801,0.0667760375312432,-0.117954144788382,0.0242329145431698,-0.0298690855846531,0.0091320746753442
0.4202976977379,-0.709066468615892,0.0694695522170042,-0.0778522930181051,0.0233539893447534,-0.0320462904363558,0.0107870626738912
0.304079078271268,-0.663973949665084,0.0704605921027515,-0.037944906825797,0.0222067276510438,-0.034291252027147,0.0116230713371097
0.194564502256003,-0.624609872396453,0.0696515580775529,-0.0077593247519984,0.0211982125770297,-0.0359652725678023,0.0113359163423557
0.0954819726985173,-0.584139535097531,0.0681953494137162,0.00938535409277337,0.0205476694431619,-0.0365438319793983,0.00989726825852946
0.00274425493371043,-0.535508903302723,0.0674322252765944,0.0182592488187281,0.020177466789564,-0.0359889355386718,0.00755779924686544
-0.0892499308088727,-0.477482673402489,0.0678294902588274,0.0256731251865137,0.0199334684942215,-0.0346639936782168,0.00466332379157051
-0.182441750165161,-0.413827649661379,0.0690071496715343,0.0352208543404201,0.0197664618657741,-0.0330040538557528,0.00151863025206988
-0.27472145786482,-0.34889079741174,0.0702957235779672,0.046636250434209,0.0197063966267858,-0.0312802716310978,-0.00163743569048904
-0.362007338799957,-0.284410526396429,0.0713007427378241,0.0574033136175259,0.0197730245163387,-0.0295675334879339,-0.00459695245098417
-0.440994657178663,-0.218072527677814,0.0722572958190537,0.0645435902798234,0.0199077012707262,-0.0277987452005753,-0.00714800715399161
-0.511658509632025,-0.144498990534514,0.074017662860987,0.0661734920682781,0.019957037085188,-0.0258386506719829,-0.00907442532352681
-0.577892939675458,-0.0592792303064913,0.0774886177119501,0.0626121186435949,0.0197210807791068,-0.0235591960265552,-0.0102155845120169
-0.644750302744993,0.0366246167488347,0.0828409791439024,0.0562046244149933,0.0190466974579128,-0.0209063928407452,-0.0105467334529753
-0.71425858702921,0.136835989859948,0.0893110160706461,0.0496449556862497,0.0178973817590309,-0.0179330472166109,-0.0101828308773158
-0.784004832385834,0.233787080082786,0.0957686525081139,0.0442661122734581,0.0163539674602571,-0.0147821003701367,-0.00930117230363513
-0.849041127251077,0.322532226225325,0.101340871581852,0.0396801516172651,0.014563315714216,-0.0116311207377375,-0.00806850943734943
-0.904632435088588,0.401603765903036,0.105631045302267,0.0345831196150627,0.0126794802033109,-0.00863198890400485,-0.00661283563447903
-0.947915724450479,0.471843607908908,0.108625082647029,0.0277672297959088,0.0108241913045344,-0.00586913422522837,-0.00502152800602887
-0.978114529898137,0.534826490199073,0.110505832182473,0.0187090339636727,0.00907240350494194,-0.00334504979971933,-0.00334757882780788
-0.995927724212484,0.591755289460722,0.111510830108364,0.00766426374534836,0.00745653081039621,-0.000991244353350261,-0.00161925620060763
-1.0027840610745,0.642994006807963,0.111868076030979,-0.0045269993611164,0.00597870343325933,0.00130552653699065,0.000148759493756538
-1.00028483203771,0.688051738000741,0.111788556339001,-0.0167357514947854,0.00462393511696645,0.00367161147066157,0.00194485666446204
-0.989920747717245,0.725815220746369,0.111489842874144,-0.0278556918044257,0.00337370183012923,0.00621395527506314,0.00375115389317115
-0.972940697875949,0.754867546714078,0.11122140858563,-0.0371106874797249,0.0022224382251659,0.00898903996711976,0.0055348531640472
-0.950265371876791,0.773878471215794,0.111270041081005,-0.044330574616502,0.0011998748611598,0.0119787946744715,0.00723947714414324
-0.922171291943371,0.782033186480662,0.111898622568907,-0.0500903032418888,0.000396274731547915,0.0150857298938706,0.0087754755710849
-0.887740378805904,0.779594430004577,0.113193734936126,-0.0555378460024675,-2.27584907819354e-05,0.0181634505616336,0.0100108317600671
-0.844223438510909,0.768383917402057,0.114832568664518,-0.0617777102143365,0.000159868879701819,0.0210831146230763,0.0107641606873585
-0.787402207252911,0.751812250346165,0.115973716779307,-0.0689937654244515,0.00112130560513793,0.0238040211701047,0.0108165985367355
-0.713794001841999,0.733538347575647,0.115579868645052,-0.0758964552302924,0.00285310138603663,0.0263843673664031,0.00997253613138781
-0.623865451535905,0.715113436498604,0.113207027189623,-0.0802120998543364,0.00507247669682233,0.0289076515717257,0.00816976548175759
-0.522556106358137,0.694784333111756,0.109470813738019,-0.0801686533902909,0.00732786525875265,0.0313879920837292,0.00554051660057444
-0.416355395721716,0.669269172809525,0.105605125357845,-0.0758327575657513,0.00924466174458078,0.033753901559155,0.00234983250034325
-0.310319250832717,0.636231152066827,0.102682596918361,-0.0691546437065428,0.0106898942977784,0.0358835170387653,-0.00110822756212867
-0.207084670482885,0.59503853852531,0.101232100116584,-0.0627087451883435,0.011750947894203,0.0375974307299343,-0.0045519347725903
-0.106425341544461,0.54607041891045,0.10114284748972,-0.0576157286797507,0.0125746451040159,0.0385981685080291,-0.00768897159659295
-0.00458375402363305,0.490114191851809,0.10161278942341,-0.0514266426064464,0.0131645858039106,0.0384726211691611,-0.0101775928758071
0.104641253438541,0.428550905881368,0.10141437345903,-0.0381177099590174,0.0133196842759384,0.0369106553086576,-0.0116509426804772
0.224861219317403,0.363726933216089,0.0998384077471672,-0.0126937736348644,0.012885476849891,0.0340875747364143,-0.0118874966107286
0.352323969429217,0.297996685819503,0.0974719926006097,0.0231411883576032,0.0120521770557205,0.0307149283564656,-0.0109948045490558
0.478462424878332,0.232126778297595,0.0956155423246807,0.0621892165841231,0.0112344536579852,0.027549304463931,-0.00932506714456293
0.596277232185238,0.165561796777066,0.0951519093511891,0.097713545784458,0.0107351857250703,0.0249763532426197,-0.00724171741532987
0.702884713019127,0.0979718470915386,0.0961654797149682,0.126406173133265,0.0106142209575382,0.0230104518930368,-0.00501124936186931
0.79816471917851,0.0300568180501326,0.0982272964891273,0.14767971191727,0.0107583731370129,0.0214697590943165,-0.00280805921201944
0.882843121152774,-0.0366046411154346,0.100775162181777,0.162125802778831,0.0109945930556947,0.0201186973493988,-0.000741416409211382
0.957355794697946,-0.0999985783339111,0.103314610690486,0.170501237904309,0.0111647996871589,0.0187357930362023,0.0011234763581094
1.02137099469669,-0.15807043131796,0.105471522025267,0.173301477343419,0.0111563715528739,0.0171363609489067,0.00275003576790462
1.0736850167597,-0.209137641875445,0.106994855415709,0.170691744448617,0.0109083397448479,0.0151811549481979,0.00412020376421731
1.11239071245645,-0.252395703304953,0.10775494860699,0.162623437730444,0.0104086989699476,0.012783868013136,0.00522947279497323
1.13536167090492,-0.288386231420052,0.107739185864097,0.149040181267358,0.0096884438022583,0.00991766369356083,0.00608500705856873
1.14099402256376,-0.319150294400843,0.107033515326458,0.130090234089829,0.00881303308857036,0.00661601164927452,0.00670445068995615
1.12897034186791,-0.347861601752629,0.105789321883374,0.106265107442556,0.00787207606779469,0.00296521910136562,0.00711373248612478
1.10069320488873,-0.37798915517031,0.104184374808052,0.0784141971986509,0.0069685214964902,-0.000909826949717182,0.00734286108048773
1.05920169394896,-0.412307986035324,0.102392884316846,0.0476480466842312,0.00620840287581636,-0.00486172525120158,0.00741971091623243
1.00859346147209,-0.452124597100077,0.100568918073943,0.0151842004441867,0.00569079291634771,-0.00873412249053233,0.00736256787968999
0.953227085998509,-0.49693805171012,0.0988448375822331,-0.0177923569847213,0.00549770292102118,-0.0123713332244553,0.00717358328489561
0.896888490363695,-0.544510714382684,0.0973317919870945,-0.0502053612339283,0.00568361987840935,-0.0156265919463567,0.00683517177699335
0.842112458373288,-0.591267094766554,0.0961184553236947,-0.0810817342959262,0.00626592629210068,-0.0183737954035378,0.00631172799024227
