0.25025925227102,-0.00178634744092981,-0.0610917381148895
0.416538198790028,-0.00294307284843282,-0.100982472275007
0.581950210833483,-0.00405318513318772,-0.139720572198403
0.746132958120244,-0.00510107006234429,-0.176906306420128
0.90872003944157,-0.00607220658731407,-0.212157576916153
1.06934049111108,-0.00695339896572107,-0.245114196873598
1.22761854532419,-0.00773297477328317,-0.275441866198398
1.38317371485007,-0.00840094361481982,-0.302835814669192
1.53562118439788,-0.00894911199217476,-0.32702406822986
1.68457255261423,-0.00937115228945348,-0.347770322850821
1.82963690698655,-0.00966262567501087,-0.364876407301646
1.97042222495785,-0.0098209610889475,-0.378184327461576
2.10653708404685,-0.00984539453998275,-0.387577889502994
2.23759265298844,-0.00973687449878441,-0.392983900148855
2.36320493185807,-0.00949794013411073,-0.394372941343919
2.48299720383431,-0.00913257937526769,-0.391759712628119
2.59660265767395,-0.00864607335806171,-0.385202928335355
2.70366713358138,-0.00804483294002141,-0.374804751114687
2.80385194173715,-0.00733623178937883,-0.360709737132621
2.89683670346975,-0.00652843937691045,-0.343103265159516
2.98232215684248,-0.00563025633173033,-0.322209425730397
3.06003286819401,-0.00465095390303721,-0.298288349936724
3.12971979101625,-0.00360011911940568,-0.271632973771991
3.19116261202112,-0.00248750722535454,-0.242565250009114
3.24417182811295,-0.00132290323648395,-0.211431844534822
3.28859050307568,-0.000115994619158483,-0.178599377543791
3.32429565997612,0.00112374275201302,-0.14444929852145
3.35119927638373,0.00238714346884077,-0.109372502131423
3.36924886131681,0.00366543471597444,-0.0737638144707734
3.37842760622914,0.0049503007903026,-0.0380164837421525
3.37875411742646,0.00623392988840821,-0.00251681220180056
3.37028174994399,0.00750904380031763,0.0323609427462721
3.35309757528121,0.00876891187734268,0.0662592891910098
3.32732102462946,0.0100073511364167,0.0988417549782631
3.29310225569893,0.0112187147026652,0.12979661532822
3.25062029503072,0.0123978709238024,0.158840059785865
3.20008100792826,0.0135401754824244,0.185718790668045
3.14171494708817,0.0146414386686034,0.210212064010593
3.07577512738757,0.0156978897793,0.232133201510805
3.0025347699654,0.0167061403402302,0.251330609026842
2.9222850544172,0.0176631475427429,0.267688341609094
2.83533291374008,0.018566178959546,0.281126252254259
2.74199890248527,0.0194127792373173,0.29159975709658
2.64261516536196,0.0202007390700028,0.299099241271254
2.53752353189914,0.0209280663188728,0.303649122332378
2.42707375820643,0.021592958708637,0.305306581802055
2.31162193322486,0.0221937770817222,0.304159969823756
2.19152906461008,0.0227290177172074,0.300326886386273
2.0671598544994,0.0231972817476057,0.293951944357768
1.93888166675739,0.023597239195689,0.285204224107375
1.80706368282966,0.0239275845890366,0.274274435706804
1.67207623580608,0.0241869803827562,0.261371815217807
1.53429030261599,0.0243739836525129,0.246720790612034
1.39407712914241,0.0244869506226554,0.230557463737821
1.25180795661613,0.0245239127910554,0.213125964411188
1.10785381124477,0.0244824179907632,0.19467474066065
0.962585319252865,0.0243593302722641,0.175452854832227
0.816372508467622,0.0241505847690228,0.155706359042221
0.669584559872098,0.0238508990235363,0.13567482255364
0.522589479804559,0.0234534518296572,0.115588081163361
0.37575366938617,0.0229495558145875,0.0956632716071304
0.229441376803267,0.02232837100686,0.0761022045182231
0.084014029118314,0.021576731831875,0.0570891173509996
-0.0601705461018804,0.0206791841010694,0.0387888352709297
-0.20275900016934,0.0196183417338944,0.0213453529815031
-0.343403424909058,0.0183756620336067,0.0048808344624694
-0.481762376871207,0.0169326897389885,-0.0105049834375533
-0.61750195751392,0.0152727293187556,-0.02473501075776
-0.750296941350713,0.0133827846446496,-0.0377546802781689
-0.879831951236012,0.0112554893075917,-0.0495315133113486
-1.00580268423365,0.00889068708939038,-0.0600544063317033
-1.12791717270843,0.00629635007208142,-0.0693326620219562
-1.24589705299555,0.00348864673222558,-0.0773947772624172
-1.35947880583316,0.000491157675888193,-0.0842869956417021
-1.46841491942263,-0.00266658315800616,-0.0900716278202893
-1.57247492653061,-0.00595092934539753,-0.0948251451226287
-1.67144627362013,-0.0093260303168516,-0.0986360581226467
-1.76513500102742,-0.0127555510080683,-0.101602599084021
-1.85336622239597,-0.0162040458055797,-0.103830240742795
-1.93598440363561,-0.0196379322195491,-0.105429088446026
-2.01285345109359,-0.0230260862656849,-0.10651119662149
-2.08385662350734,-0.026340126124616,-0.107187862280787
-2.14889628802553,-0.0295544647072561,-0.107566958456423
-2.20789353892067,-0.0326462071674675,-0.107750369509935
-2.26078770565008,-0.0355949549879923,-0.107831591095375
-2.30753577605598,-0.0383825610652509,-0.107893555347296
-2.34811176366696,-0.0409928653013129,-0.108006732606558
-2.3825060486691,-0.0434114278860161,-0.108227555349155
-2.41072472162887,-0.0456252693668695,-0.108597194634266
-2.43278895764842,-0.0476226206835551,-0.109140711537835
-2.44873444528363,-0.0493926833233035,-0.109866588651327
-2.45861089228864,-0.0509253977410752,-0.110766638021423
-2.46248162276492,-0.0522112171296849,-0.111816271251851
-2.46042327588608,-0.0532408834393103,-0.11297510665587
-2.45252561035593,-0.0540052025476226,-0.114187884930562
-2.43889141192759,-0.0544948160028139,-0.115385659818178
-2.41963649544905,-0.0546999679084342,-0.116487228563694
-2.39488978720728,-0.0546102676467657,-0.117400768691016
-2.36479346847689,-0.0542144528429181,-0.118025648232087
-2.32950315667437,-0.0535001632808644,-0.118254380546212
-2.28918810532002,-0.0524537722313561,-0.117974697124838
-2.24403135777231,-0.0510601871111243,-0.117071721334414
-2.19422989328884,-0.0493029253860642,-0.115430214367076
-2.13999466780867,-0.0471643225950266,-0.112936885722851
-2.08155054951224,-0.0446261299087578,-0.109482748597176
-2.01913611130186,-0.0416706733101443,-0.10496550484644
-1.95300324844445,-0.0382828179857791,-0.0992919423657669
-1.88341659180729,-0.034452996775396,-0.0923803250447141
-1.81065269219782,-0.0301814899759057,-0.0841627523171431
-1.73499896123426,-0.0254839088201741,-0.0745874614806129
-1.65675236665845,-0.0203973433652671,-0.0636210434790422
-1.57621794932848,-0.0149860567282144,-0.051250530909859
-1.49370715622665,-0.00934452657276894,-0.0374853256491721
-1.40953615114815,-0.00359576663458007,-0.022358891737676
-1.3240241285183,0.00211681991891794,-0.00593013879621018
-1.23749163432772,0.00764369505282954,0.0117156111818824
-1.15025879626595,0.01284658503662,0.0304661864912536
-1.06264331158459,0.0176142383978301,0.0501827565128928
-0.974958081470183,0.0218720870450553,0.0707007083197241
-0.887508483376512,0.0255838277781019,0.0918312100376388
-0.800589577372182,0.0287460090318182,0.113363436049454
-0.71448320901559,0.0313787932766711,0.135067348579609
-0.629455458013053,0.0335161300145905,0.156696980420687
-0.545754448297066,0.0351976229532697,0.17799410773954
-0.46360859433287,0.0364629675685869,0.198692217675697
-0.383225307750549,0.0373488488366697,0.218520671452286
-0.304790041984993,0.0378876418245963,0.2372089600352
-0.228465872667068,0.0381073524384967,0.254490970244155
-0.154393361561336,0.0380321315758633,0.270109161564034
-0.082690804201907,0.0376830398934417,0.283818587360656
-0.0134548117750336,0.037078830380095,0.295390695182678
0.0532387999599126,0.0362366374650654,0.304616854005608
0.117333848342969,0.0351725305778992,0.311311567788214
0.178792386416104,0.0339019282321421,0.315315342017258
0.237593113602037,0.0324398871440679,0.316497178659652
0.293729640642251,0.0308012876867303,0.314756678648928
0.347208656265592,0.0290009379107113,0.310025737256404
0.398048045355677,0.0270536163971184,0.302269821149371
0.446275006435294,0.0249740714044202,0.291488819658814
0.491924214661538,0.0227769908372784,0.27771746840943
0.535036073772137,0.0204769549204078,0.261025347831349
0.575655095937256,0.0180883812076144,0.241516465895239
0.613828443918467,0.0156254696585373,0.219328440563058
0.649604664604625,0.0131021538742084,0.19463130441652
0.683032636358843,0.0105320632937722,0.167625960449178
0.714160746806417,0.00792849988433311,0.138542324794309
0.743036318838672,0.0053044310343529,0.107637188815841
0.769705313192148,0.0026724972022267,0.0751918062252795
0.794212384692613,4.50237811987738e-05,0.0415091014427978
0.816601428360239,-0.00256598679612516,0.00691017065719898
0.836916561259874,-0.0051488916675122,-0.0282701636199852
0.855202894560246,-0.00769240537144397,-0.0636878428488647
0.87150658373952,-0.0101854876973557,-0.0989926213238549
0.885874830995225,-0.0126171782804747,-0.133830105703029
0.898356583738406,-0.0149764685970805,-0.167844312569858
0.909003748277033,-0.0172522208030641,-0.200681028589794
0.91787252375674,-0.0194331066889437,-0.231991531954043
0.925024680441734,-0.0215075528942034,-0.261436388409224
0.930528731382728,-0.0234636908434702,-0.288689231072898
0.934460970613628,-0.0252893126290651,-0.31344048953425
0.936906350570654,-0.0269718341455219,-0.33540104701069
0.937959167115139,-0.028498265307759,-0.354305796869733
0.937723519395829,-0.0298551856194303,-0.369917063205416
0.936313513438365,-0.0310287213133072,-0.382027842918546
0.93385318238432,-0.0320045179612879,-0.390464822343437
0.930476102151394,-0.032767699672325,-0.395091118895681
0.926324688905178,-0.0333028023841533,-0.395808696779997
0.921549192860573,-0.0335936900863793,-0.392560406243903
0.916306301922672,-0.0336233084725881,-0.385331610590512
0.910757542782222,-0.0333734892790813,-0.374151342189346
0.905067341895628,-0.0328245368864828,-0.359092970545289
0.899400859923327,-0.031954670113348,-0.340274345396652
0.893921630546496,-0.0307392514604408,-0.317857393631429
0.888789058085996,-0.0291497584458283,-0.292047150808814
0.884155835678119,-0.0271524646672118,-0.263090211813784
0.880165351301942,-0.0247068367422113,-0.231272586837302
0.8769491517295,-0.0217637407459293,-0.196916950809386
0.874624532936181,-0.0182637244153399,-0.1603792763151
0.873292316694577,-0.0141359492106965,-0.122044844493991
0.873034852213319,-0.00929883610745051,-0.0823236329564085
0.873914243282457,-0.00366415522477174,-0.0416450889758137
0.875970743534693,0.00285304713070149,-0.000452313678110196
0.879221198974624,0.0103161711132032,0.0408042881643544
0.883657398430813,0.0187393708770956,0.0816737762457665
0.889244316665262,0.0280535617417779,0.121711645695575
0.895918593762307,0.0380760635527717,0.160486659214447
0.903588109142383,0.0484998740358753,0.197587113577774
0.912133760613437,0.0589171042320253,0.232626171364544
0.921414058187045,0.0688777950244683,0.265246135060927
0.931271696092521,0.0779654910107943,0.295121873179685
0.94154040313325,0.0858609849929541,0.321963753775748
0.952050136494016,0.0923726703836987,0.345520332674581
0.962630081502496,0.0974313565345348,0.365580785391189
0.973109979508485,0.101062270422314,0.381976884181794
0.983320762332594,0.103350460189447,0.394584316129086
0.993095222289483,0.104410769699114,0.403323239901723
1.00226900111129,0.10436672089698,0.408158091986113
1.01068186016692,0.103337998500858,0.409096723026051
1.01817906335833,0.10143432943937,0.406188969836134
1.02461269878996,0.098753391548357,0.399524766299131
1.02984281123507,0.0953809306102231,0.389231884139834
1.03373826989048,0.091391904932742,0.375473378298861
1.03617733831775,0.086851982149534,0.358444800617173
1.03704794324765,0.0818190443324446,0.338371232449812
1.03624767400637,0.0763445662217422,0.315504176217678
1.03368345521625,0.0704747522643506,0.290118354237137
1.02927111020899,0.0642515835216581,0.262508413216515
1.02293466005398,0.0577136454195064,0.232985589222614
1.01460550542233,0.0508968464748039,0.20187433316225
1.00422151252651,0.0438350384980243,0.169508916161831
0.991726046573402,0.0365605605499639,0.136230025599757
0.977066995005212,0.0291047234923073,0.102381359870604
0.9601958199696,0.0214982472292308,0.0683062295865735
0.941066667551729,0.0137716553410101,0.0343441611373308
0.91963554695451,0.0059556271865837,0.000827497934650839
0.895859576645095,-0.00191869399590055,-0.0319219893530881
0.869696342255459,-0.00981941803765082,-0.0635963917606725
0.841103491740669,-0.0177136151671723,-0.0939047006032573
0.810038641934265,-0.0255670151171247,-0.122575585170342
0.776459544088664,-0.0333437314733134,-0.149360016162448
0.740324438623027,-0.0410060279524995,-0.174033765764242
0.701592590209129,-0.0485141202664321,-0.196399705618906
0.660225018445018,-0.0558260067838496,-0.216289810979744
0.616185429599117,-0.0628973311111389,-0.233566805660074
0.569441336418525,-0.0696812927424882,-0.248125404029775
0.519965339568429,-0.0761286383938395,-0.259893120093518
0.467736539522506,-0.0821877912759623,-0.268830623465233
0.412742036352055,-0.0878052143059675,-0.274931633754257
0.354978465379748,-0.0929261548192644,-0.278222361528434
0.294453507440024,-0.0974959782747205,-0.278760514451141
0.231187302728969,-0.101462344254489,-0.276633901882881
0.165213696357539,-0.104778461030624,-0.271958677299323
0.0965812533874574,-0.107407493214485,-0.264877260635845
0.0253540215824883,-0.109327797265936,-0.255555978281534
-0.0483879086333703,-0.110538000366184,-0.244182444807678
-0.124547909006365,-0.111060210609892,-0.230962695934299
-0.203012185994494,-0.110939350055991,-0.216118071058185
-0.283648865635375,-0.110237352307379,-0.19988184975189
-0.366306812291915,-0.109022899229302,-0.182495670653942
-0.450814447020663,-0.107359600136732,-0.164205795146902
-0.536978981540256,-0.105296501327023,-0.145259301604873
-0.624586424858356,-0.102863706682391,-0.125900294085216
-0.713402486395975,-0.100073454397237,-0.106366193420561
-0.803174250720433,-0.0969248962161988,-0.0868841638202954
-0.89363236780542,-0.0934101274036269,-0.0676677306925709
-0.984493506055366,-0.0895195644306554,-0.0489136595066563
-1.07546288898063,-0.0852457721899386,-0.0307991822851968
-1.16623681519038,-0.080585660776586,-0.0134796633621762
-1.25650511158697,-0.0755413915489171,0.00291320954367521
-1.34595349067298,-0.0701204315795494,0.0182726427004649
-1.43426578917348,-0.0643351300831633,0.0325173231394373
-1.521126065333,-0.0582020773707529,0.0455913674509855
-1.6062205338328,-0.051741404877184,0.0574636572791911
-1.68923932082929,-0.044976111786692,0.0681266148068129
-1.7698780293741,-0.0379314579959726,0.0775944962978019
-1.84783911243558,-0.0306344374677754,0.0859012969697842
-1.92283305776682,-0.0231133328882874,0.0930983709113206
-1.99457939625547,-0.0153973464740951,0.0992518702453688
-2.06280754883438,-0.00751629960891647,0.104440102028867
-2.12725752887794,0.000499606407659028,0.108750889496678
-2.18768051846912,0.00861997605709919,0.112279008927928
-2.24383933599611,0.0168143588092771,0.115123753727793
-2.29550881196405,0.0250523485888789,0.117386659356243
-2.34247608873933,0.0333036499247628,0.119169402401982
-2.38454085836601,0.0415381168961465,0.120571872281529
-2.4215155527716,0.0497257708387065,0.12169040012922
-2.45322550036107,0.0578368025232192,0.122616121938458
-2.47950906369629,0.0658415643123485,0.123433448879824
-2.50021777321258,0.0737105575020293,0.124218619882529
-2.51521647203534,0.081414419604045,0.125038316964067
-2.52438348697487,0.0889239161049803,0.125948335794936
-2.52761083966552,0.0962099408069066,0.126992315241268
-2.52480450906432,0.103243528311048,0.128200546692048
-2.51588475367222,0.109995881922124,0.12958889827187
-2.50078649695138,0.116438419711873,0.131157903782474
-2.47945977426276,0.122542840899033,0.132892076713526
-2.45187023408292,0.128281214055921,0.134759516914908
-2.41799967945482,0.133626088126604,0.136711878485773
-2.37784663017332,0.1385506261805,0.138684759508257
-2.33142688191813,0.143028760735022,0.140598562441418
-2.27877403455952,0.147035368549202,0.142359852300997
-2.21993995979953,0.150546461602582,0.14386321341212
-2.15499517905071,0.153539389882969,0.144993574610934
-2.08402912476466,0.155993050758227,0.145628942156233
-2.00715026490373,0.157888099233124,0.145643449510506
-1.92448607506527,0.159207153351598,0.144910612519005
-1.83618284921476,0.159934989593909,0.143306661910062
-1.74240535136879,0.160058724010844,0.140713823061888
-1.6433363195983,0.159567976495247,0.137023421027837
-1.53917583631669,0.158455017382805,0.132138708613639
-1.43014058221886,0.156714897748202,0.125977339959785
-1.31646300215853,0.154345567036111,0.118473444466801
-1.19839040312204,0.151347983113659,0.109579290755111
-1.0761840023126,0.147726221900809,0.0992665554353487
-0.950117915967779,0.143487595447033,0.0875272347639044
-0.820478231951719,0.138642778191905,0.0743742686082233
-0.687561919051159,0.133205964636731,0.0598419074323981
-0.55167582771425,0.127195042199616,0.0439859020057821
-0.413135669173055,0.120631786492745,0.0268835454941432
-0.272265003232063,0.113542066212467,0.00863359028214072
-0.129394250359031,0.105956036853258,-0.0106439612902487
0.0151402585830828,0.0979082906666773,-0.0308082166143919
0.160997170404954,0.0894379204262422,-0.0516979469275292
0.307830907908031,0.0805884462551015,-0.0731323914898061
0.455292362379085,0.0714075536489499,-0.094912375534575
0.603029434688895,0.0619466034399347,-0.116821796550463
0.7506875349919,0.0522598780742274,-0.13862955219044
0.897909796993578,0.0424035982333015,-0.160091885242127
1.04433727595115,0.0324347300456151,-0.180955203377182
1.18960902783136,0.0224096765120879,-0.200959322982952
1.33336213178119,0.0123829576468776,-0.219841089885567
1.47523169947658,0.00240599642349131,-0.237338300605159
1.61485091817851,-0.00747388327912774,-0.253193826242083
1.75185117299012,-0.0172141677431892,-0.267159828425148
1.88586228906823,-0.0267775343094787,-0.279001948548236
2.01651293150237,-0.0361319045038012,-0.288503353611425
2.14343119343106,-0.045250208326888,-0.295468528609623
2.26624539349099,-0.0541099231508545,-0.299726720579467
2.38458509519483,-0.0626924626578667,-0.301134957343299
2.49808235369494,-0.0709824906129654,-0.299580588464664
2.60637318371165,-0.0789672248216636,-0.294983320281076
2.70909923390137,-0.0866357821200011,-0.287296742772095
2.80590964686543,-0.0939785994494381,-0.276509368005736
2.89646307694637,-0.10098695096859,-0.262645219613822
2.98042983400407,-0.107652568866254,-0.245764022740588
3.05749412168715,-0.113967366416578,-0.225961047866079
3.12735633626629,-0.119923255607822,-0.203366656690278
3.18973539240134,-0.125512048357542,-0.178145584548808
3.24437104268751,-0.130725429222748,-0.15049597463918
3.29102615786418,-0.135554988049511,-0.120648155245219
3.32948893253555,-0.139992302465091,-0.0888631292942623
3.3595749785571,-0.144029061979147,-0.0554307251746921
3.38112926622577,-0.1476572273286,-0.0206673448216289
3.3940278698084,-0.150869219867709,0.0150867562318818
3.39817947185439,-0.153658136096464,0.0514707142405932
3.39352658029753,-0.156017981794124,0.0881068640847078
3.38004641391647,-0.157943918591746,0.124605109097807
3.35775141671618,-0.15943251366724,0.160567819163184
3.32668936999209,-0.160481981218912,0.195595174295803
3.28694308227024,-0.161092402648563,0.229290831456734
3.23862965138748,-0.161265912026609,0.261267756366601
3.18189930876119,-0.161006834338153,0.291154039347949
3.11693387213218,-0.160321766479022,0.318598506721116
3.04394484844237,-0.159219594674628,0.343275948210084
2.96317124115753,-0.157711446417134,0.364891805617026
2.87487712499418,-0.155810579552853,0.383186204549984
2.77934905593889,-0.153532215222168,0.39793725446398
2.67689338614808,-0.150893324537291,0.408963587701032
2.56783354769636,-0.147912380766575,0.416126151767629
2.452507363267,-0.1446090897867,0.419329301410498
2.33126443635416,-0.141004111444278,0.418521262359174
2.20446365768936,-0.13711878333453,0.413694051897329
2.07247086311545,-0.132974857680755,0.4048829390293
1.93565666624892,-0.128594259746449,0.392165523735558
1.79439448505762,-0.123998875010642,0.375660494370547
1.6490587739621,-0.119210369771215,0.355526107188421
1.50002346727424,-0.114250048334403,0.331958406733716
1.34766064428174,-0.10913874786031,0.305189190983059
1.19233938761193,-0.103896768697725,0.275483704173639
1.03442480117662,-0.098543836898687,0.243138025336584
0.874277107383605,-0.0930990918789243,0.208476112694505
0.712250600574384,-0.0875810872045543,0.171846433652332
0.548692032977596,-0.0820077863587493,0.133618073014213
0.383937392656675,-0.0763965166131868,0.0941760898226736
0.21830482268234,-0.0707638142849289,0.0539156441846877
0.0520806261097533,-0.0651250881825259,0.013234356103148
-0.11448465926383,-0.0594946260774349,-0.0274724459038767
-0.281091608720169,-0.0538879225276302,-0.0677945525905843
-0.447311811222519,-0.048324016193082,-0.107293112455652
-0.612669261568104,-0.0428235982386335,-0.145527825630763
-0.776724768214612,-0.0374059592263661,-0.182083693453092
-0.939066904895599,-0.032088969701257,-0.21657398475948
-1.09929479533265,-0.0268894298508877,-0.248640738791679
-1.25700990296719,-0.0218230659725791,-0.277956996671848
-1.41181268736824,-0.0169042743724605,-0.304229675423402
-1.56330156130649,-0.0121456887426021,-0.327202393382846
-1.71107312476503,-0.00755759883840438,-0.346657956134631
-1.85472317666757,-0.00314724947763797,-0.36242037055999
-1.99384842500729,0.00108201725591277,-0.374356365472908
-2.1280485344348,0.00513163412177801,-0.382376372240053
-2.25692865629272,0.00900875888166564,-0.38643503141607
-2.38010225306949,0.0127271865433328,-0.386531229535296
-2.49719416676036,0.0163081596158149,-0.382707702169687
-2.60784385210751,0.0197809895346236,-0.375050220232697
-2.71170869603585,0.0231834037897212,-0.363686367614902
-2.8084673309126,0.026561540247339,-0.348783899169074
-2.8978228497579,0.0299695307158731,-0.330548654779448
-2.97950582747621,0.033468645810289,-0.309221996485156
-3.05327705514171,0.0371260100277626,-0.285077734446748
-3.11892990230086,0.0410129358593363,-0.258418518549353
-3.17629223651993,0.0452029614348039,-0.229571691624775
-3.22522785664421,0.0497697222982006,-0.198884632658713
-3.26563736196732,0.0547846896773069,-0.166719650092939
-3.29745854656799,0.0603150959791478,-0.133448534604391
-3.32066622915683,0.0664219569959534,-0.099446901018337
-3.33527160362167,0.0731583797453576,-0.0650884898395987
-3.34132114452798,0.0805681862365684,-0.0307396063682271
-3.33889512253736,0.0886848706275771,0.00324611980970809
-3.32810578853005,0.0975308738008451,0.0365324909858713
-3.30909528552167,0.107117133492313,0.0688048726562311
-3.28203334199662,0.117442847603016,0.0997736036430199
-3.24711479222085,0.128495378230942,0.129176628459915
-3.20455695746911,0.140250219624519,0.156781342886634
-3.15459691042559,0.15267095720568,0.182385681851289
-3.09748863197897,0.165709154458128,0.205818514365714
-3.03350006097876,0.179304119872032,0.226939428719794
-2.96291003321942,0.19338252616813,0.245638005929642
-2.88600510771028,0.207857879959622,0.261832679140858
-2.80307629407739,0.222629869578619,0.275469269416703
-2.71441571828173,0.237583654497657,0.286519280230555
-2.62031330319622,0.252589197624753,0.294978017263489
-2.52105358958985,0.267500782039842,0.300862595088828
-2.41691287938029,0.282156889158982,0.304209885068481
-2.30815693749562,0.29638064216686,0.305074465898633
-2.19503952506726,0.309981024818737,0.303526644495653
-2.07780204617503,0.322755063142401,0.299650627164839
-1.9566745501209,0.33449112096807,0.293542926134722
-1.83187821438851,0.344973218320204,0.285311081474867
-1.7036293110392,0.353986479228049,0.275072751970409
-1.57214439069496,0.361323227538806,0.262955183371203
-1.43764624632122,0.366789412334918,0.249095000091838
-1.30037002152899,0.37021082077998,0.233638198781625
-1.16056874575739,0.371438526887983,0.216740168191382
-1.01851761905862,0.370353087404375,0.198565534228547
-0.874516534972125,0.366867145777334,0.179287645004383
-0.728890593812849,0.360926310973872,0.159087565310315
-0.581988668985338,0.352508385795693,0.138152537756812
-0.434180281457951,0.341621292221523,0.116673947673386
-0.28585140520292,0.328299924120362,0.094844944696428
-0.137399605124023,0.312602550976272,0.0728578702977938
0.0107708929783401,0.294607072482806,0.0509016997868673
0.158253839970248,0.274407489014565,0.029159663497891
0.304644924808728,0.25211071290268,0.00780719050604474
0.449545128612215,0.227833973915553,-0.0129897882030494
0.592563293900908,0.201702724863264,-0.033076140622036
0.733318045390553,0.173849055448298,-0.0523084901472373
0.871439154302244,0.144410532647582,-0.0705558989564034
1.00656847306898,0.113529377355415,-0.0877003674362902
1.13836056008174,0.0813518901635736,-0.103637239548752
1.26648310626836,0.0480280441697981,-0.118275586505137
1.39061725309332,0.0137111788019697,-0.131538618168156
1.51045787357509,-0.0214422623676146,-0.143364136552705
1.62571387228394,-0.0572729935923391,-0.153705016300925
1.73610853669691,-0.0936191825687876,-0.162529664888693
1.84137996560793,-0.130316807398178,-0.169822393359596
1.9412815839436,-0.16720009331687,-0.175583615523131
2.03558273522974,-0.20410203777319,-0.179829790727841
2.12406933965297,-0.240855027779437,-0.182593033443578
2.20654459668741,-0.277291543441713,-0.183920334940131
2.2828297006027,-0.313244932779182,-0.183872369752887
2.35276454176255,-0.348550240159855,-0.182521892783566
2.41620835964247,-0.383045060046976,-0.179951773508515
2.47304031921187,-0.416570389681367,-0.176252742083433
2.52315998926392,-0.448971451383207,-0.171520955806136
2.56648770497753,-0.480098457365703,-0.165855509343863
2.60296481083106,-0.509807296988366,-0.159356018347707
2.6325537837106,-0.537960127494783,-0.152120404624278
2.65523822257817,-0.564425848863682,-0.144242987223241
2.67102285110108,-0.589080514591506,-0.135812957725224
2.67993325523526,-0.611807568352624,-0.126913294441319
2.68201571158929,-0.632498019876461,-0.117620115436919
2.67733694044718,-0.651050483545162,-0.108002446910643
2.66598380321231,-0.667371249035327,-0.0981223668503562
2.64806298916196,-0.681374139117532,-0.0880354219657617
2.62370066383825,-0.692980375671218,-0.0777912421395057
2.59304207630952,-0.702118369252175,-0.0674342488242515
2.55625110736967,-0.708723448234896,-0.0570043653467124
2.51350974025544,-0.712737524338548,-0.04653765308093
2.46501743612176,-0.714108685882535,-0.0360668187462969
2.41099039912128,-0.712790704502332,-0.025621566677396
2.35166072399409,-0.708742435127843,-0.0152288026958055
2.28727542988349,-0.70192708225804,-0.0049127263147227
2.21809539489324,-0.692311298723825,0.00530512579347356
2.1443942217936,-0.679864078272805,0.0154058020059312
2.06645707769562,-0.664555396694288,0.0253727355153889
1.98457956642845,-0.646354555978548,0.0351913376247843
1.89906670662618,-0.625228186986804,0.0448483233041615
1.81023210447438,-0.601137878905994,0.0543307421424451
1.71839742958459,-0.574037431030559,0.0636247368389773
1.62389232478442,-0.543869776678939,0.0727141107953008
1.52705490418744,-0.510563724623642,0.0815788538879683
1.42823301640716,-0.474030824937839,0.0901938455991311
1.32778645721082,-0.434162917900808,0.0985280224195395
1.22609027819354,-0.390831289768421,0.106544351180787
1.12353921250464,-0.343888846705499,0.114200972658292
1.02055296169766,-0.293177284987965,0.121453840740926
0.917581585988157,-0.23854174248108,0.128261036318694
0.815109473116081,-0.179855572866947,0.134588625872721
0.713655398646194,-0.117057220735219,0.140417419266613
0.613765328233939,-0.0501991344151023,0.145749278754319
0.515994434585251,0.0204951504916781,0.150610903146615
0.420876107431678,0.0945748357435319,0.155052610736604
0.3288790927353,0.171320732010985,0.159140073944248
0.240358936922381,0.249735419641703,0.162938600066348
0.155514793583902,0.328577239123672,0.166492256293841
0.0743645074195325,0.406440355454684,0.169802933072578
-0.00325245316536732,0.481869229911453,0.172815815557987
-0.0776427053800359,0.553484287216844,0.175416536299822
-0.149205083793179,0.620092017620233,0.177441676139989
-0.218369047712961,0.680758763047188,0.178699848447286
-0.285539572758053,0.73483963522039,0.178997394926418
-0.351058159141687,0.781966587240557,0.178161978381454
-0.415183064661049,0.822007927096834,0.17605892262319
-0.478086381826151,0.855014022487066,0.172597892419352
-0.539862659277238,0.88116184169307,0.167730174884048
-0.600543350728123,0.900706696291203,0.16143867449773
-0.660112532249674,0.913945165621012,0.153723632774678
-0.718521041263031,0.921189824148724,0.144587264040911
-0.775697770717888,0.922754319636586,0.134020252655537
-0.831557974989319,0.918946366018078,0.121992575208124
-0.886009078439121,0.910065970681278,0.108450443574823
-0.938954712742733,0.896406413934798,0.0933202976787083
-0.990297665115688,0.878255967862868,0.0765197403593387
-1.03994224960235,0.855898946605314,0.0579741959491653
-1.08779639177973,0.829615348202056,0.0376370943992593
-1.13377353305898,0.799678979919041,0.0155107490121528
-1.17779435114418,0.766354457306301,-0.00833504426418957
-1.21978822998878,0.729893788659253,-0.0337492518783589
-1.259694413447,0.690533365432801,-0.0604924354768037
-1.29746283080624,0.648492074511413,-0.0882369021896277
-1.33305458705743,0.60397115296897,-0.116573938124506
-1.36644245755168,0.557155672687048,-0.145027273486783
-1.39761136575491,0.50821793123752,-0.173071472565541
-1.42655939859234,0.457322018743179,-0.200153960445545
-1.45329955238117,0.404629128449848,-0.225719327477492
-1.47786254413375,0.350302909871693,-0.249234548297038
-1.50030090393122,0.29451418997047,-0.270213576134183
-1.52069443330133,0.237444464087251,-0.288239479942209
-1.53915690758661,0.179287744999699,-0.302981989432473
-1.55584362409893,0.12025066390252,-0.314208198604991
-1.57095904412687,0.0605511543845382,-0.321784468037736
-1.58476333615241,0.00041659165635057,-0.325668390836995
-1.59757605816697,-0.0599171759249344,-0.325891018199305
-1.60977443208095,-0.120203997739889,-0.322531138783044
-1.62178257936894,-0.180180697574216,-0.315684884527436
-1.63404675353019,-0.239553698278296,-0.305434916128385
-1.646990488279,-0.297978461442655,-0.291823740794473
-1.66094396676278,-0.355033756520154,-0.274835453940341
-1.67604611410355,-0.410196843600016,-0.254389746125962
-1.69212865455803,-0.462830532291883,-0.23035167200611
-1.70860914141628,-0.51219611742559,-0.20256024630733
-1.72443858708932,-0.55750287829467,-0.170877392105981
-1.73815346834944,-0.59799176495161,-0.135254690677389
-1.74805476310277,-0.633031562068304,-0.095808386715958
-1.75247966213448,-0.6621929162982,-0.0528855680826068
-1.75007726240064,-0.685272252429243,-0.00710119644657602
-1.73999119735657,-0.702262358420203,0.0406694409497442
-1.72190033591496,-0.71329132567134,0.0893461822665876
-1.69593687297997,-0.718559370647,0.137736827586326
-1.66254257383546,-0.71829319435795,0.184647234718489
-1.62232325278816,-0.712722123392956,0.228986104759745
-1.57593610481282,-0.702070145113694,0.269846041013105
-1.52401819218141,-0.686555587420021,0.30655056868881
-1.46714919552843,-0.666392516413469,0.338665618523419
-1.40583726200137,-0.641791268163946,0.365980828111688
-1.34051845808815,-0.612957960530253,0.388469561959008
-1.2715636517541,-0.580093997620384,0.406236986554772
-1.19928942923871,-0.543396821876139,0.41946409539311
-1.12397129691987,-0.503062875377135,0.428353707809649
-1.04585806432017,-0.45929313242603,0.433083131101257
-0.965186300909281,-0.412300777250409,0.433767587966536
-0.882193480365363,-0.362319756198191,0.430438222269123
-0.797128233284328,-0.309612245745282,0.423037788531577
-0.710256126230807,-0.254472822677025,0.411435403121181
-0.621860376288369,-0.197227498960391,0.395459015900383
-0.53223731200806,-0.138226884645826,0.3749409501203
-0.441688025426478,-0.0778341306499206,0.349769181012983
-0.350508300390063,-0.0164097806369556,0.319935827673903
-0.258979171253121,0.0457036467679429,0.285575123896613
-0.167360344354987,0.108194133735089,0.246985836804932
-0.075887633433939,0.170787659520308,0.204636378437937
0.015225140030651,0.233249520719239,0.159154096654868
0.105780240692391,0.295379430432526,0.111302241441657
0.195587071868373,0.35700160977784,0.0619485391802695
0.284451919702373,0.417951460026877,0.0120285245790417
0.372170090704542,0.478062396294135,-0.037495630949153
0.458528048673594,0.537159256944936,-0.0856828212466673
0.54332134752153,0.595063715998414,-0.131666816983859
0.626373488471657,0.651601813153595,-0.174702441990775
0.707530184541682,0.706595129506145,-0.214187765371718
0.786635455567475,0.7598412796188,-0.249668269304581
0.863516030694202,0.811103532143992,-0.28083828512686
0.937980947795461,0.860114225042806,-0.307540522796589
1.00982814763209,0.90658543517072,-0.329756359478573
1.07885181946164,0.950221591617891,-0.347583193539182
1.14484803508161,0.990731094026016,-0.361200187188404
1.20761797820599,1.02783518127928,-0.370827123488982
1.26696882876875,1.06127310629997,-0.376682842822359
1.32271279235147,1.09080352450807,-0.378949798382368
1.37466502424262,1.11620281044698,-0.377749846920872
1.42264126739705,1.13726154559002,-0.373134038060591
1.46645590688741,1.15378053667517,-0.365086676085299
1.50592092310958,1.16556744945924,-0.353542020394016
1.54084598275142,1.17243461825593,-0.338411006736938
1.57103970828011,1.17419801605467,-0.319615196858833
1.59631205872011,1.17067691585852,-0.297125359154876
1.61647773088514,1.16169354645141,-0.271002086892966
1.63136054376822,1.14707207508838,-0.241435272769137
1.64079888822278,1.12663650291832,-0.208778047268422
1.64465250577906,1.10020746801807,-0.173569399223049
1.64281109826548,1.06759843836118,-0.136538976719352
1.63520553382524,1.02861228803083,-0.0985884525417367
1.62182259030182,0.98303976422865,-0.0607468411897265
1.60272405838415,0.93066186751471,-0.0241019040567552
1.57807032890669,0.871258626385788,0.0102850527054501
1.54814703604347,0.804626904876767,0.041469868464082
1.51339097184686,0.730609287369438,0.0687093862068935
1.47440884117316,0.649134173933744,0.0915276566993107
1.43198073216838,0.560263796866908,0.109756785580227
1.38704093396423,0.464242608396782,0.123548060570728
1.34063289822147,0.361535145795126,0.133351757095422
1.29384210032502,0.252842294026198,0.13986634859503
1.24771776732033,0.139089150168853,0.143960415748231
1.20319846706297,0.021385475697456,0.146573801198543
1.16105517895191,-0.0990322114406143,0.148608252342327
1.12185919218698,-0.220863374656037,0.150821102511386
1.0859741550241,-0.342798676621609,0.153737382495122
1.05356561080393,-0.463561259910355,0.157595089235906
1.02461970317229,-0.581934992843876,0.162334375235735
0.998965108823464,-0.696785538790324,0.167634039136468
0.976296346744153,-0.807080578710855,0.172989047215286
0.956199667591652,-0.911911945292218,0.17781354561969
0.938183127212294,-1.01051744019723,0.181548281382192
0.921710467204253,-1.10229670093653,0.183751864827951
0.906235714263418,-1.18681543061115,0.18416168095755
0.891233767906768,-1.26379519110713,0.182719695886333
0.876222528312732,-1.33308997068403,0.179567054348638
0.860773986998092,-1.39465391753763,0.175016336078124
0.844514174774854,-1.44850600597992,0.16951086333467
0.827114016756828,-1.49469711738336,0.163577696523723
0.808274543537018,-1.53328383707066,0.157777031120066
0.787710555311777,-1.56431192162597,0.152647663129127
0.765136896573508,-1.58781117893204,0.148647403718552
0.740261064473714,-1.60380230271499,0.146089296646421
0.712784859956838,-1.61231468594825,0.145078769536821
0.682416030784523,-1.61341219569682,0.14546198436971
0.648888375336444,-1.60722157254904,0.14679934466767
0.611986020669501,-1.59395631765268,0.148377795575554
0.571565483148589,-1.57392876203181,0.14926955292675
0.527568778368692,-1.54754528874994,0.148433869160398
0.480022858229337,-1.51528416039383,0.144845922980376
0.429024555332462,-1.47766059298998,0.137628138100764
0.374714519616869,-1.43518745484358,0.126158365630867
0.317246533006448,-1.38834067990394,0.110136857739459
0.256759102483502,-1.33753613884812,0.0896062536583325
0.193354583187505,-1.28312067827178,0.0649305101280677
0.127088375858466,-1.22537619994081,0.0367456652043715
0.0579681983929244,-1.16453329318559,0.00589632638277203
-0.0140382715245624,-1.10079037864175,-0.0266317540151861
-0.0889898754416912,-1.03433507532898,-0.0597780507001751
-0.166955292452713,-0.96536578392438,-0.0924723801099124
-0.247995949412279,-0.894112599805307,-0.123700967205023
-0.33215131921024,-0.820857225868185,-0.152574978842903
-0.419429370034792,-0.745951448353295,-0.178399387263992
-0.509804442766459,-0.669833172203525,-0.20073452805045
-0.603223453891009,-0.593038366907447,-0.219437493055912
-0.699618798828504,-0.516207006260214,-0.234668375010068
-0.798922999417318,-0.440081445159731,-0.246849839248466
-0.901076994906013,-0.365496485994144,-0.256578074707213
-1.00602249224012,-0.293360942912279,-0.264496265752279
-1.11367021630613,-0.224629973623951,-0.271153155228327
-1.22384068379329,-0.160265558526871,-0.276873928934324
-1.33618178435499,-0.101180259946578,-0.281666649846997
-1.45007671195553,-0.0481591406178063,-0.28517734969933
-1.56456477941433,-0.00175930183031469,-0.286695908544549
-1.67830337006033,0.0378024953433523,-0.285207772611892
-1.7895974537537,0.0707481998017503,-0.279485160943638
-1.89650950896906,0.0977842157226104,-0.26821402519327
-1.99703723422305,0.120057175828746,-0.250155543037011
-2.08931733957938,0.139006148129794,-0.224338449731696
-2.1717971064361,0.156139701731077,-0.19026751007438
-2.24332569015803,0.172805197337349,-0.14811469549057
-2.30315330262135,0.190026099604362,-0.0988410114124883
-2.35086763402119,0.208450291006313,-0.0441925422200034
-2.38631650880566,0.228397480455037,0.0134630562322059
-2.40955316789425,0.249952949284816,0.0714441398640478
-2.42080968465994,0.273051749885258,0.127135584977497
-2.42048000138168,0.297525857610288,0.178340006379685
-2.40909147870043,0.323120301999297,0.223511189055371
-2.38725764040851,0.349500661833091,0.261832172259939
-2.35561976131536,0.376270150369873,0.293158346323044
-2.31479063516851,0.403001138304732,0.317880896386518
-2.26531058552902,0.429275389216272,0.336767648699507
-2.20761982272396,0.454723993914561,0.350816756203177
-2.14204780301848,0.479059790687948,0.361131427128857
-2.06882032387078,0.502098117096586,0.368804864914285
-1.98808654019609,0.523763829750661,0.374799658964387
-1.89996785180894,0.54408356748778,0.379814505925668
-1.80462657309559,0.563163299257581,0.384148773452745
-1.70234442743482,0.581153324728835,0.38759467125155
-1.59359194551673,0.598206230378768,0.389398199691068
-1.47906495075206,0.614436622949688,0.388324535957736
-1.35966881057307,0.629892646286248,0.382837528575333
-1.23644651295871,0.644546637472764,0.371363914693609
-1.1104673897288,0.658306151812955,0.352578871033344
-0.982708779136253,0.671039747688355,0.325639654165447
-0.853964239782606,0.682607805971145,0.290314794631377
-0.724798859056648,0.692888951321872,0.246995773483948
-0.59555306328024,0.701796267468156,0.196615169944552
-0.466381213420712,0.709281933640686,0.140514194600206
-0.337305615232768,0.715331977794048,0.0803009626065828
-0.208269359334894,0.719954440868605,0.0177267499597836
-0.0791797618287754,0.723163809925226,-0.0454087864393995
0.0500577817376188,0.724964461029079,-0.107325219673481
0.17951095094191,0.72533547415713,-0.166311967539928
0.309192386898674,0.724219437450878,-0.220776488797043
0.439030973245625,0.721518266054189,-0.269303739909228
0.568843462322771,0.717098794665068,-0.31073351281795
0.698310347830139,0.710810053187514,-0.344251235773338
0.826962032051452,0.702511555075162,-0.369475235689232
0.954182607093837,0.69210820936424,-0.386513552294741
1.07923659247322,0.679583485543699,-0.395961125839985
1.20131824422253,0.665020443628339,-0.398818184681139
1.3196152211514,0.648602277440087,-0.39633284225258
1.43337219525502,0.630590349675192,-0.389797588087369
1.54193914116169,0.611285778793907,-0.380347590754027
1.64479455608772,0.590986379614671,-0.36880826235203
1.74154298153183,0.569951369377581,-0.355620320460247
1.83189423127757,0.548382181723279,-0.340842980240594
1.91563518925337,0.526421955793232,-0.324213366518738
1.9926034516342,0.504171860010463,-0.305231072151696
2.06266744618143,0.481720642696263,-0.283241350047051
2.12571269136755,0.459183962551631,-0.257503585028442
2.18163059793746,0.436750357044285,-0.227246956198979
2.23030553473791,0.414729345881012,-0.191727163936846
2.27159762778658,0.393593003541808,-0.150302942205521
2.30532205079051,0.373995500065921,-0.102546515515476
2.33122921196198,0.356747896992424,-0.0483880743297212
2.34899343226697,0.342723433916473,0.0117258068047437
2.35822039042109,0.332680417082969,0.0766988219549868
2.35848521504028,0.327023349770421,0.144725387289749
2.34940946910273,0.325573430117788,0.213349690397238
2.33076933542839,0.327457691865067,0.27966913766327
2.30260033675429,0.331206761265056,0.340670856625549
2.26524676440982,0.335058078568092,0.393636184021548
2.21932198868734,0.337347792552721,0.436502331646144
2.16559364003184,0.336829759491031,0.468073772057204
2.10484631625557,0.33281756504665,0.488040052892332
2.03777444533891,0.325148814430045,0.496839582783171
1.9649285698256,0.314041401826844,0.495455067773901
1.8867086211747,0.299921097197264,0.485218742859436
1.803384985154,0.283271834151393,0.467667109398069
1.71513082438393,0.264527824159665,0.444445799111984
1.62205791569144,0.24400707756741,0.41724143881125
1.52425573398274,0.221879874161959,0.38771077651853
1.42183645067835,0.198167252484686,0.357383836304739
1.31498657554336,0.172767563267121,0.327533318293607
1.20402040415871,0.145509444115693,0.299023338572041
1.08942370087576,0.116225449415587,0.272172152178702
0.971871832715845,0.0848329195899464,0.246677794941821
0.852208819607887,0.0514014260679852,0.221652633341719
0.731384166138593,0.0161850083032673,0.195786396073591
0.61035962194317,-0.0203936949231569,0.167613028358209
0.490010323552284,-0.057803767615618,0.135814448608828
0.371045913186629,-0.0954908407214705,0.0994774891691001
0.253967544279904,-0.132960200833427,0.0582394850771082
0.139062539375504,-0.169836436496471,0.0123025085674748
0.0264301619317257,-0.205889627660371,-0.037656419269037
-0.0839702878742213,-0.241030377527895,-0.09062352872851
-0.192260369916311,-0.275284843594899,-0.145381493713029
-0.298587205443741,-0.308763184302898,-0.200609189785902
-0.403084550522942,-0.341630724166256,-0.254945034853534
-0.50585409693574,-0.374084992814419,-0.307022869538354
-0.606962879301117,-0.406337733410554,-0.355491331764068
-0.706449534843328,-0.43859906796012,-0.399027486917384
-0.804332502901361,-0.471061273926292,-0.436355614500012
-0.900614485880512,-0.503880062264689,-0.466281702466826
-0.995279051912874,-0.53715257536452,-0.487751982244929
-1.08827723628357,-0.570893160759663,-0.499938553645116
-1.17950489843159,-0.605010357706227,-0.502346226510473
-1.26877538543575,-0.639290910795278,-0.494922923099749
-1.3557958728259,-0.673397893485368,-0.478144542145168
-1.44015773936613,-0.706888737721431,-0.453039893803577
-1.52134940315404,-0.739254270374334,-0.42112846282852
-1.59879353983173,-0.769972679257116,-0.384265551696586
-1.6719016680245,-0.798565775587248,-0.344419599057445
-1.74013218420961,-0.824642845509442,-0.303431466118875
-1.80303692666788,-0.847921687615006,-0.262811944559139
-1.86028653675221,-0.868225307336992,-0.223618219781248
-1.91167286301907,-0.885461614804832,-0.186421375036958
-1.95709315333807,-0.899597965147091,-0.151349630739413
-1.99652353687079,-0.910640910788092,-0.118176468684462
-2.02998863889735,-0.918625972680346,-0.0864214857930529
-2.05753176750945,-0.923616287014805,-0.0554408439888425
-2.07918766214498,-0.925705601779054,-0.0244975011513348
-2.09495845596033,-0.925020851490638,0.00718606558072529
-2.10479374613323,-0.921721101226772,0.0403813594092974
-2.10857723859713,-0.915991474986293,0.075799190506413
-2.10612442758876,-0.908032088223583,0.114015186225869
-2.09719684105227,-0.89804311257529,0.155372057233306
-2.08153714223208,-0.886208197457568,0.199867480204067
-2.05892495502605,-0.872679508797627,0.247049899693104
-2.02924603624459,-0.857568147611177,0.295954476066736
-1.9925595342657,-0.840943032686645,0.345112136661586
-1.94914337177898,-0.82283918037939,0.39265207612022
-1.89950013373847,-0.80327322180482,0.43649298315863
-1.84431641433563,-0.782261338388669,0.474588876171791
-1.78438388394414,-0.759834040259997,0.505174799583096
-1.7205032787206,-0.736043843806743,0.526956628321844
-1.65339669441084,-0.710964968116943,0.539208973866807
-1.58364761240764,-0.684686955576017,0.541775762753963
-1.51167622032288,-0.657305398473157,0.534995085840102
-1.43774617353817,-0.628912636441693,0.519583454933796
-1.36199234906703,-0.59959013852534,0.496513420737947
-1.28445810725052,-0.569403159905362,0.466907902069998
-1.20513324938885,-0.538397635013083,0.431961442724368
-1.12398773631227,-0.506599169707942,0.392887798918143
-1.04099966616727,-0.474014137724176,0.350886697518875
-0.956177578089322,-0.440633228777864,0.307120061750338
-0.869578124143835,-0.406437659887458,0.262688631720636
-0.781319171510444,-0.371408087838073,0.218602534804208
-0.691587564173957,-0.335535592263702,0.175743422228352
-0.600640042116185,-0.29883333427565,0.134820555617157
-0.508796065252762,-0.261346907051781,0.0963277941406561
-0.416422643404792,-0.223161339058073,0.0605114238512446
-0.323913063721451,-0.184403246545355,0.027358837765175
-0.231662595112446,-0.145237472822303,-0.00338521958295623
-0.140044377025651,-0.105858385505065,-0.0321737945535108
-0.0493882520861383,-0.0664768306079727,-0.0595893938000025
0.040035152967297,-0.0273046147766701,-0.0862622530788283
0.128023305240659,0.0114609397806147,-0.112787779300108
0.214442679506111,0.0496497077346288,-0.139655276124685
0.299222077801957,0.0871269642114611,-0.167196927060651
0.382339973333955,0.123796005350253,-0.195561194962837
0.46380841769308,0.15959595670712,-0.224709967543645
0.543656157604311,0.194495950738718,-0.254434968029288
0.62191324770317,0.228487388468671,-0.284386989756656
0.698598714858204,0.261575877529692,-0.314111244730986
0.77371204155068,0.293774063403344,-0.343083082167667
0.847228573670278,0.325096087934145,-0.370739945319171
0.919098490902751,0.355553949477391,-0.396507188452225
0.989248714145143,0.385155673601295,-0.419816961826005
1.05758701017992,0.413904948546485,-0.440120643059153
1.12400753267716,0.44180172523895,-0.456896220090343
1.18839706285715,0.468843206294588,-0.469652647728358
1.25064124330368,0.495024631436874,-0.4779335466641
1.31063011979417,0.520339299327291,-0.481322708115692
1.36826232599285,0.544777352796436,-0.479453686161329
1.42344728984292,0.56832300915875,-0.472025236492867
1.476104955139,0.59095015454026,-0.458823404541641
1.52616274995452,0.612616543897332,-0.439749615787173
1.57354993427963,0.633257229834268,-0.414852218799367
1.61819001639825,0.652778216058008,-0.384356822057427
1.65999255219721,0.67105158686033,-0.348688962921019
1.69884614779447,0.687913379443692,-0.308481896029425
1.73461462754074,0.703165160745687,-0.264563343854867
1.76713789898214,0.716579677128151,-0.217918291847974
1.79623802025278,0.727910247043516,-0.169629909926787
1.82172960527002,0.736903063324213,-0.120806097405276
1.8434324716261,0.743311536875205,-0.0725030865778722
1.86118384689378,0.746912324496604,-0.0256584280028794
1.87484775815919,0.747523492324413,0.0189569151291398
1.88432030638362,0.745025830405932,0.0607627371156609
1.88953092219559,0.739387994250351,0.0993711295318671
1.89044086228291,0.730694426485751,0.134571015354438
1.88704069845192,0.719171971638212,0.166303529425304
1.87934818761183,0.705207664941658,0.19463592341347
1.86740682526138,0.689348189876177,0.219739661321449
1.85128406806971,0.672273049282198,0.241875362835157
1.83106739988759,0.654739542566574,0.261384059574178
1.80685674014498,0.637506618763621,0.278681541246966
1.77875320647267,0.621252595314995,0.294250892278265
1.74684625417332,0.606504447668499,0.308627919336581
1.71120269174279,0.593592487835491,0.32237505553313
1.67186131537702,0.582636119653351,0.336041322117834
1.62883589907386,0.573558207661427,0.350108810659801
1.58212747109839,0.566120582752348,0.364929683481279
1.5317447111179,0.55997194119258,0.380661478476282
1.47772928243546,0.554700503483694,0.397211800426698
1.42018128108346,0.549885491707684,0.414205137222838
1.35927914174464,0.545142699495408,0.430983288035076
1.29528875112385,0.540160125322442,0.446645972801753
1.22855843787603,0.534720413625733,0.460130087733385
1.15949967171826,0.528708302537305,0.470316834352496
1.08855682234505,0.522103506796136,0.476148701132239
1.01617199024935,0.514961938832627,0.476735818699874
0.942751764377868,0.507390029761406,0.471434551935304
0.86864160530955,0.499517503753446,0.459888931525655
0.794111022745023,0.491473184803189,0.442034657222919
0.719349877185932,0.483366741881874,0.418072845510179
0.644473918798874,0.475277398321531,0.38842466475686
0.569536536367065,0.467249122210647,0.35367836243176
0.494543586362389,0.459290943469048,0.314537981026268
0.419468752848095,0.451380785218465,0.271779682328899
0.344267747407433,0.443471369105697,0.226218208021238
0.268890445247928,0.435497148742496,0.178683262682562
0.193290736526662,0.427381511219461,0.13000380815864
0.117433898974439,0.419044124360457,0.0809971970382965
0.0413018892047541,0.410408048905016,0.0324601106895515
-0.0351031304500004,0.401406687669537,-0.0148412710190686
-0.111756098887436,0.391990518490418,-0.0601833191321932
-0.188605967724574,0.382133589520935,-0.102899728772182
-0.26557147971018,0.371839665738213,-0.142399173044463
-0.342536460415415,0.361147644979125,-0.178185960004164
-0.419346536098215,0.350135479968223,-0.20988317820027
-0.495809296193806,0.338921584582877,-0.237256220987068
-0.571698915031752,0.327662766162042,-0.260232770580398
-0.646765164573062,0.316548069876539,-0.278914413034999
-0.720745378077306,0.305788706896225,-0.293575358670844
-0.793377780574853,0.295604825939712,-0.304645605842423
-0.864413995220063,0.286210777927949,-0.312678395931928
-0.933628825544343,0.277800936092587,-0.318304739208169
-1.00082592831674,0.270538184946183,-0.322180242799572
-1.06583879116538,0.264546744030865,-0.324930889064041
-1.12852728134396,0.259910158750417,-0.3271044775751
-1.18877073323318,0.256674294550228,-0.329133206228314
-1.24645896252073,0.254854263114605,-0.331310723190563
-1.30148270332242,0.254443584478992,-0.333784480759895
-1.35372483366322,0.255423621605961,-0.336561923554493
-1.40305349200807,0.257771376215716,-0.33952735670006
-1.44931790292722,0.261464004340684,-0.34246546184252
-1.49234750160805,0.266478791206301,-0.345087354052334
-1.53195479790469,0.272787757672496,-0.347055644883667
-1.56794232250218,0.280346574640349,-0.34800595830443
-1.600113871787,0.289078110609835,-0.347563501029532
-1.62828998981372,0.298851837686698,-0.345354408499686
-1.65232706500847,0.309461511127738,-0.341012534147411
-1.67213849275259,0.320604906802021,-0.334183041822882
-1.68771513598566,0.331870577238174,-0.324524588923492
-1.69914112768522,0.342736958766105,-0.311712085985276
-1.70660049535065,0.352588048851079,-0.295442057177709
-1.71037082240105,0.360746929246274,-0.275442533773951
-1.71080250026827,0.366524218088497,-0.251489316067651
-1.70828579218865,0.369273965921363,-0.223429499831985
-1.7032113511163,0.368447497685659,-0.191212708677463
-1.69593193556013,0.363635740793672,-0.154927870308532
-1.68673247031856,0.354594154736921,-0.114841174140191
-1.67581290259867,0.341248820367928,-0.0714279428560414
-1.66328470927203,0.323686085233613,-0.0253892882418764
-1.649178918343,0.302130096384759,0.0223553873310897
-1.63346192821001,0.276912660194818,0.0707058675444877
-1.61605518174015,0.248439084797242,0.118448466988792
-1.59685532350277,0.217152953388008,0.164345781707305
-1.57575230299902,0.183502538994472,0.207235034256041
-1.55264372863186,0.147911562798548,0.246118344500665
-1.52744460030338,0.110756714688214,0.28023016271794
-1.50009235485219,0.07235350389988,0.309073081052699
-1.47054786092399,0.0329507152297033,0.332420978378589
-1.43879345931672,-0.007267570885732,0.350295219656573
-1.40482928041504,-0.0481743568460957,0.362923545921282
-1.36866891585632,-0.089688789070309,0.370691927338468
-1.33033520738669,-0.131763969002188,0.374097763656615
-1.28985658698197,-0.174375038102709,0.373709674799359
-1.24726416186044,-0.217508432405415,0.370135880968132
-1.20258961906982,-0.261152662838727,0.364000562681973
-1.15586400918295,-0.30529061773295,0.355925913255305
-1.10711750959925,-0.349893218555901,0.346516855510053
-1.05638031012567,-0.394914262778211,0.336345457077785
-1.00368476122513,-0.44028640814369,0.325932781294778
-0.949068842996452,-0.485918429555564,0.315727105851623
-0.892580836199947,-0.531694047843056,0.306078980744119
-0.834284812808402,-0.577472720198368,0.297215294223759
-0.774266249918987,-0.623092738250676,0.289216092683629
-0.712636788251334,-0.668376764457662,0.281998974946571
-0.649537006388024,-0.713139562398933,0.275316024100357
-0.585136171669303,-0.757197218367629,0.26876710714337
-0.51962832304659,-0.800376737509549,0.261830918150965
-0.453224705506903,-0.8425246786276,0.253911772620819
-0.386143360111876,-0.883513575669143,0.244396732991261
-0.318597349696636,-0.923245286442772,0.2327152076284
-0.250783441339529,-0.961651003126913,0.218392539301697
-0.182872958907116,-0.998688273974075,0.201090495351295
-0.115006007183996,-1.03433584637859,0.180630498503596
-0.0472895387186797,-1.068587350684,0.156998928850576
0.0202010071548105,-1.10144479061074,0.130336883243999
0.0874171178289069,-1.13291266288684,0.100918766471396
0.154330979773953,-1.1629930592275,0.0691246953621844
0.220928282777936,-1.19168210033533,0.0354114089175607
0.28720103909439,-1.21896765197493,0.000285239058750048
0.353140949856641,-1.24482825039702,-0.0357205759255154
0.418733658214981,-1.26923311431574,-0.0720632144547695
0.483954057626672,-1.29214312666585,-0.108202229539986
0.548762720737791,-1.31351268806662,-0.143606863548117
0.613103448394099,-1.33329234137514,-0.17775986943048
0.676901885992945,-1.3514320326144,-0.210159176771624
0.740065086260824,-1.36788479882068,-0.240318762323021
0.802481987112621,-1.38261070299356,-0.267770067225241
0.864024466117833,-1.39558054635,-0.292065107611938
0.924549040613681,-1.40677913402127,-0.312782406963267
0.983899041377069,-1.41620761705892,-0.329536556907289
1.04190721550848,-1.42388449509804,-0.341991866542227
1.09839868166502,-1.42984486675235,-0.349879972699126
1.15319410733372,-1.43413760400938,-0.353020486202482
1.20611290334342,-1.4368203171527,-0.35134279851586
1.25697615685651,-1.43795228367087,-0.344906206874287
1.30560899341886,-1.43758591762678,-0.333914777229108
1.35184209738582,-1.43575778666651,-0.318723153536663
1.39551223708255,-1.43248052909712,-0.299830118292892
1.43646181864278,-1.42773715095292,-0.277858231868918
1.47453768226185,-1.42147898158331,-0.253520184875298
1.50958948359578,-1.41362801944164,-0.227575092154338
1.54146803053984,-1.4040835994235,-0.200780145632651
1.57002385043181,-1.39273246779199,-0.173844122719338
1.59510609264776,-1.3794606954773,-0.147388834042714
1.61656169609997,-1.36416557431074,-0.121922781395692
1.63423464460206,-1.3467657665537,-0.0978286362613769
1.64796513282158,-1.32720841922968,-0.0753634197284406
1.65758856706915,-1.30547252752575,-0.0546681748626666
1.66293448997169,-1.28156835516276,-0.0357828805059986
1.66382570890143,-1.25553307562072,-0.018662418114535
1.66007809455836,-1.22742297105582,-0.00319034572519938
1.65150168990129,-1.19730257865031,0.0108112931703158
1.63790392753282,-1.16523121928256,0.0235762397219192
1.61909587052099,-1.1312475047262,0.0353909250274089
1.59490242162315,-1.09535277946724,0.0465913183149896
1.56517729106728,-1.05749503852975,0.0575562670970201
1.52982305987363,-1.0175555914929,0.0686937799587877
1.48881582305589,-0.975341416892874,0.0804174271286921
1.44223262359426,-0.930586456403948,0.0931116795194567
1.39027835179788,-0.882964661211688,0.107087501900853
1.33330736672681,-0.832116142818792,0.122532523706007
1.27183436045313,-0.777685292280754,0.139462993084995
1.20652953752594,-0.719366638266608,0.157686618163595
1.13819532654746,-0.656951388198646,0.176785487010235
1.06772536743528,-0.590366095110138,0.196126038199252
0.996050526355639,-0.519695546334259,0.214898660554962
0.924079920914567,-0.445184904884982,0.232183778286016
0.852646209889108,-0.367220616084428,0.247035657104975
0.782463247460711,-0.286294231257341,0.258571245896895
0.714101035102713,-0.202956635908645,0.266050376687763
0.647978882735102,-0.117771266016523,0.268935919780404
0.584374135309742,-0.0312737122254158,0.266927289850169
0.523441647169499,0.0560576089853095,0.259966485809767
0.465238654708732,0.143818190172268,0.248220927162905
0.409750475801107,0.231682651248789,0.232050529165156
0.356913908603933,0.319401065888157,0.211967370433124
0.306636742612911,0.40678946121393,0.188595306803418
0.258813018725435,0.493717181273429,0.162634716308851
0.213334443454548,0.580093010003149,0.134834976263579
0.170098695208581,0.665851079796887,0.105974835796468
0.129015356172265,0.750936896798571,0.0768488674769581
0.0900100003308612,0.835293412844654,0.0482567888168031
0.0530266678065157,0.918847019945524,0.0209916805121941
0.0180286623983954,1.0014936114094,-0.00417696445457445
-0.0150026089406243,1.08308538628185,-0.0265287638854803
-0.0460711034224149,1.16341974370121,-0.0454284134260597
-0.0751721276251991,1.24223222917221,-0.0603715060547972
-0.10230068259256,1.31919580221039,-0.0710363458867567
-0.127461438721287,1.393928401082,-0.0773343119204153
-0.15067896746617,1.46600969333712,-0.0794483591092845
-0.172006362274115,1.53500604187911,-0.0778481781437912
-0.191530302308137,1.6005004760118,-0.0732725671096459
-0.209371131763202,1.66212256286668,-0.066675116967714
-0.225677606472816,1.71957235026994,-0.0591374025762974
-0.240617282624123,1.77263351027482,-0.051762102721821
-0.254364603484938,1.8211732925581,-0.0455638848455082
-0.267089165954101,1.86513006538246,-0.0413763696710978
-0.27894630254897,1.90449195838699,-0.0397888938636766
-0.290071220662123,1.93927157541785,-0.0411189865476548
-0.300576909183486,1.96948169775831,-0.0454183216162607
-0.310555219163033,1.99511572346425,-0.0525038690620852
-0.320080122300976,2.01613494723718,-0.0620032343517461
-0.329212127569257,2.03246326941042,-0.0734036059964458
-0.338003058598121,2.04398886512557,-0.0860963563766551
-0.346500714055589,2.05057180655355,-0.0994129831730764
-0.354753242966618,2.05205648593245,-0.112651773158751
-0.362813297564841,2.04828772644061,-0.125097684149257
-0.370742147135016,2.03912948173193,-0.136040121713052
-0.378613926380004,2.02448484636367,-0.144794308716808
-0.386520047113001,2.00431564666316,-0.150731604892078
-0.39457354371494,1.97865920231387,-0.153322227734237
-0.402912813034496,1.9476391614921,-0.152190265609528
-0.411703966647674,1.91146701667155,-0.147175923914634
-0.421140994304882,1.87043151277107,-0.138394505321481
-0.431443268328427,1.82487506060824,-0.126277354403547
-0.44285059485949,1.77515942271134,-0.111579017843257
-0.455616816954703,1.7216266214987,-0.0953389148382664
-0.470003475024574,1.66456384278043,-0.0787950155744276
-0.486274824753587,1.60418160622346,-0.0632591521832943
-0.504694490401902,1.54061190271852,-0.0499744280660971
-0.525522562898283,1.47392794475624,-0.0399803915558842
-0.549010754466787,1.4041813864575,-0.0340089832029537
-0.575392967460647,1.33144839038703,-0.032424944227434
-0.604869584204267,1.25587405293613,-0.0352122997050471
-0.637585673107693,1.17770559630082,-0.0419982368697703
-0.673605538629649,1.09730759594512,-0.0521002329437775
-0.712887971733163,1.01515626123758,-0.0645823228959305
-0.755267676737644,0.931813568228753,-0.0783106754155688
-0.800448309596542,0.847885427900166,-0.0920050482144952
-0.848011141345413,0.763970887497967,-0.104289165706255
-0.897440432460049,0.680611476564934,-0.113747996412568
-0.94816232123778,0.598250840621053,-0.119002072627781
-0.999589072348471,0.517214094028834,-0.11880732987737
-1.05115639608177,0.437713108186092,-0.112182576621345
-1.10234047012004,0.359877900280077,-0.0985554727114767
-1.1526454896634,0.283806213917693,-0.0779033668384728
-1.20156273784077,0.209615729761414,-0.0508518817768892
-1.24851586569305,0.13747982089229,-0.0186889101752246
-1.29281824440643,0.0676316950587223,0.0167377537535461
-1.33366938610365,0.000333493002316893,0.0532418258410212
-1.37020443988136,-0.0641779845553241,0.0886014959777208
-1.4015878067794,-0.125746638030838,0.120872981147669
-1.42712096509701,-0.18433147881323,0.14863597824425
-1.44632802930425,-0.240008935573484,0.171116986561542
-1.45899370640645,-0.292946429604129,0.188181209761533
-1.46514913085486,-0.343360379891911,0.200225423172617
-1.4650191389232,-0.3914730808398,0.208024764454959
-1.4589521742978,-0.437477789847656,0.212582633362061
-1.44735150847224,-0.481514642998967,0.215013708215008
-1.43061896009593,-0.523655394426623,0.216467548629386
-1.40911497682227,-0.563893672476756,0.218082648855444
-1.38313448757375,-0.602138829907082,0.220951234671185
-1.35289655498954,-0.638214195889576,0.226073395106372
-1.31854642344546,-0.671863242839697,0.234284193005428
-1.2801695709613,-0.702768612830432,0.246148234613743
-1.23781750837646,-0.730587991689716,0.261831636654488
-1.19154347204089,-0.755006746388832,0.280978743292802
-1.14144281233287,-0.77580037789825,0.30263483286772
-1.08768897792175,-0.792892359640741,0.32525836143682
-1.03055390978188,-0.806388849028668,0.346849919115841
-0.97040387704969,-0.816575140082294,0.36519027108066
-0.907668931436126,-0.823870349713222,0.378138946879354
-0.842793539788509,-0.828752021285303,0.383918449853221
-0.776182684594145,-0.831673005819987,0.381313115949569
-0.708158078790144,-0.832993380937276,0.369744478080395
-0.638933390016424,-0.832941101965937,0.349228467744004
-0.568609270480478,-0.83160266885728,0.320252609184408
-0.497182792290356,-0.82893570444455,0.28362295339115
-0.424563905958035,-0.824791810575149,0.240324020118753
-0.350594094876346,-0.818939701400827,0.191421021428881
-0.275069101774832,-0.81108362425583,0.138022081587834
-0.197776604121101,-0.800879751479675,0.0813120934032662
-0.118561228328872,-0.787962858684362,0.022657972072327
-0.0374031516028025,-0.771998789870269,-0.0362561272358155
0.0455444279349959,-0.752762040622788,-0.0933609316187244
0.129999152718759,-0.730213012539956,-0.146290518097213
0.215638342785144,-0.704550357268906,-0.192636441113455
0.302163530179148,-0.676228560150514,-0.230326659466953
0.389309795776799,-0.645928448141525,-0.258076860138667
0.47680715414651,-0.614465715971397,-0.275815211415235
0.564316743713884,-0.582642763652353,-0.284911181734507
0.651372622120712,-0.551087392556874,-0.288033130906479
0.737361473615894,-0.520147659131768,-0.288583267698422
0.821557373967455,-0.489894744622298,-0.28987089672976
0.903199325382354,-0.460228689181507,-0.294337130656111
0.981575779831891,-0.431028309815434,-0.303109524398562
1.05608110437339,-0.402276130491726,-0.315972408040533
1.12623068444557,-0.374118740372678,-0.331638808035897
1.19164511650373,-0.3468600922741,-0.34812213478671
1.25202487543803,-0.320905325687006,-0.363038085213002
1.30713343787383,-0.296674418579289,-0.373760256985324
1.3567955400078,-0.274500044265671,-0.377452143545251
1.40090452266925,-0.25452379780611,-0.371078812704085
1.43942229370768,-0.236614523106452,-0.351553669225386
1.47235029243695,-0.220348584612502,-0.316178705102172
1.49965531661203,-0.205100407358287,-0.263447210529579
1.52115730014489,-0.190267092060646,-0.194054748056193
1.53642590097895,-0.175573576213501,-0.11165410447537
1.54476301740565,-0.161304449136211,-0.0227281591939391
1.54532480646771,-0.148289467686939,0.0647325889185753
1.53735354758116,-0.137614819530454,0.143295495683913
1.52041882334968,-0.130239506400363,0.207862753026208
1.49457780066373,-0.126746258404982,0.256357942096518
1.46042126503734,-0.127307989090017,0.289314556681515
1.4190022120742,-0.131790358476587,0.308937011717773
1.37165314775889,-0.139881527456238,0.31821797430862
1.31973688578229,-0.151204188345588,0.320389989537405
1.26442883191488,-0.165419762595985,0.318698053024634
1.20662551793269,-0.182335318127555,0.316329268197353
1.14699675614612,-0.201992415903853,0.316304880504326
1.08611338571553,-0.224691687172408,0.32118752937571
1.02455329439896,-0.250907608424619,0.332566438789104
0.962918552823776,-0.281080574221512,0.350442959696333
0.90175556957408,-0.315335789541711,0.372797426445185
0.841428578386848,-0.353246851273262,0.395667435000614
0.782026993886894,-0.393781838755102,0.413899816848506
0.72336760686321,-0.435494247345814,0.422385069134279
0.665093121815725,-0.476880104481107,0.417280274199794
0.606814883902305,-0.516725843523504,0.39673294288469
0.548237687281305,-0.554299309403671,0.360930709883306
0.489231614758312,-0.589350124217546,0.311654154567711
0.429847523906902,-0.621982894427497,0.251663810325806
0.370288702696406,-0.652491543605906,0.184190546717201
0.310852188098487,-0.681213197010962,0.11264653959226
0.251848956205201,-0.708418137170967,0.0405426941125607
0.193510934064178,-0.73422442922234,-0.0284777240545094
0.135897635173062,-0.758518597330273,-0.0906226766684772
0.0788213888139449,-0.780884385349392,-0.142133079932305
0.0218245198552229,-0.800587682354085,-0.179840405799282
-0.0357316888635862,-0.816675497514673,-0.202072968024338
-0.0944139407269222,-0.828180103469028,-0.209556067105239
-0.154341030783648,-0.83435232784163,-0.205767657573607
-0.214870090174812,-0.83481084459376,-0.196328901461368
-0.274564800194664,-0.829510427596899,-0.187475301267714
-0.331506684812942,-0.818535148572235,-0.184252259571063
-0.38378312216562,-0.801839971714467,-0.189290713132842
-0.429904133565858,-0.779085231492359,-0.202604058196072
-0.46901461288609,-0.749629127243402,-0.222200054566097
-0.500927993622811,-0.712653752869857,-0.244959947869162
-0.526071331196142,-0.667363113510952,-0.267324954542686
-0.545395513347794,-0.613196522546579,-0.285621357537447
-0.560237374975622,-0.550009258718416,-0.29612430408183
-0.572089027888531,-0.47816640359267,-0.295124345783658
-0.582276418019642,-0.398494704370455,-0.279307612943071
-0.591673268447373,-0.312084782684468,-0.24664824226333
-0.600679854044952,-0.220045410940847,-0.197669086450487
-0.609593795173559,-0.123395347549235,-0.136418154099785
-0.61914349682169,-0.0231887947695255,-0.070239154798377
-0.630678903569726,0.0792803953968538,-0.007929228264328
-0.645753625647866,0.182480652559824,0.042943532342978
-0.665418727849599,0.284931143386755,0.0780560385202971
-0.689788130416984,0.385551073550203,0.0967341376078737
-0.718103204266924,0.483810290609414,0.101018430899931
-0.749109642399398,0.579637980195845,0.0943280542380858
-0.781464263482903,0.673222020567748,0.0804690784012057
-0.814029537192184,0.764838365695088,0.0632193493145079
-0.846054852492539,0.85476722065532,0.046340624826043
-0.877286876256763,0.943277804957688,0.0337115141581154
-0.908018181360844,1.03062705866603,0.0292610621331142
-0.939026175291179,1.11701413055022,0.0364597425469074
-0.971325155297162,1.20245763603256,0.0573143646161607
-1.00570594982712,1.28661913839105,0.0911519325449104
-1.04219509262146,1.36866963097086,0.13386902837938
-1.07974231738586,1.44732725274141,0.178417375017629
-1.11642213546461,1.52111350166408,0.21670933148548
-1.1501000644033,1.5887110295912,0.24209417879376
-1.17914874733605,1.64921821711203,0.251065871665715
-1.20280774077712,1.70218581663267,0.243494212075956
-1.22111622309605,1.74748423150814,0.221725577842713
-1.23461727147561,1.78512756284255,0.189382278952299
-1.24404945691475,1.81514957371988,0.150475778455682
-1.2501232511858,1.83756215841225,0.109016249446642
-1.25337773538177,1.85238361842671,0.068998028834146
-1.2540774453827,1.85970706437294,0.0345130805704469
-1.25212547836705,1.85977332512554,0.00972070293042293
-1.24701090011176,1.85300754629806,-0.00155809790781292
-1.23784959518807,1.8399776959499,0.00327876487067319
-1.22358257643774,1.82125306152108,0.0244338823351263
-1.20332616904211,1.79719723433456,0.0587800711686581
-1.17673343610199,1.76780393643727,0.0999356377162164
-1.14413939509302,1.73270085970246,0.13973851523538
-1.10636712305839,1.69134590338479,0.170598208064983
-1.0643209218752,1.64329445453819,0.187510730797374
-1.01863282295967,1.5883801806221,0.18880119001535
-0.969529248871468,1.52674983910467,0.175602335404088
-0.916897343511596,1.45879761106414,0.150747300270462
-0.860439000118139,1.38506766400562,0.117759445009239
-0.799821546706495,1.30615994667998,0.0802662829654222
-0.73479047181884,1.22263944438202,0.0418306246182323
-0.665247213513777,1.13493790083475,0.0060143747677523
-0.591303688694934,1.0432480808582,-0.023563741494493
-0.513314842649697,0.947435883242548,-0.0433981283488909
-0.431874607838207,0.847024304857676,-0.0506362814706482
-0.347753292383925,0.741315583555728,-0.0439625423369368
-0.261768906627972,0.629683107801846,-0.0245358356152025
-0.174624170231643,0.511964138949426,0.00355739007947328
-0.0867806402714408,0.388763391051143,0.0338518716663932
0.00156345679828756,0.261459910449424,0.0590882820157378
0.0903881915113456,0.131875572837155,0.0731743110040406
0.179723211617409,0.00179272602168783,0.0725815981861796
0.269547051860743,-0.127420915488269,0.0566612783048994
0.359743867477004,-0.254953063894863,0.0270537638365826
0.450107898737764,-0.380494669334443,-0.0132591887928879
0.540376280362262,-0.504103914095904,-0.0607811585464132
0.630278391345067,-0.626067210703453,-0.111989080537641
0.719596542442352,-0.746781120723603,-0.163488492420207
0.808231195860512,-0.866639159758531,-0.211959133164583
0.896255286555215,-0.985895975766481,-0.254052700687518
0.983931225817021,-1.10449554731381,-0.286402242855206
1.07165825211033,-1.22188455325766,-0.305870900896547
1.15982758016963,-1.33687707814598,-0.310091621589346
1.24859810816043,-1.44766929870701,-0.298209989457139
1.33766276732929,-1.5520852804707,-0.27155996968733
1.42612325631215,-1.64803977331383,-0.233879341508224
1.5125758389719,-1.73406117479818,-0.190762922461612
1.59540857221092,-1.80963347667707,-0.148410455528291
1.67317945513152,-1.87518901521952,-0.112149035493514
1.74489546894436,-1.93178037051367,-0.0853524894884068
1.81008817830076,-1.98062255171278,-0.0691162776211697
1.86870889970785,-2.02271157416082,-0.062615596161869
1.92094336035254,-2.05862529598538,-0.0638025897411978
1.96704170264722,-2.08850211036454,-0.0700912257588775
2.00721198041133,-2.11213722097729,-0.0788266384197374
2.04157947937976,-2.12913371890294,-0.0874971223114836
2.07019022510235,-2.13906727078304,-0.0937519864404955
2.09303300700052,-2.14164405282683,-0.0953342685615551
2.11006107878055,-2.136840143633,-0.0900443771087998
2.12120502167263,-2.12500598363991,-0.0758334596627396
2.1263780352451,-2.10690789665383,-0.0510833442885513
2.1254816837519,-2.08367190645924,-0.0150552711984562
2.11842141724631,-2.05660802932081,0.0316145580493087
2.10513528013018,-2.02693497338639,0.0865916686099473
2.08562800733395,-1.99548450248168,0.145927631146931
2.05999338487763,-1.96250356436633,0.204658005386646
2.0284097429574,-1.92764758926169,0.257772699885097
1.99110788945055,-1.89016948444753,0.301204512578134
1.94832828730214,-1.84921241196472,0.332468708653569
1.90029043924701,-1.80407994197289,0.350786968522009
1.84718760831134,-1.75439670163353,0.356785683098838
1.78920355284572,-1.70014179752313,0.352002837999237
1.72653636219786,-1.64158651245392,0.33842680718403
1.65941258336026,-1.57918134469185,0.318191219041893
1.58808003687284,-1.51342789789967,0.293445413595989
1.51277557783446,-1.44475679089095,0.266351529401929
1.43367213425601,-1.3734245246805,0.239129335779096
1.35081746764864,-1.29944225482307,0.214066104926225
1.26408527764161,-1.22255403090536,0.193421931004388
1.17316562960969,-1.1422845874575,0.179190350588996
1.07762137968148,-1.05806946721168,0.172723960983977
0.977023681070422,-0.96945747891037,0.174304138821105
0.871148939568559,-0.876339111629227,0.182805237054631
0.7601785908231,-0.779120027677412,0.195635475649805
0.644815011209895,-0.678754080103625,0.209079199730808
0.52624220934309,-0.576597375102752,0.219006633786678
0.405926917306607,-0.47412975965203,0.221730658692626
0.285337142295053,-0.372657889436076,0.214704573399394
0.165691886059768,-0.273113472520654,0.196841546731116
0.047823494038749,-0.175996190365515,0.168430371617176
-0.06783406112422,-0.0814368260409042,0.130785558521874
-0.18117085701636,0.0106810877732146,0.0858202444451252
-0.292295490701822,0.100597627517127,0.0356847013428012
-0.401439116391635,0.188581654818107,-0.0174655689500383
-0.508886703669631,0.274870949734056,-0.0715723300254329
-0.614934562232112,0.359639139583668,-0.124682782355211
-0.719863457452002,0.442977188578786,-0.174910195516612
-0.823914790146333,0.524879866242417,-0.220393073640397
-0.927260648308672,0.605233489428037,-0.259292987413647
-1.02996458530208,0.683807592815033,-0.289861824990667
-1.13193714549384,0.760257961443342,-0.310594292276946
-1.23289733665645,0.834150008339609,-0.320457843569893
-1.33235663720704,0.90500835380534,-0.319159332997934
-1.42964241742628,0.972389959381462,-0.307372396226969
-1.52396924475698,1.03596605796014,-0.286829050379782
-1.61454912805563,1.09558805414852,-0.260195655856401
-1.7007120825419,1.15131232963493,-0.230717861595957
-1.78199868431695,1.20337232627514,-0.201711033581281
-1.8581953010516,1.25210772898764,-0.176042315635833
-1.92930664879386,1.2978772702062,-0.155753099448146
-1.99548457296901,1.34098397912669,-0.141904899530833
-2.0569431423278,1.38163070940317,-0.134640762251468
-2.11388598239715,1.41990860476771,-0.133388768376587
-2.16645943568224,1.4558103293211,-0.137115786503542
-2.21473318292618,1.48925623207774,-0.144558359988163
-2.25870282622422,1.52012326615579,-0.15439080400704
-2.29830674246078,1.54827025999724,-0.165320665179831
-2.33345036725461,1.57355677570563,-0.176121555671515
-2.36403301607744,1.59585534762853,-0.185623371675122
-2.38997412452731,1.61505832472994,-0.192683248364144
-2.41123684596712,1.63108113283565,-0.196160309156065
-2.42784718634074,1.64386385636066,-0.194915021005005
-2.43990648565369,1.65337281309833,-0.187849928014626
-2.44759448217984,1.6596033374516,-0.17400170386729
-2.45116003474145,1.66258427001184,-0.152683341927294
-2.45089757909606,1.6623836551355,-0.123659150584383
-2.44711018474068,1.65911397760068,-0.0873158671041989
-2.44006458780969,1.6529342959494,-0.0447768794560547
-2.42994839720249,1.64404645433709,0.0020963379157999
-2.41684205531136,1.63268370598666,0.0508510452049899
-2.40071540940643,1.61909248277567,0.0987297149974417
-2.38145076021422,1.60351072191095,0.143035649641366
-2.35888459874377,1.5861476724598,0.181484185464863
-2.33285424745349,1.56716957913436,0.212451569890141
-2.3032362760933,1.54669344491038,0.235074863692818
-2.2699693771735,1.52478846614035,0.249209357702991
-2.23306118681533,1.50148288521366,0.255288863883262
-2.19258291684989,1.47677336607986,0.254146845857755
-2.14865676709494,1.45063435361459,0.246846995580741
-2.10143998614801,1.42302575698117,0.234552408724454
-2.05110768129085,1.39389829876401,0.218443295409057
-1.99783508863526,1.36319675686374,0.199679302508466
-1.94177939871385,1.33086199220982,0.179394700122376
-1.88306137417039,1.29683307242342,0.158711441450431
-1.82174770684505,1.26105095743338,0.138754650336236
-1.75783611340793,1.22346508638619,0.120656186470625
-1.69124630273915,1.18404375462896,0.105534150279472
-1.62182082468442,1.14278834829689,0.0944397957781243
-1.54933994850938,1.09975030080641,0.0882690354163633
-1.47355351924533,1.05504815552282,0.087644208575822
-1.39422966178287,1.00888068578696,0.0927828758190053
-1.31121517756135,0.961531229240707,0.103382106562168
-1.22449649669257,0.913358989535301,0.118554600206481
-1.13424549402911,0.864775571895172,0.136850927467181
-1.04083453350232,0.816209182775664,0.156385663043519
-0.94481182564938,0.768063333483564,0.175055931708084
-0.846840234461631,0.720679450973987,0.190809335525368
-0.747614913771462,0.674311991400824,0.201899523447209
-0.64778143976087,0.629120685202015,0.207072095601549
-0.547873543948167,0.585179345331295,0.205648828244415
-0.448280397784012,0.542496581214321,0.197511072802884
-0.349242969895504,0.501042092255594,0.183008751785709
-0.250871810218577,0.460772816844566,0.162831964722794
-0.153176247012251,0.421655054420314,0.137879115677714
-0.0560963485116199,0.383680683468139,0.109144871838455
0.0404679238686488,0.346877122056912,0.0776393443722307
0.136632796506691,0.311311534921251,0.044340310346139
0.232512076175024,0.27709008382258,0.010174153940349
0.328202564958737,0.244352938076306,-0.0239819584262995
0.42377171163808,0.213265519675541,-0.057285311673705
0.519245866096477,0.184006216350899,-0.0889089663126972
0.614598122844825,0.156750703715603,-0.118027329883974
0.709735686353392,0.131653186078184,-0.143813227714206
0.804487811271764,0.108825365437952,-0.165452308845301
0.898596495658359,0.0883147845539482,-0.182178367969325
0.991712938517969,0.0700852203327775,-0.193329729302251
1.08340296112837,0.0540027384647982,-0.198422129546827
1.17316379082753,0.0398313943771474,-0.197228019704039
1.26045264439344,0.0272418660865196,-0.189847120415392
1.34472467992615,0.015834230163608,-0.176750348519566
1.42547487232636,0.00517282658616222,-0.15878092294267
1.50227635563159,-0.00517241695442325,-0.137103605594231
1.57480780363342,-0.0155863554257338,-0.113104616845421
1.64286483498183,-0.0263790474442738,-0.0882574085101655
1.70635451234356,-0.0377720724367269,-0.0639786080127012
1.76527623841052,-0.0499021891124684,-0.0415004925601608
1.81969516548109,-0.0628392022749877,-0.021780679618924
1.8697148188769,-0.0766118040992781,-0.00545890212312053
1.91545420508089,-0.0912343898708247,0.00714093250397871
1.95703218368062,-0.106729153551021,0.0159739526590931
1.99455940558345,-0.123140208002023,0.0212173854579845
2.02813638023732,-0.140539002833595,0.0232076514546114
2.05785545437704,-0.159022205484187,0.0223823847556107
2.08380450831069,-0.178704210785932,0.0192338910060695
2.10607067984645,-0.199706651213711,0.0142764289306734
2.1247430964916,-0.222146952731126,0.00802654413941001
2.13991421964395,-0.246127418121004,0.000993670607133401
2.15167987156931,-0.271725737489137,-0.00632278765371086
2.1601383049579,-0.298987364286963,-0.0134339255077243
2.16538880896993,-0.327919911850236,-0.0198631036087751
2.16753036234465,-0.358489609162895,-0.025152103316274
2.1666607827154,-0.390619873215387,-0.0288738033200414
2.16287670631229,-0.424192141504691,-0.0306522707933681
2.15627458078529,-0.459049189136823,-0.0301896449586774
2.1469526715172,-0.495001153673003,-0.0272974635885343
2.1350138859947,-0.53183435183211,-0.021928330583361
2.120569019547,-0.56932264623791,-0.0142023705348462
2.10373985912265,-0.607240646276721,-0.00442223994058039
2.08466148832549,-0.645377487422637,0.00692895641215958
2.06348316506924,-0.683549498753178,0.0192103686236007
2.04036732171093,-0.721609928968128,0.0316667210193775
2.01548655758326,-0.759454193509147,0.0434880300096592
1.98901888961275,-0.797019828604001,0.0538777737031214
1.96114189417964,-0.83428132340317,0.0621195318260841
1.93202660158665,-0.871240961154764,0.0676325014384228
1.90183200986928,-0.907917423703013,0.0700089500691348
1.87070092988791,-0.944334152037568,0.069030783010508
1.83875749360827,-0.98050907687542,0.0646664346371589
1.80610636914726,-1.01644688704603,0.0570525121263723
1.77283341639497,-1.05213431222862,0.0464661033009409
1.73900738063445,-1.0875383893395,0.0332936895483803
1.70468220428384,-1.12260733164904,0.0180015149661242
1.66989962669661,-1.15727345532566,0.00111063565505225
1.63469189366683,-1.19145758960229,-0.0168218248266272
1.59908456794893,-1.22507444230193,-0.0352151679143159
1.56309958565215,-1.25803845149383,-0.0534724582467192
1.52675881460035,-1.29026968733854,-0.0709846071764182
1.49008841594285,-1.32169935720428,-0.0871336069862327
1.45312427011347,-1.35227440497782,-0.101297571396098
1.41591858349067,-1.38196060476195,-0.112860233976618
1.37854752501641,-1.41074345788397,-0.121227252441116
1.34111935504498,-1.43862617059541,-0.125850967543952
1.30378202595271,-1.46562408244095,-0.126264067582608
1.26672873524007,-1.4917552103055,-0.122120851158696
1.23019952914938,-1.51702712261581,-0.113242540041987
1.19447697694716,-1.54142115758721,-0.0996606777339983
1.15987435619273,-1.56487593794593,-0.0816506532474022
1.1267158231478,-1.5872729695386,-0.0597466353741112
1.0953096212729,-1.60842750984365,-0.0347304868478991
1.06591717317271,-1.62808753119496,-0.00759092643681578
1.0387223684642,-1.64594235935518,0.0205451388131215
1.01380592785453,-1.66164064954257,0.0485009781984856
0.991129066273045,-1.67481531335421,0.0751451575526176
0.97052891377655,-1.68511150735386,0.0994787714275388
0.951725838017181,-1.69221333706428,0.120702183148319
0.934340683832966,-1.69586559507236,0.138253689813916
0.917918600292829,-1.6958882888691,0.1518187765015
0.901955786358306,-1.69218335026378,0.16131417906228
0.885925985563048,-1.68473423634431,0.166854519180817
0.869304520017098,-1.67359986631002,0.16871042607903
0.851588663048231,-1.65890449220324,0.167266202340203
0.832313940334805,-1.64082486430746,0.162983003396797
0.811066417682665,-1.61957566216435,0.156370958727061
0.787491210921418,-1.59539381806995,0.147971230752496
0.761297465250975,-1.56852217455584,0.138346993986996
0.732260010101938,-1.53919292376898,0.128080816488056
0.700217913745691,-1.50761144696657,0.117774930045096
0.665070263322969,-1.47394145782843,0.10805033595439
0.626769704713303,-1.43829268044086,0.0995406083412275
0.585314523356728,-1.40071259069386,0.0928766658466346
0.54074029560323,-1.36118391650572,0.0886597971225343
0.493112296614724,-1.31962950928938,0.0874219564994964
0.442519851883486,-1.27592573003143,0.089574846520343
0.389073601511047,-1.22992451115593,0.0953524449295811
0.332906146746595,-1.18148274388185,0.104754963899571
0.274175797980951,-1.1304957611981,0.117504930400713
0.213072230735535,-1.07692987318294,0.133027017607792
0.149822015535257,-1.02084782686681,0.15046136015402
0.0846915324487773,-0.962421393782797,0.168714888471726
0.0179850097052562,-0.901927389606117,0.186547444908712
-0.0499635547333264,-0.839726974788425,0.202681163234979
-0.118804249289462,-0.77623202850347,0.215915581343454
-0.188188917752299,-0.711865357158102,0.225229481380693
-0.257789607377182,-0.647022444728947,0.229854095750551
-0.327314629009453,-0.582041196900776,0.2293096409543
-0.396519832029102,-0.517183367832235,0.22340546932105
-0.465214000922604,-0.452628229201006,0.212210847877046
-0.53325860801591,-0.388476554538929,0.196007000235045
-0.600563121426535,-0.32476164028351,0.175231495038585
-0.66707751445193,-0.261463851718726,0.150424215338679
-0.732783597335973,-0.19852572749526,0.122181208394426
-0.797686461031271,-0.135865585610059,0.091119707839523
-0.861806865134433,-0.0733885153256393,0.0578551422829279
-0.92517495162315,-0.0109944289423383,0.0229892097271479
-0.987825300358177,0.0514165901518419,-0.012892940873515
-1.04979309249412,0.113941058722662,-0.0492188932096928
-1.11111100763307,0.176670224510652,-0.0854211628689808
-1.17180643932699,0.239688747597465,-0.120928067744849
-1.23189865010523,0.303073159800687,-0.15515585807522
-1.29139558995317,0.366889434408444,-0.187504598891148
-1.35029025831243,0.431189162922738,-0.217360154915911
-1.40855669036543,0.496004071196731,-0.244104366369434
-1.46614590304577,0.561338933218845,-0.267135012438747
-1.52298223813286,0.627163301689873,-0.285896258843552
-1.57896109185399,0.693403053925732,-0.299918969658997
-1.63394863504083,0.759933084681209,-0.308868231184329
-1.68778444025434,0.826572953444563,-0.312593145143691
-1.74028747572731,0.893087325614045,-0.311171524226184
-1.79126540751568,0.959192677989037,-0.304940427170712
-1.84052642877293,1.02457080804471,-0.294503370978269
-1.88789210511529,1.08888828616994,-0.280707354285733
-1.93320922647349,1.15181944549403,-0.264587703345548
-1.97635861110344,1.21306932456211,-0.247285386679428
-2.01725930833477,1.27239265723048,-0.229948000779345
-2.0558675831212,1.3296057614345,-0.213629875602141
-2.09217115390584,1.3845898081084,-0.199207065376011
-2.12618005638316,1.43728589080268,-0.187319220303888
-2.15791593137287,1.48768391594948,-0.178343879350963
-2.18740175183766,1.53580816044697,-0.172401787351622
-2.2146530206594,1.58170235059483,-0.169386516189509
-2.23967163857816,1.62541647548741,-0.169008892591908
-2.26244253988445,1.66699666343607,-0.170846592986521
-2.28293297097775,1.7064785886642,-0.174390930420586
-2.30109400363629,1.74388421945909,-0.179085410459858
-2.3168637852325,1.77922131556859,-0.184353280704783
-2.33017204961274,1.8124848999752,-0.189613587099214
-2.34094549485501,1.84365990311446,-0.194287004239804
-2.34911372780167,1.87272424511594,-0.197793958339467
-2.35461554790909,1.89965173295722,-0.199548410331058
-2.35740537000112,1.92441428103192,-0.198951229150542
-2.35745955363484,1.94698310295381,-0.195387418625471
-2.35478230898386,1.96732867176624,-0.188231546261345
-2.34941069236198,1.98541941413612,-0.176865430731359
-2.34141800637316,2.00121930260207,-0.160711256876532
-2.33091473010455,2.01468474234029,-0.139281500238605
-2.3180460032434,2.02576140556866,-0.112244091138264
-2.30298479471528,2.03438190503304,-0.0794970703455642
-2.28592033108508,2.04046533785717,-0.0412420193029473
-2.26704221784935,2.04391965714224,0.00195901340284105
-2.24652187824044,2.04464743062126,0.0491605317891166
-2.2244941429834,2.04255479463202,0.0990595281465494
-2.20104253168182,2.03756244559597,0.150076923719458
-2.17619147132259,2.02961665397202,0.200487950160162
-2.14990725255281,2.01869793924109,0.248581025298856
-2.12210735529513,2.00482546060682,0.29281564718913
-2.09267572885617,1.98805627061914,0.331949789321647
-2.06148049202062,1.96847992239298,0.36511635849811
-2.02839062522446,1.94620998541026,0.39184245139396
-1.99328926532328,1.92137446094346,0.412018702711284
-1.95608257435476,1.89410687124389,0.425834652084678
-1.91670429543516,1.86453916072542,0.433698482902179
-1.87511677378748,1.83279680467438,0.436157016091966
-1.83130942134105,1.79899591525732,0.433826881756731
-1.78529549544523,1.76324177313607,0.427342502919644
-1.73710781351556,1.72562810433471,0.417322194889455
-1.68679376860322,1.68623650618916,0.404350761693255
-1.63440981174393,1.64513563056573,0.388975355710737
-1.58001545517009,1.60237999625914,0.371710722423801
-1.52366683317927,1.55800857399079,0.35304991633212
-1.46540992600518,1.51204353699597,0.333476848273166
-1.40527370180054,1.46448977493613,0.313477415362669
-1.34326364780666,1.41533590173571,0.293546375021577
-1.27935642191726,1.36455753134503,0.2741875399016
-1.21349662918462,1.31212350997929,0.255905353713429
-1.14559694579138,1.25800554139808,0.239186569741495
-1.07554288875355,1.2021911905972,0.224471742187818
-1.00320333907375,1.14469957525386,0.212117689640689
-0.928447335565895,1.08559820094299,0.202354039368521
-0.851166591957881,1.02501848821625,0.19523926119092
-0.771301691801285,0.963166825084921,0.190623787975387
-0.688868258732053,0.900327796762743,0.188129111711102
-0.603978112510395,0.836856938443012,0.187151182766267
-0.516850170875313,0.773162057035671,0.186893318015011
-0.42780715990998,0.709674648371147,0.186428215759348
-0.337257041133075,0.646815492680801,0.184781843074288
-0.24566170220534,0.584960238228765,0.181026102896753
-0.15349863148566,0.52441094395924,0.174364575759231
-0.0612227944602103,0.465378027322397,0.164197392443424
0.0307647332618506,0.407974436990864,0.150156765342484
0.122137187703773,0.352221127827685,0.132111773885861
0.212650409287331,0.298060924706868,0.110147235960756
0.302140395379064,0.245377030363899,0.08452526969152
0.390513030651304,0.194012675897923,0.055639093115439
0.477729277282763,0.143789168111528,0.0239673648043531
0.563788915220386,0.0945209307694429,-0.00996505003245454
0.648715060136881,0.0460266054840172,-0.0456166309728316
0.732541246707579,-0.00186387901919515,-0.0824481222348488
0.815302240867851,-0.0493062277389138,-0.119931478585737
0.897029147379361,-0.0964424484196641,-0.157550323549127
0.97774855625178,-0.143404910384563,-0.194793555910231
1.05748450392616,-0.190322696355906,-0.231143561511793
1.13626127675172,-0.237329162170363,-0.266060507067385
1.21410484176787,-0.284569134499373,-0.298964729207922
1.29104094204513,-0.332204289256904,-0.32922030030469
1.36708846948213,-0.380415322329464,-0.356124216684215
1.4422475072357,-0.429399610259044,-0.378907018503212
1.51648242694293,-0.479363148998871,-0.396751605008544
1.58970177241806,-0.530505840998447,-0.408836963523872
1.66173833116918,-0.582999875853904,-0.414411565120413
1.73233450485501,-0.636962227369109,-0.412896247754467
1.80113916317432,-0.692424242123599,-0.404007875140087
1.86772161479254,-0.749303670061233,-0.387883703202752
1.93160525501722,-0.807386513410735,-0.365175468577399
1.99231780382485,-0.86632645658603,-0.337077609352295
2.04944837541913,-0.925667085775144,-0.305262077437521
2.10269698951551,-0.984886328682524,-0.271715105414017
2.1519026416224,-1.04345522628391,-0.238502763293304
2.19704247567474,-1.10089765486534,-0.207518197669761
2.23820422247257,-1.15683702439316,-0.180270291264492
2.27554216383006,-1.21102079152829,-0.157757275753012
2.30922992762988,-1.26332127292705,-0.14043860569553
2.3394211461229,-1.31371795815093,-0.128289217871361
2.36622382130309,-1.36226980380009,-0.120903318448434
2.38968904678598,-1.40908563539306,-0.117612417320057
2.40981130100987,-1.45429817465292,-0.117590079169952
2.42653617119567,-1.49804401922422,-0.119927545873961
2.43977155137559,-1.54044926371332,-0.123675437749249
2.44939934877719,-1.58161882309628,-0.127855176058524
2.45528597459667,-1.62162691829354,-0.131449481013034
2.45729107799421,-1.66050646126771,-0.133384957233771
2.4552749757841,-1.69823609208427,-0.132522009468277
2.44910597124215,-1.73472526202624,-0.127668227324078
2.43866916093083,-1.76979987379344,-0.117630284889034
2.42387824278317,-1.80319323911465,-0.101314926759719
2.40469104583988,-1.83454878738311,-0.0778800218969865
2.38112784275377,-1.86344092033057,-0.0469209350285634
2.35328912667821,-1.88941737595524,-0.00865718983446398
2.32136718419405,-1.91205987780679,0.0359341101955153
2.28564489125804,-1.93105112612783,0.0850971939458392
2.24647719260603,-1.94622937004281,0.136429307150506
2.20425599628889,-1.95761195208306,0.187161139645908
2.15936578061284,-1.96537856538768,0.234527463896155
2.11214150716224,-1.9698197656473,0.276133011280968
2.06283975442327,-1.9712684614348,0.310221694344451
2.01162870790942,-1.97003526597728,0.335797570368992
1.95859589647511,-1.96636264852899,0.35259945168302
1.90376771173137,-1.96040292700129,0.360971205223637
1.84713321883894,-1.95221690780674,0.361684224922603
1.78866591937562,-1.9417860262217,0.355761226332365
1.72833945597493,-1.92903072172022,0.344332788036735
1.66613553764639,-1.9138297313801,0.328539911931951
1.60204407106893,-1.89603740582721,0.309482337403285
1.53605659293149,-1.87549817153193,0.288204280850013
1.46815482609739,-1.85205860120997,0.265705483758415
1.39829676668508,-1.82557824644926,0.24296429563172
1.32640330886548,-1.79594055388241,0.220959743090319
1.25234904952208,-1.76306492259201,0.200680512777676
1.1759614523229,-1.72692031002545,0.18311049461716
1.09703264737364,-1.68753977241197,0.169183475821865
1.01534726054479,-1.64503399363179,0.159704476111475
0.930727186129471,-1.59960042828916,0.155242651730694
0.843089750157881,-1.5515236353368,0.156010435969932
0.752509675048265,-1.50116245977839,0.161753833114133
0.659269451160357,-1.44892172304569,0.171685792084039
0.563880300461833,-1.39521024343973,0.184493449976311
0.467060078514316,-1.34039232831388,0.19843713409632
0.369665953692385,-1.28474400579865,0.21153538558034
0.272594855806142,-1.22842555443047,0.221803381141399
0.176676430830531,-1.17147734811862,0.227493465514693
0.0825853716783462,-1.11383848526816,0.227285279377676
-0.00920842724293049,-1.05538080278338,0.220390081982704
-0.0984475026655245,-0.995947747633363,0.206561112283751
-0.18506049906004,-0.935388760547672,0.186027187383935
-0.269116721730523,-0.873583608880003,0.159381418490602
-0.350776415023925,-0.810455149115964,0.12745897333133
-0.430247474540958,-0.745971762615603,0.0912307703016264
-0.507753966092489,-0.680141816549351,0.051729154446165
-0.583517313088956,-0.613002364973302,0.0100110611554304
-0.657748099341041,-0.54460356687267,-0.0328442466106733
-0.730645003146959,-0.474989604769653,-0.0757119727662725
-0.802396958203426,-0.404176751540063,-0.117386847013412
-0.873184714235572,-0.332130056432347,-0.156553792771194
-0.943178307038508,-0.258742003230035,-0.191784145952815
-1.01252770309495,-0.183819031897684,-0.221578178224319
-1.08134542877755,-0.107084162303299,-0.244471907695338
-1.14968266557449,-0.028204742859218,-0.259216976367698
-1.21750392295893,0.0531481861612331,-0.265023538888813
-1.28466904229859,0.137210082426033,-0.261826674574765
-1.35093302744546,0.224017069367902,-0.250502715082028
-1.41597155193789,0.313313874780185,-0.232939994340805
-1.47943164388368,0.404513805848313,-0.211883598711751
-1.54099533326367,0.496739626746062,-0.190540690963101
-1.60043552977142,0.58894433507203,-0.17203291307155
-1.65764468121036,0.680074573497744,-0.158859348069868
-1.7126281726027,0.769220579094974,-0.152533136665276
-1.76546872302547,0.855708067037479,-0.15347434592151
-1.81627667773213,0.939119162247844,-0.161134773441975
-1.8651411096908,1.01925909151792,-0.174258955003384
-1.91209110425165,1.0960979908758,-0.191173505424657
-1.95707021391321,1.16971313062487,-0.210027455222328
-1.99992266397262,1.24024487254276,-0.228949689418289
-2.04038802968786,1.30786799665563,-0.246125528442525
-2.07810125811254,1.3727726072579,-0.259816547844669
-2.11259643103371,1.43514615280825,-0.268357984838786
-2.14331507432909,1.49514930982556,-0.270170484694285
-2.16962264448265,1.55288265240361,-0.263819538408805
-2.19083925328259,1.60834735870708,-0.248145693690395
-2.20629119330397,1.6614103546398,-0.222468162887566
-2.21538614976543,1.71178957769133,-0.186831547114244
-2.21770529127904,1.75907444250723,-0.142224923398491
-2.21309104391453,1.80278678753937,-0.0906725018845364
-2.20169757457924,1.84246993356439,-0.0351038962808452
-2.18397337729691,1.87777674513444,0.0210211092821384
-2.16056819096166,1.90852399059906,0.0742523074859325
-2.13219039148995,1.93469509749458,0.121687783564474
-2.09946397343841,1.95639777139434,0.161343108748809
-2.06283042255865,1.97380064603415,0.192264684857703
-2.02251513680334,1.98707489518897,0.214410803250433
-1.9785497284496,1.9963563452885,0.228396637789868
-1.93082588404703,2.00173100654405,0.235211243459826
-1.87915592121879,2.00323890997595,0.235984070859017
-1.82332349562794,2.0008887191413,0.231836316686987
-1.76311792542737,1.99467657965579,0.223818915279673
-1.69835327169186,1.98460469184887,0.212919786943932
-1.62887765457399,1.97069679659229,0.200115074350538
-1.55457984131129,1.95300875730055,0.186437228241949
-1.47539972969139,1.93163286205239,0.173032838423257
-1.39134745221216,1.90669475999667,0.161183310318802
-1.30253249501568,1.87834257357174,0.152262709245562
-1.20919939071711,1.84672914639034,0.147612622713868
-1.11176060784008,1.81199078562795,0.148328691429921
-1.01081188796691,1.77422881316318,0.154981698297408
-0.907113874243534,1.733502315716,0.167335945042843
-0.801530478108035,1.68983931818908,0.184164675825446
-0.694930275097198,1.64326731561932,0.203268653630854
-0.588076503548829,1.59385397241212,0.221753583201184
-0.481541745185565,1.54174075458887,0.2365202943369
-0.375675411249085,1.48715341202328,0.244820803850852
-0.270629060614027,1.43038469781435,0.244701373926563
-0.166421436639357,1.37175888309469,0.235213564739696
-0.0630153448275105,1.31159470917054,0.216381932908356
0.039616583019674,1.25018024763342,0.189004064154079
0.141448638141172,1.18776426548981,0.154388577712824
0.242382726883853,1.12456056668815,0.114118144859232
0.342249329165637,1.06075776182321,0.0698860051237618
0.440823982962357,0.996526796591375,0.023418591307746
0.537855349396806,0.932020644062558,-0.0235277810191821
0.633101725049807,0.867363417352352,-0.069122932826781
0.726372592979861,0.802629270910368,-0.111407598262585
0.817569912937751,0.737814989901272,-0.1482700564348
0.906720293458352,0.672814375178208,-0.177502184210021
0.9939847795691,0.607406970267113,-0.196979197415031
1.07963012788367,0.541276266441351,-0.20498630540414
1.16394876829885,0.474069210341221,-0.200665780231801
1.24712983379593,0.405495196575764,-0.184479139329784
1.32911182345255,0.33543917860582,-0.158499418350024
1.40947664943573,0.264041709471452,-0.126331435436621
1.48744898119365,0.191699286584017,-0.0925662268513518
1.56202454454323,0.118972579836807,-0.0618924334143128
1.63218371810448,0.0464398211892856,-0.0381792563637923
1.69710278024426,-0.0254398194169384,-0.0238616091518759
1.75628838368896,-0.0964021307673263,-0.0197845202648148
1.80961311826578,-0.166380717112561,-0.0254398377669612
1.85727643918733,-0.235456463596873,-0.0393998609004823
1.899730505804,-0.303784080296754,-0.0597543502747433
1.93760046198184,-0.371520947432398,-0.0844329456660049
1.97161106339526,-0.438773132177498,-0.111377565857397
2.00251835346652,-0.505564768026251,-0.13858603836074
2.03103956912897,-0.571831460486756,-0.164076711206291
2.0577753274322,-0.637434869452116,-0.185833744349802
2.08312344217344,-0.702192641670525,-0.201792600589541
2.10719209691175,-0.76591467408783,-0.209917218512515
2.12973011570724,-0.828433769122192,-0.208400558501523
2.15010058120663,-0.889618084772318,-0.19598235160367
2.16732516216943,-0.949357223492694,-0.172321281425791
2.18021319431521,-1.00752485009821,-0.138299330709365
2.18755966129758,-1.06393498653528,-0.0961099773398657
2.1883601175481,-1.1183174856773,-0.0490284008567017
2.18197104256689,-1.17033172866758,-0.000882917237230676
2.16816062504845,-1.2196177045248,0.0446173195781095
2.14704305906892,-1.2658637915301,0.0844799733714166
2.11893937671558,-1.30886440672316,0.116783351678675
2.08422922519581,-1.34854961099832,0.140737784890132
2.04324424395924,-1.38498330479898,0.1565189221558
1.99622183640306,-1.41833718115858,0.164990847920525
1.94330993962861,-1.44885081380944,0.167428862905326
1.88460005913301,-1.47678610224405,0.165309390032808
1.8201663037138,-1.50238039304311,0.160186594859088
1.75009577285349,-1.52579987499995,0.153638682230894
1.67450439617645,-1.54709482310767,0.147246253726233
1.59353918553126,-1.56616104406923,0.14255925317495
1.50737226435667,-1.58271631573288,0.141015542970658
1.41619439346655,-1.59630435354428,0.143791797519863
1.32021618115713,-1.60633872422656,0.151595018071696
1.21968321229257,-1.61219204448843,0.16443663541048
1.11490602605077,-1.61332083694104,0.181461175546122
1.00629729420506,-1.60939735058492,0.200912351347111
0.894399633588385,-1.60040597654926,0.220295975801534
0.779884320313047,-1.58666498325174,0.236738482657551
0.663509315145048,-1.56875872247309,0.247462591559712
0.54604310266134,-1.54740148915673,0.250247606754857
0.428178428849548,-1.52328140154787,0.243745383055108
0.310464919921778,-1.49693499705022,0.227584562968297
0.193278777522831,-1.46868215535857,0.2022787374662
0.0768297278595439,-1.43862255934855,0.169013766916327
-0.0388082853327435,-1.40667542133219,0.129404081368633
-0.153659874481606,-1.37263932604156,0.0852858391106341
-0.267817067129418,-1.33625469082871,0.038578595879455
-0.381418885519677,-1.29726033844359,-0.00878522499818542
-0.494638936892114,-1.25544284421697,-0.0548847855924099
-0.607673510964053,-1.21068057979787,-0.0978209288962603
-0.720720930838212,-1.16298375616597,-0.135745433791755
-0.833944325784122,-1.11252825450145,-0.166938156548565
-0.947414876107573,-1.05967616811444,-0.189948663122
-1.06104098108559,-1.00497204572004,-0.203797530463802
-1.17449947863358,-0.949103918022696,-0.208201923137484
-1.28719410502004,-0.892825271421855,-0.203757404799728
-1.3982673454921,-0.836848515993052,-0.191990041712708
-1.50667894226667,-0.78173694528019,-0.175210853878755
-1.61133880819539,-0.727830375221694,-0.156167124670122
-1.71125586737144,-0.675230861564107,-0.137570164325505
-1.80565430349933,-0.623851063007309,-0.121638791856583
-1.89402296380891,-0.573502677228703,-0.109792137059661
-1.97609340610285,-0.523990800915819,-0.102557698286219
-2.05176881870732,-0.475185973320261,-0.0996747438402303
-2.12103680691811,-0.427061143284914,-0.100315733861318
-2.18389374825813,-0.379695086598055,-0.103337027055496
-2.24029539836029,-0.333251184291101,-0.107492802069007
-2.29013612127177,-0.287941299544325,-0.111580653886099
-2.33325170009783,-0.243981963835957,-0.114517248808944
-2.36943831017735,-0.201547248221291,-0.115361285500858
-2.39848109842446,-0.160721308980847,-0.113309185015525
-2.42018787171632,-0.121454237878329,-0.107689141804917
-2.43442511687296,-0.0835271364332489,-0.0979737446327547
-2.44115410306098,-0.0465351083911888,-0.0838215171476327
-2.44046395182483,-0.00989812293171002,-0.0651443574073561
-2.43259680271559,0.0270928493139744,-0.0421832116653091
-2.41795876288795,0.0651947245089569,-0.0155630855894802
-2.39711079056653,0.105107961610357,0.01370321696476
-2.37073707834248,0.14737125340089,0.0442815632233499
-2.33959435064072,0.192281112948774,0.0746496788883719
-2.30445142709952,0.239855671087958,0.103270045402334
-2.26603146566657,0.289847752540365,0.128762336658394
-2.22496785149998,0.341797219428374,0.150038149945652
-2.18177952742176,0.395103365031162,0.166376516782953
-2.13686523085515,0.449097434619677,0.177438262668656
-2.0905112465097,0.503101197741497,0.183232410602269
-2.0429052649561,0.556465786257448,0.184054788753608
-1.99414959535479,0.608592148684597,0.180418601900271
-1.94426924015353,0.658938680212487,0.172991884164198
-1.89321299916536,0.707022791021362,0.162550331262437
-1.8408480405554,0.752422268271185,0.149947793417217
-1.78695003204745,0.794780327368869,0.136101424203551
-1.73119215081328,0.833816036572713,0.121984256107995
-1.67313738333501,0.86933969565946,0.108614879869878
-1.61223957601451,0.901270805025399,0.0970323206486682
-1.54785937094579,0.929654457982787,0.0882449597644587
-1.47930068237122,0.954670490717295,0.0831465538068759
-1.40587074364714,0.976629086657736,0.0824008687990297
-1.32696133781836,0.995947548251479,0.0863088178517021
-1.2421410173361,1.01310635419936,0.0946857056390024
-1.15124003994929,1.02858834582776,0.106786060227853
-1.05440512742606,1.04281153840943,0.121312857461757
-0.952103996663098,1.05607085076159,0.1365318716005
-0.845071533463053,1.06850395003316,0.150482112586555
-0.734207269839501,1.08009014560439,0.161240465354311
-0.620449806039352,1.09068091420141,0.167178392490743
-0.504660085830158,1.10005095613737,0.167151977305811
-0.387539202265796,1.10795411716926,0.16059202520467
-0.269591886981463,1.11417038260291,0.14749489917619
-0.151131851072964,1.11853615253828,0.128341366196386
-0.0323158392809377,1.12095651345019,0.103981209928471
0.0868087333987004,1.12140259412442,0.0755166939157125
0.206254475846502,1.119898712553,0.0442048675265897
0.326049839579677,1.11650367161754,0.0113843254138102
0.446202435771313,1.11128944842899,-0.0215791124127728
0.566669720205437,1.10431959639857,-0.0533395060118217
0.687336412344957,1.09562937745693,-0.0826235087128698
0.807998929362017,1.08520996912678,-0.10829806931108
0.92835850867375,1.07299968451019,-0.129455208272074
1.04802553694399,1.05888537804624,-0.145506044473315
1.16653699254953,1.042716386946,-0.156266106676981
1.28338649381663,1.02433098457334,-0.162007274010408
1.39806280874058,1.00359161624191,-0.163452505604341
1.51008934872456,0.980421336742816,-0.161700045066384
1.61905598585227,0.954831782912714,-0.158082085945264
1.72463646078507,0.926934304346004,-0.153982497127218
1.82658903107482,0.896930621260174,-0.150650866292712
1.92474286947978,0.865085735693895,-0.149050332533963
2.01897601497037,0.831690977032939,-0.149764832167481
2.10919148072317,0.797026940757026,-0.152973186940217
2.19529683872593,0.761334462509977,-0.15848037309273
2.27719033745609,0.724798081481035,-0.165785730771164
2.35475439738673,0.687542612121253,-0.174165421246678
2.42785571350942,0.649640807179135,-0.182750543516613
2.49635026929755,0.611129020263669,-0.190589965469915
2.56009118019958,0.572027864165869,-0.196695240796345
2.61893724701345,0.532365417023313,-0.200072010002067
2.67276027294782,0.492200930349779,-0.199747000768454
2.72144952100346,0.451646897508863,-0.194801688037084
2.76491216211792,0.410886730448008,-0.184422587765007
2.80306921292512,0.370184471821298,-0.167973847730701
2.83584731156943,0.329882512679221,-0.145090335576921
2.86316769397758,0.290383894417706,-0.115779652102876
2.88493479790065,0.252118030835671,-0.0805115452459881
2.90102777419549,0.215492635773081,-0.0402666501674354
2.91129840441373,0.180839448743662,0.00348245589145857
2.91557802635342,0.148365239896573,0.0488733511590639
2.91369381579637,0.118120431908628,0.0938334983977779
2.90549159456716,0.0899942032209369,0.136307985063643
2.89085950491709,0.0637377804838452,0.174488414178172
2.86974597124423,0.0390094727695923,0.206994283996315
2.84216713870971,0.015429277729127,0.232973529345507
2.80820267690197,-0.00737023450792772,0.252114484778795
2.76798261983805,-0.0297068111613606,0.264585975958864
2.72167010928303,-0.051829782300681,0.27093634732271
2.66944502063125,-0.073919158879532,0.271983278235097
2.61149213508385,-0.0960986772247675,0.2687175379511
2.54799581936613,-0.118457567121893,0.262231150042323
2.47914181836205,-0.141075816975011,0.253668721957926
2.40512591209334,-0.164048216410685,0.244192636926314
2.32616856626294,-0.187502925674645,0.234949155412887
2.24253391791071,-0.211610671161124,0.227022960002828
2.15455023767271,-0.236581190092248,0.221371777085506
2.06262748030944,-0.262644777433895,0.218739862440358
1.96726618823644,-0.290019199445578,0.219558508904677
1.86905172887824,-0.318865920299894,0.223851655135946
1.76862957587245,-0.34924387671234,0.231172233101171
1.66666155767193,-0.381072388038907,0.240596202260779
1.56376901659126,-0.414115147974072,0.250792950802004
1.46047454448732,-0.447993150397134,0.260172646048036
1.35715655253946,-0.482226309714319,0.267088066198803
1.25402842553084,-0.516294355883231,0.270049670747149
1.15114689305315,-0.549701470670595,0.26790721494555
1.04844554153639,-0.582028969471339,0.259962224083719
0.945782890703659,-0.612965843909363,0.245997926436805
0.842992471590608,-0.642315023142359,0.226236579152745
0.73992462220286,-0.669980020029674,0.201249517806015
0.636474232579843,-0.695939985640288,0.171849305144365
0.532593180984172,-0.720221081625764,0.138988198297185
0.428289362421566,-0.742869875618919,0.103677552568006
0.323615766682598,-0.763931756880351,0.0669330775535932
0.218653429695993,-0.78343521615235,0.0297435256017822
0.11349181916053,-0.801381615925072,-0.00694393508186729
0.00820970955224234,-0.817739727445925,-0.0422301755515516
-0.0971409302802048,-0.83244453165666,-0.0752708399072081
-0.202545988356088,-0.845400234970489,-0.105290472096987
-0.308033507739423,-0.856487790272985,-0.13160875112702
-0.413669854934732,-0.865577162509623,-0.153680121683876
-0.519546904480615,-0.872543979098115,-0.171143773421525
-0.625760444039875,-0.877289106070861,-0.183876181355133
-0.732381728017959,-0.879758349545617,-0.192034300821901
-0.839426285325182,-0.87995839381188,-0.196075547657904
-0.946825987400698,-0.877964856271068,-0.196742462799404
-1.05441102322812,-0.873919424318614,-0.195006212224835
-1.16190705173303,-0.868015447703696,-0.191972845829278
-1.26894939662271,-0.860474412865344,-0.188766555760393
-1.3751117651093,-0.85151828251074,-0.186411099139175
-1.47994326384309,-0.841343673999721,-0.185731120261456
-1.5830058922883,-0.830102903412429,-0.187289078111194
-1.68390562137082,-0.817894556334516,-0.191363471125429
-1.78231288927995,-0.804763520259902,-0.197964002018734
-1.87797155054778,-0.790708324355959,-0.206872464734966
-1.97069784497487,-0.775692671780089,-0.217695719577598
-2.06037225837057,-0.75965816167822,-0.2299185390868
-2.14692728140925,-0.742535987278068,-0.242947772589015
-2.23033344311687,-0.724256415322375,-0.25614360468639
-2.31058506151455,-0.704755768649201,-0.268837602135514
-2.38768628994708,-0.683981277588973,-0.280340281133035
-2.46163746707449,-0.661894500077895,-0.289943026979606
-2.53242159763383,-0.63847406718885,-0.296920456888681
-2.59999101814335,-0.613718348569925,-0.300539790739867
-2.66425488472644,-0.587648311828768,-0.300083375323985
-2.72506893264974,-0.560310436117483,-0.294888913195018
-2.78222977521214,-0.53177911324613,-0.284408823830505
-2.83547649317491,-0.502157638692208,-0.268285336963291
-2.88450199450832,-0.471576792354774,-0.246431750827299
-2.92897523855137,-0.44019025286864,-0.21910406673122
-2.96857286472117,-0.408166715476717,-0.186943238729141
-3.00301556381182,-0.375679471154761,-0.1509693209175
-3.03210183335075,-0.34289506094731,-0.112516710076532
-3.05573098195722,-0.309963072595711,-0.0731136830850719
-3.07390927788175,-0.277008937087008,-0.0343252794785802
-3.08673758304604,-0.244130746473022,0.00241005232423251
-3.09438397622099,-0.211399992719002,0.0359178891550728
-3.09704861894352,-0.1788651826202,0.0653758840930858
-3.09492912105784,-0.146556843572965,0.0903440339208352
-3.08819302306118,-0.114492547917681,0.110743811859413
-3.07696094087126,-0.082681070854364,0.126802691580023
-3.06130085636546,-0.051125404129732,0.138983455440026
-3.04123193031202,-0.0198248731850523,0.147914749415912
-3.01673530591882,0.0112230479019785,0.15433327171957
-2.98776939795102,0.0420204826169687,0.159041298066283
-2.95428766696363,0.0725657605179446,0.16287758813009
-2.91625744123725,0.102848406896106,0.166695825511642
-2.87367868803924,0.132842421871876,0.171342797506787
-2.8266016239038,0.162498306345499,0.177628519732686
-2.77514170863617,0.19173494917585,0.186282452211476
-2.71949004598298,0.22043313183041,0.197893827793414
-2.65991679675961,0.248432824344717,0.212839654044864
-2.59676526772517,0.27553637839107,0.231210334286715
-2.53043521679397,0.301518951501338,0.252748447921782
-2.46135575187202,0.326146000559192,0.276818784262721
-2.38995072166785,0.349195764488751,0.302425103763722
-2.31660196240369,0.370482931013187,0.32828057191691
-2.24161716023093,0.389878861930405,0.352926084889813
-2.16520862218286,0.407324275147945,0.374877876691311
-2.08748683835544,0.422832040144567,0.392777714404093
-2.00846914782658,0.436480098767078,0.405518810645882
-1.92810037141341,0.448396640542118,0.41232812378124
-1.84628007826574,0.458740916699843,0.412797675427004
-1.76289068817234,0.467683285063039,0.406869406234272
-1.67782161151788,0.475387452513551,0.394786363396568
-1.59098641553625,0.481996829640129,0.377026255070955
-1.50233186594886,0.487625830836544,0.354232198417691
-1.41183916803223,0.492356108361831,0.327151506410258
-1.31951866895765,0.496237207318343,0.296588415565898
-1.22539975638304,0.499290947956518,0.263372096615087
-1.12951787113542,0.50151887909409,0.228337829854454
-1.03190061086063,0.502912268141289,0.192317065319495
-0.932554943786338,0.503464169591983,0.156131128820411
-0.831457605060119,0.503183047275457,0.120583378678274
-0.728550763390997,0.502107166064999,0.0864454773166192
-0.623744882911119,0.500318527839552,0.0544349605092134
-0.516930188447196,0.497954596081527,0.0251833338755205
-0.407997199510449,0.4952154575642,-0.000803659164753584
-0.296865025793596,0.492364102899653,-0.0231893938320707
-0.183514402194269,0.489717389654603,-0.0418468193040133
-0.0680203437987699,0.487626507717493,-0.0568878928483841
0.0494220495740271,0.486447763234494,-0.0686737816425028
0.16848484273073,0.486506551716922,-0.0777993844961209
0.288712157346239,0.488059956502872,-0.0850496625349183
0.409543886343701,0.491264679407222,-0.0913305707001638
0.530355275607056,0.496156713074871,-0.0975828564166314
0.650505697795336,0.502646994086443,-0.104691006931636
0.769387901005416,0.510533794015391,-0.113400884900861
0.88646930381371,0.519528918862292,-0.124257631366271
1.00131934860344,0.529292090331488,-0.137570828156927
1.11362056076973,0.539466905900365,-0.153408135881516
1.22316454736795,0.549712546840689,-0.171613317181635
1.32983673339625,0.55972734852639,-0.191841004425914
1.43359471158201,0.56926262945126,-0.213599305114732
1.53444480665542,0.578127117552428,-0.236292128531554
1.63242031161717,0.586183541378669,-0.25925529943835
1.72756337821726,0.593339447276891,-0.281783317410482
1.81991119306494,0.599534265238238,-0.303146401546966
1.9094860837934,0.604724330228556,-0.322599850818776
1.99628866356527,0.608867245454199,-0.33938956390578
2.08029301357839,0.611906787816436,-0.352758734901659
2.16144312465379,0.613759594016876,-0.361961186571129
2.23965027789698,0.614305081038607,-0.366286388186062
2.31479160865791,0.613380331657177,-0.36509970993948
2.38671063537925,0.610781808380507,-0.357898678840428
2.45522087940582,0.606275491632331,-0.344381871290149
2.52011366616447,0.599616122942483,-0.32452196457289
2.58117062844759,0.590574560098576,-0.298629380358772
2.63818030243401,0.578969981377043,-0.267389629718766
2.69095672697788,0.564701387640834,-0.231858026022058
2.7393566278244,0.547771466920006,-0.193401463693775
2.78329125218674,0.528296363397671,-0.153588257657704
2.82272972350864,0.506497640120173,-0.114040761908526
2.85769287295907,0.482677141454592,-0.0762767285154393
2.88823915631078,0.457179998560011,-0.0415693177945816
2.91444639589516,0.430353888022124,-0.0108503728185557
2.9363938280097,0.402512821039376,0.0153308249936646
2.95414813440022,0.373911445008081,0.0367954935766718
2.96775533981466,0.344732327643541,0.0536833517600426
2.97723852632936,0.315085412703934,0.0663791689334041
2.98259992367159,0.285016738628417,0.0754354850346938
2.98382535977415,0.254522807814262,0.0815043449574591
2.98088919363314,0.223567359561723,0.0852847449550226
2.97375843239096,0.192098199322004,0.0874868962852094
2.9623954716182,0.160062705216061,0.0888103570403856
2.94675959224013,0.127421377421734,0.089930776721534
2.92680788855338,0.0941592027542024,0.0914892366763481
2.90249663649825,0.0602946880097134,0.0940786423472588
2.87378421142554,0.0258862619919001,0.0982230705319154
2.84063650120059,-0.00896450488767018,0.10434822763144
2.80303530906989,-0.0441136044512271,0.112744069662153
2.76098949025674,-0.0793799360275938,0.123523886160824
2.71454772032154,-0.11455554929975,0.136587241962921
2.66381056035401,-0.149420469381493,0.151596169476309
2.60893921998232,-0.183760447285989,0.167974109699531
2.55015804683318,-0.217385202667348,0.184934282526591
2.4877487837147,-0.250144033946208,0.201538661788742
2.42203629848471,-0.281935887657111,0.216781595552885
2.35336757313738,-0.312712049329232,0.229685588839181
2.28208749895996,-0.342471276621053,0.239393243536417
2.20851582857656,-0.371248880209742,0.245240268957519
2.1329289464779,-0.399102407425571,0.246799439643688
2.05554906575119,-0.426096872869612,0.243892653078985
1.97654099020443,-0.452291996714952,0.236574948155605
1.89601535786066,-0.477732990775929,0.225098988663531
1.81403619066617,-0.502445448564098,0.209870067338858
1.73063042468772,-0.526434141401971,0.191400732467627
1.64579750948775,-0.549685092702091,0.170271662186302
1.55951789757722,-0.572170158440387,0.147102457975651
1.47176004010311,-0.593853381713897,0.122533322960904
1.38248620390082,-0.614698495363304,0.0972164646517663
1.29165793815312,-0.634677037593535,0.07181456134177
1.19924230476129,-0.653776565394076,0.0470026441331308
1.10522003372598,-0.672008382157198,0.0234691613585927
1.00959653759078,-0.689414054316143,0.00191176636287455
0.912416189693314,-0.706069820629007,-0.0169764080569194
0.813779427094369,-0.722087875436735,-0.0325333430037096
0.71386112737584,-0.737613537937093,-0.0441691385736982
0.612927497087885,-0.752817612233615,-0.0514200509891102
0.511347715100541,-0.76788387204121,-0.0540102613929493
0.409596240676049,-0.782992542526646,-0.0519118057524191
0.30824246188979,-0.798301722531785,-0.0453897481079873
0.207926419518832,-0.81392955677335,-0.0350189232320333
0.109322411560821,-0.829940226386546,-0.0216618022237712
0.0130955078045362,-0.846336208607199,-0.00640442839700997
-0.0801417963369968,-0.863057815785134,0.00954273214289291
-0.169865342110346,-0.879989210077252,0.024963013975972
-0.255662013484207,-0.896968570047076,0.0387498386506574
-0.337237355361831,-0.913799421757557,0.0500011199656739
-0.414409694597125,-0.930260492516589,0.0580783444961032
-0.487094958707733,-0.946112532634519,0.0626261161924261
-0.555287381072205,-0.961101848999054,0.0635566312912039
-0.619040773711529,-0.974961342820951,0.061009321570827
-0.678453617782119,-0.987410359816359,0.05529798719777
-0.73365951951517,-0.998154664374351,0.0468567238248944
-0.784823125095271,-1.00688747727668,0.0361930401957241
-0.832140619180076,-1.01329199455681,0.0238529813361864
-0.875843478197205,-1.01704532210041,0.0103996755881096
-0.916204091767123,-1.01782344863517,-0.00359604640440167
-0.953542015725948,-1.01530680838926,-0.0175563271082529
-0.988229798239092,-1.00918614762901,-0.0308929210098709
-1.02069737123199,-0.999168758340615,-0.0430051350608947
-1.05143386868951,-0.98498555958625,-0.0532844871086424
-1.08098544014324,-0.966399855678838,-0.0611309329533132
-1.10994730550628,-0.943218717289539,-0.0659841626535932
-1.13894816608553,-0.915307663383091,-0.0673711416182519
-1.16862542184011,-0.882608560335406,-0.0649676378184833
-1.19959071083032,-0.845159390456159,-0.0586670430815874
-1.23238723946446,-0.803112938158872,-0.0486449770397725
-1.26744307791254,-0.756749921897779,-0.0354042792351982
-1.30502745817962,-0.706481350221462,-0.0197840049845225
-1.34521904328313,-0.652835673843228,-0.00291990162411088
-1.38789482203772,-0.596429070695324,0.0138467416193982
-1.43274493428621,-0.537921521815552,0.0291017828054629
-1.47931280855772,-0.477965783350542,0.041509834243768
-1.52705346331258,-0.417159005404612,0.0499556278904469
-1.57539830985975,-0.356006252152068,0.0536486772219898
-1.62381410658478,-0.294901672840994,0.0521757033200175
-1.67184679849468,-0.23412811356798,0.045499708775387
-1.71914611335767,-0.173871565085073,0.0339168130142395
-1.76547174895746,-0.114244396224141,0.0179883770090711
-1.81068523108452,-0.0553110749793566,-0.00153389226655913
-1.85473265104639,0.00288859211191083,-0.0237763523051234
-1.89762298085593,0.0603216840534139,-0.0477977778218707
-1.93940532479983,0.116950921016527,-0.0726277275746031
-1.98014700920775,0.172729559041132,-0.0972912958631156
-2.01991328637588,0.227601102797775,-0.120825316191878
-2.0587488236594,0.281502028973482,-0.14229232548248
-2.09666107543524,0.334365540702299,-0.160798594004035
-2.1336059967279,0.386124425597227,-0.175521385611731
-2.16947718064668,0.436711348712387,-0.185748324260693
-2.20410013253164,0.48605540813285,-0.190928308398579
-2.23723371352745,0.534074566376177,-0.190729069339872
-2.26858045077303,0.580664633217488,-0.185091938139236
-2.29780617832969,0.62568666403193,-0.174270972343414
-2.32456738699756,0.668955637922476,-0.158842968277078
-2.3485422060008,0.710233680390964,-0.139678378763743
-2.36945900115222,0.749230587001707,-0.11787083256696
-2.38711612265823,0.785613005036307,-0.0946329752980912
-2.40138790366687,0.819021775356525,-0.071175358886016
-2.41221529693143,0.849095301307888,-0.0485896556180068
-2.41958345333375,0.875495946215387,-0.0277558039366283
-2.42349172510603,0.897936493078282,-0.00928563836151808
-2.42392304712004,0.916204309833075,0.00649403758414688
-2.42081919405223,0.930181543954202,0.0195247569444742
-2.4140665058682,0.939860023033769,0.0299774751721873
-2.40349409330725,0.945349466428686,0.0382044024625902
-2.38888398198716,0.946877307404214,0.044692635601986
-2.36999056701085,0.944778249076138,0.0500264981537012
-2.34656531118106,0.939472034248451,0.0548604698287156
-2.31838189379616,0.931429092462224,0.0598998077105412
-2.28525704116527,0.921125845239384,0.0658822746753953
-2.24706312342385,0.908994286568976,0.0735524524516748
-2.20373032015272,0.895373444899477,0.0836204673895569
-2.15523863853599,0.880472544187617,0.0966999892932668
-2.10160293508561,0.864355976039441,0.113226105069939
-2.04285661767511,0.846957586189388,0.133361441991861
-1.97904090906226,0.828125959086582,0.156907055021949
-1.91020552695262,0.807694194305592,0.183240507108273
-1.83642302804868,0.785559334961663,0.2113043055857
-1.7578136284509,0.761751284792521,0.239661227414257
-1.67457203061315,0.736471603590754,0.266619059524891
-1.58698522005362,0.710090042416988,0.290409028088928
-1.49543213883525,0.683099100015656,0.309385721015448
-1.40036225489425,0.656039635612553,0.32220838879619
-1.30225763653548,0.629418439221999,0.327968216115559
-1.20158859117563,0.603638679628326,0.326242125077498
-1.0987739024632,0.578957211101383,0.317074392280153
-0.994153426042676,0.555472759007981,0.300904695177063
-0.887975542659424,0.53314044740912,0.278469667409488
-0.780397356681165,0.511803601155082,0.250703905757695
-0.671493136248149,0.491233367765049,0.218658674915236
-0.56126646476837,0.471168969791018,0.183446532846761
-0.449663153716414,0.451354466831472,0.146211060392063
-0.336584129765223,0.431570415246495,0.108114424722942
-0.221899455680177,0.411660166588581,0.0703318622242855
-0.105465870836461,0.391550686783169,0.034040942537145
0.0128495462279436,0.371267013551633,0.000394298840180745
0.133137946139711,0.350938278409844,-0.0295326261580928
0.255410063871474,0.330792208800387,-0.0548220326557894
0.379554215564124,0.31113491884098,-0.074817717008406
0.505298582603406,0.292314311572448,-0.0892376686547176
0.632188453095681,0.274668960152883,-0.0982700699080729
0.759589511944131,0.258469491518796,-0.102620926729703
0.886724362675229,0.243864577448047,-0.103484135029329
1.01274097170291,0.230845903833629,-0.102420033212398
1.13680098907097,0.219243512348398,-0.101154407300496
1.2581676059201,0.208754547525527,-0.101337210283775
1.37627132631901,0.198997856700113,-0.104316004984887
1.49073904598094,0.189579071212838,-0.110974746321229
1.60138387959311,0.180149344385478,-0.121665991849047
1.708164558621,0.170445725159227,-0.136235295858559
1.81112947065161,0.160308937234297,-0.154113333326976
1.91036046529008,0.149681249082139,-0.174441320701094
2.00592731826926,0.138590932161055,-0.196197916308412
2.09785810264612,0.127130383157459,-0.218305739415869
2.18612588760037,0.115433472709128,-0.239707263946099
2.27064911128851,0.103655408971496,-0.25940947461794
2.35130162615426,0.0919563209934057,-0.276503000535191
2.42792827897667,0.0804883038243568,-0.290164696615651
2.50036237543442,0.0693849149776584,-0.299653640242379
2.56844205653454,0.0587519874662613,-0.304310020572968
2.63202325678716,0.0486590048051629,-0.303564837174672
2.69098749113363,0.0391310365136759,-0.296965713313944
2.74524334297851,0.0301421922331205,-0.284220240831374
2.79472136936513,0.0216124546060092,-0.265252979410322
2.83936331626448,0.0134102168540234,-0.240265975987723
2.87910795332957,0.00536245072129157,-0.209786934712493
2.91387710956333,-0.00272707357706967,-0.174686469150909
2.9435660105503,-0.0110534853645251,-0.136148915616959
2.96804125230571,-0.0197848420972318,-0.0955910946818269
2.98714767530565,-0.0290402165231219,-0.0545380172606607
3.00072272946427,-0.0388768750633451,-0.014478366091715
3.00861479231615,-0.0492889451514743,0.0232706125580155
3.01070120863026,-0.0602164864519597,0.0576627064801743
3.00690263111996,-0.0715610617615564,0.087972788784864
2.99719184225287,-0.0832027756862353,0.113798251255571
2.98159669625756,-0.0950144363522025,0.135024624752716
2.96019756663834,-0.106870354006484,0.151773674313466
2.93311971570515,-0.118649470613421,0.164351368676639
2.90052069479619,-0.13023434838413,0.173208013837297
2.86257270165828,-0.141508719100507,0.178916032809846
2.81944011690155,-0.152356750814503,0.182164186074663
2.77125338028641,-0.16266695675976,0.183761351444468
2.71808193464932,-0.172342773601363,0.184638617517505
2.65991094115126,-0.181320238561051,0.185835632004079
2.59662837824452,-0.189590896179884,0.188456491401893
2.52803017727235,-0.197225251020119,0.193583122467243
2.45385012625041,-0.204389341510724,0.202141594372725
2.37381726467857,-0.211345478025669,0.214730190385369
2.28773587121547,-0.218429428455003,0.231436524491005
2.19557301564075,-0.226001694772882,0.251689877433216
2.09752959789575,-0.234379812846561,0.274204963395947
1.99406848950792,-0.243768811592499,0.297063262473795
1.885882542212,-0.254212441769486,0.317942406111003
1.77380502164971,-0.26558348309134,0.334452196195278
1.65868691378654,-0.277617525374916,0.344492300287628
1.54127756727659,-0.289978072657542,0.346537125868483
1.42214072379024,-0.302330870920123,0.339784496240036
1.30162101999924,-0.314406398125443,0.324158085960747
1.17985717262725,-0.326038476853228,0.300200204420236
1.05682625550109,-0.337177252714631,0.268912712545469
0.932401207322795,-0.347881328485802,0.231599103708347
0.806408006728028,-0.358295525744789,0.189741182025049
0.678675316698186,-0.368619202978439,0.144921334551709
0.549074615658573,-0.379067630137136,0.0987831907268057
0.417551575199467,-0.389827421750191,0.0530115856494692
0.284149779849903,-0.401007491511994,0.00930691410199385
0.149026581697247,-0.412589686683444,-0.0306710409647728
0.0124589827349099,-0.424387654626533,-0.0654080653820483
-0.125163795100143,-0.436026974501278,-0.0936929016975307
-0.263363697546605,-0.44696133066633,-0.114808462893444
-0.401612421852228,-0.456535147724456,-0.128713040794437
-0.539378879999446,-0.464090694826048,-0.136149810977904
-0.676174131646092,-0.469099492535788,-0.138625504416005
-0.81158141733374,-0.471281802582521,-0.138229693140115
-0.94526407195773,-0.470674465640306,-0.137317808830397
-1.07695315681835,-0.467622006005205,-0.138131593634126
-1.20642415159954,-0.462693553150235,-0.142454527007716
-1.33347365266746,-0.45655461699863,-0.151384641980427
-1.45790304761504,-0.449834656958161,-0.165262110378829
-1.57951055495814,-0.443025036254791,-0.18373723605748
-1.69808948762114,-0.436424317311764,-0.2059281933426
-1.81342991063505,-0.430129825538385,-0.230606894454412
-1.92532161020304,-0.424063468674909,-0.2563622992527
-2.03355690821433,-0.418017346939093,-0.281712789666415
-2.1379317646251,-0.411707890671938,-0.305162731087596
-2.2382432219781,-0.404832212530725,-0.325217057967116
-2.33428125528323,-0.397124105289843,-0.340379826272664
-2.42581409586218,-0.388408186264902,-0.349168300249365
-2.51256834462277,-0.378648831265207,-0.350173177566657
-2.59420838712626,-0.36798650335674,-0.34218653194641
-2.6703227897787,-0.356749671053666,-0.324399836015708
-2.74042683105518,-0.345428734717468,-0.296644856182882
-2.80398824766984,-0.334602900558402,-0.259616043278634
-2.86047679473226,-0.324824075719369,-0.214988537528257
-2.90942875433511,-0.316481267523738,-0.165350591939013
-2.95050905742,-0.309685640646129,-0.113915860306371
-2.98355105093452,-0.304217931077619,-0.0640600902994666
-3.00855984731909,-0.299560000267016,-0.0188021882395972
-3.02567787062201,-0.294998902029946,0.0196225997409058
-3.0351247855472,-0.289763998065986,0.0499889026713597
-3.03713182089438,-0.283151032912787,0.0720821984513592
-3.03188943926833,-0.27460191631617,0.0865306973511468
-3.01951952667085,-0.263732490074471,0.094564220861236
-3.0000740437398,-0.25031909688008,0.0977883536706755
-2.97355579848033,-0.234262526062615,0.0980244563165262
-2.93995492119556,-0.215546838107027,0.0972219346516478
-2.89929524240316,-0.194205456517615,0.0974139155603513
-2.85168553927371,-0.170301404622077,0.100666916317495
-2.79736946247015,-0.143923982375119,0.108970364603541
-2.73676427875156,-0.115200179639141,0.124024857195401
-2.67047395045762,-0.0843149647299006,0.146923039174536
-2.5992606893284,-0.0515304413634738,0.177775528162931
-2.52396653697889,-0.017191753452978,0.215403744922794
-2.44539529685702,0.0182891846598075,0.257264156558472
-2.36418855079137,0.0544711644544879,0.299731515241016
-2.28074106394237,0.0909291616688917,0.338730666669864
-2.19518695958604,0.127288961403547,0.370528891234655
-2.10745449237449,0.163238294792519,0.392407361059237
-2.01735778113729,0.198515093851239,0.402997110643809
-1.92468715269032,0.232883467013957,0.402238867128355
-1.82927318550981,0.26610935087421,0.391080795771607
-1.73101757826935,0.297943026281137,0.371083831738941
-1.62989522327134,0.328110170054611,0.344071241720626
-1.52593499288603,0.356310088389719,0.311891658017663
-1.41918575998164,0.382219559008964,0.276306008985348
-1.30967299054938,0.405502144692547,0.238973387588525
-1.19735179562355,0.425824589424461,0.201495556638082
-1.08206492790381,0.442882880501078,0.165475959336811
-0.963518172219334,0.45643988656866,0.132550302565864
-0.841289293494604,0.466373411515289,0.104349852995815
-0.714887352655215,0.472727647423514,0.082367930471832
-0.583872584792116,0.475753102837413,0.0677206773258365
-0.448028840090589,0.475913216445992,0.0608312878164155
-0.307550465972931,0.473836213267495,0.0611211720969825
-0.163173926810146,0.47020539203254,0.0668416071812399
-0.0161759155052541,0.465610579604458,0.0751824585175695
0.131800551781738,0.460413649518739,0.0827106302919093
0.279047987507232,0.454686326298708,0.0860362773415135
0.424106940610663,0.448246024866165,0.0824746468943
0.565967809420426,0.440765179806811,0.0704696744356212
0.704109424046804,0.431898964036916,0.0496767701401991
0.838405841218416,0.421382840582051,0.0207640913513709
0.968975145798774,0.409079902639933,-0.0149195486753565
1.09603592098302,0.394983502599727,-0.0556677792347248
1.21980505410662,0.37919121537052,-0.0996457968101595
1.34044136903221,0.361864364264429,-0.145001249622971
1.45802344859741,0.343181056390465,-0.189874182076451
1.57254494690895,0.323286021656865,-0.23234551691905
1.68391190503162,0.30224000451525,-0.270374432628585
1.79193158957532,0.279974882800987,-0.301781152169371
1.89629060575086,0.256266724809353,-0.324333334627012
1.99653065760999,0.230745115652524,-0.33598394095276
2.09204073298479,0.202958443344412,-0.335272954757073
2.18208937952418,0.172504152676285,-0.32183380194744
2.26591259662418,0.139204570501891,-0.296846602137507
2.34284721729643,0.103268660875453,-0.263204427907687
2.41246510376448,0.0653545820299396,-0.225191614896151
2.47464559724391,0.0264732344687376,-0.187667161810419
2.52954658242159,-0.0122463494466722,-0.155019166771706
2.57748981604117,-0.0498262441977718,-0.13030374080477
2.61882088774921,-0.0856274397292958,-0.114869978406691
2.65380523232099,-0.119401074527383,-0.108494245544999
2.68258687898562,-0.151226786991185,-0.109821110295906
2.70519990356671,-0.181398662788192,-0.116855484783219
2.7216048286861,-0.210310324952653,-0.127331334882687
2.73172321575988,-0.238361866216109,-0.13889812791434
2.73545363983567,-0.265886892217914,-0.149154932574917
2.73266385888059,-0.29308735533589,-0.155611995026955
2.72316502588414,-0.319966817962144,-0.155681185495625
2.70668429382289,-0.346265841663809,-0.146797359020207
2.68286090231915,-0.371421405063552,-0.126746391710372
2.65129276606111,-0.394586962606718,-0.0942060603880244
2.61164731192619,-0.414746984739391,-0.0493842568844314
2.56381679188925,-0.430926020153068,0.0055024780702054
2.50805575988577,-0.442431989178807,0.066230216017803
2.44502014428026,-0.449025336937095,0.127234111091953
2.37566515483149,-0.450923334730427,0.18279274787265
2.30103919159327,-0.44863889192311,0.22826588991715
2.22206966414441,-0.442746591279488,0.260889161771926
2.13942617193759,-0.433688470764011,0.279911094147945
2.05348648686264,-0.421678278373732,0.286206673774341
1.96437695149961,-0.406697007158,0.281674428335398
1.872042088262,-0.388541373231629,0.26868820631072
1.77631099102944,-0.366891542313915,0.249741959101638
1.67694997544182,-0.34138340280703,0.227301745441907
1.57370837673831,-0.311686625919403,0.203803221138311
1.46637267604801,-0.277595695408701,0.181699488629609
1.35484247574517,-0.239135949158953,0.163458405741722
1.23923011964756,-0.196671685947037,0.151424857306104
1.11996552643659,-0.150982994861337,0.147508155495601
0.99786606330081,-0.103263189637758,0.152733813189997
0.874122333478206,-0.0549964346800999,0.166797827090977
0.750170162180743,-0.00771683071528392,0.187830139899195
0.627468015539188,0.0372862962534084,0.212545867831293
0.507252518906014,0.0792068432941787,0.236816204674339
0.390363871188824,0.11780671755389,0.256495382399422
0.277199642335015,0.153320039234274,0.268219869913131
0.167792070055063,0.186232811704912,0.269926748946789
0.0619535143286801,0.217038034476389,0.260986619786706
-0.0405766300902357,0.246053968332939,0.242010931914377
-0.140028289465265,0.273346161597702,0.214489064161224
-0.236553035734679,0.298746262150348,0.180414797225122
-0.330222139837994,0.321934376879646,0.142005308466653
-0.421051734637134,0.342548547209819,0.101543405729968
-0.509038164574066,0.360294370447718,0.0613163339026521
-0.594191627013465,0.375038436029731,0.0235925211870569
-0.676560300616459,0.386874741422457,-0.00943077908268015
-0.756239365711599,0.396153186330046,-0.0357645835205215
-0.833360985405952,0.40345739406747,-0.0538750860850037
-0.908064573955166,0.409521406480729,-0.0630154880660297
-0.980452921865431,0.415086985328368,-0.0635551699411939
-1.05054780299383,0.420726704780777,-0.0571662973743322
-1.11826383780933,0.42668456506779,-0.0467257872003496
-1.18341561102112,0.432796738463849,-0.0358721260814936
-1.24575891451497,0.438532527183363,-0.0283065479589814
-1.30505014438829,0.443143481936836,-0.0270634535107456
-1.36110022276168,0.445858542089343,-0.0339974732058949
-1.41380572667692,0.446049703530322,-0.0496225750550756
-1.46315349287515,0.44332090774179,-0.0732730500620824
-1.50920542743352,0.437516136720727,-0.103443610072984
-1.55207299136831,0.428672064545994,-0.138150440179837
-1.59188809542083,0.416946826783183,-0.175208678674938
-1.628773290589,0.402547695161458,-0.212392772048918
-1.66281204467682,0.385668617705888,-0.24750063123244
-1.69402044159825,0.36644077938143,-0.278371910708534
-1.72232448631722,0.344897131653205,-0.302919673201887
-1.7475512228627,0.320953727220276,-0.31922860498441
-1.76944501396591,0.294413930719143,-0.325752397812153
-1.78771932078742,0.265002700160883,-0.321604695457122
-1.8021454205196,0.232433468153695,-0.306882104981791
-1.81266144834505,0.196497754311221,-0.28289862875001
-1.8194640994481,0.157151110147549,-0.252184764635178
-1.82303670282152,0.114559659782955,-0.218155555631645
-1.8240864603869,0.0690824320046148,-0.184487890962287
-1.82340664674802,0.0211963536161673,-0.154400922372915
-1.82171745104089,-0.0285964994448607,-0.130094057484585
-1.81954204696542,-0.079830856026481,-0.112512778071608
-1.81714304105836,-0.13208122578022,-0.101447673273855
-1.81450762810943,-0.184909958438554,-0.0958417894703026
-1.81135393371101,-0.237788027796893,-0.0941470352996786
-1.80714008724486,-0.290023589820861,-0.0946124658663546
-1.80107894123674,-0.340728206310423,-0.0954537936021264
-1.7921797582425,-0.38883830078606,-0.0949081270957808
-1.77934282516372,-0.433193132488295,-0.0912117837776177
-1.76151916958399,-0.472653537641804,-0.0825586821316382
-1.73791817697575,-0.506233436667185,-0.0671092845382369
-1.70821213776531,-0.533214480674532,-0.0431224656226286
-1.67266524995971,-0.553223909987852,-0.0092598682601768
-1.63212054237463,-0.566269253414677,0.034953910865624
-1.58781804601202,-0.572730083251871,0.0886400575914371
-1.54108366940212,-0.573303364858854,0.149270839631336
-1.49299448113721,-0.568895856924566,0.212806806719072
-1.44415128777967,-0.560470067739387,0.274345861230866
-1.39464354370053,-0.548878280186183,0.329099094670522
-1.34419402847111,-0.534737529500016,0.373316741798161
-1.29238807337023,-0.518384570033844,0.404825609379807
-1.23887817529306,-0.499911609839644,0.423070004948129
-1.18350121127075,-0.479250574000099,0.428785614488138
-1.12630338444557,-0.45626532008852,0.423536611977072
-1.06750113114591,-0.430823588358547,0.409307765471473
-1.00741065080401,-0.402838693782835,0.388244286241093
-0.946368498719164,-0.372284351174609,0.362541981063085
-0.884654486035216,-0.339191889993349,0.334435350123993
-0.822422693896248,-0.303639468342171,0.306208770656678
-0.759647664048235,-0.265740627765791,0.280155643247359
-0.696098333912585,-0.225636683143231,0.258427200173138
-0.631357293168643,-0.183495030303678,0.242748426167785
-0.564900800447828,-0.139513753012671,0.234036215984928
-0.496239296645158,-0.0939315662467053,0.232026856103709
-0.42508861214408,-0.0470402002181782,0.235075910004466
-0.351511899791295,0.000806798093017149,0.240284283227547
-0.275966548177059,0.04919756518397,0.243996804419815
-0.199225650831645,0.0976846989795596,0.242548596932053
-0.122205572360759,0.145825366996864,0.233005566237023
-0.0457746049404964,0.193226453994577,0.213653260747168
0.0293837859307428,0.239577735477976,0.184125394706539
0.102821207544727,0.284662507398531,0.145226383228195
0.174299702721321,0.328346365235862,0.0985929820961161
0.243729638916032,0.370555214547047,0.0463336371422449
0.311116552712707,0.411261967899012,-0.00928361418371119
0.376552419295743,0.450499512627341,-0.066085184876795
0.440231847972161,0.488383817374151,-0.122155815079431
0.502422882562344,0.525095345077183,-0.175841193541178
0.563379727365724,0.560814333515961,-0.225627170971506
0.623263468206617,0.595661764358316,-0.270036058317575
0.682105915406974,0.62966703372395,-0.307615217422861
0.73980254402294,0.662750535057487,-0.337014193539699
0.796121098683556,0.69471412172875,-0.357131356710687
0.850725138759248,0.725243046897887,-0.367306516057005
0.903215567536763,0.753925834536395,-0.367520178436534
0.953189547399796,0.780295032947309,-0.358541749379532
1.00030869669813,0.803884414957466,-0.341963160454036
1.04436103351329,0.824290367383005,-0.320073797393492
1.08529846183021,0.841221268556353,-0.295578479769531
1.12323693956416,0.854521418893561,-0.2712163378639
1.15841871092613,0.864164545750178,-0.249377050541242
1.19114927447982,0.870221643777119,-0.231810820950753
1.2217291996503,0.872814368585874,-0.219490401720058
1.25039939540668,0.872066518919596,-0.21262890098803
1.2773103271008,0.868063396440554,-0.210812204437224
1.30251623606527,0.860824369259105,-0.213184771989332
1.32598894190148,0.850289839607187,-0.218631992580204
1.34764362893153,0.836321161585159,-0.225921366005576
1.36737001370731,0.818711126893551,-0.233787584814698
1.38506446125957,0.797203053859788,-0.240966023882619
1.40066035466684,0.771517558640075,-0.246192619174215
1.41415452257542,0.741386894459975,-0.248195720300409
1.42562679512534,0.706596494366458,-0.245707896556321
1.43524842569336,0.667031425757552,-0.237522677575127
1.44327435755904,0.622721747539929,-0.222611515161613
1.45001561967232,0.57387610952829,-0.200298462123629
1.4557926936176,0.520889604101101,-0.170464994553942
1.46087825570072,0.464313262444952,-0.133730911525443
1.46544550978166,0.404781535506798,-0.0915413148865905
1.46954146497685,0.342909939029009,-0.0460985554750321
1.47309873374728,0.279191470990346,-0.000118512782102412
1.47598521302769,0.21392753129798,0.0435481971449673
1.47807498361366,0.147220141440352,0.0823357785206311
1.47931476746951,0.0790299673164995,0.114312718924228
1.47976295306577,0.00928031028539753,0.13838043097355
1.47958999872354,-0.0620272463034918,0.15429911155043
1.47904312896914,-0.134719692586601,0.162574688053852
1.47838860866081,-0.208404719777542,0.164270375076708
1.47784900725396,-0.282475375622523,0.160805853044371
1.47755138480686,-0.356160923625025,0.153786995582817
1.47749735805505,-0.428608956072767,0.144883474896577
1.4775597871254,-0.49898046264964,0.135750242680492
1.47750503671408,-0.56654020399602,0.127975680249999
1.4770352577513,-0.630727682077402,0.123034148784057
1.47584202926578,-0.691197867172194,0.122222527155275
1.47366076726011,-0.747825142065583,0.126568154612313
1.47031447487437,-0.800668967568804,0.136708756426552
1.46573612251402,-0.849906150567469,0.152761962590083
1.45996214087851,-0.89574227723284,0.174219057747097
1.45309593153785,-0.938322214051911,0.199907518408596
1.44524932370625,-0.977663129322674,0.228061152350993
1.43647859907744,-1.01362945024338,0.256510649047088
1.42673550969373,-1.04595652997418,0.282966995787169
1.41584928849926,-1.07431282640398,0.305333213753514
1.40354408871881,-1.09837734343869,0.321966648034881
1.38948330565239,-1.11790669306935,0.331833051835028
1.37332437031039,-1.13277457656354,0.334534293885738
1.35476765477622,-1.14297966345092,0.330231963091603
1.33358901561071,-1.148628534905,0.319512099084693
1.30965285976253,-1.14990488505898,0.303237749526109
1.2829080512935,-1.14703522298373,0.28242298221317
1.25337140669602,-1.14025771411297,0.258144323556259
1.22110362003625,-1.12979712702816,0.23149044331933
1.18618148909675,-1.1158464441738,0.203541038895193
1.14866932303774,-1.09855474989841,0.175361091576742
1.10859197686244,-1.07802113197454,0.147995674207209
1.06591216903776,-1.0542949435852,0.122452105181637
1.02051537445577,-1.02738333023695,0.0996599057857077
0.972206146454848,-0.997266974461225,0.0804046659436722
0.920719555663707,-0.963924210943851,0.0652395929160403
0.86574985465584,-0.927361893501463,0.0543876834128241
0.806995088105028,-0.88764886833048,0.0476563997146948
0.744211578445889,-0.844945468883359,0.0443921336585435
0.677267003327063,-0.799520973409601,0.0434997660519495
0.606178571768915,-0.751752614421226,0.0435400412869233
0.531124260064747,-0.702103663974244,0.0428966151450055
0.452422252103742,-0.65108453830067,0.0399818561279466
0.370483198767382,-0.599206322319958,0.0334366011811456
0.285747866027861,-0.546938347124307,0.022281066757878
0.198625542918579,-0.494679374685648,0.00599119400608683
0.109445684135863,-0.442746856550741,-0.0155016622180841
0.0184290466189535,-0.391383201972443,-0.0418700292123405
-0.0743216131091459,-0.340774179544724,-0.0724813271270226
-0.168815125726306,-0.291073236410994,-0.106494073798961
-0.265154738525228,-0.242426152100232,-0.14294005622704
-0.36351422846427,-0.194992006027839,-0.180782606585307
-0.464109514052461,-0.148958039741426,-0.21894953245258
-0.567166202269093,-0.104547155035189,-0.256345499883159
-0.672882389309884,-0.0620174258724727,-0.291852759961834
-0.781385975778565,-0.0216532902792593,-0.324331450345264
-0.892686933546583,0.0162516367899034,-0.352631478132256
-1.00662741538253,0.0514195625519989,-0.37562688431918
-1.12283597491034,0.0836194899612657,-0.39227983817772
-1.24069550605048,0.112700381117323,-0.401734243048923
-1.35933623413857,0.138620558425784,-0.403428473293968
-1.47766326949422,0.161466039939205,-0.397205047520896
-1.59442172291401,0.181451287424758,-0.383386500219046
-1.7082921358876,0.198899551982049,-0.362786964175719
-1.8179986119192,0.214205922339213,-0.336641627085703
-1.92240660406389,0.227791858571048,-0.306459182726575
-2.02059020516562,0.240062458690098,-0.273826976806274
-2.1118591208697,0.251375522278589,-0.240213496143469
-2.19574829744646,0.262025960524138,-0.20681122870651
-2.27198255586001,0.272243402116911,-0.174446485605263
-2.34043142231266,0.282197657325471,-0.143560297128016
-2.40106643568567,0.292006669618438,-0.114245850581862
-2.45392767864481,0.301743484247689,-0.086318861367235
-2.49910114274991,0.311440882564069,-0.0593979366811986
-2.53670531311744,0.321093648523267,-0.0329789375557444
-2.56688405989747,0.330658916583533,-0.00649630894262043
-2.5898029026924,0.340055164960178,0.0206278936223327
-2.60564628778656,0.349160650037755,0.0489416665979321
-2.61461429656614,0.357812582059212,0.0789202729036707
-2.61691805113016,0.365808940683103,0.110917537778209
-2.61277393589468,0.372915163658825,0.145110019976636
-2.60239754635963,0.378877579556711,0.181438723866271
-2.58599882244207,0.383444154041928,0.219558916943675
-2.56377990615522,0.386390940739035,0.258812470483968
-2.53593669814852,0.387550142585044,0.298236820673876
-2.50266392774512,0.386833857856788,0.336618974643754
-2.46416216773224,0.384247434535298,0.372592739070987
-2.42064424303281,0.379888376626983,0.404765630621191
-2.37233845433561,0.373930455212112,0.431853156453725
-2.31948708169839,0.366596687801482,0.452795976884079
-2.26234028940502,0.358127560451243,0.466840762502968
-2.20114704232106,0.348751329432083,0.473575971957755
-2.13614533727681,0.338661604253291,0.472925078367405
-2.06755380839168,0.328004684805205,0.465108104506019
-1.99556590956771,0.316876489844911,0.450585810481284
-1.92034691738204,0.305327159735473,0.429999838872177
-1.84203333737379,0.293370744877046,0.40411823671239
-1.76073408229327,0.280997547830037,0.373790982647408
-1.67653295308299,0.268187264220768,0.339915882805595
-1.58949231551615,0.254921689223926,0.303412212224798
-1.49965821774823,0.241196195753021,0.265197934607968
-1.40706751313261,0.227029447740021,0.226166156845759
-1.31175728282361,0.212470625275896,0.187157279813045
-1.21377690647085,0.1976035778933,0.148925221678749
-1.11320223228052,0.182547018897764,0.11209844593131
-1.01015061341002,0.167450094528443,0.0771394012223473
-0.90479471908954,0.152483082409943,0.0443086912483247
-0.797372420352937,0.13782377016664,0.0136421402135005
-0.688189985615389,0.123641095261756,-0.0150509736289262
-0.577616533672914,0.110078598577686,-0.0421625692960365
-0.466069228660559,0.0972407633991346,-0.0682321307035684
-0.353990767286076,0.0851850468200402,-0.0938698879682416
-0.241822729813605,0.0739213197595063,-0.119667795945352
-0.129979577289614,0.0634185606351236,-0.146112720796815
-0.0188280552554776,0.0536173506370448,-0.17351577246667
0.0913247023024078,0.04444513613805,-0.201967593453783
0.200233407479833,0.0358309587820691,-0.231323045645672
0.307708412218878,0.0277172908605097,-0.261212327226098
0.413604010771346,0.0200672092839807,-0.291071175831261
0.517804627034272,0.0128665731154137,-0.320181099244691
0.620212053631755,0.0061213949064005,-0.347711703513385
0.720735580416752,-0.000148498195126476,-0.372759832300593
0.819285708539131,-0.0059183711883939,-0.394383893100596
0.915770867106586,-0.0111687375779958,-0.411635141924834
1.01009565037741,-0.0158953861977355,-0.423590324511176
1.1021586180282,-0.0201178059587896,-0.429391347445391
1.19184773656873,-0.0238844453626297,-0.428297096620406
1.27903216026138,-0.0272732763327698,-0.419749707544871
1.36355028997624,-0.0303864794492132,-0.40345236350351
1.44519580441513,-0.0333389206172862,-0.379448582815471
1.52370526440959,-0.0362415038140743,-0.348185671108406
1.59875223911416,-0.0391822146341695,-0.310540625810748
1.66995278044599,-0.0422090801959342,-0.267788933000489
1.73688483868788,-0.045319508322131,-0.221507609179891
1.79912013400974,-0.0484589613824482,-0.173421835961134
1.85626271426834,-0.0515288067091248,-0.125223175014608
1.90798551063389,-0.0544002078528391,-0.0783979114438867
1.95405747793494,-0.0569283574558455,-0.0341009925736871
1.99435665288087,-0.0589624393713872,0.00690456416211588
2.02886927170305,-0.0603486162056473,0.044243248869598
2.05767779601825,-0.0609269954732521,0.0778744251717393
2.08094144274406,-0.0605262801680799,0.108015387037349
2.09887192463314,-0.0589608902693197,0.135061947875192
2.11170612455862,-0.0560341510797729,0.159520673438145
2.11967738516545,-0.0515482041491989,0.181957667433713
2.12298792234318,-0.045318165669712,0.202961219520654
2.12178567518741,-0.0371865712545058,0.223111131480316
2.11614892781618,-0.0270350962687633,0.242946423624974
2.10608127647201,-0.0147930020112851,0.262924987280304
2.09151844216302,-0.000443846995184835,0.283372923265806
2.07234728793726,0.015967667275397,0.304426958459644
2.04843593647488,0.0343283471536445,0.325979297751017
2.01967175849462,0.0544506067436345,0.347638859622882
1.98600140645853,0.0760717393199347,0.368724008137643
1.94746496605497,0.0988622088644229,0.388297972784461
1.90421604650143,0.122444915080064,0.405249035842276
1.85652213114722,0.146424030886363,0.418405570314425
1.80474440583813,0.170418573740785,0.426665486744946
1.7493018381377,0.194093929393973,0.429115072570484
1.69062822274183,0.217185012879825,0.425115670951223
1.6291317060535,0.239507359547936,0.414346544621362
1.56516418374212,0.260955838003366,0.396804314070227
1.49900375139925,0.281493768458964,0.372768870001856
1.43085004030024,0.301136422840347,0.342750365900599
1.36082947652121,0.319933066543992,0.307431440949633
1.2890067972329,0.337950581111335,0.267615219625536
1.21539957195296,0.355260363144105,0.224184803495962
1.1399935662799,0.371928987340859,0.178075486822043
1.06275796085776,0.388012309440296,0.130257501372402
0.983660313076388,0.403552302038606,0.0817248270284703
0.902681545848478,0.418575877867536,0.033484361926077
0.819831177732711,0.433095126980149,-0.0134605292184077
0.735162600983711,0.447108639500134,-0.0581372736725815
0.648787597373024,0.460603799576788,-0.0996453226437279
0.560888525815233,0.473560059614412,-0.137211224626465
0.471725864122667,0.485953201075474,-0.170252962278007
0.381638397058528,0.49776043282308,-0.198443913393045
0.291033801844856,0.508965886324795,-0.221762369824405
0.200369017250493,0.519565740318891,-0.240510750342976
0.110122396718171,0.52957202828301,-0.255291541379065
0.0207624294883059,0.539014284030317,-0.266935395496095
-0.0672805043790881,0.547938886334257,-0.276389037028871
-0.153633062416156,0.556406175292607,-0.284582318997994
-0.237984931671486,0.564486515001944,-0.292300265339214
-0.320081864963571,0.572256151916747,-0.300084000878662
-0.399709384810373,0.579793339181543,-0.308175323528647
-0.476673000508609,0.587174179780865,-0.316507323749457
-0.550781279640449,0.594466472913559,-0.324732826624739
-0.621837242579031,0.601718884677304,-0.332276729573786
-0.689641911598269,0.608942440648974,-0.33839812161281
-0.754011794437902,0.616082202700326,-0.342251929611999
-0.814809455981649,0.622979670432684,-0.342945425572466
-0.8719826328673,0.62933130882018,-0.339590023690243
-0.9256024383214,0.634654961815983,-0.331351833809597
-0.975886354765291,0.638281108475359,-0.317504802253756
-1.02319022491332,0.639385424178562,-0.297488468073706
-1.06795939601858,0.637069114764324,-0.270969709137831
-1.11064357595004,0.63047541616047,-0.237905401819931
-1.15159719983587,0.618913280213509,-0.198600249300306
-1.19099673396623,0.601953754562669,-0.153749721693716
-1.22880120842898,0.579474925605045,-0.104452414786708
-1.26476521296502,0.551650459731133,-0.0521734154366281
-1.29849487595455,0.518893306482961,0.00135357840351637
-1.32952593521639,0.481773781802146,0.0542808284803499
-1.35740132346523,0.440931266490764,0.104832095870347
-1.38173113522643,0.396995080326578,0.151479309363449
-1.40222649577167,0.350525075994488,0.193071967019549
-1.41870737557484,0.301976802777769,0.228897270964301
-1.43109043426887,0.25169044161345,0.258671408667197
-1.43936546698783,0.199898417422142,0.282480210760199
-1.44356835640388,0.14674467184841,0.3006946977976
-1.44375601399865,0.092309014481419,0.313884243740563
-1.4399861670682,0.0366318691712336,0.322741553957813
-1.43230300054071,-0.0202630212296759,0.328024140013055
-1.42072885302767,-0.0783485964190688,0.330509604727495
-1.40526212225197,-0.137576923176443,0.330958080679591
-1.38588175351161,-0.197863750220586,0.330074571004711
-1.36255866472645,-0.259075419533061,0.328466113467595
-1.33527384538876,-0.321019264252668,0.326592817242789
-1.30404154160324,-0.38343939108856,0.324716940523104
-1.26893412200991,-0.446019953683922,0.322859053347084
-1.23010350206612,-0.50839734144329,0.320773421801939
-1.1877931907783,-0.570180896647977,0.31795445974524
-1.14233611127813,-0.630979840553352,0.313681483314723
-1.09413611605295,-0.690431512721984,0.307100475980398
-1.04363557468139,-0.748225535458614,0.297331652000461
-0.991275376546989,-0.804119165616895,0.283583888132601
-0.937455849084341,-0.857941500131191,0.265254929731312
-0.882506429200458,-0.909587168354467,0.242000656905104
-0.826668883212432,-0.95900254981596,0.213765705942552
-0.77009489037235,-1.00616864834098,0.18077764354007
-0.712855457110799,-1.05108448568769,0.143514200992952
-0.654957862854541,-1.09375373521697,0.102656085344693
-0.596365710177231,-1.13417593930399,0.059036898178306
-0.537018631159672,-1.17234250954385,0.0135981808549096
-0.476849567298621,-1.20823697894663,-0.0326467843609355
-0.415798774513563,-1.24183858905712,-0.078640830904472
-0.35382458816655,-1.27312805713015,-0.123305814214467
-0.290911523190812,-1.30209414239002,-0.165565616586389
-0.227076552917955,-1.32873940923398,-0.204374654574689
-0.162374400518276,-1.35308351160137,-0.238756475496323
-0.0969021573260728,-1.3751623864542,-0.267855006792963
-0.0308033248405131,-1.39502241910414,-0.290997510307961
0.0357297141774638,-1.41270926597429,-0.307763423520318
0.102455888981918,-1.42825249875906,-0.318047599223715
0.169089545099118,-1.4416487511244,-0.322101852378688
0.235309191469687,-1.45284743480697,-0.320537662376447
0.300770632652504,-1.46174353068315,-0.314277732585631
0.365122980798609,-1.46818082305972,-0.304455329253426
0.428024996843839,-1.47196622152038,-0.292275106513866
0.489158840026383,-1.47289240608946,-0.278861754132527
0.548238837476591,-1.47076342926377,-0.265127378400428
0.605014139911729,-1.46541731411759,-0.251682583692931
0.659265585636829,-1.45674123148807,-0.238802484774927
0.710798191411607,-1.44467756076316,-0.226443541294851
0.759431110548692,-1.42922169984308,-0.214296156228967
0.804986673266198,-1.41041399512374,-0.201854281142183
0.847279540140798,-1.38832848750774,-0.188486155460694
0.886106414037034,-1.36306075531774,-0.173497016252005
0.921236457380839,-1.33471655785986,-0.156182094237952
0.952402706182274,-1.30340263073018,-0.135874133502827
0.979295380061217,-1.26922090287005,-0.111992657304629
1.00155894504727,-1.23226731900036,-0.0841015906885321
1.01879585673862,-1.19263586484493,-0.0519775575654237
1.03058073498804,-1.15042682197515,-0.0156838208036954
1.03648883000053,-1.10575562516196,0.0243638264219677
1.0361414810246,-1.05875573938443,0.0673597620247798
1.02926825174154,-1.0095676623897,0.112121387059131
1.01578006599952,-0.958309097469499,0.157165661693937
0.995840143713664,-0.90502991624578,0.200846028786419
0.969911896819539,-0.849667240098831,0.241526213819334
0.938760139558539,-0.792023514081145,0.277753015603313
0.903390189402184,-0.731785739705388,0.308389668302531
0.864930172172209,-0.668586128770023,0.332685736092168
0.82448622402478,-0.60208359775204,0.350281457592437
0.783012742796118,-0.532036140165102,0.361163001318145
0.741231432686262,-0.458341839510955,0.365592903932968
0.699610008032428,-0.381043575549192,0.364037091128329
0.658389418507267,-0.300307017388135,0.357101430202127
0.617638047443999,-0.216386744066224,0.345482136694509
0.577312783768362,-0.129592723306722,0.329928381180888
0.537314169576611,-0.0402637813151422,0.311212503369231
0.497530186290956,0.0512501586435544,0.290102635701645
0.457867951897717,0.144598110750823,0.267333504486592
0.418274565540024,0.239432459864356,0.24357319238341
0.378748555947559,0.335410013987382,0.21938634598258
0.339342971155016,0.432191589123056,0.195197271565923
0.300160847659176,0.529441608216516,0.171258968865047
0.261343993856425,0.626828722258806,0.147635591502695
0.223056721739934,0.724027941162811,0.124205291246469
0.185467074057785,0.820724213672445,0.100687493387999
0.148728759506859,0.916616896973715,0.0766937588803045
0.112967001463306,1.01142423045666,0.0517958407778251
0.0782706691077321,1.10488686555933,0.0256002105737467
0.0446915933234389,1.19676972487432,-0.00218317921143327
0.0122503679540473,1.28686188790205,-0.0316882871650601
-0.0190533115258898,1.3749746820679,-0.0628625227941047
-0.0492280995089217,1.46093855250011,-0.0954591543657846
-0.0782788674579524,1.54459949131066,-0.129048930088892
-0.106196333719419,1.62581576184238,-0.163044739165782
-0.132949648391421,1.70445548187152,-0.196732872627544
-0.158482152311892,1.78039545830192,-0.229305814890581
-0.182710298826252,1.85352078826498,-0.259893683142594
-0.205525228079436,1.92372486493289,-0.287594068270327
-0.226796586127292,1.99090868614311,-0.31150213090905
-0.246378068157123,2.05497826278829,-0.330744268462268
-0.264114141989628,2.11583893232341,-0.344518991023528
-0.279847326172566,2.1733857695964,-0.352147513675105
-0.293425270789324,2.22749014499404,-0.353133734020507
-0.304706798687727,2.27798378780927,-0.347228814689455
-0.313566133415051,2.32464325217605,-0.334490274824469
-0.319894952487859,2.36717893183271,-0.315321012842429
-0.323602766910441,2.40523298258174,-0.290472457766694
-0.324617372921206,2.43838907492404,-0.261000308397293
-0.322888386082106,2.46619384744129,-0.228171493276929
-0.318397523689505,2.48818629824029,-0.193334418956719
-0.311178656503942,2.50392886410702,-0.157775984392261
-0.301348221690791,2.51303400221023,-0.122592935185403
-0.289142361557799,2.51518271052086,-0.0885999508111053
-0.274951810359804,2.51013499709134,-0.0562851540359883
-0.259340757515424,2.49773461386088,-0.0258111716412808
-0.243034446387036,2.47791008291624,0.00294846611887027
-0.226865197407077,2.45067174789163,0.0303500259304998
-0.211678936869199,2.41610252835418,0.0569073893522211
-0.19822062340316,2.37434058064066,0.0832130310346293
-0.187029029660689,2.32555561521316,0.109855366157757
-0.178371247955328,2.26992498950212,0.13733508241927
-0.172233804038222,2.20761764693368,0.165984416668651
-0.168367574646023,2.13879188036886,0.195895724176132
-0.16636799098703,2.06360789920924,0.226868165884645
-0.165766188329082,1.98225091501166,0.258382787003939
-0.16611004115883,1.89495707907594,0.289615283015928
-0.167021914270793,1.80203390852892,0.319491198329881
-0.168228297708071,1.70386859437133,0.346780338328643
-0.169563187921833,1.60092107770247,0.370217868286426
-0.170951555018981,1.49370299933862,0.388632356865982
-0.172381452075112,1.38274734174833,0.401059013100927
-0.173873371726556,1.26857564378104,0.406820601521532
-0.175453715210384,1.15166951593119,0.405567330066007
-0.177136465868986,1.03245111161985,0.397276964632019
-0.178914302104981,0.911274215901829,0.382224126496821
-0.180758195845097,0.78842487125632,0.360931274593043
-0.18262334027398,0.664128781278212,0.334113269520551
-0.184458927957915,0.538562326366036,0.302624009979246
-0.186219520283578,0.411864616701936,0.267409197077061
-0.187876150936903,0.284149087443156,0.229465297795185
-0.189425657539437,0.15551423284519,0.189802125879353
-0.190896956949798,0.0260538543962725,0.14940546865245
-0.192353133748477,-0.104132485309507,0.109196815781705
-0.193888436660104,-0.234928264890704,0.0699892307271216
-0.195619732805675,-0.366188079943144,0.0324413142525543
-0.197672760201408,-0.497725808392534,-0.0029855827489229
-0.200164617509726,-0.629304509374754,-0.0360590907780001
-0.203185128206821,-0.760630272363562,-0.0667876254584937
-0.206780595550087,-0.891352273926902,-0.0954048278611895
-0.210943751994795,-1.02107043639024,-0.122323457955714
-0.215612367343307,-1.14935089501298,-0.148062105862942
-0.220677632215386,-1.27574712358048,-0.173154793179975
-0.226000556331883,-1.39982331251084,-0.198058459462173
-0.231432777280045,-1.52117567576359,-0.22307409949893
-0.236837388959861,-1.63944799518929,-0.24829375803349
-0.242105397688701,-1.75433917157727,-0.273578832715197
-0.247165413699479,-1.86560272440658,-0.298567962687676
-0.25198556631619,-1.97303977988886,-0.322707286247058
-0.256568312818873,-2.076487962064,-0.345293584380559
-0.260939714363799,-2.17580851334639,-0.365521661133863
-0.265135109729051,-2.27087324900304,-0.382530296581326
-0.269183143829229,-2.36155202277025,-0.3954449126029
-0.2730900835693,-2.44770066818953,-0.403418509746067
-0.276826452609816,-2.52914915526073,-0.40567456297079
-0.280318238787776,-2.60569006672181,-0.401555796173451
-0.283445064427446,-2.67706834383776,-0.390580781028124
-0.286047416098647,-2.74297426307209,-0.372506207585666
-0.287943939654961,-2.80304230123627,-0.347387200181079
-0.288957760184723,-2.85685837344187,-0.315622819512299
-0.288948075613099,-2.90397651664246,-0.277971272858577
-0.287840751437075,-2.94394356856523,-0.235521694492114
-0.285650497262275,-2.97632755513101,-0.189617612509915
-0.282488356725428,-3.00074362552953,-0.141739682805258
-0.278551681002574,-3.0168716045839,-0.0933675309664699
-0.274098290052794,-3.02446181587344,-0.0458473270188009
-0.269410339951685,-3.02332980806151,-0.000289802873800048
-0.264755097719087,-3.01334428693251,0.0424863650597404
-0.26034913988665,-2.99441441845332,0.0819641496851894
-0.25633032175435,-2.96648220020973,0.117900440645364
-0.252739513439419,-2.92952333157345,0.150276534186906
-0.249512475383638,-2.88355704115904,0.179242112304804
-0.24648154571046,-2.82866268139523,0.205063328957321
-0.243386632864755,-2.76499919498003,0.228079306100922
-0.23989475517472,-2.69282299972387,0.248665765980251
-0.235626643787921,-2.61250036380593,0.267201225813552
-0.230187748132346,-2.52451173045755,0.284030789621385
-0.223199798688728,-2.42944732599049,0.299424967225115
-0.214328552371997,-2.3279952015723,0.313535356459722
-0.203303981079947,-2.22092400240295,0.32635403759553
-0.18993097464146,-2.10906283801692,0.337687247786297
-0.174091045432867,-1.99327973324192,0.347154401201639
-0.155737587251339,-1.87445893092525,0.354219658793871
-0.134888134996643,-1.7534766633561,0.358255565448528
-0.111616541469106,-1.63117543820785,0.358629239362099
-0.0860464946669894,-1.50833818942497,0.354794796171719
-0.0583462191918901,-1.38566494634323,0.346374026134728
-0.0287232741665735,-1.26375508718695,0.333211409495802
0.00258167784145093,-1.14309737101912,0.315397337020228
0.0353026934260188,-1.02406819250385,0.2932615085896
0.0691578338987564,-0.906936674680542,0.267344022971622
0.103859324660605,-0.791874051716232,0.238353450840577
0.139123851589949,-0.678964623256845,0.207119731288587
0.174682310558774,-0.568216274509089,0.174546529955579
0.210288408125273,-0.459569805126401,0.141564329347852
0.24572551549357,-0.352907650867091,0.109083170421312
0.280811101720218,-0.248063638488038,0.0779432820401143
0.315398004370343,-0.144835870178648,0.0488629909348673
0.349371877867176,-0.0430044679468666,0.0223860160931948
0.382644521022669,0.0576453516465511,-0.00116623982694865
0.41514346750451,0.157296365697959,-0.0217287086684459
0.446799129683876,0.256072247747293,-0.0395031310849969
0.47753165082741,0.35401548387055,-0.0549371373602097
0.507240087762851,0.451075623220766,-0.0686695317099899
0.535796315151551,0.547111469441901,-0.0814470630275412
0.563045055936528,0.641907613976314,-0.0940253646911247
0.588809964834042,0.735202107665425,-0.107071032015448
0.612904208121687,0.826719395323926,-0.121081251676158
0.635142981786854,0.916201824515613,-0.136332290484898
0.655355137998229,1.00343415383882,-0.15286060729367
0.673391494513975,1.0882578315576,-0.170473159949946
0.68912821338615,1.1705743967739,-0.188778810758865
0.70246456493945,1.25033938535041,-0.207231399438394
0.713315254861519,1.32754927430752,-0.225176583116522
0.721598254042768,1.40222434871951,-0.24189770708523
0.727219792427217,1.47439025394793,-0.256659410200938
0.730058910915738,1.5440607055743,-0.268750269495625
0.72995466187347,1.61122355474958,-0.277526853757931
0.72669951465807,1.6758321575054,-0.282460836704972
0.72004243350091,1.73780362258166,-0.283188502640853
0.709704108266212,1.79702481148171,-0.279558683132526
0.695404747188575,1.85336580765062,-0.271671889526683
0.676901863511648,1.90669902737654,-0.259901356729233
0.654032241074347,1.95692054182234,-0.244886966194758
0.626749775161745,2.00396907497578,-0.227496144221612
0.5951502564266,2.04783810520659,-0.20875158077751
0.559476107393757,2.08857783956794,-0.189732786695641
0.520098480113299,2.12628634982073,-0.171465136894433
0.477479865374151,2.16109208465753,-0.154813907125547
0.43212559129097,2.19313221651968,-0.140400235145268
0.384535442549563,2.22253194276383,-0.128550711942884
0.335166095511576,2.24938871593036,-0.119284064222364
0.284411499336445,2.273763028616,-0.112330061991404
0.232603221110457,2.29567492196701,-0.107170266334945
0.180027935262154,2.31510382834922,-0.103089058899458
0.126955954305605,2.3319891614694,-0.0992262449690023
0.0736733570907643,2.34623006886697,-0.0946277071899717
0.0205105125694519,2.35768440069646,-0.0882959717012584
-0.0321389849880317,2.36616854273634,-0.0792463071095877
-0.0838132518185874,2.3714607142985,-0.0665748764952712
-0.133993202538175,2.37331021993384,-0.0495428558650183
-0.182129722680931,2.37145380829757,-0.0276742554484188
-0.227684092004488,2.36563797354518,-0.000856226153041421
-0.270175755935276,2.35564345353178,0.0305789042363033
-0.309228720964729,2.34130643711668,0.0658168191455936
-0.344606333229063,2.32253112054258,0.103594551024586
-0.376225275557883,2.29929056209015,0.142315347921727
-0.404144044340539,2.27161648709701,0.180233276851218
-0.428528135468094,2.23958213890821,0.215671611888127
-0.449601081014114,2.20328388128252,0.247225819494474
-0.467594163877588,2.16282645315653,0.273907234263375
-0.48270644809341,2.11831424136681,0.295204832906973
-0.495081712602755,2.06984805921558,0.311068846981981
-0.50480278507071,2.01752493255287,0.321839333287962
-0.511899288370721,1.96143784000067,0.328149248397488
-0.516363050810959,1.90167308447097,0.330826453068241
-0.518165970499222,1.83830448652709,0.330807969316537
