[0.074s] DEBUG:colcon:Command line arguments: ['/usr/bin/colcon', 'build']
[0.074s] DEBUG:colcon:Parsed command line arguments: Namespace(log_base=None, log_level=None, verb_name='build', build_base='build', install_base='install', merge_install=False, symlink_install=False, test_result_base=None, continue_on_error=False, executor='parallel', parallel_workers=32, event_handlers=None, ignore_user_meta=False, metas=['./colcon.meta'], base_paths=['.'], packages_ignore=None, packages_ignore_regex=None, paths=None, packages_up_to=None, packages_up_to_regex=None, packages_above=None, packages_above_and_dependencies=None, packages_above_depth=None, packages_select_by_dep=None, packages_skip_by_dep=None, packages_skip_up_to=None, packages_select_build_failed=False, packages_skip_build_finished=False, packages_select_test_failures=False, packages_skip_test_passed=False, packages_select=None, packages_skip=None, packages_select_regex=None, packages_skip_regex=None, packages_start=None, packages_end=None, allow_overriding=[], cmake_args=None, cmake_target=None, cmake_target_skip_unavailable=False, cmake_clean_cache=False, cmake_clean_first=False, cmake_force_configure=False, ament_cmake_args=None, catkin_cmake_args=None, catkin_skip_building_tests=False, verb_parser=<colcon_defaults.argument_parser.defaults.DefaultArgumentsDecorator object at 0x771789cabc10>, verb_extension=<colcon_core.verb.build.BuildVerb object at 0x771789e58fd0>, main=<bound method BuildVerb.main of <colcon_core.verb.build.BuildVerb object at 0x771789e58fd0>>)
[0.204s] Level 1:colcon.colcon_core.package_discovery:discover_packages(colcon_meta) check parameters
[0.204s] Level 1:colcon.colcon_core.package_discovery:discover_packages(recursive) check parameters
[0.204s] Level 1:colcon.colcon_core.package_discovery:discover_packages(ignore) check parameters
[0.204s] Level 1:colcon.colcon_core.package_discovery:discover_packages(path) check parameters
[0.204s] Level 1:colcon.colcon_core.package_discovery:discover_packages(colcon_meta) discover
[0.204s] Level 1:colcon.colcon_core.package_discovery:discover_packages(recursive) discover
[0.204s] INFO:colcon.colcon_core.package_discovery:Crawling recursively for packages in '/home/user/ros2_ws/dynamic_ws'
[0.204s] Level 1:colcon.colcon_core.package_identification:_identify(.) by extensions ['ignore', 'ignore_ament_install']
[0.204s] Level 1:colcon.colcon_core.package_identification:_identify(.) by extension 'ignore'
[0.204s] Level 1:colcon.colcon_core.package_identification:_identify(.) by extension 'ignore_ament_install'
[0.204s] Level 1:colcon.colcon_core.package_identification:_identify(.) by extensions ['colcon_pkg']
[0.204s] Level 1:colcon.colcon_core.package_identification:_identify(.) by extension 'colcon_pkg'
[0.204s] Level 1:colcon.colcon_core.package_identification:_identify(.) by extensions ['colcon_meta']
[0.204s] Level 1:colcon.colcon_core.package_identification:_identify(.) by extension 'colcon_meta'
[0.204s] Level 1:colcon.colcon_core.package_identification:_identify(.) by extensions ['ros']
[0.204s] Level 1:colcon.colcon_core.package_identification:_identify(.) by extension 'ros'
[0.214s] Level 1:colcon.colcon_core.package_identification:_identify(.) by extensions ['cmake', 'python']
[0.214s] Level 1:colcon.colcon_core.package_identification:_identify(.) by extension 'cmake'
[0.214s] Level 1:colcon.colcon_core.package_identification:_identify(.) by extension 'python'
[0.214s] Level 1:colcon.colcon_core.package_identification:_identify(.) by extensions ['python_setup_py']
[0.214s] Level 1:colcon.colcon_core.package_identification:_identify(.) by extension 'python_setup_py'
[0.214s] Level 1:colcon.colcon_core.package_identification:_identify(build) by extensions ['ignore', 'ignore_ament_install']
[0.214s] Level 1:colcon.colcon_core.package_identification:_identify(build) by extension 'ignore'
[0.214s] Level 1:colcon.colcon_core.package_identification:_identify(build) ignored
[0.214s] Level 1:colcon.colcon_core.package_identification:_identify(install) by extensions ['ignore', 'ignore_ament_install']
[0.214s] Level 1:colcon.colcon_core.package_identification:_identify(install) by extension 'ignore'
[0.214s] Level 1:colcon.colcon_core.package_identification:_identify(install) ignored
[0.215s] Level 1:colcon.colcon_core.package_identification:_identify(log) by extensions ['ignore', 'ignore_ament_install']
[0.215s] Level 1:colcon.colcon_core.package_identification:_identify(log) by extension 'ignore'
[0.215s] Level 1:colcon.colcon_core.package_identification:_identify(log) ignored
[0.215s] Level 1:colcon.colcon_core.package_identification:_identify(src) by extensions ['ignore', 'ignore_ament_install']
[0.215s] Level 1:colcon.colcon_core.package_identification:_identify(src) by extension 'ignore'
[0.215s] Level 1:colcon.colcon_core.package_identification:_identify(src) by extension 'ignore_ament_install'
[0.215s] Level 1:colcon.colcon_core.package_identification:_identify(src) by extensions ['colcon_pkg']
[0.215s] Level 1:colcon.colcon_core.package_identification:_identify(src) by extension 'colcon_pkg'
[0.215s] Level 1:colcon.colcon_core.package_identification:_identify(src) by extensions ['colcon_meta']
[0.215s] Level 1:colcon.colcon_core.package_identification:_identify(src) by extension 'colcon_meta'
[0.215s] Level 1:colcon.colcon_core.package_identification:_identify(src) by extensions ['ros']
[0.215s] Level 1:colcon.colcon_core.package_identification:_identify(src) by extension 'ros'
[0.215s] Level 1:colcon.colcon_core.package_identification:_identify(src) by extensions ['cmake', 'python']
[0.215s] Level 1:colcon.colcon_core.package_identification:_identify(src) by extension 'cmake'
[0.215s] Level 1:colcon.colcon_core.package_identification:_identify(src) by extension 'python'
[0.215s] Level 1:colcon.colcon_core.package_identification:_identify(src) by extensions ['python_setup_py']
[0.215s] Level 1:colcon.colcon_core.package_identification:_identify(src) by extension 'python_setup_py'
[0.215s] Level 1:colcon.colcon_core.package_identification:_identify(src/marvin_sim) by extensions ['ignore', 'ignore_ament_install']
[0.215s] Level 1:colcon.colcon_core.package_identification:_identify(src/marvin_sim) by extension 'ignore'
[0.215s] Level 1:colcon.colcon_core.package_identification:_identify(src/marvin_sim) by extension 'ignore_ament_install'
[0.215s] Level 1:colcon.colcon_core.package_identification:_identify(src/marvin_sim) by extensions ['colcon_pkg']
[0.215s] Level 1:colcon.colcon_core.package_identification:_identify(src/marvin_sim) by extension 'colcon_pkg'
[0.215s] Level 1:colcon.colcon_core.package_identification:_identify(src/marvin_sim) by extensions ['colcon_meta']
[0.215s] Level 1:colcon.colcon_core.package_identification:_identify(src/marvin_sim) by extension 'colcon_meta'
[0.215s] Level 1:colcon.colcon_core.package_identification:_identify(src/marvin_sim) by extensions ['ros']
[0.215s] Level 1:colcon.colcon_core.package_identification:_identify(src/marvin_sim) by extension 'ros'
[0.217s] DEBUG:colcon.colcon_core.package_identification:Package 'src/marvin_sim' with type 'ros.ament_cmake' and name 'marvin_sim'
[0.217s] Level 1:colcon.colcon_core.package_identification:_identify(src/show_urdf) by extensions ['ignore', 'ignore_ament_install']
[0.217s] Level 1:colcon.colcon_core.package_identification:_identify(src/show_urdf) by extension 'ignore'
[0.217s] Level 1:colcon.colcon_core.package_identification:_identify(src/show_urdf) by extension 'ignore_ament_install'
[0.217s] Level 1:colcon.colcon_core.package_identification:_identify(src/show_urdf) by extensions ['colcon_pkg']
[0.217s] Level 1:colcon.colcon_core.package_identification:_identify(src/show_urdf) by extension 'colcon_pkg'
[0.217s] Level 1:colcon.colcon_core.package_identification:_identify(src/show_urdf) by extensions ['colcon_meta']
[0.217s] Level 1:colcon.colcon_core.package_identification:_identify(src/show_urdf) by extension 'colcon_meta'
[0.217s] Level 1:colcon.colcon_core.package_identification:_identify(src/show_urdf) by extensions ['ros']
[0.217s] Level 1:colcon.colcon_core.package_identification:_identify(src/show_urdf) by extension 'ros'
[0.218s] DEBUG:colcon.colcon_core.package_identification:Package 'src/show_urdf' with type 'ros.ament_cmake' and name 'show_urdf'
[0.218s] Level 1:colcon.colcon_core.package_identification:_identify(src/vi) by extensions ['ignore', 'ignore_ament_install']
[0.218s] Level 1:colcon.colcon_core.package_identification:_identify(src/vi) by extension 'ignore'
[0.218s] Level 1:colcon.colcon_core.package_identification:_identify(src/vi) by extension 'ignore_ament_install'
[0.218s] Level 1:colcon.colcon_core.package_identification:_identify(src/vi) by extensions ['colcon_pkg']
[0.218s] Level 1:colcon.colcon_core.package_identification:_identify(src/vi) by extension 'colcon_pkg'
[0.218s] Level 1:colcon.colcon_core.package_identification:_identify(src/vi) by extensions ['colcon_meta']
[0.218s] Level 1:colcon.colcon_core.package_identification:_identify(src/vi) by extension 'colcon_meta'
[0.218s] Level 1:colcon.colcon_core.package_identification:_identify(src/vi) by extensions ['ros']
[0.218s] Level 1:colcon.colcon_core.package_identification:_identify(src/vi) by extension 'ros'
[0.219s] DEBUG:colcon.colcon_core.package_identification:Package 'src/vi' with type 'ros.ament_cmake' and name 'vi'
[0.219s] Level 1:colcon.colcon_core.package_identification:_identify(src/vi_2p) by extensions ['ignore', 'ignore_ament_install']
[0.219s] Level 1:colcon.colcon_core.package_identification:_identify(src/vi_2p) by extension 'ignore'
[0.219s] Level 1:colcon.colcon_core.package_identification:_identify(src/vi_2p) by extension 'ignore_ament_install'
[0.219s] Level 1:colcon.colcon_core.package_identification:_identify(src/vi_2p) by extensions ['colcon_pkg']
[0.219s] Level 1:colcon.colcon_core.package_identification:_identify(src/vi_2p) by extension 'colcon_pkg'
[0.219s] Level 1:colcon.colcon_core.package_identification:_identify(src/vi_2p) by extensions ['colcon_meta']
[0.219s] Level 1:colcon.colcon_core.package_identification:_identify(src/vi_2p) by extension 'colcon_meta'
[0.219s] Level 1:colcon.colcon_core.package_identification:_identify(src/vi_2p) by extensions ['ros']
[0.219s] Level 1:colcon.colcon_core.package_identification:_identify(src/vi_2p) by extension 'ros'
[0.220s] DEBUG:colcon.colcon_core.package_identification:Package 'src/vi_2p' with type 'ros.ament_cmake' and name 'vi_2p'
[0.220s] Level 1:colcon.colcon_core.package_identification:_identify(src/w10_force_sim) by extensions ['ignore', 'ignore_ament_install']
[0.220s] Level 1:colcon.colcon_core.package_identification:_identify(src/w10_force_sim) by extension 'ignore'
[0.220s] Level 1:colcon.colcon_core.package_identification:_identify(src/w10_force_sim) by extension 'ignore_ament_install'
[0.220s] Level 1:colcon.colcon_core.package_identification:_identify(src/w10_force_sim) by extensions ['colcon_pkg']
[0.220s] Level 1:colcon.colcon_core.package_identification:_identify(src/w10_force_sim) by extension 'colcon_pkg'
[0.220s] Level 1:colcon.colcon_core.package_identification:_identify(src/w10_force_sim) by extensions ['colcon_meta']
[0.220s] Level 1:colcon.colcon_core.package_identification:_identify(src/w10_force_sim) by extension 'colcon_meta'
[0.220s] Level 1:colcon.colcon_core.package_identification:_identify(src/w10_force_sim) by extensions ['ros']
[0.220s] Level 1:colcon.colcon_core.package_identification:_identify(src/w10_force_sim) by extension 'ros'
[0.221s] DEBUG:colcon.colcon_core.package_identification:Package 'src/w10_force_sim' with type 'ros.ament_cmake' and name 'w10_force_sim'
[0.221s] Level 1:colcon.colcon_core.package_identification:_identify(src/w10_kinematics) by extensions ['ignore', 'ignore_ament_install']
[0.221s] Level 1:colcon.colcon_core.package_identification:_identify(src/w10_kinematics) by extension 'ignore'
[0.221s] Level 1:colcon.colcon_core.package_identification:_identify(src/w10_kinematics) by extension 'ignore_ament_install'
[0.221s] Level 1:colcon.colcon_core.package_identification:_identify(src/w10_kinematics) by extensions ['colcon_pkg']
[0.221s] Level 1:colcon.colcon_core.package_identification:_identify(src/w10_kinematics) by extension 'colcon_pkg'
[0.221s] Level 1:colcon.colcon_core.package_identification:_identify(src/w10_kinematics) by extensions ['colcon_meta']
[0.221s] Level 1:colcon.colcon_core.package_identification:_identify(src/w10_kinematics) by extension 'colcon_meta'
[0.221s] Level 1:colcon.colcon_core.package_identification:_identify(src/w10_kinematics) by extensions ['ros']
[0.221s] Level 1:colcon.colcon_core.package_identification:_identify(src/w10_kinematics) by extension 'ros'
[0.222s] DEBUG:colcon.colcon_core.package_identification:Package 'src/w10_kinematics' with type 'ros.ament_cmake' and name 'w10_kinematics'
[0.222s] Level 1:colcon.colcon_core.package_identification:_identify(src/w10_moveit_kinematics) by extensions ['ignore', 'ignore_ament_install']
[0.222s] Level 1:colcon.colcon_core.package_identification:_identify(src/w10_moveit_kinematics) by extension 'ignore'
[0.222s] Level 1:colcon.colcon_core.package_identification:_identify(src/w10_moveit_kinematics) by extension 'ignore_ament_install'
[0.222s] Level 1:colcon.colcon_core.package_identification:_identify(src/w10_moveit_kinematics) by extensions ['colcon_pkg']
[0.222s] Level 1:colcon.colcon_core.package_identification:_identify(src/w10_moveit_kinematics) by extension 'colcon_pkg'
[0.222s] Level 1:colcon.colcon_core.package_identification:_identify(src/w10_moveit_kinematics) by extensions ['colcon_meta']
[0.222s] Level 1:colcon.colcon_core.package_identification:_identify(src/w10_moveit_kinematics) by extension 'colcon_meta'
[0.222s] Level 1:colcon.colcon_core.package_identification:_identify(src/w10_moveit_kinematics) by extensions ['ros']
[0.222s] Level 1:colcon.colcon_core.package_identification:_identify(src/w10_moveit_kinematics) by extension 'ros'
[0.222s] DEBUG:colcon.colcon_core.package_identification:Package 'src/w10_moveit_kinematics' with type 'ros.ament_cmake' and name 'w10_moveit_kinematics'
[0.222s] Level 1:colcon.colcon_core.package_identification:_identify(src/w10_sim) by extensions ['ignore', 'ignore_ament_install']
[0.223s] Level 1:colcon.colcon_core.package_identification:_identify(src/w10_sim) by extension 'ignore'
[0.223s] Level 1:colcon.colcon_core.package_identification:_identify(src/w10_sim) by extension 'ignore_ament_install'
[0.223s] Level 1:colcon.colcon_core.package_identification:_identify(src/w10_sim) by extensions ['colcon_pkg']
[0.223s] Level 1:colcon.colcon_core.package_identification:_identify(src/w10_sim) by extension 'colcon_pkg'
[0.223s] Level 1:colcon.colcon_core.package_identification:_identify(src/w10_sim) by extensions ['colcon_meta']
[0.223s] Level 1:colcon.colcon_core.package_identification:_identify(src/w10_sim) by extension 'colcon_meta'
[0.223s] Level 1:colcon.colcon_core.package_identification:_identify(src/w10_sim) by extensions ['ros']
[0.223s] Level 1:colcon.colcon_core.package_identification:_identify(src/w10_sim) by extension 'ros'
[0.223s] DEBUG:colcon.colcon_core.package_identification:Package 'src/w10_sim' with type 'ros.ament_cmake' and name 'w10_sim'
[0.223s] Level 1:colcon.colcon_core.package_discovery:discover_packages(recursive) using defaults
[0.223s] Level 1:colcon.colcon_core.package_discovery:discover_packages(ignore) discover
[0.223s] Level 1:colcon.colcon_core.package_discovery:discover_packages(ignore) using defaults
[0.223s] Level 1:colcon.colcon_core.package_discovery:discover_packages(path) discover
[0.223s] Level 1:colcon.colcon_core.package_discovery:discover_packages(path) using defaults
[0.243s] Level 1:colcon.colcon_core.package_discovery:discover_packages(prefix_path) check parameters
[0.243s] Level 1:colcon.colcon_core.package_discovery:discover_packages(prefix_path) discover
[0.244s] DEBUG:colcon.colcon_installed_package_information.package_discovery:Found 8 installed packages in /home/user/ros2_ws/dynamic_ws/install
[0.244s] DEBUG:colcon.colcon_installed_package_information.package_discovery:Found 4 installed packages in /home/user/ros2_ws/w10_ws/install
[0.245s] DEBUG:colcon.colcon_installed_package_information.package_discovery:Found 320 installed packages in /opt/ros/humble
[0.246s] Level 1:colcon.colcon_core.package_discovery:discover_packages(prefix_path) using defaults
[0.280s] Level 5:colcon.colcon_core.verb:set package 'marvin_sim' build argument 'cmake_args' from command line to 'None'
[0.280s] Level 5:colcon.colcon_core.verb:set package 'marvin_sim' build argument 'cmake_target' from command line to 'None'
[0.280s] Level 5:colcon.colcon_core.verb:set package 'marvin_sim' build argument 'cmake_target_skip_unavailable' from command line to 'False'
[0.280s] Level 5:colcon.colcon_core.verb:set package 'marvin_sim' build argument 'cmake_clean_cache' from command line to 'False'
[0.280s] Level 5:colcon.colcon_core.verb:set package 'marvin_sim' build argument 'cmake_clean_first' from command line to 'False'
[0.280s] Level 5:colcon.colcon_core.verb:set package 'marvin_sim' build argument 'cmake_force_configure' from command line to 'False'
[0.280s] Level 5:colcon.colcon_core.verb:set package 'marvin_sim' build argument 'ament_cmake_args' from command line to 'None'
[0.280s] Level 5:colcon.colcon_core.verb:set package 'marvin_sim' build argument 'catkin_cmake_args' from command line to 'None'
[0.280s] Level 5:colcon.colcon_core.verb:set package 'marvin_sim' build argument 'catkin_skip_building_tests' from command line to 'False'
[0.280s] DEBUG:colcon.colcon_core.verb:Building package 'marvin_sim' with the following arguments: {'ament_cmake_args': None, 'build_base': '/home/user/ros2_ws/dynamic_ws/build/marvin_sim', 'catkin_cmake_args': None, 'catkin_skip_building_tests': False, 'cmake_args': None, 'cmake_clean_cache': False, 'cmake_clean_first': False, 'cmake_force_configure': False, 'cmake_target': None, 'cmake_target_skip_unavailable': False, 'install_base': '/home/user/ros2_ws/dynamic_ws/install/marvin_sim', 'merge_install': False, 'path': '/home/user/ros2_ws/dynamic_ws/src/marvin_sim', 'symlink_install': False, 'test_result_base': None}
[0.280s] Level 5:colcon.colcon_core.verb:set package 'show_urdf' build argument 'cmake_args' from command line to 'None'
[0.281s] Level 5:colcon.colcon_core.verb:set package 'show_urdf' build argument 'cmake_target' from command line to 'None'
[0.281s] Level 5:colcon.colcon_core.verb:set package 'show_urdf' build argument 'cmake_target_skip_unavailable' from command line to 'False'
[0.281s] Level 5:colcon.colcon_core.verb:set package 'show_urdf' build argument 'cmake_clean_cache' from command line to 'False'
[0.281s] Level 5:colcon.colcon_core.verb:set package 'show_urdf' build argument 'cmake_clean_first' from command line to 'False'
[0.281s] Level 5:colcon.colcon_core.verb:set package 'show_urdf' build argument 'cmake_force_configure' from command line to 'False'
[0.281s] Level 5:colcon.colcon_core.verb:set package 'show_urdf' build argument 'ament_cmake_args' from command line to 'None'
[0.281s] Level 5:colcon.colcon_core.verb:set package 'show_urdf' build argument 'catkin_cmake_args' from command line to 'None'
[0.281s] Level 5:colcon.colcon_core.verb:set package 'show_urdf' build argument 'catkin_skip_building_tests' from command line to 'False'
[0.281s] DEBUG:colcon.colcon_core.verb:Building package 'show_urdf' with the following arguments: {'ament_cmake_args': None, 'build_base': '/home/user/ros2_ws/dynamic_ws/build/show_urdf', 'catkin_cmake_args': None, 'catkin_skip_building_tests': False, 'cmake_args': None, 'cmake_clean_cache': False, 'cmake_clean_first': False, 'cmake_force_configure': False, 'cmake_target': None, 'cmake_target_skip_unavailable': False, 'install_base': '/home/user/ros2_ws/dynamic_ws/install/show_urdf', 'merge_install': False, 'path': '/home/user/ros2_ws/dynamic_ws/src/show_urdf', 'symlink_install': False, 'test_result_base': None}
[0.281s] Level 5:colcon.colcon_core.verb:set package 'vi' build argument 'cmake_args' from command line to 'None'
[0.281s] Level 5:colcon.colcon_core.verb:set package 'vi' build argument 'cmake_target' from command line to 'None'
[0.281s] Level 5:colcon.colcon_core.verb:set package 'vi' build argument 'cmake_target_skip_unavailable' from command line to 'False'
[0.281s] Level 5:colcon.colcon_core.verb:set package 'vi' build argument 'cmake_clean_cache' from command line to 'False'
[0.281s] Level 5:colcon.colcon_core.verb:set package 'vi' build argument 'cmake_clean_first' from command line to 'False'
[0.281s] Level 5:colcon.colcon_core.verb:set package 'vi' build argument 'cmake_force_configure' from command line to 'False'
[0.281s] Level 5:colcon.colcon_core.verb:set package 'vi' build argument 'ament_cmake_args' from command line to 'None'
[0.281s] Level 5:colcon.colcon_core.verb:set package 'vi' build argument 'catkin_cmake_args' from command line to 'None'
[0.281s] Level 5:colcon.colcon_core.verb:set package 'vi' build argument 'catkin_skip_building_tests' from command line to 'False'
[0.281s] DEBUG:colcon.colcon_core.verb:Building package 'vi' with the following arguments: {'ament_cmake_args': None, 'build_base': '/home/user/ros2_ws/dynamic_ws/build/vi', 'catkin_cmake_args': None, 'catkin_skip_building_tests': False, 'cmake_args': None, 'cmake_clean_cache': False, 'cmake_clean_first': False, 'cmake_force_configure': False, 'cmake_target': None, 'cmake_target_skip_unavailable': False, 'install_base': '/home/user/ros2_ws/dynamic_ws/install/vi', 'merge_install': False, 'path': '/home/user/ros2_ws/dynamic_ws/src/vi', 'symlink_install': False, 'test_result_base': None}
[0.281s] Level 5:colcon.colcon_core.verb:set package 'vi_2p' build argument 'cmake_args' from command line to 'None'
[0.281s] Level 5:colcon.colcon_core.verb:set package 'vi_2p' build argument 'cmake_target' from command line to 'None'
[0.281s] Level 5:colcon.colcon_core.verb:set package 'vi_2p' build argument 'cmake_target_skip_unavailable' from command line to 'False'
[0.281s] Level 5:colcon.colcon_core.verb:set package 'vi_2p' build argument 'cmake_clean_cache' from command line to 'False'
[0.281s] Level 5:colcon.colcon_core.verb:set package 'vi_2p' build argument 'cmake_clean_first' from command line to 'False'
[0.281s] Level 5:colcon.colcon_core.verb:set package 'vi_2p' build argument 'cmake_force_configure' from command line to 'False'
[0.281s] Level 5:colcon.colcon_core.verb:set package 'vi_2p' build argument 'ament_cmake_args' from command line to 'None'
[0.281s] Level 5:colcon.colcon_core.verb:set package 'vi_2p' build argument 'catkin_cmake_args' from command line to 'None'
[0.281s] Level 5:colcon.colcon_core.verb:set package 'vi_2p' build argument 'catkin_skip_building_tests' from command line to 'False'
[0.281s] DEBUG:colcon.colcon_core.verb:Building package 'vi_2p' with the following arguments: {'ament_cmake_args': None, 'build_base': '/home/user/ros2_ws/dynamic_ws/build/vi_2p', 'catkin_cmake_args': None, 'catkin_skip_building_tests': False, 'cmake_args': None, 'cmake_clean_cache': False, 'cmake_clean_first': False, 'cmake_force_configure': False, 'cmake_target': None, 'cmake_target_skip_unavailable': False, 'install_base': '/home/user/ros2_ws/dynamic_ws/install/vi_2p', 'merge_install': False, 'path': '/home/user/ros2_ws/dynamic_ws/src/vi_2p', 'symlink_install': False, 'test_result_base': None}
[0.281s] Level 5:colcon.colcon_core.verb:set package 'w10_force_sim' build argument 'cmake_args' from command line to 'None'
[0.281s] Level 5:colcon.colcon_core.verb:set package 'w10_force_sim' build argument 'cmake_target' from command line to 'None'
[0.281s] Level 5:colcon.colcon_core.verb:set package 'w10_force_sim' build argument 'cmake_target_skip_unavailable' from command line to 'False'
[0.281s] Level 5:colcon.colcon_core.verb:set package 'w10_force_sim' build argument 'cmake_clean_cache' from command line to 'False'
[0.281s] Level 5:colcon.colcon_core.verb:set package 'w10_force_sim' build argument 'cmake_clean_first' from command line to 'False'
[0.281s] Level 5:colcon.colcon_core.verb:set package 'w10_force_sim' build argument 'cmake_force_configure' from command line to 'False'
[0.281s] Level 5:colcon.colcon_core.verb:set package 'w10_force_sim' build argument 'ament_cmake_args' from command line to 'None'
[0.281s] Level 5:colcon.colcon_core.verb:set package 'w10_force_sim' build argument 'catkin_cmake_args' from command line to 'None'
[0.281s] Level 5:colcon.colcon_core.verb:set package 'w10_force_sim' build argument 'catkin_skip_building_tests' from command line to 'False'
[0.281s] DEBUG:colcon.colcon_core.verb:Building package 'w10_force_sim' with the following arguments: {'ament_cmake_args': None, 'build_base': '/home/user/ros2_ws/dynamic_ws/build/w10_force_sim', 'catkin_cmake_args': None, 'catkin_skip_building_tests': False, 'cmake_args': None, 'cmake_clean_cache': False, 'cmake_clean_first': False, 'cmake_force_configure': False, 'cmake_target': None, 'cmake_target_skip_unavailable': False, 'install_base': '/home/user/ros2_ws/dynamic_ws/install/w10_force_sim', 'merge_install': False, 'path': '/home/user/ros2_ws/dynamic_ws/src/w10_force_sim', 'symlink_install': False, 'test_result_base': None}
[0.282s] Level 5:colcon.colcon_core.verb:set package 'w10_sim' build argument 'cmake_args' from command line to 'None'
[0.282s] Level 5:colcon.colcon_core.verb:set package 'w10_sim' build argument 'cmake_target' from command line to 'None'
[0.282s] Level 5:colcon.colcon_core.verb:set package 'w10_sim' build argument 'cmake_target_skip_unavailable' from command line to 'False'
[0.282s] Level 5:colcon.colcon_core.verb:set package 'w10_sim' build argument 'cmake_clean_cache' from command line to 'False'
[0.282s] Level 5:colcon.colcon_core.verb:set package 'w10_sim' build argument 'cmake_clean_first' from command line to 'False'
[0.282s] Level 5:colcon.colcon_core.verb:set package 'w10_sim' build argument 'cmake_force_configure' from command line to 'False'
[0.282s] Level 5:colcon.colcon_core.verb:set package 'w10_sim' build argument 'ament_cmake_args' from command line to 'None'
[0.282s] Level 5:colcon.colcon_core.verb:set package 'w10_sim' build argument 'catkin_cmake_args' from command line to 'None'
[0.282s] Level 5:colcon.colcon_core.verb:set package 'w10_sim' build argument 'catkin_skip_building_tests' from command line to 'False'
[0.282s] DEBUG:colcon.colcon_core.verb:Building package 'w10_sim' with the following arguments: {'ament_cmake_args': None, 'build_base': '/home/user/ros2_ws/dynamic_ws/build/w10_sim', 'catkin_cmake_args': None, 'catkin_skip_building_tests': False, 'cmake_args': None, 'cmake_clean_cache': False, 'cmake_clean_first': False, 'cmake_force_configure': False, 'cmake_target': None, 'cmake_target_skip_unavailable': False, 'install_base': '/home/user/ros2_ws/dynamic_ws/install/w10_sim', 'merge_install': False, 'path': '/home/user/ros2_ws/dynamic_ws/src/w10_sim', 'symlink_install': False, 'test_result_base': None}
[0.282s] Level 5:colcon.colcon_core.verb:set package 'w10_kinematics' build argument 'cmake_args' from command line to 'None'
[0.282s] Level 5:colcon.colcon_core.verb:set package 'w10_kinematics' build argument 'cmake_target' from command line to 'None'
[0.282s] Level 5:colcon.colcon_core.verb:set package 'w10_kinematics' build argument 'cmake_target_skip_unavailable' from command line to 'False'
[0.282s] Level 5:colcon.colcon_core.verb:set package 'w10_kinematics' build argument 'cmake_clean_cache' from command line to 'False'
[0.282s] Level 5:colcon.colcon_core.verb:set package 'w10_kinematics' build argument 'cmake_clean_first' from command line to 'False'
[0.282s] Level 5:colcon.colcon_core.verb:set package 'w10_kinematics' build argument 'cmake_force_configure' from command line to 'False'
[0.282s] Level 5:colcon.colcon_core.verb:set package 'w10_kinematics' build argument 'ament_cmake_args' from command line to 'None'
[0.282s] Level 5:colcon.colcon_core.verb:set package 'w10_kinematics' build argument 'catkin_cmake_args' from command line to 'None'
[0.282s] Level 5:colcon.colcon_core.verb:set package 'w10_kinematics' build argument 'catkin_skip_building_tests' from command line to 'False'
[0.282s] DEBUG:colcon.colcon_core.verb:Building package 'w10_kinematics' with the following arguments: {'ament_cmake_args': None, 'build_base': '/home/user/ros2_ws/dynamic_ws/build/w10_kinematics', 'catkin_cmake_args': None, 'catkin_skip_building_tests': False, 'cmake_args': None, 'cmake_clean_cache': False, 'cmake_clean_first': False, 'cmake_force_configure': False, 'cmake_target': None, 'cmake_target_skip_unavailable': False, 'install_base': '/home/user/ros2_ws/dynamic_ws/install/w10_kinematics', 'merge_install': False, 'path': '/home/user/ros2_ws/dynamic_ws/src/w10_kinematics', 'symlink_install': False, 'test_result_base': None}
[0.282s] Level 5:colcon.colcon_core.verb:set package 'w10_moveit_kinematics' build argument 'cmake_args' from command line to 'None'
[0.282s] Level 5:colcon.colcon_core.verb:set package 'w10_moveit_kinematics' build argument 'cmake_target' from command line to 'None'
[0.282s] Level 5:colcon.colcon_core.verb:set package 'w10_moveit_kinematics' build argument 'cmake_target_skip_unavailable' from command line to 'False'
[0.282s] Level 5:colcon.colcon_core.verb:set package 'w10_moveit_kinematics' build argument 'cmake_clean_cache' from command line to 'False'
[0.282s] Level 5:colcon.colcon_core.verb:set package 'w10_moveit_kinematics' build argument 'cmake_clean_first' from command line to 'False'
[0.282s] Level 5:colcon.colcon_core.verb:set package 'w10_moveit_kinematics' build argument 'cmake_force_configure' from command line to 'False'
[0.282s] Level 5:colcon.colcon_core.verb:set package 'w10_moveit_kinematics' build argument 'ament_cmake_args' from command line to 'None'
[0.282s] Level 5:colcon.colcon_core.verb:set package 'w10_moveit_kinematics' build argument 'catkin_cmake_args' from command line to 'None'
[0.282s] Level 5:colcon.colcon_core.verb:set package 'w10_moveit_kinematics' build argument 'catkin_skip_building_tests' from command line to 'False'
[0.282s] DEBUG:colcon.colcon_core.verb:Building package 'w10_moveit_kinematics' with the following arguments: {'ament_cmake_args': None, 'build_base': '/home/user/ros2_ws/dynamic_ws/build/w10_moveit_kinematics', 'catkin_cmake_args': None, 'catkin_skip_building_tests': False, 'cmake_args': None, 'cmake_clean_cache': False, 'cmake_clean_first': False, 'cmake_force_configure': False, 'cmake_target': None, 'cmake_target_skip_unavailable': False, 'install_base': '/home/user/ros2_ws/dynamic_ws/install/w10_moveit_kinematics', 'merge_install': False, 'path': '/home/user/ros2_ws/dynamic_ws/src/w10_moveit_kinematics', 'symlink_install': False, 'test_result_base': None}
[0.282s] INFO:colcon.colcon_core.executor:Executing jobs using 'parallel' executor
[0.283s] DEBUG:colcon.colcon_parallel_executor.executor.parallel:run_until_complete
[0.283s] INFO:colcon.colcon_ros.task.ament_cmake.build:Building ROS package in '/home/user/ros2_ws/dynamic_ws/src/w10_sim' with build type 'ament_cmake'
[0.283s] INFO:colcon.colcon_cmake.task.cmake.build:Building CMake package in '/home/user/ros2_ws/dynamic_ws/src/w10_sim'
[0.285s] INFO:colcon.colcon_core.plugin_system:Skipping extension 'colcon_core.shell.bat': Not used on non-Windows systems
[0.285s] INFO:colcon.colcon_core.shell:Skip shell extension 'powershell' for command environment: Not usable outside of PowerShell
[0.285s] DEBUG:colcon.colcon_core.shell:Skip shell extension 'dsv' for command environment
[0.289s] INFO:colcon.colcon_ros.task.ament_cmake.build:Building ROS package in '/home/user/ros2_ws/dynamic_ws/src/marvin_sim' with build type 'ament_cmake'
[0.289s] INFO:colcon.colcon_cmake.task.cmake.build:Building CMake package in '/home/user/ros2_ws/dynamic_ws/src/marvin_sim'
[0.289s] INFO:colcon.colcon_core.shell:Skip shell extension 'powershell' for command environment: Not usable outside of PowerShell
[0.289s] DEBUG:colcon.colcon_core.shell:Skip shell extension 'dsv' for command environment
[0.291s] INFO:colcon.colcon_ros.task.ament_cmake.build:Building ROS package in '/home/user/ros2_ws/dynamic_ws/src/show_urdf' with build type 'ament_cmake'
[0.291s] INFO:colcon.colcon_cmake.task.cmake.build:Building CMake package in '/home/user/ros2_ws/dynamic_ws/src/show_urdf'
[0.292s] INFO:colcon.colcon_core.shell:Skip shell extension 'powershell' for command environment: Not usable outside of PowerShell
[0.292s] DEBUG:colcon.colcon_core.shell:Skip shell extension 'dsv' for command environment
[0.295s] INFO:colcon.colcon_ros.task.ament_cmake.build:Building ROS package in '/home/user/ros2_ws/dynamic_ws/src/vi' with build type 'ament_cmake'
[0.295s] INFO:colcon.colcon_cmake.task.cmake.build:Building CMake package in '/home/user/ros2_ws/dynamic_ws/src/vi'
[0.296s] INFO:colcon.colcon_core.shell:Skip shell extension 'powershell' for command environment: Not usable outside of PowerShell
[0.296s] DEBUG:colcon.colcon_core.shell:Skip shell extension 'dsv' for command environment
[0.299s] INFO:colcon.colcon_ros.task.ament_cmake.build:Building ROS package in '/home/user/ros2_ws/dynamic_ws/src/vi_2p' with build type 'ament_cmake'
[0.299s] INFO:colcon.colcon_cmake.task.cmake.build:Building CMake package in '/home/user/ros2_ws/dynamic_ws/src/vi_2p'
[0.300s] INFO:colcon.colcon_core.shell:Skip shell extension 'powershell' for command environment: Not usable outside of PowerShell
[0.300s] DEBUG:colcon.colcon_core.shell:Skip shell extension 'dsv' for command environment
[0.302s] INFO:colcon.colcon_ros.task.ament_cmake.build:Building ROS package in '/home/user/ros2_ws/dynamic_ws/src/w10_force_sim' with build type 'ament_cmake'
[0.302s] INFO:colcon.colcon_cmake.task.cmake.build:Building CMake package in '/home/user/ros2_ws/dynamic_ws/src/w10_force_sim'
[0.302s] INFO:colcon.colcon_core.shell:Skip shell extension 'powershell' for command environment: Not usable outside of PowerShell
[0.302s] DEBUG:colcon.colcon_core.shell:Skip shell extension 'dsv' for command environment
[0.307s] DEBUG:colcon.colcon_core.event_handler.log_command:Invoking command in '/home/user/ros2_ws/dynamic_ws/build/w10_sim': CMAKE_PREFIX_PATH=/opt/openrobots:/home/user/ros2_ws/dynamic_ws/install/w10_moveit_kinematics:/home/user/ros2_ws/dynamic_ws/install/w10_kinematics:/home/user/ros2_ws/dynamic_ws/install/w10_sim:/home/user/ros2_ws/dynamic_ws/install/w10_force_sim:/home/user/ros2_ws/dynamic_ws/install/vi_2p:/home/user/ros2_ws/dynamic_ws/install/vi:/home/user/ros2_ws/dynamic_ws/install/show_urdf:/home/user/ros2_ws/dynamic_ws/install/marvin_sim:/opt/ros/humble:/home/user/ros2_ws/w10_ws/install/w10-urdf:/home/user/ros2_ws/w10_ws/install/urdf_visualization:/opt/openrobots: /usr/bin/cmake --build /home/user/ros2_ws/dynamic_ws/build/w10_sim -- -j32 -l32
[0.309s] DEBUG:colcon.colcon_core.event_handler.log_command:Invoking command in '/home/user/ros2_ws/dynamic_ws/build/marvin_sim': CMAKE_PREFIX_PATH=/opt/openrobots:/home/user/ros2_ws/dynamic_ws/install/w10_moveit_kinematics:/home/user/ros2_ws/dynamic_ws/install/w10_kinematics:/home/user/ros2_ws/dynamic_ws/install/w10_sim:/home/user/ros2_ws/dynamic_ws/install/w10_force_sim:/home/user/ros2_ws/dynamic_ws/install/vi_2p:/home/user/ros2_ws/dynamic_ws/install/vi:/home/user/ros2_ws/dynamic_ws/install/show_urdf:/home/user/ros2_ws/dynamic_ws/install/marvin_sim:/opt/ros/humble:/home/user/ros2_ws/w10_ws/install/w10-urdf:/home/user/ros2_ws/w10_ws/install/urdf_visualization:/opt/openrobots: /usr/bin/cmake --build /home/user/ros2_ws/dynamic_ws/build/marvin_sim -- -j32 -l32
[0.311s] DEBUG:colcon.colcon_core.event_handler.log_command:Invoking command in '/home/user/ros2_ws/dynamic_ws/build/show_urdf': CMAKE_PREFIX_PATH=/opt/openrobots:/home/user/ros2_ws/dynamic_ws/install/w10_moveit_kinematics:/home/user/ros2_ws/dynamic_ws/install/w10_kinematics:/home/user/ros2_ws/dynamic_ws/install/w10_sim:/home/user/ros2_ws/dynamic_ws/install/w10_force_sim:/home/user/ros2_ws/dynamic_ws/install/vi_2p:/home/user/ros2_ws/dynamic_ws/install/vi:/home/user/ros2_ws/dynamic_ws/install/show_urdf:/home/user/ros2_ws/dynamic_ws/install/marvin_sim:/opt/ros/humble:/home/user/ros2_ws/w10_ws/install/w10-urdf:/home/user/ros2_ws/w10_ws/install/urdf_visualization:/opt/openrobots: /usr/bin/cmake --build /home/user/ros2_ws/dynamic_ws/build/show_urdf -- -j32 -l32
[0.313s] DEBUG:colcon.colcon_core.event_handler.log_command:Invoking command in '/home/user/ros2_ws/dynamic_ws/build/vi': CMAKE_PREFIX_PATH=/opt/openrobots:/home/user/ros2_ws/dynamic_ws/install/w10_moveit_kinematics:/home/user/ros2_ws/dynamic_ws/install/w10_kinematics:/home/user/ros2_ws/dynamic_ws/install/w10_sim:/home/user/ros2_ws/dynamic_ws/install/w10_force_sim:/home/user/ros2_ws/dynamic_ws/install/vi_2p:/home/user/ros2_ws/dynamic_ws/install/vi:/home/user/ros2_ws/dynamic_ws/install/show_urdf:/home/user/ros2_ws/dynamic_ws/install/marvin_sim:/opt/ros/humble:/home/user/ros2_ws/w10_ws/install/w10-urdf:/home/user/ros2_ws/w10_ws/install/urdf_visualization:/opt/openrobots: /usr/bin/cmake --build /home/user/ros2_ws/dynamic_ws/build/vi -- -j32 -l32
[0.315s] DEBUG:colcon.colcon_core.event_handler.log_command:Invoking command in '/home/user/ros2_ws/dynamic_ws/build/vi_2p': CMAKE_PREFIX_PATH=/opt/openrobots:/home/user/ros2_ws/dynamic_ws/install/w10_moveit_kinematics:/home/user/ros2_ws/dynamic_ws/install/w10_kinematics:/home/user/ros2_ws/dynamic_ws/install/w10_sim:/home/user/ros2_ws/dynamic_ws/install/w10_force_sim:/home/user/ros2_ws/dynamic_ws/install/vi_2p:/home/user/ros2_ws/dynamic_ws/install/vi:/home/user/ros2_ws/dynamic_ws/install/show_urdf:/home/user/ros2_ws/dynamic_ws/install/marvin_sim:/opt/ros/humble:/home/user/ros2_ws/w10_ws/install/w10-urdf:/home/user/ros2_ws/w10_ws/install/urdf_visualization:/opt/openrobots: /usr/bin/cmake --build /home/user/ros2_ws/dynamic_ws/build/vi_2p -- -j32 -l32
[0.317s] DEBUG:colcon.colcon_core.event_handler.log_command:Invoking command in '/home/user/ros2_ws/dynamic_ws/build/w10_force_sim': CMAKE_PREFIX_PATH=/opt/openrobots:/home/user/ros2_ws/dynamic_ws/install/w10_moveit_kinematics:/home/user/ros2_ws/dynamic_ws/install/w10_kinematics:/home/user/ros2_ws/dynamic_ws/install/w10_sim:/home/user/ros2_ws/dynamic_ws/install/w10_force_sim:/home/user/ros2_ws/dynamic_ws/install/vi_2p:/home/user/ros2_ws/dynamic_ws/install/vi:/home/user/ros2_ws/dynamic_ws/install/show_urdf:/home/user/ros2_ws/dynamic_ws/install/marvin_sim:/opt/ros/humble:/home/user/ros2_ws/w10_ws/install/w10-urdf:/home/user/ros2_ws/w10_ws/install/urdf_visualization:/opt/openrobots: /usr/bin/cmake --build /home/user/ros2_ws/dynamic_ws/build/w10_force_sim -- -j32 -l32
[0.334s] DEBUG:colcon.colcon_core.event_handler.log_command:Invoked command in '/home/user/ros2_ws/dynamic_ws/build/show_urdf' returned '0': CMAKE_PREFIX_PATH=/opt/openrobots:/home/user/ros2_ws/dynamic_ws/install/w10_moveit_kinematics:/home/user/ros2_ws/dynamic_ws/install/w10_kinematics:/home/user/ros2_ws/dynamic_ws/install/w10_sim:/home/user/ros2_ws/dynamic_ws/install/w10_force_sim:/home/user/ros2_ws/dynamic_ws/install/vi_2p:/home/user/ros2_ws/dynamic_ws/install/vi:/home/user/ros2_ws/dynamic_ws/install/show_urdf:/home/user/ros2_ws/dynamic_ws/install/marvin_sim:/opt/ros/humble:/home/user/ros2_ws/w10_ws/install/w10-urdf:/home/user/ros2_ws/w10_ws/install/urdf_visualization:/opt/openrobots: /usr/bin/cmake --build /home/user/ros2_ws/dynamic_ws/build/show_urdf -- -j32 -l32
[0.341s] DEBUG:colcon.colcon_core.event_handler.log_command:Invoking command in '/home/user/ros2_ws/dynamic_ws/build/show_urdf': CMAKE_PREFIX_PATH=/opt/openrobots:/home/user/ros2_ws/dynamic_ws/install/w10_moveit_kinematics:/home/user/ros2_ws/dynamic_ws/install/w10_kinematics:/home/user/ros2_ws/dynamic_ws/install/w10_sim:/home/user/ros2_ws/dynamic_ws/install/w10_force_sim:/home/user/ros2_ws/dynamic_ws/install/vi_2p:/home/user/ros2_ws/dynamic_ws/install/vi:/home/user/ros2_ws/dynamic_ws/install/show_urdf:/home/user/ros2_ws/dynamic_ws/install/marvin_sim:/opt/ros/humble:/home/user/ros2_ws/w10_ws/install/w10-urdf:/home/user/ros2_ws/w10_ws/install/urdf_visualization:/opt/openrobots: /usr/bin/cmake --install /home/user/ros2_ws/dynamic_ws/build/show_urdf
[0.348s] Level 1:colcon.colcon_core.environment:create_environment_scripts_only(show_urdf)
[0.348s] DEBUG:colcon.colcon_core.event_handler.log_command:Invoked command in '/home/user/ros2_ws/dynamic_ws/build/show_urdf' returned '0': CMAKE_PREFIX_PATH=/opt/openrobots:/home/user/ros2_ws/dynamic_ws/install/w10_moveit_kinematics:/home/user/ros2_ws/dynamic_ws/install/w10_kinematics:/home/user/ros2_ws/dynamic_ws/install/w10_sim:/home/user/ros2_ws/dynamic_ws/install/w10_force_sim:/home/user/ros2_ws/dynamic_ws/install/vi_2p:/home/user/ros2_ws/dynamic_ws/install/vi:/home/user/ros2_ws/dynamic_ws/install/show_urdf:/home/user/ros2_ws/dynamic_ws/install/marvin_sim:/opt/ros/humble:/home/user/ros2_ws/w10_ws/install/w10-urdf:/home/user/ros2_ws/w10_ws/install/urdf_visualization:/opt/openrobots: /usr/bin/cmake --install /home/user/ros2_ws/dynamic_ws/build/show_urdf
[0.350s] Level 1:colcon.colcon_core.environment:checking '/home/user/ros2_ws/dynamic_ws/install/show_urdf' for CMake module files
[0.351s] Level 1:colcon.colcon_core.environment:checking '/home/user/ros2_ws/dynamic_ws/install/show_urdf' for CMake config files
[0.351s] Level 1:colcon.colcon_core.shell:create_environment_hook('show_urdf', 'cmake_prefix_path')
[0.352s] INFO:colcon.colcon_core.shell:Creating environment hook '/home/user/ros2_ws/dynamic_ws/install/show_urdf/share/show_urdf/hook/cmake_prefix_path.ps1'
[0.352s] INFO:colcon.colcon_core.shell:Creating environment descriptor '/home/user/ros2_ws/dynamic_ws/install/show_urdf/share/show_urdf/hook/cmake_prefix_path.dsv'
[0.353s] INFO:colcon.colcon_core.shell:Creating environment hook '/home/user/ros2_ws/dynamic_ws/install/show_urdf/share/show_urdf/hook/cmake_prefix_path.sh'
[0.353s] Level 1:colcon.colcon_core.environment:checking '/home/user/ros2_ws/dynamic_ws/install/show_urdf/bin'
[0.353s] Level 1:colcon.colcon_core.environment:checking '/home/user/ros2_ws/dynamic_ws/install/show_urdf/lib/pkgconfig/show_urdf.pc'
[0.353s] Level 1:colcon.colcon_core.environment:checking '/home/user/ros2_ws/dynamic_ws/install/show_urdf/lib/python3.10/site-packages'
[0.353s] Level 1:colcon.colcon_core.environment:checking '/home/user/ros2_ws/dynamic_ws/install/show_urdf/bin'
[0.353s] INFO:colcon.colcon_core.shell:Creating package script '/home/user/ros2_ws/dynamic_ws/install/show_urdf/share/show_urdf/package.ps1'
[0.354s] INFO:colcon.colcon_core.shell:Creating package descriptor '/home/user/ros2_ws/dynamic_ws/install/show_urdf/share/show_urdf/package.dsv'
[0.354s] INFO:colcon.colcon_core.shell:Creating package script '/home/user/ros2_ws/dynamic_ws/install/show_urdf/share/show_urdf/package.sh'
[0.355s] INFO:colcon.colcon_core.shell:Creating package script '/home/user/ros2_ws/dynamic_ws/install/show_urdf/share/show_urdf/package.bash'
[0.355s] INFO:colcon.colcon_core.shell:Creating package script '/home/user/ros2_ws/dynamic_ws/install/show_urdf/share/show_urdf/package.zsh'
[0.355s] Level 1:colcon.colcon_core.environment:create_file_with_runtime_dependencies(/home/user/ros2_ws/dynamic_ws/install/show_urdf/share/colcon-core/packages/show_urdf)
[0.356s] Level 1:colcon.colcon_core.environment:create_environment_scripts_only(show_urdf)
[0.356s] Level 1:colcon.colcon_core.environment:checking '/home/user/ros2_ws/dynamic_ws/install/show_urdf' for CMake module files
[0.357s] Level 1:colcon.colcon_core.environment:checking '/home/user/ros2_ws/dynamic_ws/install/show_urdf' for CMake config files
[0.358s] Level 1:colcon.colcon_core.shell:create_environment_hook('show_urdf', 'cmake_prefix_path')
[0.358s] INFO:colcon.colcon_core.shell:Creating environment hook '/home/user/ros2_ws/dynamic_ws/install/show_urdf/share/show_urdf/hook/cmake_prefix_path.ps1'
[0.358s] INFO:colcon.colcon_core.shell:Creating environment descriptor '/home/user/ros2_ws/dynamic_ws/install/show_urdf/share/show_urdf/hook/cmake_prefix_path.dsv'
[0.358s] INFO:colcon.colcon_core.shell:Creating environment hook '/home/user/ros2_ws/dynamic_ws/install/show_urdf/share/show_urdf/hook/cmake_prefix_path.sh'
[0.359s] Level 1:colcon.colcon_core.environment:checking '/home/user/ros2_ws/dynamic_ws/install/show_urdf/bin'
[0.359s] Level 1:colcon.colcon_core.environment:checking '/home/user/ros2_ws/dynamic_ws/install/show_urdf/lib/pkgconfig/show_urdf.pc'
[0.359s] Level 1:colcon.colcon_core.environment:checking '/home/user/ros2_ws/dynamic_ws/install/show_urdf/lib/python3.10/site-packages'
[0.359s] Level 1:colcon.colcon_core.environment:checking '/home/user/ros2_ws/dynamic_ws/install/show_urdf/bin'
[0.359s] INFO:colcon.colcon_core.shell:Creating package script '/home/user/ros2_ws/dynamic_ws/install/show_urdf/share/show_urdf/package.ps1'
[0.360s] INFO:colcon.colcon_core.shell:Creating package descriptor '/home/user/ros2_ws/dynamic_ws/install/show_urdf/share/show_urdf/package.dsv'
[0.360s] INFO:colcon.colcon_core.shell:Creating package script '/home/user/ros2_ws/dynamic_ws/install/show_urdf/share/show_urdf/package.sh'
[0.360s] INFO:colcon.colcon_core.shell:Creating package script '/home/user/ros2_ws/dynamic_ws/install/show_urdf/share/show_urdf/package.bash'
[0.361s] INFO:colcon.colcon_core.shell:Creating package script '/home/user/ros2_ws/dynamic_ws/install/show_urdf/share/show_urdf/package.zsh'
[0.361s] Level 1:colcon.colcon_core.environment:create_file_with_runtime_dependencies(/home/user/ros2_ws/dynamic_ws/install/show_urdf/share/colcon-core/packages/show_urdf)
[0.372s] DEBUG:colcon.colcon_core.event_handler.log_command:Invoked command in '/home/user/ros2_ws/dynamic_ws/build/vi_2p' returned '0': CMAKE_PREFIX_PATH=/opt/openrobots:/home/user/ros2_ws/dynamic_ws/install/w10_moveit_kinematics:/home/user/ros2_ws/dynamic_ws/install/w10_kinematics:/home/user/ros2_ws/dynamic_ws/install/w10_sim:/home/user/ros2_ws/dynamic_ws/install/w10_force_sim:/home/user/ros2_ws/dynamic_ws/install/vi_2p:/home/user/ros2_ws/dynamic_ws/install/vi:/home/user/ros2_ws/dynamic_ws/install/show_urdf:/home/user/ros2_ws/dynamic_ws/install/marvin_sim:/opt/ros/humble:/home/user/ros2_ws/w10_ws/install/w10-urdf:/home/user/ros2_ws/w10_ws/install/urdf_visualization:/opt/openrobots: /usr/bin/cmake --build /home/user/ros2_ws/dynamic_ws/build/vi_2p -- -j32 -l32
[0.376s] DEBUG:colcon.colcon_core.event_handler.log_command:Invoking command in '/home/user/ros2_ws/dynamic_ws/build/vi_2p': CMAKE_PREFIX_PATH=/opt/openrobots:/home/user/ros2_ws/dynamic_ws/install/w10_moveit_kinematics:/home/user/ros2_ws/dynamic_ws/install/w10_kinematics:/home/user/ros2_ws/dynamic_ws/install/w10_sim:/home/user/ros2_ws/dynamic_ws/install/w10_force_sim:/home/user/ros2_ws/dynamic_ws/install/vi_2p:/home/user/ros2_ws/dynamic_ws/install/vi:/home/user/ros2_ws/dynamic_ws/install/show_urdf:/home/user/ros2_ws/dynamic_ws/install/marvin_sim:/opt/ros/humble:/home/user/ros2_ws/w10_ws/install/w10-urdf:/home/user/ros2_ws/w10_ws/install/urdf_visualization:/opt/openrobots: /usr/bin/cmake --install /home/user/ros2_ws/dynamic_ws/build/vi_2p
[0.378s] DEBUG:colcon.colcon_core.event_handler.log_command:Invoked command in '/home/user/ros2_ws/dynamic_ws/build/w10_sim' returned '0': CMAKE_PREFIX_PATH=/opt/openrobots:/home/user/ros2_ws/dynamic_ws/install/w10_moveit_kinematics:/home/user/ros2_ws/dynamic_ws/install/w10_kinematics:/home/user/ros2_ws/dynamic_ws/install/w10_sim:/home/user/ros2_ws/dynamic_ws/install/w10_force_sim:/home/user/ros2_ws/dynamic_ws/install/vi_2p:/home/user/ros2_ws/dynamic_ws/install/vi:/home/user/ros2_ws/dynamic_ws/install/show_urdf:/home/user/ros2_ws/dynamic_ws/install/marvin_sim:/opt/ros/humble:/home/user/ros2_ws/w10_ws/install/w10-urdf:/home/user/ros2_ws/w10_ws/install/urdf_visualization:/opt/openrobots: /usr/bin/cmake --build /home/user/ros2_ws/dynamic_ws/build/w10_sim -- -j32 -l32
[0.381s] DEBUG:colcon.colcon_core.event_handler.log_command:Invoking command in '/home/user/ros2_ws/dynamic_ws/build/w10_sim': CMAKE_PREFIX_PATH=/opt/openrobots:/home/user/ros2_ws/dynamic_ws/install/w10_moveit_kinematics:/home/user/ros2_ws/dynamic_ws/install/w10_kinematics:/home/user/ros2_ws/dynamic_ws/install/w10_sim:/home/user/ros2_ws/dynamic_ws/install/w10_force_sim:/home/user/ros2_ws/dynamic_ws/install/vi_2p:/home/user/ros2_ws/dynamic_ws/install/vi:/home/user/ros2_ws/dynamic_ws/install/show_urdf:/home/user/ros2_ws/dynamic_ws/install/marvin_sim:/opt/ros/humble:/home/user/ros2_ws/w10_ws/install/w10-urdf:/home/user/ros2_ws/w10_ws/install/urdf_visualization:/opt/openrobots: /usr/bin/cmake --install /home/user/ros2_ws/dynamic_ws/build/w10_sim
[0.385s] Level 1:colcon.colcon_core.environment:create_environment_scripts_only(vi_2p)
[0.385s] Level 1:colcon.colcon_core.environment:checking '/home/user/ros2_ws/dynamic_ws/install/vi_2p' for CMake module files
[0.387s] Level 1:colcon.colcon_core.environment:checking '/home/user/ros2_ws/dynamic_ws/install/vi_2p' for CMake config files
[0.387s] Level 1:colcon.colcon_core.shell:create_environment_hook('vi_2p', 'cmake_prefix_path')
[0.387s] INFO:colcon.colcon_core.shell:Creating environment hook '/home/user/ros2_ws/dynamic_ws/install/vi_2p/share/vi_2p/hook/cmake_prefix_path.ps1'
[0.388s] INFO:colcon.colcon_core.shell:Creating environment descriptor '/home/user/ros2_ws/dynamic_ws/install/vi_2p/share/vi_2p/hook/cmake_prefix_path.dsv'
[0.389s] DEBUG:colcon.colcon_core.event_handler.log_command:Invoked command in '/home/user/ros2_ws/dynamic_ws/build/vi' returned '0': CMAKE_PREFIX_PATH=/opt/openrobots:/home/user/ros2_ws/dynamic_ws/install/w10_moveit_kinematics:/home/user/ros2_ws/dynamic_ws/install/w10_kinematics:/home/user/ros2_ws/dynamic_ws/install/w10_sim:/home/user/ros2_ws/dynamic_ws/install/w10_force_sim:/home/user/ros2_ws/dynamic_ws/install/vi_2p:/home/user/ros2_ws/dynamic_ws/install/vi:/home/user/ros2_ws/dynamic_ws/install/show_urdf:/home/user/ros2_ws/dynamic_ws/install/marvin_sim:/opt/ros/humble:/home/user/ros2_ws/w10_ws/install/w10-urdf:/home/user/ros2_ws/w10_ws/install/urdf_visualization:/opt/openrobots: /usr/bin/cmake --build /home/user/ros2_ws/dynamic_ws/build/vi -- -j32 -l32
[0.389s] INFO:colcon.colcon_core.shell:Creating environment hook '/home/user/ros2_ws/dynamic_ws/install/vi_2p/share/vi_2p/hook/cmake_prefix_path.sh'
[0.390s] DEBUG:colcon.colcon_core.event_handler.log_command:Invoking command in '/home/user/ros2_ws/dynamic_ws/build/vi': CMAKE_PREFIX_PATH=/opt/openrobots:/home/user/ros2_ws/dynamic_ws/install/w10_moveit_kinematics:/home/user/ros2_ws/dynamic_ws/install/w10_kinematics:/home/user/ros2_ws/dynamic_ws/install/w10_sim:/home/user/ros2_ws/dynamic_ws/install/w10_force_sim:/home/user/ros2_ws/dynamic_ws/install/vi_2p:/home/user/ros2_ws/dynamic_ws/install/vi:/home/user/ros2_ws/dynamic_ws/install/show_urdf:/home/user/ros2_ws/dynamic_ws/install/marvin_sim:/opt/ros/humble:/home/user/ros2_ws/w10_ws/install/w10-urdf:/home/user/ros2_ws/w10_ws/install/urdf_visualization:/opt/openrobots: /usr/bin/cmake --install /home/user/ros2_ws/dynamic_ws/build/vi
[0.390s] DEBUG:colcon.colcon_core.event_handler.log_command:Invoked command in '/home/user/ros2_ws/dynamic_ws/build/vi_2p' returned '0': CMAKE_PREFIX_PATH=/opt/openrobots:/home/user/ros2_ws/dynamic_ws/install/w10_moveit_kinematics:/home/user/ros2_ws/dynamic_ws/install/w10_kinematics:/home/user/ros2_ws/dynamic_ws/install/w10_sim:/home/user/ros2_ws/dynamic_ws/install/w10_force_sim:/home/user/ros2_ws/dynamic_ws/install/vi_2p:/home/user/ros2_ws/dynamic_ws/install/vi:/home/user/ros2_ws/dynamic_ws/install/show_urdf:/home/user/ros2_ws/dynamic_ws/install/marvin_sim:/opt/ros/humble:/home/user/ros2_ws/w10_ws/install/w10-urdf:/home/user/ros2_ws/w10_ws/install/urdf_visualization:/opt/openrobots: /usr/bin/cmake --install /home/user/ros2_ws/dynamic_ws/build/vi_2p
[0.390s] Level 1:colcon.colcon_core.environment:checking '/home/user/ros2_ws/dynamic_ws/install/vi_2p/lib'
[0.391s] Level 1:colcon.colcon_core.environment:checking '/home/user/ros2_ws/dynamic_ws/install/vi_2p/bin'
[0.391s] Level 1:colcon.colcon_core.environment:checking '/home/user/ros2_ws/dynamic_ws/install/vi_2p/lib/pkgconfig/vi_2p.pc'
[0.391s] Level 1:colcon.colcon_core.environment:checking '/home/user/ros2_ws/dynamic_ws/install/vi_2p/lib/python3.10/site-packages'
[0.391s] Level 1:colcon.colcon_core.environment:checking '/home/user/ros2_ws/dynamic_ws/install/vi_2p/bin'
[0.392s] INFO:colcon.colcon_core.shell:Creating package script '/home/user/ros2_ws/dynamic_ws/install/vi_2p/share/vi_2p/package.ps1'
[0.392s] INFO:colcon.colcon_core.shell:Creating package descriptor '/home/user/ros2_ws/dynamic_ws/install/vi_2p/share/vi_2p/package.dsv'
[0.393s] INFO:colcon.colcon_core.shell:Creating package script '/home/user/ros2_ws/dynamic_ws/install/vi_2p/share/vi_2p/package.sh'
[0.394s] INFO:colcon.colcon_core.shell:Creating package script '/home/user/ros2_ws/dynamic_ws/install/vi_2p/share/vi_2p/package.bash'
[0.394s] INFO:colcon.colcon_core.shell:Creating package script '/home/user/ros2_ws/dynamic_ws/install/vi_2p/share/vi_2p/package.zsh'
[0.395s] Level 1:colcon.colcon_core.environment:create_file_with_runtime_dependencies(/home/user/ros2_ws/dynamic_ws/install/vi_2p/share/colcon-core/packages/vi_2p)
[0.395s] Level 1:colcon.colcon_core.environment:create_environment_scripts_only(vi_2p)
[0.395s] Level 1:colcon.colcon_core.environment:checking '/home/user/ros2_ws/dynamic_ws/install/vi_2p' for CMake module files
[0.396s] Level 1:colcon.colcon_core.environment:checking '/home/user/ros2_ws/dynamic_ws/install/vi_2p' for CMake config files
[0.396s] Level 1:colcon.colcon_core.shell:create_environment_hook('vi_2p', 'cmake_prefix_path')
[0.396s] INFO:colcon.colcon_core.shell:Creating environment hook '/home/user/ros2_ws/dynamic_ws/install/vi_2p/share/vi_2p/hook/cmake_prefix_path.ps1'
[0.397s] INFO:colcon.colcon_core.shell:Creating environment descriptor '/home/user/ros2_ws/dynamic_ws/install/vi_2p/share/vi_2p/hook/cmake_prefix_path.dsv'
[0.397s] INFO:colcon.colcon_core.shell:Creating environment hook '/home/user/ros2_ws/dynamic_ws/install/vi_2p/share/vi_2p/hook/cmake_prefix_path.sh'
[0.398s] Level 1:colcon.colcon_core.environment:checking '/home/user/ros2_ws/dynamic_ws/install/vi_2p/lib'
[0.398s] Level 1:colcon.colcon_core.environment:checking '/home/user/ros2_ws/dynamic_ws/install/vi_2p/bin'
[0.398s] Level 1:colcon.colcon_core.environment:checking '/home/user/ros2_ws/dynamic_ws/install/vi_2p/lib/pkgconfig/vi_2p.pc'
[0.398s] Level 1:colcon.colcon_core.environment:checking '/home/user/ros2_ws/dynamic_ws/install/vi_2p/lib/python3.10/site-packages'
[0.398s] Level 1:colcon.colcon_core.environment:checking '/home/user/ros2_ws/dynamic_ws/install/vi_2p/bin'
[0.398s] INFO:colcon.colcon_core.shell:Creating package script '/home/user/ros2_ws/dynamic_ws/install/vi_2p/share/vi_2p/package.ps1'
[0.399s] INFO:colcon.colcon_core.shell:Creating package descriptor '/home/user/ros2_ws/dynamic_ws/install/vi_2p/share/vi_2p/package.dsv'
[0.399s] INFO:colcon.colcon_core.shell:Creating package script '/home/user/ros2_ws/dynamic_ws/install/vi_2p/share/vi_2p/package.sh'
[0.399s] INFO:colcon.colcon_core.shell:Creating package script '/home/user/ros2_ws/dynamic_ws/install/vi_2p/share/vi_2p/package.bash'
[0.399s] INFO:colcon.colcon_core.shell:Creating package script '/home/user/ros2_ws/dynamic_ws/install/vi_2p/share/vi_2p/package.zsh'
[0.400s] Level 1:colcon.colcon_core.environment:create_file_with_runtime_dependencies(/home/user/ros2_ws/dynamic_ws/install/vi_2p/share/colcon-core/packages/vi_2p)
[0.401s] DEBUG:colcon.colcon_core.event_handler.log_command:Invoked command in '/home/user/ros2_ws/dynamic_ws/build/w10_force_sim' returned '0': CMAKE_PREFIX_PATH=/opt/openrobots:/home/user/ros2_ws/dynamic_ws/install/w10_moveit_kinematics:/home/user/ros2_ws/dynamic_ws/install/w10_kinematics:/home/user/ros2_ws/dynamic_ws/install/w10_sim:/home/user/ros2_ws/dynamic_ws/install/w10_force_sim:/home/user/ros2_ws/dynamic_ws/install/vi_2p:/home/user/ros2_ws/dynamic_ws/install/vi:/home/user/ros2_ws/dynamic_ws/install/show_urdf:/home/user/ros2_ws/dynamic_ws/install/marvin_sim:/opt/ros/humble:/home/user/ros2_ws/w10_ws/install/w10-urdf:/home/user/ros2_ws/w10_ws/install/urdf_visualization:/opt/openrobots: /usr/bin/cmake --build /home/user/ros2_ws/dynamic_ws/build/w10_force_sim -- -j32 -l32
[0.403s] Level 1:colcon.colcon_core.environment:create_environment_scripts_only(vi)
[0.403s] Level 1:colcon.colcon_core.environment:checking '/home/user/ros2_ws/dynamic_ws/install/vi' for CMake module files
[0.404s] Level 1:colcon.colcon_core.environment:checking '/home/user/ros2_ws/dynamic_ws/install/vi' for CMake config files
[0.404s] Level 1:colcon.colcon_core.shell:create_environment_hook('vi', 'cmake_prefix_path')
[0.404s] INFO:colcon.colcon_core.shell:Creating environment hook '/home/user/ros2_ws/dynamic_ws/install/vi/share/vi/hook/cmake_prefix_path.ps1'
[0.405s] INFO:colcon.colcon_core.shell:Creating environment descriptor '/home/user/ros2_ws/dynamic_ws/install/vi/share/vi/hook/cmake_prefix_path.dsv'
[0.405s] INFO:colcon.colcon_core.shell:Creating environment hook '/home/user/ros2_ws/dynamic_ws/install/vi/share/vi/hook/cmake_prefix_path.sh'
[0.406s] DEBUG:colcon.colcon_core.event_handler.log_command:Invoking command in '/home/user/ros2_ws/dynamic_ws/build/w10_force_sim': CMAKE_PREFIX_PATH=/opt/openrobots:/home/user/ros2_ws/dynamic_ws/install/w10_moveit_kinematics:/home/user/ros2_ws/dynamic_ws/install/w10_kinematics:/home/user/ros2_ws/dynamic_ws/install/w10_sim:/home/user/ros2_ws/dynamic_ws/install/w10_force_sim:/home/user/ros2_ws/dynamic_ws/install/vi_2p:/home/user/ros2_ws/dynamic_ws/install/vi:/home/user/ros2_ws/dynamic_ws/install/show_urdf:/home/user/ros2_ws/dynamic_ws/install/marvin_sim:/opt/ros/humble:/home/user/ros2_ws/w10_ws/install/w10-urdf:/home/user/ros2_ws/w10_ws/install/urdf_visualization:/opt/openrobots: /usr/bin/cmake --install /home/user/ros2_ws/dynamic_ws/build/w10_force_sim
[0.406s] Level 1:colcon.colcon_core.environment:checking '/home/user/ros2_ws/dynamic_ws/install/vi/lib'
[0.406s] DEBUG:colcon.colcon_core.event_handler.log_command:Invoked command in '/home/user/ros2_ws/dynamic_ws/build/vi' returned '0': CMAKE_PREFIX_PATH=/opt/openrobots:/home/user/ros2_ws/dynamic_ws/install/w10_moveit_kinematics:/home/user/ros2_ws/dynamic_ws/install/w10_kinematics:/home/user/ros2_ws/dynamic_ws/install/w10_sim:/home/user/ros2_ws/dynamic_ws/install/w10_force_sim:/home/user/ros2_ws/dynamic_ws/install/vi_2p:/home/user/ros2_ws/dynamic_ws/install/vi:/home/user/ros2_ws/dynamic_ws/install/show_urdf:/home/user/ros2_ws/dynamic_ws/install/marvin_sim:/opt/ros/humble:/home/user/ros2_ws/w10_ws/install/w10-urdf:/home/user/ros2_ws/w10_ws/install/urdf_visualization:/opt/openrobots: /usr/bin/cmake --install /home/user/ros2_ws/dynamic_ws/build/vi
[0.406s] Level 1:colcon.colcon_core.environment:checking '/home/user/ros2_ws/dynamic_ws/install/vi/bin'
[0.406s] Level 1:colcon.colcon_core.environment:checking '/home/user/ros2_ws/dynamic_ws/install/vi/lib/pkgconfig/vi.pc'
[0.406s] Level 1:colcon.colcon_core.environment:checking '/home/user/ros2_ws/dynamic_ws/install/vi/lib/python3.10/site-packages'
[0.407s] Level 1:colcon.colcon_core.environment:checking '/home/user/ros2_ws/dynamic_ws/install/vi/bin'
[0.407s] INFO:colcon.colcon_core.shell:Creating package script '/home/user/ros2_ws/dynamic_ws/install/vi/share/vi/package.ps1'
[0.407s] INFO:colcon.colcon_core.shell:Creating package descriptor '/home/user/ros2_ws/dynamic_ws/install/vi/share/vi/package.dsv'
[0.407s] INFO:colcon.colcon_core.shell:Creating package script '/home/user/ros2_ws/dynamic_ws/install/vi/share/vi/package.sh'
[0.407s] INFO:colcon.colcon_core.shell:Creating package script '/home/user/ros2_ws/dynamic_ws/install/vi/share/vi/package.bash'
[0.407s] INFO:colcon.colcon_core.shell:Creating package script '/home/user/ros2_ws/dynamic_ws/install/vi/share/vi/package.zsh'
[0.407s] Level 1:colcon.colcon_core.environment:create_file_with_runtime_dependencies(/home/user/ros2_ws/dynamic_ws/install/vi/share/colcon-core/packages/vi)
[0.408s] Level 1:colcon.colcon_core.environment:create_environment_scripts_only(vi)
[0.408s] Level 1:colcon.colcon_core.environment:checking '/home/user/ros2_ws/dynamic_ws/install/vi' for CMake module files
[0.408s] Level 1:colcon.colcon_core.environment:checking '/home/user/ros2_ws/dynamic_ws/install/vi' for CMake config files
[0.408s] Level 1:colcon.colcon_core.shell:create_environment_hook('vi', 'cmake_prefix_path')
[0.408s] INFO:colcon.colcon_core.shell:Creating environment hook '/home/user/ros2_ws/dynamic_ws/install/vi/share/vi/hook/cmake_prefix_path.ps1'
[0.409s] INFO:colcon.colcon_core.shell:Creating environment descriptor '/home/user/ros2_ws/dynamic_ws/install/vi/share/vi/hook/cmake_prefix_path.dsv'
[0.409s] INFO:colcon.colcon_core.shell:Creating environment hook '/home/user/ros2_ws/dynamic_ws/install/vi/share/vi/hook/cmake_prefix_path.sh'
[0.410s] Level 1:colcon.colcon_core.environment:checking '/home/user/ros2_ws/dynamic_ws/install/vi/lib'
[0.410s] Level 1:colcon.colcon_core.environment:checking '/home/user/ros2_ws/dynamic_ws/install/vi/bin'
[0.410s] Level 1:colcon.colcon_core.environment:checking '/home/user/ros2_ws/dynamic_ws/install/vi/lib/pkgconfig/vi.pc'
[0.410s] Level 1:colcon.colcon_core.environment:checking '/home/user/ros2_ws/dynamic_ws/install/vi/lib/python3.10/site-packages'
[0.411s] Level 1:colcon.colcon_core.environment:checking '/home/user/ros2_ws/dynamic_ws/install/vi/bin'
[0.411s] INFO:colcon.colcon_core.shell:Creating package script '/home/user/ros2_ws/dynamic_ws/install/vi/share/vi/package.ps1'
[0.412s] INFO:colcon.colcon_core.shell:Creating package descriptor '/home/user/ros2_ws/dynamic_ws/install/vi/share/vi/package.dsv'
[0.412s] INFO:colcon.colcon_core.shell:Creating package script '/home/user/ros2_ws/dynamic_ws/install/vi/share/vi/package.sh'
[0.412s] INFO:colcon.colcon_core.shell:Creating package script '/home/user/ros2_ws/dynamic_ws/install/vi/share/vi/package.bash'
[0.412s] INFO:colcon.colcon_core.shell:Creating package script '/home/user/ros2_ws/dynamic_ws/install/vi/share/vi/package.zsh'
[0.413s] Level 1:colcon.colcon_core.environment:create_file_with_runtime_dependencies(/home/user/ros2_ws/dynamic_ws/install/vi/share/colcon-core/packages/vi)
[0.413s] Level 1:colcon.colcon_core.environment:create_environment_scripts_only(w10_sim)
[0.413s] Level 1:colcon.colcon_core.environment:checking '/home/user/ros2_ws/dynamic_ws/install/w10_sim' for CMake module files
[0.414s] Level 1:colcon.colcon_core.environment:checking '/home/user/ros2_ws/dynamic_ws/install/w10_sim' for CMake config files
[0.414s] Level 1:colcon.colcon_core.shell:create_environment_hook('w10_sim', 'cmake_prefix_path')
[0.414s] INFO:colcon.colcon_core.shell:Creating environment hook '/home/user/ros2_ws/dynamic_ws/install/w10_sim/share/w10_sim/hook/cmake_prefix_path.ps1'
[0.415s] INFO:colcon.colcon_core.shell:Creating environment descriptor '/home/user/ros2_ws/dynamic_ws/install/w10_sim/share/w10_sim/hook/cmake_prefix_path.dsv'
[0.415s] INFO:colcon.colcon_core.shell:Creating environment hook '/home/user/ros2_ws/dynamic_ws/install/w10_sim/share/w10_sim/hook/cmake_prefix_path.sh'
[0.415s] Level 1:colcon.colcon_core.environment:checking '/home/user/ros2_ws/dynamic_ws/install/w10_sim/lib'
[0.415s] Level 1:colcon.colcon_core.environment:checking '/home/user/ros2_ws/dynamic_ws/install/w10_sim/bin'
[0.415s] Level 1:colcon.colcon_core.environment:checking '/home/user/ros2_ws/dynamic_ws/install/w10_sim/lib/pkgconfig/w10_sim.pc'
[0.415s] Level 1:colcon.colcon_core.environment:checking '/home/user/ros2_ws/dynamic_ws/install/w10_sim/lib/python3.10/site-packages'
[0.415s] Level 1:colcon.colcon_core.environment:checking '/home/user/ros2_ws/dynamic_ws/install/w10_sim/bin'
[0.416s] INFO:colcon.colcon_core.shell:Creating package script '/home/user/ros2_ws/dynamic_ws/install/w10_sim/share/w10_sim/package.ps1'
[0.416s] INFO:colcon.colcon_core.shell:Creating package descriptor '/home/user/ros2_ws/dynamic_ws/install/w10_sim/share/w10_sim/package.dsv'
[0.416s] INFO:colcon.colcon_core.shell:Creating package script '/home/user/ros2_ws/dynamic_ws/install/w10_sim/share/w10_sim/package.sh'
[0.417s] INFO:colcon.colcon_core.shell:Creating package script '/home/user/ros2_ws/dynamic_ws/install/w10_sim/share/w10_sim/package.bash'
[0.417s] INFO:colcon.colcon_core.shell:Creating package script '/home/user/ros2_ws/dynamic_ws/install/w10_sim/share/w10_sim/package.zsh'
[0.417s] Level 1:colcon.colcon_core.environment:create_file_with_runtime_dependencies(/home/user/ros2_ws/dynamic_ws/install/w10_sim/share/colcon-core/packages/w10_sim)
[0.418s] Level 1:colcon.colcon_core.environment:create_environment_scripts_only(w10_sim)
[0.418s] Level 1:colcon.colcon_core.environment:checking '/home/user/ros2_ws/dynamic_ws/install/w10_sim' for CMake module files
[0.419s] Level 1:colcon.colcon_core.environment:checking '/home/user/ros2_ws/dynamic_ws/install/w10_sim' for CMake config files
[0.420s] Level 1:colcon.colcon_core.shell:create_environment_hook('w10_sim', 'cmake_prefix_path')
[0.420s] INFO:colcon.colcon_core.shell:Creating environment hook '/home/user/ros2_ws/dynamic_ws/install/w10_sim/share/w10_sim/hook/cmake_prefix_path.ps1'
[0.420s] DEBUG:colcon.colcon_core.event_handler.log_command:Invoked command in '/home/user/ros2_ws/dynamic_ws/build/w10_sim' returned '0': CMAKE_PREFIX_PATH=/opt/openrobots:/home/user/ros2_ws/dynamic_ws/install/w10_moveit_kinematics:/home/user/ros2_ws/dynamic_ws/install/w10_kinematics:/home/user/ros2_ws/dynamic_ws/install/w10_sim:/home/user/ros2_ws/dynamic_ws/install/w10_force_sim:/home/user/ros2_ws/dynamic_ws/install/vi_2p:/home/user/ros2_ws/dynamic_ws/install/vi:/home/user/ros2_ws/dynamic_ws/install/show_urdf:/home/user/ros2_ws/dynamic_ws/install/marvin_sim:/opt/ros/humble:/home/user/ros2_ws/w10_ws/install/w10-urdf:/home/user/ros2_ws/w10_ws/install/urdf_visualization:/opt/openrobots: /usr/bin/cmake --install /home/user/ros2_ws/dynamic_ws/build/w10_sim
[0.420s] INFO:colcon.colcon_core.shell:Creating environment descriptor '/home/user/ros2_ws/dynamic_ws/install/w10_sim/share/w10_sim/hook/cmake_prefix_path.dsv'
[0.421s] INFO:colcon.colcon_core.shell:Creating environment hook '/home/user/ros2_ws/dynamic_ws/install/w10_sim/share/w10_sim/hook/cmake_prefix_path.sh'
[0.421s] Level 1:colcon.colcon_core.environment:checking '/home/user/ros2_ws/dynamic_ws/install/w10_sim/lib'
[0.421s] Level 1:colcon.colcon_core.environment:checking '/home/user/ros2_ws/dynamic_ws/install/w10_sim/bin'
[0.421s] Level 1:colcon.colcon_core.environment:checking '/home/user/ros2_ws/dynamic_ws/install/w10_sim/lib/pkgconfig/w10_sim.pc'
[0.421s] Level 1:colcon.colcon_core.environment:checking '/home/user/ros2_ws/dynamic_ws/install/w10_sim/lib/python3.10/site-packages'
[0.421s] Level 1:colcon.colcon_core.environment:checking '/home/user/ros2_ws/dynamic_ws/install/w10_sim/bin'
[0.421s] INFO:colcon.colcon_core.shell:Creating package script '/home/user/ros2_ws/dynamic_ws/install/w10_sim/share/w10_sim/package.ps1'
[0.422s] INFO:colcon.colcon_core.shell:Creating package descriptor '/home/user/ros2_ws/dynamic_ws/install/w10_sim/share/w10_sim/package.dsv'
[0.422s] INFO:colcon.colcon_core.shell:Creating package script '/home/user/ros2_ws/dynamic_ws/install/w10_sim/share/w10_sim/package.sh'
[0.423s] INFO:colcon.colcon_core.shell:Creating package script '/home/user/ros2_ws/dynamic_ws/install/w10_sim/share/w10_sim/package.bash'
[0.423s] INFO:colcon.colcon_core.shell:Creating package script '/home/user/ros2_ws/dynamic_ws/install/w10_sim/share/w10_sim/package.zsh'
[0.423s] Level 1:colcon.colcon_core.environment:create_file_with_runtime_dependencies(/home/user/ros2_ws/dynamic_ws/install/w10_sim/share/colcon-core/packages/w10_sim)
[0.423s] INFO:colcon.colcon_ros.task.ament_cmake.build:Building ROS package in '/home/user/ros2_ws/dynamic_ws/src/w10_kinematics' with build type 'ament_cmake'
[0.424s] INFO:colcon.colcon_cmake.task.cmake.build:Building CMake package in '/home/user/ros2_ws/dynamic_ws/src/w10_kinematics'
[0.424s] INFO:colcon.colcon_core.shell:Skip shell extension 'powershell' for command environment: Not usable outside of PowerShell
[0.424s] DEBUG:colcon.colcon_core.shell:Skip shell extension 'dsv' for command environment
[0.426s] INFO:colcon.colcon_ros.task.ament_cmake.build:Building ROS package in '/home/user/ros2_ws/dynamic_ws/src/w10_moveit_kinematics' with build type 'ament_cmake'
[0.426s] INFO:colcon.colcon_cmake.task.cmake.build:Building CMake package in '/home/user/ros2_ws/dynamic_ws/src/w10_moveit_kinematics'
[0.426s] INFO:colcon.colcon_core.shell:Skip shell extension 'powershell' for command environment: Not usable outside of PowerShell
[0.426s] DEBUG:colcon.colcon_core.shell:Skip shell extension 'dsv' for command environment
[0.429s] Level 1:colcon.colcon_core.environment:create_environment_scripts_only(w10_force_sim)
[0.429s] Level 1:colcon.colcon_core.environment:checking '/home/user/ros2_ws/dynamic_ws/install/w10_force_sim' for CMake module files
[0.429s] DEBUG:colcon.colcon_core.event_handler.log_command:Invoked command in '/home/user/ros2_ws/dynamic_ws/build/w10_force_sim' returned '0': CMAKE_PREFIX_PATH=/opt/openrobots:/home/user/ros2_ws/dynamic_ws/install/w10_moveit_kinematics:/home/user/ros2_ws/dynamic_ws/install/w10_kinematics:/home/user/ros2_ws/dynamic_ws/install/w10_sim:/home/user/ros2_ws/dynamic_ws/install/w10_force_sim:/home/user/ros2_ws/dynamic_ws/install/vi_2p:/home/user/ros2_ws/dynamic_ws/install/vi:/home/user/ros2_ws/dynamic_ws/install/show_urdf:/home/user/ros2_ws/dynamic_ws/install/marvin_sim:/opt/ros/humble:/home/user/ros2_ws/w10_ws/install/w10-urdf:/home/user/ros2_ws/w10_ws/install/urdf_visualization:/opt/openrobots: /usr/bin/cmake --install /home/user/ros2_ws/dynamic_ws/build/w10_force_sim
[0.430s] Level 1:colcon.colcon_core.environment:checking '/home/user/ros2_ws/dynamic_ws/install/w10_force_sim' for CMake config files
[0.430s] Level 1:colcon.colcon_core.shell:create_environment_hook('w10_force_sim', 'cmake_prefix_path')
[0.430s] INFO:colcon.colcon_core.shell:Creating environment hook '/home/user/ros2_ws/dynamic_ws/install/w10_force_sim/share/w10_force_sim/hook/cmake_prefix_path.ps1'
[0.430s] INFO:colcon.colcon_core.shell:Creating environment descriptor '/home/user/ros2_ws/dynamic_ws/install/w10_force_sim/share/w10_force_sim/hook/cmake_prefix_path.dsv'
[0.431s] INFO:colcon.colcon_core.shell:Creating environment hook '/home/user/ros2_ws/dynamic_ws/install/w10_force_sim/share/w10_force_sim/hook/cmake_prefix_path.sh'
[0.431s] Level 1:colcon.colcon_core.environment:checking '/home/user/ros2_ws/dynamic_ws/install/w10_force_sim/lib'
[0.431s] Level 1:colcon.colcon_core.environment:checking '/home/user/ros2_ws/dynamic_ws/install/w10_force_sim/bin'
[0.431s] Level 1:colcon.colcon_core.environment:checking '/home/user/ros2_ws/dynamic_ws/install/w10_force_sim/lib/pkgconfig/w10_force_sim.pc'
[0.431s] Level 1:colcon.colcon_core.environment:checking '/home/user/ros2_ws/dynamic_ws/install/w10_force_sim/lib/python3.10/site-packages'
[0.432s] Level 1:colcon.colcon_core.environment:checking '/home/user/ros2_ws/dynamic_ws/install/w10_force_sim/bin'
[0.432s] INFO:colcon.colcon_core.shell:Creating package script '/home/user/ros2_ws/dynamic_ws/install/w10_force_sim/share/w10_force_sim/package.ps1'
[0.432s] INFO:colcon.colcon_core.shell:Creating package descriptor '/home/user/ros2_ws/dynamic_ws/install/w10_force_sim/share/w10_force_sim/package.dsv'
[0.432s] INFO:colcon.colcon_core.shell:Creating package script '/home/user/ros2_ws/dynamic_ws/install/w10_force_sim/share/w10_force_sim/package.sh'
[0.433s] INFO:colcon.colcon_core.shell:Creating package script '/home/user/ros2_ws/dynamic_ws/install/w10_force_sim/share/w10_force_sim/package.bash'
[0.433s] INFO:colcon.colcon_core.shell:Creating package script '/home/user/ros2_ws/dynamic_ws/install/w10_force_sim/share/w10_force_sim/package.zsh'
[0.433s] Level 1:colcon.colcon_core.environment:create_file_with_runtime_dependencies(/home/user/ros2_ws/dynamic_ws/install/w10_force_sim/share/colcon-core/packages/w10_force_sim)
[0.433s] Level 1:colcon.colcon_core.environment:create_environment_scripts_only(w10_force_sim)
[0.434s] Level 1:colcon.colcon_core.environment:checking '/home/user/ros2_ws/dynamic_ws/install/w10_force_sim' for CMake module files
[0.434s] Level 1:colcon.colcon_core.environment:checking '/home/user/ros2_ws/dynamic_ws/install/w10_force_sim' for CMake config files
[0.434s] Level 1:colcon.colcon_core.shell:create_environment_hook('w10_force_sim', 'cmake_prefix_path')
[0.435s] INFO:colcon.colcon_core.shell:Creating environment hook '/home/user/ros2_ws/dynamic_ws/install/w10_force_sim/share/w10_force_sim/hook/cmake_prefix_path.ps1'
[0.435s] INFO:colcon.colcon_core.shell:Creating environment descriptor '/home/user/ros2_ws/dynamic_ws/install/w10_force_sim/share/w10_force_sim/hook/cmake_prefix_path.dsv'
[0.435s] INFO:colcon.colcon_core.shell:Creating environment hook '/home/user/ros2_ws/dynamic_ws/install/w10_force_sim/share/w10_force_sim/hook/cmake_prefix_path.sh'
[0.436s] Level 1:colcon.colcon_core.environment:checking '/home/user/ros2_ws/dynamic_ws/install/w10_force_sim/lib'
[0.436s] Level 1:colcon.colcon_core.environment:checking '/home/user/ros2_ws/dynamic_ws/install/w10_force_sim/bin'
[0.436s] Level 1:colcon.colcon_core.environment:checking '/home/user/ros2_ws/dynamic_ws/install/w10_force_sim/lib/pkgconfig/w10_force_sim.pc'
[0.436s] Level 1:colcon.colcon_core.environment:checking '/home/user/ros2_ws/dynamic_ws/install/w10_force_sim/lib/python3.10/site-packages'
[0.436s] Level 1:colcon.colcon_core.environment:checking '/home/user/ros2_ws/dynamic_ws/install/w10_force_sim/bin'
[0.437s] INFO:colcon.colcon_core.shell:Creating package script '/home/user/ros2_ws/dynamic_ws/install/w10_force_sim/share/w10_force_sim/package.ps1'
[0.437s] INFO:colcon.colcon_core.shell:Creating package descriptor '/home/user/ros2_ws/dynamic_ws/install/w10_force_sim/share/w10_force_sim/package.dsv'
[0.437s] INFO:colcon.colcon_core.shell:Creating package script '/home/user/ros2_ws/dynamic_ws/install/w10_force_sim/share/w10_force_sim/package.sh'
[0.438s] INFO:colcon.colcon_core.shell:Creating package script '/home/user/ros2_ws/dynamic_ws/install/w10_force_sim/share/w10_force_sim/package.bash'
[0.438s] INFO:colcon.colcon_core.shell:Creating package script '/home/user/ros2_ws/dynamic_ws/install/w10_force_sim/share/w10_force_sim/package.zsh'
[0.438s] Level 1:colcon.colcon_core.environment:create_file_with_runtime_dependencies(/home/user/ros2_ws/dynamic_ws/install/w10_force_sim/share/colcon-core/packages/w10_force_sim)
[0.442s] DEBUG:colcon.colcon_core.event_handler.log_command:Invoking command in '/home/user/ros2_ws/dynamic_ws/build/w10_kinematics': CMAKE_PREFIX_PATH=/home/user/ros2_ws/dynamic_ws/install/w10_sim:/opt/openrobots:/home/user/ros2_ws/dynamic_ws/install/w10_moveit_kinematics:/home/user/ros2_ws/dynamic_ws/install/w10_kinematics:/home/user/ros2_ws/dynamic_ws/install/w10_force_sim:/home/user/ros2_ws/dynamic_ws/install/vi_2p:/home/user/ros2_ws/dynamic_ws/install/vi:/home/user/ros2_ws/dynamic_ws/install/show_urdf:/home/user/ros2_ws/dynamic_ws/install/marvin_sim:/opt/ros/humble:/home/user/ros2_ws/w10_ws/install/w10-urdf:/home/user/ros2_ws/w10_ws/install/urdf_visualization:/opt/openrobots /usr/bin/cmake --build /home/user/ros2_ws/dynamic_ws/build/w10_kinematics -- -j32 -l32
[0.443s] DEBUG:colcon.colcon_core.event_handler.log_command:Invoking command in '/home/user/ros2_ws/dynamic_ws/build/w10_moveit_kinematics': CMAKE_PREFIX_PATH=/home/user/ros2_ws/dynamic_ws/install/w10_sim:/opt/openrobots:/home/user/ros2_ws/dynamic_ws/install/w10_moveit_kinematics:/home/user/ros2_ws/dynamic_ws/install/w10_kinematics:/home/user/ros2_ws/dynamic_ws/install/w10_force_sim:/home/user/ros2_ws/dynamic_ws/install/vi_2p:/home/user/ros2_ws/dynamic_ws/install/vi:/home/user/ros2_ws/dynamic_ws/install/show_urdf:/home/user/ros2_ws/dynamic_ws/install/marvin_sim:/opt/ros/humble:/home/user/ros2_ws/w10_ws/install/w10-urdf:/home/user/ros2_ws/w10_ws/install/urdf_visualization:/opt/openrobots /usr/bin/cmake --build /home/user/ros2_ws/dynamic_ws/build/w10_moveit_kinematics -- -j32 -l32
[0.524s] DEBUG:colcon.colcon_core.event_handler.log_command:Invoked command in '/home/user/ros2_ws/dynamic_ws/build/w10_kinematics' returned '0': CMAKE_PREFIX_PATH=/home/user/ros2_ws/dynamic_ws/install/w10_sim:/opt/openrobots:/home/user/ros2_ws/dynamic_ws/install/w10_moveit_kinematics:/home/user/ros2_ws/dynamic_ws/install/w10_kinematics:/home/user/ros2_ws/dynamic_ws/install/w10_force_sim:/home/user/ros2_ws/dynamic_ws/install/vi_2p:/home/user/ros2_ws/dynamic_ws/install/vi:/home/user/ros2_ws/dynamic_ws/install/show_urdf:/home/user/ros2_ws/dynamic_ws/install/marvin_sim:/opt/ros/humble:/home/user/ros2_ws/w10_ws/install/w10-urdf:/home/user/ros2_ws/w10_ws/install/urdf_visualization:/opt/openrobots /usr/bin/cmake --build /home/user/ros2_ws/dynamic_ws/build/w10_kinematics -- -j32 -l32
[0.524s] DEBUG:colcon.colcon_core.event_handler.log_command:Invoking command in '/home/user/ros2_ws/dynamic_ws/build/w10_kinematics': CMAKE_PREFIX_PATH=/home/user/ros2_ws/dynamic_ws/install/w10_sim:/opt/openrobots:/home/user/ros2_ws/dynamic_ws/install/w10_moveit_kinematics:/home/user/ros2_ws/dynamic_ws/install/w10_kinematics:/home/user/ros2_ws/dynamic_ws/install/w10_force_sim:/home/user/ros2_ws/dynamic_ws/install/vi_2p:/home/user/ros2_ws/dynamic_ws/install/vi:/home/user/ros2_ws/dynamic_ws/install/show_urdf:/home/user/ros2_ws/dynamic_ws/install/marvin_sim:/opt/ros/humble:/home/user/ros2_ws/w10_ws/install/w10-urdf:/home/user/ros2_ws/w10_ws/install/urdf_visualization:/opt/openrobots /usr/bin/cmake --install /home/user/ros2_ws/dynamic_ws/build/w10_kinematics
[0.534s] Level 1:colcon.colcon_core.environment:create_environment_scripts_only(w10_kinematics)
[0.534s] Level 1:colcon.colcon_core.environment:checking '/home/user/ros2_ws/dynamic_ws/install/w10_kinematics' for CMake module files
[0.535s] DEBUG:colcon.colcon_core.event_handler.log_command:Invoked command in '/home/user/ros2_ws/dynamic_ws/build/w10_kinematics' returned '0': CMAKE_PREFIX_PATH=/home/user/ros2_ws/dynamic_ws/install/w10_sim:/opt/openrobots:/home/user/ros2_ws/dynamic_ws/install/w10_moveit_kinematics:/home/user/ros2_ws/dynamic_ws/install/w10_kinematics:/home/user/ros2_ws/dynamic_ws/install/w10_force_sim:/home/user/ros2_ws/dynamic_ws/install/vi_2p:/home/user/ros2_ws/dynamic_ws/install/vi:/home/user/ros2_ws/dynamic_ws/install/show_urdf:/home/user/ros2_ws/dynamic_ws/install/marvin_sim:/opt/ros/humble:/home/user/ros2_ws/w10_ws/install/w10-urdf:/home/user/ros2_ws/w10_ws/install/urdf_visualization:/opt/openrobots /usr/bin/cmake --install /home/user/ros2_ws/dynamic_ws/build/w10_kinematics
[0.535s] Level 1:colcon.colcon_core.environment:checking '/home/user/ros2_ws/dynamic_ws/install/w10_kinematics' for CMake config files
[0.535s] Level 1:colcon.colcon_core.shell:create_environment_hook('w10_kinematics', 'cmake_prefix_path')
[0.535s] INFO:colcon.colcon_core.shell:Creating environment hook '/home/user/ros2_ws/dynamic_ws/install/w10_kinematics/share/w10_kinematics/hook/cmake_prefix_path.ps1'
[0.536s] INFO:colcon.colcon_core.shell:Creating environment descriptor '/home/user/ros2_ws/dynamic_ws/install/w10_kinematics/share/w10_kinematics/hook/cmake_prefix_path.dsv'
[0.536s] INFO:colcon.colcon_core.shell:Creating environment hook '/home/user/ros2_ws/dynamic_ws/install/w10_kinematics/share/w10_kinematics/hook/cmake_prefix_path.sh'
[0.536s] Level 1:colcon.colcon_core.environment:checking '/home/user/ros2_ws/dynamic_ws/install/w10_kinematics/lib'
[0.536s] Level 1:colcon.colcon_core.environment:checking '/home/user/ros2_ws/dynamic_ws/install/w10_kinematics/bin'
[0.536s] Level 1:colcon.colcon_core.environment:checking '/home/user/ros2_ws/dynamic_ws/install/w10_kinematics/lib/pkgconfig/w10_kinematics.pc'
[0.536s] Level 1:colcon.colcon_core.environment:checking '/home/user/ros2_ws/dynamic_ws/install/w10_kinematics/lib/python3.10/site-packages'
[0.537s] Level 1:colcon.colcon_core.environment:checking '/home/user/ros2_ws/dynamic_ws/install/w10_kinematics/bin'
[0.537s] INFO:colcon.colcon_core.shell:Creating package script '/home/user/ros2_ws/dynamic_ws/install/w10_kinematics/share/w10_kinematics/package.ps1'
[0.537s] INFO:colcon.colcon_core.shell:Creating package descriptor '/home/user/ros2_ws/dynamic_ws/install/w10_kinematics/share/w10_kinematics/package.dsv'
[0.537s] INFO:colcon.colcon_core.shell:Creating package script '/home/user/ros2_ws/dynamic_ws/install/w10_kinematics/share/w10_kinematics/package.sh'
[0.537s] INFO:colcon.colcon_core.shell:Creating package script '/home/user/ros2_ws/dynamic_ws/install/w10_kinematics/share/w10_kinematics/package.bash'
[0.537s] INFO:colcon.colcon_core.shell:Creating package script '/home/user/ros2_ws/dynamic_ws/install/w10_kinematics/share/w10_kinematics/package.zsh'
[0.538s] Level 1:colcon.colcon_core.environment:create_file_with_runtime_dependencies(/home/user/ros2_ws/dynamic_ws/install/w10_kinematics/share/colcon-core/packages/w10_kinematics)
[0.538s] Level 1:colcon.colcon_core.environment:create_environment_scripts_only(w10_kinematics)
[0.538s] Level 1:colcon.colcon_core.environment:checking '/home/user/ros2_ws/dynamic_ws/install/w10_kinematics' for CMake module files
[0.538s] Level 1:colcon.colcon_core.environment:checking '/home/user/ros2_ws/dynamic_ws/install/w10_kinematics' for CMake config files
[0.538s] Level 1:colcon.colcon_core.shell:create_environment_hook('w10_kinematics', 'cmake_prefix_path')
[0.538s] INFO:colcon.colcon_core.shell:Creating environment hook '/home/user/ros2_ws/dynamic_ws/install/w10_kinematics/share/w10_kinematics/hook/cmake_prefix_path.ps1'
[0.539s] INFO:colcon.colcon_core.shell:Creating environment descriptor '/home/user/ros2_ws/dynamic_ws/install/w10_kinematics/share/w10_kinematics/hook/cmake_prefix_path.dsv'
[0.539s] INFO:colcon.colcon_core.shell:Creating environment hook '/home/user/ros2_ws/dynamic_ws/install/w10_kinematics/share/w10_kinematics/hook/cmake_prefix_path.sh'
[0.539s] Level 1:colcon.colcon_core.environment:checking '/home/user/ros2_ws/dynamic_ws/install/w10_kinematics/lib'
[0.539s] Level 1:colcon.colcon_core.environment:checking '/home/user/ros2_ws/dynamic_ws/install/w10_kinematics/bin'
[0.539s] Level 1:colcon.colcon_core.environment:checking '/home/user/ros2_ws/dynamic_ws/install/w10_kinematics/lib/pkgconfig/w10_kinematics.pc'
[0.539s] Level 1:colcon.colcon_core.environment:checking '/home/user/ros2_ws/dynamic_ws/install/w10_kinematics/lib/python3.10/site-packages'
[0.539s] Level 1:colcon.colcon_core.environment:checking '/home/user/ros2_ws/dynamic_ws/install/w10_kinematics/bin'
[0.539s] INFO:colcon.colcon_core.shell:Creating package script '/home/user/ros2_ws/dynamic_ws/install/w10_kinematics/share/w10_kinematics/package.ps1'
[0.540s] INFO:colcon.colcon_core.shell:Creating package descriptor '/home/user/ros2_ws/dynamic_ws/install/w10_kinematics/share/w10_kinematics/package.dsv'
[0.540s] INFO:colcon.colcon_core.shell:Creating package script '/home/user/ros2_ws/dynamic_ws/install/w10_kinematics/share/w10_kinematics/package.sh'
[0.540s] INFO:colcon.colcon_core.shell:Creating package script '/home/user/ros2_ws/dynamic_ws/install/w10_kinematics/share/w10_kinematics/package.bash'
[0.541s] INFO:colcon.colcon_core.shell:Creating package script '/home/user/ros2_ws/dynamic_ws/install/w10_kinematics/share/w10_kinematics/package.zsh'
[0.541s] Level 1:colcon.colcon_core.environment:create_file_with_runtime_dependencies(/home/user/ros2_ws/dynamic_ws/install/w10_kinematics/share/colcon-core/packages/w10_kinematics)
[0.678s] DEBUG:colcon.colcon_core.event_handler.log_command:Invoked command in '/home/user/ros2_ws/dynamic_ws/build/w10_moveit_kinematics' returned '0': CMAKE_PREFIX_PATH=/home/user/ros2_ws/dynamic_ws/install/w10_sim:/opt/openrobots:/home/user/ros2_ws/dynamic_ws/install/w10_moveit_kinematics:/home/user/ros2_ws/dynamic_ws/install/w10_kinematics:/home/user/ros2_ws/dynamic_ws/install/w10_force_sim:/home/user/ros2_ws/dynamic_ws/install/vi_2p:/home/user/ros2_ws/dynamic_ws/install/vi:/home/user/ros2_ws/dynamic_ws/install/show_urdf:/home/user/ros2_ws/dynamic_ws/install/marvin_sim:/opt/ros/humble:/home/user/ros2_ws/w10_ws/install/w10-urdf:/home/user/ros2_ws/w10_ws/install/urdf_visualization:/opt/openrobots /usr/bin/cmake --build /home/user/ros2_ws/dynamic_ws/build/w10_moveit_kinematics -- -j32 -l32
[0.680s] DEBUG:colcon.colcon_core.event_handler.log_command:Invoking command in '/home/user/ros2_ws/dynamic_ws/build/w10_moveit_kinematics': CMAKE_PREFIX_PATH=/home/user/ros2_ws/dynamic_ws/install/w10_sim:/opt/openrobots:/home/user/ros2_ws/dynamic_ws/install/w10_moveit_kinematics:/home/user/ros2_ws/dynamic_ws/install/w10_kinematics:/home/user/ros2_ws/dynamic_ws/install/w10_force_sim:/home/user/ros2_ws/dynamic_ws/install/vi_2p:/home/user/ros2_ws/dynamic_ws/install/vi:/home/user/ros2_ws/dynamic_ws/install/show_urdf:/home/user/ros2_ws/dynamic_ws/install/marvin_sim:/opt/ros/humble:/home/user/ros2_ws/w10_ws/install/w10-urdf:/home/user/ros2_ws/w10_ws/install/urdf_visualization:/opt/openrobots /usr/bin/cmake --install /home/user/ros2_ws/dynamic_ws/build/w10_moveit_kinematics
[0.727s] Level 1:colcon.colcon_core.environment:create_environment_scripts_only(w10_moveit_kinematics)
[0.727s] Level 1:colcon.colcon_core.environment:checking '/home/user/ros2_ws/dynamic_ws/install/w10_moveit_kinematics' for CMake module files
[0.727s] DEBUG:colcon.colcon_core.event_handler.log_command:Invoked command in '/home/user/ros2_ws/dynamic_ws/build/w10_moveit_kinematics' returned '0': CMAKE_PREFIX_PATH=/home/user/ros2_ws/dynamic_ws/install/w10_sim:/opt/openrobots:/home/user/ros2_ws/dynamic_ws/install/w10_moveit_kinematics:/home/user/ros2_ws/dynamic_ws/install/w10_kinematics:/home/user/ros2_ws/dynamic_ws/install/w10_force_sim:/home/user/ros2_ws/dynamic_ws/install/vi_2p:/home/user/ros2_ws/dynamic_ws/install/vi:/home/user/ros2_ws/dynamic_ws/install/show_urdf:/home/user/ros2_ws/dynamic_ws/install/marvin_sim:/opt/ros/humble:/home/user/ros2_ws/w10_ws/install/w10-urdf:/home/user/ros2_ws/w10_ws/install/urdf_visualization:/opt/openrobots /usr/bin/cmake --install /home/user/ros2_ws/dynamic_ws/build/w10_moveit_kinematics
[0.728s] Level 1:colcon.colcon_core.environment:checking '/home/user/ros2_ws/dynamic_ws/install/w10_moveit_kinematics' for CMake config files
[0.728s] Level 1:colcon.colcon_core.shell:create_environment_hook('w10_moveit_kinematics', 'cmake_prefix_path')
[0.728s] INFO:colcon.colcon_core.shell:Creating environment hook '/home/user/ros2_ws/dynamic_ws/install/w10_moveit_kinematics/share/w10_moveit_kinematics/hook/cmake_prefix_path.ps1'
[0.729s] INFO:colcon.colcon_core.shell:Creating environment descriptor '/home/user/ros2_ws/dynamic_ws/install/w10_moveit_kinematics/share/w10_moveit_kinematics/hook/cmake_prefix_path.dsv'
[0.729s] INFO:colcon.colcon_core.shell:Creating environment hook '/home/user/ros2_ws/dynamic_ws/install/w10_moveit_kinematics/share/w10_moveit_kinematics/hook/cmake_prefix_path.sh'
[0.730s] Level 1:colcon.colcon_core.environment:checking '/home/user/ros2_ws/dynamic_ws/install/w10_moveit_kinematics/lib'
[0.730s] Level 1:colcon.colcon_core.environment:checking '/home/user/ros2_ws/dynamic_ws/install/w10_moveit_kinematics/bin'
[0.730s] Level 1:colcon.colcon_core.environment:checking '/home/user/ros2_ws/dynamic_ws/install/w10_moveit_kinematics/lib/pkgconfig/w10_moveit_kinematics.pc'
[0.730s] Level 1:colcon.colcon_core.environment:checking '/home/user/ros2_ws/dynamic_ws/install/w10_moveit_kinematics/lib/python3.10/site-packages'
[0.730s] Level 1:colcon.colcon_core.environment:checking '/home/user/ros2_ws/dynamic_ws/install/w10_moveit_kinematics/bin'
[0.730s] INFO:colcon.colcon_core.shell:Creating package script '/home/user/ros2_ws/dynamic_ws/install/w10_moveit_kinematics/share/w10_moveit_kinematics/package.ps1'
[0.731s] INFO:colcon.colcon_core.shell:Creating package descriptor '/home/user/ros2_ws/dynamic_ws/install/w10_moveit_kinematics/share/w10_moveit_kinematics/package.dsv'
[0.731s] INFO:colcon.colcon_core.shell:Creating package script '/home/user/ros2_ws/dynamic_ws/install/w10_moveit_kinematics/share/w10_moveit_kinematics/package.sh'
[0.731s] INFO:colcon.colcon_core.shell:Creating package script '/home/user/ros2_ws/dynamic_ws/install/w10_moveit_kinematics/share/w10_moveit_kinematics/package.bash'
[0.732s] INFO:colcon.colcon_core.shell:Creating package script '/home/user/ros2_ws/dynamic_ws/install/w10_moveit_kinematics/share/w10_moveit_kinematics/package.zsh'
[0.732s] Level 1:colcon.colcon_core.environment:create_file_with_runtime_dependencies(/home/user/ros2_ws/dynamic_ws/install/w10_moveit_kinematics/share/colcon-core/packages/w10_moveit_kinematics)
[0.732s] Level 1:colcon.colcon_core.environment:create_environment_scripts_only(w10_moveit_kinematics)
[0.732s] Level 1:colcon.colcon_core.environment:checking '/home/user/ros2_ws/dynamic_ws/install/w10_moveit_kinematics' for CMake module files
[0.733s] Level 1:colcon.colcon_core.environment:checking '/home/user/ros2_ws/dynamic_ws/install/w10_moveit_kinematics' for CMake config files
[0.733s] Level 1:colcon.colcon_core.shell:create_environment_hook('w10_moveit_kinematics', 'cmake_prefix_path')
[0.733s] INFO:colcon.colcon_core.shell:Creating environment hook '/home/user/ros2_ws/dynamic_ws/install/w10_moveit_kinematics/share/w10_moveit_kinematics/hook/cmake_prefix_path.ps1'
[0.733s] INFO:colcon.colcon_core.shell:Creating environment descriptor '/home/user/ros2_ws/dynamic_ws/install/w10_moveit_kinematics/share/w10_moveit_kinematics/hook/cmake_prefix_path.dsv'
[0.733s] INFO:colcon.colcon_core.shell:Creating environment hook '/home/user/ros2_ws/dynamic_ws/install/w10_moveit_kinematics/share/w10_moveit_kinematics/hook/cmake_prefix_path.sh'
[0.733s] Level 1:colcon.colcon_core.environment:checking '/home/user/ros2_ws/dynamic_ws/install/w10_moveit_kinematics/lib'
[0.734s] Level 1:colcon.colcon_core.environment:checking '/home/user/ros2_ws/dynamic_ws/install/w10_moveit_kinematics/bin'
[0.734s] Level 1:colcon.colcon_core.environment:checking '/home/user/ros2_ws/dynamic_ws/install/w10_moveit_kinematics/lib/pkgconfig/w10_moveit_kinematics.pc'
[0.734s] Level 1:colcon.colcon_core.environment:checking '/home/user/ros2_ws/dynamic_ws/install/w10_moveit_kinematics/lib/python3.10/site-packages'
[0.734s] Level 1:colcon.colcon_core.environment:checking '/home/user/ros2_ws/dynamic_ws/install/w10_moveit_kinematics/bin'
[0.734s] INFO:colcon.colcon_core.shell:Creating package script '/home/user/ros2_ws/dynamic_ws/install/w10_moveit_kinematics/share/w10_moveit_kinematics/package.ps1'
[0.734s] INFO:colcon.colcon_core.shell:Creating package descriptor '/home/user/ros2_ws/dynamic_ws/install/w10_moveit_kinematics/share/w10_moveit_kinematics/package.dsv'
[0.734s] INFO:colcon.colcon_core.shell:Creating package script '/home/user/ros2_ws/dynamic_ws/install/w10_moveit_kinematics/share/w10_moveit_kinematics/package.sh'
[0.734s] INFO:colcon.colcon_core.shell:Creating package script '/home/user/ros2_ws/dynamic_ws/install/w10_moveit_kinematics/share/w10_moveit_kinematics/package.bash'
[0.735s] INFO:colcon.colcon_core.shell:Creating package script '/home/user/ros2_ws/dynamic_ws/install/w10_moveit_kinematics/share/w10_moveit_kinematics/package.zsh'
[0.735s] Level 1:colcon.colcon_core.environment:create_file_with_runtime_dependencies(/home/user/ros2_ws/dynamic_ws/install/w10_moveit_kinematics/share/colcon-core/packages/w10_moveit_kinematics)
[106.537s] DEBUG:colcon.colcon_core.event_handler.log_command:Invoked command in '/home/user/ros2_ws/dynamic_ws/build/marvin_sim' returned '0': CMAKE_PREFIX_PATH=/opt/openrobots:/home/user/ros2_ws/dynamic_ws/install/w10_moveit_kinematics:/home/user/ros2_ws/dynamic_ws/install/w10_kinematics:/home/user/ros2_ws/dynamic_ws/install/w10_sim:/home/user/ros2_ws/dynamic_ws/install/w10_force_sim:/home/user/ros2_ws/dynamic_ws/install/vi_2p:/home/user/ros2_ws/dynamic_ws/install/vi:/home/user/ros2_ws/dynamic_ws/install/show_urdf:/home/user/ros2_ws/dynamic_ws/install/marvin_sim:/opt/ros/humble:/home/user/ros2_ws/w10_ws/install/w10-urdf:/home/user/ros2_ws/w10_ws/install/urdf_visualization:/opt/openrobots: /usr/bin/cmake --build /home/user/ros2_ws/dynamic_ws/build/marvin_sim -- -j32 -l32
[106.538s] DEBUG:colcon.colcon_core.event_handler.log_command:Invoking command in '/home/user/ros2_ws/dynamic_ws/build/marvin_sim': CMAKE_PREFIX_PATH=/opt/openrobots:/home/user/ros2_ws/dynamic_ws/install/w10_moveit_kinematics:/home/user/ros2_ws/dynamic_ws/install/w10_kinematics:/home/user/ros2_ws/dynamic_ws/install/w10_sim:/home/user/ros2_ws/dynamic_ws/install/w10_force_sim:/home/user/ros2_ws/dynamic_ws/install/vi_2p:/home/user/ros2_ws/dynamic_ws/install/vi:/home/user/ros2_ws/dynamic_ws/install/show_urdf:/home/user/ros2_ws/dynamic_ws/install/marvin_sim:/opt/ros/humble:/home/user/ros2_ws/w10_ws/install/w10-urdf:/home/user/ros2_ws/w10_ws/install/urdf_visualization:/opt/openrobots: /usr/bin/cmake --install /home/user/ros2_ws/dynamic_ws/build/marvin_sim
[106.575s] Level 1:colcon.colcon_core.environment:create_environment_scripts_only(marvin_sim)
[106.576s] Level 1:colcon.colcon_core.environment:checking '/home/user/ros2_ws/dynamic_ws/install/marvin_sim' for CMake module files
[106.576s] DEBUG:colcon.colcon_core.event_handler.log_command:Invoked command in '/home/user/ros2_ws/dynamic_ws/build/marvin_sim' returned '0': CMAKE_PREFIX_PATH=/opt/openrobots:/home/user/ros2_ws/dynamic_ws/install/w10_moveit_kinematics:/home/user/ros2_ws/dynamic_ws/install/w10_kinematics:/home/user/ros2_ws/dynamic_ws/install/w10_sim:/home/user/ros2_ws/dynamic_ws/install/w10_force_sim:/home/user/ros2_ws/dynamic_ws/install/vi_2p:/home/user/ros2_ws/dynamic_ws/install/vi:/home/user/ros2_ws/dynamic_ws/install/show_urdf:/home/user/ros2_ws/dynamic_ws/install/marvin_sim:/opt/ros/humble:/home/user/ros2_ws/w10_ws/install/w10-urdf:/home/user/ros2_ws/w10_ws/install/urdf_visualization:/opt/openrobots: /usr/bin/cmake --install /home/user/ros2_ws/dynamic_ws/build/marvin_sim
[106.576s] Level 1:colcon.colcon_core.environment:checking '/home/user/ros2_ws/dynamic_ws/install/marvin_sim' for CMake config files
[106.577s] Level 1:colcon.colcon_core.shell:create_environment_hook('marvin_sim', 'cmake_prefix_path')
[106.577s] INFO:colcon.colcon_core.shell:Creating environment hook '/home/user/ros2_ws/dynamic_ws/install/marvin_sim/share/marvin_sim/hook/cmake_prefix_path.ps1'
[106.577s] INFO:colcon.colcon_core.shell:Creating environment descriptor '/home/user/ros2_ws/dynamic_ws/install/marvin_sim/share/marvin_sim/hook/cmake_prefix_path.dsv'
[106.577s] INFO:colcon.colcon_core.shell:Creating environment hook '/home/user/ros2_ws/dynamic_ws/install/marvin_sim/share/marvin_sim/hook/cmake_prefix_path.sh'
[106.577s] Level 1:colcon.colcon_core.environment:checking '/home/user/ros2_ws/dynamic_ws/install/marvin_sim/lib'
[106.577s] Level 1:colcon.colcon_core.environment:checking '/home/user/ros2_ws/dynamic_ws/install/marvin_sim/bin'
[106.577s] Level 1:colcon.colcon_core.environment:checking '/home/user/ros2_ws/dynamic_ws/install/marvin_sim/lib/pkgconfig/marvin_sim.pc'
[106.578s] Level 1:colcon.colcon_core.environment:checking '/home/user/ros2_ws/dynamic_ws/install/marvin_sim/lib/python3.10/site-packages'
[106.578s] Level 1:colcon.colcon_core.environment:checking '/home/user/ros2_ws/dynamic_ws/install/marvin_sim/bin'
[106.578s] INFO:colcon.colcon_core.shell:Creating package script '/home/user/ros2_ws/dynamic_ws/install/marvin_sim/share/marvin_sim/package.ps1'
[106.578s] INFO:colcon.colcon_core.shell:Creating package descriptor '/home/user/ros2_ws/dynamic_ws/install/marvin_sim/share/marvin_sim/package.dsv'
[106.578s] INFO:colcon.colcon_core.shell:Creating package script '/home/user/ros2_ws/dynamic_ws/install/marvin_sim/share/marvin_sim/package.sh'
[106.578s] INFO:colcon.colcon_core.shell:Creating package script '/home/user/ros2_ws/dynamic_ws/install/marvin_sim/share/marvin_sim/package.bash'
[106.579s] INFO:colcon.colcon_core.shell:Creating package script '/home/user/ros2_ws/dynamic_ws/install/marvin_sim/share/marvin_sim/package.zsh'
[106.579s] Level 1:colcon.colcon_core.environment:create_file_with_runtime_dependencies(/home/user/ros2_ws/dynamic_ws/install/marvin_sim/share/colcon-core/packages/marvin_sim)
[106.579s] Level 1:colcon.colcon_core.environment:create_environment_scripts_only(marvin_sim)
[106.579s] Level 1:colcon.colcon_core.environment:checking '/home/user/ros2_ws/dynamic_ws/install/marvin_sim' for CMake module files
[106.579s] Level 1:colcon.colcon_core.environment:checking '/home/user/ros2_ws/dynamic_ws/install/marvin_sim' for CMake config files
[106.580s] Level 1:colcon.colcon_core.shell:create_environment_hook('marvin_sim', 'cmake_prefix_path')
[106.580s] INFO:colcon.colcon_core.shell:Creating environment hook '/home/user/ros2_ws/dynamic_ws/install/marvin_sim/share/marvin_sim/hook/cmake_prefix_path.ps1'
[106.580s] INFO:colcon.colcon_core.shell:Creating environment descriptor '/home/user/ros2_ws/dynamic_ws/install/marvin_sim/share/marvin_sim/hook/cmake_prefix_path.dsv'
[106.580s] INFO:colcon.colcon_core.shell:Creating environment hook '/home/user/ros2_ws/dynamic_ws/install/marvin_sim/share/marvin_sim/hook/cmake_prefix_path.sh'
[106.580s] Level 1:colcon.colcon_core.environment:checking '/home/user/ros2_ws/dynamic_ws/install/marvin_sim/lib'
[106.580s] Level 1:colcon.colcon_core.environment:checking '/home/user/ros2_ws/dynamic_ws/install/marvin_sim/bin'
[106.580s] Level 1:colcon.colcon_core.environment:checking '/home/user/ros2_ws/dynamic_ws/install/marvin_sim/lib/pkgconfig/marvin_sim.pc'
[106.581s] Level 1:colcon.colcon_core.environment:checking '/home/user/ros2_ws/dynamic_ws/install/marvin_sim/lib/python3.10/site-packages'
[106.581s] Level 1:colcon.colcon_core.environment:checking '/home/user/ros2_ws/dynamic_ws/install/marvin_sim/bin'
[106.581s] INFO:colcon.colcon_core.shell:Creating package script '/home/user/ros2_ws/dynamic_ws/install/marvin_sim/share/marvin_sim/package.ps1'
[106.581s] INFO:colcon.colcon_core.shell:Creating package descriptor '/home/user/ros2_ws/dynamic_ws/install/marvin_sim/share/marvin_sim/package.dsv'
[106.581s] INFO:colcon.colcon_core.shell:Creating package script '/home/user/ros2_ws/dynamic_ws/install/marvin_sim/share/marvin_sim/package.sh'
[106.581s] INFO:colcon.colcon_core.shell:Creating package script '/home/user/ros2_ws/dynamic_ws/install/marvin_sim/share/marvin_sim/package.bash'
[106.582s] INFO:colcon.colcon_core.shell:Creating package script '/home/user/ros2_ws/dynamic_ws/install/marvin_sim/share/marvin_sim/package.zsh'
[106.582s] Level 1:colcon.colcon_core.environment:create_file_with_runtime_dependencies(/home/user/ros2_ws/dynamic_ws/install/marvin_sim/share/colcon-core/packages/marvin_sim)
[106.582s] DEBUG:colcon.colcon_parallel_executor.executor.parallel:closing loop
[106.582s] DEBUG:colcon.colcon_parallel_executor.executor.parallel:loop closed
[106.582s] DEBUG:colcon.colcon_parallel_executor.executor.parallel:run_until_complete finished with '0'
[106.582s] DEBUG:colcon.colcon_core.event_reactor:joining thread
[106.585s] INFO:colcon.colcon_core.plugin_system:Skipping extension 'colcon_notification.desktop_notification.terminal_notifier': Not used on non-Darwin systems
[106.586s] INFO:colcon.colcon_core.plugin_system:Skipping extension 'colcon_notification.desktop_notification.win32': Not used on non-Windows systems
[106.586s] INFO:colcon.colcon_notification.desktop_notification:Sending desktop notification using 'notify2'
[106.588s] DEBUG:colcon.colcon_core.event_reactor:joined thread
[106.588s] INFO:colcon.colcon_core.shell:Creating prefix script '/home/user/ros2_ws/dynamic_ws/install/local_setup.ps1'
[106.589s] INFO:colcon.colcon_core.shell:Creating prefix util module '/home/user/ros2_ws/dynamic_ws/install/_local_setup_util_ps1.py'
[106.589s] INFO:colcon.colcon_core.shell:Creating prefix chain script '/home/user/ros2_ws/dynamic_ws/install/setup.ps1'
[106.590s] INFO:colcon.colcon_core.shell:Creating prefix script '/home/user/ros2_ws/dynamic_ws/install/local_setup.sh'
[106.590s] INFO:colcon.colcon_core.shell:Creating prefix util module '/home/user/ros2_ws/dynamic_ws/install/_local_setup_util_sh.py'
[106.590s] INFO:colcon.colcon_core.shell:Creating prefix chain script '/home/user/ros2_ws/dynamic_ws/install/setup.sh'
[106.591s] INFO:colcon.colcon_core.shell:Creating prefix script '/home/user/ros2_ws/dynamic_ws/install/local_setup.bash'
[106.591s] INFO:colcon.colcon_core.shell:Creating prefix chain script '/home/user/ros2_ws/dynamic_ws/install/setup.bash'
[106.592s] INFO:colcon.colcon_core.shell:Creating prefix script '/home/user/ros2_ws/dynamic_ws/install/local_setup.zsh'
[106.592s] INFO:colcon.colcon_core.shell:Creating prefix chain script '/home/user/ros2_ws/dynamic_ws/install/setup.zsh'
