[0.076s] DEBUG:colcon:Command line arguments: ['/usr/bin/colcon', 'build']
[0.076s] DEBUG:colcon:Parsed command line arguments: Namespace(log_base=None, log_level=None, verb_name='build', build_base='build', install_base='install', merge_install=False, symlink_install=False, test_result_base=None, continue_on_error=False, executor='parallel', parallel_workers=32, event_handlers=None, ignore_user_meta=False, metas=['./colcon.meta'], base_paths=['.'], packages_ignore=None, packages_ignore_regex=None, paths=None, packages_up_to=None, packages_up_to_regex=None, packages_above=None, packages_above_and_dependencies=None, packages_above_depth=None, packages_select_by_dep=None, packages_skip_by_dep=None, packages_skip_up_to=None, packages_select_build_failed=False, packages_skip_build_finished=False, packages_select_test_failures=False, packages_skip_test_passed=False, packages_select=None, packages_skip=None, packages_select_regex=None, packages_skip_regex=None, packages_start=None, packages_end=None, allow_overriding=[], cmake_args=None, cmake_target=None, cmake_target_skip_unavailable=False, cmake_clean_cache=False, cmake_clean_first=False, cmake_force_configure=False, ament_cmake_args=None, catkin_cmake_args=None, catkin_skip_building_tests=False, verb_parser=<colcon_defaults.argument_parser.defaults.DefaultArgumentsDecorator object at 0x7e5f64013c10>, verb_extension=<colcon_core.verb.build.BuildVerb object at 0x7e5f641c0fd0>, main=<bound method BuildVerb.main of <colcon_core.verb.build.BuildVerb object at 0x7e5f641c0fd0>>)
[0.165s] Level 1:colcon.colcon_core.package_discovery:discover_packages(colcon_meta) check parameters
[0.166s] Level 1:colcon.colcon_core.package_discovery:discover_packages(recursive) check parameters
[0.166s] Level 1:colcon.colcon_core.package_discovery:discover_packages(ignore) check parameters
[0.166s] Level 1:colcon.colcon_core.package_discovery:discover_packages(path) check parameters
[0.166s] Level 1:colcon.colcon_core.package_discovery:discover_packages(colcon_meta) discover
[0.166s] Level 1:colcon.colcon_core.package_discovery:discover_packages(recursive) discover
[0.166s] INFO:colcon.colcon_core.package_discovery:Crawling recursively for packages in '/home/user/ros2_ws/dynamic_ws'
[0.166s] Level 1:colcon.colcon_core.package_identification:_identify(.) by extensions ['ignore', 'ignore_ament_install']
[0.166s] Level 1:colcon.colcon_core.package_identification:_identify(.) by extension 'ignore'
[0.166s] Level 1:colcon.colcon_core.package_identification:_identify(.) by extension 'ignore_ament_install'
[0.166s] Level 1:colcon.colcon_core.package_identification:_identify(.) by extensions ['colcon_pkg']
[0.166s] Level 1:colcon.colcon_core.package_identification:_identify(.) by extension 'colcon_pkg'
[0.166s] Level 1:colcon.colcon_core.package_identification:_identify(.) by extensions ['colcon_meta']
[0.166s] Level 1:colcon.colcon_core.package_identification:_identify(.) by extension 'colcon_meta'
[0.166s] Level 1:colcon.colcon_core.package_identification:_identify(.) by extensions ['ros']
[0.166s] Level 1:colcon.colcon_core.package_identification:_identify(.) by extension 'ros'
[0.172s] Level 1:colcon.colcon_core.package_identification:_identify(.) by extensions ['cmake', 'python']
[0.173s] Level 1:colcon.colcon_core.package_identification:_identify(.) by extension 'cmake'
[0.173s] Level 1:colcon.colcon_core.package_identification:_identify(.) by extension 'python'
[0.173s] Level 1:colcon.colcon_core.package_identification:_identify(.) by extensions ['python_setup_py']
[0.173s] Level 1:colcon.colcon_core.package_identification:_identify(.) by extension 'python_setup_py'
[0.173s] Level 1:colcon.colcon_core.package_identification:_identify(build) by extensions ['ignore', 'ignore_ament_install']
[0.173s] Level 1:colcon.colcon_core.package_identification:_identify(build) by extension 'ignore'
[0.173s] Level 1:colcon.colcon_core.package_identification:_identify(build) ignored
[0.173s] Level 1:colcon.colcon_core.package_identification:_identify(install) by extensions ['ignore', 'ignore_ament_install']
[0.173s] Level 1:colcon.colcon_core.package_identification:_identify(install) by extension 'ignore'
[0.173s] Level 1:colcon.colcon_core.package_identification:_identify(install) ignored
[0.173s] Level 1:colcon.colcon_core.package_identification:_identify(log) by extensions ['ignore', 'ignore_ament_install']
[0.173s] Level 1:colcon.colcon_core.package_identification:_identify(log) by extension 'ignore'
[0.173s] Level 1:colcon.colcon_core.package_identification:_identify(log) ignored
[0.173s] Level 1:colcon.colcon_core.package_identification:_identify(src) by extensions ['ignore', 'ignore_ament_install']
[0.173s] Level 1:colcon.colcon_core.package_identification:_identify(src) by extension 'ignore'
[0.173s] Level 1:colcon.colcon_core.package_identification:_identify(src) by extension 'ignore_ament_install'
[0.173s] Level 1:colcon.colcon_core.package_identification:_identify(src) by extensions ['colcon_pkg']
[0.173s] Level 1:colcon.colcon_core.package_identification:_identify(src) by extension 'colcon_pkg'
[0.173s] Level 1:colcon.colcon_core.package_identification:_identify(src) by extensions ['colcon_meta']
[0.173s] Level 1:colcon.colcon_core.package_identification:_identify(src) by extension 'colcon_meta'
[0.173s] Level 1:colcon.colcon_core.package_identification:_identify(src) by extensions ['ros']
[0.173s] Level 1:colcon.colcon_core.package_identification:_identify(src) by extension 'ros'
[0.173s] Level 1:colcon.colcon_core.package_identification:_identify(src) by extensions ['cmake', 'python']
[0.173s] Level 1:colcon.colcon_core.package_identification:_identify(src) by extension 'cmake'
[0.173s] Level 1:colcon.colcon_core.package_identification:_identify(src) by extension 'python'
[0.173s] Level 1:colcon.colcon_core.package_identification:_identify(src) by extensions ['python_setup_py']
[0.173s] Level 1:colcon.colcon_core.package_identification:_identify(src) by extension 'python_setup_py'
[0.173s] Level 1:colcon.colcon_core.package_identification:_identify(src/marvin_sim) by extensions ['ignore', 'ignore_ament_install']
[0.173s] Level 1:colcon.colcon_core.package_identification:_identify(src/marvin_sim) by extension 'ignore'
[0.173s] Level 1:colcon.colcon_core.package_identification:_identify(src/marvin_sim) by extension 'ignore_ament_install'
[0.173s] Level 1:colcon.colcon_core.package_identification:_identify(src/marvin_sim) by extensions ['colcon_pkg']
[0.173s] Level 1:colcon.colcon_core.package_identification:_identify(src/marvin_sim) by extension 'colcon_pkg'
[0.173s] Level 1:colcon.colcon_core.package_identification:_identify(src/marvin_sim) by extensions ['colcon_meta']
[0.173s] Level 1:colcon.colcon_core.package_identification:_identify(src/marvin_sim) by extension 'colcon_meta'
[0.173s] Level 1:colcon.colcon_core.package_identification:_identify(src/marvin_sim) by extensions ['ros']
[0.173s] Level 1:colcon.colcon_core.package_identification:_identify(src/marvin_sim) by extension 'ros'
[0.175s] DEBUG:colcon.colcon_core.package_identification:Package 'src/marvin_sim' with type 'ros.ament_cmake' and name 'marvin_sim'
[0.175s] Level 1:colcon.colcon_core.package_identification:_identify(src/show_urdf) by extensions ['ignore', 'ignore_ament_install']
[0.175s] Level 1:colcon.colcon_core.package_identification:_identify(src/show_urdf) by extension 'ignore'
[0.175s] Level 1:colcon.colcon_core.package_identification:_identify(src/show_urdf) by extension 'ignore_ament_install'
[0.175s] Level 1:colcon.colcon_core.package_identification:_identify(src/show_urdf) by extensions ['colcon_pkg']
[0.175s] Level 1:colcon.colcon_core.package_identification:_identify(src/show_urdf) by extension 'colcon_pkg'
[0.175s] Level 1:colcon.colcon_core.package_identification:_identify(src/show_urdf) by extensions ['colcon_meta']
[0.175s] Level 1:colcon.colcon_core.package_identification:_identify(src/show_urdf) by extension 'colcon_meta'
[0.175s] Level 1:colcon.colcon_core.package_identification:_identify(src/show_urdf) by extensions ['ros']
[0.175s] Level 1:colcon.colcon_core.package_identification:_identify(src/show_urdf) by extension 'ros'
[0.176s] DEBUG:colcon.colcon_core.package_identification:Package 'src/show_urdf' with type 'ros.ament_cmake' and name 'show_urdf'
[0.176s] Level 1:colcon.colcon_core.package_identification:_identify(src/vi) by extensions ['ignore', 'ignore_ament_install']
[0.176s] Level 1:colcon.colcon_core.package_identification:_identify(src/vi) by extension 'ignore'
[0.176s] Level 1:colcon.colcon_core.package_identification:_identify(src/vi) by extension 'ignore_ament_install'
[0.176s] Level 1:colcon.colcon_core.package_identification:_identify(src/vi) by extensions ['colcon_pkg']
[0.176s] Level 1:colcon.colcon_core.package_identification:_identify(src/vi) by extension 'colcon_pkg'
[0.176s] Level 1:colcon.colcon_core.package_identification:_identify(src/vi) by extensions ['colcon_meta']
[0.176s] Level 1:colcon.colcon_core.package_identification:_identify(src/vi) by extension 'colcon_meta'
[0.176s] Level 1:colcon.colcon_core.package_identification:_identify(src/vi) by extensions ['ros']
[0.176s] Level 1:colcon.colcon_core.package_identification:_identify(src/vi) by extension 'ros'
[0.176s] DEBUG:colcon.colcon_core.package_identification:Package 'src/vi' with type 'ros.ament_cmake' and name 'vi'
[0.176s] Level 1:colcon.colcon_core.package_identification:_identify(src/vi_2p) by extensions ['ignore', 'ignore_ament_install']
[0.176s] Level 1:colcon.colcon_core.package_identification:_identify(src/vi_2p) by extension 'ignore'
[0.176s] Level 1:colcon.colcon_core.package_identification:_identify(src/vi_2p) by extension 'ignore_ament_install'
[0.176s] Level 1:colcon.colcon_core.package_identification:_identify(src/vi_2p) by extensions ['colcon_pkg']
[0.176s] Level 1:colcon.colcon_core.package_identification:_identify(src/vi_2p) by extension 'colcon_pkg'
[0.176s] Level 1:colcon.colcon_core.package_identification:_identify(src/vi_2p) by extensions ['colcon_meta']
[0.176s] Level 1:colcon.colcon_core.package_identification:_identify(src/vi_2p) by extension 'colcon_meta'
[0.176s] Level 1:colcon.colcon_core.package_identification:_identify(src/vi_2p) by extensions ['ros']
[0.177s] Level 1:colcon.colcon_core.package_identification:_identify(src/vi_2p) by extension 'ros'
[0.177s] DEBUG:colcon.colcon_core.package_identification:Package 'src/vi_2p' with type 'ros.ament_cmake' and name 'vi_2p'
[0.177s] Level 1:colcon.colcon_core.package_identification:_identify(src/w10_force_sim) by extensions ['ignore', 'ignore_ament_install']
[0.177s] Level 1:colcon.colcon_core.package_identification:_identify(src/w10_force_sim) by extension 'ignore'
[0.177s] Level 1:colcon.colcon_core.package_identification:_identify(src/w10_force_sim) by extension 'ignore_ament_install'
[0.177s] Level 1:colcon.colcon_core.package_identification:_identify(src/w10_force_sim) by extensions ['colcon_pkg']
[0.177s] Level 1:colcon.colcon_core.package_identification:_identify(src/w10_force_sim) by extension 'colcon_pkg'
[0.177s] Level 1:colcon.colcon_core.package_identification:_identify(src/w10_force_sim) by extensions ['colcon_meta']
[0.177s] Level 1:colcon.colcon_core.package_identification:_identify(src/w10_force_sim) by extension 'colcon_meta'
[0.177s] Level 1:colcon.colcon_core.package_identification:_identify(src/w10_force_sim) by extensions ['ros']
[0.177s] Level 1:colcon.colcon_core.package_identification:_identify(src/w10_force_sim) by extension 'ros'
[0.179s] DEBUG:colcon.colcon_core.package_identification:Package 'src/w10_force_sim' with type 'ros.ament_cmake' and name 'w10_force_sim'
[0.179s] Level 1:colcon.colcon_core.package_identification:_identify(src/w10_kinematics) by extensions ['ignore', 'ignore_ament_install']
[0.179s] Level 1:colcon.colcon_core.package_identification:_identify(src/w10_kinematics) by extension 'ignore'
[0.179s] Level 1:colcon.colcon_core.package_identification:_identify(src/w10_kinematics) by extension 'ignore_ament_install'
[0.179s] Level 1:colcon.colcon_core.package_identification:_identify(src/w10_kinematics) by extensions ['colcon_pkg']
[0.179s] Level 1:colcon.colcon_core.package_identification:_identify(src/w10_kinematics) by extension 'colcon_pkg'
[0.179s] Level 1:colcon.colcon_core.package_identification:_identify(src/w10_kinematics) by extensions ['colcon_meta']
[0.179s] Level 1:colcon.colcon_core.package_identification:_identify(src/w10_kinematics) by extension 'colcon_meta'
[0.179s] Level 1:colcon.colcon_core.package_identification:_identify(src/w10_kinematics) by extensions ['ros']
[0.179s] Level 1:colcon.colcon_core.package_identification:_identify(src/w10_kinematics) by extension 'ros'
[0.180s] DEBUG:colcon.colcon_core.package_identification:Package 'src/w10_kinematics' with type 'ros.ament_cmake' and name 'w10_kinematics'
[0.180s] Level 1:colcon.colcon_core.package_identification:_identify(src/w10_moveit_kinematics) by extensions ['ignore', 'ignore_ament_install']
[0.180s] Level 1:colcon.colcon_core.package_identification:_identify(src/w10_moveit_kinematics) by extension 'ignore'
[0.180s] Level 1:colcon.colcon_core.package_identification:_identify(src/w10_moveit_kinematics) by extension 'ignore_ament_install'
[0.180s] Level 1:colcon.colcon_core.package_identification:_identify(src/w10_moveit_kinematics) by extensions ['colcon_pkg']
[0.180s] Level 1:colcon.colcon_core.package_identification:_identify(src/w10_moveit_kinematics) by extension 'colcon_pkg'
[0.180s] Level 1:colcon.colcon_core.package_identification:_identify(src/w10_moveit_kinematics) by extensions ['colcon_meta']
[0.180s] Level 1:colcon.colcon_core.package_identification:_identify(src/w10_moveit_kinematics) by extension 'colcon_meta'
[0.180s] Level 1:colcon.colcon_core.package_identification:_identify(src/w10_moveit_kinematics) by extensions ['ros']
[0.180s] Level 1:colcon.colcon_core.package_identification:_identify(src/w10_moveit_kinematics) by extension 'ros'
[0.180s] DEBUG:colcon.colcon_core.package_identification:Package 'src/w10_moveit_kinematics' with type 'ros.ament_cmake' and name 'w10_moveit_kinematics'
[0.180s] Level 1:colcon.colcon_core.package_identification:_identify(src/w10_sim) by extensions ['ignore', 'ignore_ament_install']
[0.180s] Level 1:colcon.colcon_core.package_identification:_identify(src/w10_sim) by extension 'ignore'
[0.180s] Level 1:colcon.colcon_core.package_identification:_identify(src/w10_sim) by extension 'ignore_ament_install'
[0.181s] Level 1:colcon.colcon_core.package_identification:_identify(src/w10_sim) by extensions ['colcon_pkg']
[0.181s] Level 1:colcon.colcon_core.package_identification:_identify(src/w10_sim) by extension 'colcon_pkg'
[0.181s] Level 1:colcon.colcon_core.package_identification:_identify(src/w10_sim) by extensions ['colcon_meta']
[0.181s] Level 1:colcon.colcon_core.package_identification:_identify(src/w10_sim) by extension 'colcon_meta'
[0.181s] Level 1:colcon.colcon_core.package_identification:_identify(src/w10_sim) by extensions ['ros']
[0.181s] Level 1:colcon.colcon_core.package_identification:_identify(src/w10_sim) by extension 'ros'
[0.181s] DEBUG:colcon.colcon_core.package_identification:Package 'src/w10_sim' with type 'ros.ament_cmake' and name 'w10_sim'
[0.181s] Level 1:colcon.colcon_core.package_discovery:discover_packages(recursive) using defaults
[0.181s] Level 1:colcon.colcon_core.package_discovery:discover_packages(ignore) discover
[0.181s] Level 1:colcon.colcon_core.package_discovery:discover_packages(ignore) using defaults
[0.181s] Level 1:colcon.colcon_core.package_discovery:discover_packages(path) discover
[0.181s] Level 1:colcon.colcon_core.package_discovery:discover_packages(path) using defaults
[0.206s] Level 1:colcon.colcon_core.package_discovery:discover_packages(prefix_path) check parameters
[0.206s] Level 1:colcon.colcon_core.package_discovery:discover_packages(prefix_path) discover
[0.207s] DEBUG:colcon.colcon_installed_package_information.package_discovery:Found 4 installed packages in /home/user/ros2_ws/w10_ws/install
[0.207s] DEBUG:colcon.colcon_installed_package_information.package_discovery:Found 8 installed packages in /home/user/ros2_ws/dynamic_ws/install
[0.208s] DEBUG:colcon.colcon_installed_package_information.package_discovery:Found 320 installed packages in /opt/ros/humble
[0.209s] Level 1:colcon.colcon_core.package_discovery:discover_packages(prefix_path) using defaults
[0.236s] Level 5:colcon.colcon_core.verb:set package 'marvin_sim' build argument 'cmake_args' from command line to 'None'
[0.236s] Level 5:colcon.colcon_core.verb:set package 'marvin_sim' build argument 'cmake_target' from command line to 'None'
[0.236s] Level 5:colcon.colcon_core.verb:set package 'marvin_sim' build argument 'cmake_target_skip_unavailable' from command line to 'False'
[0.236s] Level 5:colcon.colcon_core.verb:set package 'marvin_sim' build argument 'cmake_clean_cache' from command line to 'False'
[0.236s] Level 5:colcon.colcon_core.verb:set package 'marvin_sim' build argument 'cmake_clean_first' from command line to 'False'
[0.236s] Level 5:colcon.colcon_core.verb:set package 'marvin_sim' build argument 'cmake_force_configure' from command line to 'False'
[0.236s] Level 5:colcon.colcon_core.verb:set package 'marvin_sim' build argument 'ament_cmake_args' from command line to 'None'
[0.236s] Level 5:colcon.colcon_core.verb:set package 'marvin_sim' build argument 'catkin_cmake_args' from command line to 'None'
[0.236s] Level 5:colcon.colcon_core.verb:set package 'marvin_sim' build argument 'catkin_skip_building_tests' from command line to 'False'
[0.236s] DEBUG:colcon.colcon_core.verb:Building package 'marvin_sim' with the following arguments: {'ament_cmake_args': None, 'build_base': '/home/user/ros2_ws/dynamic_ws/build/marvin_sim', 'catkin_cmake_args': None, 'catkin_skip_building_tests': False, 'cmake_args': None, 'cmake_clean_cache': False, 'cmake_clean_first': False, 'cmake_force_configure': False, 'cmake_target': None, 'cmake_target_skip_unavailable': False, 'install_base': '/home/user/ros2_ws/dynamic_ws/install/marvin_sim', 'merge_install': False, 'path': '/home/user/ros2_ws/dynamic_ws/src/marvin_sim', 'symlink_install': False, 'test_result_base': None}
[0.236s] Level 5:colcon.colcon_core.verb:set package 'show_urdf' build argument 'cmake_args' from command line to 'None'
[0.236s] Level 5:colcon.colcon_core.verb:set package 'show_urdf' build argument 'cmake_target' from command line to 'None'
[0.236s] Level 5:colcon.colcon_core.verb:set package 'show_urdf' build argument 'cmake_target_skip_unavailable' from command line to 'False'
[0.236s] Level 5:colcon.colcon_core.verb:set package 'show_urdf' build argument 'cmake_clean_cache' from command line to 'False'
[0.236s] Level 5:colcon.colcon_core.verb:set package 'show_urdf' build argument 'cmake_clean_first' from command line to 'False'
[0.236s] Level 5:colcon.colcon_core.verb:set package 'show_urdf' build argument 'cmake_force_configure' from command line to 'False'
[0.236s] Level 5:colcon.colcon_core.verb:set package 'show_urdf' build argument 'ament_cmake_args' from command line to 'None'
[0.236s] Level 5:colcon.colcon_core.verb:set package 'show_urdf' build argument 'catkin_cmake_args' from command line to 'None'
[0.236s] Level 5:colcon.colcon_core.verb:set package 'show_urdf' build argument 'catkin_skip_building_tests' from command line to 'False'
[0.236s] DEBUG:colcon.colcon_core.verb:Building package 'show_urdf' with the following arguments: {'ament_cmake_args': None, 'build_base': '/home/user/ros2_ws/dynamic_ws/build/show_urdf', 'catkin_cmake_args': None, 'catkin_skip_building_tests': False, 'cmake_args': None, 'cmake_clean_cache': False, 'cmake_clean_first': False, 'cmake_force_configure': False, 'cmake_target': None, 'cmake_target_skip_unavailable': False, 'install_base': '/home/user/ros2_ws/dynamic_ws/install/show_urdf', 'merge_install': False, 'path': '/home/user/ros2_ws/dynamic_ws/src/show_urdf', 'symlink_install': False, 'test_result_base': None}
[0.237s] Level 5:colcon.colcon_core.verb:set package 'vi' build argument 'cmake_args' from command line to 'None'
[0.237s] Level 5:colcon.colcon_core.verb:set package 'vi' build argument 'cmake_target' from command line to 'None'
[0.237s] Level 5:colcon.colcon_core.verb:set package 'vi' build argument 'cmake_target_skip_unavailable' from command line to 'False'
[0.237s] Level 5:colcon.colcon_core.verb:set package 'vi' build argument 'cmake_clean_cache' from command line to 'False'
[0.237s] Level 5:colcon.colcon_core.verb:set package 'vi' build argument 'cmake_clean_first' from command line to 'False'
[0.237s] Level 5:colcon.colcon_core.verb:set package 'vi' build argument 'cmake_force_configure' from command line to 'False'
[0.237s] Level 5:colcon.colcon_core.verb:set package 'vi' build argument 'ament_cmake_args' from command line to 'None'
[0.237s] Level 5:colcon.colcon_core.verb:set package 'vi' build argument 'catkin_cmake_args' from command line to 'None'
[0.237s] Level 5:colcon.colcon_core.verb:set package 'vi' build argument 'catkin_skip_building_tests' from command line to 'False'
[0.237s] DEBUG:colcon.colcon_core.verb:Building package 'vi' with the following arguments: {'ament_cmake_args': None, 'build_base': '/home/user/ros2_ws/dynamic_ws/build/vi', 'catkin_cmake_args': None, 'catkin_skip_building_tests': False, 'cmake_args': None, 'cmake_clean_cache': False, 'cmake_clean_first': False, 'cmake_force_configure': False, 'cmake_target': None, 'cmake_target_skip_unavailable': False, 'install_base': '/home/user/ros2_ws/dynamic_ws/install/vi', 'merge_install': False, 'path': '/home/user/ros2_ws/dynamic_ws/src/vi', 'symlink_install': False, 'test_result_base': None}
[0.237s] Level 5:colcon.colcon_core.verb:set package 'vi_2p' build argument 'cmake_args' from command line to 'None'
[0.237s] Level 5:colcon.colcon_core.verb:set package 'vi_2p' build argument 'cmake_target' from command line to 'None'
[0.237s] Level 5:colcon.colcon_core.verb:set package 'vi_2p' build argument 'cmake_target_skip_unavailable' from command line to 'False'
[0.237s] Level 5:colcon.colcon_core.verb:set package 'vi_2p' build argument 'cmake_clean_cache' from command line to 'False'
[0.237s] Level 5:colcon.colcon_core.verb:set package 'vi_2p' build argument 'cmake_clean_first' from command line to 'False'
[0.237s] Level 5:colcon.colcon_core.verb:set package 'vi_2p' build argument 'cmake_force_configure' from command line to 'False'
[0.237s] Level 5:colcon.colcon_core.verb:set package 'vi_2p' build argument 'ament_cmake_args' from command line to 'None'
[0.237s] Level 5:colcon.colcon_core.verb:set package 'vi_2p' build argument 'catkin_cmake_args' from command line to 'None'
[0.237s] Level 5:colcon.colcon_core.verb:set package 'vi_2p' build argument 'catkin_skip_building_tests' from command line to 'False'
[0.238s] DEBUG:colcon.colcon_core.verb:Building package 'vi_2p' with the following arguments: {'ament_cmake_args': None, 'build_base': '/home/user/ros2_ws/dynamic_ws/build/vi_2p', 'catkin_cmake_args': None, 'catkin_skip_building_tests': False, 'cmake_args': None, 'cmake_clean_cache': False, 'cmake_clean_first': False, 'cmake_force_configure': False, 'cmake_target': None, 'cmake_target_skip_unavailable': False, 'install_base': '/home/user/ros2_ws/dynamic_ws/install/vi_2p', 'merge_install': False, 'path': '/home/user/ros2_ws/dynamic_ws/src/vi_2p', 'symlink_install': False, 'test_result_base': None}
[0.238s] Level 5:colcon.colcon_core.verb:set package 'w10_force_sim' build argument 'cmake_args' from command line to 'None'
[0.238s] Level 5:colcon.colcon_core.verb:set package 'w10_force_sim' build argument 'cmake_target' from command line to 'None'
[0.238s] Level 5:colcon.colcon_core.verb:set package 'w10_force_sim' build argument 'cmake_target_skip_unavailable' from command line to 'False'
[0.238s] Level 5:colcon.colcon_core.verb:set package 'w10_force_sim' build argument 'cmake_clean_cache' from command line to 'False'
[0.238s] Level 5:colcon.colcon_core.verb:set package 'w10_force_sim' build argument 'cmake_clean_first' from command line to 'False'
[0.238s] Level 5:colcon.colcon_core.verb:set package 'w10_force_sim' build argument 'cmake_force_configure' from command line to 'False'
[0.238s] Level 5:colcon.colcon_core.verb:set package 'w10_force_sim' build argument 'ament_cmake_args' from command line to 'None'
[0.238s] Level 5:colcon.colcon_core.verb:set package 'w10_force_sim' build argument 'catkin_cmake_args' from command line to 'None'
[0.238s] Level 5:colcon.colcon_core.verb:set package 'w10_force_sim' build argument 'catkin_skip_building_tests' from command line to 'False'
[0.238s] DEBUG:colcon.colcon_core.verb:Building package 'w10_force_sim' with the following arguments: {'ament_cmake_args': None, 'build_base': '/home/user/ros2_ws/dynamic_ws/build/w10_force_sim', 'catkin_cmake_args': None, 'catkin_skip_building_tests': False, 'cmake_args': None, 'cmake_clean_cache': False, 'cmake_clean_first': False, 'cmake_force_configure': False, 'cmake_target': None, 'cmake_target_skip_unavailable': False, 'install_base': '/home/user/ros2_ws/dynamic_ws/install/w10_force_sim', 'merge_install': False, 'path': '/home/user/ros2_ws/dynamic_ws/src/w10_force_sim', 'symlink_install': False, 'test_result_base': None}
[0.238s] Level 5:colcon.colcon_core.verb:set package 'w10_sim' build argument 'cmake_args' from command line to 'None'
[0.238s] Level 5:colcon.colcon_core.verb:set package 'w10_sim' build argument 'cmake_target' from command line to 'None'
[0.238s] Level 5:colcon.colcon_core.verb:set package 'w10_sim' build argument 'cmake_target_skip_unavailable' from command line to 'False'
[0.238s] Level 5:colcon.colcon_core.verb:set package 'w10_sim' build argument 'cmake_clean_cache' from command line to 'False'
[0.238s] Level 5:colcon.colcon_core.verb:set package 'w10_sim' build argument 'cmake_clean_first' from command line to 'False'
[0.238s] Level 5:colcon.colcon_core.verb:set package 'w10_sim' build argument 'cmake_force_configure' from command line to 'False'
[0.238s] Level 5:colcon.colcon_core.verb:set package 'w10_sim' build argument 'ament_cmake_args' from command line to 'None'
[0.239s] Level 5:colcon.colcon_core.verb:set package 'w10_sim' build argument 'catkin_cmake_args' from command line to 'None'
[0.239s] Level 5:colcon.colcon_core.verb:set package 'w10_sim' build argument 'catkin_skip_building_tests' from command line to 'False'
[0.239s] DEBUG:colcon.colcon_core.verb:Building package 'w10_sim' with the following arguments: {'ament_cmake_args': None, 'build_base': '/home/user/ros2_ws/dynamic_ws/build/w10_sim', 'catkin_cmake_args': None, 'catkin_skip_building_tests': False, 'cmake_args': None, 'cmake_clean_cache': False, 'cmake_clean_first': False, 'cmake_force_configure': False, 'cmake_target': None, 'cmake_target_skip_unavailable': False, 'install_base': '/home/user/ros2_ws/dynamic_ws/install/w10_sim', 'merge_install': False, 'path': '/home/user/ros2_ws/dynamic_ws/src/w10_sim', 'symlink_install': False, 'test_result_base': None}
[0.239s] Level 5:colcon.colcon_core.verb:set package 'w10_kinematics' build argument 'cmake_args' from command line to 'None'
[0.239s] Level 5:colcon.colcon_core.verb:set package 'w10_kinematics' build argument 'cmake_target' from command line to 'None'
[0.239s] Level 5:colcon.colcon_core.verb:set package 'w10_kinematics' build argument 'cmake_target_skip_unavailable' from command line to 'False'
[0.239s] Level 5:colcon.colcon_core.verb:set package 'w10_kinematics' build argument 'cmake_clean_cache' from command line to 'False'
[0.239s] Level 5:colcon.colcon_core.verb:set package 'w10_kinematics' build argument 'cmake_clean_first' from command line to 'False'
[0.239s] Level 5:colcon.colcon_core.verb:set package 'w10_kinematics' build argument 'cmake_force_configure' from command line to 'False'
[0.239s] Level 5:colcon.colcon_core.verb:set package 'w10_kinematics' build argument 'ament_cmake_args' from command line to 'None'
[0.239s] Level 5:colcon.colcon_core.verb:set package 'w10_kinematics' build argument 'catkin_cmake_args' from command line to 'None'
[0.239s] Level 5:colcon.colcon_core.verb:set package 'w10_kinematics' build argument 'catkin_skip_building_tests' from command line to 'False'
[0.239s] DEBUG:colcon.colcon_core.verb:Building package 'w10_kinematics' with the following arguments: {'ament_cmake_args': None, 'build_base': '/home/user/ros2_ws/dynamic_ws/build/w10_kinematics', 'catkin_cmake_args': None, 'catkin_skip_building_tests': False, 'cmake_args': None, 'cmake_clean_cache': False, 'cmake_clean_first': False, 'cmake_force_configure': False, 'cmake_target': None, 'cmake_target_skip_unavailable': False, 'install_base': '/home/user/ros2_ws/dynamic_ws/install/w10_kinematics', 'merge_install': False, 'path': '/home/user/ros2_ws/dynamic_ws/src/w10_kinematics', 'symlink_install': False, 'test_result_base': None}
[0.239s] Level 5:colcon.colcon_core.verb:set package 'w10_moveit_kinematics' build argument 'cmake_args' from command line to 'None'
[0.239s] Level 5:colcon.colcon_core.verb:set package 'w10_moveit_kinematics' build argument 'cmake_target' from command line to 'None'
[0.239s] Level 5:colcon.colcon_core.verb:set package 'w10_moveit_kinematics' build argument 'cmake_target_skip_unavailable' from command line to 'False'
[0.239s] Level 5:colcon.colcon_core.verb:set package 'w10_moveit_kinematics' build argument 'cmake_clean_cache' from command line to 'False'
[0.239s] Level 5:colcon.colcon_core.verb:set package 'w10_moveit_kinematics' build argument 'cmake_clean_first' from command line to 'False'
[0.239s] Level 5:colcon.colcon_core.verb:set package 'w10_moveit_kinematics' build argument 'cmake_force_configure' from command line to 'False'
[0.240s] Level 5:colcon.colcon_core.verb:set package 'w10_moveit_kinematics' build argument 'ament_cmake_args' from command line to 'None'
[0.240s] Level 5:colcon.colcon_core.verb:set package 'w10_moveit_kinematics' build argument 'catkin_cmake_args' from command line to 'None'
[0.240s] Level 5:colcon.colcon_core.verb:set package 'w10_moveit_kinematics' build argument 'catkin_skip_building_tests' from command line to 'False'
[0.240s] DEBUG:colcon.colcon_core.verb:Building package 'w10_moveit_kinematics' with the following arguments: {'ament_cmake_args': None, 'build_base': '/home/user/ros2_ws/dynamic_ws/build/w10_moveit_kinematics', 'catkin_cmake_args': None, 'catkin_skip_building_tests': False, 'cmake_args': None, 'cmake_clean_cache': False, 'cmake_clean_first': False, 'cmake_force_configure': False, 'cmake_target': None, 'cmake_target_skip_unavailable': False, 'install_base': '/home/user/ros2_ws/dynamic_ws/install/w10_moveit_kinematics', 'merge_install': False, 'path': '/home/user/ros2_ws/dynamic_ws/src/w10_moveit_kinematics', 'symlink_install': False, 'test_result_base': None}
[0.240s] INFO:colcon.colcon_core.executor:Executing jobs using 'parallel' executor
[0.240s] DEBUG:colcon.colcon_parallel_executor.executor.parallel:run_until_complete
[0.241s] INFO:colcon.colcon_ros.task.ament_cmake.build:Building ROS package in '/home/user/ros2_ws/dynamic_ws/src/w10_sim' with build type 'ament_cmake'
[0.241s] INFO:colcon.colcon_cmake.task.cmake.build:Building CMake package in '/home/user/ros2_ws/dynamic_ws/src/w10_sim'
[0.242s] INFO:colcon.colcon_core.plugin_system:Skipping extension 'colcon_core.shell.bat': Not used on non-Windows systems
[0.242s] INFO:colcon.colcon_core.shell:Skip shell extension 'powershell' for command environment: Not usable outside of PowerShell
[0.242s] DEBUG:colcon.colcon_core.shell:Skip shell extension 'dsv' for command environment
[0.244s] INFO:colcon.colcon_ros.task.ament_cmake.build:Building ROS package in '/home/user/ros2_ws/dynamic_ws/src/marvin_sim' with build type 'ament_cmake'
[0.244s] INFO:colcon.colcon_cmake.task.cmake.build:Building CMake package in '/home/user/ros2_ws/dynamic_ws/src/marvin_sim'
[0.244s] INFO:colcon.colcon_core.shell:Skip shell extension 'powershell' for command environment: Not usable outside of PowerShell
[0.244s] DEBUG:colcon.colcon_core.shell:Skip shell extension 'dsv' for command environment
[0.248s] INFO:colcon.colcon_ros.task.ament_cmake.build:Building ROS package in '/home/user/ros2_ws/dynamic_ws/src/show_urdf' with build type 'ament_cmake'
[0.248s] INFO:colcon.colcon_cmake.task.cmake.build:Building CMake package in '/home/user/ros2_ws/dynamic_ws/src/show_urdf'
[0.248s] INFO:colcon.colcon_core.shell:Skip shell extension 'powershell' for command environment: Not usable outside of PowerShell
[0.248s] DEBUG:colcon.colcon_core.shell:Skip shell extension 'dsv' for command environment
[0.252s] INFO:colcon.colcon_ros.task.ament_cmake.build:Building ROS package in '/home/user/ros2_ws/dynamic_ws/src/vi' with build type 'ament_cmake'
[0.252s] INFO:colcon.colcon_cmake.task.cmake.build:Building CMake package in '/home/user/ros2_ws/dynamic_ws/src/vi'
[0.252s] INFO:colcon.colcon_core.shell:Skip shell extension 'powershell' for command environment: Not usable outside of PowerShell
[0.252s] DEBUG:colcon.colcon_core.shell:Skip shell extension 'dsv' for command environment
[0.255s] INFO:colcon.colcon_ros.task.ament_cmake.build:Building ROS package in '/home/user/ros2_ws/dynamic_ws/src/vi_2p' with build type 'ament_cmake'
[0.255s] INFO:colcon.colcon_cmake.task.cmake.build:Building CMake package in '/home/user/ros2_ws/dynamic_ws/src/vi_2p'
[0.255s] INFO:colcon.colcon_core.shell:Skip shell extension 'powershell' for command environment: Not usable outside of PowerShell
[0.255s] DEBUG:colcon.colcon_core.shell:Skip shell extension 'dsv' for command environment
[0.257s] INFO:colcon.colcon_ros.task.ament_cmake.build:Building ROS package in '/home/user/ros2_ws/dynamic_ws/src/w10_force_sim' with build type 'ament_cmake'
[0.257s] INFO:colcon.colcon_cmake.task.cmake.build:Building CMake package in '/home/user/ros2_ws/dynamic_ws/src/w10_force_sim'
[0.257s] INFO:colcon.colcon_core.shell:Skip shell extension 'powershell' for command environment: Not usable outside of PowerShell
[0.258s] DEBUG:colcon.colcon_core.shell:Skip shell extension 'dsv' for command environment
[0.262s] DEBUG:colcon.colcon_core.event_handler.log_command:Invoking command in '/home/user/ros2_ws/dynamic_ws/build/w10_sim': CMAKE_PREFIX_PATH=/opt/openrobots:/home/user/ros2_ws/dynamic_ws/install/w10_moveit_kinematics:/home/user/ros2_ws/dynamic_ws/install/w10_kinematics:/home/user/ros2_ws/dynamic_ws/install/w10_sim:/home/user/ros2_ws/dynamic_ws/install/w10_force_sim:/home/user/ros2_ws/dynamic_ws/install/vi_2p:/home/user/ros2_ws/dynamic_ws/install/vi:/home/user/ros2_ws/dynamic_ws/install/show_urdf:/home/user/ros2_ws/dynamic_ws/install/marvin_sim:/opt/ros/humble:/home/user/ros2_ws/w10_ws/install/w10-urdf:/home/user/ros2_ws/w10_ws/install/urdf_visualization:/opt/openrobots: /usr/bin/cmake --build /home/user/ros2_ws/dynamic_ws/build/w10_sim -- -j32 -l32
[0.265s] DEBUG:colcon.colcon_core.event_handler.log_command:Invoking command in '/home/user/ros2_ws/dynamic_ws/build/marvin_sim': CMAKE_PREFIX_PATH=/opt/openrobots:/home/user/ros2_ws/dynamic_ws/install/w10_moveit_kinematics:/home/user/ros2_ws/dynamic_ws/install/w10_kinematics:/home/user/ros2_ws/dynamic_ws/install/w10_sim:/home/user/ros2_ws/dynamic_ws/install/w10_force_sim:/home/user/ros2_ws/dynamic_ws/install/vi_2p:/home/user/ros2_ws/dynamic_ws/install/vi:/home/user/ros2_ws/dynamic_ws/install/show_urdf:/home/user/ros2_ws/dynamic_ws/install/marvin_sim:/opt/ros/humble:/home/user/ros2_ws/w10_ws/install/w10-urdf:/home/user/ros2_ws/w10_ws/install/urdf_visualization:/opt/openrobots: /usr/bin/cmake --build /home/user/ros2_ws/dynamic_ws/build/marvin_sim -- -j32 -l32
[0.267s] DEBUG:colcon.colcon_core.event_handler.log_command:Invoking command in '/home/user/ros2_ws/dynamic_ws/build/show_urdf': CMAKE_PREFIX_PATH=/opt/openrobots:/home/user/ros2_ws/dynamic_ws/install/w10_moveit_kinematics:/home/user/ros2_ws/dynamic_ws/install/w10_kinematics:/home/user/ros2_ws/dynamic_ws/install/w10_sim:/home/user/ros2_ws/dynamic_ws/install/w10_force_sim:/home/user/ros2_ws/dynamic_ws/install/vi_2p:/home/user/ros2_ws/dynamic_ws/install/vi:/home/user/ros2_ws/dynamic_ws/install/show_urdf:/home/user/ros2_ws/dynamic_ws/install/marvin_sim:/opt/ros/humble:/home/user/ros2_ws/w10_ws/install/w10-urdf:/home/user/ros2_ws/w10_ws/install/urdf_visualization:/opt/openrobots: /usr/bin/cmake --build /home/user/ros2_ws/dynamic_ws/build/show_urdf -- -j32 -l32
[0.269s] DEBUG:colcon.colcon_core.event_handler.log_command:Invoking command in '/home/user/ros2_ws/dynamic_ws/build/vi': CMAKE_PREFIX_PATH=/opt/openrobots:/home/user/ros2_ws/dynamic_ws/install/w10_moveit_kinematics:/home/user/ros2_ws/dynamic_ws/install/w10_kinematics:/home/user/ros2_ws/dynamic_ws/install/w10_sim:/home/user/ros2_ws/dynamic_ws/install/w10_force_sim:/home/user/ros2_ws/dynamic_ws/install/vi_2p:/home/user/ros2_ws/dynamic_ws/install/vi:/home/user/ros2_ws/dynamic_ws/install/show_urdf:/home/user/ros2_ws/dynamic_ws/install/marvin_sim:/opt/ros/humble:/home/user/ros2_ws/w10_ws/install/w10-urdf:/home/user/ros2_ws/w10_ws/install/urdf_visualization:/opt/openrobots: /usr/bin/cmake --build /home/user/ros2_ws/dynamic_ws/build/vi -- -j32 -l32
[0.272s] DEBUG:colcon.colcon_core.event_handler.log_command:Invoking command in '/home/user/ros2_ws/dynamic_ws/build/vi_2p': CMAKE_PREFIX_PATH=/opt/openrobots:/home/user/ros2_ws/dynamic_ws/install/w10_moveit_kinematics:/home/user/ros2_ws/dynamic_ws/install/w10_kinematics:/home/user/ros2_ws/dynamic_ws/install/w10_sim:/home/user/ros2_ws/dynamic_ws/install/w10_force_sim:/home/user/ros2_ws/dynamic_ws/install/vi_2p:/home/user/ros2_ws/dynamic_ws/install/vi:/home/user/ros2_ws/dynamic_ws/install/show_urdf:/home/user/ros2_ws/dynamic_ws/install/marvin_sim:/opt/ros/humble:/home/user/ros2_ws/w10_ws/install/w10-urdf:/home/user/ros2_ws/w10_ws/install/urdf_visualization:/opt/openrobots: /usr/bin/cmake --build /home/user/ros2_ws/dynamic_ws/build/vi_2p -- -j32 -l32
[0.279s] DEBUG:colcon.colcon_core.event_handler.log_command:Invoking command in '/home/user/ros2_ws/dynamic_ws/build/w10_force_sim': CMAKE_PREFIX_PATH=/opt/openrobots:/home/user/ros2_ws/dynamic_ws/install/w10_moveit_kinematics:/home/user/ros2_ws/dynamic_ws/install/w10_kinematics:/home/user/ros2_ws/dynamic_ws/install/w10_sim:/home/user/ros2_ws/dynamic_ws/install/w10_force_sim:/home/user/ros2_ws/dynamic_ws/install/vi_2p:/home/user/ros2_ws/dynamic_ws/install/vi:/home/user/ros2_ws/dynamic_ws/install/show_urdf:/home/user/ros2_ws/dynamic_ws/install/marvin_sim:/opt/ros/humble:/home/user/ros2_ws/w10_ws/install/w10-urdf:/home/user/ros2_ws/w10_ws/install/urdf_visualization:/opt/openrobots: /usr/bin/cmake --build /home/user/ros2_ws/dynamic_ws/build/w10_force_sim -- -j32 -l32
[0.290s] DEBUG:colcon.colcon_core.event_handler.log_command:Invoked command in '/home/user/ros2_ws/dynamic_ws/build/show_urdf' returned '0': CMAKE_PREFIX_PATH=/opt/openrobots:/home/user/ros2_ws/dynamic_ws/install/w10_moveit_kinematics:/home/user/ros2_ws/dynamic_ws/install/w10_kinematics:/home/user/ros2_ws/dynamic_ws/install/w10_sim:/home/user/ros2_ws/dynamic_ws/install/w10_force_sim:/home/user/ros2_ws/dynamic_ws/install/vi_2p:/home/user/ros2_ws/dynamic_ws/install/vi:/home/user/ros2_ws/dynamic_ws/install/show_urdf:/home/user/ros2_ws/dynamic_ws/install/marvin_sim:/opt/ros/humble:/home/user/ros2_ws/w10_ws/install/w10-urdf:/home/user/ros2_ws/w10_ws/install/urdf_visualization:/opt/openrobots: /usr/bin/cmake --build /home/user/ros2_ws/dynamic_ws/build/show_urdf -- -j32 -l32
[0.298s] DEBUG:colcon.colcon_core.event_handler.log_command:Invoking command in '/home/user/ros2_ws/dynamic_ws/build/show_urdf': CMAKE_PREFIX_PATH=/opt/openrobots:/home/user/ros2_ws/dynamic_ws/install/w10_moveit_kinematics:/home/user/ros2_ws/dynamic_ws/install/w10_kinematics:/home/user/ros2_ws/dynamic_ws/install/w10_sim:/home/user/ros2_ws/dynamic_ws/install/w10_force_sim:/home/user/ros2_ws/dynamic_ws/install/vi_2p:/home/user/ros2_ws/dynamic_ws/install/vi:/home/user/ros2_ws/dynamic_ws/install/show_urdf:/home/user/ros2_ws/dynamic_ws/install/marvin_sim:/opt/ros/humble:/home/user/ros2_ws/w10_ws/install/w10-urdf:/home/user/ros2_ws/w10_ws/install/urdf_visualization:/opt/openrobots: /usr/bin/cmake --install /home/user/ros2_ws/dynamic_ws/build/show_urdf
[0.304s] Level 1:colcon.colcon_core.environment:create_environment_scripts_only(show_urdf)
[0.307s] DEBUG:colcon.colcon_core.event_handler.log_command:Invoked command in '/home/user/ros2_ws/dynamic_ws/build/show_urdf' returned '0': CMAKE_PREFIX_PATH=/opt/openrobots:/home/user/ros2_ws/dynamic_ws/install/w10_moveit_kinematics:/home/user/ros2_ws/dynamic_ws/install/w10_kinematics:/home/user/ros2_ws/dynamic_ws/install/w10_sim:/home/user/ros2_ws/dynamic_ws/install/w10_force_sim:/home/user/ros2_ws/dynamic_ws/install/vi_2p:/home/user/ros2_ws/dynamic_ws/install/vi:/home/user/ros2_ws/dynamic_ws/install/show_urdf:/home/user/ros2_ws/dynamic_ws/install/marvin_sim:/opt/ros/humble:/home/user/ros2_ws/w10_ws/install/w10-urdf:/home/user/ros2_ws/w10_ws/install/urdf_visualization:/opt/openrobots: /usr/bin/cmake --install /home/user/ros2_ws/dynamic_ws/build/show_urdf
[0.308s] Level 1:colcon.colcon_core.environment:checking '/home/user/ros2_ws/dynamic_ws/install/show_urdf' for CMake module files
[0.309s] Level 1:colcon.colcon_core.environment:checking '/home/user/ros2_ws/dynamic_ws/install/show_urdf' for CMake config files
[0.310s] Level 1:colcon.colcon_core.shell:create_environment_hook('show_urdf', 'cmake_prefix_path')
[0.310s] INFO:colcon.colcon_core.shell:Creating environment hook '/home/user/ros2_ws/dynamic_ws/install/show_urdf/share/show_urdf/hook/cmake_prefix_path.ps1'
[0.310s] INFO:colcon.colcon_core.shell:Creating environment descriptor '/home/user/ros2_ws/dynamic_ws/install/show_urdf/share/show_urdf/hook/cmake_prefix_path.dsv'
[0.311s] INFO:colcon.colcon_core.shell:Creating environment hook '/home/user/ros2_ws/dynamic_ws/install/show_urdf/share/show_urdf/hook/cmake_prefix_path.sh'
[0.311s] Level 1:colcon.colcon_core.environment:checking '/home/user/ros2_ws/dynamic_ws/install/show_urdf/bin'
[0.311s] Level 1:colcon.colcon_core.environment:checking '/home/user/ros2_ws/dynamic_ws/install/show_urdf/lib/pkgconfig/show_urdf.pc'
[0.311s] Level 1:colcon.colcon_core.environment:checking '/home/user/ros2_ws/dynamic_ws/install/show_urdf/lib/python3.10/site-packages'
[0.312s] Level 1:colcon.colcon_core.environment:checking '/home/user/ros2_ws/dynamic_ws/install/show_urdf/bin'
[0.312s] INFO:colcon.colcon_core.shell:Creating package script '/home/user/ros2_ws/dynamic_ws/install/show_urdf/share/show_urdf/package.ps1'
[0.312s] INFO:colcon.colcon_core.shell:Creating package descriptor '/home/user/ros2_ws/dynamic_ws/install/show_urdf/share/show_urdf/package.dsv'
[0.313s] INFO:colcon.colcon_core.shell:Creating package script '/home/user/ros2_ws/dynamic_ws/install/show_urdf/share/show_urdf/package.sh'
[0.314s] INFO:colcon.colcon_core.shell:Creating package script '/home/user/ros2_ws/dynamic_ws/install/show_urdf/share/show_urdf/package.bash'
[0.314s] INFO:colcon.colcon_core.shell:Creating package script '/home/user/ros2_ws/dynamic_ws/install/show_urdf/share/show_urdf/package.zsh'
[0.315s] Level 1:colcon.colcon_core.environment:create_file_with_runtime_dependencies(/home/user/ros2_ws/dynamic_ws/install/show_urdf/share/colcon-core/packages/show_urdf)
[0.315s] Level 1:colcon.colcon_core.environment:create_environment_scripts_only(show_urdf)
[0.315s] Level 1:colcon.colcon_core.environment:checking '/home/user/ros2_ws/dynamic_ws/install/show_urdf' for CMake module files
[0.316s] Level 1:colcon.colcon_core.environment:checking '/home/user/ros2_ws/dynamic_ws/install/show_urdf' for CMake config files
[0.317s] Level 1:colcon.colcon_core.shell:create_environment_hook('show_urdf', 'cmake_prefix_path')
[0.317s] INFO:colcon.colcon_core.shell:Creating environment hook '/home/user/ros2_ws/dynamic_ws/install/show_urdf/share/show_urdf/hook/cmake_prefix_path.ps1'
[0.318s] INFO:colcon.colcon_core.shell:Creating environment descriptor '/home/user/ros2_ws/dynamic_ws/install/show_urdf/share/show_urdf/hook/cmake_prefix_path.dsv'
[0.319s] INFO:colcon.colcon_core.shell:Creating environment hook '/home/user/ros2_ws/dynamic_ws/install/show_urdf/share/show_urdf/hook/cmake_prefix_path.sh'
[0.320s] Level 1:colcon.colcon_core.environment:checking '/home/user/ros2_ws/dynamic_ws/install/show_urdf/bin'
[0.320s] Level 1:colcon.colcon_core.environment:checking '/home/user/ros2_ws/dynamic_ws/install/show_urdf/lib/pkgconfig/show_urdf.pc'
[0.320s] Level 1:colcon.colcon_core.environment:checking '/home/user/ros2_ws/dynamic_ws/install/show_urdf/lib/python3.10/site-packages'
[0.320s] Level 1:colcon.colcon_core.environment:checking '/home/user/ros2_ws/dynamic_ws/install/show_urdf/bin'
[0.321s] INFO:colcon.colcon_core.shell:Creating package script '/home/user/ros2_ws/dynamic_ws/install/show_urdf/share/show_urdf/package.ps1'
[0.321s] INFO:colcon.colcon_core.shell:Creating package descriptor '/home/user/ros2_ws/dynamic_ws/install/show_urdf/share/show_urdf/package.dsv'
[0.322s] INFO:colcon.colcon_core.shell:Creating package script '/home/user/ros2_ws/dynamic_ws/install/show_urdf/share/show_urdf/package.sh'
[0.322s] INFO:colcon.colcon_core.shell:Creating package script '/home/user/ros2_ws/dynamic_ws/install/show_urdf/share/show_urdf/package.bash'
[0.323s] INFO:colcon.colcon_core.shell:Creating package script '/home/user/ros2_ws/dynamic_ws/install/show_urdf/share/show_urdf/package.zsh'
[0.323s] Level 1:colcon.colcon_core.environment:create_file_with_runtime_dependencies(/home/user/ros2_ws/dynamic_ws/install/show_urdf/share/colcon-core/packages/show_urdf)
[0.325s] DEBUG:colcon.colcon_core.event_handler.log_command:Invoked command in '/home/user/ros2_ws/dynamic_ws/build/w10_sim' returned '0': CMAKE_PREFIX_PATH=/opt/openrobots:/home/user/ros2_ws/dynamic_ws/install/w10_moveit_kinematics:/home/user/ros2_ws/dynamic_ws/install/w10_kinematics:/home/user/ros2_ws/dynamic_ws/install/w10_sim:/home/user/ros2_ws/dynamic_ws/install/w10_force_sim:/home/user/ros2_ws/dynamic_ws/install/vi_2p:/home/user/ros2_ws/dynamic_ws/install/vi:/home/user/ros2_ws/dynamic_ws/install/show_urdf:/home/user/ros2_ws/dynamic_ws/install/marvin_sim:/opt/ros/humble:/home/user/ros2_ws/w10_ws/install/w10-urdf:/home/user/ros2_ws/w10_ws/install/urdf_visualization:/opt/openrobots: /usr/bin/cmake --build /home/user/ros2_ws/dynamic_ws/build/w10_sim -- -j32 -l32
[0.326s] DEBUG:colcon.colcon_core.event_handler.log_command:Invoking command in '/home/user/ros2_ws/dynamic_ws/build/w10_sim': CMAKE_PREFIX_PATH=/opt/openrobots:/home/user/ros2_ws/dynamic_ws/install/w10_moveit_kinematics:/home/user/ros2_ws/dynamic_ws/install/w10_kinematics:/home/user/ros2_ws/dynamic_ws/install/w10_sim:/home/user/ros2_ws/dynamic_ws/install/w10_force_sim:/home/user/ros2_ws/dynamic_ws/install/vi_2p:/home/user/ros2_ws/dynamic_ws/install/vi:/home/user/ros2_ws/dynamic_ws/install/show_urdf:/home/user/ros2_ws/dynamic_ws/install/marvin_sim:/opt/ros/humble:/home/user/ros2_ws/w10_ws/install/w10-urdf:/home/user/ros2_ws/w10_ws/install/urdf_visualization:/opt/openrobots: /usr/bin/cmake --install /home/user/ros2_ws/dynamic_ws/build/w10_sim
[0.330s] DEBUG:colcon.colcon_core.event_handler.log_command:Invoked command in '/home/user/ros2_ws/dynamic_ws/build/vi_2p' returned '0': CMAKE_PREFIX_PATH=/opt/openrobots:/home/user/ros2_ws/dynamic_ws/install/w10_moveit_kinematics:/home/user/ros2_ws/dynamic_ws/install/w10_kinematics:/home/user/ros2_ws/dynamic_ws/install/w10_sim:/home/user/ros2_ws/dynamic_ws/install/w10_force_sim:/home/user/ros2_ws/dynamic_ws/install/vi_2p:/home/user/ros2_ws/dynamic_ws/install/vi:/home/user/ros2_ws/dynamic_ws/install/show_urdf:/home/user/ros2_ws/dynamic_ws/install/marvin_sim:/opt/ros/humble:/home/user/ros2_ws/w10_ws/install/w10-urdf:/home/user/ros2_ws/w10_ws/install/urdf_visualization:/opt/openrobots: /usr/bin/cmake --build /home/user/ros2_ws/dynamic_ws/build/vi_2p -- -j32 -l32
[0.333s] Level 1:colcon.colcon_core.environment:create_environment_scripts_only(w10_sim)
[0.334s] Level 1:colcon.colcon_core.environment:checking '/home/user/ros2_ws/dynamic_ws/install/w10_sim' for CMake module files
[0.335s] Level 1:colcon.colcon_core.environment:checking '/home/user/ros2_ws/dynamic_ws/install/w10_sim' for CMake config files
[0.337s] Level 1:colcon.colcon_core.shell:create_environment_hook('w10_sim', 'cmake_prefix_path')
[0.337s] INFO:colcon.colcon_core.shell:Creating environment hook '/home/user/ros2_ws/dynamic_ws/install/w10_sim/share/w10_sim/hook/cmake_prefix_path.ps1'
[0.338s] INFO:colcon.colcon_core.shell:Creating environment descriptor '/home/user/ros2_ws/dynamic_ws/install/w10_sim/share/w10_sim/hook/cmake_prefix_path.dsv'
[0.339s] INFO:colcon.colcon_core.shell:Creating environment hook '/home/user/ros2_ws/dynamic_ws/install/w10_sim/share/w10_sim/hook/cmake_prefix_path.sh'
[0.339s] DEBUG:colcon.colcon_core.event_handler.log_command:Invoking command in '/home/user/ros2_ws/dynamic_ws/build/vi_2p': CMAKE_PREFIX_PATH=/opt/openrobots:/home/user/ros2_ws/dynamic_ws/install/w10_moveit_kinematics:/home/user/ros2_ws/dynamic_ws/install/w10_kinematics:/home/user/ros2_ws/dynamic_ws/install/w10_sim:/home/user/ros2_ws/dynamic_ws/install/w10_force_sim:/home/user/ros2_ws/dynamic_ws/install/vi_2p:/home/user/ros2_ws/dynamic_ws/install/vi:/home/user/ros2_ws/dynamic_ws/install/show_urdf:/home/user/ros2_ws/dynamic_ws/install/marvin_sim:/opt/ros/humble:/home/user/ros2_ws/w10_ws/install/w10-urdf:/home/user/ros2_ws/w10_ws/install/urdf_visualization:/opt/openrobots: /usr/bin/cmake --install /home/user/ros2_ws/dynamic_ws/build/vi_2p
[0.340s] Level 1:colcon.colcon_core.environment:checking '/home/user/ros2_ws/dynamic_ws/install/w10_sim/lib'
[0.340s] Level 1:colcon.colcon_core.environment:checking '/home/user/ros2_ws/dynamic_ws/install/w10_sim/bin'
[0.340s] Level 1:colcon.colcon_core.environment:checking '/home/user/ros2_ws/dynamic_ws/install/w10_sim/lib/pkgconfig/w10_sim.pc'
[0.340s] Level 1:colcon.colcon_core.environment:checking '/home/user/ros2_ws/dynamic_ws/install/w10_sim/lib/python3.10/site-packages'
[0.341s] Level 1:colcon.colcon_core.environment:checking '/home/user/ros2_ws/dynamic_ws/install/w10_sim/bin'
[0.341s] INFO:colcon.colcon_core.shell:Creating package script '/home/user/ros2_ws/dynamic_ws/install/w10_sim/share/w10_sim/package.ps1'
[0.341s] INFO:colcon.colcon_core.shell:Creating package descriptor '/home/user/ros2_ws/dynamic_ws/install/w10_sim/share/w10_sim/package.dsv'
[0.342s] INFO:colcon.colcon_core.shell:Creating package script '/home/user/ros2_ws/dynamic_ws/install/w10_sim/share/w10_sim/package.sh'
[0.343s] INFO:colcon.colcon_core.shell:Creating package script '/home/user/ros2_ws/dynamic_ws/install/w10_sim/share/w10_sim/package.bash'
[0.344s] INFO:colcon.colcon_core.shell:Creating package script '/home/user/ros2_ws/dynamic_ws/install/w10_sim/share/w10_sim/package.zsh'
[0.344s] Level 1:colcon.colcon_core.environment:create_file_with_runtime_dependencies(/home/user/ros2_ws/dynamic_ws/install/w10_sim/share/colcon-core/packages/w10_sim)
[0.345s] Level 1:colcon.colcon_core.environment:create_environment_scripts_only(w10_sim)
[0.346s] Level 1:colcon.colcon_core.environment:checking '/home/user/ros2_ws/dynamic_ws/install/w10_sim' for CMake module files
[0.346s] DEBUG:colcon.colcon_core.event_handler.log_command:Invoked command in '/home/user/ros2_ws/dynamic_ws/build/vi' returned '0': CMAKE_PREFIX_PATH=/opt/openrobots:/home/user/ros2_ws/dynamic_ws/install/w10_moveit_kinematics:/home/user/ros2_ws/dynamic_ws/install/w10_kinematics:/home/user/ros2_ws/dynamic_ws/install/w10_sim:/home/user/ros2_ws/dynamic_ws/install/w10_force_sim:/home/user/ros2_ws/dynamic_ws/install/vi_2p:/home/user/ros2_ws/dynamic_ws/install/vi:/home/user/ros2_ws/dynamic_ws/install/show_urdf:/home/user/ros2_ws/dynamic_ws/install/marvin_sim:/opt/ros/humble:/home/user/ros2_ws/w10_ws/install/w10-urdf:/home/user/ros2_ws/w10_ws/install/urdf_visualization:/opt/openrobots: /usr/bin/cmake --build /home/user/ros2_ws/dynamic_ws/build/vi -- -j32 -l32
[0.347s] DEBUG:colcon.colcon_core.event_handler.log_command:Invoking command in '/home/user/ros2_ws/dynamic_ws/build/vi': CMAKE_PREFIX_PATH=/opt/openrobots:/home/user/ros2_ws/dynamic_ws/install/w10_moveit_kinematics:/home/user/ros2_ws/dynamic_ws/install/w10_kinematics:/home/user/ros2_ws/dynamic_ws/install/w10_sim:/home/user/ros2_ws/dynamic_ws/install/w10_force_sim:/home/user/ros2_ws/dynamic_ws/install/vi_2p:/home/user/ros2_ws/dynamic_ws/install/vi:/home/user/ros2_ws/dynamic_ws/install/show_urdf:/home/user/ros2_ws/dynamic_ws/install/marvin_sim:/opt/ros/humble:/home/user/ros2_ws/w10_ws/install/w10-urdf:/home/user/ros2_ws/w10_ws/install/urdf_visualization:/opt/openrobots: /usr/bin/cmake --install /home/user/ros2_ws/dynamic_ws/build/vi
[0.348s] Level 1:colcon.colcon_core.environment:checking '/home/user/ros2_ws/dynamic_ws/install/w10_sim' for CMake config files
[0.348s] DEBUG:colcon.colcon_core.event_handler.log_command:Invoked command in '/home/user/ros2_ws/dynamic_ws/build/w10_sim' returned '0': CMAKE_PREFIX_PATH=/opt/openrobots:/home/user/ros2_ws/dynamic_ws/install/w10_moveit_kinematics:/home/user/ros2_ws/dynamic_ws/install/w10_kinematics:/home/user/ros2_ws/dynamic_ws/install/w10_sim:/home/user/ros2_ws/dynamic_ws/install/w10_force_sim:/home/user/ros2_ws/dynamic_ws/install/vi_2p:/home/user/ros2_ws/dynamic_ws/install/vi:/home/user/ros2_ws/dynamic_ws/install/show_urdf:/home/user/ros2_ws/dynamic_ws/install/marvin_sim:/opt/ros/humble:/home/user/ros2_ws/w10_ws/install/w10-urdf:/home/user/ros2_ws/w10_ws/install/urdf_visualization:/opt/openrobots: /usr/bin/cmake --install /home/user/ros2_ws/dynamic_ws/build/w10_sim
[0.351s] Level 1:colcon.colcon_core.shell:create_environment_hook('w10_sim', 'cmake_prefix_path')
[0.351s] INFO:colcon.colcon_core.shell:Creating environment hook '/home/user/ros2_ws/dynamic_ws/install/w10_sim/share/w10_sim/hook/cmake_prefix_path.ps1'
[0.351s] INFO:colcon.colcon_core.shell:Creating environment descriptor '/home/user/ros2_ws/dynamic_ws/install/w10_sim/share/w10_sim/hook/cmake_prefix_path.dsv'
[0.352s] INFO:colcon.colcon_core.shell:Creating environment hook '/home/user/ros2_ws/dynamic_ws/install/w10_sim/share/w10_sim/hook/cmake_prefix_path.sh'
[0.352s] Level 1:colcon.colcon_core.environment:checking '/home/user/ros2_ws/dynamic_ws/install/w10_sim/lib'
[0.352s] Level 1:colcon.colcon_core.environment:checking '/home/user/ros2_ws/dynamic_ws/install/w10_sim/bin'
[0.352s] Level 1:colcon.colcon_core.environment:checking '/home/user/ros2_ws/dynamic_ws/install/w10_sim/lib/pkgconfig/w10_sim.pc'
[0.352s] Level 1:colcon.colcon_core.environment:checking '/home/user/ros2_ws/dynamic_ws/install/w10_sim/lib/python3.10/site-packages'
[0.353s] Level 1:colcon.colcon_core.environment:checking '/home/user/ros2_ws/dynamic_ws/install/w10_sim/bin'
[0.353s] INFO:colcon.colcon_core.shell:Creating package script '/home/user/ros2_ws/dynamic_ws/install/w10_sim/share/w10_sim/package.ps1'
[0.353s] INFO:colcon.colcon_core.shell:Creating package descriptor '/home/user/ros2_ws/dynamic_ws/install/w10_sim/share/w10_sim/package.dsv'
[0.354s] INFO:colcon.colcon_core.shell:Creating package script '/home/user/ros2_ws/dynamic_ws/install/w10_sim/share/w10_sim/package.sh'
[0.354s] INFO:colcon.colcon_core.shell:Creating package script '/home/user/ros2_ws/dynamic_ws/install/w10_sim/share/w10_sim/package.bash'
[0.355s] INFO:colcon.colcon_core.shell:Creating package script '/home/user/ros2_ws/dynamic_ws/install/w10_sim/share/w10_sim/package.zsh'
[0.355s] Level 1:colcon.colcon_core.environment:create_file_with_runtime_dependencies(/home/user/ros2_ws/dynamic_ws/install/w10_sim/share/colcon-core/packages/w10_sim)
[0.355s] INFO:colcon.colcon_ros.task.ament_cmake.build:Building ROS package in '/home/user/ros2_ws/dynamic_ws/src/w10_kinematics' with build type 'ament_cmake'
[0.356s] INFO:colcon.colcon_cmake.task.cmake.build:Building CMake package in '/home/user/ros2_ws/dynamic_ws/src/w10_kinematics'
[0.356s] INFO:colcon.colcon_core.shell:Skip shell extension 'powershell' for command environment: Not usable outside of PowerShell
[0.356s] DEBUG:colcon.colcon_core.shell:Skip shell extension 'dsv' for command environment
[0.360s] INFO:colcon.colcon_ros.task.ament_cmake.build:Building ROS package in '/home/user/ros2_ws/dynamic_ws/src/w10_moveit_kinematics' with build type 'ament_cmake'
[0.360s] INFO:colcon.colcon_cmake.task.cmake.build:Building CMake package in '/home/user/ros2_ws/dynamic_ws/src/w10_moveit_kinematics'
[0.360s] INFO:colcon.colcon_core.shell:Skip shell extension 'powershell' for command environment: Not usable outside of PowerShell
[0.360s] DEBUG:colcon.colcon_core.shell:Skip shell extension 'dsv' for command environment
[0.366s] DEBUG:colcon.colcon_core.event_handler.log_command:Invoked command in '/home/user/ros2_ws/dynamic_ws/build/w10_force_sim' returned '0': CMAKE_PREFIX_PATH=/opt/openrobots:/home/user/ros2_ws/dynamic_ws/install/w10_moveit_kinematics:/home/user/ros2_ws/dynamic_ws/install/w10_kinematics:/home/user/ros2_ws/dynamic_ws/install/w10_sim:/home/user/ros2_ws/dynamic_ws/install/w10_force_sim:/home/user/ros2_ws/dynamic_ws/install/vi_2p:/home/user/ros2_ws/dynamic_ws/install/vi:/home/user/ros2_ws/dynamic_ws/install/show_urdf:/home/user/ros2_ws/dynamic_ws/install/marvin_sim:/opt/ros/humble:/home/user/ros2_ws/w10_ws/install/w10-urdf:/home/user/ros2_ws/w10_ws/install/urdf_visualization:/opt/openrobots: /usr/bin/cmake --build /home/user/ros2_ws/dynamic_ws/build/w10_force_sim -- -j32 -l32
[0.366s] DEBUG:colcon.colcon_core.event_handler.log_command:Invoking command in '/home/user/ros2_ws/dynamic_ws/build/w10_force_sim': CMAKE_PREFIX_PATH=/opt/openrobots:/home/user/ros2_ws/dynamic_ws/install/w10_moveit_kinematics:/home/user/ros2_ws/dynamic_ws/install/w10_kinematics:/home/user/ros2_ws/dynamic_ws/install/w10_sim:/home/user/ros2_ws/dynamic_ws/install/w10_force_sim:/home/user/ros2_ws/dynamic_ws/install/vi_2p:/home/user/ros2_ws/dynamic_ws/install/vi:/home/user/ros2_ws/dynamic_ws/install/show_urdf:/home/user/ros2_ws/dynamic_ws/install/marvin_sim:/opt/ros/humble:/home/user/ros2_ws/w10_ws/install/w10-urdf:/home/user/ros2_ws/w10_ws/install/urdf_visualization:/opt/openrobots: /usr/bin/cmake --install /home/user/ros2_ws/dynamic_ws/build/w10_force_sim
[0.366s] Level 1:colcon.colcon_core.environment:create_environment_scripts_only(vi_2p)
[0.367s] Level 1:colcon.colcon_core.environment:checking '/home/user/ros2_ws/dynamic_ws/install/vi_2p' for CMake module files
[0.367s] DEBUG:colcon.colcon_core.event_handler.log_command:Invoked command in '/home/user/ros2_ws/dynamic_ws/build/vi_2p' returned '0': CMAKE_PREFIX_PATH=/opt/openrobots:/home/user/ros2_ws/dynamic_ws/install/w10_moveit_kinematics:/home/user/ros2_ws/dynamic_ws/install/w10_kinematics:/home/user/ros2_ws/dynamic_ws/install/w10_sim:/home/user/ros2_ws/dynamic_ws/install/w10_force_sim:/home/user/ros2_ws/dynamic_ws/install/vi_2p:/home/user/ros2_ws/dynamic_ws/install/vi:/home/user/ros2_ws/dynamic_ws/install/show_urdf:/home/user/ros2_ws/dynamic_ws/install/marvin_sim:/opt/ros/humble:/home/user/ros2_ws/w10_ws/install/w10-urdf:/home/user/ros2_ws/w10_ws/install/urdf_visualization:/opt/openrobots: /usr/bin/cmake --install /home/user/ros2_ws/dynamic_ws/build/vi_2p
[0.367s] Level 1:colcon.colcon_core.environment:checking '/home/user/ros2_ws/dynamic_ws/install/vi_2p' for CMake config files
[0.367s] Level 1:colcon.colcon_core.shell:create_environment_hook('vi_2p', 'cmake_prefix_path')
[0.367s] INFO:colcon.colcon_core.shell:Creating environment hook '/home/user/ros2_ws/dynamic_ws/install/vi_2p/share/vi_2p/hook/cmake_prefix_path.ps1'
[0.368s] INFO:colcon.colcon_core.shell:Creating environment descriptor '/home/user/ros2_ws/dynamic_ws/install/vi_2p/share/vi_2p/hook/cmake_prefix_path.dsv'
[0.368s] INFO:colcon.colcon_core.shell:Creating environment hook '/home/user/ros2_ws/dynamic_ws/install/vi_2p/share/vi_2p/hook/cmake_prefix_path.sh'
[0.368s] Level 1:colcon.colcon_core.environment:checking '/home/user/ros2_ws/dynamic_ws/install/vi_2p/lib'
[0.368s] Level 1:colcon.colcon_core.environment:checking '/home/user/ros2_ws/dynamic_ws/install/vi_2p/bin'
[0.368s] Level 1:colcon.colcon_core.environment:checking '/home/user/ros2_ws/dynamic_ws/install/vi_2p/lib/pkgconfig/vi_2p.pc'
[0.368s] Level 1:colcon.colcon_core.environment:checking '/home/user/ros2_ws/dynamic_ws/install/vi_2p/lib/python3.10/site-packages'
[0.369s] Level 1:colcon.colcon_core.environment:checking '/home/user/ros2_ws/dynamic_ws/install/vi_2p/bin'
[0.369s] INFO:colcon.colcon_core.shell:Creating package script '/home/user/ros2_ws/dynamic_ws/install/vi_2p/share/vi_2p/package.ps1'
[0.369s] INFO:colcon.colcon_core.shell:Creating package descriptor '/home/user/ros2_ws/dynamic_ws/install/vi_2p/share/vi_2p/package.dsv'
[0.369s] INFO:colcon.colcon_core.shell:Creating package script '/home/user/ros2_ws/dynamic_ws/install/vi_2p/share/vi_2p/package.sh'
[0.369s] INFO:colcon.colcon_core.shell:Creating package script '/home/user/ros2_ws/dynamic_ws/install/vi_2p/share/vi_2p/package.bash'
[0.369s] INFO:colcon.colcon_core.shell:Creating package script '/home/user/ros2_ws/dynamic_ws/install/vi_2p/share/vi_2p/package.zsh'
[0.370s] Level 1:colcon.colcon_core.environment:create_file_with_runtime_dependencies(/home/user/ros2_ws/dynamic_ws/install/vi_2p/share/colcon-core/packages/vi_2p)
[0.370s] Level 1:colcon.colcon_core.environment:create_environment_scripts_only(vi_2p)
[0.370s] Level 1:colcon.colcon_core.environment:checking '/home/user/ros2_ws/dynamic_ws/install/vi_2p' for CMake module files
[0.370s] Level 1:colcon.colcon_core.environment:checking '/home/user/ros2_ws/dynamic_ws/install/vi_2p' for CMake config files
[0.370s] Level 1:colcon.colcon_core.shell:create_environment_hook('vi_2p', 'cmake_prefix_path')
[0.370s] INFO:colcon.colcon_core.shell:Creating environment hook '/home/user/ros2_ws/dynamic_ws/install/vi_2p/share/vi_2p/hook/cmake_prefix_path.ps1'
[0.371s] INFO:colcon.colcon_core.shell:Creating environment descriptor '/home/user/ros2_ws/dynamic_ws/install/vi_2p/share/vi_2p/hook/cmake_prefix_path.dsv'
[0.371s] INFO:colcon.colcon_core.shell:Creating environment hook '/home/user/ros2_ws/dynamic_ws/install/vi_2p/share/vi_2p/hook/cmake_prefix_path.sh'
[0.371s] Level 1:colcon.colcon_core.environment:checking '/home/user/ros2_ws/dynamic_ws/install/vi_2p/lib'
[0.371s] Level 1:colcon.colcon_core.environment:checking '/home/user/ros2_ws/dynamic_ws/install/vi_2p/bin'
[0.371s] Level 1:colcon.colcon_core.environment:checking '/home/user/ros2_ws/dynamic_ws/install/vi_2p/lib/pkgconfig/vi_2p.pc'
[0.371s] Level 1:colcon.colcon_core.environment:checking '/home/user/ros2_ws/dynamic_ws/install/vi_2p/lib/python3.10/site-packages'
[0.371s] Level 1:colcon.colcon_core.environment:checking '/home/user/ros2_ws/dynamic_ws/install/vi_2p/bin'
[0.371s] INFO:colcon.colcon_core.shell:Creating package script '/home/user/ros2_ws/dynamic_ws/install/vi_2p/share/vi_2p/package.ps1'
[0.372s] INFO:colcon.colcon_core.shell:Creating package descriptor '/home/user/ros2_ws/dynamic_ws/install/vi_2p/share/vi_2p/package.dsv'
[0.372s] INFO:colcon.colcon_core.shell:Creating package script '/home/user/ros2_ws/dynamic_ws/install/vi_2p/share/vi_2p/package.sh'
[0.372s] INFO:colcon.colcon_core.shell:Creating package script '/home/user/ros2_ws/dynamic_ws/install/vi_2p/share/vi_2p/package.bash'
[0.372s] INFO:colcon.colcon_core.shell:Creating package script '/home/user/ros2_ws/dynamic_ws/install/vi_2p/share/vi_2p/package.zsh'
[0.373s] Level 1:colcon.colcon_core.environment:create_file_with_runtime_dependencies(/home/user/ros2_ws/dynamic_ws/install/vi_2p/share/colcon-core/packages/vi_2p)
[0.373s] Level 1:colcon.colcon_core.environment:create_environment_scripts_only(vi)
[0.373s] Level 1:colcon.colcon_core.environment:checking '/home/user/ros2_ws/dynamic_ws/install/vi' for CMake module files
[0.374s] DEBUG:colcon.colcon_core.event_handler.log_command:Invoked command in '/home/user/ros2_ws/dynamic_ws/build/vi' returned '0': CMAKE_PREFIX_PATH=/opt/openrobots:/home/user/ros2_ws/dynamic_ws/install/w10_moveit_kinematics:/home/user/ros2_ws/dynamic_ws/install/w10_kinematics:/home/user/ros2_ws/dynamic_ws/install/w10_sim:/home/user/ros2_ws/dynamic_ws/install/w10_force_sim:/home/user/ros2_ws/dynamic_ws/install/vi_2p:/home/user/ros2_ws/dynamic_ws/install/vi:/home/user/ros2_ws/dynamic_ws/install/show_urdf:/home/user/ros2_ws/dynamic_ws/install/marvin_sim:/opt/ros/humble:/home/user/ros2_ws/w10_ws/install/w10-urdf:/home/user/ros2_ws/w10_ws/install/urdf_visualization:/opt/openrobots: /usr/bin/cmake --install /home/user/ros2_ws/dynamic_ws/build/vi
[0.374s] Level 1:colcon.colcon_core.environment:checking '/home/user/ros2_ws/dynamic_ws/install/vi' for CMake config files
[0.374s] Level 1:colcon.colcon_core.shell:create_environment_hook('vi', 'cmake_prefix_path')
[0.374s] INFO:colcon.colcon_core.shell:Creating environment hook '/home/user/ros2_ws/dynamic_ws/install/vi/share/vi/hook/cmake_prefix_path.ps1'
[0.374s] INFO:colcon.colcon_core.shell:Creating environment descriptor '/home/user/ros2_ws/dynamic_ws/install/vi/share/vi/hook/cmake_prefix_path.dsv'
[0.374s] INFO:colcon.colcon_core.shell:Creating environment hook '/home/user/ros2_ws/dynamic_ws/install/vi/share/vi/hook/cmake_prefix_path.sh'
[0.375s] Level 1:colcon.colcon_core.environment:checking '/home/user/ros2_ws/dynamic_ws/install/vi/lib'
[0.375s] Level 1:colcon.colcon_core.environment:checking '/home/user/ros2_ws/dynamic_ws/install/vi/bin'
[0.375s] Level 1:colcon.colcon_core.environment:checking '/home/user/ros2_ws/dynamic_ws/install/vi/lib/pkgconfig/vi.pc'
[0.375s] Level 1:colcon.colcon_core.environment:checking '/home/user/ros2_ws/dynamic_ws/install/vi/lib/python3.10/site-packages'
[0.375s] Level 1:colcon.colcon_core.environment:checking '/home/user/ros2_ws/dynamic_ws/install/vi/bin'
[0.375s] INFO:colcon.colcon_core.shell:Creating package script '/home/user/ros2_ws/dynamic_ws/install/vi/share/vi/package.ps1'
[0.375s] INFO:colcon.colcon_core.shell:Creating package descriptor '/home/user/ros2_ws/dynamic_ws/install/vi/share/vi/package.dsv'
[0.376s] INFO:colcon.colcon_core.shell:Creating package script '/home/user/ros2_ws/dynamic_ws/install/vi/share/vi/package.sh'
[0.376s] INFO:colcon.colcon_core.shell:Creating package script '/home/user/ros2_ws/dynamic_ws/install/vi/share/vi/package.bash'
[0.376s] INFO:colcon.colcon_core.shell:Creating package script '/home/user/ros2_ws/dynamic_ws/install/vi/share/vi/package.zsh'
[0.376s] Level 1:colcon.colcon_core.environment:create_file_with_runtime_dependencies(/home/user/ros2_ws/dynamic_ws/install/vi/share/colcon-core/packages/vi)
[0.377s] Level 1:colcon.colcon_core.environment:create_environment_scripts_only(vi)
[0.377s] Level 1:colcon.colcon_core.environment:checking '/home/user/ros2_ws/dynamic_ws/install/vi' for CMake module files
[0.377s] Level 1:colcon.colcon_core.environment:checking '/home/user/ros2_ws/dynamic_ws/install/vi' for CMake config files
[0.377s] Level 1:colcon.colcon_core.shell:create_environment_hook('vi', 'cmake_prefix_path')
[0.377s] INFO:colcon.colcon_core.shell:Creating environment hook '/home/user/ros2_ws/dynamic_ws/install/vi/share/vi/hook/cmake_prefix_path.ps1'
[0.377s] INFO:colcon.colcon_core.shell:Creating environment descriptor '/home/user/ros2_ws/dynamic_ws/install/vi/share/vi/hook/cmake_prefix_path.dsv'
[0.379s] INFO:colcon.colcon_core.shell:Creating environment hook '/home/user/ros2_ws/dynamic_ws/install/vi/share/vi/hook/cmake_prefix_path.sh'
[0.379s] Level 1:colcon.colcon_core.environment:checking '/home/user/ros2_ws/dynamic_ws/install/vi/lib'
[0.379s] Level 1:colcon.colcon_core.environment:checking '/home/user/ros2_ws/dynamic_ws/install/vi/bin'
[0.380s] Level 1:colcon.colcon_core.environment:checking '/home/user/ros2_ws/dynamic_ws/install/vi/lib/pkgconfig/vi.pc'
[0.380s] Level 1:colcon.colcon_core.environment:checking '/home/user/ros2_ws/dynamic_ws/install/vi/lib/python3.10/site-packages'
[0.380s] Level 1:colcon.colcon_core.environment:checking '/home/user/ros2_ws/dynamic_ws/install/vi/bin'
[0.381s] INFO:colcon.colcon_core.shell:Creating package script '/home/user/ros2_ws/dynamic_ws/install/vi/share/vi/package.ps1'
[0.381s] INFO:colcon.colcon_core.shell:Creating package descriptor '/home/user/ros2_ws/dynamic_ws/install/vi/share/vi/package.dsv'
[0.382s] INFO:colcon.colcon_core.shell:Creating package script '/home/user/ros2_ws/dynamic_ws/install/vi/share/vi/package.sh'
[0.382s] INFO:colcon.colcon_core.shell:Creating package script '/home/user/ros2_ws/dynamic_ws/install/vi/share/vi/package.bash'
[0.383s] INFO:colcon.colcon_core.shell:Creating package script '/home/user/ros2_ws/dynamic_ws/install/vi/share/vi/package.zsh'
[0.383s] Level 1:colcon.colcon_core.environment:create_file_with_runtime_dependencies(/home/user/ros2_ws/dynamic_ws/install/vi/share/colcon-core/packages/vi)
[0.390s] Level 1:colcon.colcon_core.environment:create_environment_scripts_only(w10_force_sim)
[0.390s] Level 1:colcon.colcon_core.environment:checking '/home/user/ros2_ws/dynamic_ws/install/w10_force_sim' for CMake module files
[0.391s] Level 1:colcon.colcon_core.environment:checking '/home/user/ros2_ws/dynamic_ws/install/w10_force_sim' for CMake config files
[0.392s] DEBUG:colcon.colcon_core.event_handler.log_command:Invoking command in '/home/user/ros2_ws/dynamic_ws/build/w10_kinematics': CMAKE_PREFIX_PATH=/home/user/ros2_ws/dynamic_ws/install/w10_sim:/opt/openrobots:/home/user/ros2_ws/dynamic_ws/install/w10_moveit_kinematics:/home/user/ros2_ws/dynamic_ws/install/w10_kinematics:/home/user/ros2_ws/dynamic_ws/install/w10_force_sim:/home/user/ros2_ws/dynamic_ws/install/vi_2p:/home/user/ros2_ws/dynamic_ws/install/vi:/home/user/ros2_ws/dynamic_ws/install/show_urdf:/home/user/ros2_ws/dynamic_ws/install/marvin_sim:/opt/ros/humble:/home/user/ros2_ws/w10_ws/install/w10-urdf:/home/user/ros2_ws/w10_ws/install/urdf_visualization:/opt/openrobots /usr/bin/cmake --build /home/user/ros2_ws/dynamic_ws/build/w10_kinematics -- -j32 -l32
[0.392s] DEBUG:colcon.colcon_core.event_handler.log_command:Invoking command in '/home/user/ros2_ws/dynamic_ws/build/w10_moveit_kinematics': CMAKE_PREFIX_PATH=/home/user/ros2_ws/dynamic_ws/install/w10_sim:/opt/openrobots:/home/user/ros2_ws/dynamic_ws/install/w10_moveit_kinematics:/home/user/ros2_ws/dynamic_ws/install/w10_kinematics:/home/user/ros2_ws/dynamic_ws/install/w10_force_sim:/home/user/ros2_ws/dynamic_ws/install/vi_2p:/home/user/ros2_ws/dynamic_ws/install/vi:/home/user/ros2_ws/dynamic_ws/install/show_urdf:/home/user/ros2_ws/dynamic_ws/install/marvin_sim:/opt/ros/humble:/home/user/ros2_ws/w10_ws/install/w10-urdf:/home/user/ros2_ws/w10_ws/install/urdf_visualization:/opt/openrobots /usr/bin/cmake --build /home/user/ros2_ws/dynamic_ws/build/w10_moveit_kinematics -- -j32 -l32
[0.392s] DEBUG:colcon.colcon_core.event_handler.log_command:Invoked command in '/home/user/ros2_ws/dynamic_ws/build/w10_force_sim' returned '0': CMAKE_PREFIX_PATH=/opt/openrobots:/home/user/ros2_ws/dynamic_ws/install/w10_moveit_kinematics:/home/user/ros2_ws/dynamic_ws/install/w10_kinematics:/home/user/ros2_ws/dynamic_ws/install/w10_sim:/home/user/ros2_ws/dynamic_ws/install/w10_force_sim:/home/user/ros2_ws/dynamic_ws/install/vi_2p:/home/user/ros2_ws/dynamic_ws/install/vi:/home/user/ros2_ws/dynamic_ws/install/show_urdf:/home/user/ros2_ws/dynamic_ws/install/marvin_sim:/opt/ros/humble:/home/user/ros2_ws/w10_ws/install/w10-urdf:/home/user/ros2_ws/w10_ws/install/urdf_visualization:/opt/openrobots: /usr/bin/cmake --install /home/user/ros2_ws/dynamic_ws/build/w10_force_sim
[0.392s] Level 1:colcon.colcon_core.shell:create_environment_hook('w10_force_sim', 'cmake_prefix_path')
[0.393s] INFO:colcon.colcon_core.shell:Creating environment hook '/home/user/ros2_ws/dynamic_ws/install/w10_force_sim/share/w10_force_sim/hook/cmake_prefix_path.ps1'
[0.393s] INFO:colcon.colcon_core.shell:Creating environment descriptor '/home/user/ros2_ws/dynamic_ws/install/w10_force_sim/share/w10_force_sim/hook/cmake_prefix_path.dsv'
[0.393s] INFO:colcon.colcon_core.shell:Creating environment hook '/home/user/ros2_ws/dynamic_ws/install/w10_force_sim/share/w10_force_sim/hook/cmake_prefix_path.sh'
[0.394s] Level 1:colcon.colcon_core.environment:checking '/home/user/ros2_ws/dynamic_ws/install/w10_force_sim/lib'
[0.394s] Level 1:colcon.colcon_core.environment:checking '/home/user/ros2_ws/dynamic_ws/install/w10_force_sim/bin'
[0.394s] Level 1:colcon.colcon_core.environment:checking '/home/user/ros2_ws/dynamic_ws/install/w10_force_sim/lib/pkgconfig/w10_force_sim.pc'
[0.394s] Level 1:colcon.colcon_core.environment:checking '/home/user/ros2_ws/dynamic_ws/install/w10_force_sim/lib/python3.10/site-packages'
[0.394s] Level 1:colcon.colcon_core.environment:checking '/home/user/ros2_ws/dynamic_ws/install/w10_force_sim/bin'
[0.394s] INFO:colcon.colcon_core.shell:Creating package script '/home/user/ros2_ws/dynamic_ws/install/w10_force_sim/share/w10_force_sim/package.ps1'
[0.394s] INFO:colcon.colcon_core.shell:Creating package descriptor '/home/user/ros2_ws/dynamic_ws/install/w10_force_sim/share/w10_force_sim/package.dsv'
[0.394s] INFO:colcon.colcon_core.shell:Creating package script '/home/user/ros2_ws/dynamic_ws/install/w10_force_sim/share/w10_force_sim/package.sh'
[0.395s] INFO:colcon.colcon_core.shell:Creating package script '/home/user/ros2_ws/dynamic_ws/install/w10_force_sim/share/w10_force_sim/package.bash'
[0.395s] INFO:colcon.colcon_core.shell:Creating package script '/home/user/ros2_ws/dynamic_ws/install/w10_force_sim/share/w10_force_sim/package.zsh'
[0.395s] Level 1:colcon.colcon_core.environment:create_file_with_runtime_dependencies(/home/user/ros2_ws/dynamic_ws/install/w10_force_sim/share/colcon-core/packages/w10_force_sim)
[0.395s] Level 1:colcon.colcon_core.environment:create_environment_scripts_only(w10_force_sim)
[0.395s] Level 1:colcon.colcon_core.environment:checking '/home/user/ros2_ws/dynamic_ws/install/w10_force_sim' for CMake module files
[0.396s] Level 1:colcon.colcon_core.environment:checking '/home/user/ros2_ws/dynamic_ws/install/w10_force_sim' for CMake config files
[0.396s] Level 1:colcon.colcon_core.shell:create_environment_hook('w10_force_sim', 'cmake_prefix_path')
[0.396s] INFO:colcon.colcon_core.shell:Creating environment hook '/home/user/ros2_ws/dynamic_ws/install/w10_force_sim/share/w10_force_sim/hook/cmake_prefix_path.ps1'
[0.396s] INFO:colcon.colcon_core.shell:Creating environment descriptor '/home/user/ros2_ws/dynamic_ws/install/w10_force_sim/share/w10_force_sim/hook/cmake_prefix_path.dsv'
[0.396s] INFO:colcon.colcon_core.shell:Creating environment hook '/home/user/ros2_ws/dynamic_ws/install/w10_force_sim/share/w10_force_sim/hook/cmake_prefix_path.sh'
[0.397s] Level 1:colcon.colcon_core.environment:checking '/home/user/ros2_ws/dynamic_ws/install/w10_force_sim/lib'
[0.397s] Level 1:colcon.colcon_core.environment:checking '/home/user/ros2_ws/dynamic_ws/install/w10_force_sim/bin'
[0.397s] Level 1:colcon.colcon_core.environment:checking '/home/user/ros2_ws/dynamic_ws/install/w10_force_sim/lib/pkgconfig/w10_force_sim.pc'
[0.397s] Level 1:colcon.colcon_core.environment:checking '/home/user/ros2_ws/dynamic_ws/install/w10_force_sim/lib/python3.10/site-packages'
[0.397s] Level 1:colcon.colcon_core.environment:checking '/home/user/ros2_ws/dynamic_ws/install/w10_force_sim/bin'
[0.397s] INFO:colcon.colcon_core.shell:Creating package script '/home/user/ros2_ws/dynamic_ws/install/w10_force_sim/share/w10_force_sim/package.ps1'
[0.397s] INFO:colcon.colcon_core.shell:Creating package descriptor '/home/user/ros2_ws/dynamic_ws/install/w10_force_sim/share/w10_force_sim/package.dsv'
[0.398s] INFO:colcon.colcon_core.shell:Creating package script '/home/user/ros2_ws/dynamic_ws/install/w10_force_sim/share/w10_force_sim/package.sh'
[0.398s] INFO:colcon.colcon_core.shell:Creating package script '/home/user/ros2_ws/dynamic_ws/install/w10_force_sim/share/w10_force_sim/package.bash'
[0.398s] INFO:colcon.colcon_core.shell:Creating package script '/home/user/ros2_ws/dynamic_ws/install/w10_force_sim/share/w10_force_sim/package.zsh'
[0.398s] Level 1:colcon.colcon_core.environment:create_file_with_runtime_dependencies(/home/user/ros2_ws/dynamic_ws/install/w10_force_sim/share/colcon-core/packages/w10_force_sim)
[0.472s] DEBUG:colcon.colcon_core.event_handler.log_command:Invoked command in '/home/user/ros2_ws/dynamic_ws/build/w10_kinematics' returned '0': CMAKE_PREFIX_PATH=/home/user/ros2_ws/dynamic_ws/install/w10_sim:/opt/openrobots:/home/user/ros2_ws/dynamic_ws/install/w10_moveit_kinematics:/home/user/ros2_ws/dynamic_ws/install/w10_kinematics:/home/user/ros2_ws/dynamic_ws/install/w10_force_sim:/home/user/ros2_ws/dynamic_ws/install/vi_2p:/home/user/ros2_ws/dynamic_ws/install/vi:/home/user/ros2_ws/dynamic_ws/install/show_urdf:/home/user/ros2_ws/dynamic_ws/install/marvin_sim:/opt/ros/humble:/home/user/ros2_ws/w10_ws/install/w10-urdf:/home/user/ros2_ws/w10_ws/install/urdf_visualization:/opt/openrobots /usr/bin/cmake --build /home/user/ros2_ws/dynamic_ws/build/w10_kinematics -- -j32 -l32
[0.473s] DEBUG:colcon.colcon_core.event_handler.log_command:Invoking command in '/home/user/ros2_ws/dynamic_ws/build/w10_kinematics': CMAKE_PREFIX_PATH=/home/user/ros2_ws/dynamic_ws/install/w10_sim:/opt/openrobots:/home/user/ros2_ws/dynamic_ws/install/w10_moveit_kinematics:/home/user/ros2_ws/dynamic_ws/install/w10_kinematics:/home/user/ros2_ws/dynamic_ws/install/w10_force_sim:/home/user/ros2_ws/dynamic_ws/install/vi_2p:/home/user/ros2_ws/dynamic_ws/install/vi:/home/user/ros2_ws/dynamic_ws/install/show_urdf:/home/user/ros2_ws/dynamic_ws/install/marvin_sim:/opt/ros/humble:/home/user/ros2_ws/w10_ws/install/w10-urdf:/home/user/ros2_ws/w10_ws/install/urdf_visualization:/opt/openrobots /usr/bin/cmake --install /home/user/ros2_ws/dynamic_ws/build/w10_kinematics
[0.484s] Level 1:colcon.colcon_core.environment:create_environment_scripts_only(w10_kinematics)
[0.484s] Level 1:colcon.colcon_core.environment:checking '/home/user/ros2_ws/dynamic_ws/install/w10_kinematics' for CMake module files
[0.484s] DEBUG:colcon.colcon_core.event_handler.log_command:Invoked command in '/home/user/ros2_ws/dynamic_ws/build/w10_kinematics' returned '0': CMAKE_PREFIX_PATH=/home/user/ros2_ws/dynamic_ws/install/w10_sim:/opt/openrobots:/home/user/ros2_ws/dynamic_ws/install/w10_moveit_kinematics:/home/user/ros2_ws/dynamic_ws/install/w10_kinematics:/home/user/ros2_ws/dynamic_ws/install/w10_force_sim:/home/user/ros2_ws/dynamic_ws/install/vi_2p:/home/user/ros2_ws/dynamic_ws/install/vi:/home/user/ros2_ws/dynamic_ws/install/show_urdf:/home/user/ros2_ws/dynamic_ws/install/marvin_sim:/opt/ros/humble:/home/user/ros2_ws/w10_ws/install/w10-urdf:/home/user/ros2_ws/w10_ws/install/urdf_visualization:/opt/openrobots /usr/bin/cmake --install /home/user/ros2_ws/dynamic_ws/build/w10_kinematics
[0.485s] Level 1:colcon.colcon_core.environment:checking '/home/user/ros2_ws/dynamic_ws/install/w10_kinematics' for CMake config files
[0.485s] Level 1:colcon.colcon_core.shell:create_environment_hook('w10_kinematics', 'cmake_prefix_path')
[0.485s] INFO:colcon.colcon_core.shell:Creating environment hook '/home/user/ros2_ws/dynamic_ws/install/w10_kinematics/share/w10_kinematics/hook/cmake_prefix_path.ps1'
[0.485s] INFO:colcon.colcon_core.shell:Creating environment descriptor '/home/user/ros2_ws/dynamic_ws/install/w10_kinematics/share/w10_kinematics/hook/cmake_prefix_path.dsv'
[0.486s] INFO:colcon.colcon_core.shell:Creating environment hook '/home/user/ros2_ws/dynamic_ws/install/w10_kinematics/share/w10_kinematics/hook/cmake_prefix_path.sh'
[0.486s] Level 1:colcon.colcon_core.environment:checking '/home/user/ros2_ws/dynamic_ws/install/w10_kinematics/lib'
[0.486s] Level 1:colcon.colcon_core.environment:checking '/home/user/ros2_ws/dynamic_ws/install/w10_kinematics/bin'
[0.486s] Level 1:colcon.colcon_core.environment:checking '/home/user/ros2_ws/dynamic_ws/install/w10_kinematics/lib/pkgconfig/w10_kinematics.pc'
[0.486s] Level 1:colcon.colcon_core.environment:checking '/home/user/ros2_ws/dynamic_ws/install/w10_kinematics/lib/python3.10/site-packages'
[0.487s] Level 1:colcon.colcon_core.environment:checking '/home/user/ros2_ws/dynamic_ws/install/w10_kinematics/bin'
[0.487s] INFO:colcon.colcon_core.shell:Creating package script '/home/user/ros2_ws/dynamic_ws/install/w10_kinematics/share/w10_kinematics/package.ps1'
[0.487s] INFO:colcon.colcon_core.shell:Creating package descriptor '/home/user/ros2_ws/dynamic_ws/install/w10_kinematics/share/w10_kinematics/package.dsv'
[0.487s] INFO:colcon.colcon_core.shell:Creating package script '/home/user/ros2_ws/dynamic_ws/install/w10_kinematics/share/w10_kinematics/package.sh'
[0.487s] INFO:colcon.colcon_core.shell:Creating package script '/home/user/ros2_ws/dynamic_ws/install/w10_kinematics/share/w10_kinematics/package.bash'
[0.487s] INFO:colcon.colcon_core.shell:Creating package script '/home/user/ros2_ws/dynamic_ws/install/w10_kinematics/share/w10_kinematics/package.zsh'
[0.488s] Level 1:colcon.colcon_core.environment:create_file_with_runtime_dependencies(/home/user/ros2_ws/dynamic_ws/install/w10_kinematics/share/colcon-core/packages/w10_kinematics)
[0.488s] Level 1:colcon.colcon_core.environment:create_environment_scripts_only(w10_kinematics)
[0.488s] Level 1:colcon.colcon_core.environment:checking '/home/user/ros2_ws/dynamic_ws/install/w10_kinematics' for CMake module files
[0.488s] Level 1:colcon.colcon_core.environment:checking '/home/user/ros2_ws/dynamic_ws/install/w10_kinematics' for CMake config files
[0.488s] Level 1:colcon.colcon_core.shell:create_environment_hook('w10_kinematics', 'cmake_prefix_path')
[0.488s] INFO:colcon.colcon_core.shell:Creating environment hook '/home/user/ros2_ws/dynamic_ws/install/w10_kinematics/share/w10_kinematics/hook/cmake_prefix_path.ps1'
[0.488s] INFO:colcon.colcon_core.shell:Creating environment descriptor '/home/user/ros2_ws/dynamic_ws/install/w10_kinematics/share/w10_kinematics/hook/cmake_prefix_path.dsv'
[0.489s] INFO:colcon.colcon_core.shell:Creating environment hook '/home/user/ros2_ws/dynamic_ws/install/w10_kinematics/share/w10_kinematics/hook/cmake_prefix_path.sh'
[0.489s] Level 1:colcon.colcon_core.environment:checking '/home/user/ros2_ws/dynamic_ws/install/w10_kinematics/lib'
[0.489s] Level 1:colcon.colcon_core.environment:checking '/home/user/ros2_ws/dynamic_ws/install/w10_kinematics/bin'
[0.489s] Level 1:colcon.colcon_core.environment:checking '/home/user/ros2_ws/dynamic_ws/install/w10_kinematics/lib/pkgconfig/w10_kinematics.pc'
[0.489s] Level 1:colcon.colcon_core.environment:checking '/home/user/ros2_ws/dynamic_ws/install/w10_kinematics/lib/python3.10/site-packages'
[0.489s] Level 1:colcon.colcon_core.environment:checking '/home/user/ros2_ws/dynamic_ws/install/w10_kinematics/bin'
[0.489s] INFO:colcon.colcon_core.shell:Creating package script '/home/user/ros2_ws/dynamic_ws/install/w10_kinematics/share/w10_kinematics/package.ps1'
[0.489s] INFO:colcon.colcon_core.shell:Creating package descriptor '/home/user/ros2_ws/dynamic_ws/install/w10_kinematics/share/w10_kinematics/package.dsv'
[0.490s] INFO:colcon.colcon_core.shell:Creating package script '/home/user/ros2_ws/dynamic_ws/install/w10_kinematics/share/w10_kinematics/package.sh'
[0.490s] INFO:colcon.colcon_core.shell:Creating package script '/home/user/ros2_ws/dynamic_ws/install/w10_kinematics/share/w10_kinematics/package.bash'
[0.490s] INFO:colcon.colcon_core.shell:Creating package script '/home/user/ros2_ws/dynamic_ws/install/w10_kinematics/share/w10_kinematics/package.zsh'
[0.490s] Level 1:colcon.colcon_core.environment:create_file_with_runtime_dependencies(/home/user/ros2_ws/dynamic_ws/install/w10_kinematics/share/colcon-core/packages/w10_kinematics)
[0.596s] DEBUG:colcon.colcon_core.event_handler.log_command:Invoked command in '/home/user/ros2_ws/dynamic_ws/build/w10_moveit_kinematics' returned '0': CMAKE_PREFIX_PATH=/home/user/ros2_ws/dynamic_ws/install/w10_sim:/opt/openrobots:/home/user/ros2_ws/dynamic_ws/install/w10_moveit_kinematics:/home/user/ros2_ws/dynamic_ws/install/w10_kinematics:/home/user/ros2_ws/dynamic_ws/install/w10_force_sim:/home/user/ros2_ws/dynamic_ws/install/vi_2p:/home/user/ros2_ws/dynamic_ws/install/vi:/home/user/ros2_ws/dynamic_ws/install/show_urdf:/home/user/ros2_ws/dynamic_ws/install/marvin_sim:/opt/ros/humble:/home/user/ros2_ws/w10_ws/install/w10-urdf:/home/user/ros2_ws/w10_ws/install/urdf_visualization:/opt/openrobots /usr/bin/cmake --build /home/user/ros2_ws/dynamic_ws/build/w10_moveit_kinematics -- -j32 -l32
[0.597s] DEBUG:colcon.colcon_core.event_handler.log_command:Invoking command in '/home/user/ros2_ws/dynamic_ws/build/w10_moveit_kinematics': CMAKE_PREFIX_PATH=/home/user/ros2_ws/dynamic_ws/install/w10_sim:/opt/openrobots:/home/user/ros2_ws/dynamic_ws/install/w10_moveit_kinematics:/home/user/ros2_ws/dynamic_ws/install/w10_kinematics:/home/user/ros2_ws/dynamic_ws/install/w10_force_sim:/home/user/ros2_ws/dynamic_ws/install/vi_2p:/home/user/ros2_ws/dynamic_ws/install/vi:/home/user/ros2_ws/dynamic_ws/install/show_urdf:/home/user/ros2_ws/dynamic_ws/install/marvin_sim:/opt/ros/humble:/home/user/ros2_ws/w10_ws/install/w10-urdf:/home/user/ros2_ws/w10_ws/install/urdf_visualization:/opt/openrobots /usr/bin/cmake --install /home/user/ros2_ws/dynamic_ws/build/w10_moveit_kinematics
[0.647s] Level 1:colcon.colcon_core.environment:create_environment_scripts_only(w10_moveit_kinematics)
[0.647s] Level 1:colcon.colcon_core.environment:checking '/home/user/ros2_ws/dynamic_ws/install/w10_moveit_kinematics' for CMake module files
[0.647s] DEBUG:colcon.colcon_core.event_handler.log_command:Invoked command in '/home/user/ros2_ws/dynamic_ws/build/w10_moveit_kinematics' returned '0': CMAKE_PREFIX_PATH=/home/user/ros2_ws/dynamic_ws/install/w10_sim:/opt/openrobots:/home/user/ros2_ws/dynamic_ws/install/w10_moveit_kinematics:/home/user/ros2_ws/dynamic_ws/install/w10_kinematics:/home/user/ros2_ws/dynamic_ws/install/w10_force_sim:/home/user/ros2_ws/dynamic_ws/install/vi_2p:/home/user/ros2_ws/dynamic_ws/install/vi:/home/user/ros2_ws/dynamic_ws/install/show_urdf:/home/user/ros2_ws/dynamic_ws/install/marvin_sim:/opt/ros/humble:/home/user/ros2_ws/w10_ws/install/w10-urdf:/home/user/ros2_ws/w10_ws/install/urdf_visualization:/opt/openrobots /usr/bin/cmake --install /home/user/ros2_ws/dynamic_ws/build/w10_moveit_kinematics
[0.647s] Level 1:colcon.colcon_core.environment:checking '/home/user/ros2_ws/dynamic_ws/install/w10_moveit_kinematics' for CMake config files
[0.648s] Level 1:colcon.colcon_core.shell:create_environment_hook('w10_moveit_kinematics', 'cmake_prefix_path')
[0.648s] INFO:colcon.colcon_core.shell:Creating environment hook '/home/user/ros2_ws/dynamic_ws/install/w10_moveit_kinematics/share/w10_moveit_kinematics/hook/cmake_prefix_path.ps1'
[0.648s] INFO:colcon.colcon_core.shell:Creating environment descriptor '/home/user/ros2_ws/dynamic_ws/install/w10_moveit_kinematics/share/w10_moveit_kinematics/hook/cmake_prefix_path.dsv'
[0.648s] INFO:colcon.colcon_core.shell:Creating environment hook '/home/user/ros2_ws/dynamic_ws/install/w10_moveit_kinematics/share/w10_moveit_kinematics/hook/cmake_prefix_path.sh'
[0.648s] Level 1:colcon.colcon_core.environment:checking '/home/user/ros2_ws/dynamic_ws/install/w10_moveit_kinematics/lib'
[0.648s] Level 1:colcon.colcon_core.environment:checking '/home/user/ros2_ws/dynamic_ws/install/w10_moveit_kinematics/bin'
[0.649s] Level 1:colcon.colcon_core.environment:checking '/home/user/ros2_ws/dynamic_ws/install/w10_moveit_kinematics/lib/pkgconfig/w10_moveit_kinematics.pc'
[0.649s] Level 1:colcon.colcon_core.environment:checking '/home/user/ros2_ws/dynamic_ws/install/w10_moveit_kinematics/lib/python3.10/site-packages'
[0.649s] Level 1:colcon.colcon_core.environment:checking '/home/user/ros2_ws/dynamic_ws/install/w10_moveit_kinematics/bin'
[0.649s] INFO:colcon.colcon_core.shell:Creating package script '/home/user/ros2_ws/dynamic_ws/install/w10_moveit_kinematics/share/w10_moveit_kinematics/package.ps1'
[0.649s] INFO:colcon.colcon_core.shell:Creating package descriptor '/home/user/ros2_ws/dynamic_ws/install/w10_moveit_kinematics/share/w10_moveit_kinematics/package.dsv'
[0.649s] INFO:colcon.colcon_core.shell:Creating package script '/home/user/ros2_ws/dynamic_ws/install/w10_moveit_kinematics/share/w10_moveit_kinematics/package.sh'
[0.649s] INFO:colcon.colcon_core.shell:Creating package script '/home/user/ros2_ws/dynamic_ws/install/w10_moveit_kinematics/share/w10_moveit_kinematics/package.bash'
[0.650s] INFO:colcon.colcon_core.shell:Creating package script '/home/user/ros2_ws/dynamic_ws/install/w10_moveit_kinematics/share/w10_moveit_kinematics/package.zsh'
[0.650s] Level 1:colcon.colcon_core.environment:create_file_with_runtime_dependencies(/home/user/ros2_ws/dynamic_ws/install/w10_moveit_kinematics/share/colcon-core/packages/w10_moveit_kinematics)
[0.650s] Level 1:colcon.colcon_core.environment:create_environment_scripts_only(w10_moveit_kinematics)
[0.650s] Level 1:colcon.colcon_core.environment:checking '/home/user/ros2_ws/dynamic_ws/install/w10_moveit_kinematics' for CMake module files
[0.650s] Level 1:colcon.colcon_core.environment:checking '/home/user/ros2_ws/dynamic_ws/install/w10_moveit_kinematics' for CMake config files
[0.651s] Level 1:colcon.colcon_core.shell:create_environment_hook('w10_moveit_kinematics', 'cmake_prefix_path')
[0.651s] INFO:colcon.colcon_core.shell:Creating environment hook '/home/user/ros2_ws/dynamic_ws/install/w10_moveit_kinematics/share/w10_moveit_kinematics/hook/cmake_prefix_path.ps1'
[0.651s] INFO:colcon.colcon_core.shell:Creating environment descriptor '/home/user/ros2_ws/dynamic_ws/install/w10_moveit_kinematics/share/w10_moveit_kinematics/hook/cmake_prefix_path.dsv'
[0.651s] INFO:colcon.colcon_core.shell:Creating environment hook '/home/user/ros2_ws/dynamic_ws/install/w10_moveit_kinematics/share/w10_moveit_kinematics/hook/cmake_prefix_path.sh'
[0.652s] Level 1:colcon.colcon_core.environment:checking '/home/user/ros2_ws/dynamic_ws/install/w10_moveit_kinematics/lib'
[0.652s] Level 1:colcon.colcon_core.environment:checking '/home/user/ros2_ws/dynamic_ws/install/w10_moveit_kinematics/bin'
[0.652s] Level 1:colcon.colcon_core.environment:checking '/home/user/ros2_ws/dynamic_ws/install/w10_moveit_kinematics/lib/pkgconfig/w10_moveit_kinematics.pc'
[0.652s] Level 1:colcon.colcon_core.environment:checking '/home/user/ros2_ws/dynamic_ws/install/w10_moveit_kinematics/lib/python3.10/site-packages'
[0.652s] Level 1:colcon.colcon_core.environment:checking '/home/user/ros2_ws/dynamic_ws/install/w10_moveit_kinematics/bin'
[0.653s] INFO:colcon.colcon_core.shell:Creating package script '/home/user/ros2_ws/dynamic_ws/install/w10_moveit_kinematics/share/w10_moveit_kinematics/package.ps1'
[0.653s] INFO:colcon.colcon_core.shell:Creating package descriptor '/home/user/ros2_ws/dynamic_ws/install/w10_moveit_kinematics/share/w10_moveit_kinematics/package.dsv'
[0.653s] INFO:colcon.colcon_core.shell:Creating package script '/home/user/ros2_ws/dynamic_ws/install/w10_moveit_kinematics/share/w10_moveit_kinematics/package.sh'
[0.653s] INFO:colcon.colcon_core.shell:Creating package script '/home/user/ros2_ws/dynamic_ws/install/w10_moveit_kinematics/share/w10_moveit_kinematics/package.bash'
[0.654s] INFO:colcon.colcon_core.shell:Creating package script '/home/user/ros2_ws/dynamic_ws/install/w10_moveit_kinematics/share/w10_moveit_kinematics/package.zsh'
[0.654s] Level 1:colcon.colcon_core.environment:create_file_with_runtime_dependencies(/home/user/ros2_ws/dynamic_ws/install/w10_moveit_kinematics/share/colcon-core/packages/w10_moveit_kinematics)
[96.705s] DEBUG:colcon.colcon_core.event_handler.log_command:Invoked command in '/home/user/ros2_ws/dynamic_ws/build/marvin_sim' returned '0': CMAKE_PREFIX_PATH=/opt/openrobots:/home/user/ros2_ws/dynamic_ws/install/w10_moveit_kinematics:/home/user/ros2_ws/dynamic_ws/install/w10_kinematics:/home/user/ros2_ws/dynamic_ws/install/w10_sim:/home/user/ros2_ws/dynamic_ws/install/w10_force_sim:/home/user/ros2_ws/dynamic_ws/install/vi_2p:/home/user/ros2_ws/dynamic_ws/install/vi:/home/user/ros2_ws/dynamic_ws/install/show_urdf:/home/user/ros2_ws/dynamic_ws/install/marvin_sim:/opt/ros/humble:/home/user/ros2_ws/w10_ws/install/w10-urdf:/home/user/ros2_ws/w10_ws/install/urdf_visualization:/opt/openrobots: /usr/bin/cmake --build /home/user/ros2_ws/dynamic_ws/build/marvin_sim -- -j32 -l32
[96.706s] DEBUG:colcon.colcon_core.event_handler.log_command:Invoking command in '/home/user/ros2_ws/dynamic_ws/build/marvin_sim': CMAKE_PREFIX_PATH=/opt/openrobots:/home/user/ros2_ws/dynamic_ws/install/w10_moveit_kinematics:/home/user/ros2_ws/dynamic_ws/install/w10_kinematics:/home/user/ros2_ws/dynamic_ws/install/w10_sim:/home/user/ros2_ws/dynamic_ws/install/w10_force_sim:/home/user/ros2_ws/dynamic_ws/install/vi_2p:/home/user/ros2_ws/dynamic_ws/install/vi:/home/user/ros2_ws/dynamic_ws/install/show_urdf:/home/user/ros2_ws/dynamic_ws/install/marvin_sim:/opt/ros/humble:/home/user/ros2_ws/w10_ws/install/w10-urdf:/home/user/ros2_ws/w10_ws/install/urdf_visualization:/opt/openrobots: /usr/bin/cmake --install /home/user/ros2_ws/dynamic_ws/build/marvin_sim
[96.735s] Level 1:colcon.colcon_core.environment:create_environment_scripts_only(marvin_sim)
[96.735s] Level 1:colcon.colcon_core.environment:checking '/home/user/ros2_ws/dynamic_ws/install/marvin_sim' for CMake module files
[96.736s] DEBUG:colcon.colcon_core.event_handler.log_command:Invoked command in '/home/user/ros2_ws/dynamic_ws/build/marvin_sim' returned '0': CMAKE_PREFIX_PATH=/opt/openrobots:/home/user/ros2_ws/dynamic_ws/install/w10_moveit_kinematics:/home/user/ros2_ws/dynamic_ws/install/w10_kinematics:/home/user/ros2_ws/dynamic_ws/install/w10_sim:/home/user/ros2_ws/dynamic_ws/install/w10_force_sim:/home/user/ros2_ws/dynamic_ws/install/vi_2p:/home/user/ros2_ws/dynamic_ws/install/vi:/home/user/ros2_ws/dynamic_ws/install/show_urdf:/home/user/ros2_ws/dynamic_ws/install/marvin_sim:/opt/ros/humble:/home/user/ros2_ws/w10_ws/install/w10-urdf:/home/user/ros2_ws/w10_ws/install/urdf_visualization:/opt/openrobots: /usr/bin/cmake --install /home/user/ros2_ws/dynamic_ws/build/marvin_sim
[96.736s] Level 1:colcon.colcon_core.environment:checking '/home/user/ros2_ws/dynamic_ws/install/marvin_sim' for CMake config files
[96.736s] Level 1:colcon.colcon_core.shell:create_environment_hook('marvin_sim', 'cmake_prefix_path')
[96.736s] INFO:colcon.colcon_core.shell:Creating environment hook '/home/user/ros2_ws/dynamic_ws/install/marvin_sim/share/marvin_sim/hook/cmake_prefix_path.ps1'
[96.737s] INFO:colcon.colcon_core.shell:Creating environment descriptor '/home/user/ros2_ws/dynamic_ws/install/marvin_sim/share/marvin_sim/hook/cmake_prefix_path.dsv'
[96.737s] INFO:colcon.colcon_core.shell:Creating environment hook '/home/user/ros2_ws/dynamic_ws/install/marvin_sim/share/marvin_sim/hook/cmake_prefix_path.sh'
[96.737s] Level 1:colcon.colcon_core.environment:checking '/home/user/ros2_ws/dynamic_ws/install/marvin_sim/lib'
[96.737s] Level 1:colcon.colcon_core.environment:checking '/home/user/ros2_ws/dynamic_ws/install/marvin_sim/bin'
[96.737s] Level 1:colcon.colcon_core.environment:checking '/home/user/ros2_ws/dynamic_ws/install/marvin_sim/lib/pkgconfig/marvin_sim.pc'
[96.737s] Level 1:colcon.colcon_core.environment:checking '/home/user/ros2_ws/dynamic_ws/install/marvin_sim/lib/python3.10/site-packages'
[96.737s] Level 1:colcon.colcon_core.environment:checking '/home/user/ros2_ws/dynamic_ws/install/marvin_sim/bin'
[96.738s] INFO:colcon.colcon_core.shell:Creating package script '/home/user/ros2_ws/dynamic_ws/install/marvin_sim/share/marvin_sim/package.ps1'
[96.738s] INFO:colcon.colcon_core.shell:Creating package descriptor '/home/user/ros2_ws/dynamic_ws/install/marvin_sim/share/marvin_sim/package.dsv'
[96.738s] INFO:colcon.colcon_core.shell:Creating package script '/home/user/ros2_ws/dynamic_ws/install/marvin_sim/share/marvin_sim/package.sh'
[96.738s] INFO:colcon.colcon_core.shell:Creating package script '/home/user/ros2_ws/dynamic_ws/install/marvin_sim/share/marvin_sim/package.bash'
[96.738s] INFO:colcon.colcon_core.shell:Creating package script '/home/user/ros2_ws/dynamic_ws/install/marvin_sim/share/marvin_sim/package.zsh'
[96.738s] Level 1:colcon.colcon_core.environment:create_file_with_runtime_dependencies(/home/user/ros2_ws/dynamic_ws/install/marvin_sim/share/colcon-core/packages/marvin_sim)
[96.739s] Level 1:colcon.colcon_core.environment:create_environment_scripts_only(marvin_sim)
[96.739s] Level 1:colcon.colcon_core.environment:checking '/home/user/ros2_ws/dynamic_ws/install/marvin_sim' for CMake module files
[96.739s] Level 1:colcon.colcon_core.environment:checking '/home/user/ros2_ws/dynamic_ws/install/marvin_sim' for CMake config files
[96.739s] Level 1:colcon.colcon_core.shell:create_environment_hook('marvin_sim', 'cmake_prefix_path')
[96.739s] INFO:colcon.colcon_core.shell:Creating environment hook '/home/user/ros2_ws/dynamic_ws/install/marvin_sim/share/marvin_sim/hook/cmake_prefix_path.ps1'
[96.740s] INFO:colcon.colcon_core.shell:Creating environment descriptor '/home/user/ros2_ws/dynamic_ws/install/marvin_sim/share/marvin_sim/hook/cmake_prefix_path.dsv'
[96.740s] INFO:colcon.colcon_core.shell:Creating environment hook '/home/user/ros2_ws/dynamic_ws/install/marvin_sim/share/marvin_sim/hook/cmake_prefix_path.sh'
[96.740s] Level 1:colcon.colcon_core.environment:checking '/home/user/ros2_ws/dynamic_ws/install/marvin_sim/lib'
[96.740s] Level 1:colcon.colcon_core.environment:checking '/home/user/ros2_ws/dynamic_ws/install/marvin_sim/bin'
[96.740s] Level 1:colcon.colcon_core.environment:checking '/home/user/ros2_ws/dynamic_ws/install/marvin_sim/lib/pkgconfig/marvin_sim.pc'
[96.740s] Level 1:colcon.colcon_core.environment:checking '/home/user/ros2_ws/dynamic_ws/install/marvin_sim/lib/python3.10/site-packages'
[96.740s] Level 1:colcon.colcon_core.environment:checking '/home/user/ros2_ws/dynamic_ws/install/marvin_sim/bin'
[96.740s] INFO:colcon.colcon_core.shell:Creating package script '/home/user/ros2_ws/dynamic_ws/install/marvin_sim/share/marvin_sim/package.ps1'
[96.741s] INFO:colcon.colcon_core.shell:Creating package descriptor '/home/user/ros2_ws/dynamic_ws/install/marvin_sim/share/marvin_sim/package.dsv'
[96.741s] INFO:colcon.colcon_core.shell:Creating package script '/home/user/ros2_ws/dynamic_ws/install/marvin_sim/share/marvin_sim/package.sh'
[96.741s] INFO:colcon.colcon_core.shell:Creating package script '/home/user/ros2_ws/dynamic_ws/install/marvin_sim/share/marvin_sim/package.bash'
[96.741s] INFO:colcon.colcon_core.shell:Creating package script '/home/user/ros2_ws/dynamic_ws/install/marvin_sim/share/marvin_sim/package.zsh'
[96.742s] Level 1:colcon.colcon_core.environment:create_file_with_runtime_dependencies(/home/user/ros2_ws/dynamic_ws/install/marvin_sim/share/colcon-core/packages/marvin_sim)
[96.742s] DEBUG:colcon.colcon_parallel_executor.executor.parallel:closing loop
[96.742s] DEBUG:colcon.colcon_parallel_executor.executor.parallel:loop closed
[96.742s] DEBUG:colcon.colcon_parallel_executor.executor.parallel:run_until_complete finished with '0'
[96.742s] DEBUG:colcon.colcon_core.event_reactor:joining thread
[96.746s] INFO:colcon.colcon_core.plugin_system:Skipping extension 'colcon_notification.desktop_notification.terminal_notifier': Not used on non-Darwin systems
[96.746s] INFO:colcon.colcon_core.plugin_system:Skipping extension 'colcon_notification.desktop_notification.win32': Not used on non-Windows systems
[96.746s] INFO:colcon.colcon_notification.desktop_notification:Sending desktop notification using 'notify2'
[96.750s] DEBUG:colcon.colcon_core.event_reactor:joined thread
[96.750s] INFO:colcon.colcon_core.shell:Creating prefix script '/home/user/ros2_ws/dynamic_ws/install/local_setup.ps1'
[96.751s] INFO:colcon.colcon_core.shell:Creating prefix util module '/home/user/ros2_ws/dynamic_ws/install/_local_setup_util_ps1.py'
[96.753s] INFO:colcon.colcon_core.shell:Creating prefix chain script '/home/user/ros2_ws/dynamic_ws/install/setup.ps1'
[96.754s] INFO:colcon.colcon_core.shell:Creating prefix script '/home/user/ros2_ws/dynamic_ws/install/local_setup.sh'
[96.755s] INFO:colcon.colcon_core.shell:Creating prefix util module '/home/user/ros2_ws/dynamic_ws/install/_local_setup_util_sh.py'
[96.755s] INFO:colcon.colcon_core.shell:Creating prefix chain script '/home/user/ros2_ws/dynamic_ws/install/setup.sh'
[96.756s] INFO:colcon.colcon_core.shell:Creating prefix script '/home/user/ros2_ws/dynamic_ws/install/local_setup.bash'
[96.759s] INFO:colcon.colcon_core.shell:Creating prefix chain script '/home/user/ros2_ws/dynamic_ws/install/setup.bash'
[96.760s] INFO:colcon.colcon_core.shell:Creating prefix script '/home/user/ros2_ws/dynamic_ws/install/local_setup.zsh'
[96.761s] INFO:colcon.colcon_core.shell:Creating prefix chain script '/home/user/ros2_ws/dynamic_ws/install/setup.zsh'
